height,repeat,variant,frame,input_width,input_height,output_width,output_height,ngx_evaluation_gpu_ms,frame_wall_ms,nr_gpu_ms,nr_passes,nr_successes,nvapi_kernels,nvapi_chains,guide_copies,guide_copy_bytes
1080,1,reference,300,1280,720,1920,1080,9.26106,12.0393,7.88992,1,1,0,0,2,11059200
1080,1,reference,301,1280,720,1920,1080,11.2876,12.2722,9.75053,1,1,0,0,2,11059200
1080,1,reference,302,1280,720,1920,1080,11.264,12.2488,9.89286,1,1,0,0,2,11059200
1080,1,reference,303,1280,720,1920,1080,11.1084,12.3254,9.73619,1,1,0,0,2,11059200
1080,1,reference,304,1280,720,1920,1080,11.0234,12.3191,9.65222,1,1,0,0,2,11059200
1080,1,reference,305,1280,720,1920,1080,11.2753,12.4159,9.90515,1,1,0,0,2,11059200
1080,1,reference,306,1280,720,1920,1080,11.0182,12.14,9.64813,1,1,0,0,2,11059200
1080,1,reference,307,1280,720,1920,1080,9.95942,10.9922,8.58726,1,1,0,0,2,11059200
1080,1,reference,308,1280,720,1920,1080,9.45971,10.3626,8.09165,1,1,0,0,2,11059200
1080,1,reference,309,1280,720,1920,1080,12.1508,13.128,10.7561,1,1,0,0,2,11059200
1080,1,reference,310,1280,720,1920,1080,10.9384,11.9628,9.56621,1,1,0,0,2,11059200
1080,1,reference,311,1280,720,1920,1080,11.4063,12.5076,10.0332,1,1,0,0,2,11059200
1080,1,reference,312,1280,720,1920,1080,10.9466,11.9651,9.57542,1,1,0,0,2,11059200
1080,1,reference,313,1280,720,1920,1080,11.2568,12.2291,9.88058,1,1,0,0,2,11059200
1080,1,reference,314,1280,720,1920,1080,11.3142,12.2142,9.94099,1,1,0,0,2,11059200
1080,1,reference,315,1280,720,1920,1080,11.3285,12.5264,9.9369,1,1,0,0,2,11059200
1080,1,reference,316,1280,720,1920,1080,11.2302,12.2246,9.8601,1,1,0,0,2,11059200
1080,1,reference,317,1280,720,1920,1080,11.179,12.17,9.80787,1,1,0,0,2,11059200
1080,1,reference,318,1280,720,1920,1080,11.1892,12.1222,9.81914,1,1,0,0,2,11059200
1080,1,reference,319,1280,720,1920,1080,11.2609,12.3802,9.86931,1,1,0,0,2,11059200
1080,1,reference,320,1280,720,1920,1080,11.4115,12.3759,10.0393,1,1,0,0,2,11059200
1080,1,reference,321,1280,720,1920,1080,11.2763,12.3331,9.90413,1,1,0,0,2,11059200
1080,1,reference,322,1280,720,1920,1080,11.0541,12.1032,9.68294,1,1,0,0,2,11059200
1080,1,reference,323,1280,720,1920,1080,9.97376,10.9955,8.60467,1,1,0,0,2,11059200
1080,1,reference,324,1280,720,1920,1080,11.392,12.292,10.0229,1,1,0,0,2,11059200
1080,1,reference,325,1280,720,1920,1080,11.2404,12.4608,9.86624,1,1,0,0,2,11059200
1080,1,reference,326,1280,720,1920,1080,11.2466,12.1889,9.87341,1,1,0,0,2,11059200
1080,1,reference,327,1280,720,1920,1080,11.4135,12.5439,9.87136,1,1,0,0,2,11059200
1080,1,reference,328,1280,720,1920,1080,11.2957,12.2704,9.92358,1,1,0,0,2,11059200
1080,1,reference,329,1280,720,1920,1080,11.2855,12.417,9.90413,1,1,0,0,2,11059200
1080,1,reference,330,1280,720,1920,1080,11.0592,12.111,9.69114,1,1,0,0,2,11059200
1080,1,reference,331,1280,720,1920,1080,11.2609,12.302,9.86726,1,1,0,0,2,11059200
1080,1,reference,332,1280,720,1920,1080,11.1514,12.2735,9.78022,1,1,0,0,2,11059200
1080,1,reference,333,1280,720,1920,1080,11.2425,12.2871,9.86829,1,1,0,0,2,11059200
1080,1,reference,334,1280,720,1920,1080,11.262,12.3426,9.88774,1,1,0,0,2,11059200
1080,1,reference,335,1280,720,1920,1080,11.2292,12.1387,9.85702,1,1,0,0,2,11059200
1080,1,reference,336,1280,720,1920,1080,11.2835,12.1922,9.90925,1,1,0,0,2,11059200
1080,1,reference,337,1280,720,1920,1080,11.4237,12.3507,9.87443,1,1,0,0,2,11059200
1080,1,reference,338,1280,720,1920,1080,9.94714,10.9496,8.57907,1,1,0,0,2,11059200
1080,1,reference,339,1280,720,1920,1080,12.714,13.6558,11.2947,1,1,0,0,2,11059200
1080,1,reference,340,1280,720,1920,1080,11.4821,12.5673,10.1018,1,1,0,0,2,11059200
1080,1,reference,341,1280,720,1920,1080,11.2599,12.2195,9.88262,1,1,0,0,2,11059200
1080,1,reference,342,1280,720,1920,1080,11.0725,12.1021,9.69933,1,1,0,0,2,11059200
1080,1,reference,343,1280,720,1920,1080,9.7495,10.6538,8.37939,1,1,0,0,2,11059200
1080,1,reference,344,1280,720,1920,1080,10.7766,12.7379,9.40442,1,1,0,0,2,11059200
1080,1,reference,345,1280,720,1920,1080,11.2374,12.2395,9.86214,1,1,0,0,2,11059200
1080,1,reference,346,1280,720,1920,1080,11.2527,12.2157,9.87955,1,1,0,0,2,11059200
1080,1,reference,347,1280,720,1920,1080,11.262,12.2269,9.88672,1,1,0,0,2,11059200
1080,1,reference,348,1280,720,1920,1080,11.223,12.3201,9.85088,1,1,0,0,2,11059200
1080,1,reference,349,1280,720,1920,1080,11.2794,12.2209,9.90413,1,1,0,0,2,11059200
1080,1,reference,350,1280,720,1920,1080,10.9742,12.0441,9.60205,1,1,0,0,2,11059200
1080,1,reference,351,1280,720,1920,1080,9.92461,10.9094,8.55245,1,1,0,0,2,11059200
1080,1,reference,352,1280,720,1920,1080,11.5845,13.2473,10.1816,1,1,0,0,2,11059200
1080,1,reference,353,1280,720,1920,1080,10.9711,11.9658,9.59693,1,1,0,0,2,11059200
1080,1,reference,354,1280,720,1920,1080,11.0479,12.0894,9.66861,1,1,0,0,2,11059200
1080,1,reference,355,1280,720,1920,1080,11.3193,12.2475,9.94099,1,1,0,0,2,11059200
1080,1,reference,356,1280,720,1920,1080,11.4289,12.4446,9.8816,1,1,0,0,2,11059200
1080,1,reference,357,1280,720,1920,1080,11.2701,12.2501,9.89082,1,1,0,0,2,11059200
1080,1,reference,358,1280,720,1920,1080,11.2169,12.2542,9.83962,1,1,0,0,2,11059200
1080,1,reference,359,1280,720,1920,1080,11.2968,12.1991,9.91744,1,1,0,0,2,11059200
1080,1,reference,360,1280,720,1920,1080,11.2824,12.1947,9.9031,1,1,0,0,2,11059200
1080,1,reference,361,1280,720,1920,1080,11.3889,12.581,9.99219,1,1,0,0,2,11059200
1080,1,reference,362,1280,720,1920,1080,11.4309,12.4386,10.0516,1,1,0,0,2,11059200
1080,1,reference,363,1280,720,1920,1080,11.1442,12.1493,9.75667,1,1,0,0,2,11059200
1080,1,reference,364,1280,720,1920,1080,11.4504,12.4687,10.0741,1,1,0,0,2,11059200
1080,1,reference,365,1280,720,1920,1080,11.3869,12.4798,10.0106,1,1,0,0,2,11059200
1080,1,reference,366,1280,720,1920,1080,11.0264,12.069,9.64813,1,1,0,0,2,11059200
1080,1,reference,367,1280,720,1920,1080,11.2896,12.1917,9.7239,1,1,0,0,2,11059200
1080,1,reference,368,1280,720,1920,1080,11.307,12.3162,9.91334,1,1,0,0,2,11059200
1080,1,reference,369,1280,720,1920,1080,9.98502,10.8935,8.60672,1,1,0,0,2,11059200
1080,1,reference,370,1280,720,1920,1080,10.199,11.8304,8.82381,1,1,0,0,2,11059200
1080,1,reference,371,1280,720,1920,1080,12.8225,13.7427,11.4371,1,1,0,0,2,11059200
1080,1,reference,372,1280,720,1920,1080,11.0664,12.0984,9.68704,1,1,0,0,2,11059200
1080,1,reference,373,1280,720,1920,1080,11.2609,12.3775,9.88365,1,1,0,0,2,11059200
1080,1,reference,374,1280,720,1920,1080,11.2497,12.2478,9.70035,1,1,0,0,2,11059200
1080,1,reference,375,1280,720,1920,1080,11.2804,12.2542,9.9031,1,1,0,0,2,11059200
1080,1,reference,376,1280,720,1920,1080,11.3132,12.3342,9.93587,1,1,0,0,2,11059200
1080,1,reference,377,1280,720,1920,1080,10.9722,11.9956,9.5959,1,1,0,0,2,11059200
1080,1,reference,378,1280,720,1920,1080,11.3244,12.3627,9.95021,1,1,0,0,2,11059200
1080,1,reference,379,1280,720,1920,1080,11.2742,12.3257,9.89798,1,1,0,0,2,11059200
1080,1,reference,380,1280,720,1920,1080,11.4381,12.3847,10.0639,1,1,0,0,2,11059200
1080,1,reference,381,1280,720,1920,1080,11.8098,12.7978,10.368,1,1,0,0,2,11059200
1080,1,reference,382,1280,720,1920,1080,11.052,12.2804,9.6768,1,1,0,0,2,11059200
1080,1,reference,383,1280,720,1920,1080,11.349,12.5193,9.96966,1,1,0,0,2,11059200
1080,1,reference,384,1280,720,1920,1080,11.519,12.4937,10.1417,1,1,0,0,2,11059200
1080,1,reference,385,1280,720,1920,1080,11.1176,12.3601,9.73722,1,1,0,0,2,11059200
1080,1,reference,386,1280,720,1920,1080,11.4033,12.4194,9.75155,1,1,0,0,2,11059200
1080,1,reference,387,1280,720,1920,1080,11.4002,12.4244,9.74029,1,1,0,0,2,11059200
1080,1,reference,388,1280,720,1920,1080,11.0787,12.3476,9.70547,1,1,0,0,2,11059200
1080,1,reference,389,1280,720,1920,1080,11.3684,12.6199,8.67021,1,1,0,0,2,11059200
1080,1,reference,390,1280,720,1920,1080,11.9613,12.9083,10.4049,1,1,0,0,2,11059200
1080,1,reference,391,1280,720,1920,1080,11.3889,12.3768,10.0127,1,1,0,0,2,11059200
1080,1,reference,392,1280,720,1920,1080,11.0848,12.1866,9.70752,1,1,0,0,2,11059200
1080,1,reference,393,1280,720,1920,1080,11.5415,12.5183,10.1632,1,1,0,0,2,11059200
1080,1,reference,394,1280,720,1920,1080,11.1299,12.2622,9.75462,1,1,0,0,2,11059200
1080,1,reference,395,1280,720,1920,1080,10.0321,12.4992,8.65792,1,1,0,0,2,11059200
1080,1,reference,396,1280,720,1920,1080,11.5548,12.569,9.90413,1,1,0,0,2,11059200
1080,1,reference,397,1280,720,1920,1080,11.3121,12.6222,9.93382,1,1,0,0,2,11059200
1080,1,reference,398,1280,720,1920,1080,11.3336,12.4047,9.95738,1,1,0,0,2,11059200
1080,1,reference,399,1280,720,1920,1080,11.3859,12.5273,10.0086,1,1,0,0,2,11059200
1080,1,reference,400,1280,720,1920,1080,11.2251,12.2283,9.84781,1,1,0,0,2,11059200
1080,1,reference,401,1280,720,1920,1080,11.4524,12.4286,10.0741,1,1,0,0,2,11059200
1080,1,reference,402,1280,720,1920,1080,11.3603,12.3261,9.984,1,1,0,0,2,11059200
1080,1,reference,403,1280,720,1920,1080,11.3592,12.3122,9.97478,1,1,0,0,2,11059200
1080,1,reference,404,1280,720,1920,1080,11.0305,12.0977,9.65222,1,1,0,0,2,11059200
1080,1,reference,405,1280,720,1920,1080,11.348,12.4613,9.96966,1,1,0,0,2,11059200
1080,1,reference,406,1280,720,1920,1080,11.1575,12.2833,9.76282,1,1,0,0,2,11059200
1080,1,reference,407,1280,720,1920,1080,11.5302,12.4746,10.1499,1,1,0,0,2,11059200
1080,1,reference,408,1280,720,1920,1080,11.5364,12.6479,10.1601,1,1,0,0,2,11059200
1080,1,reference,409,1280,720,1920,1080,11.5927,12.606,9.93792,1,1,0,0,2,11059200
1080,1,reference,410,1280,720,1920,1080,11.5067,12.4982,10.1284,1,1,0,0,2,11059200
1080,1,reference,411,1280,720,1920,1080,11.308,12.3456,9.92666,1,1,0,0,2,11059200
1080,1,reference,412,1280,720,1920,1080,11.4422,12.4285,9.79866,1,1,0,0,2,11059200
1080,1,reference,413,1280,720,1920,1080,11.3705,12.2882,9.7536,1,1,0,0,2,11059200
1080,1,reference,414,1280,720,1920,1080,11.4033,12.4019,10.0301,1,1,0,0,2,11059200
1080,1,reference,415,1280,720,1920,1080,11.5517,12.4906,10.1724,1,1,0,0,2,11059200
1080,1,reference,416,1280,720,1920,1080,11.5569,12.4962,10.1796,1,1,0,0,2,11059200
1080,1,reference,417,1280,720,1920,1080,11.518,12.518,10.1376,1,1,0,0,2,11059200
1080,1,reference,418,1280,720,1920,1080,11.5651,12.7425,10.1898,1,1,0,0,2,11059200
1080,1,reference,419,1280,720,1920,1080,11.2998,12.3775,9.92461,1,1,0,0,2,11059200
1080,1,reference,420,1280,720,1920,1080,11.2517,12.2529,9.8775,1,1,0,0,2,11059200
1080,1,reference,421,1280,720,1920,1080,11.52,12.4832,9.89901,1,1,0,0,2,11059200
1080,1,reference,422,1280,720,1920,1080,11.4924,12.4565,10.1161,1,1,0,0,2,11059200
1080,1,reference,423,1280,720,1920,1080,11.6521,12.6416,10.2758,1,1,0,0,2,11059200
1080,1,reference,424,1280,720,1920,1080,11.351,12.2895,9.97069,1,1,0,0,2,11059200
1080,1,reference,425,1280,720,1920,1080,11.308,12.4378,9.9287,1,1,0,0,2,11059200
1080,1,reference,426,1280,720,1920,1080,9.9328,10.9666,8.55757,1,1,0,0,2,11059200
1080,1,reference,427,1280,720,1920,1080,11.5313,13.8182,10.153,1,1,0,0,2,11059200
1080,1,reference,428,1280,720,1920,1080,11.2517,12.4016,9.8345,1,1,0,0,2,11059200
1080,1,reference,429,1280,720,1920,1080,12.0791,13.0632,10.4468,1,1,0,0,2,11059200
1080,1,reference,430,1280,720,1920,1080,11.5589,12.6412,10.1786,1,1,0,0,2,11059200
1080,1,reference,431,1280,720,1920,1080,11.136,12.1775,9.72595,1,1,0,0,2,11059200
1080,1,reference,432,1280,720,1920,1080,11.5661,12.7117,10.1908,1,1,0,0,2,11059200
1080,1,reference,433,1280,720,1920,1080,11.3326,12.3697,9.9584,1,1,0,0,2,11059200
1080,1,reference,434,1280,720,1920,1080,11.3951,12.4644,10.0168,1,1,0,0,2,11059200
1080,1,reference,435,1280,720,1920,1080,11.3859,12.4498,10.0086,1,1,0,0,2,11059200
1080,1,reference,436,1280,720,1920,1080,11.3756,12.4206,10.0014,1,1,0,0,2,11059200
1080,1,reference,437,1280,720,1920,1080,11.5425,12.6203,10.1663,1,1,0,0,2,11059200
1080,1,reference,438,1280,720,1920,1080,11.307,12.3146,9.93178,1,1,0,0,2,11059200
1080,1,reference,439,1280,720,1920,1080,11.3562,12.3816,9.98093,1,1,0,0,2,11059200
1080,1,reference,440,1280,720,1920,1080,11.5261,12.5002,10.1509,1,1,0,0,2,11059200
1080,1,reference,441,1280,720,1920,1080,11.5159,12.6741,10.1376,1,1,0,0,2,11059200
1080,1,reference,442,1280,720,1920,1080,11.3336,12.3613,9.9584,1,1,0,0,2,11059200
1080,1,reference,443,1280,720,1920,1080,11.349,12.3372,9.97069,1,1,0,0,2,11059200
1080,1,reference,444,1280,720,1920,1080,11.3039,12.4227,9.74746,1,1,0,0,2,11059200
1080,1,reference,445,1280,720,1920,1080,11.5149,12.6198,10.1386,1,1,0,0,2,11059200
1080,1,reference,446,1280,720,1920,1080,11.4749,12.4888,10.0987,1,1,0,0,2,11059200
1080,1,reference,447,1280,720,1920,1080,11.5425,12.5958,10.1642,1,1,0,0,2,11059200
1080,1,reference,448,1280,720,1920,1080,11.3377,12.3321,9.9625,1,1,0,0,2,11059200
1080,1,reference,449,1280,720,1920,1080,11.3521,12.4089,9.97581,1,1,0,0,2,11059200
1080,1,reference,450,1280,720,1920,1080,11.4565,12.5428,10.0792,1,1,0,0,2,11059200
1080,1,reference,451,1280,720,1920,1080,11.5005,12.4885,10.1233,1,1,0,0,2,11059200
1080,1,reference,452,1280,720,1920,1080,11.5364,12.6778,10.1632,1,1,0,0,2,11059200
1080,1,reference,453,1280,720,1920,1080,11.3326,12.4319,9.95533,1,1,0,0,2,11059200
1080,1,reference,454,1280,720,1920,1080,11.3531,12.4989,9.97683,1,1,0,0,2,11059200
1080,1,reference,455,1280,720,1920,1080,11.3193,12.3369,9.94304,1,1,0,0,2,11059200
1080,1,reference,456,1280,720,1920,1080,11.4678,12.5209,10.0925,1,1,0,0,2,11059200
1080,1,reference,457,1280,720,1920,1080,11.3265,12.325,9.94816,1,1,0,0,2,11059200
1080,1,reference,458,1280,720,1920,1080,11.3777,12.3676,10.0045,1,1,0,0,2,11059200
1080,1,reference,459,1280,720,1920,1080,11.4954,12.5541,10.1192,1,1,0,0,2,11059200
1080,1,reference,460,1280,720,1920,1080,11.5405,12.5451,10.1612,1,1,0,0,2,11059200
1080,1,reference,461,1280,720,1920,1080,11.5333,12.5301,10.156,1,1,0,0,2,11059200
1080,1,reference,462,1280,720,1920,1080,11.3193,12.3343,9.94611,1,1,0,0,2,11059200
1080,1,reference,463,1280,720,1920,1080,11.5046,12.6199,10.1274,1,1,0,0,2,11059200
1080,1,reference,464,1280,720,1920,1080,11.5026,12.5092,10.1253,1,1,0,0,2,11059200
1080,1,reference,465,1280,720,1920,1080,11.3162,12.3971,9.93894,1,1,0,0,2,11059200
1080,1,reference,466,1280,720,1920,1080,11.3848,12.3274,10.0076,1,1,0,0,2,11059200
1080,1,reference,467,1280,720,1920,1080,11.2312,12.1632,9.85498,1,1,0,0,2,11059200
1080,1,reference,468,1280,720,1920,1080,12.1477,13.2416,10.5257,1,1,0,0,2,11059200
1080,1,reference,469,1280,720,1920,1080,11.3705,12.3866,9.99219,1,1,0,0,2,11059200
1080,1,reference,470,1280,720,1920,1080,11.3981,12.4104,10.025,1,1,0,0,2,11059200
1080,1,reference,471,1280,720,1920,1080,11.3664,12.3141,9.99117,1,1,0,0,2,11059200
1080,1,reference,472,1280,720,1920,1080,11.3152,12.3374,9.94099,1,1,0,0,2,11059200
1080,1,reference,473,1280,720,1920,1080,11.4964,12.5124,10.1181,1,1,0,0,2,11059200
1080,1,reference,474,1280,720,1920,1080,11.5333,12.5071,10.1571,1,1,0,0,2,11059200
1080,1,reference,475,1280,720,1920,1080,11.3684,12.3384,9.99322,1,1,0,0,2,11059200
1080,1,reference,476,1280,720,1920,1080,11.5323,12.5099,10.1601,1,1,0,0,2,11059200
1080,1,reference,477,1280,720,1920,1080,11.5272,12.508,10.1437,1,1,0,0,2,11059200
1080,1,reference,478,1280,720,1920,1080,11.3439,12.3278,9.96864,1,1,0,0,2,11059200
1080,1,reference,479,1280,720,1920,1080,11.35,12.2746,9.97376,1,1,0,0,2,11059200
1080,1,reference,480,1280,720,1920,1080,11.3797,12.3932,10.0035,1,1,0,0,2,11059200
1080,1,reference,481,1280,720,1920,1080,11.35,12.3337,9.97274,1,1,0,0,2,11059200
1080,1,reference,482,1280,720,1920,1080,11.5507,12.5339,9.90106,1,1,0,0,2,11059200
1080,1,reference,483,1280,720,1920,1080,11.3388,12.285,9.96045,1,1,0,0,2,11059200
1080,1,reference,484,1280,720,1920,1080,11.3234,12.3344,9.94816,1,1,0,0,2,11059200
1080,1,reference,485,1280,720,1920,1080,11.3746,12.3557,9.99936,1,1,0,0,2,11059200
1080,1,reference,486,1280,720,1920,1080,11.5231,12.5661,9.88467,1,1,0,0,2,11059200
1080,1,reference,487,1280,720,1920,1080,11.5149,12.4982,9.88672,1,1,0,0,2,11059200
1080,1,reference,488,1280,720,1920,1080,11.2691,12.3895,9.84678,1,1,0,0,2,11059200
1080,1,reference,489,1280,720,1920,1080,11.4452,12.3702,9.87853,1,1,0,0,2,11059200
1080,1,reference,490,1280,720,1920,1080,11.4412,12.4831,9.89082,1,1,0,0,2,11059200
1080,1,reference,491,1280,720,1920,1080,11.2517,12.37,9.87443,1,1,0,0,2,11059200
1080,1,reference,492,1280,720,1920,1080,9.96352,10.8872,8.58931,1,1,0,0,2,11059200
1080,1,reference,493,1280,720,1920,1080,10.7602,13.7017,9.36448,1,1,0,0,2,11059200
1080,1,reference,494,1280,720,1920,1080,11.3326,12.5376,9.93792,1,1,0,0,2,11059200
1080,1,reference,495,1280,720,1920,1080,11.4483,12.4238,9.9031,1,1,0,0,2,11059200
1080,1,reference,496,1280,720,1920,1080,11.2599,12.209,9.88467,1,1,0,0,2,11059200
1080,1,reference,497,1280,720,1920,1080,11.2988,12.3619,9.75462,1,1,0,0,2,11059200
1080,1,reference,498,1280,720,1920,1080,11.2701,12.2506,9.89594,1,1,0,0,2,11059200
1080,1,reference,499,1280,720,1920,1080,11.3183,12.3191,9.94202,1,1,0,0,2,11059200
1080,1,reference,500,1280,720,1920,1080,11.0715,12.1263,8.41114,1,1,0,0,2,11059200
1080,1,reference,501,1280,720,1920,1080,9.99322,10.8746,8.61798,1,1,0,0,2,11059200
1080,1,reference,502,1280,720,1920,1080,10.8698,13.1793,9.49555,1,1,0,0,2,11059200
1080,1,reference,503,1280,720,1920,1080,9.92256,10.8448,8.54835,1,1,0,0,2,11059200
1080,1,reference,504,1280,720,1920,1080,10.8513,13.7679,9.4505,1,1,0,0,2,11059200
1080,1,reference,505,1280,720,1920,1080,11.2507,12.1972,9.7065,1,1,0,0,2,11059200
1080,1,reference,506,1280,720,1920,1080,12.0125,12.9756,10.4479,1,1,0,0,2,11059200
1080,1,reference,507,1280,720,1920,1080,11.3275,12.5215,9.94611,1,1,0,0,2,11059200
1080,1,reference,508,1280,720,1920,1080,11.266,12.2002,9.88774,1,1,0,0,2,11059200
1080,1,reference,509,1280,720,1920,1080,11.2824,12.3498,9.73005,1,1,0,0,2,11059200
1080,1,reference,510,1280,720,1920,1080,10.9066,11.8765,9.53037,1,1,0,0,2,11059200
1080,1,reference,511,1280,720,1920,1080,9.98298,10.9723,8.60877,1,1,0,0,2,11059200
1080,1,reference,512,1280,720,1920,1080,9.50682,10.3827,8.13261,1,1,0,0,2,11059200
1080,1,reference,513,1280,720,1920,1080,12.4058,13.4227,11.0203,1,1,0,0,2,11059200
1080,1,reference,514,1280,720,1920,1080,11.3531,12.2399,9.97888,1,1,0,0,2,11059200
1080,1,reference,515,1280,720,1920,1080,11.2497,12.2,9.87443,1,1,0,0,2,11059200
1080,1,reference,516,1280,720,1920,1080,11.3746,12.3512,9.8007,1,1,0,0,2,11059200
1080,1,reference,517,1280,720,1920,1080,11.2957,12.2634,9.91744,1,1,0,0,2,11059200
1080,1,reference,518,1280,720,1920,1080,11.2435,12.1543,9.86726,1,1,0,0,2,11059200
1080,1,reference,519,1280,720,1920,1080,11.478,12.5238,10.0977,1,1,0,0,2,11059200
1080,1,reference,520,1280,720,1920,1080,11.3603,12.3607,9.98502,1,1,0,0,2,11059200
1080,1,reference,521,1280,720,1920,1080,9.97171,10.9847,8.59648,1,1,0,0,2,11059200
1080,1,reference,522,1280,720,1920,1080,12.6218,13.6565,11.2271,1,1,0,0,2,11059200
1080,1,reference,523,1280,720,1920,1080,11.05,12.2472,9.6727,1,1,0,0,2,11059200
1080,1,reference,524,1280,720,1920,1080,11.2118,12.1588,9.83347,1,1,0,0,2,11059200
1080,1,reference,525,1280,720,1920,1080,11.1596,12.3902,9.78227,1,1,0,0,2,11059200
1080,1,reference,526,1280,720,1920,1080,11.4319,12.3955,9.88877,1,1,0,0,2,11059200
1080,1,reference,527,1280,720,1920,1080,11.8968,12.8673,10.3526,1,1,0,0,2,11059200
1080,1,reference,528,1280,720,1920,1080,11.262,12.2558,9.88774,1,1,0,0,2,11059200
1080,1,reference,529,1280,720,1920,1080,11.4063,12.3569,9.86317,1,1,0,0,2,11059200
1080,1,reference,530,1280,720,1920,1080,11.2476,12.3002,9.87034,1,1,0,0,2,11059200
1080,1,reference,531,1280,720,1920,1080,11.4248,12.5345,9.88262,1,1,0,0,2,11059200
1080,1,reference,532,1280,720,1920,1080,11.3398,12.3,9.77306,1,1,0,0,2,11059200
1080,1,reference,533,1280,720,1920,1080,11.4156,12.3486,9.86829,1,1,0,0,2,11059200
1080,1,reference,534,1280,720,1920,1080,11.2835,12.2878,9.90925,1,1,0,0,2,11059200
1080,1,reference,535,1280,720,1920,1080,11.3039,12.2703,9.75667,1,1,0,0,2,11059200
1080,1,reference,536,1280,720,1920,1080,11.3111,12.2927,9.9328,1,1,0,0,2,11059200
1080,1,reference,537,1280,720,1920,1080,11.0981,12.1523,9.72083,1,1,0,0,2,11059200
1080,1,reference,538,1280,720,1920,1080,10.9691,12.0198,9.59386,1,1,0,0,2,11059200
1080,1,reference,539,1280,720,1920,1080,11.2241,12.18,9.84269,1,1,0,0,2,11059200
1080,1,reference,540,1280,720,1920,1080,11.0715,12.0882,9.69523,1,1,0,0,2,11059200
1080,1,reference,541,1280,720,1920,1080,11.4196,12.4615,10.0413,1,1,0,0,2,11059200
1080,1,reference,542,1280,720,1920,1080,11.2845,12.3305,9.90822,1,1,0,0,2,11059200
1080,1,reference,543,1280,720,1920,1080,11.2312,12.2294,9.856,1,1,0,0,2,11059200
1080,1,reference,544,1280,720,1920,1080,11.3347,12.4155,9.95738,1,1,0,0,2,11059200
1080,1,reference,545,1280,720,1920,1080,11.2527,12.2339,9.87546,1,1,0,0,2,11059200
1080,1,reference,546,1280,720,1920,1080,11.3121,12.282,9.93178,1,1,0,0,2,11059200
1080,1,reference,547,1280,720,1920,1080,11.2353,12.3015,9.856,1,1,0,0,2,11059200
1080,1,reference,548,1280,720,1920,1080,11.2691,12.2186,9.89184,1,1,0,0,2,11059200
1080,1,reference,549,1280,720,1920,1080,11.2394,12.2997,9.86214,1,1,0,0,2,11059200
1080,1,reference,550,1280,720,1920,1080,11.1124,12.1826,9.73517,1,1,0,0,2,11059200
1080,1,reference,551,1280,720,1920,1080,11.2978,12.3077,9.7495,1,1,0,0,2,11059200
1080,1,reference,552,1280,720,1920,1080,11.4104,12.3898,10.0342,1,1,0,0,2,11059200
1080,1,reference,553,1280,720,1920,1080,11.3193,12.3919,9.77203,1,1,0,0,2,11059200
1080,1,reference,554,1280,720,1920,1080,11.2517,12.2295,9.87648,1,1,0,0,2,11059200
1080,1,reference,555,1280,720,1920,1080,11.4371,12.4335,10.0618,1,1,0,0,2,11059200
1080,1,reference,556,1280,720,1920,1080,11.2896,12.2957,9.91437,1,1,0,0,2,11059200
1080,1,reference,557,1280,720,1920,1080,11.5251,12.519,10.1202,1,1,0,0,2,11059200
1080,1,reference,558,1280,720,1920,1080,11.3961,12.4362,9.84883,1,1,0,0,2,11059200
1080,1,reference,559,1280,720,1920,1080,11.2927,12.1957,9.91949,1,1,0,0,2,11059200
1080,1,reference,560,1280,720,1920,1080,11.4883,12.5856,9.93792,1,1,0,0,2,11059200
1080,1,reference,561,1280,720,1920,1080,11.264,12.2106,9.88672,1,1,0,0,2,11059200
1080,1,reference,562,1280,720,1920,1080,11.4637,12.6285,10.0454,1,1,0,0,2,11059200
1080,1,reference,563,1280,720,1920,1080,11.9439,13.0066,10.3813,1,1,0,0,2,11059200
1080,1,reference,564,1280,720,1920,1080,11.094,12.2062,8.448,1,1,0,0,2,11059200
1080,1,reference,565,1280,720,1920,1080,11.863,12.8154,10.3219,1,1,0,0,2,11059200
1080,1,reference,566,1280,720,1920,1080,11.2722,12.2094,9.89594,1,1,0,0,2,11059200
1080,1,reference,567,1280,720,1920,1080,11.2927,12.3238,9.72288,1,1,0,0,2,11059200
1080,1,reference,568,1280,720,1920,1080,11.0858,12.1967,9.70854,1,1,0,0,2,11059200
1080,1,reference,569,1280,720,1920,1080,11.3695,12.4109,9.99219,1,1,0,0,2,11059200
1080,1,reference,570,1280,720,1920,1080,11.2998,12.2802,9.7577,1,1,0,0,2,11059200
1080,1,reference,571,1280,720,1920,1080,11.3009,12.2052,9.92256,1,1,0,0,2,11059200
1080,1,reference,572,1280,720,1920,1080,11.2916,12.4227,9.91539,1,1,0,0,2,11059200
1080,1,reference,573,1280,720,1920,1080,11.0694,12.1512,9.69318,1,1,0,0,2,11059200
1080,1,reference,574,1280,720,1920,1080,11.3674,12.3233,9.99219,1,1,0,0,2,11059200
1080,1,reference,575,1280,720,1920,1080,11.3664,12.4036,9.99219,1,1,0,0,2,11059200
1080,1,reference,576,1280,720,1920,1080,11.0326,12.0529,9.65325,1,1,0,0,2,11059200
1080,1,reference,577,1280,720,1920,1080,11.2794,12.354,9.90003,1,1,0,0,2,11059200
1080,1,reference,578,1280,720,1920,1080,11.2998,12.3731,9.89286,1,1,0,0,2,11059200
1080,1,reference,579,1280,720,1920,1080,11.6746,12.7531,10.1274,1,1,0,0,2,11059200
1080,1,reference,580,1280,720,1920,1080,11.3644,12.2671,9.98707,1,1,0,0,2,11059200
1080,1,reference,581,1280,720,1920,1080,11.2712,12.3013,9.89594,1,1,0,0,2,11059200
1080,1,reference,582,1280,720,1920,1080,11.9695,12.9474,10.4038,1,1,0,0,2,11059200
1080,1,reference,583,1280,720,1920,1080,9.78739,10.7872,8.41318,1,1,0,0,2,11059200
1080,1,reference,584,1280,720,1920,1080,9.77408,12.1832,8.39885,1,1,0,0,2,11059200
1080,1,reference,585,1280,720,1920,1080,11.6306,12.6036,10.113,1,1,0,0,2,11059200
1080,1,reference,586,1280,720,1920,1080,11.2886,12.4802,9.88877,1,1,0,0,2,11059200
1080,1,reference,587,1280,720,1920,1080,11.0858,12.2409,9.71059,1,1,0,0,2,11059200
1080,1,reference,588,1280,720,1920,1080,11.9071,12.8104,10.2492,1,1,0,0,2,11059200
1080,1,reference,589,1280,720,1920,1080,11.3562,12.2875,9.7024,1,1,0,0,2,11059200
1080,1,reference,590,1280,720,1920,1080,11.5835,12.6039,9.90925,1,1,0,0,2,11059200
1080,1,reference,591,1280,720,1920,1080,11.349,12.3824,9.67987,1,1,0,0,2,11059200
1080,1,reference,592,1280,720,1920,1080,11.4207,12.3908,9.76589,1,1,0,0,2,11059200
1080,1,reference,593,1280,720,1920,1080,11.1032,12.2888,8.48179,1,1,0,0,2,11059200
1080,1,reference,594,1280,720,1920,1080,11.1667,12.2709,9.79149,1,1,0,0,2,11059200
1080,1,reference,595,1280,720,1920,1080,11.3213,12.356,9.94611,1,1,0,0,2,11059200
1080,1,reference,596,1280,720,1920,1080,11.3521,12.3143,9.97581,1,1,0,0,2,11059200
1080,1,reference,597,1280,720,1920,1080,11.5548,12.6245,9.9072,1,1,0,0,2,11059200
1080,1,reference,598,1280,720,1920,1080,11.2384,12.5056,9.86522,1,1,0,0,2,11059200
1080,1,reference,599,1280,720,1920,1080,11.1032,12.369,9.73005,1,1,0,0,2,11059200
1080,1,reference,600,1280,720,1920,1080,11.3439,12.3453,9.6983,1,1,0,0,2,11059200
1080,1,reference,601,1280,720,1920,1080,11.1708,12.5697,9.79558,1,1,0,0,2,11059200
1080,1,reference,602,1280,720,1920,1080,11.5251,12.5946,9.87341,1,1,0,0,2,11059200
1080,1,reference,603,1280,720,1920,1080,11.0797,12.4598,9.70342,1,1,0,0,2,11059200
1080,1,reference,604,1280,720,1920,1080,11.3469,12.2795,9.70547,1,1,0,0,2,11059200
1080,1,reference,605,1280,720,1920,1080,11.5907,12.743,10.0188,1,1,0,0,2,11059200
1080,1,reference,606,1280,720,1920,1080,11.2568,12.4536,9.8816,1,1,0,0,2,11059200
1080,1,reference,607,1280,720,1920,1080,11.5149,12.5017,10.1376,1,1,0,0,2,11059200
1080,1,reference,608,1280,720,1920,1080,11.4739,12.5125,9.8519,1,1,0,0,2,11059200
1080,1,reference,609,1280,720,1920,1080,11.0735,12.3593,9.6983,1,1,0,0,2,11059200
1080,1,reference,610,1280,720,1920,1080,11.2548,12.4555,9.8775,1,1,0,0,2,11059200
1080,1,reference,611,1280,720,1920,1080,11.2527,12.5961,9.8775,1,1,0,0,2,11059200
1080,1,reference,612,1280,720,1920,1080,11.4412,12.4657,9.89491,1,1,0,0,2,11059200
1080,1,reference,613,1280,720,1920,1080,11.3019,12.2923,9.92358,1,1,0,0,2,11059200
1080,1,reference,614,1280,720,1920,1080,11.2742,12.6546,9.89901,1,1,0,0,2,11059200
1080,1,reference,615,1280,720,1920,1080,11.5067,12.5994,9.86726,1,1,0,0,2,11059200
1080,1,reference,616,1280,720,1920,1080,11.6122,12.6502,9.96966,1,1,0,0,2,11059200
1080,1,reference,617,1280,720,1920,1080,9.81299,10.8401,8.43981,1,1,0,0,2,11059200
1080,1,reference,618,1280,720,1920,1080,10.5769,13.489,9.18528,1,1,0,0,2,11059200
1080,1,reference,619,1280,720,1920,1080,10.9517,12.029,9.57338,1,1,0,0,2,11059200
1080,1,reference,620,1280,720,1920,1080,11.3623,12.3956,9.98707,1,1,0,0,2,11059200
1080,1,reference,621,1280,720,1920,1080,11.3039,12.287,9.9287,1,1,0,0,2,11059200
1080,1,reference,622,1280,720,1920,1080,11.3265,12.3163,9.9543,1,1,0,0,2,11059200
1080,1,reference,623,1280,720,1920,1080,11.3838,12.428,10.0065,1,1,0,0,2,11059200
1080,1,reference,624,1280,720,1920,1080,11.2671,12.5312,9.89286,1,1,0,0,2,11059200
1080,1,reference,625,1280,720,1920,1080,11.5087,12.6179,10.1315,1,1,0,0,2,11059200
1080,1,reference,626,1280,720,1920,1080,11.223,12.5442,9.85088,1,1,0,0,2,11059200
1080,1,reference,627,1280,720,1920,1080,11.3213,12.3071,9.94714,1,1,0,0,2,11059200
1080,1,reference,628,1280,720,1920,1080,11.3541,12.3909,9.98093,1,1,0,0,2,11059200
1080,1,reference,629,1280,720,1920,1080,11.3981,12.3857,10.0219,1,1,0,0,2,11059200
1080,1,reference,630,1280,720,1920,1080,10.9783,12.0603,9.60512,1,1,0,0,2,11059200
1080,1,reference,631,1280,720,1920,1080,11.4924,12.4798,10.1171,1,1,0,0,2,11059200
1080,1,reference,632,1280,720,1920,1080,11.3029,12.3373,9.92768,1,1,0,0,2,11059200
1080,1,reference,633,1280,720,1920,1080,11.3633,12.4493,9.9881,1,1,0,0,2,11059200
1080,1,reference,634,1280,720,1920,1080,11.3203,12.3957,9.94406,1,1,0,0,2,11059200
1080,1,reference,635,1280,720,1920,1080,11.3439,12.2958,9.96659,1,1,0,0,2,11059200
1080,1,reference,636,1280,720,1920,1080,11.4156,12.3611,10.0403,1,1,0,0,2,11059200
1080,1,reference,637,1280,720,1920,1080,11.3807,12.404,10.0045,1,1,0,0,2,11059200
1080,1,reference,638,1280,720,1920,1080,11.5384,12.5562,10.1612,1,1,0,0,2,11059200
1080,1,reference,639,1280,720,1920,1080,11.3172,12.3917,9.94099,1,1,0,0,2,11059200
1080,1,reference,640,1280,720,1920,1080,11.5251,12.5138,10.1519,1,1,0,0,2,11059200
1080,1,reference,641,1280,720,1920,1080,11.349,12.2759,9.97274,1,1,0,0,2,11059200
1080,1,reference,642,1280,720,1920,1080,11.3418,12.2981,9.96864,1,1,0,0,2,11059200
1080,1,reference,643,1280,720,1920,1080,11.2937,12.2468,9.91949,1,1,0,0,2,11059200
1080,1,reference,644,1280,720,1920,1080,11.5016,12.5109,9.86317,1,1,0,0,2,11059200
1080,1,reference,645,1280,720,1920,1080,11.4719,12.4624,9.82938,1,1,0,0,2,11059200
1080,1,reference,646,1280,720,1920,1080,11.2957,12.3021,9.92256,1,1,0,0,2,11059200
1080,1,reference,647,1280,720,1920,1080,11.5866,12.5805,9.94611,1,1,0,0,2,11059200
1080,1,reference,648,1280,720,1920,1080,11.6122,12.6621,9.96147,1,1,0,0,2,11059200
1080,1,reference,649,1280,720,1920,1080,11.3562,12.3686,9.98093,1,1,0,0,2,11059200
1080,1,reference,650,1280,720,1920,1080,11.6204,12.641,9.97478,1,1,0,0,2,11059200
1080,1,reference,651,1280,720,1920,1080,11.3244,12.3662,9.94918,1,1,0,0,2,11059200
1080,1,reference,652,1280,720,1920,1080,11.3357,12.5449,9.96045,1,1,0,0,2,11059200
1080,1,reference,653,1280,720,1920,1080,11.3654,12.4652,9.99219,1,1,0,0,2,11059200
1080,1,reference,654,1280,720,1920,1080,11.3879,12.4073,10.0147,1,1,0,0,2,11059200
1080,1,reference,655,1280,720,1920,1080,11.4872,12.488,9.84371,1,1,0,0,2,11059200
1080,1,reference,656,1280,720,1920,1080,11.4196,12.4428,9.86112,1,1,0,0,2,11059200
1080,1,reference,657,1280,720,1920,1080,11.7361,12.8937,9.88877,1,1,0,0,2,11059200
1080,1,reference,658,1280,720,1920,1080,11.4729,12.7925,10.0936,1,1,0,0,2,11059200
1080,1,reference,659,1280,720,1920,1080,11.4463,13.0602,10.0618,1,1,0,0,2,11059200
1080,1,reference,660,1280,720,1920,1080,11.4954,12.5499,10.1233,1,1,0,0,2,11059200
1080,1,reference,661,1280,720,1920,1080,11.3398,12.3156,9.96454,1,1,0,0,2,11059200
1080,1,reference,662,1280,720,1920,1080,11.3398,12.3267,9.96762,1,1,0,0,2,11059200
1080,1,reference,663,1280,720,1920,1080,11.4012,12.4359,10.026,1,1,0,0,2,11059200
1080,1,reference,664,1280,720,1920,1080,11.3644,12.3971,9.99322,1,1,0,0,2,11059200
1080,1,reference,665,1280,720,1920,1080,11.5907,12.5445,10.2164,1,1,0,0,2,11059200
1080,1,reference,666,1280,720,1920,1080,11.3316,12.3435,9.95942,1,1,0,0,2,11059200
1080,1,reference,667,1280,720,1920,1080,11.5077,12.4713,10.1315,1,1,0,0,2,11059200
1080,1,reference,668,1280,720,1920,1080,11.522,12.5389,10.1478,1,1,0,0,2,11059200
1080,1,reference,669,1280,720,1920,1080,11.6132,12.6287,10.2369,1,1,0,0,2,11059200
1080,1,reference,670,1280,720,1920,1080,11.519,12.4892,10.1468,1,1,0,0,2,11059200
1080,1,reference,671,1280,720,1920,1080,11.3275,12.3858,9.95328,1,1,0,0,2,11059200
1080,1,reference,672,1280,720,1920,1080,11.1923,12.4344,9.81914,1,1,0,0,2,11059200
1080,1,reference,673,1280,720,1920,1080,11.3152,12.2914,9.93997,1,1,0,0,2,11059200
1080,1,reference,674,1280,720,1920,1080,11.307,12.2964,9.93382,1,1,0,0,2,11059200
1080,1,reference,675,1280,720,1920,1080,11.4708,12.4002,10.0966,1,1,0,0,2,11059200
1080,1,reference,676,1280,720,1920,1080,11.3746,12.382,9.99936,1,1,0,0,2,11059200
1080,1,reference,677,1280,720,1920,1080,11.4094,12.4395,10.0352,1,1,0,0,2,11059200
1080,1,reference,678,1280,720,1920,1080,11.3234,12.3011,9.95021,1,1,0,0,2,11059200
1080,1,reference,679,1280,720,1920,1080,11.4627,12.3976,10.0874,1,1,0,0,2,11059200
1080,1,reference,680,1280,720,1920,1080,11.3009,12.262,9.9287,1,1,0,0,2,11059200
1080,1,reference,681,1280,720,1920,1080,11.348,12.4225,9.96966,1,1,0,0,2,11059200
1080,1,reference,682,1280,720,1920,1080,11.5149,12.4675,9.87136,1,1,0,0,2,11059200
1080,1,reference,683,1280,720,1920,1080,11.306,12.2744,9.92768,1,1,0,0,2,11059200
1080,1,reference,684,1280,720,1920,1080,11.4913,12.5145,9.84474,1,1,0,0,2,11059200
1080,1,reference,685,1280,720,1920,1080,11.4852,12.4795,9.8345,1,1,0,0,2,11059200
1080,1,reference,686,1280,720,1920,1080,11.5036,12.4695,9.85805,1,1,0,0,2,11059200
1080,1,reference,687,1280,720,1920,1080,11.5476,12.5606,9.90106,1,1,0,0,2,11059200
1080,1,reference,688,1280,720,1920,1080,11.3715,12.4103,9.99526,1,1,0,0,2,11059200
1080,1,reference,689,1280,720,1920,1080,11.4862,12.5315,9.84371,1,1,0,0,2,11059200
1080,1,reference,690,1280,720,1920,1080,11.5436,12.6522,9.89798,1,1,0,0,2,11059200
1080,1,reference,691,1280,720,1920,1080,11.3101,12.3723,9.93178,1,1,0,0,2,11059200
1080,1,reference,692,1280,720,1920,1080,11.477,12.4291,9.84269,1,1,0,0,2,11059200
1080,1,reference,693,1280,720,1920,1080,11.5005,12.447,9.85702,1,1,0,0,2,11059200
1080,1,reference,694,1280,720,1920,1080,11.5538,12.4978,9.90925,1,1,0,0,2,11059200
1080,1,reference,695,1280,720,1920,1080,11.4811,12.6057,9.82528,1,1,0,0,2,11059200
1080,1,reference,696,1280,720,1920,1080,11.2937,12.2783,9.92051,1,1,0,0,2,11059200
1080,1,reference,697,1280,720,1920,1080,11.5497,12.5105,9.89901,1,1,0,0,2,11059200
1080,1,reference,698,1280,720,1920,1080,11.5702,12.573,9.91642,1,1,0,0,2,11059200
1080,1,reference,699,1280,720,1920,1080,11.3398,12.4625,9.96454,1,1,0,0,2,11059200
1080,1,reference,700,1280,720,1920,1080,11.3971,12.4521,10.0239,1,1,0,0,2,11059200
1080,1,reference,701,1280,720,1920,1080,11.5497,12.5218,9.90515,1,1,0,0,2,11059200
1080,1,reference,702,1280,720,1920,1080,11.5159,12.5174,9.87238,1,1,0,0,2,11059200
1080,1,reference,703,1280,720,1920,1080,11.5343,12.5096,9.87034,1,1,0,0,2,11059200
1080,1,reference,704,1280,720,1920,1080,11.3183,12.2895,9.94509,1,1,0,0,2,11059200
1080,1,reference,705,1280,720,1920,1080,11.5384,12.4879,9.87853,1,1,0,0,2,11059200
1080,1,reference,706,1280,720,1920,1080,11.5231,12.4936,9.88262,1,1,0,0,2,11059200
1080,1,reference,707,1280,720,1920,1080,11.5282,12.5008,9.87341,1,1,0,0,2,11059200
1080,1,reference,708,1280,720,1920,1080,11.092,12.1775,8.43981,1,1,0,0,2,11059200
1080,1,reference,709,1280,720,1920,1080,11.1022,12.361,8.44698,1,1,0,0,2,11059200
1080,1,reference,710,1280,720,1920,1080,11.4319,12.2979,9.86214,1,1,0,0,2,11059200
1080,1,reference,711,1280,720,1920,1080,11.4985,12.433,10.1253,1,1,0,0,2,11059200
1080,1,reference,712,1280,720,1920,1080,11.392,12.3663,9.74131,1,1,0,0,2,11059200
1080,1,reference,713,1280,720,1920,1080,11.3193,12.2595,9.66451,1,1,0,0,2,11059200
1080,1,reference,714,1280,720,1920,1080,11.3592,12.8141,9.98707,1,1,0,0,2,11059200
1080,1,reference,715,1280,720,1920,1080,11.7996,12.9396,10.154,1,1,0,0,2,11059200
1080,1,reference,716,1280,720,1920,1080,11.5251,12.6076,9.87853,1,1,0,0,2,11059200
1080,1,reference,717,1280,720,1920,1080,11.5077,12.4655,9.86624,1,1,0,0,2,11059200
1080,1,reference,718,1280,720,1920,1080,11.522,12.5193,9.86419,1,1,0,0,2,11059200
1080,1,reference,719,1280,720,1920,1080,11.5118,12.5523,9.86726,1,1,0,0,2,11059200
1080,1,reference,720,1280,720,1920,1080,11.3029,12.2653,9.9328,1,1,0,0,2,11059200
1080,1,reference,721,1280,720,1920,1080,11.5302,12.5173,9.88058,1,1,0,0,2,11059200
1080,1,reference,722,1280,720,1920,1080,11.52,12.5279,9.88262,1,1,0,0,2,11059200
1080,1,reference,723,1280,720,1920,1080,11.3152,12.3302,9.94202,1,1,0,0,2,11059200
1080,1,reference,724,1280,720,1920,1080,11.519,12.5139,9.88467,1,1,0,0,2,11059200
1080,1,reference,725,1280,720,1920,1080,11.308,12.351,9.9328,1,1,0,0,2,11059200
1080,1,reference,726,1280,720,1920,1080,11.5384,12.503,9.90208,1,1,0,0,2,11059200
1080,1,reference,727,1280,720,1920,1080,11.5016,12.4814,9.86112,1,1,0,0,2,11059200
1080,1,reference,728,1280,720,1920,1080,11.5241,12.459,9.87341,1,1,0,0,2,11059200
1080,1,reference,729,1280,720,1920,1080,11.5241,12.4804,9.88058,1,1,0,0,2,11059200
1080,1,reference,730,1280,720,1920,1080,11.3316,12.4186,9.95942,1,1,0,0,2,11059200
1080,1,reference,731,1280,720,1920,1080,11.5866,12.5723,9.93792,1,1,0,0,2,11059200
1080,1,reference,732,1280,720,1920,1080,11.2558,12.2603,9.8816,1,1,0,0,2,11059200
1080,1,reference,733,1280,720,1920,1080,11.0787,12.269,9.70138,1,1,0,0,2,11059200
1080,1,reference,734,1280,720,1920,1080,11.2077,12.145,9.65837,1,1,0,0,2,11059200
1080,1,reference,735,1280,720,1920,1080,11.4934,12.4718,10.1181,1,1,0,0,2,11059200
1080,1,reference,736,1280,720,1920,1080,11.3295,12.2947,9.6983,1,1,0,0,2,11059200
1080,1,reference,737,1280,720,1920,1080,11.4749,12.5018,9.81914,1,1,0,0,2,11059200
1080,1,reference,738,1280,720,1920,1080,11.5087,12.482,9.86522,1,1,0,0,2,11059200
1080,1,reference,739,1280,720,1920,1080,11.6603,12.769,10.0106,1,1,0,0,2,11059200
1080,1,reference,740,1280,720,1920,1080,11.2118,12.4809,9.83962,1,1,0,0,2,11059200
1080,1,reference,741,1280,720,1920,1080,11.4299,12.4686,9.76998,1,1,0,0,2,11059200
1080,1,reference,742,1280,720,1920,1080,11.3654,12.3039,9.72186,1,1,0,0,2,11059200
1080,1,reference,743,1280,720,1920,1080,11.2138,12.4192,9.83859,1,1,0,0,2,11059200
1080,1,reference,744,1280,720,1920,1080,9.7751,10.7876,8.40499,1,1,0,0,2,11059200
1080,1,reference,745,1280,720,1920,1080,11.1606,12.1303,9.78432,1,1,0,0,2,11059200
1080,1,reference,746,1280,720,1920,1080,11.0971,12.2366,9.72186,1,1,0,0,2,11059200
1080,1,reference,747,1280,720,1920,1080,12.0187,13.0014,10.3936,1,1,0,0,2,11059200
1080,1,reference,748,1280,720,1920,1080,11.5149,12.5131,10.1427,1,1,0,0,2,11059200
1080,1,reference,749,1280,720,1920,1080,11.3039,12.3305,9.92973,1,1,0,0,2,11059200
1080,1,reference,750,1280,720,1920,1080,11.2845,12.2363,9.9113,1,1,0,0,2,11059200
1080,1,reference,751,1280,720,1920,1080,11.8682,12.8221,10.2513,1,1,0,0,2,11059200
1080,1,reference,752,1280,720,1920,1080,11.2681,12.5144,9.89594,1,1,0,0,2,11059200
1080,1,reference,753,1280,720,1920,1080,9.93178,10.8579,8.55962,1,1,0,0,2,11059200
1080,1,reference,754,1280,720,1920,1080,11.4637,13.1655,10.0731,1,1,0,0,2,11059200
1080,1,reference,755,1280,720,1920,1080,11.6183,12.5352,9.98707,1,1,0,0,2,11059200
1080,1,reference,756,1280,720,1920,1080,11.4934,12.4671,10.1212,1,1,0,0,2,11059200
1080,1,reference,757,1280,720,1920,1080,11.5118,12.523,10.1366,1,1,0,0,2,11059200
1080,1,reference,758,1280,720,1920,1080,11.8723,12.8177,10.497,1,1,0,0,2,11059200
1080,1,reference,759,1280,720,1920,1080,11.4627,12.4269,10.0844,1,1,0,0,2,11059200
1080,1,reference,760,1280,720,1920,1080,11.4596,12.3981,10.0874,1,1,0,0,2,11059200
1080,1,reference,761,1280,720,1920,1080,11.4545,12.4139,10.0772,1,1,0,0,2,11059200
1080,1,reference,762,1280,720,1920,1080,11.3797,12.3496,10.0055,1,1,0,0,2,11059200
1080,1,reference,763,1280,720,1920,1080,11.4944,12.4871,10.1171,1,1,0,0,2,11059200
1080,1,reference,764,1280,720,1920,1080,11.4985,12.3844,10.1243,1,1,0,0,2,11059200
1080,1,reference,765,1280,720,1920,1080,11.3347,12.2623,9.96147,1,1,0,0,2,11059200
1080,1,reference,766,1280,720,1920,1080,11.3132,12.2894,9.93792,1,1,0,0,2,11059200
1080,1,reference,767,1280,720,1920,1080,11.3213,12.2744,9.94611,1,1,0,0,2,11059200
1080,1,reference,768,1280,720,1920,1080,11.3613,12.3015,9.98605,1,1,0,0,2,11059200
1080,1,reference,769,1280,720,1920,1080,11.3357,12.4043,9.70445,1,1,0,0,2,11059200
1080,1,reference,770,1280,720,1920,1080,11.4647,12.5005,9.83552,1,1,0,0,2,11059200
1080,1,reference,771,1280,720,1920,1080,11.5231,12.546,9.88774,1,1,0,0,2,11059200
1080,1,reference,772,1280,720,1920,1080,11.5302,12.5847,9.90515,1,1,0,0,2,11059200
1080,1,reference,773,1280,720,1920,1080,11.519,12.4674,9.89286,1,1,0,0,2,11059200
1080,1,reference,774,1280,720,1920,1080,11.3132,12.3152,9.94099,1,1,0,0,2,11059200
1080,1,reference,775,1280,720,1920,1080,11.5118,12.4969,9.87853,1,1,0,0,2,11059200
1080,1,reference,776,1280,720,1920,1080,11.5159,12.482,9.87238,1,1,0,0,2,11059200
1080,1,reference,777,1280,720,1920,1080,11.521,12.5354,9.88774,1,1,0,0,2,11059200
1080,1,reference,778,1280,720,1920,1080,11.4944,12.4532,9.8601,1,1,0,0,2,11059200
1080,1,reference,779,1280,720,1920,1080,11.4749,12.4953,9.83859,1,1,0,0,2,11059200
1080,1,reference,780,1280,720,1920,1080,11.4739,12.4339,9.85088,1,1,0,0,2,11059200
1080,1,reference,781,1280,720,1920,1080,11.5036,12.4745,9.87136,1,1,0,0,2,11059200
1080,1,reference,782,1280,720,1920,1080,11.5005,12.5646,9.87341,1,1,0,0,2,11059200
1080,1,reference,783,1280,720,1920,1080,11.5364,12.4871,9.87955,1,1,0,0,2,11059200
1080,1,reference,784,1280,720,1920,1080,11.3408,12.4524,9.96659,1,1,0,0,2,11059200
1080,1,reference,785,1280,720,1920,1080,11.5313,12.5119,9.8816,1,1,0,0,2,11059200
1080,1,reference,786,1280,720,1920,1080,11.5497,12.6045,9.90515,1,1,0,0,2,11059200
1080,1,reference,787,1280,720,1920,1080,11.2087,12.2985,9.78227,1,1,0,0,2,11059200
1080,1,reference,788,1280,720,1920,1080,12.0084,12.9567,10.3977,1,1,0,0,2,11059200
1080,1,reference,789,1280,720,1920,1080,11.3326,12.2886,9.95738,1,1,0,0,2,11059200
1080,1,reference,790,1280,720,1920,1080,11.4944,12.4289,9.84474,1,1,0,0,2,11059200
1080,1,reference,791,1280,720,1920,1080,11.6664,12.6612,9.87853,1,1,0,0,2,11059200
1080,1,reference,792,1280,720,1920,1080,11.5343,12.4904,9.88672,1,1,0,0,2,11059200
1080,1,reference,793,1280,720,1920,1080,11.3674,12.382,9.99424,1,1,0,0,2,11059200
1080,1,reference,794,1280,720,1920,1080,11.3388,12.3123,9.96659,1,1,0,0,2,11059200
1080,1,reference,795,1280,720,1920,1080,11.5517,12.5624,9.89901,1,1,0,0,2,11059200
1080,1,reference,796,1280,720,1920,1080,11.5057,12.4759,9.8816,1,1,0,0,2,11059200
1080,1,reference,797,1280,720,1920,1080,11.3531,12.3027,9.97581,1,1,0,0,2,11059200
1080,1,reference,798,1280,720,1920,1080,11.2998,12.4544,9.9287,1,1,0,0,2,11059200
1080,1,reference,799,1280,720,1920,1080,11.3101,12.3083,9.93587,1,1,0,0,2,11059200
1080,1,reference,800,1280,720,1920,1080,11.5231,12.5054,9.87238,1,1,0,0,2,11059200
1080,1,reference,801,1280,720,1920,1080,11.5149,12.4796,9.87955,1,1,0,0,2,11059200
1080,1,reference,802,1280,720,1920,1080,11.5384,12.5428,9.89696,1,1,0,0,2,11059200
1080,1,reference,803,1280,720,1920,1080,11.3347,12.3203,9.96045,1,1,0,0,2,11059200
1080,1,reference,804,1280,720,1920,1080,11.5077,12.4684,9.86624,1,1,0,0,2,11059200
1080,1,reference,805,1280,720,1920,1080,11.4893,12.6329,9.85088,1,1,0,0,2,11059200
1080,1,reference,806,1280,720,1920,1080,11.305,12.2984,9.9328,1,1,0,0,2,11059200
1080,1,reference,807,1280,720,1920,1080,11.5558,12.5278,9.90413,1,1,0,0,2,11059200
1080,1,reference,808,1280,720,1920,1080,11.5364,12.531,9.89082,1,1,0,0,2,11059200
1080,1,reference,809,1280,720,1920,1080,11.6214,12.5895,9.97786,1,1,0,0,2,11059200
1080,1,reference,810,1280,720,1920,1080,11.52,12.4957,9.88058,1,1,0,0,2,11059200
1080,1,reference,811,1280,720,1920,1080,11.3009,12.3486,9.92666,1,1,0,0,2,11059200
1080,1,reference,812,1280,720,1920,1080,11.4668,13.2144,10.0915,1,1,0,0,2,11059200
1080,1,reference,813,1280,720,1920,1080,11.4749,12.6013,10.0997,1,1,0,0,2,11059200
1080,1,reference,814,1280,720,1920,1080,11.2712,12.2885,9.88058,1,1,0,0,2,11059200
1080,1,reference,815,1280,720,1920,1080,11.5302,12.5454,10.156,1,1,0,0,2,11059200
1080,1,reference,816,1280,720,1920,1080,11.519,12.5169,10.1448,1,1,0,0,2,11059200
1080,1,reference,817,1280,720,1920,1080,11.4975,12.6535,10.1192,1,1,0,0,2,11059200
1080,1,reference,818,1280,720,1920,1080,11.4719,12.558,10.0966,1,1,0,0,2,11059200
1080,1,reference,819,1280,720,1920,1080,11.5169,12.5208,10.1427,1,1,0,0,2,11059200
1080,1,reference,820,1280,720,1920,1080,11.3531,12.6165,9.98093,1,1,0,0,2,11059200
1080,1,reference,821,1280,720,1920,1080,11.2753,12.2764,9.90208,1,1,0,0,2,11059200
1080,1,reference,822,1280,720,1920,1080,11.3244,12.5264,9.95021,1,1,0,0,2,11059200
1080,1,reference,823,1280,720,1920,1080,11.3019,12.2759,9.92666,1,1,0,0,2,11059200
1080,1,reference,824,1280,720,1920,1080,11.2988,12.2782,9.92461,1,1,0,0,2,11059200
1080,1,reference,825,1280,720,1920,1080,11.3541,12.3428,9.97376,1,1,0,0,2,11059200
1080,1,reference,826,1280,720,1920,1080,11.5067,12.5188,10.1335,1,1,0,0,2,11059200
1080,1,reference,827,1280,720,1920,1080,11.3428,12.3075,9.96659,1,1,0,0,2,11059200
1080,1,reference,828,1280,720,1920,1080,11.3756,12.3597,10.0024,1,1,0,0,2,11059200
1080,1,reference,829,1280,720,1920,1080,11.5036,12.5325,9.8601,1,1,0,0,2,11059200
1080,1,reference,830,1280,720,1920,1080,11.8415,13.0079,10.2953,1,1,0,0,2,11059200
1080,1,reference,831,1280,720,1920,1080,11.2835,12.4236,9.88877,1,1,0,0,2,11059200
1080,1,reference,832,1280,720,1920,1080,12.3136,13.2607,10.6895,1,1,0,0,2,11059200
1080,1,reference,833,1280,720,1920,1080,11.3408,12.4231,9.72083,1,1,0,0,2,11059200
1080,1,reference,834,1280,720,1920,1080,11.1657,12.2292,9.77408,1,1,0,0,2,11059200
1080,1,reference,835,1280,720,1920,1080,11.4985,12.5551,10.1222,1,1,0,0,2,11059200
1080,1,reference,836,1280,720,1920,1080,11.3316,12.3373,9.95942,1,1,0,0,2,11059200
1080,1,reference,837,1280,720,1920,1080,11.2783,12.4086,9.90208,1,1,0,0,2,11059200
1080,1,reference,838,1280,720,1920,1080,11.2763,12.3025,9.90413,1,1,0,0,2,11059200
1080,1,reference,839,1280,720,1920,1080,9.94918,10.9163,8.57293,1,1,0,0,2,11059200
1080,1,reference,840,1280,720,1920,1080,11.4258,12.4507,10.0526,1,1,0,0,2,11059200
1080,1,reference,841,1280,720,1920,1080,12.801,13.8155,11.1821,1,1,0,0,2,11059200
1080,1,reference,842,1280,720,1920,1080,11.5384,12.569,10.1632,1,1,0,0,2,11059200
1080,1,reference,843,1280,720,1920,1080,11.3705,12.5235,9.99219,1,1,0,0,2,11059200
1080,1,reference,844,1280,720,1920,1080,11.3439,12.3778,9.96864,1,1,0,0,2,11059200
1080,1,reference,845,1280,720,1920,1080,11.3275,12.5032,9.95123,1,1,0,0,2,11059200
1080,1,reference,846,1280,720,1920,1080,11.3961,12.368,10.0239,1,1,0,0,2,11059200
1080,1,reference,847,1280,720,1920,1080,11.307,12.2522,9.93075,1,1,0,0,2,11059200
1080,1,reference,848,1280,720,1920,1080,11.2845,12.3944,9.90925,1,1,0,0,2,11059200
1080,1,reference,849,1280,720,1920,1080,11.3009,12.2582,9.92666,1,1,0,0,2,11059200
1080,1,reference,850,1280,720,1920,1080,11.3224,12.3228,9.94816,1,1,0,0,2,11059200
1080,1,reference,851,1280,720,1920,1080,11.5927,12.5311,9.94714,1,1,0,0,2,11059200
1080,1,reference,852,1280,720,1920,1080,11.5548,12.5154,9.9072,1,1,0,0,2,11059200
1080,1,reference,853,1280,720,1920,1080,11.2722,12.3968,9.89594,1,1,0,0,2,11059200
1080,1,reference,854,1280,720,1920,1080,11.4903,12.5086,9.85293,1,1,0,0,2,11059200
1080,1,reference,855,1280,720,1920,1080,11.5313,12.4862,9.8857,1,1,0,0,2,11059200
1080,1,reference,856,1280,720,1920,1080,11.5159,12.5032,9.87136,1,1,0,0,2,11059200
1080,1,reference,857,1280,720,1920,1080,11.5446,12.4862,9.88979,1,1,0,0,2,11059200
1080,1,reference,858,1280,720,1920,1080,11.5456,12.6383,9.90003,1,1,0,0,2,11059200
1080,1,reference,859,1280,720,1920,1080,11.5589,12.5378,9.90515,1,1,0,0,2,11059200
1080,1,reference,860,1280,720,1920,1080,11.3224,12.3396,9.94918,1,1,0,0,2,11059200
1080,1,reference,861,1280,720,1920,1080,11.518,12.4925,9.87238,1,1,0,0,2,11059200
1080,1,reference,862,1280,720,1920,1080,11.5436,12.5344,9.88262,1,1,0,0,2,11059200
1080,1,reference,863,1280,720,1920,1080,11.3347,12.4233,9.95738,1,1,0,0,2,11059200
1080,1,reference,864,1280,720,1920,1080,11.3674,12.4359,9.99219,1,1,0,0,2,11059200
1080,1,reference,865,1280,720,1920,1080,11.3172,12.2987,9.93894,1,1,0,0,2,11059200
1080,1,reference,866,1280,720,1920,1080,11.2251,12.4227,9.84986,1,1,0,0,2,11059200
1080,1,reference,867,1280,720,1920,1080,11.2333,12.2263,9.85702,1,1,0,0,2,11059200
1080,1,reference,868,1280,720,1920,1080,11.2927,12.3185,9.91949,1,1,0,0,2,11059200
1080,1,reference,869,1280,720,1920,1080,11.3807,12.3995,9.74643,1,1,0,0,2,11059200
1080,1,reference,870,1280,720,1920,1080,11.4524,12.6064,9.81709,1,1,0,0,2,11059200
1080,1,reference,871,1280,720,1920,1080,11.5118,12.5438,9.85805,1,1,0,0,2,11059200
1080,1,reference,872,1280,720,1920,1080,11.3582,12.3216,9.71469,1,1,0,0,2,11059200
1080,1,reference,873,1280,720,1920,1080,11.2343,12.7887,9.856,1,1,0,0,2,11059200
1080,1,reference,874,1280,720,1920,1080,11.3449,12.3018,9.67782,1,1,0,0,2,11059200
1080,1,reference,875,1280,720,1920,1080,11.5313,12.5785,9.89286,1,1,0,0,2,11059200
1080,1,reference,876,1280,720,1920,1080,11.4033,12.388,9.75258,1,1,0,0,2,11059200
1080,1,reference,877,1280,720,1920,1080,11.5456,12.6566,9.9072,1,1,0,0,2,11059200
1080,1,reference,878,1280,720,1920,1080,11.4821,12.4929,9.83757,1,1,0,0,2,11059200
1080,1,reference,879,1280,720,1920,1080,11.434,12.4269,9.79354,1,1,0,0,2,11059200
1080,1,reference,880,1280,720,1920,1080,11.4524,12.3898,9.80787,1,1,0,0,2,11059200
1080,1,reference,881,1280,720,1920,1080,10.9087,12.0492,9.53037,1,1,0,0,2,11059200
1080,1,reference,882,1280,720,1920,1080,11.3347,12.3061,9.96352,1,1,0,0,2,11059200
1080,1,reference,883,1280,720,1920,1080,11.5651,12.5673,9.98912,1,1,0,0,2,11059200
1080,1,reference,884,1280,720,1920,1080,9.97274,11.0053,8.59955,1,1,0,0,2,11059200
1080,1,reference,885,1280,720,1920,1080,12.5655,13.7148,11.1524,1,1,0,0,2,11059200
1080,1,reference,886,1280,720,1920,1080,9.88672,11.0659,8.51558,1,1,0,0,2,11059200
1080,1,reference,887,1280,720,1920,1080,10.8892,11.9037,9.49248,1,1,0,0,2,11059200
1080,1,reference,888,1280,720,1920,1080,10.9486,12.0921,9.52525,1,1,0,0,2,11059200
1080,1,reference,889,1280,720,1920,1080,11.6664,12.5654,10.0352,1,1,0,0,2,11059200
1080,1,reference,890,1280,720,1920,1080,11.4688,12.3719,10.0915,1,1,0,0,2,11059200
1080,1,reference,891,1280,720,1920,1080,11.3244,12.2709,9.94714,1,1,0,0,2,11059200
1080,1,reference,892,1280,720,1920,1080,11.3275,12.2445,9.95123,1,1,0,0,2,11059200
1080,1,reference,893,1280,720,1920,1080,11.5077,12.4721,9.86214,1,1,0,0,2,11059200
1080,1,reference,894,1280,720,1920,1080,11.5057,12.5375,10.1263,1,1,0,0,2,11059200
1080,1,reference,895,1280,720,1920,1080,11.4893,12.4538,9.84371,1,1,0,0,2,11059200
1080,1,reference,896,1280,720,1920,1080,11.2159,12.2518,9.81709,1,1,0,0,2,11059200
1080,1,reference,897,1280,720,1920,1080,10.8585,11.9472,9.48019,1,1,0,0,2,11059200
1080,1,reference,898,1280,720,1920,1080,11.3193,12.3429,9.69011,1,1,0,0,2,11059200
1080,1,reference,899,1280,720,1920,1080,11.3603,12.3402,9.71469,1,1,0,0,2,11059200
1080,1,reference,900,1280,720,1920,1080,11.3357,12.3096,9.70138,1,1,0,0,2,11059200
1080,1,reference,901,1280,720,1920,1080,11.3398,12.4149,9.70445,1,1,0,0,2,11059200
1080,1,reference,902,1280,720,1920,1080,11.5302,12.4963,9.90413,1,1,0,0,2,11059200
1080,1,reference,903,1280,720,1920,1080,11.6285,12.642,9.96454,1,1,0,0,2,11059200
1080,1,reference,904,1280,720,1920,1080,11.3787,12.5371,9.7321,1,1,0,0,2,11059200
1080,1,reference,905,1280,720,1920,1080,11.3469,12.3487,9.69421,1,1,0,0,2,11059200
1080,1,reference,906,1280,720,1920,1080,11.3449,12.3523,9.69728,1,1,0,0,2,11059200
1080,1,reference,907,1280,720,1920,1080,11.6572,12.5843,10.0168,1,1,0,0,2,11059200
1080,1,reference,908,1280,720,1920,1080,11.648,12.9073,10.0045,1,1,0,0,2,11059200
1080,1,reference,909,1280,720,1920,1080,11.3684,12.5451,9.72595,1,1,0,0,2,11059200
1080,1,reference,910,1280,720,1920,1080,11.4698,12.4185,9.82323,1,1,0,0,2,11059200
1080,1,reference,911,1280,720,1920,1080,11.5855,12.6163,9.9113,1,1,0,0,2,11059200
1080,1,reference,912,1280,720,1920,1080,11.4596,12.4849,9.84371,1,1,0,0,2,11059200
1080,1,reference,913,1280,720,1920,1080,11.5395,12.5034,9.88774,1,1,0,0,2,11059200
1080,1,reference,914,1280,720,1920,1080,11.6019,12.5783,9.9625,1,1,0,0,2,11059200
1080,1,reference,915,1280,720,1920,1080,11.6132,12.6053,9.89184,1,1,0,0,2,11059200
1080,1,reference,916,1280,720,1920,1080,11.5292,12.4754,9.87546,1,1,0,0,2,11059200
1080,1,reference,917,1280,720,1920,1080,11.5681,12.5853,9.90106,1,1,0,0,2,11059200
1080,1,reference,918,1280,720,1920,1080,11.2415,12.4382,9.86624,1,1,0,0,2,11059200
1080,1,reference,919,1280,720,1920,1080,11.3265,12.3388,9.95021,1,1,0,0,2,11059200
1080,1,reference,920,1280,720,1920,1080,11.4657,12.5957,9.91642,1,1,0,0,2,11059200
1080,1,reference,921,1280,720,1920,1080,11.392,12.4425,10.0147,1,1,0,0,2,11059200
1080,1,reference,922,1280,720,1920,1080,11.4739,12.4429,9.92051,1,1,0,0,2,11059200
1080,1,reference,923,1280,720,1920,1080,11.2814,12.3745,9.90515,1,1,0,0,2,11059200
1080,1,reference,924,1280,720,1920,1080,11.4657,12.4259,9.91027,1,1,0,0,2,11059200
1080,1,reference,925,1280,720,1920,1080,11.5077,12.5376,10.1294,1,1,0,0,2,11059200
1080,1,reference,926,1280,720,1920,1080,11.5057,12.4404,9.86112,1,1,0,0,2,11059200
1080,1,reference,927,1280,720,1920,1080,11.5517,12.5224,9.90822,1,1,0,0,2,11059200
1080,1,reference,928,1280,720,1920,1080,11.5251,12.5208,9.87955,1,1,0,0,2,11059200
1080,1,reference,929,1280,720,1920,1080,11.52,12.4964,9.87238,1,1,0,0,2,11059200
1080,1,reference,930,1280,720,1920,1080,11.4944,12.4768,9.85293,1,1,0,0,2,11059200
1080,1,reference,931,1280,720,1920,1080,11.5497,12.5131,9.90515,1,1,0,0,2,11059200
1080,1,reference,932,1280,720,1920,1080,11.5077,12.453,9.86214,1,1,0,0,2,11059200
1080,1,reference,933,1280,720,1920,1080,11.3664,12.3206,9.72493,1,1,0,0,2,11059200
1080,1,reference,934,1280,720,1920,1080,11.2456,12.2141,9.69318,1,1,0,0,2,11059200
1080,1,reference,935,1280,720,1920,1080,11.3234,12.3535,9.94714,1,1,0,0,2,11059200
1080,1,reference,936,1280,720,1920,1080,11.3019,12.2375,9.74234,1,1,0,0,2,11059200
1080,1,reference,937,1280,720,1920,1080,11.1063,12.2044,9.7321,1,1,0,0,2,11059200
1080,1,reference,938,1280,720,1920,1080,11.2241,12.5512,9.84883,1,1,0,0,2,11059200
1080,1,reference,939,1280,720,1920,1080,11.2732,12.4284,9.63482,1,1,0,0,2,11059200
1080,1,reference,940,1280,720,1920,1080,11.2353,12.4839,9.8601,1,1,0,0,2,11059200
1080,1,reference,941,1280,720,1920,1080,11.2466,12.4933,9.86624,1,1,0,0,2,11059200
1080,1,reference,942,1280,720,1920,1080,11.5354,12.5328,10.1601,1,1,0,0,2,11059200
1080,1,reference,943,1280,720,1920,1080,11.3439,12.2658,9.70957,1,1,0,0,2,11059200
1080,1,reference,944,1280,720,1920,1080,11.2824,12.5025,9.90618,1,1,0,0,2,11059200
1080,1,reference,945,1280,720,1920,1080,11.2937,12.5278,9.91744,1,1,0,0,2,11059200
1080,1,reference,946,1280,720,1920,1080,11.4125,12.504,10.0352,1,1,0,0,2,11059200
1080,1,reference,947,1280,720,1920,1080,11.2527,12.4776,9.87238,1,1,0,0,2,11059200
1080,1,reference,948,1280,720,1920,1080,11.3777,12.4116,9.73312,1,1,0,0,2,11059200
1080,1,reference,949,1280,720,1920,1080,11.3756,12.3927,9.72186,1,1,0,0,2,11059200
1080,1,reference,950,1280,720,1920,1080,11.4698,12.5533,9.85293,1,1,0,0,2,11059200
1080,1,reference,951,1280,720,1920,1080,11.2968,12.2496,9.66758,1,1,0,0,2,11059200
1080,1,reference,952,1280,720,1920,1080,11.2333,12.463,9.85805,1,1,0,0,2,11059200
1080,1,reference,953,1280,720,1920,1080,11.4985,12.6228,9.87136,1,1,0,0,2,11059200
1080,1,reference,954,1280,720,1920,1080,11.3613,12.3504,9.72698,1,1,0,0,2,11059200
1080,1,reference,955,1280,720,1920,1080,11.478,12.4772,9.85293,1,1,0,0,2,11059200
1080,1,reference,956,1280,720,1920,1080,11.5732,12.5857,9.87034,1,1,0,0,2,11059200
1080,1,reference,957,1280,720,1920,1080,11.5282,12.5883,9.88058,1,1,0,0,2,11059200
1080,1,reference,958,1280,720,1920,1080,11.1974,12.4305,9.82426,1,1,0,0,2,11059200
1080,1,reference,959,1280,720,1920,1080,11.6285,12.619,9.9881,1,1,0,0,2,11059200
1080,1,reference,960,1280,720,1920,1080,11.3756,12.5206,9.72902,1,1,0,0,2,11059200
1080,1,reference,961,1280,720,1920,1080,11.2026,12.4161,9.82528,1,1,0,0,2,11059200
1080,1,reference,962,1280,720,1920,1080,11.2118,12.4635,9.83654,1,1,0,0,2,11059200
1080,1,reference,963,1280,720,1920,1080,11.3736,12.3834,9.71981,1,1,0,0,2,11059200
1080,1,reference,964,1280,720,1920,1080,11.3787,12.363,9.73312,1,1,0,0,2,11059200
1080,1,reference,965,1280,720,1920,1080,11.3756,12.3988,9.728,1,1,0,0,2,11059200
1080,1,reference,966,1280,720,1920,1080,11.2364,12.5338,9.86214,1,1,0,0,2,11059200
1080,1,reference,967,1280,720,1920,1080,11.3756,12.4601,9.72698,1,1,0,0,2,11059200
1080,1,reference,968,1280,720,1920,1080,11.521,12.4941,9.8816,1,1,0,0,2,11059200
1080,1,reference,969,1280,720,1920,1080,11.2486,12.5931,9.87034,1,1,0,0,2,11059200
1080,1,reference,970,1280,720,1920,1080,10.1652,11.1671,8.79104,1,1,0,0,2,11059200
1080,1,reference,971,1280,720,1920,1080,9.47917,10.6136,8.10394,1,1,0,0,2,11059200
1080,1,reference,972,1280,720,1920,1080,11.0909,11.9712,9.71571,1,1,0,0,2,11059200
1080,1,reference,973,1280,720,1920,1080,11.7576,12.8033,10.1212,1,1,0,0,2,11059200
1080,1,reference,974,1280,720,1920,1080,11.3756,12.5707,9.99936,1,1,0,0,2,11059200
1080,1,reference,975,1280,720,1920,1080,11.9747,13.0058,10.5871,1,1,0,0,2,11059200
1080,1,reference,976,1280,720,1920,1080,12.0238,13.0738,10.4018,1,1,0,0,2,11059200
1080,1,reference,977,1280,720,1920,1080,11.3285,12.3388,9.94816,1,1,0,0,2,11059200
1080,1,reference,978,1280,720,1920,1080,11.4719,12.4956,10.0956,1,1,0,0,2,11059200
1080,1,reference,979,1280,720,1920,1080,11.5046,12.555,10.1253,1,1,0,0,2,11059200
1080,1,reference,980,1280,720,1920,1080,11.4821,12.4611,10.1038,1,1,0,0,2,11059200
1080,1,reference,981,1280,720,1920,1080,11.3039,12.2754,9.92666,1,1,0,0,2,11059200
1080,1,reference,982,1280,720,1920,1080,11.3838,12.6477,10.0045,1,1,0,0,2,11059200
1080,1,reference,983,1280,720,1920,1080,11.4739,12.5959,10.0936,1,1,0,0,2,11059200
1080,1,reference,984,1280,720,1920,1080,11.3336,12.3316,9.95635,1,1,0,0,2,11059200
1080,1,reference,985,1280,720,1920,1080,11.5558,12.4656,10.1755,1,1,0,0,2,11059200
1080,1,reference,986,1280,720,1920,1080,11.4647,12.5147,10.0884,1,1,0,0,2,11059200
1080,1,reference,987,1280,720,1920,1080,11.5077,12.4621,10.1315,1,1,0,0,2,11059200
1080,1,reference,988,1280,720,1920,1080,11.4084,12.448,10.0311,1,1,0,0,2,11059200
1080,1,reference,989,1280,720,1920,1080,11.3797,12.3575,10.0014,1,1,0,0,2,11059200
1080,1,reference,990,1280,720,1920,1080,11.3162,12.3523,9.9369,1,1,0,0,2,11059200
1080,1,reference,991,1280,720,1920,1080,11.4883,12.5333,10.11,1,1,0,0,2,11059200
1080,1,reference,992,1280,720,1920,1080,11.3316,12.2786,9.95328,1,1,0,0,2,11059200
1080,1,reference,993,1280,720,1920,1080,11.2691,12.2764,9.88979,1,1,0,0,2,11059200
1080,1,reference,994,1280,720,1920,1080,11.476,12.4934,9.86112,1,1,0,0,2,11059200
1080,1,reference,995,1280,720,1920,1080,11.4555,12.3898,10.0782,1,1,0,0,2,11059200
1080,1,reference,996,1280,720,1920,1080,9.82118,10.8046,8.45005,1,1,0,0,2,11059200
1080,1,reference,997,1280,720,1920,1080,12.5471,13.5738,11.136,1,1,0,0,2,11059200
1080,1,reference,998,1280,720,1920,1080,11.6521,12.6216,10.0055,1,1,0,0,2,11059200
1080,1,reference,999,1280,720,1920,1080,11.5558,12.6161,9.88877,1,1,0,0,2,11059200
1080,1,reference,1000,1280,720,1920,1080,11.5231,12.4688,9.89696,1,1,0,0,2,11059200
1080,1,reference,1001,1280,720,1920,1080,11.3654,12.4555,9.98707,1,1,0,0,2,11059200
1080,1,reference,1002,1280,720,1920,1080,9.95123,10.9452,8.57907,1,1,0,0,2,11059200
1080,1,reference,1003,1280,720,1920,1080,12.4477,13.4428,11.0295,1,1,0,0,2,11059200
1080,1,reference,1004,1280,720,1920,1080,11.5958,12.5514,10.0516,1,1,0,0,2,11059200
1080,1,reference,1005,1280,720,1920,1080,11.3295,12.3548,9.95123,1,1,0,0,2,11059200
1080,1,reference,1006,1280,720,1920,1080,11.3398,12.3911,9.69626,1,1,0,0,2,11059200
1080,1,reference,1007,1280,720,1920,1080,11.7187,12.6616,10.0669,1,1,0,0,2,11059200
1080,1,reference,1008,1280,720,1920,1080,11.607,12.7104,9.95021,1,1,0,0,2,11059200
1080,1,reference,1009,1280,720,1920,1080,11.5323,12.5318,9.87955,1,1,0,0,2,11059200
1080,1,reference,1010,1280,720,1920,1080,11.5712,12.5715,9.9287,1,1,0,0,2,11059200
1080,1,reference,1011,1280,720,1920,1080,11.5261,12.5181,9.88672,1,1,0,0,2,11059200
1080,1,reference,1012,1280,720,1920,1080,11.6214,12.6282,9.97274,1,1,0,0,2,11059200
1080,1,reference,1013,1280,720,1920,1080,11.3531,12.2702,9.97478,1,1,0,0,2,11059200
1080,1,reference,1014,1280,720,1920,1080,11.3265,12.4286,9.95226,1,1,0,0,2,11059200
1080,1,reference,1015,1280,720,1920,1080,11.5784,12.5503,9.91334,1,1,0,0,2,11059200
1080,1,reference,1016,1280,720,1920,1080,11.3152,12.4392,9.93894,1,1,0,0,2,11059200
1080,1,reference,1017,1280,720,1920,1080,11.5538,12.4873,9.90106,1,1,0,0,2,11059200
1080,1,reference,1018,1280,720,1920,1080,11.5692,12.5433,9.91846,1,1,0,0,2,11059200
1080,1,reference,1019,1280,720,1920,1080,11.3684,12.3861,9.98912,1,1,0,0,2,11059200
1080,1,reference,1020,1280,720,1920,1080,11.5784,12.5758,9.93382,1,1,0,0,2,11059200
1080,1,reference,1021,1280,720,1920,1080,11.518,12.4676,9.86931,1,1,0,0,2,11059200
1080,1,reference,1022,1280,720,1920,1080,11.4934,12.4902,9.84269,1,1,0,0,2,11059200
1080,1,reference,1023,1280,720,1920,1080,11.5743,12.5596,9.91744,1,1,0,0,2,11059200
1080,1,reference,1024,1280,720,1920,1080,11.5722,12.5066,9.91949,1,1,0,0,2,11059200
1080,1,reference,1025,1280,720,1920,1080,11.5722,12.5158,9.90618,1,1,0,0,2,11059200
1080,1,reference,1026,1280,720,1920,1080,11.3572,12.3181,9.98195,1,1,0,0,2,11059200
1080,1,reference,1027,1280,720,1920,1080,11.5026,12.5114,9.85498,1,1,0,0,2,11059200
1080,1,reference,1028,1280,720,1920,1080,11.5395,12.4671,9.89184,1,1,0,0,2,11059200
1080,1,reference,1029,1280,720,1920,1080,11.3859,12.4099,10.0055,1,1,0,0,2,11059200
1080,1,reference,1030,1280,720,1920,1080,11.5712,12.6738,9.91949,1,1,0,0,2,11059200
1080,1,reference,1031,1280,720,1920,1080,11.3756,12.3505,9.99526,1,1,0,0,2,11059200
1080,1,reference,1032,1280,720,1920,1080,11.2957,12.2534,9.91846,1,1,0,0,2,11059200
1080,1,reference,1033,1280,720,1920,1080,11.5343,12.5185,9.89184,1,1,0,0,2,11059200
1080,1,reference,1034,1280,720,1920,1080,11.5466,12.5035,9.9072,1,1,0,0,2,11059200
1080,1,reference,1035,1280,720,1920,1080,11.5487,12.5271,9.90106,1,1,0,0,2,11059200
1080,1,reference,1036,1280,720,1920,1080,11.2947,12.3648,9.91846,1,1,0,0,2,11059200
1080,1,reference,1037,1280,720,1920,1080,11.2527,12.4824,9.87648,1,1,0,0,2,11059200
1080,1,reference,1038,1280,720,1920,1080,11.2241,12.4057,9.84781,1,1,0,0,2,11059200
1080,1,reference,1039,1280,720,1920,1080,11.4964,12.4816,10.1202,1,1,0,0,2,11059200
1080,1,reference,1040,1280,720,1920,1080,11.5128,12.43,9.86829,1,1,0,0,2,11059200
1080,1,reference,1041,1280,720,1920,1080,11.5005,12.4132,9.86829,1,1,0,0,2,11059200
1080,1,reference,1042,1280,720,1920,1080,11.5405,12.5151,9.90822,1,1,0,0,2,11059200
1080,1,reference,1043,1280,720,1920,1080,11.5251,12.55,9.89798,1,1,0,0,2,11059200
1080,1,reference,1044,1280,720,1920,1080,11.5681,12.4994,9.93587,1,1,0,0,2,11059200
1080,1,reference,1045,1280,720,1920,1080,11.5159,12.5317,9.88058,1,1,0,0,2,11059200
1080,1,reference,1046,1280,720,1920,1080,11.4074,12.4699,9.85498,1,1,0,0,2,11059200
1080,1,reference,1047,1280,720,1920,1080,11.4872,12.4951,10.1089,1,1,0,0,2,11059200
1080,1,reference,1048,1280,720,1920,1080,11.521,12.4821,9.8857,1,1,0,0,2,11059200
1080,1,reference,1049,1280,720,1920,1080,11.5261,12.4659,9.88262,1,1,0,0,2,11059200
1080,1,reference,1050,1280,720,1920,1080,11.5077,12.5001,9.86624,1,1,0,0,2,11059200
1080,1,reference,1051,1280,720,1920,1080,11.5917,12.7461,9.92973,1,1,0,0,2,11059200
1080,1,reference,1052,1280,720,1920,1080,11.5323,12.5129,9.88467,1,1,0,0,2,11059200
1080,1,reference,1053,1280,720,1920,1080,11.5855,12.573,9.93485,1,1,0,0,2,11059200
1080,1,reference,1054,1280,720,1920,1080,11.3408,12.3934,9.96352,1,1,0,0,2,11059200
1080,1,reference,1055,1280,720,1920,1080,11.3162,12.3642,9.9369,1,1,0,0,2,11059200
1080,1,reference,1056,1280,720,1920,1080,11.3152,12.2067,9.93894,1,1,0,0,2,11059200
1080,1,reference,1057,1280,720,1920,1080,11.5845,12.5913,9.9328,1,1,0,0,2,11059200
1080,1,reference,1058,1280,720,1920,1080,11.5692,12.5524,9.92461,1,1,0,0,2,11059200
1080,1,reference,1059,1280,720,1920,1080,11.3377,12.4541,9.9584,1,1,0,0,2,11059200
1080,1,reference,1060,1280,720,1920,1080,11.5446,12.5621,9.90618,1,1,0,0,2,11059200
1080,1,reference,1061,1280,720,1920,1080,11.5415,12.5719,9.89389,1,1,0,0,2,11059200
1080,1,reference,1062,1280,720,1920,1080,11.519,12.5902,9.86419,1,1,0,0,2,11059200
1080,1,reference,1063,1280,720,1920,1080,11.3756,12.4369,9.99424,1,1,0,0,2,11059200
1080,1,reference,1064,1280,720,1920,1080,11.3132,12.4188,9.90106,1,1,0,0,2,11059200
1080,1,reference,1065,1280,720,1920,1080,11.0531,12.0542,9.67578,1,1,0,0,2,11059200
1080,1,reference,1066,1280,720,1920,1080,11.35,12.2817,9.72083,1,1,0,0,2,11059200
1080,1,reference,1067,1280,720,1920,1080,11.3838,12.4341,9.71366,1,1,0,0,2,11059200
1080,1,reference,1068,1280,720,1920,1080,11.3388,12.3307,9.70035,1,1,0,0,2,11059200
1080,1,reference,1069,1280,720,1920,1080,11.3193,12.2726,9.65222,1,1,0,0,2,11059200
1080,1,reference,1070,1280,720,1920,1080,11.5446,12.4897,9.9031,1,1,0,0,2,11059200
1080,1,reference,1071,1280,720,1920,1080,11.349,12.446,9.68602,1,1,0,0,2,11059200
1080,1,reference,1072,1280,720,1920,1080,11.4196,12.4029,9.77203,1,1,0,0,2,11059200
1080,1,reference,1073,1280,720,1920,1080,11.5456,12.4954,9.89594,1,1,0,0,2,11059200
1080,1,reference,1074,1280,720,1920,1080,11.3142,12.5846,9.67578,1,1,0,0,2,11059200
1080,1,reference,1075,1280,720,1920,1080,12.1324,13.6449,10.752,1,1,0,0,2,11059200
1080,1,reference,1076,1280,720,1920,1080,11.1288,12.2367,9.72902,1,1,0,0,2,11059200
1080,1,reference,1077,1280,720,1920,1080,11.0981,12.2547,9.71674,1,1,0,0,2,11059200
1080,1,reference,1078,1280,720,1920,1080,10.0065,10.952,8.63232,1,1,0,0,2,11059200
1080,1,reference,1079,1280,720,1920,1080,12.5071,13.6227,11.0817,1,1,0,0,2,11059200
1080,1,reference,1080,1280,720,1920,1080,11.4913,12.6312,9.91949,1,1,0,0,2,11059200
1080,1,reference,1081,1280,720,1920,1080,11.4217,12.453,10.0434,1,1,0,0,2,11059200
1080,1,reference,1082,1280,720,1920,1080,9.88365,10.7856,8.50944,1,1,0,0,2,11059200
1080,1,reference,1083,1280,720,1920,1080,12.7713,13.9154,11.35,1,1,0,0,2,11059200
1080,1,reference,1084,1280,720,1920,1080,11.9153,12.9115,10.2513,1,1,0,0,2,11059200
1080,1,reference,1085,1280,720,1920,1080,11.5323,12.5605,9.8816,1,1,0,0,2,11059200
1080,1,reference,1086,1280,720,1920,1080,11.4616,12.4656,9.82118,1,1,0,0,2,11059200
1080,1,reference,1087,1280,720,1920,1080,11.5917,12.5454,9.93997,1,1,0,0,2,11059200
1080,1,reference,1088,1280,720,1920,1080,11.6132,12.6397,9.96352,1,1,0,0,2,11059200
1080,1,reference,1089,1280,720,1920,1080,11.5364,12.4685,9.97683,1,1,0,0,2,11059200
1080,1,reference,1090,1280,720,1920,1080,11.4575,12.4312,10.0803,1,1,0,0,2,11059200
1080,1,reference,1091,1280,720,1920,1080,11.4422,12.4328,10.0628,1,1,0,0,2,11059200
1080,1,reference,1092,1280,720,1920,1080,11.5323,12.5255,9.90208,1,1,0,0,2,11059200
1080,1,reference,1093,1280,720,1920,1080,11.5313,12.5649,9.89594,1,1,0,0,2,11059200
1080,1,reference,1094,1280,720,1920,1080,11.5456,12.4903,9.91027,1,1,0,0,2,11059200
1080,1,reference,1095,1280,720,1920,1080,11.3347,12.504,9.95635,1,1,0,0,2,11059200
1080,1,reference,1096,1280,720,1920,1080,11.3818,12.3638,10.0055,1,1,0,0,2,11059200
1080,1,reference,1097,1280,720,1920,1080,11.3644,12.474,9.9799,1,1,0,0,2,11059200
1080,1,reference,1098,1280,720,1920,1080,11.308,12.311,9.92973,1,1,0,0,2,11059200
1080,1,reference,1099,1280,720,1920,1080,11.5016,12.4736,9.85805,1,1,0,0,2,11059200
1080,1,reference,1100,1280,720,1920,1080,11.5487,12.5482,9.9113,1,1,0,0,2,11059200
1080,1,reference,1101,1280,720,1920,1080,11.5128,12.4817,9.8775,1,1,0,0,2,11059200
1080,1,reference,1102,1280,720,1920,1080,11.5579,12.5589,9.92768,1,1,0,0,2,11059200
1080,1,reference,1103,1280,720,1920,1080,11.4606,12.5804,9.82938,1,1,0,0,2,11059200
1080,1,reference,1104,1280,720,1920,1080,11.5958,12.5346,9.96454,1,1,0,0,2,11059200
1080,1,reference,1105,1280,720,1920,1080,11.5528,12.5121,9.91027,1,1,0,0,2,11059200
1080,1,reference,1106,1280,720,1920,1080,11.5753,12.6204,9.94202,1,1,0,0,2,11059200
1080,1,reference,1107,1280,720,1920,1080,11.5415,12.4684,9.9031,1,1,0,0,2,11059200
1080,1,reference,1108,1280,720,1920,1080,11.3152,12.2668,9.93485,1,1,0,0,2,11059200
1080,1,reference,1109,1280,720,1920,1080,11.4094,12.4123,10.025,1,1,0,0,2,11059200
1080,1,reference,1110,1280,720,1920,1080,11.5692,12.6232,9.90413,1,1,0,0,2,11059200
1080,1,reference,1111,1280,720,1920,1080,11.3132,12.3494,9.93178,1,1,0,0,2,11059200
1080,1,reference,1112,1280,720,1920,1080,11.391,12.4393,10.0106,1,1,0,0,2,11059200
1080,1,reference,1113,1280,720,1920,1080,11.561,12.5689,9.90822,1,1,0,0,2,11059200
1080,1,reference,1114,1280,720,1920,1080,11.5354,12.5245,9.88467,1,1,0,0,2,11059200
1080,1,reference,1115,1280,720,1920,1080,11.5364,12.5756,9.88467,1,1,0,0,2,11059200
1080,1,reference,1116,1280,720,1920,1080,11.4033,12.4347,10.0229,1,1,0,0,2,11059200
1080,1,reference,1117,1280,720,1920,1080,11.348,12.3958,9.96454,1,1,0,0,2,11059200
1080,1,reference,1118,1280,720,1920,1080,11.306,12.3452,9.9287,1,1,0,0,2,11059200
1080,1,reference,1119,1280,720,1920,1080,11.5323,12.5095,9.86931,1,1,0,0,2,11059200
1080,1,reference,1120,1280,720,1920,1080,11.5005,12.4767,9.84781,1,1,0,0,2,11059200
1080,1,reference,1121,1280,720,1920,1080,11.689,12.7012,9.91744,1,1,0,0,2,11059200
1080,1,reference,1122,1280,720,1920,1080,11.3459,12.4496,9.96864,1,1,0,0,2,11059200
1080,1,reference,1123,1280,720,1920,1080,11.3428,12.4178,9.95942,1,1,0,0,2,11059200
1080,1,reference,1124,1280,720,1920,1080,11.5241,12.4723,9.8857,1,1,0,0,2,11059200
1080,1,reference,1125,1280,720,1920,1080,11.5343,12.62,9.88262,1,1,0,0,2,11059200
1080,1,reference,1126,1280,720,1920,1080,9.83859,10.8145,8.46336,1,1,0,0,2,11059200
1080,1,reference,1127,1280,720,1920,1080,9.43718,10.3734,8.05786,1,1,0,0,2,11059200
1080,1,reference,1128,1280,720,1920,1080,12.7109,13.9136,11.2957,1,1,0,0,2,11059200
1080,1,reference,1129,1280,720,1920,1080,11.3746,12.3836,9.82118,1,1,0,0,2,11059200
1080,1,reference,1130,1280,720,1920,1080,11.3859,12.3206,10.0065,1,1,0,0,2,11059200
1080,1,reference,1131,1280,720,1920,1080,11.3398,12.4477,9.96045,1,1,0,0,2,11059200
1080,1,reference,1132,1280,720,1920,1080,11.4299,12.3843,10.0536,1,1,0,0,2,11059200
1080,1,reference,1133,1280,720,1920,1080,11.3613,12.4322,9.9799,1,1,0,0,2,11059200
1080,1,reference,1134,1280,720,1920,1080,11.3541,12.3456,9.96864,1,1,0,0,2,11059200
1080,1,reference,1135,1280,720,1920,1080,11.4821,12.5358,10.0987,1,1,0,0,2,11059200
1080,1,reference,1136,1280,720,1920,1080,11.5825,12.6205,9.94918,1,1,0,0,2,11059200
1080,1,reference,1137,1280,720,1920,1080,11.3357,12.4685,9.95226,1,1,0,0,2,11059200
1080,1,reference,1138,1280,720,1920,1080,11.4391,12.4164,10.0608,1,1,0,0,2,11059200
1080,1,reference,1139,1280,720,1920,1080,9.82938,10.8602,8.44698,1,1,0,0,2,11059200
1080,1,reference,1140,1280,720,1920,1080,11.3172,13.0273,9.93075,1,1,0,0,2,11059200
1080,1,reference,1141,1280,720,1920,1080,11.5692,12.5077,9.9328,1,1,0,0,2,11059200
1080,1,reference,1142,1280,720,1920,1080,11.4627,12.374,10.0864,1,1,0,0,2,11059200
1080,1,reference,1143,1280,720,1920,1080,11.3777,12.3707,9.99424,1,1,0,0,2,11059200
1080,1,reference,1144,1280,720,1920,1080,11.3234,12.3333,9.94509,1,1,0,0,2,11059200
1080,1,reference,1145,1280,720,1920,1080,11.5323,12.5284,10.1468,1,1,0,0,2,11059200
1080,1,reference,1146,1280,720,1920,1080,11.308,12.3152,9.93075,1,1,0,0,2,11059200
1080,1,reference,1147,1280,720,1920,1080,11.3121,12.3414,9.92973,1,1,0,0,2,11059200
1080,1,reference,1148,1280,720,1920,1080,11.3551,12.3761,9.97069,1,1,0,0,2,11059200
1080,1,reference,1149,1280,720,1920,1080,11.3469,12.3107,9.96454,1,1,0,0,2,11059200
1080,1,reference,1150,1280,720,1920,1080,11.3551,12.4429,9.97478,1,1,0,0,2,11059200
1080,1,reference,1151,1280,720,1920,1080,11.4985,12.6079,9.84781,1,1,0,0,2,11059200
1080,1,reference,1152,1280,720,1920,1080,11.393,12.5024,10.0147,1,1,0,0,2,11059200
1080,1,reference,1153,1280,720,1920,1080,11.3695,12.3191,9.98707,1,1,0,0,2,11059200
1080,1,reference,1154,1280,720,1920,1080,11.3152,12.4056,9.93792,1,1,0,0,2,11059200
1080,1,reference,1155,1280,720,1920,1080,11.479,12.5315,9.83859,1,1,0,0,2,11059200
1080,1,reference,1156,1280,720,1920,1080,11.5272,12.4608,9.89901,1,1,0,0,2,11059200
1080,1,reference,1157,1280,720,1920,1080,11.5681,12.5413,9.90413,1,1,0,0,2,11059200
1080,1,reference,1158,1280,720,1920,1080,11.5732,12.5187,9.93485,1,1,0,0,2,11059200
1080,1,reference,1159,1280,720,1920,1080,11.5067,12.4748,9.86624,1,1,0,0,2,11059200
1080,1,reference,1160,1280,720,1920,1080,11.518,12.4677,9.86624,1,1,0,0,2,11059200
1080,1,reference,1161,1280,720,1920,1080,11.5343,12.6049,9.88467,1,1,0,0,2,11059200
1080,1,reference,1162,1280,720,1920,1080,11.307,12.2861,9.93075,1,1,0,0,2,11059200
1080,1,reference,1163,1280,720,1920,1080,11.6275,12.6877,9.90618,1,1,0,0,2,11059200
1080,1,reference,1164,1280,720,1920,1080,11.3572,12.3516,9.97581,1,1,0,0,2,11059200
1080,1,reference,1165,1280,720,1920,1080,11.4125,12.4418,10.0311,1,1,0,0,2,11059200
1080,1,reference,1166,1280,720,1920,1080,11.5415,12.5732,9.88467,1,1,0,0,2,11059200
1080,1,reference,1167,1280,720,1920,1080,11.5497,12.5642,9.8857,1,1,0,0,2,11059200
1080,1,reference,1168,1280,720,1920,1080,11.6019,12.6212,9.94816,1,1,0,0,2,11059200
1080,1,reference,1169,1280,720,1920,1080,11.3848,12.3467,10.0045,1,1,0,0,2,11059200
1080,1,reference,1170,1280,720,1920,1080,11.3388,12.3567,9.9625,1,1,0,0,2,11059200
1080,1,reference,1171,1280,720,1920,1080,11.5374,12.5149,9.87034,1,1,0,0,2,11059200
1080,1,reference,1172,1280,720,1920,1080,11.3234,12.3614,9.94509,1,1,0,0,2,11059200
1080,1,reference,1173,1280,720,1920,1080,11.5558,12.5612,9.88877,1,1,0,0,2,11059200
1080,1,reference,1174,1280,720,1920,1080,11.5128,12.5042,9.86317,1,1,0,0,2,11059200
1080,1,reference,1175,1280,720,1920,1080,11.0623,12.1932,9.68192,1,1,0,0,2,11059200
1080,1,reference,1176,1280,720,1920,1080,11.2722,12.3434,9.89491,1,1,0,0,2,11059200
1080,1,reference,1177,1280,720,1920,1080,11.1903,12.3655,8.56371,1,1,0,0,2,11059200
1080,1,reference,1178,1280,720,1920,1080,11.5436,12.4467,9.87136,1,1,0,0,2,11059200
1080,1,reference,1179,1280,720,1920,1080,11.5999,12.6684,9.8775,1,1,0,0,2,11059200
1080,1,reference,1180,1280,720,1920,1080,11.6746,12.7792,9.93382,1,1,0,0,2,11059200
1080,1,reference,1181,1280,720,1920,1080,11.5855,12.6275,9.92461,1,1,0,0,2,11059200
1080,1,reference,1182,1280,720,1920,1080,11.5548,12.6754,9.89389,1,1,0,0,2,11059200
1080,1,reference,1183,1280,720,1920,1080,11.3592,12.3846,9.9799,1,1,0,0,2,11059200
1080,1,reference,1184,1280,720,1920,1080,11.4033,12.3816,9.71878,1,1,0,0,2,11059200
1080,1,reference,1185,1280,720,1920,1080,11.5722,12.588,9.89696,1,1,0,0,2,11059200
1080,1,reference,1186,1280,720,1920,1080,11.349,12.4062,9.97478,1,1,0,0,2,11059200
1080,1,reference,1187,1280,720,1920,1080,11.4022,12.4191,9.74643,1,1,0,0,2,11059200
1080,1,reference,1188,1280,720,1920,1080,11.5476,12.5135,9.88365,1,1,0,0,2,11059200
1080,1,reference,1189,1280,720,1920,1080,11.5886,12.5934,9.9328,1,1,0,0,2,11059200
1080,1,reference,1190,1280,720,1920,1080,11.3613,12.3957,9.98605,1,1,0,0,2,11059200
1080,1,reference,1191,1280,720,1920,1080,11.351,12.501,9.97274,1,1,0,0,2,11059200
1080,1,reference,1192,1280,720,1920,1080,11.3766,12.3959,10.0024,1,1,0,0,2,11059200
1080,1,reference,1193,1280,720,1920,1080,11.3684,12.427,9.98912,1,1,0,0,2,11059200
1080,1,reference,1194,1280,720,1920,1080,11.5354,12.6353,9.87955,1,1,0,0,2,11059200
1080,1,reference,1195,1280,720,1920,1080,11.3582,12.4389,9.9799,1,1,0,0,2,11059200
1080,1,reference,1196,1280,720,1920,1080,11.3756,12.4781,10.0014,1,1,0,0,2,11059200
1080,1,reference,1197,1280,720,1920,1080,11.3889,12.4203,10.0076,1,1,0,0,2,11059200
1080,1,reference,1198,1280,720,1920,1080,11.5866,12.5446,9.93075,1,1,0,0,2,11059200
1080,1,reference,1199,1280,720,1920,1080,11.5476,13.1894,9.90003,1,1,0,0,2,11059200
1080,1,candidate,300,1280,720,1920,1080,11.4575,12.4267,9.81299,1,1,0,0,0,0
1080,1,candidate,301,1280,720,1920,1080,11.522,12.6069,9.85498,1,1,0,0,0,0
1080,1,candidate,302,1280,720,1920,1080,11.3336,12.3892,9.67578,1,1,0,0,0,0
1080,1,candidate,303,1280,720,1920,1080,11.0428,12.2036,9.66656,1,1,0,0,0,0
1080,1,candidate,304,1280,720,1920,1080,11.0264,12.1316,9.61126,1,1,0,0,0,0
1080,1,candidate,305,1280,720,1920,1080,11.2579,12.4107,9.88262,1,1,0,0,0,0
1080,1,candidate,306,1280,720,1920,1080,11.2896,12.414,9.91539,1,1,0,0,0,0
1080,1,candidate,307,1280,720,1920,1080,11.4862,12.4334,10.1048,1,1,0,0,0,0
1080,1,candidate,308,1280,720,1920,1080,11.3992,12.4419,10.025,1,1,0,0,0,0
1080,1,candidate,309,1280,720,1920,1080,11.2148,12.5848,9.83962,1,1,0,0,0,0
1080,1,candidate,310,1280,720,1920,1080,11.2466,12.6416,9.87136,1,1,0,0,0,0
1080,1,candidate,311,1280,720,1920,1080,11.1421,12.705,9.76589,1,1,0,0,0,0
1080,1,candidate,312,1280,720,1920,1080,11.2927,12.3883,9.6471,1,1,0,0,0,0
1080,1,candidate,313,1280,720,1920,1080,11.4094,12.5347,9.76691,1,1,0,0,0,0
1080,1,candidate,314,1280,720,1920,1080,11.1933,12.4095,9.82118,1,1,0,0,0,0
1080,1,candidate,315,1280,720,1920,1080,11.349,12.4428,9.70138,1,1,0,0,0,0
1080,1,candidate,316,1280,720,1920,1080,11.1647,12.4332,9.79149,1,1,0,0,0,0
1080,1,candidate,317,1280,720,1920,1080,11.3254,12.4449,9.66861,1,1,0,0,0,0
1080,1,candidate,318,1280,720,1920,1080,11.3787,12.3279,9.728,1,1,0,0,0,0
1080,1,candidate,319,1280,720,1920,1080,11.3193,12.3807,9.67987,1,1,0,0,0,0
1080,1,candidate,320,1280,720,1920,1080,11.1892,12.4049,9.81197,1,1,0,0,0,0
1080,1,candidate,321,1280,720,1920,1080,11.349,12.5425,9.97171,1,1,0,0,0,0
1080,1,candidate,322,1280,720,1920,1080,11.3019,12.2286,9.92768,1,1,0,0,0,0
1080,1,candidate,323,1280,720,1920,1080,11.2384,12.5009,9.86317,1,1,0,0,0,0
1080,1,candidate,324,1280,720,1920,1080,11.2497,12.733,9.8775,1,1,0,0,0,0
1080,1,candidate,325,1280,720,1920,1080,11.178,12.5533,9.80275,1,1,0,0,0,0
1080,1,candidate,326,1280,720,1920,1080,11.3039,12.2568,9.6512,1,1,0,0,0,0
1080,1,candidate,327,1280,720,1920,1080,11.2456,12.5347,9.86931,1,1,0,0,0,0
1080,1,candidate,328,1280,720,1920,1080,11.2722,12.5663,9.89901,1,1,0,0,0,0
1080,1,candidate,329,1280,720,1920,1080,11.3039,12.4389,9.64506,1,1,0,0,0,0
1080,1,candidate,330,1280,720,1920,1080,11.2558,12.216,9.61331,1,1,0,0,0,0
1080,1,candidate,331,1280,720,1920,1080,11.5671,12.5877,9.91334,1,1,0,0,0,0
1080,1,candidate,332,1280,720,1920,1080,11.2876,12.2564,9.73824,1,1,0,0,0,0
1080,1,candidate,333,1280,720,1920,1080,11.3347,12.2552,9.95635,1,1,0,0,0,0
1080,1,candidate,334,1280,720,1920,1080,11.2681,12.2732,9.89491,1,1,0,0,0,0
1080,1,candidate,335,1280,720,1920,1080,11.2968,12.2494,9.92154,1,1,0,0,0,0
1080,1,candidate,336,1280,720,1920,1080,9.86931,10.7682,8.4992,1,1,0,0,0,0
1080,1,candidate,337,1280,720,1920,1080,12.2491,13.3965,10.8708,1,1,0,0,0,0
1080,1,candidate,338,1280,720,1920,1080,9.75258,10.732,8.38042,1,1,0,0,0,0
1080,1,candidate,339,1280,720,1920,1080,11.1124,11.9582,9.73414,1,1,0,0,0,0
1080,1,candidate,340,1280,720,1920,1080,11.0971,12.0798,9.71571,1,1,0,0,0,0
1080,1,candidate,341,1280,720,1920,1080,11.4883,12.3769,10.1079,1,1,0,0,0,0
1080,1,candidate,342,1280,720,1920,1080,11.3224,12.3347,9.94816,1,1,0,0,0,0
1080,1,candidate,343,1280,720,1920,1080,11.4678,12.4791,10.0925,1,1,0,0,0,0
1080,1,candidate,344,1280,720,1920,1080,11.2712,12.4134,9.89696,1,1,0,0,0,0
1080,1,candidate,345,1280,720,1920,1080,11.2517,12.2975,9.87136,1,1,0,0,0,0
1080,1,candidate,346,1280,720,1920,1080,11.0131,11.9842,9.63994,1,1,0,0,0,0
1080,1,candidate,347,1280,720,1920,1080,11.4903,12.527,9.82118,1,1,0,0,0,0
1080,1,candidate,348,1280,720,1920,1080,11.2671,12.2146,9.88774,1,1,0,0,0,0
1080,1,candidate,349,1280,720,1920,1080,11.2855,12.2364,9.9072,1,1,0,0,0,0
1080,1,candidate,350,1280,720,1920,1080,11.3469,12.4318,9.728,1,1,0,0,0,0
1080,1,candidate,351,1280,720,1920,1080,11.094,12.3425,9.71264,1,1,0,0,0,0
1080,1,candidate,352,1280,720,1920,1080,10.9691,12.0329,9.59283,1,1,0,0,0,0
1080,1,candidate,353,1280,720,1920,1080,11.4524,12.5106,9.82938,1,1,0,0,0,0
1080,1,candidate,354,1280,720,1920,1080,11.3224,12.2973,9.94611,1,1,0,0,0,0
1080,1,candidate,355,1280,720,1920,1080,11.263,12.2271,9.88672,1,1,0,0,0,0
1080,1,candidate,356,1280,720,1920,1080,11.3039,12.2668,9.92666,1,1,0,0,0,0
1080,1,candidate,357,1280,720,1920,1080,11.4084,12.3789,10.0229,1,1,0,0,0,0
1080,1,candidate,358,1280,720,1920,1080,11.4944,12.4582,9.85293,1,1,0,0,0,0
1080,1,candidate,359,1280,720,1920,1080,11.2558,12.2215,9.88262,1,1,0,0,0,0
1080,1,candidate,360,1280,720,1920,1080,11.5108,12.5244,9.86112,1,1,0,0,0,0
1080,1,candidate,361,1280,720,1920,1080,11.3172,12.364,9.93792,1,1,0,0,0,0
1080,1,candidate,362,1280,720,1920,1080,11.4504,12.4697,9.80685,1,1,0,0,0,0
1080,1,candidate,363,1280,720,1920,1080,11.4647,12.5191,9.81504,1,1,0,0,0,0
1080,1,candidate,364,1280,720,1920,1080,11.4842,12.549,9.83552,1,1,0,0,0,0
1080,1,candidate,365,1280,720,1920,1080,11.4749,12.5097,9.81402,1,1,0,0,0,0
1080,1,candidate,366,1280,720,1920,1080,11.5139,12.4681,9.86112,1,1,0,0,0,0
1080,1,candidate,367,1280,720,1920,1080,11.5282,12.6142,9.87955,1,1,0,0,0,0
1080,1,candidate,368,1280,720,1920,1080,11.2886,12.2843,9.9113,1,1,0,0,0,0
1080,1,candidate,369,1280,720,1920,1080,11.4729,12.4383,9.81094,1,1,0,0,0,0
1080,1,candidate,370,1280,720,1920,1080,11.2937,12.3643,9.91744,1,1,0,0,0,0
1080,1,candidate,371,1280,720,1920,1080,11.4401,12.4345,9.72186,1,1,0,0,0,0
1080,1,candidate,372,1280,720,1920,1080,11.2548,12.3611,9.8775,1,1,0,0,0,0
1080,1,candidate,373,1280,720,1920,1080,11.4893,12.5338,9.8345,1,1,0,0,0,0
1080,1,candidate,374,1280,720,1920,1080,11.479,12.4811,9.8345,1,1,0,0,0,0
1080,1,candidate,375,1280,720,1920,1080,11.4913,12.52,9.84883,1,1,0,0,0,0
1080,1,candidate,376,1280,720,1920,1080,11.5128,12.5648,9.86726,1,1,0,0,0,0
1080,1,candidate,377,1280,720,1920,1080,11.3121,12.3446,9.67066,1,1,0,0,0,0
1080,1,candidate,378,1280,720,1920,1080,11.4657,12.5442,9.81709,1,1,0,0,0,0
1080,1,candidate,379,1280,720,1920,1080,11.4668,12.4401,9.8263,1,1,0,0,0,0
1080,1,candidate,380,1280,720,1920,1080,11.4555,12.4449,9.81709,1,1,0,0,0,0
1080,1,candidate,381,1280,720,1920,1080,11.561,12.55,9.91744,1,1,0,0,0,0
1080,1,candidate,382,1280,720,1920,1080,11.5876,12.5818,9.8816,1,1,0,0,0,0
1080,1,candidate,383,1280,720,1920,1080,11.5261,12.5771,9.88467,1,1,0,0,0,0
1080,1,candidate,384,1280,720,1920,1080,11.2916,12.3576,9.91744,1,1,0,0,0,0
1080,1,candidate,385,1280,720,1920,1080,11.4442,12.418,9.79558,1,1,0,0,0,0
1080,1,candidate,386,1280,720,1920,1080,11.4555,12.4009,9.82016,1,1,0,0,0,0
1080,1,candidate,387,1280,720,1920,1080,11.5067,12.461,9.8601,1,1,0,0,0,0
1080,1,candidate,388,1280,720,1920,1080,11.3039,12.8199,9.9287,1,1,0,0,0,0
1080,1,candidate,389,1280,720,1920,1080,11.4412,12.6844,9.80173,1,1,0,0,0,0
1080,1,candidate,390,1280,720,1920,1080,11.2937,12.2735,9.91846,1,1,0,0,0,0
1080,1,candidate,391,1280,720,1920,1080,11.2701,12.2766,9.89389,1,1,0,0,0,0
1080,1,candidate,392,1280,720,1920,1080,11.8487,12.798,10.071,1,1,0,0,0,0
1080,1,candidate,393,1280,720,1920,1080,11.4391,12.45,9.79968,1,1,0,0,0,0
1080,1,candidate,394,1280,720,1920,1080,11.4606,12.4864,9.81811,1,1,0,0,0,0
1080,1,candidate,395,1280,720,1920,1080,11.266,12.3131,9.88979,1,1,0,0,0,0
1080,1,candidate,396,1280,720,1920,1080,11.4053,12.4104,10.028,1,1,0,0,0,0
1080,1,candidate,397,1280,720,1920,1080,12.0945,13.0327,10.7059,1,1,0,0,0,0
1080,1,candidate,398,1280,720,1920,1080,11.2865,12.341,9.9113,1,1,0,0,0,0
1080,1,candidate,399,1280,720,1920,1080,11.3306,12.3635,9.94918,1,1,0,0,0,0
1080,1,candidate,400,1280,720,1920,1080,11.2701,12.305,9.89389,1,1,0,0,0,0
1080,1,candidate,401,1280,720,1920,1080,11.4473,12.4334,9.80275,1,1,0,0,0,0
1080,1,candidate,402,1280,720,1920,1080,11.4893,12.5983,9.85395,1,1,0,0,0,0
1080,1,candidate,403,1280,720,1920,1080,11.2783,12.2454,9.90208,1,1,0,0,0,0
1080,1,candidate,404,1280,720,1920,1080,11.2906,12.3183,9.91437,1,1,0,0,0,0
1080,1,candidate,405,1280,720,1920,1080,11.478,12.4767,9.83757,1,1,0,0,0,0
1080,1,candidate,406,1280,720,1920,1080,11.3326,12.4815,9.95635,1,1,0,0,0,0
1080,1,candidate,407,1280,720,1920,1080,11.4883,12.4704,9.83142,1,1,0,0,0,0
1080,1,candidate,408,1280,720,1920,1080,11.5784,12.5906,9.93485,1,1,0,0,0,0
1080,1,candidate,409,1280,720,1920,1080,11.4739,12.4218,9.83142,1,1,0,0,0,0
1080,1,candidate,410,1280,720,1920,1080,11.4637,12.4448,9.82323,1,1,0,0,0,0
1080,1,candidate,411,1280,720,1920,1080,11.4811,12.4992,9.82835,1,1,0,0,0,0
1080,1,candidate,412,1280,720,1920,1080,11.5036,12.5622,9.86317,1,1,0,0,0,0
1080,1,candidate,413,1280,720,1920,1080,11.4719,12.5488,9.82528,1,1,0,0,0,0
1080,1,candidate,414,1280,720,1920,1080,11.5589,12.5315,9.8775,1,1,0,0,0,0
1080,1,candidate,415,1280,720,1920,1080,11.3203,12.4606,9.94406,1,1,0,0,0,0
1080,1,candidate,416,1280,720,1920,1080,11.5005,12.4543,9.85088,1,1,0,0,0,0
1080,1,candidate,417,1280,720,1920,1080,11.4893,12.455,9.83962,1,1,0,0,0,0
1080,1,candidate,418,1280,720,1920,1080,11.266,12.3633,9.89184,1,1,0,0,0,0
1080,1,candidate,419,1280,720,1920,1080,11.5569,12.6128,9.9072,1,1,0,0,0,0
1080,1,candidate,420,1280,720,1920,1080,11.4698,12.4757,9.81094,1,1,0,0,0,0
1080,1,candidate,421,1280,720,1920,1080,11.4831,12.4931,9.83654,1,1,0,0,0,0
1080,1,candidate,422,1280,720,1920,1080,11.4729,12.5772,9.82835,1,1,0,0,0,0
1080,1,candidate,423,1280,720,1920,1080,11.2845,12.3489,9.91027,1,1,0,0,0,0
1080,1,candidate,424,1280,720,1920,1080,11.5108,12.5058,9.86317,1,1,0,0,0,0
1080,1,candidate,425,1280,720,1920,1080,11.4545,12.4368,9.81811,1,1,0,0,0,0
1080,1,candidate,426,1280,720,1920,1080,11.478,12.5179,9.84371,1,1,0,0,0,0
1080,1,candidate,427,1280,720,1920,1080,11.4852,12.521,9.84576,1,1,0,0,0,0
1080,1,candidate,428,1280,720,1920,1080,11.9644,13.0085,10.3158,1,1,0,0,0,0
1080,1,candidate,429,1280,720,1920,1080,11.5354,12.6178,9.98502,1,1,0,0,0,0
1080,1,candidate,430,1280,720,1920,1080,11.3254,12.2985,9.95226,1,1,0,0,0,0
1080,1,candidate,431,1280,720,1920,1080,11.2937,12.2665,9.91437,1,1,0,0,0,0
1080,1,candidate,432,1280,720,1920,1080,11.4289,12.3706,9.80378,1,1,0,0,0,0
1080,1,candidate,433,1280,720,1920,1080,11.5261,12.5092,9.87955,1,1,0,0,0,0
1080,1,candidate,434,1280,720,1920,1080,11.5579,12.5661,9.93382,1,1,0,0,0,0
1080,1,candidate,435,1280,720,1920,1080,11.5446,12.5035,9.88672,1,1,0,0,0,0
1080,1,candidate,436,1280,720,1920,1080,11.3398,12.3296,9.9625,1,1,0,0,0,0
1080,1,candidate,437,1280,720,1920,1080,11.3254,12.3193,9.68397,1,1,0,0,0,0
1080,1,candidate,438,1280,720,1920,1080,11.3193,12.277,9.94611,1,1,0,0,0,0
1080,1,candidate,439,1280,720,1920,1080,9.89696,10.8713,8.52275,1,1,0,0,0,0
1080,1,candidate,440,1280,720,1920,1080,11.3746,12.2881,10.0004,1,1,0,0,0,0
1080,1,candidate,441,1280,720,1920,1080,10.9117,12.0222,9.53856,1,1,0,0,0,0
1080,1,candidate,442,1280,720,1920,1080,11.4207,12.3181,10.0465,1,1,0,0,0,0
1080,1,candidate,443,1280,720,1920,1080,11.2568,12.2166,9.87955,1,1,0,0,0,0
1080,1,candidate,444,1280,720,1920,1080,11.2865,12.2519,9.91232,1,1,0,0,0,0
1080,1,candidate,445,1280,720,1920,1080,11.2927,12.3098,9.91846,1,1,0,0,0,0
1080,1,candidate,446,1280,720,1920,1080,11.2271,12.2827,9.85395,1,1,0,0,0,0
1080,1,candidate,447,1280,720,1920,1080,11.4555,12.4119,10.0782,1,1,0,0,0,0
1080,1,candidate,448,1280,720,1920,1080,11.2302,12.2099,9.84986,1,1,0,0,0,0
1080,1,candidate,449,1280,720,1920,1080,11.3859,12.3158,10.0086,1,1,0,0,0,0
1080,1,candidate,450,1280,720,1920,1080,11.3265,12.3178,9.95226,1,1,0,0,0,0
1080,1,candidate,451,1280,720,1920,1080,11.4412,12.3774,9.81504,1,1,0,0,0,0
1080,1,candidate,452,1280,720,1920,1080,11.3582,12.3321,9.98195,1,1,0,0,0,0
1080,1,candidate,453,1280,720,1920,1080,11.4637,12.4296,9.83859,1,1,0,0,0,0
1080,1,candidate,454,1280,720,1920,1080,11.4504,12.3602,9.82835,1,1,0,0,0,0
1080,1,candidate,455,1280,720,1920,1080,11.4698,12.4112,9.81504,1,1,0,0,0,0
1080,1,candidate,456,1280,720,1920,1080,11.4739,12.5313,9.81504,1,1,0,0,0,0
1080,1,candidate,457,1280,720,1920,1080,11.6081,12.6009,9.82016,1,1,0,0,0,0
1080,1,candidate,458,1280,720,1920,1080,12.0648,13.0702,10.6691,1,1,0,0,0,0
1080,1,candidate,459,1280,720,1920,1080,11.5476,12.5308,9.90106,1,1,0,0,0,0
1080,1,candidate,460,1280,720,1920,1080,11.3019,12.3752,9.90925,1,1,0,0,0,0
1080,1,candidate,461,1280,720,1920,1080,11.0285,12.1487,9.65222,1,1,0,0,0,0
1080,1,candidate,462,1280,720,1920,1080,11.2036,12.1766,9.82938,1,1,0,0,0,0
1080,1,candidate,463,1280,720,1920,1080,11.2364,12.2669,9.86214,1,1,0,0,0,0
1080,1,candidate,464,1280,720,1920,1080,11.2916,12.1802,9.66656,1,1,0,0,0,0
1080,1,candidate,465,1280,720,1920,1080,11.3172,12.2704,9.66349,1,1,0,0,0,0
1080,1,candidate,466,1280,720,1920,1080,9.728,10.7847,8.35584,1,1,0,0,0,0
1080,1,candidate,467,1280,720,1920,1080,11.2589,12.1919,9.88058,1,1,0,0,0,0
1080,1,candidate,468,1280,720,1920,1080,11.4463,12.4596,10.068,1,1,0,0,0,0
1080,1,candidate,469,1280,720,1920,1080,11.2753,12.3483,9.90106,1,1,0,0,0,0
1080,1,candidate,470,1280,720,1920,1080,11.2876,12.2818,9.91334,1,1,0,0,0,0
1080,1,candidate,471,1280,720,1920,1080,9.72493,10.6123,8.35174,1,1,0,0,0,0
1080,1,candidate,472,1280,720,1920,1080,11.69,12.5464,10.1519,1,1,0,0,0,0
1080,1,candidate,473,1280,720,1920,1080,11.5528,12.4738,10.1755,1,1,0,0,0,0
1080,1,candidate,474,1280,720,1920,1080,11.7576,12.6914,10.113,1,1,0,0,0,0
1080,1,candidate,475,1280,720,1920,1080,11.2394,12.6101,9.86419,1,1,0,0,0,0
1080,1,candidate,476,1280,720,1920,1080,11.9624,12.9517,10.3383,1,1,0,0,0,0
1080,1,candidate,477,1280,720,1920,1080,11.2978,12.2199,9.92154,1,1,0,0,0,0
1080,1,candidate,478,1280,720,1920,1080,11.1821,12.4441,9.7577,1,1,0,0,0,0
1080,1,candidate,479,1280,720,1920,1080,10.923,12.0038,9.54675,1,1,0,0,0,0
1080,1,candidate,480,1280,720,1920,1080,11.2169,12.1953,9.84166,1,1,0,0,0,0
1080,1,candidate,481,1280,720,1920,1080,11.2701,12.2184,9.89389,1,1,0,0,0,0
1080,1,candidate,482,1280,720,1920,1080,11.221,12.218,9.84781,1,1,0,0,0,0
1080,1,candidate,483,1280,720,1920,1080,11.2087,12.3394,9.83245,1,1,0,0,0,0
1080,1,candidate,484,1280,720,1920,1080,11.0234,12.1333,9.64915,1,1,0,0,0,0
1080,1,candidate,485,1280,720,1920,1080,11.3172,12.3269,9.93894,1,1,0,0,0,0
1080,1,candidate,486,1280,720,1920,1080,11.2589,12.1858,9.88365,1,1,0,0,0,0
1080,1,candidate,487,1280,720,1920,1080,11.2568,12.2957,9.88058,1,1,0,0,0,0
1080,1,candidate,488,1280,720,1920,1080,11.0572,12.1994,9.6809,1,1,0,0,0,0
1080,1,candidate,489,1280,720,1920,1080,11.4258,12.3011,10.0485,1,1,0,0,0,0
1080,1,candidate,490,1280,720,1920,1080,11.433,12.3889,10.0526,1,1,0,0,0,0
1080,1,candidate,491,1280,720,1920,1080,11.4842,12.4115,10.1069,1,1,0,0,0,0
1080,1,candidate,492,1280,720,1920,1080,11.2701,12.3012,9.89491,1,1,0,0,0,0
1080,1,candidate,493,1280,720,1920,1080,11.2824,12.278,9.90618,1,1,0,0,0,0
1080,1,candidate,494,1280,720,1920,1080,11.5773,12.5247,9.93075,1,1,0,0,0,0
1080,1,candidate,495,1280,720,1920,1080,11.3541,12.2795,9.97888,1,1,0,0,0,0
1080,1,candidate,496,1280,720,1920,1080,11.4565,12.4985,9.82016,1,1,0,0,0,0
1080,1,candidate,497,1280,720,1920,1080,11.2609,12.1742,9.88365,1,1,0,0,0,0
1080,1,candidate,498,1280,720,1920,1080,11.4811,12.3907,9.85907,1,1,0,0,0,0
1080,1,candidate,499,1280,720,1920,1080,11.4831,12.445,9.85293,1,1,0,0,0,0
1080,1,candidate,500,1280,720,1920,1080,12.0873,13.1265,10.3772,1,1,0,0,0,0
1080,1,candidate,501,1280,720,1920,1080,11.2906,12.2689,9.91232,1,1,0,0,0,0
1080,1,candidate,502,1280,720,1920,1080,11.3234,12.2717,9.94714,1,1,0,0,0,0
1080,1,candidate,503,1280,720,1920,1080,11.5108,12.4727,9.86317,1,1,0,0,0,0
1080,1,candidate,504,1280,720,1920,1080,11.4442,12.4826,9.8007,1,1,0,0,0,0
1080,1,candidate,505,1280,720,1920,1080,11.5743,12.5694,9.9369,1,1,0,0,0,0
1080,1,candidate,506,1280,720,1920,1080,11.2538,12.3563,9.88058,1,1,0,0,0,0
1080,1,candidate,507,1280,720,1920,1080,11.5087,12.5199,9.86214,1,1,0,0,0,0
1080,1,candidate,508,1280,720,1920,1080,11.5354,12.571,9.88467,1,1,0,0,0,0
1080,1,candidate,509,1280,720,1920,1080,11.4944,12.5089,9.84781,1,1,0,0,0,0
1080,1,candidate,510,1280,720,1920,1080,11.3152,12.3339,9.93894,1,1,0,0,0,0
1080,1,candidate,511,1280,720,1920,1080,11.478,12.5142,9.83962,1,1,0,0,0,0
1080,1,candidate,512,1280,720,1920,1080,11.435,12.3646,9.79251,1,1,0,0,0,0
1080,1,candidate,513,1280,720,1920,1080,11.5036,12.5056,9.8601,1,1,0,0,0,0
1080,1,candidate,514,1280,720,1920,1080,11.5169,12.5037,9.87546,1,1,0,0,0,0
1080,1,candidate,515,1280,720,1920,1080,11.2947,12.3368,9.91744,1,1,0,0,0,0
1080,1,candidate,516,1280,720,1920,1080,11.5036,12.5053,9.86112,1,1,0,0,0,0
1080,1,candidate,517,1280,720,1920,1080,11.4555,12.4639,9.81504,1,1,0,0,0,0
1080,1,candidate,518,1280,720,1920,1080,9.91539,10.901,8.54323,1,1,0,0,0,0
1080,1,candidate,519,1280,720,1920,1080,17.6486,18.7942,16.2673,1,1,0,0,0,0
1080,1,candidate,520,1280,720,1920,1080,11.433,12.4047,10.0547,1,1,0,0,0,0
1080,1,candidate,521,1280,720,1920,1080,11.3879,12.3234,10.0086,1,1,0,0,0,0
1080,1,candidate,522,1280,720,1920,1080,11.2589,12.1644,9.88262,1,1,0,0,0,0
1080,1,candidate,523,1280,720,1920,1080,11.4237,12.5089,9.78125,1,1,0,0,0,0
1080,1,candidate,524,1280,720,1920,1080,11.4524,12.433,9.79149,1,1,0,0,0,0
1080,1,candidate,525,1280,720,1920,1080,11.5098,12.5702,9.86419,1,1,0,0,0,0
1080,1,candidate,526,1280,720,1920,1080,11.4432,12.4669,9.78944,1,1,0,0,0,0
1080,1,candidate,527,1280,720,1920,1080,11.2732,12.2071,9.89901,1,1,0,0,0,0
1080,1,candidate,528,1280,720,1920,1080,11.518,12.4859,9.8775,1,1,0,0,0,0
1080,1,candidate,529,1280,720,1920,1080,11.5548,12.5991,9.89491,1,1,0,0,0,0
1080,1,candidate,530,1280,720,1920,1080,11.4852,12.4925,9.8304,1,1,0,0,0,0
1080,1,candidate,531,1280,720,1920,1080,11.2988,12.2801,9.92154,1,1,0,0,0,0
1080,1,candidate,532,1280,720,1920,1080,11.4555,12.4667,9.80685,1,1,0,0,0,0
1080,1,candidate,533,1280,720,1920,1080,11.2507,12.3186,9.83245,1,1,0,0,0,0
1080,1,candidate,534,1280,720,1920,1080,11.3418,12.2706,9.79046,1,1,0,0,0,0
1080,1,candidate,535,1280,720,1920,1080,11.2947,12.2719,9.91949,1,1,0,0,0,0
1080,1,candidate,536,1280,720,1920,1080,9.75667,10.6607,8.38656,1,1,0,0,0,0
1080,1,candidate,537,1280,720,1920,1080,11.2343,13.1979,9.85907,1,1,0,0,0,0
1080,1,candidate,538,1280,720,1920,1080,11.2906,12.3456,9.91232,1,1,0,0,0,0
1080,1,candidate,539,1280,720,1920,1080,11.3193,12.2895,9.94406,1,1,0,0,0,0
1080,1,candidate,540,1280,720,1920,1080,11.2968,12.3406,9.92461,1,1,0,0,0,0
1080,1,candidate,541,1280,720,1920,1080,11.6992,12.729,10.0874,1,1,0,0,0,0
1080,1,candidate,542,1280,720,1920,1080,11.2814,12.6067,9.90515,1,1,0,0,0,0
1080,1,candidate,543,1280,720,1920,1080,11.1135,12.378,9.73619,1,1,0,0,0,0
1080,1,candidate,544,1280,720,1920,1080,11.263,12.451,9.88672,1,1,0,0,0,0
1080,1,candidate,545,1280,720,1920,1080,11.0203,12.2096,9.64301,1,1,0,0,0,0
1080,1,candidate,546,1280,720,1920,1080,11.4483,12.3169,10.0731,1,1,0,0,0,0
1080,1,candidate,547,1280,720,1920,1080,11.2927,12.2265,9.91334,1,1,0,0,0,0
1080,1,candidate,548,1280,720,1920,1080,11.05,12.2269,9.66963,1,1,0,0,0,0
1080,1,candidate,549,1280,720,1920,1080,11.4463,12.413,10.069,1,1,0,0,0,0
1080,1,candidate,550,1280,720,1920,1080,11.2599,12.2652,9.8857,1,1,0,0,0,0
1080,1,candidate,551,1280,720,1920,1080,11.2947,12.2237,9.92051,1,1,0,0,0,0
1080,1,candidate,552,1280,720,1920,1080,11.4831,12.5641,10.1069,1,1,0,0,0,0
1080,1,candidate,553,1280,720,1920,1080,11.3746,12.4231,9.99731,1,1,0,0,0,0
1080,1,candidate,554,1280,720,1920,1080,11.9992,13.1437,10.3629,1,1,0,0,0,0
1080,1,candidate,555,1280,720,1920,1080,11.2671,12.2168,9.89184,1,1,0,0,0,0
1080,1,candidate,556,1280,720,1920,1080,11.2794,12.3672,9.90515,1,1,0,0,0,0
1080,1,candidate,557,1280,720,1920,1080,11.3377,12.2598,9.9584,1,1,0,0,0,0
1080,1,candidate,558,1280,720,1920,1080,11.2763,12.3566,9.90208,1,1,0,0,0,0
1080,1,candidate,559,1280,720,1920,1080,11.4719,12.3888,10.0966,1,1,0,0,0,0
1080,1,candidate,560,1280,720,1920,1080,11.263,12.2559,9.88877,1,1,0,0,0,0
1080,1,candidate,561,1280,720,1920,1080,11.2804,12.2537,9.90515,1,1,0,0,0,0
1080,1,candidate,562,1280,720,1920,1080,11.4719,12.4004,9.82323,1,1,0,0,0,0
1080,1,candidate,563,1280,720,1920,1080,11.5057,12.4619,9.79456,1,1,0,0,0,0
1080,1,candidate,564,1280,720,1920,1080,11.4852,12.4901,9.85088,1,1,0,0,0,0
1080,1,candidate,565,1280,720,1920,1080,11.4698,12.4221,9.83142,1,1,0,0,0,0
1080,1,candidate,566,1280,720,1920,1080,11.2906,12.249,9.91744,1,1,0,0,0,0
1080,1,candidate,567,1280,720,1920,1080,11.4893,12.5945,9.856,1,1,0,0,0,0
1080,1,candidate,568,1280,720,1920,1080,11.4862,12.4895,9.86214,1,1,0,0,0,0
1080,1,candidate,569,1280,720,1920,1080,11.4985,12.4992,9.856,1,1,0,0,0,0
1080,1,candidate,570,1280,720,1920,1080,11.4412,12.3631,9.81402,1,1,0,0,0,0
1080,1,candidate,571,1280,720,1920,1080,11.4862,12.4295,9.85498,1,1,0,0,0,0
1080,1,candidate,572,1280,720,1920,1080,11.4668,12.5129,9.83552,1,1,0,0,0,0
1080,1,candidate,573,1280,720,1920,1080,11.4729,12.5282,9.83962,1,1,0,0,0,0
1080,1,candidate,574,1280,720,1920,1080,11.4319,12.4374,9.78842,1,1,0,0,0,0
1080,1,candidate,575,1280,720,1920,1080,11.4749,12.4877,9.82426,1,1,0,0,0,0
1080,1,candidate,576,1280,720,1920,1080,11.4289,12.4608,9.8048,1,1,0,0,0,0
1080,1,candidate,577,1280,720,1920,1080,11.3705,12.3167,9.81709,1,1,0,0,0,0
1080,1,candidate,578,1280,720,1920,1080,11.4289,12.4256,10.0536,1,1,0,0,0,0
1080,1,candidate,579,1280,720,1920,1080,9.89594,10.8638,8.52173,1,1,0,0,0,0
1080,1,candidate,580,1280,720,1920,1080,13.2311,14.2413,10.6117,1,1,0,0,0,0
1080,1,candidate,581,1280,720,1920,1080,11.5292,12.5536,9.88774,1,1,0,0,0,0
1080,1,candidate,582,1280,720,1920,1080,11.4442,12.398,9.8048,1,1,0,0,0,0
1080,1,candidate,583,1280,720,1920,1080,11.4422,12.4133,9.8048,1,1,0,0,0,0
1080,1,candidate,584,1280,720,1920,1080,11.4483,12.5082,9.80992,1,1,0,0,0,0
1080,1,candidate,585,1280,720,1920,1080,11.5282,12.4795,9.8775,1,1,0,0,0,0
1080,1,candidate,586,1280,720,1920,1080,11.476,12.4849,9.84269,1,1,0,0,0,0
1080,1,candidate,587,1280,720,1920,1080,11.4514,12.6061,9.80992,1,1,0,0,0,0
1080,1,candidate,588,1280,720,1920,1080,11.4934,12.5614,9.85088,1,1,0,0,0,0
1080,1,candidate,589,1280,720,1920,1080,11.4637,12.5123,9.82528,1,1,0,0,0,0
1080,1,candidate,590,1280,720,1920,1080,11.2466,12.1855,9.87238,1,1,0,0,0,0
1080,1,candidate,591,1280,720,1920,1080,11.4432,12.5119,9.80378,1,1,0,0,0,0
1080,1,candidate,592,1280,720,1920,1080,11.4852,12.4827,9.84064,1,1,0,0,0,0
1080,1,candidate,593,1280,720,1920,1080,11.4412,12.4727,9.80378,1,1,0,0,0,0
1080,1,candidate,594,1280,720,1920,1080,11.5722,12.6411,9.9287,1,1,0,0,0,0
1080,1,candidate,595,1280,720,1920,1080,11.5046,12.6392,9.86112,1,1,0,0,0,0
1080,1,candidate,596,1280,720,1920,1080,11.2988,12.3715,9.92563,1,1,0,0,0,0
1080,1,candidate,597,1280,720,1920,1080,11.4964,12.4346,9.85293,1,1,0,0,0,0
1080,1,candidate,598,1280,720,1920,1080,11.5026,12.5826,9.86317,1,1,0,0,0,0
1080,1,candidate,599,1280,720,1920,1080,11.5282,12.5211,9.88262,1,1,0,0,0,0
1080,1,candidate,600,1280,720,1920,1080,11.2906,12.4462,9.91437,1,1,0,0,0,0
1080,1,candidate,601,1280,720,1920,1080,11.394,12.4207,10.0157,1,1,0,0,0,0
1080,1,candidate,602,1280,720,1920,1080,11.4463,12.3844,9.80173,1,1,0,0,0,0
1080,1,candidate,603,1280,720,1920,1080,11.3029,12.2374,9.65734,1,1,0,0,0,0
1080,1,candidate,604,1280,720,1920,1080,9.73926,10.7359,8.36506,1,1,0,0,0,0
1080,1,candidate,605,1280,720,1920,1080,12.4897,13.6066,11.0909,1,1,0,0,0,0
1080,1,candidate,606,1280,720,1920,1080,11.4452,12.4427,10.0588,1,1,0,0,0,0
1080,1,candidate,607,1280,720,1920,1080,11.732,12.6972,10.0444,1,1,0,0,0,0
1080,1,candidate,608,1280,720,1920,1080,9.78022,10.7113,8.40909,1,1,0,0,0,0
1080,1,candidate,609,1280,720,1920,1080,11.6531,12.4822,10.2769,1,1,0,0,0,0
1080,1,candidate,610,1280,720,1920,1080,11.6931,12.6282,10.3219,1,1,0,0,0,0
1080,1,candidate,611,1280,720,1920,1080,12.6249,13.9378,11.2323,1,1,0,0,0,0
1080,1,candidate,612,1280,720,1920,1080,11.2271,12.5288,9.84986,1,1,0,0,0,0
1080,1,candidate,613,1280,720,1920,1080,11.3428,12.2748,9.69216,1,1,0,0,0,0
1080,1,candidate,614,1280,720,1920,1080,11.435,12.4757,10.0618,1,1,0,0,0,0
1080,1,candidate,615,1280,720,1920,1080,11.6142,12.6221,9.11565,1,1,0,0,0,0
1080,1,candidate,616,1280,720,1920,1080,11.1514,12.3182,9.77715,1,1,0,0,0,0
1080,1,candidate,617,1280,720,1920,1080,11.1421,12.2704,9.76794,1,1,0,0,0,0
1080,1,candidate,618,1280,720,1920,1080,10.8544,11.8803,9.48224,1,1,0,0,0,0
1080,1,candidate,619,1280,720,1920,1080,11.4524,12.419,10.0792,1,1,0,0,0,0
1080,1,candidate,620,1280,720,1920,1080,11.3275,12.2612,9.95533,1,1,0,0,0,0
1080,1,candidate,621,1280,720,1920,1080,11.1411,12.2963,9.76794,1,1,0,0,0,0
1080,1,candidate,622,1280,720,1920,1080,11.2722,12.2456,9.89798,1,1,0,0,0,0
1080,1,candidate,623,1280,720,1920,1080,11.2783,12.2917,9.9031,1,1,0,0,0,0
1080,1,candidate,624,1280,720,1920,1080,11.0807,12.1831,9.69114,1,1,0,0,0,0
1080,1,candidate,625,1280,720,1920,1080,11.4831,12.3768,10.1048,1,1,0,0,0,0
1080,1,candidate,626,1280,720,1920,1080,11.2353,12.2271,9.86522,1,1,0,0,0,0
1080,1,candidate,627,1280,720,1920,1080,11.4473,12.4923,10.0731,1,1,0,0,0,0
1080,1,candidate,628,1280,720,1920,1080,11.39,12.4053,10.0188,1,1,0,0,0,0
1080,1,candidate,629,1280,720,1920,1080,11.4176,12.4255,10.0413,1,1,0,0,0,0
1080,1,candidate,630,1280,720,1920,1080,11.3848,12.3897,10.0096,1,1,0,0,0,0
1080,1,candidate,631,1280,720,1920,1080,11.1503,12.2688,8.47565,1,1,0,0,0,0
1080,1,candidate,632,1280,720,1920,1080,10.9814,12.0575,9.60717,1,1,0,0,0,0
1080,1,candidate,633,1280,720,1920,1080,11.1964,12.1382,9.82016,1,1,0,0,0,0
1080,1,candidate,634,1280,720,1920,1080,11.2497,12.2851,9.8775,1,1,0,0,0,0
1080,1,candidate,635,1280,720,1920,1080,11.2794,12.255,9.65632,1,1,0,0,0,0
1080,1,candidate,636,1280,720,1920,1080,11.3326,12.3001,9.69114,1,1,0,0,0,0
1080,1,candidate,637,1280,720,1920,1080,11.18,12.5452,9.80685,1,1,0,0,0,0
1080,1,candidate,638,1280,720,1920,1080,11.263,12.6515,9.89184,1,1,0,0,0,0
1080,1,candidate,639,1280,720,1920,1080,11.2128,12.5736,9.83757,1,1,0,0,0,0
1080,1,candidate,640,1280,720,1920,1080,11.3285,12.4381,9.67987,1,1,0,0,0,0
1080,1,candidate,641,1280,720,1920,1080,11.2671,12.3078,9.63072,1,1,0,0,0,0
1080,1,candidate,642,1280,720,1920,1080,11.308,12.2245,9.66144,1,1,0,0,0,0
1080,1,candidate,643,1280,720,1920,1080,11.2097,12.4325,9.83654,1,1,0,0,0,0
1080,1,candidate,644,1280,720,1920,1080,11.2579,12.5376,9.88774,1,1,0,0,0,0
1080,1,candidate,645,1280,720,1920,1080,11.1585,12.5694,9.78125,1,1,0,0,0,0
1080,1,candidate,646,1280,720,1920,1080,11.2415,12.4309,9.87034,1,1,0,0,0,0
1080,1,candidate,647,1280,720,1920,1080,11.2527,12.4997,9.87853,1,1,0,0,0,0
1080,1,candidate,648,1280,720,1920,1080,11.5446,12.4594,9.91642,1,1,0,0,0,0
1080,1,candidate,649,1280,720,1920,1080,11.6634,12.5916,9.87238,1,1,0,0,0,0
1080,1,candidate,650,1280,720,1920,1080,11.2456,12.5774,9.87546,1,1,0,0,0,0
1080,1,candidate,651,1280,720,1920,1080,11.308,12.3029,9.63789,1,1,0,0,0,0
1080,1,candidate,652,1280,720,1920,1080,11.2814,12.3198,9.59693,1,1,0,0,0,0
1080,1,candidate,653,1280,720,1920,1080,11.2486,12.5271,9.87648,1,1,0,0,0,0
1080,1,candidate,654,1280,720,1920,1080,11.1534,12.4665,9.78125,1,1,0,0,0,0
1080,1,candidate,655,1280,720,1920,1080,11.136,12.4151,9.76179,1,1,0,0,0,0
1080,1,candidate,656,1280,720,1920,1080,11.1903,12.5886,9.81914,1,1,0,0,0,0
1080,1,candidate,657,1280,720,1920,1080,11.2568,12.5772,9.88365,1,1,0,0,0,0
1080,1,candidate,658,1280,720,1920,1080,11.1688,12.423,9.79558,1,1,0,0,0,0
1080,1,candidate,659,1280,720,1920,1080,11.5886,12.6395,9.9031,1,1,0,0,0,0
1080,1,candidate,660,1280,720,1920,1080,11.3398,12.3091,9.65939,1,1,0,0,0,0
1080,1,candidate,661,1280,720,1920,1080,11.177,12.5798,9.8007,1,1,0,0,0,0
1080,1,candidate,662,1280,720,1920,1080,11.3306,12.4478,9.65734,1,1,0,0,0,0
1080,1,candidate,663,1280,720,1920,1080,11.349,12.335,9.66656,1,1,0,0,0,0
1080,1,candidate,664,1280,720,1920,1080,11.1493,12.4819,9.77715,1,1,0,0,0,0
1080,1,candidate,665,1280,720,1920,1080,11.2394,12.6266,9.86624,1,1,0,0,0,0
1080,1,candidate,666,1280,720,1920,1080,11.3551,12.3055,9.69216,1,1,0,0,0,0
1080,1,candidate,667,1280,720,1920,1080,11.2148,12.504,9.84269,1,1,0,0,0,0
1080,1,candidate,668,1280,720,1920,1080,10.1048,11.08,8.7337,1,1,0,0,0,0
1080,1,candidate,669,1280,720,1920,1080,9.40237,10.3588,8.02918,1,1,0,0,0,0
1080,1,candidate,670,1280,720,1920,1080,12.7058,13.7881,11.305,1,1,0,0,0,0
1080,1,candidate,671,1280,720,1920,1080,9.89184,10.7963,8.52173,1,1,0,0,0,0
1080,1,candidate,672,1280,720,1920,1080,11.1258,12.042,9.75462,1,1,0,0,0,0
1080,1,candidate,673,1280,720,1920,1080,11.1759,12.0904,9.80378,1,1,0,0,0,0
1080,1,candidate,674,1280,720,1920,1080,11.0408,12.0449,9.64301,1,1,0,0,0,0
1080,1,candidate,675,1280,720,1920,1080,11.5814,12.5862,9.91949,1,1,0,0,0,0
1080,1,candidate,676,1280,720,1920,1080,11.221,12.2046,9.84883,1,1,0,0,0,0
1080,1,candidate,677,1280,720,1920,1080,11.1309,12.1486,9.73517,1,1,0,0,0,0
1080,1,candidate,678,1280,720,1920,1080,11.2323,12.1943,9.67373,1,1,0,0,0,0
1080,1,candidate,679,1280,720,1920,1080,11.3326,12.3272,9.95738,1,1,0,0,0,0
1080,1,candidate,680,1280,720,1920,1080,11.2876,12.2872,9.66246,1,1,0,0,0,0
1080,1,candidate,681,1280,720,1920,1080,11.4749,12.4066,10.1038,1,1,0,0,0,0
1080,1,candidate,682,1280,720,1920,1080,11.4493,12.4865,10.0772,1,1,0,0,0,0
1080,1,candidate,683,1280,720,1920,1080,11.4688,12.4424,10.0966,1,1,0,0,0,0
1080,1,candidate,684,1280,720,1920,1080,11.2947,12.2675,9.92358,1,1,0,0,0,0
1080,1,candidate,685,1280,720,1920,1080,11.393,12.3116,10.0178,1,1,0,0,0,0
1080,1,candidate,686,1280,720,1920,1080,11.477,12.5126,10.1048,1,1,0,0,0,0
1080,1,candidate,687,1280,720,1920,1080,11.2466,12.3101,9.87341,1,1,0,0,0,0
1080,1,candidate,688,1280,720,1920,1080,11.1421,12.2743,8.51866,1,1,0,0,0,0
1080,1,candidate,689,1280,720,1920,1080,11.01,12.1102,9.63789,1,1,0,0,0,0
1080,1,candidate,690,1280,720,1920,1080,11.223,12.2185,9.8519,1,1,0,0,0,0
1080,1,candidate,691,1280,720,1920,1080,11.2445,12.1584,9.62662,1,1,0,0,0,0
1080,1,candidate,692,1280,720,1920,1080,11.3316,12.2317,9.60205,1,1,0,0,0,0
1080,1,candidate,693,1280,720,1920,1080,11.2609,12.5298,9.88774,1,1,0,0,0,0
1080,1,candidate,694,1280,720,1920,1080,11.22,12.4411,9.84678,1,1,0,0,0,0
1080,1,candidate,695,1280,720,1920,1080,11.2886,12.3588,9.91334,1,1,0,0,0,0
1080,1,candidate,696,1280,720,1920,1080,11.2456,12.2216,9.60819,1,1,0,0,0,0
1080,1,candidate,697,1280,720,1920,1080,11.1657,12.3501,9.78842,1,1,0,0,0,0
1080,1,candidate,698,1280,720,1920,1080,11.5282,12.4456,9.88672,1,1,0,0,0,0
1080,1,candidate,699,1280,720,1920,1080,11.0008,12.2185,9.62867,1,1,0,0,0,0
1080,1,candidate,700,1280,720,1920,1080,11.2128,12.1423,9.83962,1,1,0,0,0,0
1080,1,candidate,701,1280,720,1920,1080,11.2701,12.2568,9.64813,1,1,0,0,0,0
1080,1,candidate,702,1280,720,1920,1080,10.9722,12.1411,9.6,1,1,0,0,0,0
1080,1,candidate,703,1280,720,1920,1080,11.2353,12.215,9.86317,1,1,0,0,0,0
1080,1,candidate,704,1280,720,1920,1080,11.2261,12.3268,9.85293,1,1,0,0,0,0
1080,1,candidate,705,1280,720,1920,1080,11.2599,12.258,9.8857,1,1,0,0,0,0
1080,1,candidate,706,1280,720,1920,1080,11.5077,12.4765,10.1325,1,1,0,0,0,0
1080,1,candidate,707,1280,720,1920,1080,11.3388,12.5342,9.9625,1,1,0,0,0,0
1080,1,candidate,708,1280,720,1920,1080,11.4278,12.5045,9.81606,1,1,0,0,0,0
1080,1,candidate,709,1280,720,1920,1080,11.3818,12.3472,10.0076,1,1,0,0,0,0
1080,1,candidate,710,1280,720,1920,1080,11.4196,12.3515,10.0475,1,1,0,0,0,0
1080,1,candidate,711,1280,720,1920,1080,11.4156,12.3714,10.0434,1,1,0,0,0,0
1080,1,candidate,712,1280,720,1920,1080,11.4545,12.4367,10.0823,1,1,0,0,0,0
1080,1,candidate,713,1280,720,1920,1080,11.394,12.6141,10.0219,1,1,0,0,0,0
1080,1,candidate,714,1280,720,1920,1080,11.3654,12.2771,9.99322,1,1,0,0,0,0
1080,1,candidate,715,1280,720,1920,1080,11.3562,12.3606,9.9799,1,1,0,0,0,0
1080,1,candidate,716,1280,720,1920,1080,11.2476,12.1505,9.87238,1,1,0,0,0,0
1080,1,candidate,717,1280,720,1920,1080,11.2384,12.2209,9.86624,1,1,0,0,0,0
1080,1,candidate,718,1280,720,1920,1080,11.479,12.5179,9.85395,1,1,0,0,0,0
1080,1,candidate,719,1280,720,1920,1080,11.2374,12.1859,9.61638,1,1,0,0,0,0
1080,1,candidate,720,1280,720,1920,1080,11.2404,12.154,9.61741,1,1,0,0,0,0
1080,1,candidate,721,1280,720,1920,1080,11.2855,12.2688,9.66042,1,1,0,0,0,0
1080,1,candidate,722,1280,720,1920,1080,11.2486,12.4293,9.87546,1,1,0,0,0,0
1080,1,candidate,723,1280,720,1920,1080,11.1524,12.4475,9.78022,1,1,0,0,0,0
1080,1,candidate,724,1280,720,1920,1080,9.73722,10.6751,8.37018,1,1,0,0,0,0
1080,1,candidate,725,1280,720,1920,1080,9.43104,10.4165,8.05888,1,1,0,0,0,0
1080,1,candidate,726,1280,720,1920,1080,12.1866,13.178,10.7704,1,1,0,0,0,0
1080,1,candidate,727,1280,720,1920,1080,11.2323,12.3574,8.58317,1,1,0,0,0,0
1080,1,candidate,728,1280,720,1920,1080,11.2466,12.1757,9.87546,1,1,0,0,0,0
1080,1,candidate,729,1280,720,1920,1080,9.8048,10.6978,8.43366,1,1,0,0,0,0
1080,1,candidate,730,1280,720,1920,1080,11.3295,12.2063,9.95942,1,1,0,0,0,0
1080,1,candidate,731,1280,720,1920,1080,12.884,13.9262,10.2584,1,1,0,0,0,0
1080,1,candidate,732,1280,720,1920,1080,11.2681,12.2987,9.89389,1,1,0,0,0,0
1080,1,candidate,733,1280,720,1920,1080,11.1872,12.6018,9.81299,1,1,0,0,0,0
1080,1,candidate,734,1280,720,1920,1080,11.2517,12.4835,9.8816,1,1,0,0,0,0
1080,1,candidate,735,1280,720,1920,1080,11.4401,12.4059,10.0649,1,1,0,0,0,0
1080,1,candidate,736,1280,720,1920,1080,11.0203,12.1359,9.64915,1,1,0,0,0,0
1080,1,candidate,737,1280,720,1920,1080,11.3961,12.468,10.0198,1,1,0,0,0,0
1080,1,candidate,738,1280,720,1920,1080,10.9834,12.093,9.61229,1,1,0,0,0,0
1080,1,candidate,739,1280,720,1920,1080,11.1995,12.2157,9.82016,1,1,0,0,0,0
1080,1,candidate,740,1280,720,1920,1080,11.2773,12.225,9.90515,1,1,0,0,0,0
1080,1,candidate,741,1280,720,1920,1080,11.0141,12.1581,9.62662,1,1,0,0,0,0
1080,1,candidate,742,1280,720,1920,1080,11.3275,12.2805,9.69933,1,1,0,0,0,0
1080,1,candidate,743,1280,720,1920,1080,11.2415,12.1983,9.86931,1,1,0,0,0,0
1080,1,candidate,744,1280,720,1920,1080,11.4831,12.4973,9.9369,1,1,0,0,0,0
1080,1,candidate,745,1280,720,1920,1080,11.4637,12.4405,9.84576,1,1,0,0,0,0
1080,1,candidate,746,1280,720,1920,1080,11.4125,12.3925,10.0383,1,1,0,0,0,0
1080,1,candidate,747,1280,720,1920,1080,11.4186,12.3448,10.0454,1,1,0,0,0,0
1080,1,candidate,748,1280,720,1920,1080,11.3961,12.4058,10.027,1,1,0,0,0,0
1080,1,candidate,749,1280,720,1920,1080,11.9357,12.8611,10.3137,1,1,0,0,0,0
1080,1,candidate,750,1280,720,1920,1080,11.3879,12.3845,10.0157,1,1,0,0,0,0
1080,1,candidate,751,1280,720,1920,1080,11.4135,12.3535,10.0403,1,1,0,0,0,0
1080,1,candidate,752,1280,720,1920,1080,11.4452,12.4531,10.0741,1,1,0,0,0,0
1080,1,candidate,753,1280,720,1920,1080,11.2128,12.2152,9.84166,1,1,0,0,0,0
1080,1,candidate,754,1280,720,1920,1080,11.4432,12.4903,10.0721,1,1,0,0,0,0
1080,1,candidate,755,1280,720,1920,1080,11.3439,12.3293,9.96864,1,1,0,0,0,0
1080,1,candidate,756,1280,720,1920,1080,11.7197,12.711,10.3455,1,1,0,0,0,0
1080,1,candidate,757,1280,720,1920,1080,11.2374,12.1746,9.86624,1,1,0,0,0,0
1080,1,candidate,758,1280,720,1920,1080,11.4586,12.4167,9.82221,1,1,0,0,0,0
1080,1,candidate,759,1280,720,1920,1080,11.221,12.1981,9.84678,1,1,0,0,0,0
1080,1,candidate,760,1280,720,1920,1080,12.0648,13.119,10.6783,1,1,0,0,0,0
1080,1,candidate,761,1280,720,1920,1080,11.4483,12.4726,10.0721,1,1,0,0,0,0
1080,1,candidate,762,1280,720,1920,1080,11.3981,12.412,10.0239,1,1,0,0,0,0
1080,1,candidate,763,1280,720,1920,1080,11.4442,12.3739,10.0721,1,1,0,0,0,0
1080,1,candidate,764,1280,720,1920,1080,11.305,12.3679,9.93178,1,1,0,0,0,0
1080,1,candidate,765,1280,720,1920,1080,11.4207,12.4255,10.0454,1,1,0,0,0,0
1080,1,candidate,766,1280,720,1920,1080,11.2681,12.3287,9.89491,1,1,0,0,0,0
1080,1,candidate,767,1280,720,1920,1080,11.2599,12.2315,9.88467,1,1,0,0,0,0
1080,1,candidate,768,1280,720,1920,1080,11.2271,12.3219,9.8519,1,1,0,0,0,0
1080,1,candidate,769,1280,720,1920,1080,12.2634,13.3983,10.6322,1,1,0,0,0,0
1080,1,candidate,770,1280,720,1920,1080,11.2916,12.2114,9.92051,1,1,0,0,0,0
1080,1,candidate,771,1280,720,1920,1080,11.2855,12.2311,9.91232,1,1,0,0,0,0
1080,1,candidate,772,1280,720,1920,1080,11.4801,12.4591,9.83142,1,1,0,0,0,0
1080,1,candidate,773,1280,720,1920,1080,11.2312,12.2005,9.85702,1,1,0,0,0,0
1080,1,candidate,774,1280,720,1920,1080,11.4381,12.3854,9.81094,1,1,0,0,0,0
1080,1,candidate,775,1280,720,1920,1080,11.3674,12.3427,9.66042,1,1,0,0,0,0
1080,1,candidate,776,1280,720,1920,1080,11.3009,12.304,9.67987,1,1,0,0,0,0
1080,1,candidate,777,1280,720,1920,1080,9.78125,10.6849,8.40806,1,1,0,0,0,0
1080,1,candidate,778,1280,720,1920,1080,11.8292,12.7216,10.1898,1,1,0,0,0,0
1080,1,candidate,779,1280,720,1920,1080,11.4668,13.5517,10.0895,1,1,0,0,0,0
1080,1,candidate,780,1280,720,1920,1080,11.4166,12.473,10.0444,1,1,0,0,0,0
1080,1,candidate,781,1280,720,1920,1080,11.2128,12.1833,9.65734,1,1,0,0,0,0
1080,1,candidate,782,1280,720,1920,1080,11.2384,12.3562,9.86829,1,1,0,0,0,0
1080,1,candidate,783,1280,720,1920,1080,11.2476,12.4213,9.87443,1,1,0,0,0,0
1080,1,candidate,784,1280,720,1920,1080,11.3183,12.462,9.94611,1,1,0,0,0,0
1080,1,candidate,785,1280,720,1920,1080,11.3838,12.4677,10.0127,1,1,0,0,0,0
1080,1,candidate,786,1280,720,1920,1080,11.2568,12.1504,9.88365,1,1,0,0,0,0
1080,1,candidate,787,1280,720,1920,1080,11.2814,12.3719,9.90925,1,1,0,0,0,0
1080,1,candidate,788,1280,720,1920,1080,9.69626,10.5865,8.3241,1,1,0,0,0,0
1080,1,candidate,789,1280,720,1920,1080,11.1032,13.1656,9.70854,1,1,0,0,0,0
1080,1,candidate,790,1280,720,1920,1080,11.7637,12.663,10.1274,1,1,0,0,0,0
1080,1,candidate,791,1280,720,1920,1080,11.2394,12.1597,9.86522,1,1,0,0,0,0
1080,1,candidate,792,1280,720,1920,1080,11.4196,12.3761,10.0485,1,1,0,0,0,0
1080,1,candidate,793,1280,720,1920,1080,11.4586,12.5251,10.0844,1,1,0,0,0,0
1080,1,candidate,794,1280,720,1920,1080,11.3961,12.3457,10.026,1,1,0,0,0,0
1080,1,candidate,795,1280,720,1920,1080,11.434,12.3808,10.0577,1,1,0,0,0,0
1080,1,candidate,796,1280,720,1920,1080,11.4268,12.544,10.0547,1,1,0,0,0,0
1080,1,candidate,797,1280,720,1920,1080,11.3766,12.3358,10.0024,1,1,0,0,0,0
1080,1,candidate,798,1280,720,1920,1080,11.2722,12.2352,9.90003,1,1,0,0,0,0
1080,1,candidate,799,1280,720,1920,1080,11.4452,12.3915,9.81811,1,1,0,0,0,0
1080,1,candidate,800,1280,720,1920,1080,11.4432,12.4216,9.81504,1,1,0,0,0,0
1080,1,candidate,801,1280,720,1920,1080,11.4381,12.5125,9.80582,1,1,0,0,0,0
1080,1,candidate,802,1280,720,1920,1080,11.4319,12.394,9.8089,1,1,0,0,0,0
1080,1,candidate,803,1280,720,1920,1080,11.435,12.3776,9.80685,1,1,0,0,0,0
1080,1,candidate,804,1280,720,1920,1080,11.4708,12.4088,9.84269,1,1,0,0,0,0
1080,1,candidate,805,1280,720,1920,1080,11.4145,12.3908,9.78739,1,1,0,0,0,0
1080,1,candidate,806,1280,720,1920,1080,11.4381,12.5098,9.81299,1,1,0,0,0,0
1080,1,candidate,807,1280,720,1920,1080,11.4412,12.3613,9.81402,1,1,0,0,0,0
1080,1,candidate,808,1280,720,1920,1080,11.519,12.4709,9.86112,1,1,0,0,0,0
1080,1,candidate,809,1280,720,1920,1080,11.3971,12.3426,9.76179,1,1,0,0,0,0
1080,1,candidate,810,1280,720,1920,1080,11.3551,12.9993,9.97683,1,1,0,0,0,0
1080,1,candidate,811,1280,720,1920,1080,11.3203,12.2614,9.94406,1,1,0,0,0,0
1080,1,candidate,812,1280,720,1920,1080,11.4657,12.4008,9.82118,1,1,0,0,0,0
1080,1,candidate,813,1280,720,1920,1080,11.4401,12.4029,9.81504,1,1,0,0,0,0
1080,1,candidate,814,1280,720,1920,1080,11.4176,12.4595,9.7833,1,1,0,0,0,0
1080,1,candidate,815,1280,720,1920,1080,11.4565,12.3929,9.81094,1,1,0,0,0,0
1080,1,candidate,816,1280,720,1920,1080,11.3562,12.2935,9.64198,1,1,0,0,0,0
1080,1,candidate,817,1280,720,1920,1080,11.3009,12.2726,9.65734,1,1,0,0,0,0
1080,1,candidate,818,1280,720,1920,1080,11.2773,12.2937,9.63686,1,1,0,0,0,0
1080,1,candidate,819,1280,720,1920,1080,11.2998,12.3167,9.65325,1,1,0,0,0,0
1080,1,candidate,820,1280,720,1920,1080,11.8262,12.8432,10.1806,1,1,0,0,0,0
1080,1,candidate,821,1280,720,1920,1080,11.264,12.2173,9.63994,1,1,0,0,0,0
1080,1,candidate,822,1280,720,1920,1080,11.2957,12.3894,9.65734,1,1,0,0,0,0
1080,1,candidate,823,1280,720,1920,1080,11.2425,12.7512,9.86829,1,1,0,0,0,0
1080,1,candidate,824,1280,720,1920,1080,11.3746,12.5094,9.81914,1,1,0,0,0,0
1080,1,candidate,825,1280,720,1920,1080,11.2896,12.4575,9.64198,1,1,0,0,0,0
1080,1,candidate,826,1280,720,1920,1080,11.2579,12.2111,9.6215,1,1,0,0,0,0
1080,1,candidate,827,1280,720,1920,1080,11.518,12.5122,9.87853,1,1,0,0,0,0
1080,1,candidate,828,1280,720,1920,1080,11.1688,12.5899,9.79661,1,1,0,0,0,0
1080,1,candidate,829,1280,720,1920,1080,11.3398,12.4436,9.68806,1,1,0,0,0,0
1080,1,candidate,830,1280,720,1920,1080,11.2507,12.3469,9.61331,1,1,0,0,0,0
1080,1,candidate,831,1280,720,1920,1080,11.1933,12.565,9.82016,1,1,0,0,0,0
1080,1,candidate,832,1280,720,1920,1080,11.5528,12.6855,9.91232,1,1,0,0,0,0
1080,1,candidate,833,1280,720,1920,1080,11.262,12.4798,9.61946,1,1,0,0,0,0
1080,1,candidate,834,1280,720,1920,1080,11.2671,12.1729,9.63072,1,1,0,0,0,0
1080,1,candidate,835,1280,720,1920,1080,11.2302,12.5633,9.8519,1,1,0,0,0,0
1080,1,candidate,836,1280,720,1920,1080,11.1964,12.5232,9.82221,1,1,0,0,0,0
1080,1,candidate,837,1280,720,1920,1080,11.134,12.2721,9.75872,1,1,0,0,0,0
1080,1,candidate,838,1280,720,1920,1080,11.3019,12.3876,9.93075,1,1,0,0,0,0
1080,1,candidate,839,1280,720,1920,1080,11.2732,12.3133,9.89696,1,1,0,0,0,0
1080,1,candidate,840,1280,720,1920,1080,11.0848,12.2956,9.71059,1,1,0,0,0,0
1080,1,candidate,841,1280,720,1920,1080,11.0336,12.0705,9.65939,1,1,0,0,0,0
1080,1,candidate,842,1280,720,1920,1080,11.3224,12.2061,9.94714,1,1,0,0,0,0
1080,1,candidate,843,1280,720,1920,1080,10.9865,12.0601,9.60307,1,1,0,0,0,0
1080,1,candidate,844,1280,720,1920,1080,10.9793,12.0617,9.58566,1,1,0,0,0,0
1080,1,candidate,845,1280,720,1920,1080,11.2671,12.1681,9.71162,1,1,0,0,0,0
1080,1,candidate,846,1280,720,1920,1080,11.2486,12.2549,9.87853,1,1,0,0,0,0
1080,1,candidate,847,1280,720,1920,1080,11.4156,12.3312,10.0413,1,1,0,0,0,0
1080,1,candidate,848,1280,720,1920,1080,11.2794,12.2388,9.90618,1,1,0,0,0,0
1080,1,candidate,849,1280,720,1920,1080,11.476,12.4351,9.85293,1,1,0,0,0,0
1080,1,candidate,850,1280,720,1920,1080,11.52,12.5078,9.89286,1,1,0,0,0,0
1080,1,candidate,851,1280,720,1920,1080,11.2763,12.2242,9.90003,1,1,0,0,0,0
1080,1,candidate,852,1280,720,1920,1080,11.4596,12.3623,9.82528,1,1,0,0,0,0
1080,1,candidate,853,1280,720,1920,1080,11.4452,12.4404,9.81709,1,1,0,0,0,0
1080,1,candidate,854,1280,720,1920,1080,11.2763,12.1872,9.65018,1,1,0,0,0,0
1080,1,candidate,855,1280,720,1920,1080,11.262,12.2973,9.63789,1,1,0,0,0,0
1080,1,candidate,856,1280,720,1920,1080,11.2927,12.2691,9.66758,1,1,0,0,0,0
1080,1,candidate,857,1280,720,1920,1080,11.1544,12.3589,9.77613,1,1,0,0,0,0
1080,1,candidate,858,1280,720,1920,1080,11.5763,12.6531,9.88979,1,1,0,0,0,0
1080,1,candidate,859,1280,720,1920,1080,11.2947,12.2652,9.6297,1,1,0,0,0,0
1080,1,candidate,860,1280,720,1920,1080,11.2189,12.4714,9.84883,1,1,0,0,0,0
1080,1,candidate,861,1280,720,1920,1080,11.3142,12.3335,9.93792,1,1,0,0,0,0
1080,1,candidate,862,1280,720,1920,1080,11.134,12.2589,9.75974,1,1,0,0,0,0
1080,1,candidate,863,1280,720,1920,1080,9.73414,10.7425,8.35994,1,1,0,0,0,0
1080,1,candidate,864,1280,720,1920,1080,12.8184,13.9339,11.3971,1,1,0,0,0,0
1080,1,candidate,865,1280,720,1920,1080,9.81094,10.818,8.43674,1,1,0,0,0,0
1080,1,candidate,866,1280,720,1920,1080,12.6188,13.6379,11.2486,1,1,0,0,0,0
1080,1,candidate,867,1280,720,1920,1080,10.9855,12.0868,9.61024,1,1,0,0,0,0
1080,1,candidate,868,1280,720,1920,1080,11.2671,12.3033,9.89491,1,1,0,0,0,0
1080,1,candidate,869,1280,720,1920,1080,11.2824,12.2709,9.66246,1,1,0,0,0,0
1080,1,candidate,870,1280,720,1920,1080,11.2323,12.1585,9.85907,1,1,0,0,0,0
1080,1,candidate,871,1280,720,1920,1080,11.4319,12.3879,10.0588,1,1,0,0,0,0
1080,1,candidate,872,1280,720,1920,1080,11.4627,12.5228,10.0915,1,1,0,0,0,0
1080,1,candidate,873,1280,720,1920,1080,11.3736,12.3442,9.99834,1,1,0,0,0,0
1080,1,candidate,874,1280,720,1920,1080,11.4452,12.5864,10.0762,1,1,0,0,0,0
1080,1,candidate,875,1280,720,1920,1080,11.4217,12.4308,10.0465,1,1,0,0,0,0
1080,1,candidate,876,1280,720,1920,1080,11.4504,12.4982,10.0762,1,1,0,0,0,0
1080,1,candidate,877,1280,720,1920,1080,11.2374,12.2303,9.86112,1,1,0,0,0,0
1080,1,candidate,878,1280,720,1920,1080,11.2548,12.2452,9.88365,1,1,0,0,0,0
1080,1,candidate,879,1280,720,1920,1080,11.2517,12.221,9.87443,1,1,0,0,0,0
1080,1,candidate,880,1280,720,1920,1080,11.4493,12.4232,9.82016,1,1,0,0,0,0
1080,1,candidate,881,1280,720,1920,1080,11.4422,12.4026,9.79558,1,1,0,0,0,0
1080,1,candidate,882,1280,720,1920,1080,11.2783,12.3397,9.63072,1,1,0,0,0,0
1080,1,candidate,883,1280,720,1920,1080,11.4964,12.6408,9.85293,1,1,0,0,0,0
1080,1,candidate,884,1280,720,1920,1080,11.4217,12.3655,9.78739,1,1,0,0,0,0
1080,1,candidate,885,1280,720,1920,1080,11.4176,12.4145,9.78125,1,1,0,0,0,0
1080,1,candidate,886,1280,720,1920,1080,11.4391,12.3878,9.80685,1,1,0,0,0,0
1080,1,candidate,887,1280,720,1920,1080,11.4237,12.4148,9.78842,1,1,0,0,0,0
1080,1,candidate,888,1280,720,1920,1080,11.4668,12.5369,9.80378,1,1,0,0,0,0
1080,1,candidate,889,1280,720,1920,1080,11.4565,12.437,9.81504,1,1,0,0,0,0
1080,1,candidate,890,1280,720,1920,1080,11.2835,12.2463,9.65018,1,1,0,0,0,0
1080,1,candidate,891,1280,720,1920,1080,11.2968,12.4385,9.63994,1,1,0,0,0,0
1080,1,candidate,892,1280,720,1920,1080,11.7002,12.7626,10.0721,1,1,0,0,0,0
1080,1,candidate,893,1280,720,1920,1080,11.4463,12.4036,9.8048,1,1,0,0,0,0
1080,1,candidate,894,1280,720,1920,1080,11.4135,12.3977,9.77818,1,1,0,0,0,0
1080,1,candidate,895,1280,720,1920,1080,11.2957,12.3051,9.65018,1,1,0,0,0,0
1080,1,candidate,896,1280,720,1920,1080,11.2855,12.344,9.6471,1,1,0,0,0,0
1080,1,candidate,897,1280,720,1920,1080,11.2159,12.5708,9.83962,1,1,0,0,0,0
1080,1,candidate,898,1280,720,1920,1080,11.3275,12.3608,9.67987,1,1,0,0,0,0
1080,1,candidate,899,1280,720,1920,1080,11.1862,12.5435,9.81197,1,1,0,0,0,0
1080,1,candidate,900,1280,720,1920,1080,11.4401,12.6395,9.70342,1,1,0,0,0,0
1080,1,candidate,901,1280,720,1920,1080,11.308,12.2441,9.64608,1,1,0,0,0,0
1080,1,candidate,902,1280,720,1920,1080,11.1739,12.4624,9.8007,1,1,0,0,0,0
1080,1,candidate,903,1280,720,1920,1080,11.3142,12.4035,9.64506,1,1,0,0,0,0
1080,1,candidate,904,1280,720,1920,1080,11.1831,12.4344,9.8089,1,1,0,0,0,0
1080,1,candidate,905,1280,720,1920,1080,11.3357,12.4074,9.65734,1,1,0,0,0,0
1080,1,candidate,906,1280,720,1920,1080,11.1606,12.4445,9.78842,1,1,0,0,0,0
1080,1,candidate,907,1280,720,1920,1080,11.1923,12.4642,9.81914,1,1,0,0,0,0
1080,1,candidate,908,1280,720,1920,1080,11.1442,12.4424,9.77408,1,1,0,0,0,0
1080,1,candidate,909,1280,720,1920,1080,9.75462,10.8055,8.38042,1,1,0,0,0,0
1080,1,candidate,910,1280,720,1920,1080,12.8041,13.8353,11.4074,1,1,0,0,0,0
1080,1,candidate,911,1280,720,1920,1080,11.5159,12.4985,9.85395,1,1,0,0,0,0
1080,1,candidate,912,1280,720,1920,1080,11.2435,12.4069,9.86931,1,1,0,0,0,0
1080,1,candidate,913,1280,720,1920,1080,11.3562,12.3321,9.9799,1,1,0,0,0,0
1080,1,candidate,914,1280,720,1920,1080,11.2701,12.2296,9.89696,1,1,0,0,0,0
1080,1,candidate,915,1280,720,1920,1080,11.0459,12.2046,9.66963,1,1,0,0,0,0
1080,1,candidate,916,1280,720,1920,1080,11.0275,12.071,9.6512,1,1,0,0,0,0
1080,1,candidate,917,1280,720,1920,1080,12.3075,13.358,10.9271,1,1,0,0,0,0
1080,1,candidate,918,1280,720,1920,1080,11.3326,12.2994,9.95533,1,1,0,0,0,0
1080,1,candidate,919,1280,720,1920,1080,11.2343,12.2565,9.85907,1,1,0,0,0,0
1080,1,candidate,920,1280,720,1920,1080,11.2148,12.1895,9.84371,1,1,0,0,0,0
1080,1,candidate,921,1280,720,1920,1080,11.2701,12.2636,9.89389,1,1,0,0,0,0
1080,1,candidate,922,1280,720,1920,1080,11.0858,12.2315,9.69728,1,1,0,0,0,0
1080,1,candidate,923,1280,720,1920,1080,10.9988,12.0135,9.58566,1,1,0,0,0,0
1080,1,candidate,924,1280,720,1920,1080,11.262,12.1216,9.88979,1,1,0,0,0,0
1080,1,candidate,925,1280,720,1920,1080,11.3152,12.2504,9.9369,1,1,0,0,0,0
1080,1,candidate,926,1280,720,1920,1080,11.2855,12.2175,9.9113,1,1,0,0,0,0
1080,1,candidate,927,1280,720,1920,1080,11.2968,12.2238,9.9072,1,1,0,0,0,0
1080,1,candidate,928,1280,720,1920,1080,11.4985,12.47,9.84371,1,1,0,0,0,0
1080,1,candidate,929,1280,720,1920,1080,11.5067,12.5062,9.84166,1,1,0,0,0,0
1080,1,candidate,930,1280,720,1920,1080,11.2302,12.2902,9.856,1,1,0,0,0,0
1080,1,candidate,931,1280,720,1920,1080,11.2957,12.2745,9.64608,1,1,0,0,0,0
1080,1,candidate,932,1280,720,1920,1080,11.3756,12.3045,9.72288,1,1,0,0,0,0
1080,1,candidate,933,1280,720,1920,1080,11.2579,12.1923,9.62458,1,1,0,0,0,0
1080,1,candidate,934,1280,720,1920,1080,11.2404,12.4579,9.86829,1,1,0,0,0,0
1080,1,candidate,935,1280,720,1920,1080,11.2609,12.2606,9.63686,1,1,0,0,0,0
1080,1,candidate,936,1280,720,1920,1080,11.2978,12.411,9.67066,1,1,0,0,0,0
1080,1,candidate,937,1280,720,1920,1080,11.179,12.4263,9.80173,1,1,0,0,0,0
1080,1,candidate,938,1280,720,1920,1080,11.2404,12.4984,9.86522,1,1,0,0,0,0
1080,1,candidate,939,1280,720,1920,1080,11.4166,12.5042,9.86214,1,1,0,0,0,0
1080,1,candidate,940,1280,720,1920,1080,11.4371,12.4197,10.0639,1,1,0,0,0,0
1080,1,candidate,941,1280,720,1920,1080,11.1995,12.4704,9.82426,1,1,0,0,0,0
1080,1,candidate,942,1280,720,1920,1080,10.8974,12.1203,9.52422,1,1,0,0,0,0
1080,1,candidate,943,1280,720,1920,1080,11.0285,12.3586,9.6512,1,1,0,0,0,0
1080,1,candidate,944,1280,720,1920,1080,11.0531,12.3611,9.67885,1,1,0,0,0,0
1080,1,candidate,945,1280,720,1920,1080,10.9988,12.4061,9.62253,1,1,0,0,0,0
1080,1,candidate,946,1280,720,1920,1080,9.88058,10.8063,8.50944,1,1,0,0,0,0
1080,1,candidate,947,1280,720,1920,1080,9.43104,10.3125,8.05786,1,1,0,0,0,0
1080,1,candidate,948,1280,720,1920,1080,12.3187,13.4022,9.99936,1,1,0,0,0,0
1080,1,candidate,949,1280,720,1920,1080,11.0408,12.1162,8.40192,1,1,0,0,0,0
1080,1,candidate,950,1280,720,1920,1080,11.1596,12.4236,9.78534,1,1,0,0,0,0
1080,1,candidate,951,1280,720,1920,1080,11.1575,12.335,9.78125,1,1,0,0,0,0
1080,1,candidate,952,1280,720,1920,1080,11.2333,12.3444,9.86112,1,1,0,0,0,0
1080,1,candidate,953,1280,720,1920,1080,11.2579,12.2992,9.87853,1,1,0,0,0,0
1080,1,candidate,954,1280,720,1920,1080,11.1954,12.2156,9.82323,1,1,0,0,0,0
1080,1,candidate,955,1280,720,1920,1080,11.0397,12.1651,9.66451,1,1,0,0,0,0
1080,1,candidate,956,1280,720,1920,1080,11.4237,12.3764,10.0495,1,1,0,0,0,0
1080,1,candidate,957,1280,720,1920,1080,11.2364,12.2363,9.8601,1,1,0,0,0,0
1080,1,candidate,958,1280,720,1920,1080,11.2824,12.3118,9.89798,1,1,0,0,0,0
1080,1,candidate,959,1280,720,1920,1080,10.9138,11.9768,9.53651,1,1,0,0,0,0
1080,1,candidate,960,1280,720,1920,1080,11.4688,12.4766,10.0936,1,1,0,0,0,0
1080,1,candidate,961,1280,720,1920,1080,11.1985,12.1268,9.81914,1,1,0,0,0,0
1080,1,candidate,962,1280,720,1920,1080,11.4309,12.3539,10.0567,1,1,0,0,0,0
1080,1,candidate,963,1280,720,1920,1080,11.4237,12.407,10.0424,1,1,0,0,0,0
1080,1,candidate,964,1280,720,1920,1080,11.4299,12.3614,10.0526,1,1,0,0,0,0
1080,1,candidate,965,1280,720,1920,1080,11.2251,12.2702,9.84678,1,1,0,0,0,0
1080,1,candidate,966,1280,720,1920,1080,11.262,12.2298,9.88774,1,1,0,0,0,0
1080,1,candidate,967,1280,720,1920,1080,11.4749,12.4173,9.84064,1,1,0,0,0,0
1080,1,candidate,968,1280,720,1920,1080,11.2876,12.2755,9.9113,1,1,0,0,0,0
1080,1,candidate,969,1280,720,1920,1080,11.4749,12.5767,9.84166,1,1,0,0,0,0
1080,1,candidate,970,1280,720,1920,1080,11.4412,12.4339,9.81402,1,1,0,0,0,0
1080,1,candidate,971,1280,720,1920,1080,11.4381,12.3427,9.81197,1,1,0,0,0,0
1080,1,candidate,972,1280,720,1920,1080,11.4442,12.3951,9.82118,1,1,0,0,0,0
1080,1,candidate,973,1280,720,1920,1080,11.4452,12.3837,9.81811,1,1,0,0,0,0
1080,1,candidate,974,1280,720,1920,1080,11.2814,12.1925,9.65325,1,1,0,0,0,0
1080,1,candidate,975,1280,720,1920,1080,11.2538,12.258,9.62355,1,1,0,0,0,0
1080,1,candidate,976,1280,720,1920,1080,11.2015,12.4241,9.82426,1,1,0,0,0,0
1080,1,candidate,977,1280,720,1920,1080,11.4493,12.5077,9.89798,1,1,0,0,0,0
1080,1,candidate,978,1280,720,1920,1080,11.4739,12.4761,10.0987,1,1,0,0,0,0
1080,1,candidate,979,1280,720,1920,1080,11.2374,12.4975,9.86112,1,1,0,0,0,0
1080,1,candidate,980,1280,720,1920,1080,11.2814,12.5817,9.65632,1,1,0,0,0,0
1080,1,candidate,981,1280,720,1920,1080,11.6019,12.9527,9.98298,1,1,0,0,0,0
1080,1,candidate,982,1280,720,1920,1080,11.3091,12.4573,9.68397,1,1,0,0,0,0
1080,1,candidate,983,1280,720,1920,1080,11.4575,12.597,9.81811,1,1,0,0,0,0
1080,1,candidate,984,1280,720,1920,1080,11.4391,12.4723,9.80378,1,1,0,0,0,0
1080,1,candidate,985,1280,720,1920,1080,11.4534,12.5155,9.80582,1,1,0,0,0,0
1080,1,candidate,986,1280,720,1920,1080,11.604,13.0019,9.95123,1,1,0,0,0,0
1080,1,candidate,987,1280,720,1920,1080,11.4913,12.4849,9.84883,1,1,0,0,0,0
1080,1,candidate,988,1280,720,1920,1080,11.3121,12.3752,9.9369,1,1,0,0,0,0
1080,1,candidate,989,1280,720,1920,1080,11.2425,12.3536,9.86214,1,1,0,0,0,0
1080,1,candidate,990,1280,720,1920,1080,11.479,12.4578,9.84269,1,1,0,0,0,0
1080,1,candidate,991,1280,720,1920,1080,11.4565,12.4446,9.81606,1,1,0,0,0,0
1080,1,candidate,992,1280,720,1920,1080,11.3725,12.3252,9.82016,1,1,0,0,0,0
1080,1,candidate,993,1280,720,1920,1080,11.2589,12.5137,9.8816,1,1,0,0,0,0
1080,1,candidate,994,1280,720,1920,1080,11.2476,12.2119,9.87443,1,1,0,0,0,0
1080,1,candidate,995,1280,720,1920,1080,11.4432,12.3587,9.8007,1,1,0,0,0,0
1080,1,candidate,996,1280,720,1920,1080,11.2804,12.2667,9.64301,1,1,0,0,0,0
1080,1,candidate,997,1280,720,1920,1080,11.3326,12.3051,9.68294,1,1,0,0,0,0
1080,1,candidate,998,1280,720,1920,1080,11.2046,12.4076,9.8304,1,1,0,0,0,0
1080,1,candidate,999,1280,720,1920,1080,10.1304,11.1538,8.75418,1,1,0,0,0,0
1080,1,candidate,1000,1280,720,1920,1080,11.7412,12.652,10.369,1,1,0,0,0,0
1080,1,candidate,1001,1280,720,1920,1080,12.8778,13.9462,11.4995,1,1,0,0,0,0
1080,1,candidate,1002,1280,720,1920,1080,11.2712,12.2449,9.89696,1,1,0,0,0,0
1080,1,candidate,1003,1280,720,1920,1080,11.2876,12.2569,9.64301,1,1,0,0,0,0
1080,1,candidate,1004,1280,720,1920,1080,11.1811,12.5933,9.80685,1,1,0,0,0,0
1080,1,candidate,1005,1280,720,1920,1080,11.2261,12.4586,9.65632,1,1,0,0,0,0
1080,1,candidate,1006,1280,720,1920,1080,11.2957,12.3191,9.92154,1,1,0,0,0,0
1080,1,candidate,1007,1280,720,1920,1080,11.2886,12.6207,9.9113,1,1,0,0,0,0
1080,1,candidate,1008,1280,720,1920,1080,11.2456,12.4182,9.87443,1,1,0,0,0,0
1080,1,candidate,1009,1280,720,1920,1080,11.3111,12.2376,9.93382,1,1,0,0,0,0
1080,1,candidate,1010,1280,720,1920,1080,11.052,12.0805,9.67475,1,1,0,0,0,0
1080,1,candidate,1011,1280,720,1920,1080,11.4094,12.3467,10.0311,1,1,0,0,0,0
1080,1,candidate,1012,1280,720,1920,1080,11.2978,12.4932,9.92154,1,1,0,0,0,0
1080,1,candidate,1013,1280,720,1920,1080,10.9619,12.0607,9.58362,1,1,0,0,0,0
1080,1,candidate,1014,1280,720,1920,1080,11.3879,12.3163,10.0137,1,1,0,0,0,0
1080,1,candidate,1015,1280,720,1920,1080,11.2937,12.3184,9.91539,1,1,0,0,0,0
1080,1,candidate,1016,1280,720,1920,1080,11.1309,12.4569,9.7577,1,1,0,0,0,0
1080,1,candidate,1017,1280,720,1920,1080,11.2906,12.3656,9.91027,1,1,0,0,0,0
1080,1,candidate,1018,1280,720,1920,1080,11.0449,12.1819,9.64506,1,1,0,0,0,0
1080,1,candidate,1019,1280,720,1920,1080,11.0008,12.1994,9.62253,1,1,0,0,0,0
1080,1,candidate,1020,1280,720,1920,1080,11.4606,12.6042,10.0864,1,1,0,0,0,0
1080,1,candidate,1021,1280,720,1920,1080,11.2732,12.2878,9.6512,1,1,0,0,0,0
1080,1,candidate,1022,1280,720,1920,1080,11.2886,12.1613,9.65427,1,1,0,0,0,0
1080,1,candidate,1023,1280,720,1920,1080,11.2794,12.1442,9.64506,1,1,0,0,0,0
1080,1,candidate,1024,1280,720,1920,1080,11.6275,12.8093,10.2533,1,1,0,0,0,0
1080,1,candidate,1025,1280,720,1920,1080,11.4299,12.3782,10.0495,1,1,0,0,0,0
1080,1,candidate,1026,1280,720,1920,1080,11.4135,12.3896,10.0403,1,1,0,0,0,0
1080,1,candidate,1027,1280,720,1920,1080,11.2599,12.2188,9.87955,1,1,0,0,0,0
1080,1,candidate,1028,1280,720,1920,1080,11.3848,12.5571,10.0086,1,1,0,0,0,0
1080,1,candidate,1029,1280,720,1920,1080,11.2824,12.233,9.9031,1,1,0,0,0,0
1080,1,candidate,1030,1280,720,1920,1080,11.2865,12.3239,9.91027,1,1,0,0,0,0
1080,1,candidate,1031,1280,720,1920,1080,11.5507,12.5167,9.9072,1,1,0,0,0,0
1080,1,candidate,1032,1280,720,1920,1080,11.3029,12.214,9.92973,1,1,0,0,0,0
1080,1,candidate,1033,1280,720,1920,1080,11.4545,12.3711,9.81504,1,1,0,0,0,0
1080,1,candidate,1034,1280,720,1920,1080,9.89184,10.8034,8.51866,1,1,0,0,0,0
1080,1,candidate,1035,1280,720,1920,1080,11.351,12.2471,9.97171,1,1,0,0,0,0
1080,1,candidate,1036,1280,720,1920,1080,11.1493,12.2242,8.4736,1,1,0,0,0,0
1080,1,candidate,1037,1280,720,1920,1080,11.65,12.7572,10.0024,1,1,0,0,0,0
1080,1,candidate,1038,1280,720,1920,1080,9.90106,10.8347,8.52787,1,1,0,0,0,0
1080,1,candidate,1039,1280,720,1920,1080,12.3003,13.4248,9.92256,1,1,0,0,0,0
1080,1,candidate,1040,1280,720,1920,1080,11.4493,12.4075,9.82323,1,1,0,0,0,0
1080,1,candidate,1041,1280,720,1920,1080,11.006,12.1244,9.62662,1,1,0,0,0,0
1080,1,candidate,1042,1280,720,1920,1080,11.3367,12.3529,9.96045,1,1,0,0,0,0
1080,1,candidate,1043,1280,720,1920,1080,11.4483,12.3602,10.069,1,1,0,0,0,0
1080,1,candidate,1044,1280,720,1920,1080,11.2845,12.2801,9.9072,1,1,0,0,0,0
1080,1,candidate,1045,1280,720,1920,1080,11.2404,12.3644,9.85907,1,1,0,0,0,0
1080,1,candidate,1046,1280,720,1920,1080,11.5343,12.5543,9.8775,1,1,0,0,0,0
1080,1,candidate,1047,1280,720,1920,1080,11.3367,12.4724,9.95738,1,1,0,0,0,0
1080,1,candidate,1048,1280,720,1920,1080,9.76282,10.7904,8.38963,1,1,0,0,0,0
1080,1,candidate,1049,1280,720,1920,1080,10.9056,13.7288,9.50989,1,1,0,0,0,0
1080,1,candidate,1050,1280,720,1920,1080,11.3265,12.3287,9.95226,1,1,0,0,0,0
1080,1,candidate,1051,1280,720,1920,1080,11.3859,12.5953,10.0065,1,1,0,0,0,0
1080,1,candidate,1052,1280,720,1920,1080,11.5016,12.4956,9.87546,1,1,0,0,0,0
1080,1,candidate,1053,1280,720,1920,1080,11.4749,12.5966,9.84678,1,1,0,0,0,0
1080,1,candidate,1054,1280,720,1920,1080,11.2937,12.4965,9.92051,1,1,0,0,0,0
1080,1,candidate,1055,1280,720,1920,1080,11.4688,12.4715,9.84166,1,1,0,0,0,0
1080,1,candidate,1056,1280,720,1920,1080,11.4913,12.6744,9.85702,1,1,0,0,0,0
1080,1,candidate,1057,1280,720,1920,1080,11.4749,12.5649,9.84986,1,1,0,0,0,0
1080,1,candidate,1058,1280,720,1920,1080,11.478,12.5473,9.83347,1,1,0,0,0,0
1080,1,candidate,1059,1280,720,1920,1080,11.3203,12.3465,9.6809,1,1,0,0,0,0
1080,1,candidate,1060,1280,720,1920,1080,11.2835,12.2073,9.90822,1,1,0,0,0,0
1080,1,candidate,1061,1280,720,1920,1080,11.5753,12.5322,9.92666,1,1,0,0,0,0
1080,1,candidate,1062,1280,720,1920,1080,11.4811,12.4607,9.85805,1,1,0,0,0,0
1080,1,candidate,1063,1280,720,1920,1080,11.3469,12.5811,9.97069,1,1,0,0,0,0
1080,1,candidate,1064,1280,720,1920,1080,11.2804,12.2577,9.9072,1,1,0,0,0,0
1080,1,candidate,1065,1280,720,1920,1080,11.4729,12.5178,9.83347,1,1,0,0,0,0
1080,1,candidate,1066,1280,720,1920,1080,11.5108,12.4619,9.87443,1,1,0,0,0,0
1080,1,candidate,1067,1280,720,1920,1080,11.3336,12.5048,9.95328,1,1,0,0,0,0
1080,1,candidate,1068,1280,720,1920,1080,11.5036,12.5806,9.87443,1,1,0,0,0,0
1080,1,candidate,1069,1280,720,1920,1080,11.3756,12.3714,9.99322,1,1,0,0,0,0
1080,1,candidate,1070,1280,720,1920,1080,11.4463,12.5132,9.82426,1,1,0,0,0,0
1080,1,candidate,1071,1280,720,1920,1080,11.5005,12.4703,9.8007,1,1,0,0,0,0
1080,1,candidate,1072,1280,720,1920,1080,11.4647,12.4479,9.84064,1,1,0,0,0,0
1080,1,candidate,1073,1280,720,1920,1080,11.2783,12.2817,9.89901,1,1,0,0,0,0
1080,1,candidate,1074,1280,720,1920,1080,11.5087,12.5694,9.8816,1,1,0,0,0,0
1080,1,candidate,1075,1280,720,1920,1080,11.434,12.5028,9.80787,1,1,0,0,0,0
1080,1,candidate,1076,1280,720,1920,1080,11.3531,12.2944,9.97581,1,1,0,0,0,0
1080,1,candidate,1077,1280,720,1920,1080,11.262,12.3574,9.8816,1,1,0,0,0,0
1080,1,candidate,1078,1280,720,1920,1080,11.4637,12.4659,9.84166,1,1,0,0,0,0
1080,1,candidate,1079,1280,720,1920,1080,11.6951,12.6675,10.0659,1,1,0,0,0,0
1080,1,candidate,1080,1280,720,1920,1080,11.4207,12.4354,9.79251,1,1,0,0,0,0
1080,1,candidate,1081,1280,720,1920,1080,11.4883,12.4324,9.84474,1,1,0,0,0,0
1080,1,candidate,1082,1280,720,1920,1080,11.3316,12.7107,9.9543,1,1,0,0,0,0
1080,1,candidate,1083,1280,720,1920,1080,11.2947,12.5243,9.90822,1,1,0,0,0,0
1080,1,candidate,1084,1280,720,1920,1080,11.2845,12.215,9.9072,1,1,0,0,0,0
1080,1,candidate,1085,1280,720,1920,1080,11.4698,12.5975,9.8263,1,1,0,0,0,0
1080,1,candidate,1086,1280,720,1920,1080,11.6531,13.1665,10.0116,1,1,0,0,0,0
1080,1,candidate,1087,1280,720,1920,1080,11.3142,12.3894,9.93587,1,1,0,0,0,0
1080,1,candidate,1088,1280,720,1920,1080,11.4514,12.525,10.0772,1,1,0,0,0,0
1080,1,candidate,1089,1280,720,1920,1080,11.521,12.5566,10.1376,1,1,0,0,0,0
1080,1,candidate,1090,1280,720,1920,1080,11.2773,12.2066,9.90003,1,1,0,0,0,0
1080,1,candidate,1091,1280,720,1920,1080,11.4555,12.611,10.0762,1,1,0,0,0,0
1080,1,candidate,1092,1280,720,1920,1080,9.91642,11.6481,8.54221,1,1,0,0,0,0
1080,1,candidate,1093,1280,720,1920,1080,12.501,13.4149,11.1196,1,1,0,0,0,0
1080,1,candidate,1094,1280,720,1920,1080,11.8569,12.8667,10.2994,1,1,0,0,0,0
1080,1,candidate,1095,1280,720,1920,1080,11.3367,12.2191,9.9584,1,1,0,0,0,0
1080,1,candidate,1096,1280,720,1920,1080,11.0367,12.0636,9.65939,1,1,0,0,0,0
1080,1,candidate,1097,1280,720,1920,1080,11.561,12.3612,9.92973,1,1,0,0,0,0
1080,1,candidate,1098,1280,720,1920,1080,11.0193,12.064,9.64301,1,1,0,0,0,0
1080,1,candidate,1099,1280,720,1920,1080,9.78842,10.6826,8.41011,1,1,0,0,0,0
1080,1,candidate,1100,1280,720,1920,1080,12.7529,13.7677,11.3234,1,1,0,0,0,0
1080,1,candidate,1101,1280,720,1920,1080,11.4432,12.472,10.0618,1,1,0,0,0,0
1080,1,candidate,1102,1280,720,1920,1080,11.2916,12.3419,9.65222,1,1,0,0,0,0
1080,1,candidate,1103,1280,720,1920,1080,11.2876,12.2318,9.63072,1,1,0,0,0,0
1080,1,candidate,1104,1280,720,1920,1080,11.136,12.351,9.76077,1,1,0,0,0,0
1080,1,candidate,1105,1280,720,1920,1080,11.3418,12.4259,9.96045,1,1,0,0,0,0
1080,1,candidate,1106,1280,720,1920,1080,11.3039,12.2258,9.92666,1,1,0,0,0,0
1080,1,candidate,1107,1280,720,1920,1080,11.392,12.2912,9.75053,1,1,0,0,0,0
1080,1,candidate,1108,1280,720,1920,1080,11.3992,12.5617,9.74336,1,1,0,0,0,0
1080,1,candidate,1109,1280,720,1920,1080,11.3746,12.3851,9.81402,1,1,0,0,0,0
1080,1,candidate,1110,1280,720,1920,1080,11.5517,12.6405,10.1745,1,1,0,0,0,0
1080,1,candidate,1111,1280,720,1920,1080,11.1022,12.2957,9.72186,1,1,0,0,0,0
1080,1,candidate,1112,1280,720,1920,1080,11.1759,12.3307,9.8007,1,1,0,0,0,0
1080,1,candidate,1113,1280,720,1920,1080,11.2855,12.3984,9.90208,1,1,0,0,0,0
1080,1,candidate,1114,1280,720,1920,1080,11.3736,12.6758,9.99629,1,1,0,0,0,0
1080,1,candidate,1115,1280,720,1920,1080,11.3111,12.2829,9.6727,1,1,0,0,0,0
1080,1,candidate,1116,1280,720,1920,1080,11.093,12.4208,9.71674,1,1,0,0,0,0
1080,1,candidate,1117,1280,720,1920,1080,11.2476,12.4835,9.86829,1,1,0,0,0,0
1080,1,candidate,1118,1280,720,1920,1080,11.3357,12.3199,9.96147,1,1,0,0,0,0
1080,1,candidate,1119,1280,720,1920,1080,11.2364,12.3404,9.85498,1,1,0,0,0,0
1080,1,candidate,1120,1280,720,1920,1080,11.0541,12.1812,9.6768,1,1,0,0,0,0
1080,1,candidate,1121,1280,720,1920,1080,11.479,12.4358,10.0987,1,1,0,0,0,0
1080,1,candidate,1122,1280,720,1920,1080,11.2445,12.2154,9.6297,1,1,0,0,0,0
1080,1,candidate,1123,1280,720,1920,1080,11.8108,12.7453,10.1786,1,1,0,0,0,0
1080,1,candidate,1124,1280,720,1920,1080,10.9619,12.0054,9.58669,1,1,0,0,0,0
1080,1,candidate,1125,1280,720,1920,1080,11.4166,12.4191,10.0342,1,1,0,0,0,0
1080,1,candidate,1126,1280,720,1920,1080,11.2271,12.1957,9.84986,1,1,0,0,0,0
1080,1,candidate,1127,1280,720,1920,1080,11.3039,12.3149,9.92666,1,1,0,0,0,0
1080,1,candidate,1128,1280,720,1920,1080,11.4668,12.4013,10.0895,1,1,0,0,0,0
1080,1,candidate,1129,1280,720,1920,1080,11.2988,12.3053,9.91642,1,1,0,0,0,0
1080,1,candidate,1130,1280,720,1920,1080,11.2968,12.2978,9.91949,1,1,0,0,0,0
1080,1,candidate,1131,1280,720,1920,1080,11.5661,12.5903,9.91539,1,1,0,0,0,0
1080,1,candidate,1132,1280,720,1920,1080,11.4883,12.5312,9.85293,1,1,0,0,0,0
1080,1,candidate,1133,1280,720,1920,1080,11.2998,12.2892,9.91744,1,1,0,0,0,0
1080,1,candidate,1134,1280,720,1920,1080,11.4975,12.4706,9.87034,1,1,0,0,0,0
1080,1,candidate,1135,1280,720,1920,1080,11.5722,12.7106,9.84371,1,1,0,0,0,0
1080,1,candidate,1136,1280,720,1920,1080,11.307,12.2518,9.9287,1,1,0,0,0,0
1080,1,candidate,1137,1280,720,1920,1080,11.5395,12.5232,9.8775,1,1,0,0,0,0
1080,1,candidate,1138,1280,720,1920,1080,11.3428,12.3579,9.96454,1,1,0,0,0,0
1080,1,candidate,1139,1280,720,1920,1080,11.4606,12.4865,9.78637,1,1,0,0,0,0
1080,1,candidate,1140,1280,720,1920,1080,11.3562,12.4714,9.70547,1,1,0,0,0,0
1080,1,candidate,1141,1280,720,1920,1080,11.4688,12.5006,9.81197,1,1,0,0,0,0
1080,1,candidate,1142,1280,720,1920,1080,11.5374,12.5153,9.88774,1,1,0,0,0,0
1080,1,candidate,1143,1280,720,1920,1080,11.2835,12.3201,9.9031,1,1,0,0,0,0
1080,1,candidate,1144,1280,720,1920,1080,11.4893,12.6396,9.83654,1,1,0,0,0,0
1080,1,candidate,1145,1280,720,1920,1080,11.2916,12.3085,9.90925,1,1,0,0,0,0
1080,1,candidate,1146,1280,720,1920,1080,11.35,12.3909,9.97376,1,1,0,0,0,0
1080,1,candidate,1147,1280,720,1920,1080,11.6296,12.6872,9.95635,1,1,0,0,0,0
1080,1,candidate,1148,1280,720,1920,1080,11.2845,12.2476,9.90618,1,1,0,0,0,0
1080,1,candidate,1149,1280,720,1920,1080,11.519,12.5204,9.85395,1,1,0,0,0,0
1080,1,candidate,1150,1280,720,1920,1080,11.4545,12.3929,9.80378,1,1,0,0,0,0
1080,1,candidate,1151,1280,720,1920,1080,11.5517,12.5854,9.89798,1,1,0,0,0,0
1080,1,candidate,1152,1280,720,1920,1080,11.4565,12.4506,9.8048,1,1,0,0,0,0
1080,1,candidate,1153,1280,720,1920,1080,11.5323,12.5655,9.86726,1,1,0,0,0,0
1080,1,candidate,1154,1280,720,1920,1080,11.477,12.6846,9.82835,1,1,0,0,0,0
1080,1,candidate,1155,1280,720,1920,1080,11.3449,12.3976,9.96352,1,1,0,0,0,0
1080,1,candidate,1156,1280,720,1920,1080,11.3091,12.2861,9.93178,1,1,0,0,0,0
1080,1,candidate,1157,1280,720,1920,1080,11.3121,12.2478,9.93178,1,1,0,0,0,0
1080,1,candidate,1158,1280,720,1920,1080,11.5159,12.7507,9.86112,1,1,0,0,0,0
1080,1,candidate,1159,1280,720,1920,1080,11.4452,12.4744,9.79456,1,1,0,0,0,0
1080,1,candidate,1160,1280,720,1920,1080,11.4596,12.4403,9.80787,1,1,0,0,0,0
1080,1,candidate,1161,1280,720,1920,1080,11.5036,12.5555,9.84883,1,1,0,0,0,0
1080,1,candidate,1162,1280,720,1920,1080,11.5866,12.5799,10.1929,1,1,0,0,0,0
1080,1,candidate,1163,1280,720,1920,1080,11.3091,12.5037,9.66042,1,1,0,0,0,0
1080,1,candidate,1164,1280,720,1920,1080,11.0275,12.0413,8.37325,1,1,0,0,0,0
1080,1,candidate,1165,1280,720,1920,1080,9.74643,10.7154,8.36915,1,1,0,0,0,0
1080,1,candidate,1166,1280,720,1920,1080,12.969,13.9794,11.5425,1,1,0,0,0,0
1080,1,candidate,1167,1280,720,1920,1080,11.0612,12.2031,9.6809,1,1,0,0,0,0
1080,1,candidate,1168,1280,720,1920,1080,11.0684,12.1478,9.69011,1,1,0,0,0,0
1080,1,candidate,1169,1280,720,1920,1080,11.006,12.0416,9.6256,1,1,0,0,0,0
1080,1,candidate,1170,1280,720,1920,1080,11.3265,12.3339,9.94816,1,1,0,0,0,0
1080,1,candidate,1171,1280,720,1920,1080,11.3121,12.3064,9.93075,1,1,0,0,0,0
1080,1,candidate,1172,1280,720,1920,1080,11.2742,12.3788,9.89491,1,1,0,0,0,0
1080,1,candidate,1173,1280,720,1920,1080,11.092,12.1552,9.71162,1,1,0,0,0,0
1080,1,candidate,1174,1280,720,1920,1080,11.3766,12.3276,9.99731,1,1,0,0,0,0
1080,1,candidate,1175,1280,720,1920,1080,11.2937,12.2727,9.91437,1,1,0,0,0,0
1080,1,candidate,1176,1280,720,1920,1080,11.0449,12.1845,9.66656,1,1,0,0,0,0
1080,1,candidate,1177,1280,720,1920,1080,11.4309,12.3266,10.0516,1,1,0,0,0,0
1080,1,candidate,1178,1280,720,1920,1080,11.2527,12.2576,9.87853,1,1,0,0,0,0
1080,1,candidate,1179,1280,720,1920,1080,11.4268,12.3959,10.0475,1,1,0,0,0,0
1080,1,candidate,1180,1280,720,1920,1080,11.4483,12.4109,10.0721,1,1,0,0,0,0
1080,1,candidate,1181,1280,720,1920,1080,11.4893,12.5018,10.1089,1,1,0,0,0,0
1080,1,candidate,1182,1280,720,1920,1080,11.4801,12.4258,10.1048,1,1,0,0,0,0
1080,1,candidate,1183,1280,720,1920,1080,9.76077,10.7386,8.38349,1,1,0,0,0,0
1080,1,candidate,1184,1280,720,1920,1080,11.3521,12.285,9.97786,1,1,0,0,0,0
1080,1,candidate,1185,1280,720,1920,1080,11.2476,12.2436,9.86726,1,1,0,0,0,0
1080,1,candidate,1186,1280,720,1920,1080,11.2404,12.2361,9.83859,1,1,0,0,0,0
1080,1,candidate,1187,1280,720,1920,1080,11.5067,12.4654,9.83552,1,1,0,0,0,0
1080,1,candidate,1188,1280,720,1920,1080,11.0418,12.2816,9.66758,1,1,0,0,0,0
1080,1,candidate,1189,1280,720,1920,1080,11.135,12.238,9.7577,1,1,0,0,0,0
1080,1,candidate,1190,1280,720,1920,1080,11.4534,12.4376,10.0792,1,1,0,0,0,0
1080,1,candidate,1191,1280,720,1920,1080,10.9947,12.2427,9.61741,1,1,0,0,0,0
1080,1,candidate,1192,1280,720,1920,1080,11.4729,12.5636,10.0864,1,1,0,0,0,0
1080,1,candidate,1193,1280,720,1920,1080,11.1923,12.399,9.81299,1,1,0,0,0,0
1080,1,candidate,1194,1280,720,1920,1080,11.4524,12.5296,10.0772,1,1,0,0,0,0
1080,1,candidate,1195,1280,720,1920,1080,11.2876,12.2255,9.89901,1,1,0,0,0,0
1080,1,candidate,1196,1280,720,1920,1080,10.9875,12.0533,9.61024,1,1,0,0,0,0
1080,1,candidate,1197,1280,720,1920,1080,11.3797,12.3706,10.0014,1,1,0,0,0,0
1080,1,candidate,1198,1280,720,1920,1080,11.306,12.2581,9.92973,1,1,0,0,0,0
1080,1,candidate,1199,1280,720,1920,1080,11.4903,13.1008,10.114,1,1,0,0,0,0
1080,2,candidate,300,1280,720,1920,1080,11.308,12.3321,9.6471,1,1,0,0,0,0
1080,2,candidate,301,1280,720,1920,1080,11.264,12.4862,9.88774,1,1,0,0,0,0
1080,2,candidate,302,1280,720,1920,1080,11.0131,12.164,8.34458,1,1,0,0,0,0
1080,2,candidate,303,1280,720,1920,1080,11.1841,12.3402,9.80787,1,1,0,0,0,0
1080,2,candidate,304,1280,720,1920,1080,11.1452,12.2103,9.76794,1,1,0,0,0,0
1080,2,candidate,305,1280,720,1920,1080,11.3019,12.3312,9.92256,1,1,0,0,0,0
1080,2,candidate,306,1280,720,1920,1080,11.0449,12.1855,9.66656,1,1,0,0,0,0
1080,2,candidate,307,1280,720,1920,1080,11.3285,12.2724,9.94918,1,1,0,0,0,0
1080,2,candidate,308,1280,720,1920,1080,11.3152,12.3814,9.93894,1,1,0,0,0,0
1080,2,candidate,309,1280,720,1920,1080,9.85088,10.8129,8.47462,1,1,0,0,0,0
1080,2,candidate,310,1280,720,1920,1080,10.5718,13.1488,9.18016,1,1,0,0,0,0
1080,2,candidate,311,1280,720,1920,1080,12.0115,13.0722,10.3762,1,1,0,0,0,0
1080,2,candidate,312,1280,720,1920,1080,11.2558,12.3184,9.87955,1,1,0,0,0,0
1080,2,candidate,313,1280,720,1920,1080,11.2886,12.2991,9.91027,1,1,0,0,0,0
1080,2,candidate,314,1280,720,1920,1080,11.307,12.3198,9.93178,1,1,0,0,0,0
1080,2,candidate,315,1280,720,1920,1080,11.2732,12.3114,9.89798,1,1,0,0,0,0
1080,2,candidate,316,1280,720,1920,1080,11.4575,12.4064,10.0792,1,1,0,0,0,0
1080,2,candidate,317,1280,720,1920,1080,11.5057,12.5126,10.1274,1,1,0,0,0,0
1080,2,candidate,318,1280,720,1920,1080,11.479,12.4464,10.1038,1,1,0,0,0,0
1080,2,candidate,319,1280,720,1920,1080,11.2896,12.2889,9.91334,1,1,0,0,0,0
1080,2,candidate,320,1280,720,1920,1080,11.2742,12.3406,9.89798,1,1,0,0,0,0
1080,2,candidate,321,1280,720,1920,1080,11.4504,12.3922,9.79354,1,1,0,0,0,0
1080,2,candidate,322,1280,720,1920,1080,11.3469,12.3239,9.97069,1,1,0,0,0,0
1080,2,candidate,323,1280,720,1920,1080,11.4616,12.4179,9.80582,1,1,0,0,0,0
1080,2,candidate,324,1280,720,1920,1080,11.5814,12.8192,10.1765,1,1,0,0,0,0
1080,2,candidate,325,1280,720,1920,1080,11.436,12.4161,9.79661,1,1,0,0,0,0
1080,2,candidate,326,1280,720,1920,1080,11.3203,12.2576,9.94202,1,1,0,0,0,0
1080,2,candidate,327,1280,720,1920,1080,11.4391,12.5635,10.0239,1,1,0,0,0,0
1080,2,candidate,328,1280,720,1920,1080,11.3736,12.4214,9.74746,1,1,0,0,0,0
1080,2,candidate,329,1280,720,1920,1080,11.476,12.423,9.8263,1,1,0,0,0,0
1080,2,candidate,330,1280,720,1920,1080,11.2886,12.2909,9.91334,1,1,0,0,0,0
1080,2,candidate,331,1280,720,1920,1080,11.4606,12.4766,9.81299,1,1,0,0,0,0
1080,2,candidate,332,1280,720,1920,1080,11.4483,12.431,9.80378,1,1,0,0,0,0
1080,2,candidate,333,1280,720,1920,1080,11.4842,12.5102,9.83757,1,1,0,0,0,0
1080,2,candidate,334,1280,720,1920,1080,11.4729,12.4696,9.81504,1,1,0,0,0,0
1080,2,candidate,335,1280,720,1920,1080,11.5118,12.4833,9.86726,1,1,0,0,0,0
1080,2,candidate,336,1280,720,1920,1080,11.3111,12.4909,9.93587,1,1,0,0,0,0
1080,2,candidate,337,1280,720,1920,1080,11.3551,12.4217,9.81299,1,1,0,0,0,0
1080,2,candidate,338,1280,720,1920,1080,11.435,12.3853,9.78739,1,1,0,0,0,0
1080,2,candidate,339,1280,720,1920,1080,11.5169,12.4601,9.87238,1,1,0,0,0,0
1080,2,candidate,340,1280,720,1920,1080,11.4391,12.3843,9.79251,1,1,0,0,0,0
1080,2,candidate,341,1280,720,1920,1080,11.4002,12.4253,9.73824,1,1,0,0,0,0
1080,2,candidate,342,1280,720,1920,1080,11.3162,12.2621,9.66451,1,1,0,0,0,0
1080,2,candidate,343,1280,720,1920,1080,11.2087,12.4254,9.83347,1,1,0,0,0,0
1080,2,candidate,344,1280,720,1920,1080,11.3889,12.473,9.99219,1,1,0,0,0,0
1080,2,candidate,345,1280,720,1920,1080,11.8313,12.7844,10.452,1,1,0,0,0,0
1080,2,candidate,346,1280,720,1920,1080,10.8175,11.9029,9.44026,1,1,0,0,0,0
1080,2,candidate,347,1280,720,1920,1080,11.392,12.4099,9.83859,1,1,0,0,0,0
1080,2,candidate,348,1280,720,1920,1080,11.2876,12.5881,9.91027,1,1,0,0,0,0
1080,2,candidate,349,1280,720,1920,1080,11.3531,12.6243,9.97376,1,1,0,0,0,0
1080,2,candidate,350,1280,720,1920,1080,11.2876,12.3793,9.91027,1,1,0,0,0,0
1080,2,candidate,351,1280,720,1920,1080,11.0725,12.3237,9.69523,1,1,0,0,0,0
1080,2,candidate,352,1280,720,1920,1080,11.0541,12.242,9.67578,1,1,0,0,0,0
1080,2,candidate,353,1280,720,1920,1080,11.0674,12.2071,9.68909,1,1,0,0,0,0
1080,2,candidate,354,1280,720,1920,1080,11.1974,12.3328,9.81811,1,1,0,0,0,0
1080,2,candidate,355,1280,720,1920,1080,11.3613,12.2976,9.98298,1,1,0,0,0,0
1080,2,candidate,356,1280,720,1920,1080,11.2753,12.3442,9.89696,1,1,0,0,0,0
1080,2,candidate,357,1280,720,1920,1080,11.0346,12.1692,9.65939,1,1,0,0,0,0
1080,2,candidate,358,1280,720,1920,1080,9.9328,10.9261,8.55859,1,1,0,0,0,0
1080,2,candidate,359,1280,720,1920,1080,11.2732,13.013,9.87546,1,1,0,0,0,0
1080,2,candidate,360,1280,720,1920,1080,9.75974,10.7221,8.38451,1,1,0,0,0,0
1080,2,candidate,361,1280,720,1920,1080,11.305,13.8317,9.89491,1,1,0,0,0,0
1080,2,candidate,362,1280,720,1920,1080,11.4842,12.3873,9.85088,1,1,0,0,0,0
1080,2,candidate,363,1280,720,1920,1080,11.5558,12.5504,9.90003,1,1,0,0,0,0
1080,2,candidate,364,1280,720,1920,1080,11.2998,12.3446,9.92256,1,1,0,0,0,0
1080,2,candidate,365,1280,720,1920,1080,11.4196,12.441,10.0362,1,1,0,0,0,0
1080,2,candidate,366,1280,720,1920,1080,11.4698,12.5128,9.83142,1,1,0,0,0,0
1080,2,candidate,367,1280,720,1920,1080,11.4924,12.6253,10.1161,1,1,0,0,0,0
1080,2,candidate,368,1280,720,1920,1080,11.3367,12.3482,9.95635,1,1,0,0,0,0
1080,2,candidate,369,1280,720,1920,1080,11.2671,12.291,9.88774,1,1,0,0,0,0
1080,2,candidate,370,1280,720,1920,1080,11.3408,12.4645,9.96352,1,1,0,0,0,0
1080,2,candidate,371,1280,720,1920,1080,11.3367,12.358,9.95738,1,1,0,0,0,0
1080,2,candidate,372,1280,720,1920,1080,11.3039,12.3929,9.92768,1,1,0,0,0,0
1080,2,candidate,373,1280,720,1920,1080,11.3572,12.3471,9.97786,1,1,0,0,0,0
1080,2,candidate,374,1280,720,1920,1080,11.5046,12.5576,9.84986,1,1,0,0,0,0
1080,2,candidate,375,1280,720,1920,1080,11.521,12.5421,10.1366,1,1,0,0,0,0
1080,2,candidate,376,1280,720,1920,1080,11.3449,12.4221,9.96557,1,1,0,0,0,0
1080,2,candidate,377,1280,720,1920,1080,11.4913,12.5675,9.84576,1,1,0,0,0,0
1080,2,candidate,378,1280,720,1920,1080,11.4309,12.4196,9.87034,1,1,0,0,0,0
1080,2,candidate,379,1280,720,1920,1080,11.4371,12.3361,10.0608,1,1,0,0,0,0
1080,2,candidate,380,1280,720,1920,1080,11.4555,12.4285,9.8089,1,1,0,0,0,0
1080,2,candidate,381,1280,720,1920,1080,11.4903,12.5315,9.8304,1,1,0,0,0,0
1080,2,candidate,382,1280,720,1920,1080,11.5118,12.5285,9.86419,1,1,0,0,0,0
1080,2,candidate,383,1280,720,1920,1080,11.4883,12.446,9.84883,1,1,0,0,0,0
1080,2,candidate,384,1280,720,1920,1080,11.5057,12.4459,9.85805,1,1,0,0,0,0
1080,2,candidate,385,1280,720,1920,1080,11.5251,12.5656,9.87238,1,1,0,0,0,0
1080,2,candidate,386,1280,720,1920,1080,11.4903,12.569,9.84371,1,1,0,0,0,0
1080,2,candidate,387,1280,720,1920,1080,11.4708,12.5203,9.84781,1,1,0,0,0,0
1080,2,candidate,388,1280,720,1920,1080,11.3388,12.606,9.96147,1,1,0,0,0,0
1080,2,candidate,389,1280,720,1920,1080,11.3029,12.2477,9.92358,1,1,0,0,0,0
1080,2,candidate,390,1280,720,1920,1080,11.521,12.4707,9.87238,1,1,0,0,0,0
1080,2,candidate,391,1280,720,1920,1080,11.4565,12.4502,9.79661,1,1,0,0,0,0
1080,2,candidate,392,1280,720,1920,1080,11.4749,12.5796,9.83962,1,1,0,0,0,0
1080,2,candidate,393,1280,720,1920,1080,11.5364,12.6102,9.87648,1,1,0,0,0,0
1080,2,candidate,394,1280,720,1920,1080,11.4708,12.4853,9.83142,1,1,0,0,0,0
1080,2,candidate,395,1280,720,1920,1080,11.3193,12.3087,9.94099,1,1,0,0,0,0
1080,2,candidate,396,1280,720,1920,1080,11.5313,12.5756,9.88262,1,1,0,0,0,0
1080,2,candidate,397,1280,720,1920,1080,11.3572,12.3692,9.96659,1,1,0,0,0,0
1080,2,candidate,398,1280,720,1920,1080,11.4801,12.4738,9.8304,1,1,0,0,0,0
1080,2,candidate,399,1280,720,1920,1080,11.477,12.5059,9.83757,1,1,0,0,0,0
1080,2,candidate,400,1280,720,1920,1080,11.4545,12.4011,9.8048,1,1,0,0,0,0
1080,2,candidate,401,1280,720,1920,1080,11.4063,12.4235,9.76896,1,1,0,0,0,0
1080,2,candidate,402,1280,720,1920,1080,11.5026,12.4419,9.86522,1,1,0,0,0,0
1080,2,candidate,403,1280,720,1920,1080,11.4442,12.4745,9.80275,1,1,0,0,0,0
1080,2,candidate,404,1280,720,1920,1080,11.5077,12.681,9.85907,1,1,0,0,0,0
1080,2,candidate,405,1280,720,1920,1080,11.5149,12.5106,9.86317,1,1,0,0,0,0
1080,2,candidate,406,1280,720,1920,1080,11.5732,12.6621,9.86214,1,1,0,0,0,0
1080,2,candidate,407,1280,720,1920,1080,11.3132,12.3267,9.93485,1,1,0,0,0,0
1080,2,candidate,408,1280,720,1920,1080,11.52,12.5067,9.87443,1,1,0,0,0,0
1080,2,candidate,409,1280,720,1920,1080,11.3224,12.4139,9.94406,1,1,0,0,0,0
1080,2,candidate,410,1280,720,1920,1080,11.4514,12.532,9.80787,1,1,0,0,0,0
1080,2,candidate,411,1280,720,1920,1080,11.2712,12.3135,9.89286,1,1,0,0,0,0
1080,2,candidate,412,1280,720,1920,1080,11.306,12.3473,9.92461,1,1,0,0,0,0
1080,2,candidate,413,1280,720,1920,1080,11.5712,12.689,9.91846,1,1,0,0,0,0
1080,2,candidate,414,1280,720,1920,1080,11.2814,12.3753,9.90208,1,1,0,0,0,0
1080,2,candidate,415,1280,720,1920,1080,11.2835,12.2905,9.90515,1,1,0,0,0,0
1080,2,candidate,416,1280,720,1920,1080,11.4719,12.5263,9.83347,1,1,0,0,0,0
1080,2,candidate,417,1280,720,1920,1080,11.4514,12.5942,9.81504,1,1,0,0,0,0
1080,2,candidate,418,1280,720,1920,1080,11.4555,12.4704,9.78944,1,1,0,0,0,0
1080,2,candidate,419,1280,720,1920,1080,11.4801,12.5708,9.83654,1,1,0,0,0,0
1080,2,candidate,420,1280,720,1920,1080,11.4831,12.5158,9.82835,1,1,0,0,0,0
1080,2,candidate,421,1280,720,1920,1080,11.5292,12.6225,9.88262,1,1,0,0,0,0
1080,2,candidate,422,1280,720,1920,1080,11.521,12.7587,9.8857,1,1,0,0,0,0
1080,2,candidate,423,1280,720,1920,1080,11.2845,12.3623,9.90925,1,1,0,0,0,0
1080,2,candidate,424,1280,720,1920,1080,11.2681,12.283,9.89082,1,1,0,0,0,0
1080,2,candidate,425,1280,720,1920,1080,11.4944,12.6302,9.82733,1,1,0,0,0,0
1080,2,candidate,426,1280,720,1920,1080,11.39,12.4294,10.0127,1,1,0,0,0,0
1080,2,candidate,427,1280,720,1920,1080,11.305,12.3036,9.92563,1,1,0,0,0,0
1080,2,candidate,428,1280,720,1920,1080,11.3828,12.4686,10.0045,1,1,0,0,0,0
1080,2,candidate,429,1280,720,1920,1080,11.35,12.4763,9.97274,1,1,0,0,0,0
1080,2,candidate,430,1280,720,1920,1080,11.5661,12.6265,10.1796,1,1,0,0,0,0
1080,2,candidate,431,1280,720,1920,1080,11.3142,12.3512,9.93792,1,1,0,0,0,0
1080,2,candidate,432,1280,720,1920,1080,11.2691,12.2647,9.89389,1,1,0,0,0,0
1080,2,candidate,433,1280,720,1920,1080,11.4719,12.5577,9.82221,1,1,0,0,0,0
1080,2,candidate,434,1280,720,1920,1080,11.5753,12.6151,9.91232,1,1,0,0,0,0
1080,2,candidate,435,1280,720,1920,1080,11.3326,12.3762,9.95635,1,1,0,0,0,0
1080,2,candidate,436,1280,720,1920,1080,11.2916,12.6063,9.91437,1,1,0,0,0,0
1080,2,candidate,437,1280,720,1920,1080,11.2691,12.2686,9.89491,1,1,0,0,0,0
1080,2,candidate,438,1280,720,1920,1080,11.5261,12.5782,9.86214,1,1,0,0,0,0
1080,2,candidate,439,1280,720,1920,1080,11.5241,12.6882,9.87238,1,1,0,0,0,0
1080,2,candidate,440,1280,720,1920,1080,11.266,12.418,9.89082,1,1,0,0,0,0
1080,2,candidate,441,1280,720,1920,1080,11.3101,12.241,9.9328,1,1,0,0,0,0
1080,2,candidate,442,1280,720,1920,1080,11.2978,12.2885,9.92051,1,1,0,0,0,0
1080,2,candidate,443,1280,720,1920,1080,11.4002,12.4505,10.026,1,1,0,0,0,0
1080,2,candidate,444,1280,720,1920,1080,11.5036,12.4601,9.85907,1,1,0,0,0,0
1080,2,candidate,445,1280,720,1920,1080,11.4401,12.3934,9.80173,1,1,0,0,0,0
1080,2,candidate,446,1280,720,1920,1080,11.4586,12.508,9.82016,1,1,0,0,0,0
1080,2,candidate,447,1280,720,1920,1080,11.5108,12.6001,9.86214,1,1,0,0,0,0
1080,2,candidate,448,1280,720,1920,1080,11.5415,12.838,9.82528,1,1,0,0,0,0
1080,2,candidate,449,1280,720,1920,1080,11.477,12.5275,9.83347,1,1,0,0,0,0
1080,2,candidate,450,1280,720,1920,1080,11.2947,12.334,9.91744,1,1,0,0,0,0
1080,2,candidate,451,1280,720,1920,1080,11.4852,12.5256,9.84678,1,1,0,0,0,0
1080,2,candidate,452,1280,720,1920,1080,11.3439,12.3256,9.96762,1,1,0,0,0,0
1080,2,candidate,453,1280,720,1920,1080,11.4719,12.413,9.83347,1,1,0,0,0,0
1080,2,candidate,454,1280,720,1920,1080,11.4217,12.4828,9.78739,1,1,0,0,0,0
1080,2,candidate,455,1280,720,1920,1080,11.5169,12.5526,9.87546,1,1,0,0,0,0
1080,2,candidate,456,1280,720,1920,1080,11.5087,12.5341,9.85088,1,1,0,0,0,0
1080,2,candidate,457,1280,720,1920,1080,11.5067,12.6697,9.8601,1,1,0,0,0,0
1080,2,candidate,458,1280,720,1920,1080,11.4831,12.5157,9.83552,1,1,0,0,0,0
1080,2,candidate,459,1280,720,1920,1080,11.3111,12.4448,9.93485,1,1,0,0,0,0
1080,2,candidate,460,1280,720,1920,1080,11.3572,12.4331,9.97888,1,1,0,0,0,0
1080,2,candidate,461,1280,720,1920,1080,11.3111,12.2821,9.93075,1,1,0,0,0,0
1080,2,candidate,462,1280,720,1920,1080,11.5159,12.4728,9.87034,1,1,0,0,0,0
1080,2,candidate,463,1280,720,1920,1080,11.4924,12.5826,9.84986,1,1,0,0,0,0
1080,2,candidate,464,1280,720,1920,1080,11.2783,12.3053,9.90003,1,1,0,0,0,0
1080,2,candidate,465,1280,720,1920,1080,11.2507,12.3111,9.87443,1,1,0,0,0,0
1080,2,candidate,466,1280,720,1920,1080,11.5323,12.6289,9.89491,1,1,0,0,0,0
1080,2,candidate,467,1280,720,1920,1080,11.5016,12.7704,9.85805,1,1,0,0,0,0
1080,2,candidate,468,1280,720,1920,1080,11.3224,12.3534,9.94714,1,1,0,0,0,0
1080,2,candidate,469,1280,720,1920,1080,11.2814,12.3523,9.90413,1,1,0,0,0,0
1080,2,candidate,470,1280,720,1920,1080,11.5016,12.4759,9.8519,1,1,0,0,0,0
1080,2,candidate,471,1280,720,1920,1080,11.4565,12.5785,9.81094,1,1,0,0,0,0
1080,2,candidate,472,1280,720,1920,1080,11.2712,12.3458,9.89696,1,1,0,0,0,0
1080,2,candidate,473,1280,720,1920,1080,11.3121,12.3434,9.9328,1,1,0,0,0,0
1080,2,candidate,474,1280,720,1920,1080,11.3203,12.5167,9.68192,1,1,0,0,0,0
1080,2,candidate,475,1280,720,1920,1080,11.4954,12.5124,9.84678,1,1,0,0,0,0
1080,2,candidate,476,1280,720,1920,1080,11.2026,12.2075,9.8263,1,1,0,0,0,0
1080,2,candidate,477,1280,720,1920,1080,11.2947,12.4508,9.91846,1,1,0,0,0,0
1080,2,candidate,478,1280,720,1920,1080,11.4514,12.3514,9.82426,1,1,0,0,0,0
1080,2,candidate,479,1280,720,1920,1080,11.4227,12.342,9.78534,1,1,0,0,0,0
1080,2,candidate,480,1280,720,1920,1080,11.305,12.3062,9.66451,1,1,0,0,0,0
1080,2,candidate,481,1280,720,1920,1080,11.3203,12.271,9.6809,1,1,0,0,0,0
1080,2,candidate,482,1280,720,1920,1080,11.2835,12.3738,9.6471,1,1,0,0,0,0
1080,2,candidate,483,1280,720,1920,1080,11.3091,12.3419,9.66451,1,1,0,0,0,0
1080,2,candidate,484,1280,720,1920,1080,11.2916,12.3904,9.91744,1,1,0,0,0,0
1080,2,candidate,485,1280,720,1920,1080,10.881,11.9106,9.50067,1,1,0,0,0,0
1080,2,candidate,486,1280,720,1920,1080,11.2753,12.3078,9.89901,1,1,0,0,0,0
1080,2,candidate,487,1280,720,1920,1080,11.0531,12.1766,9.67987,1,1,0,0,0,0
1080,2,candidate,488,1280,720,1920,1080,11.3807,12.3826,9.984,1,1,0,0,0,0
1080,2,candidate,489,1280,720,1920,1080,11.2742,12.3799,9.89798,1,1,0,0,0,0
1080,2,candidate,490,1280,720,1920,1080,11.4278,12.4445,10.0495,1,1,0,0,0,0
1080,2,candidate,491,1280,720,1920,1080,11.2865,12.273,9.91232,1,1,0,0,0,0
1080,2,candidate,492,1280,720,1920,1080,11.2517,12.3304,9.8775,1,1,0,0,0,0
1080,2,candidate,493,1280,720,1920,1080,11.3132,12.2558,9.9328,1,1,0,0,0,0
1080,2,candidate,494,1280,720,1920,1080,11.476,12.4566,10.0987,1,1,0,0,0,0
1080,2,candidate,495,1280,720,1920,1080,11.3111,12.5563,9.93587,1,1,0,0,0,0
1080,2,candidate,496,1280,720,1920,1080,11.2855,12.2558,9.90822,1,1,0,0,0,0
1080,2,candidate,497,1280,720,1920,1080,11.3009,12.3464,9.92154,1,1,0,0,0,0
1080,2,candidate,498,1280,720,1920,1080,11.2947,12.3137,9.91539,1,1,0,0,0,0
1080,2,candidate,499,1280,720,1920,1080,11.3203,12.2686,9.94406,1,1,0,0,0,0
1080,2,candidate,500,1280,720,1920,1080,11.2732,12.1887,9.89389,1,1,0,0,0,0
1080,2,candidate,501,1280,720,1920,1080,11.4452,12.5206,9.81504,1,1,0,0,0,0
1080,2,candidate,502,1280,720,1920,1080,11.4616,12.4912,9.8345,1,1,0,0,0,0
1080,2,candidate,503,1280,720,1920,1080,11.4422,12.3876,9.81197,1,1,0,0,0,0
1080,2,candidate,504,1280,720,1920,1080,11.4565,12.4436,9.82221,1,1,0,0,0,0
1080,2,candidate,505,1280,720,1920,1080,11.4319,12.4093,9.79968,1,1,0,0,0,0
1080,2,candidate,506,1280,720,1920,1080,11.4063,12.5685,9.7792,1,1,0,0,0,0
1080,2,candidate,507,1280,720,1920,1080,11.52,12.6491,9.88877,1,1,0,0,0,0
1080,2,candidate,508,1280,720,1920,1080,11.2077,12.1232,9.83245,1,1,0,0,0,0
1080,2,candidate,509,1280,720,1920,1080,11.4258,12.4634,10.0434,1,1,0,0,0,0
1080,2,candidate,510,1280,720,1920,1080,12.1313,13.0698,10.7428,1,1,0,0,0,0
1080,2,candidate,511,1280,720,1920,1080,11.3316,12.3571,9.95533,1,1,0,0,0,0
1080,2,candidate,512,1280,720,1920,1080,11.2906,12.3324,9.91232,1,1,0,0,0,0
1080,2,candidate,513,1280,720,1920,1080,11.2835,12.2739,9.90618,1,1,0,0,0,0
1080,2,candidate,514,1280,720,1920,1080,11.4688,12.4294,9.82938,1,1,0,0,0,0
1080,2,candidate,515,1280,720,1920,1080,11.436,12.4561,9.79456,1,1,0,0,0,0
1080,2,candidate,516,1280,720,1920,1080,11.4852,12.5369,9.84678,1,1,0,0,0,0
1080,2,candidate,517,1280,720,1920,1080,11.4565,12.497,9.8007,1,1,0,0,0,0
1080,2,candidate,518,1280,720,1920,1080,11.4442,12.489,9.80685,1,1,0,0,0,0
1080,2,candidate,519,1280,720,1920,1080,11.4831,12.7433,9.83962,1,1,0,0,0,0
1080,2,candidate,520,1280,720,1920,1080,11.5026,12.5415,9.85395,1,1,0,0,0,0
1080,2,candidate,521,1280,720,1920,1080,11.5098,12.6328,9.86522,1,1,0,0,0,0
1080,2,candidate,522,1280,720,1920,1080,11.3377,12.421,9.96045,1,1,0,0,0,0
1080,2,candidate,523,1280,720,1920,1080,11.308,12.3955,9.9287,1,1,0,0,0,0
1080,2,candidate,524,1280,720,1920,1080,11.3357,12.4228,9.95738,1,1,0,0,0,0
1080,2,candidate,525,1280,720,1920,1080,11.2579,12.4031,9.87955,1,1,0,0,0,0
1080,2,candidate,526,1280,720,1920,1080,11.308,12.3316,9.92973,1,1,0,0,0,0
1080,2,candidate,527,1280,720,1920,1080,11.3654,12.4161,9.80173,1,1,0,0,0,0
1080,2,candidate,528,1280,720,1920,1080,9.97069,10.9485,8.59648,1,1,0,0,0,0
1080,2,candidate,529,1280,720,1920,1080,11.5016,12.4073,10.1233,1,1,0,0,0,0
1080,2,candidate,530,1280,720,1920,1080,9.2713,11.9355,7.89606,1,1,0,0,0,0
1080,2,candidate,531,1280,720,1920,1080,11.0776,12.1038,9.65427,1,1,0,0,0,0
1080,2,candidate,532,1280,720,1920,1080,11.948,13.0804,10.239,1,1,0,0,0,0
1080,2,candidate,533,1280,720,1920,1080,11.0346,12.4359,9.65632,1,1,0,0,0,0
1080,2,candidate,534,1280,720,1920,1080,11.1534,12.2934,9.77818,1,1,0,0,0,0
1080,2,candidate,535,1280,720,1920,1080,11.3572,12.2219,9.97888,1,1,0,0,0,0
1080,2,candidate,536,1280,720,1920,1080,15.7317,16.832,14.3565,1,1,0,0,0,0
1080,2,candidate,537,1280,720,1920,1080,11.263,12.2543,9.88467,1,1,0,0,0,0
1080,2,candidate,538,1280,720,1920,1080,11.2527,12.3065,9.87648,1,1,0,0,0,0
1080,2,candidate,539,1280,720,1920,1080,11.2794,12.2734,9.90413,1,1,0,0,0,0
1080,2,candidate,540,1280,720,1920,1080,11.2681,12.261,9.89184,1,1,0,0,0,0
1080,2,candidate,541,1280,720,1920,1080,11.2015,12.2697,9.8263,1,1,0,0,0,0
1080,2,candidate,542,1280,720,1920,1080,11.4678,12.4364,10.0925,1,1,0,0,0,0
1080,2,candidate,543,1280,720,1920,1080,11.4545,12.5865,10.0782,1,1,0,0,0,0
1080,2,candidate,544,1280,720,1920,1080,11.4627,12.4052,10.0864,1,1,0,0,0,0
1080,2,candidate,545,1280,720,1920,1080,11.4524,12.4877,10.0741,1,1,0,0,0,0
1080,2,candidate,546,1280,720,1920,1080,11.5026,12.5707,10.1274,1,1,0,0,0,0
1080,2,candidate,547,1280,720,1920,1080,11.4412,12.388,10.0649,1,1,0,0,0,0
1080,2,candidate,548,1280,720,1920,1080,11.4555,12.5017,10.0792,1,1,0,0,0,0
1080,2,candidate,549,1280,720,1920,1080,11.4432,12.43,10.0649,1,1,0,0,0,0
1080,2,candidate,550,1280,720,1920,1080,11.4534,12.4567,10.0741,1,1,0,0,0,0
1080,2,candidate,551,1280,720,1920,1080,11.4934,12.6615,10.114,1,1,0,0,0,0
1080,2,candidate,552,1280,720,1920,1080,11.4299,12.3485,10.0495,1,1,0,0,0,0
1080,2,candidate,553,1280,720,1920,1080,11.4934,12.506,10.1151,1,1,0,0,0,0
1080,2,candidate,554,1280,720,1920,1080,11.519,12.7327,10.1396,1,1,0,0,0,0
1080,2,candidate,555,1280,720,1920,1080,11.479,12.5252,10.1018,1,1,0,0,0,0
1080,2,candidate,556,1280,720,1920,1080,10.9507,12.07,9.57542,1,1,0,0,0,0
1080,2,candidate,557,1280,720,1920,1080,11.3603,12.2382,9.70138,1,1,0,0,0,0
1080,2,candidate,558,1280,720,1920,1080,11.4145,12.363,10.0393,1,1,0,0,0,0
1080,2,candidate,559,1280,720,1920,1080,11.4278,12.5349,10.0495,1,1,0,0,0,0
1080,2,candidate,560,1280,720,1920,1080,11.4668,12.4124,10.0925,1,1,0,0,0,0
1080,2,candidate,561,1280,720,1920,1080,11.3162,12.4208,9.93894,1,1,0,0,0,0
1080,2,candidate,562,1280,720,1920,1080,11.2988,12.4034,9.91949,1,1,0,0,0,0
1080,2,candidate,563,1280,720,1920,1080,11.4596,12.5529,9.83654,1,1,0,0,0,0
1080,2,candidate,564,1280,720,1920,1080,11.3132,12.5312,9.9369,1,1,0,0,0,0
1080,2,candidate,565,1280,720,1920,1080,11.3265,12.3483,9.95226,1,1,0,0,0,0
1080,2,candidate,566,1280,720,1920,1080,11.2824,12.2218,9.90822,1,1,0,0,0,0
1080,2,candidate,567,1280,720,1920,1080,11.4811,12.4708,9.84883,1,1,0,0,0,0
1080,2,candidate,568,1280,720,1920,1080,11.263,12.1794,9.88467,1,1,0,0,0,0
1080,2,candidate,569,1280,720,1920,1080,11.4555,12.3729,9.82016,1,1,0,0,0,0
1080,2,candidate,570,1280,720,1920,1080,11.3981,12.3465,9.77408,1,1,0,0,0,0
1080,2,candidate,571,1280,720,1920,1080,11.2732,12.2903,9.65018,1,1,0,0,0,0
1080,2,candidate,572,1280,720,1920,1080,11.3695,12.4686,9.67578,1,1,0,0,0,0
1080,2,candidate,573,1280,720,1920,1080,11.307,12.2735,9.6809,1,1,0,0,0,0
1080,2,candidate,574,1280,720,1920,1080,11.2886,12.4354,9.66144,1,1,0,0,0,0
1080,2,candidate,575,1280,720,1920,1080,11.2794,12.3817,9.65222,1,1,0,0,0,0
1080,2,candidate,576,1280,720,1920,1080,11.3357,12.5049,9.70957,1,1,0,0,0,0
1080,2,candidate,577,1280,720,1920,1080,11.1923,12.4525,9.81504,1,1,0,0,0,0
1080,2,candidate,578,1280,720,1920,1080,11.2241,12.5321,9.84781,1,1,0,0,0,0
1080,2,candidate,579,1280,720,1920,1080,11.394,12.4419,9.73517,1,1,0,0,0,0
1080,2,candidate,580,1280,720,1920,1080,11.3152,12.3601,9.66963,1,1,0,0,0,0
1080,2,candidate,581,1280,720,1920,1080,11.1933,12.4575,9.81811,1,1,0,0,0,0
1080,2,candidate,582,1280,720,1920,1080,11.1831,12.338,9.80787,1,1,0,0,0,0
1080,2,candidate,583,1280,720,1920,1080,11.3326,12.3964,9.95738,1,1,0,0,0,0
1080,2,candidate,584,1280,720,1920,1080,11.0848,12.3094,9.71059,1,1,0,0,0,0
1080,2,candidate,585,1280,720,1920,1080,11.5528,12.7625,9.91027,1,1,0,0,0,0
1080,2,candidate,586,1280,720,1920,1080,11.4831,12.5763,9.84576,1,1,0,0,0,0
1080,2,candidate,587,1280,720,1920,1080,11.1985,12.3616,9.82118,1,1,0,0,0,0
1080,2,candidate,588,1280,720,1920,1080,11.4207,12.4059,10.0444,1,1,0,0,0,0
1080,2,candidate,589,1280,720,1920,1080,11.1923,12.4687,9.81811,1,1,0,0,0,0
1080,2,candidate,590,1280,720,1920,1080,11.2497,12.4923,9.87443,1,1,0,0,0,0
1080,2,candidate,591,1280,720,1920,1080,11.2036,12.52,9.82938,1,1,0,0,0,0
1080,2,candidate,592,1280,720,1920,1080,11.2681,12.6774,9.88877,1,1,0,0,0,0
1080,2,candidate,593,1280,720,1920,1080,11.2067,12.6442,9.8304,1,1,0,0,0,0
1080,2,candidate,594,1280,720,1920,1080,11.5487,12.6642,9.91846,1,1,0,0,0,0
1080,2,candidate,595,1280,720,1920,1080,11.2814,12.4352,9.62662,1,1,0,0,0,0
1080,2,candidate,596,1280,720,1920,1080,11.2896,12.3048,9.64608,1,1,0,0,0,0
1080,2,candidate,597,1280,720,1920,1080,11.3398,12.325,9.68602,1,1,0,0,0,0
1080,2,candidate,598,1280,720,1920,1080,11.2353,12.4104,9.8601,1,1,0,0,0,0
1080,2,candidate,599,1280,720,1920,1080,11.3121,12.3977,9.66554,1,1,0,0,0,0
1080,2,candidate,600,1280,720,1920,1080,11.2691,12.5531,9.89286,1,1,0,0,0,0
1080,2,candidate,601,1280,720,1920,1080,11.1892,12.4932,9.81094,1,1,0,0,0,0
1080,2,candidate,602,1280,720,1920,1080,11.3797,12.4233,10.0024,1,1,0,0,0,0
1080,2,candidate,603,1280,720,1920,1080,11.2282,12.2393,9.85088,1,1,0,0,0,0
1080,2,candidate,604,1280,720,1920,1080,11.2742,12.4823,9.90003,1,1,0,0,0,0
1080,2,candidate,605,1280,720,1920,1080,11.2312,12.4613,9.856,1,1,0,0,0,0
1080,2,candidate,606,1280,720,1920,1080,11.4637,12.4921,10.0864,1,1,0,0,0,0
1080,2,candidate,607,1280,720,1920,1080,11.2415,12.4809,9.86624,1,1,0,0,0,0
1080,2,candidate,608,1280,720,1920,1080,11.4831,12.5572,10.1059,1,1,0,0,0,0
1080,2,candidate,609,1280,720,1920,1080,11.1913,12.3607,9.81197,1,1,0,0,0,0
1080,2,candidate,610,1280,720,1920,1080,11.3347,12.3849,9.78637,1,1,0,0,0,0
1080,2,candidate,611,1280,720,1920,1080,11.2701,12.3092,9.89389,1,1,0,0,0,0
1080,2,candidate,612,1280,720,1920,1080,11.0408,12.1567,9.66656,1,1,0,0,0,0
1080,2,candidate,613,1280,720,1920,1080,11.3439,12.3452,9.96762,1,1,0,0,0,0
1080,2,candidate,614,1280,720,1920,1080,11.4156,12.5024,10.0393,1,1,0,0,0,0
1080,2,candidate,615,1280,720,1920,1080,11.2353,12.1735,9.85907,1,1,0,0,0,0
1080,2,candidate,616,1280,720,1920,1080,11.0561,12.1176,9.65939,1,1,0,0,0,0
1080,2,candidate,617,1280,720,1920,1080,10.9609,12.0661,9.58566,1,1,0,0,0,0
1080,2,candidate,618,1280,720,1920,1080,11.2456,12.4494,9.87034,1,1,0,0,0,0
1080,2,candidate,619,1280,720,1920,1080,11.5456,12.4897,10.1673,1,1,0,0,0,0
1080,2,candidate,620,1280,720,1920,1080,11.2671,12.2708,9.89184,1,1,0,0,0,0
1080,2,candidate,621,1280,720,1920,1080,11.3039,12.3162,9.9287,1,1,0,0,0,0
1080,2,candidate,622,1280,720,1920,1080,11.4668,12.532,10.0925,1,1,0,0,0,0
1080,2,candidate,623,1280,720,1920,1080,11.3193,12.3224,9.94509,1,1,0,0,0,0
1080,2,candidate,624,1280,720,1920,1080,11.7289,12.662,10.1775,1,1,0,0,0,0
1080,2,candidate,625,1280,720,1920,1080,11.4432,12.3926,9.8263,1,1,0,0,0,0
1080,2,candidate,626,1280,720,1920,1080,11.3306,12.2328,9.9543,1,1,0,0,0,0
1080,2,candidate,627,1280,720,1920,1080,11.4104,12.4922,10.0352,1,1,0,0,0,0
1080,2,candidate,628,1280,720,1920,1080,11.2855,12.241,9.91027,1,1,0,0,0,0
1080,2,candidate,629,1280,720,1920,1080,11.478,12.656,9.82221,1,1,0,0,0,0
1080,2,candidate,630,1280,720,1920,1080,11.2558,12.284,9.88467,1,1,0,0,0,0
1080,2,candidate,631,1280,720,1920,1080,11.521,12.4907,9.86726,1,1,0,0,0,0
1080,2,candidate,632,1280,720,1920,1080,11.4637,12.431,9.82733,1,1,0,0,0,0
1080,2,candidate,633,1280,720,1920,1080,11.2937,12.4664,9.91846,1,1,0,0,0,0
1080,2,candidate,634,1280,720,1920,1080,11.4575,12.4776,9.81811,1,1,0,0,0,0
1080,2,candidate,635,1280,720,1920,1080,11.2876,12.2583,9.91334,1,1,0,0,0,0
1080,2,candidate,636,1280,720,1920,1080,11.1903,12.1567,9.81504,1,1,0,0,0,0
1080,2,candidate,637,1280,720,1920,1080,11.2333,12.5479,9.85907,1,1,0,0,0,0
1080,2,candidate,638,1280,720,1920,1080,11.0592,12.1951,8.39782,1,1,0,0,0,0
1080,2,candidate,639,1280,720,1920,1080,11.4442,12.4177,9.7833,1,1,0,0,0,0
1080,2,candidate,640,1280,720,1920,1080,11.4258,12.5241,9.78432,1,1,0,0,0,0
1080,2,candidate,641,1280,720,1920,1080,11.2517,12.2264,9.61434,1,1,0,0,0,0
1080,2,candidate,642,1280,720,1920,1080,11.2978,12.4714,9.66042,1,1,0,0,0,0
1080,2,candidate,643,1280,720,1920,1080,11.1421,12.3906,9.76896,1,1,0,0,0,0
1080,2,candidate,644,1280,720,1920,1080,11.3613,12.4673,9.98912,1,1,0,0,0,0
1080,2,candidate,645,1280,720,1920,1080,10.9281,12.0501,9.55494,1,1,0,0,0,0
1080,2,candidate,646,1280,720,1920,1080,11.3132,12.4151,9.9287,1,1,0,0,0,0
1080,2,candidate,647,1280,720,1920,1080,11.2998,12.2122,9.92358,1,1,0,0,0,0
1080,2,candidate,648,1280,720,1920,1080,11.307,12.4183,9.9287,1,1,0,0,0,0
1080,2,candidate,649,1280,720,1920,1080,11.009,12.2443,9.63174,1,1,0,0,0,0
1080,2,candidate,650,1280,720,1920,1080,11.0561,12.2805,9.6809,1,1,0,0,0,0
1080,2,candidate,651,1280,720,1920,1080,11.263,12.223,9.88672,1,1,0,0,0,0
1080,2,candidate,652,1280,720,1920,1080,11.479,12.4768,10.1048,1,1,0,0,0,0
1080,2,candidate,653,1280,720,1920,1080,11.2056,12.2625,9.82835,1,1,0,0,0,0
1080,2,candidate,654,1280,720,1920,1080,11.4412,12.511,10.0659,1,1,0,0,0,0
1080,2,candidate,655,1280,720,1920,1080,11.2794,12.2276,9.67373,1,1,0,0,0,0
1080,2,candidate,656,1280,720,1920,1080,11.0623,12.2423,9.68909,1,1,0,0,0,0
1080,2,candidate,657,1280,720,1920,1080,11.4319,12.3859,10.0577,1,1,0,0,0,0
1080,2,candidate,658,1280,720,1920,1080,11.4371,12.4793,10.0608,1,1,0,0,0,0
1080,2,candidate,659,1280,720,1920,1080,11.4196,12.4095,10.0454,1,1,0,0,0,0
1080,2,candidate,660,1280,720,1920,1080,11.4422,12.4782,10.0669,1,1,0,0,0,0
1080,2,candidate,661,1280,720,1920,1080,11.3111,12.2256,9.93485,1,1,0,0,0,0
1080,2,candidate,662,1280,720,1920,1080,11.3193,12.3121,9.94509,1,1,0,0,0,0
1080,2,candidate,663,1280,720,1920,1080,11.3111,12.4258,9.93382,1,1,0,0,0,0
1080,2,candidate,664,1280,720,1920,1080,11.3142,12.3133,9.93894,1,1,0,0,0,0
1080,2,candidate,665,1280,720,1920,1080,11.3551,12.3095,9.96966,1,1,0,0,0,0
1080,2,candidate,666,1280,720,1920,1080,11.2732,12.2201,9.90208,1,1,0,0,0,0
1080,2,candidate,667,1280,720,1920,1080,11.4708,12.5306,9.81811,1,1,0,0,0,0
1080,2,candidate,668,1280,720,1920,1080,11.5272,12.6776,9.8601,1,1,0,0,0,0
1080,2,candidate,669,1280,720,1920,1080,11.5241,12.5767,9.86112,1,1,0,0,0,0
1080,2,candidate,670,1280,720,1920,1080,11.3213,12.3649,9.94918,1,1,0,0,0,0
1080,2,candidate,671,1280,720,1920,1080,11.3295,12.2971,9.95533,1,1,0,0,0,0
1080,2,candidate,672,1280,720,1920,1080,12.0361,13.0379,10.3383,1,1,0,0,0,0
1080,2,candidate,673,1280,720,1920,1080,11.3244,12.3324,9.64915,1,1,0,0,0,0
1080,2,candidate,674,1280,720,1920,1080,11.3244,12.2881,9.95021,1,1,0,0,0,0
1080,2,candidate,675,1280,720,1920,1080,11.4452,12.5412,9.77408,1,1,0,0,0,0
1080,2,candidate,676,1280,720,1920,1080,11.6756,12.7127,9.90208,1,1,0,0,0,0
1080,2,candidate,677,1280,720,1920,1080,11.3439,12.3631,9.96045,1,1,0,0,0,0
1080,2,candidate,678,1280,720,1920,1080,11.179,12.2253,9.80275,1,1,0,0,0,0
1080,2,candidate,679,1280,720,1920,1080,11.3644,12.3524,9.9881,1,1,0,0,0,0
1080,2,candidate,680,1280,720,1920,1080,9.90413,10.8655,8.53197,1,1,0,0,0,0
1080,2,candidate,681,1280,720,1920,1080,9.80787,11.7427,8.43264,1,1,0,0,0,0
1080,2,candidate,682,1280,720,1920,1080,11.3152,12.3507,9.93997,1,1,0,0,0,0
1080,2,candidate,683,1280,720,1920,1080,11.2138,12.2951,9.81709,1,1,0,0,0,0
1080,2,candidate,684,1280,720,1920,1080,11.6449,12.6219,9.99322,1,1,0,0,0,0
1080,2,candidate,685,1280,720,1920,1080,10.9332,12.1798,9.56006,1,1,0,0,0,0
1080,2,candidate,686,1280,720,1920,1080,11.2712,12.3947,9.64608,1,1,0,0,0,0
1080,2,candidate,687,1280,720,1920,1080,11.3521,12.2983,9.97786,1,1,0,0,0,0
1080,2,candidate,688,1280,720,1920,1080,11.2292,12.1524,9.85395,1,1,0,0,0,0
1080,2,candidate,689,1280,720,1920,1080,11.2394,12.2441,9.86522,1,1,0,0,0,0
1080,2,candidate,690,1280,720,1920,1080,11.2527,12.1691,9.87648,1,1,0,0,0,0
1080,2,candidate,691,1280,720,1920,1080,11.2374,12.2428,9.86112,1,1,0,0,0,0
1080,2,candidate,692,1280,720,1920,1080,11.4524,12.5112,9.82835,1,1,0,0,0,0
1080,2,candidate,693,1280,720,1920,1080,11.435,12.4256,9.80787,1,1,0,0,0,0
1080,2,candidate,694,1280,720,1920,1080,9.97581,11,8.60467,1,1,0,0,0,0
1080,2,candidate,695,1280,720,1920,1080,13.0181,14.0848,11.6265,1,1,0,0,0,0
1080,2,candidate,696,1280,720,1920,1080,10.5544,11.5648,9.18016,1,1,0,0,0,0
1080,2,candidate,697,1280,720,1920,1080,11.9245,13.2712,10.5001,1,1,0,0,0,0
1080,2,candidate,698,1280,720,1920,1080,11.2517,12.2304,9.87955,1,1,0,0,0,0
1080,2,candidate,699,1280,720,1920,1080,11.4616,12.467,9.78022,1,1,0,0,0,0
1080,2,candidate,700,1280,720,1920,1080,11.4749,12.456,10.1007,1,1,0,0,0,0
1080,2,candidate,701,1280,720,1920,1080,11.4954,12.5459,9.80685,1,1,0,0,0,0
1080,2,candidate,702,1280,720,1920,1080,11.3551,12.4694,9.69011,1,1,0,0,0,0
1080,2,candidate,703,1280,720,1920,1080,11.0039,12.1342,8.39578,1,1,0,0,0,0
1080,2,candidate,704,1280,720,1920,1080,11.479,12.388,9.83552,1,1,0,0,0,0
1080,2,candidate,705,1280,720,1920,1080,11.263,12.224,9.62765,1,1,0,0,0,0
1080,2,candidate,706,1280,720,1920,1080,11.1892,12.4299,9.81709,1,1,0,0,0,0
1080,2,candidate,707,1280,720,1920,1080,11.2568,12.3644,9.62765,1,1,0,0,0,0
1080,2,candidate,708,1280,720,1920,1080,11.1831,12.3518,9.8089,1,1,0,0,0,0
1080,2,candidate,709,1280,720,1920,1080,11.262,12.5377,9.8857,1,1,0,0,0,0
1080,2,candidate,710,1280,720,1920,1080,11.2415,12.4428,9.86726,1,1,0,0,0,0
1080,2,candidate,711,1280,720,1920,1080,11.2886,12.2887,9.91232,1,1,0,0,0,0
1080,2,candidate,712,1280,720,1920,1080,10.9281,12.0611,9.55494,1,1,0,0,0,0
1080,2,candidate,713,1280,720,1920,1080,11.3152,12.3935,9.93997,1,1,0,0,0,0
1080,2,candidate,714,1280,720,1920,1080,11.0715,12.26,9.69011,1,1,0,0,0,0
1080,2,candidate,715,1280,720,1920,1080,11.1585,12.3691,9.78534,1,1,0,0,0,0
1080,2,candidate,716,1280,720,1920,1080,11.0899,12.4851,9.71674,1,1,0,0,0,0
1080,2,candidate,717,1280,720,1920,1080,11.2589,12.1972,9.87955,1,1,0,0,0,0
1080,2,candidate,718,1280,720,1920,1080,11.4156,12.6118,10.0332,1,1,0,0,0,0
1080,2,candidate,719,1280,720,1920,1080,11.095,12.2729,9.72186,1,1,0,0,0,0
1080,2,candidate,720,1280,720,1920,1080,11.5476,12.4846,10.1663,1,1,0,0,0,0
1080,2,candidate,721,1280,720,1920,1080,11.2886,12.3029,9.91232,1,1,0,0,0,0
1080,2,candidate,722,1280,720,1920,1080,11.3152,12.4008,9.70445,1,1,0,0,0,0
1080,2,candidate,723,1280,720,1920,1080,9.69011,10.6013,8.31488,1,1,0,0,0,0
1080,2,candidate,724,1280,720,1920,1080,11.0479,13.6148,9.65632,1,1,0,0,0,0
1080,2,candidate,725,1280,720,1920,1080,11.1985,12.2331,9.80275,1,1,0,0,0,0
1080,2,candidate,726,1280,720,1920,1080,11.434,12.3464,9.85498,1,1,0,0,0,0
1080,2,candidate,727,1280,720,1920,1080,11.0162,12.0564,8.37222,1,1,0,0,0,0
1080,2,candidate,728,1280,720,1920,1080,11.2937,12.4098,8.41421,1,1,0,0,0,0
1080,2,candidate,729,1280,720,1920,1080,11.4166,12.3685,9.78842,1,1,0,0,0,0
1080,2,candidate,730,1280,720,1920,1080,11.4872,12.4405,9.83654,1,1,0,0,0,0
1080,2,candidate,731,1280,720,1920,1080,11.2415,12.2513,9.60102,1,1,0,0,0,0
1080,2,candidate,732,1280,720,1920,1080,11.308,12.3133,9.66554,1,1,0,0,0,0
1080,2,candidate,733,1280,720,1920,1080,11.2323,12.4994,9.85907,1,1,0,0,0,0
1080,2,candidate,734,1280,720,1920,1080,11.1421,12.5737,9.77101,1,1,0,0,0,0
1080,2,candidate,735,1280,720,1920,1080,11.2753,12.3803,9.62048,1,1,0,0,0,0
1080,2,candidate,736,1280,720,1920,1080,11.3152,12.3598,9.67168,1,1,0,0,0,0
1080,2,candidate,737,1280,720,1920,1080,11.1903,12.3847,9.81197,1,1,0,0,0,0
1080,2,candidate,738,1280,720,1920,1080,11.3398,12.5637,9.68499,1,1,0,0,0,0
1080,2,candidate,739,1280,720,1920,1080,11.2568,12.3189,9.69933,1,1,0,0,0,0
1080,2,candidate,740,1280,720,1920,1080,11.3388,12.4766,9.96454,1,1,0,0,0,0
1080,2,candidate,741,1280,720,1920,1080,11.0428,12.0575,9.66861,1,1,0,0,0,0
1080,2,candidate,742,1280,720,1920,1080,11.518,12.4656,10.1417,1,1,0,0,0,0
1080,2,candidate,743,1280,720,1920,1080,11.0254,12.2926,9.64915,1,1,0,0,0,0
1080,2,candidate,744,1280,720,1920,1080,11.0797,12.2699,9.7065,1,1,0,0,0,0
1080,2,candidate,745,1280,720,1920,1080,11.349,12.3558,9.97274,1,1,0,0,0,0
1080,2,candidate,746,1280,720,1920,1080,11.2998,12.3397,9.67373,1,1,0,0,0,0
1080,2,candidate,747,1280,720,1920,1080,10.793,11.8644,9.4167,1,1,0,0,0,0
1080,2,candidate,748,1280,720,1920,1080,11.2712,12.1866,9.89798,1,1,0,0,0,0
1080,2,candidate,749,1280,720,1920,1080,11.2865,12.2918,9.91027,1,1,0,0,0,0
1080,2,candidate,750,1280,720,1920,1080,11.4186,12.3836,10.0434,1,1,0,0,0,0
1080,2,candidate,751,1280,720,1920,1080,11.5057,12.6966,10.1335,1,1,0,0,0,0
1080,2,candidate,752,1280,720,1920,1080,11.2824,12.4462,9.90925,1,1,0,0,0,0
1080,2,candidate,753,1280,720,1920,1080,11.2732,12.4844,9.89594,1,1,0,0,0,0
1080,2,candidate,754,1280,720,1920,1080,11.4688,12.4766,10.0946,1,1,0,0,0,0
1080,2,candidate,755,1280,720,1920,1080,11.4637,12.4328,10.0884,1,1,0,0,0,0
1080,2,candidate,756,1280,720,1920,1080,11.4903,12.5132,10.1181,1,1,0,0,0,0
1080,2,candidate,757,1280,720,1920,1080,11.4647,12.5435,10.0864,1,1,0,0,0,0
1080,2,candidate,758,1280,720,1920,1080,11.2374,12.2986,9.86317,1,1,0,0,0,0
1080,2,candidate,759,1280,720,1920,1080,11.3684,12.2917,9.99322,1,1,0,0,0,0
1080,2,candidate,760,1280,720,1920,1080,11.6163,12.5863,9.98502,1,1,0,0,0,0
1080,2,candidate,761,1280,720,1920,1080,11.4442,12.3493,10.0669,1,1,0,0,0,0
1080,2,candidate,762,1280,720,1920,1080,11.8129,12.774,10.0987,1,1,0,0,0,0
1080,2,candidate,763,1280,720,1920,1080,11.1913,12.3747,9.82016,1,1,0,0,0,0
1080,2,candidate,764,1280,720,1920,1080,11.3828,12.2791,10.0086,1,1,0,0,0,0
1080,2,candidate,765,1280,720,1920,1080,11.4432,12.3677,9.8007,1,1,0,0,0,0
1080,2,candidate,766,1280,720,1920,1080,11.3889,12.3797,9.81504,1,1,0,0,0,0
1080,2,candidate,767,1280,720,1920,1080,11.2886,12.2199,9.65939,1,1,0,0,0,0
1080,2,candidate,768,1280,720,1920,1080,10.964,12.0062,9.58771,1,1,0,0,0,0
1080,2,candidate,769,1280,720,1920,1080,11.2097,12.1542,9.8345,1,1,0,0,0,0
1080,2,candidate,770,1280,720,1920,1080,11.2824,12.2538,9.90822,1,1,0,0,0,0
1080,2,candidate,771,1280,720,1920,1080,11.1432,12.1778,8.53606,1,1,0,0,0,0
1080,2,candidate,772,1280,720,1920,1080,11.1237,12.4082,9.75155,1,1,0,0,0,0
1080,2,candidate,773,1280,720,1920,1080,10.9998,12.3905,9.6215,1,1,0,0,0,0
1080,2,candidate,774,1280,720,1920,1080,11.1821,12.6334,9.80992,1,1,0,0,0,0
1080,2,candidate,775,1280,720,1920,1080,11.1718,12.4989,9.79661,1,1,0,0,0,0
1080,2,candidate,776,1280,720,1920,1080,11.2251,12.6932,9.8519,1,1,0,0,0,0
1080,2,candidate,777,1280,720,1920,1080,9.72493,10.6803,8.35379,1,1,0,0,0,0
1080,2,candidate,778,1280,720,1920,1080,12.8256,13.6928,11.4504,1,1,0,0,0,0
1080,2,candidate,779,1280,720,1920,1080,11.1165,12.2628,9.74234,1,1,0,0,0,0
1080,2,candidate,780,1280,720,1920,1080,11.262,12.3155,9.8857,1,1,0,0,0,0
1080,2,candidate,781,1280,720,1920,1080,11.2671,12.1999,9.89082,1,1,0,0,0,0
1080,2,candidate,782,1280,720,1920,1080,11.1217,12.1837,9.75053,1,1,0,0,0,0
1080,2,candidate,783,1280,720,1920,1080,11.7627,12.8051,10.3875,1,1,0,0,0,0
1080,2,candidate,784,1280,720,1920,1080,11.3101,12.4645,9.93792,1,1,0,0,0,0
1080,2,candidate,785,1280,720,1920,1080,11.4524,12.5523,10.0792,1,1,0,0,0,0
1080,2,candidate,786,1280,720,1920,1080,11.2845,12.349,9.91232,1,1,0,0,0,0
1080,2,candidate,787,1280,720,1920,1080,11.4412,12.3147,10.0628,1,1,0,0,0,0
1080,2,candidate,788,1280,720,1920,1080,11.2517,12.2884,9.87853,1,1,0,0,0,0
1080,2,candidate,789,1280,720,1920,1080,11.8262,12.7181,10.199,1,1,0,0,0,0
1080,2,candidate,790,1280,720,1920,1080,11.2364,12.3092,9.86317,1,1,0,0,0,0
1080,2,candidate,791,1280,720,1920,1080,11.3469,12.3373,9.96557,1,1,0,0,0,0
1080,2,candidate,792,1280,720,1920,1080,11.3132,12.328,9.69318,1,1,0,0,0,0
1080,2,candidate,793,1280,720,1920,1080,11.2835,12.3343,9.90822,1,1,0,0,0,0
1080,2,candidate,794,1280,720,1920,1080,11.2261,12.1732,9.85395,1,1,0,0,0,0
1080,2,candidate,795,1280,720,1920,1080,11.4217,12.3858,10.0465,1,1,0,0,0,0
1080,2,candidate,796,1280,720,1920,1080,11.4401,12.4312,10.068,1,1,0,0,0,0
1080,2,candidate,797,1280,720,1920,1080,11.4319,12.3854,10.0547,1,1,0,0,0,0
1080,2,candidate,798,1280,720,1920,1080,11.4616,12.4973,10.0864,1,1,0,0,0,0
1080,2,candidate,799,1280,720,1920,1080,11.3787,12.3408,10.0055,1,1,0,0,0,0
1080,2,candidate,800,1280,720,1920,1080,11.2599,12.1972,9.88774,1,1,0,0,0,0
1080,2,candidate,801,1280,720,1920,1080,11.2773,12.2229,9.90106,1,1,0,0,0,0
1080,2,candidate,802,1280,720,1920,1080,11.4125,12.4079,9.78739,1,1,0,0,0,0
1080,2,candidate,803,1280,720,1920,1080,11.5323,12.6481,9.89082,1,1,0,0,0,0
1080,2,candidate,804,1280,720,1920,1080,11.4248,12.5416,9.80275,1,1,0,0,0,0
1080,2,candidate,805,1280,720,1920,1080,11.4432,12.5062,9.81094,1,1,0,0,0,0
1080,2,candidate,806,1280,720,1920,1080,11.3132,12.2837,9.93792,1,1,0,0,0,0
1080,2,candidate,807,1280,720,1920,1080,11.4381,12.3908,9.81299,1,1,0,0,0,0
1080,2,candidate,808,1280,720,1920,1080,11.2118,12.3014,9.79558,1,1,0,0,0,0
1080,2,candidate,809,1280,720,1920,1080,11.0377,12.1212,8.3968,1,1,0,0,0,0
1080,2,candidate,810,1280,720,1920,1080,11.4094,13.023,9.78125,1,1,0,0,0,0
1080,2,candidate,811,1280,720,1920,1080,11.4104,12.3979,9.78534,1,1,0,0,0,0
1080,2,candidate,812,1280,720,1920,1080,11.4442,12.3636,9.81811,1,1,0,0,0,0
1080,2,candidate,813,1280,720,1920,1080,11.4217,12.3613,9.79558,1,1,0,0,0,0
1080,2,candidate,814,1280,720,1920,1080,11.3152,12.2723,9.69523,1,1,0,0,0,0
1080,2,candidate,815,1280,720,1920,1080,11.2077,12.1218,9.58362,1,1,0,0,0,0
1080,2,candidate,816,1280,720,1920,1080,11.3009,12.5562,9.92768,1,1,0,0,0,0
1080,2,candidate,817,1280,720,1920,1080,11.2456,12.5225,9.86931,1,1,0,0,0,0
1080,2,candidate,818,1280,720,1920,1080,11.2343,12.3973,9.60922,1,1,0,0,0,0
1080,2,candidate,819,1280,720,1920,1080,11.2558,12.2241,9.63174,1,1,0,0,0,0
1080,2,candidate,820,1280,720,1920,1080,11.006,12.1196,9.63379,1,1,0,0,0,0
1080,2,candidate,821,1280,720,1920,1080,11.1923,12.1724,9.81709,1,1,0,0,0,0
1080,2,candidate,822,1280,720,1920,1080,11.8303,12.73,10.1868,1,1,0,0,0,0
1080,2,candidate,823,1280,720,1920,1080,10.9824,11.9979,9.61024,1,1,0,0,0,0
1080,2,candidate,824,1280,720,1920,1080,11.4708,12.545,10.0977,1,1,0,0,0,0
1080,2,candidate,825,1280,720,1920,1080,11.1063,12.1711,9.72902,1,1,0,0,0,0
1080,2,candidate,826,1280,720,1920,1080,11.2968,12.1977,9.92256,1,1,0,0,0,0
1080,2,candidate,827,1280,720,1920,1080,11.2742,12.2141,9.65325,1,1,0,0,0,0
1080,2,candidate,828,1280,720,1920,1080,11.2579,12.1974,9.88365,1,1,0,0,0,0
1080,2,candidate,829,1280,720,1920,1080,11.2394,12.1907,9.86419,1,1,0,0,0,0
1080,2,candidate,830,1280,720,1920,1080,11.4104,12.3411,10.0372,1,1,0,0,0,0
1080,2,candidate,831,1280,720,1920,1080,11.2466,12.1852,9.87341,1,1,0,0,0,0
1080,2,candidate,832,1280,720,1920,1080,11.2835,12.3442,9.91027,1,1,0,0,0,0
1080,2,candidate,833,1280,720,1920,1080,11.2456,12.2319,9.86726,1,1,0,0,0,0
1080,2,candidate,834,1280,720,1920,1080,11.4104,12.4703,9.7833,1,1,0,0,0,0
1080,2,candidate,835,1280,720,1920,1080,11.435,12.4658,9.80173,1,1,0,0,0,0
1080,2,candidate,836,1280,720,1920,1080,11.4309,12.3682,9.79354,1,1,0,0,0,0
1080,2,candidate,837,1280,720,1920,1080,11.4442,12.431,9.81094,1,1,0,0,0,0
1080,2,candidate,838,1280,720,1920,1080,11.4534,12.4997,9.82221,1,1,0,0,0,0
1080,2,candidate,839,1280,720,1920,1080,11.1852,12.2619,8.53606,1,1,0,0,0,0
1080,2,candidate,840,1280,720,1920,1080,11.6029,12.7189,9.98195,1,1,0,0,0,0
1080,2,candidate,841,1280,720,1920,1080,11.2753,12.3098,9.89901,1,1,0,0,0,0
1080,2,candidate,842,1280,720,1920,1080,11.4504,12.5225,9.81299,1,1,0,0,0,0
1080,2,candidate,843,1280,720,1920,1080,11.4299,12.4185,9.80582,1,1,0,0,0,0
1080,2,candidate,844,1280,720,1920,1080,11.478,12.4531,9.84064,1,1,0,0,0,0
1080,2,candidate,845,1280,720,1920,1080,11.477,12.5706,9.84781,1,1,0,0,0,0
1080,2,candidate,846,1280,720,1920,1080,11.4483,12.4789,9.82016,1,1,0,0,0,0
1080,2,candidate,847,1280,720,1920,1080,11.4186,12.4762,9.79354,1,1,0,0,0,0
1080,2,candidate,848,1280,720,1920,1080,11.5005,12.5376,9.87136,1,1,0,0,0,0
1080,2,candidate,849,1280,720,1920,1080,11.4504,12.5195,9.82221,1,1,0,0,0,0
1080,2,candidate,850,1280,720,1920,1080,11.4401,12.4256,9.80992,1,1,0,0,0,0
1080,2,candidate,851,1280,720,1920,1080,11.4493,12.4075,9.82118,1,1,0,0,0,0
1080,2,candidate,852,1280,720,1920,1080,11.4514,12.4686,9.82938,1,1,0,0,0,0
1080,2,candidate,853,1280,720,1920,1080,11.4084,12.3887,9.78432,1,1,0,0,0,0
1080,2,candidate,854,1280,720,1920,1080,11.4063,12.4211,9.78022,1,1,0,0,0,0
1080,2,candidate,855,1280,720,1920,1080,11.4627,12.5189,9.83347,1,1,0,0,0,0
1080,2,candidate,856,1280,720,1920,1080,11.306,12.2869,9.6809,1,1,0,0,0,0
1080,2,candidate,857,1280,720,1920,1080,14.8685,15.8374,13.2413,1,1,0,0,0,0
1080,2,candidate,858,1280,720,1920,1080,10.111,11.0474,8.73984,1,1,0,0,0,0
1080,2,candidate,859,1280,720,1920,1080,9.32966,11.9454,7.95443,1,1,0,0,0,0
1080,2,candidate,860,1280,720,1920,1080,11.4463,12.4087,10.0721,1,1,0,0,0,0
1080,2,candidate,861,1280,720,1920,1080,11.479,12.6457,10.1028,1,1,0,0,0,0
1080,2,candidate,862,1280,720,1920,1080,11.4995,12.6087,10.1253,1,1,0,0,0,0
1080,2,candidate,863,1280,720,1920,1080,11.4248,12.4642,10.0485,1,1,0,0,0,0
1080,2,candidate,864,1280,720,1920,1080,11.2445,12.3202,9.87034,1,1,0,0,0,0
1080,2,candidate,865,1280,720,1920,1080,11.3992,12.4106,10.0198,1,1,0,0,0,0
1080,2,candidate,866,1280,720,1920,1080,11.3101,12.4395,9.9369,1,1,0,0,0,0
1080,2,candidate,867,1280,720,1920,1080,11.4688,12.418,10.0915,1,1,0,0,0,0
1080,2,candidate,868,1280,720,1920,1080,11.435,12.5692,10.0608,1,1,0,0,0,0
1080,2,candidate,869,1280,720,1920,1080,11.518,12.5586,10.1407,1,1,0,0,0,0
1080,2,candidate,870,1280,720,1920,1080,11.4913,12.4768,10.114,1,1,0,0,0,0
1080,2,candidate,871,1280,720,1920,1080,11.4166,12.3416,10.0413,1,1,0,0,0,0
1080,2,candidate,872,1280,720,1920,1080,11.4698,12.5913,10.0946,1,1,0,0,0,0
1080,2,candidate,873,1280,720,1920,1080,11.4391,12.4076,10.0649,1,1,0,0,0,0
1080,2,candidate,874,1280,720,1920,1080,11.4627,12.5085,10.0854,1,1,0,0,0,0
1080,2,candidate,875,1280,720,1920,1080,11.5548,12.6201,10.1745,1,1,0,0,0,0
1080,2,candidate,876,1280,720,1920,1080,12.3003,13.2441,10.9261,1,1,0,0,0,0
1080,2,candidate,877,1280,720,1920,1080,11.2282,12.1664,9.8519,1,1,0,0,0,0
1080,2,candidate,878,1280,720,1920,1080,10.9947,12.1317,9.61434,1,1,0,0,0,0
1080,2,candidate,879,1280,720,1920,1080,11.7852,12.7598,10.2308,1,1,0,0,0,0
1080,2,candidate,880,1280,720,1920,1080,11.3009,12.2803,9.67987,1,1,0,0,0,0
1080,2,candidate,881,1280,720,1920,1080,11.4371,12.4102,10.0588,1,1,0,0,0,0
1080,2,candidate,882,1280,720,1920,1080,11.2732,12.2445,9.89901,1,1,0,0,0,0
1080,2,candidate,883,1280,720,1920,1080,11.4115,12.3795,10.0352,1,1,0,0,0,0
1080,2,candidate,884,1280,720,1920,1080,11.4749,12.5353,10.0977,1,1,0,0,0,0
1080,2,candidate,885,1280,720,1920,1080,11.2794,12.3235,9.90003,1,1,0,0,0,0
1080,2,candidate,886,1280,720,1920,1080,11.2558,12.3138,9.8775,1,1,0,0,0,0
1080,2,candidate,887,1280,720,1920,1080,11.2783,12.2719,9.90208,1,1,0,0,0,0
1080,2,candidate,888,1280,720,1920,1080,11.2548,12.3751,9.87853,1,1,0,0,0,0
1080,2,candidate,889,1280,720,1920,1080,11.2497,12.3624,9.87136,1,1,0,0,0,0
1080,2,candidate,890,1280,720,1920,1080,11.2261,12.1861,9.85293,1,1,0,0,0,0
1080,2,candidate,891,1280,720,1920,1080,11.3695,12.415,9.74336,1,1,0,0,0,0
1080,2,candidate,892,1280,720,1920,1080,11.2691,12.2637,9.63891,1,1,0,0,0,0
1080,2,candidate,893,1280,720,1920,1080,11.2753,12.2786,9.6512,1,1,0,0,0,0
1080,2,candidate,894,1280,720,1920,1080,11.2988,12.2888,9.67373,1,1,0,0,0,0
1080,2,candidate,895,1280,720,1920,1080,11.2568,12.3554,9.63482,1,1,0,0,0,0
1080,2,candidate,896,1280,720,1920,1080,11.2282,12.4748,9.85498,1,1,0,0,0,0
1080,2,candidate,897,1280,720,1920,1080,11.2026,12.5345,9.82528,1,1,0,0,0,0
1080,2,candidate,898,1280,720,1920,1080,11.265,12.5313,9.88877,1,1,0,0,0,0
1080,2,candidate,899,1280,720,1920,1080,11.3613,12.393,9.71674,1,1,0,0,0,0
1080,2,candidate,900,1280,720,1920,1080,11.1524,12.5909,9.77715,1,1,0,0,0,0
1080,2,candidate,901,1280,720,1920,1080,11.1677,12.5316,9.79046,1,1,0,0,0,0
1080,2,candidate,902,1280,720,1920,1080,11.2753,12.2421,9.89798,1,1,0,0,0,0
1080,2,candidate,903,1280,720,1920,1080,11.2046,12.5436,9.8304,1,1,0,0,0,0
1080,2,candidate,904,1280,720,1920,1080,11.2179,12.5514,9.84371,1,1,0,0,0,0
1080,2,candidate,905,1280,720,1920,1080,11.4596,12.4301,10.0803,1,1,0,0,0,0
1080,2,candidate,906,1280,720,1920,1080,11.3388,12.3446,9.68806,1,1,0,0,0,0
1080,2,candidate,907,1280,720,1920,1080,11.1852,12.4348,9.81094,1,1,0,0,0,0
1080,2,candidate,908,1280,720,1920,1080,11.2589,12.5288,9.88467,1,1,0,0,0,0
1080,2,candidate,909,1280,720,1920,1080,11.1606,12.5039,9.78432,1,1,0,0,0,0
1080,2,candidate,910,1280,720,1920,1080,11.3172,12.3305,9.93894,1,1,0,0,0,0
1080,2,candidate,911,1280,720,1920,1080,11.1555,12.4217,9.78227,1,1,0,0,0,0
1080,2,candidate,912,1280,720,1920,1080,11.1544,12.8069,9.78022,1,1,0,0,0,0
1080,2,candidate,913,1280,720,1920,1080,11.2568,12.2737,9.61126,1,1,0,0,0,0
1080,2,candidate,914,1280,720,1920,1080,11.5712,12.7371,9.95226,1,1,0,0,0,0
1080,2,candidate,915,1280,720,1920,1080,11.3183,12.5886,9.66246,1,1,0,0,0,0
1080,2,candidate,916,1280,720,1920,1080,11.1698,12.4192,9.79149,1,1,0,0,0,0
1080,2,candidate,917,1280,720,1920,1080,11.3029,12.3954,9.65427,1,1,0,0,0,0
1080,2,candidate,918,1280,720,1920,1080,11.263,12.1903,9.61946,1,1,0,0,0,0
1080,2,candidate,919,1280,720,1920,1080,11.1575,12.4086,9.78022,1,1,0,0,0,0
1080,2,candidate,920,1280,720,1920,1080,11.308,12.376,9.6553,1,1,0,0,0,0
1080,2,candidate,921,1280,720,1920,1080,11.1544,12.5351,9.77715,1,1,0,0,0,0
1080,2,candidate,922,1280,720,1920,1080,11.221,12.583,9.84678,1,1,0,0,0,0
1080,2,candidate,923,1280,720,1920,1080,11.1995,12.5972,9.82221,1,1,0,0,0,0
1080,2,candidate,924,1280,720,1920,1080,11.223,12.6191,9.84678,1,1,0,0,0,0
1080,2,candidate,925,1280,720,1920,1080,11.2558,12.2962,9.69728,1,1,0,0,0,0
1080,2,candidate,926,1280,720,1920,1080,11.2701,12.3366,9.89491,1,1,0,0,0,0
1080,2,candidate,927,1280,720,1920,1080,11.2876,12.2422,9.64403,1,1,0,0,0,0
1080,2,candidate,928,1280,720,1920,1080,11.1811,12.4379,9.8048,1,1,0,0,0,0
1080,2,candidate,929,1280,720,1920,1080,11.6541,12.7486,10.0045,1,1,0,0,0,0
1080,2,candidate,930,1280,720,1920,1080,11.2804,12.4927,9.63686,1,1,0,0,0,0
1080,2,candidate,931,1280,720,1920,1080,11.264,12.2753,9.62253,1,1,0,0,0,0
1080,2,candidate,932,1280,720,1920,1080,11.2886,12.3462,9.64403,1,1,0,0,0,0
1080,2,candidate,933,1280,720,1920,1080,11.1759,12.4017,9.79661,1,1,0,0,0,0
1080,2,candidate,934,1280,720,1920,1080,11.0469,12.365,9.66963,1,1,0,0,0,0
1080,2,candidate,935,1280,720,1920,1080,11.3828,12.3709,9.73414,1,1,0,0,0,0
1080,2,candidate,936,1280,720,1920,1080,11.5149,13.1764,9.87443,1,1,0,0,0,0
1080,2,candidate,937,1280,720,1920,1080,14.9709,16.2742,13.5936,1,1,0,0,0,0
1080,2,candidate,938,1280,720,1920,1080,11.1913,12.3021,9.81504,1,1,0,0,0,0
1080,2,candidate,939,1280,720,1920,1080,11.2169,12.6128,9.84166,1,1,0,0,0,0
1080,2,candidate,940,1280,720,1920,1080,10.0946,11.018,8.72141,1,1,0,0,0,0
1080,2,candidate,941,1280,720,1920,1080,12.8,13.7359,11.4053,1,1,0,0,0,0
1080,2,candidate,942,1280,720,1920,1080,11.4596,12.4468,10.0813,1,1,0,0,0,0
1080,2,candidate,943,1280,720,1920,1080,11.18,12.5218,9.8007,1,1,0,0,0,0
1080,2,candidate,944,1280,720,1920,1080,11.2814,12.4801,9.9072,1,1,0,0,0,0
1080,2,candidate,945,1280,720,1920,1080,11.1913,12.2213,9.81299,1,1,0,0,0,0
1080,2,candidate,946,1280,720,1920,1080,11.2906,12.2935,9.91334,1,1,0,0,0,0
1080,2,candidate,947,1280,720,1920,1080,11.2579,12.3257,9.87648,1,1,0,0,0,0
1080,2,candidate,948,1280,720,1920,1080,11.2845,12.3147,9.6512,1,1,0,0,0,0
1080,2,candidate,949,1280,720,1920,1080,11.138,12.1837,9.76077,1,1,0,0,0,0
1080,2,candidate,950,1280,720,1920,1080,11.4022,12.3419,10.025,1,1,0,0,0,0
1080,2,candidate,951,1280,720,1920,1080,11.2538,12.2115,9.87648,1,1,0,0,0,0
1080,2,candidate,952,1280,720,1920,1080,11.264,12.1916,9.88774,1,1,0,0,0,0
1080,2,candidate,953,1280,720,1920,1080,11.2425,12.2293,9.86419,1,1,0,0,0,0
1080,2,candidate,954,1280,720,1920,1080,11.4401,12.4028,10.0649,1,1,0,0,0,0
1080,2,candidate,955,1280,720,1920,1080,11.3459,12.4377,9.96762,1,1,0,0,0,0
1080,2,candidate,956,1280,720,1920,1080,11.4924,12.4274,10.114,1,1,0,0,0,0
1080,2,candidate,957,1280,720,1920,1080,11.2415,12.2264,9.86317,1,1,0,0,0,0
1080,2,candidate,958,1280,720,1920,1080,11.5261,12.5329,9.86829,1,1,0,0,0,0
1080,2,candidate,959,1280,720,1920,1080,11.2845,12.3888,9.90925,1,1,0,0,0,0
1080,2,candidate,960,1280,720,1920,1080,11.4944,12.6165,9.85702,1,1,0,0,0,0
1080,2,candidate,961,1280,720,1920,1080,11.2947,12.3085,9.91027,1,1,0,0,0,0
1080,2,candidate,962,1280,720,1920,1080,11.2691,12.3288,9.89184,1,1,0,0,0,0
1080,2,candidate,963,1280,720,1920,1080,11.2722,12.2577,9.89491,1,1,0,0,0,0
1080,2,candidate,964,1280,720,1920,1080,11.5261,12.5103,9.8857,1,1,0,0,0,0
1080,2,candidate,965,1280,720,1920,1080,11.2609,12.448,9.88365,1,1,0,0,0,0
1080,2,candidate,966,1280,720,1920,1080,11.5292,12.5216,9.88058,1,1,0,0,0,0
1080,2,candidate,967,1280,720,1920,1080,11.1964,12.2255,9.81709,1,1,0,0,0,0
1080,2,candidate,968,1280,720,1920,1080,11.3992,12.3697,9.7495,1,1,0,0,0,0
1080,2,candidate,969,1280,720,1920,1080,11.4319,12.6416,9.78739,1,1,0,0,0,0
1080,2,candidate,970,1280,720,1920,1080,11.3275,12.3536,9.67578,1,1,0,0,0,0
1080,2,candidate,971,1280,720,1920,1080,11.3981,12.4615,9.75872,1,1,0,0,0,0
1080,2,candidate,972,1280,720,1920,1080,11.4207,12.4685,9.77408,1,1,0,0,0,0
1080,2,candidate,973,1280,720,1920,1080,11.4647,12.481,9.82528,1,1,0,0,0,0
1080,2,candidate,974,1280,720,1920,1080,11.2835,12.2346,9.64608,1,1,0,0,0,0
1080,2,candidate,975,1280,720,1920,1080,11.1677,12.5614,9.79149,1,1,0,0,0,0
1080,2,candidate,976,1280,720,1920,1080,11.3275,12.6985,9.95123,1,1,0,0,0,0
1080,2,candidate,977,1280,720,1920,1080,11.4115,12.4877,9.79251,1,1,0,0,0,0
1080,2,candidate,978,1280,720,1920,1080,11.4637,12.5261,9.81402,1,1,0,0,0,0
1080,2,candidate,979,1280,720,1920,1080,11.4115,12.3779,9.76998,1,1,0,0,0,0
1080,2,candidate,980,1280,720,1920,1080,11.4811,12.5518,9.83245,1,1,0,0,0,0
1080,2,candidate,981,1280,720,1920,1080,11.5589,12.9583,9.9072,1,1,0,0,0,0
1080,2,candidate,982,1280,720,1920,1080,11.2855,12.2704,9.90822,1,1,0,0,0,0
1080,2,candidate,983,1280,720,1920,1080,11.4514,13.1017,9.81094,1,1,0,0,0,0
1080,2,candidate,984,1280,720,1920,1080,11.2773,12.3159,9.89901,1,1,0,0,0,0
1080,2,candidate,985,1280,720,1920,1080,11.2855,12.3197,9.90618,1,1,0,0,0,0
1080,2,candidate,986,1280,720,1920,1080,11.3121,12.4981,9.93485,1,1,0,0,0,0
1080,2,candidate,987,1280,720,1920,1080,11.2865,12.2745,9.90925,1,1,0,0,0,0
1080,2,candidate,988,1280,720,1920,1080,11.4749,12.4267,9.82938,1,1,0,0,0,0
1080,2,candidate,989,1280,720,1920,1080,11.6378,12.6132,9.91539,1,1,0,0,0,0
1080,2,candidate,990,1280,720,1920,1080,11.5036,12.6903,9.84371,1,1,0,0,0,0
1080,2,candidate,991,1280,720,1920,1080,11.2916,12.463,9.91232,1,1,0,0,0,0
1080,2,candidate,992,1280,720,1920,1080,11.2753,12.2595,9.90003,1,1,0,0,0,0
1080,2,candidate,993,1280,720,1920,1080,11.478,12.534,9.83347,1,1,0,0,0,0
1080,2,candidate,994,1280,720,1920,1080,11.2896,12.3364,9.91334,1,1,0,0,0,0
1080,2,candidate,995,1280,720,1920,1080,11.4995,12.4904,9.8519,1,1,0,0,0,0
1080,2,candidate,996,1280,720,1920,1080,11.4842,12.635,9.84474,1,1,0,0,0,0
1080,2,candidate,997,1280,720,1920,1080,11.3091,12.2757,9.9328,1,1,0,0,0,0
1080,2,candidate,998,1280,720,1920,1080,11.5118,12.4704,9.85702,1,1,0,0,0,0
1080,2,candidate,999,1280,720,1920,1080,11.5077,12.5618,9.86112,1,1,0,0,0,0
1080,2,candidate,1000,1280,720,1920,1080,11.3039,12.5037,9.92461,1,1,0,0,0,0
1080,2,candidate,1001,1280,720,1920,1080,11.2814,12.3652,9.90208,1,1,0,0,0,0
1080,2,candidate,1002,1280,720,1920,1080,11.2548,12.3444,9.87853,1,1,0,0,0,0
1080,2,candidate,1003,1280,720,1920,1080,11.3347,12.3286,9.9584,1,1,0,0,0,0
1080,2,candidate,1004,1280,720,1920,1080,11.4207,12.3326,9.78125,1,1,0,0,0,0
1080,2,candidate,1005,1280,720,1920,1080,11.4811,12.4572,9.83859,1,1,0,0,0,0
1080,2,candidate,1006,1280,720,1920,1080,11.2783,12.2829,9.63789,1,1,0,0,0,0
1080,2,candidate,1007,1280,720,1920,1080,11.2998,12.3119,9.66451,1,1,0,0,0,0
1080,2,candidate,1008,1280,720,1920,1080,11.3449,12.3573,9.7024,1,1,0,0,0,0
1080,2,candidate,1009,1280,720,1920,1080,11.3562,12.6105,9.71264,1,1,0,0,0,0
1080,2,candidate,1010,1280,720,1920,1080,11.2896,12.2858,9.65325,1,1,0,0,0,0
1080,2,candidate,1011,1280,720,1920,1080,11.2824,12.9032,9.90618,1,1,0,0,0,0
1080,2,candidate,1012,1280,720,1920,1080,11.2814,12.2771,9.63482,1,1,0,0,0,0
1080,2,candidate,1013,1280,720,1920,1080,11.3111,12.3243,9.66861,1,1,0,0,0,0
1080,2,candidate,1014,1280,720,1920,1080,11.3531,12.5905,9.97581,1,1,0,0,0,0
1080,2,candidate,1015,1280,720,1920,1080,11.3213,12.5634,9.67782,1,1,0,0,0,0
1080,2,candidate,1016,1280,720,1920,1080,11.2947,12.3475,9.6512,1,1,0,0,0,0
1080,2,candidate,1017,1280,720,1920,1080,17.9886,18.9316,16.3318,1,1,0,0,0,0
1080,2,candidate,1018,1280,720,1920,1080,11.35,12.3493,9.73619,1,1,0,0,0,0
1080,2,candidate,1019,1280,720,1920,1080,11.0828,12.2927,9.7065,1,1,0,0,0,0
1080,2,candidate,1020,1280,720,1920,1080,11.6941,12.826,10.3066,1,1,0,0,0,0
1080,2,candidate,1021,1280,720,1920,1080,11.1462,12.2335,9.76691,1,1,0,0,0,0
1080,2,candidate,1022,1280,720,1920,1080,11.4749,12.6547,10.0987,1,1,0,0,0,0
1080,2,candidate,1023,1280,720,1920,1080,11.0684,12.2058,9.67168,1,1,0,0,0,0
1080,2,candidate,1024,1280,720,1920,1080,11.0602,12.0488,9.67987,1,1,0,0,0,0
1080,2,candidate,1025,1280,720,1920,1080,11.4381,12.3126,9.86317,1,1,0,0,0,0
1080,2,candidate,1026,1280,720,1920,1080,11.2814,12.2754,9.65325,1,1,0,0,0,0
1080,2,candidate,1027,1280,720,1920,1080,11.478,12.4601,10.0987,1,1,0,0,0,0
1080,2,candidate,1028,1280,720,1920,1080,11.2927,12.2641,9.91334,1,1,0,0,0,0
1080,2,candidate,1029,1280,720,1920,1080,9.90106,10.8582,8.52378,1,1,0,0,0,0
1080,2,candidate,1030,1280,720,1920,1080,11.3183,12.2495,9.93997,1,1,0,0,0,0
1080,2,candidate,1031,1280,720,1920,1080,11.2148,12.4041,9.83757,1,1,0,0,0,0
1080,2,candidate,1032,1280,720,1920,1080,11.1104,12.4753,9.73107,1,1,0,0,0,0
1080,2,candidate,1033,1280,720,1920,1080,11.093,12.4733,9.71776,1,1,0,0,0,0
1080,2,candidate,1034,1280,720,1920,1080,11.1073,12.4029,9.73005,1,1,0,0,0,0
1080,2,candidate,1035,1280,720,1920,1080,11.3459,12.6302,9.96762,1,1,0,0,0,0
1080,2,candidate,1036,1280,720,1920,1080,11.1852,12.1512,9.80582,1,1,0,0,0,0
1080,2,candidate,1037,1280,720,1920,1080,10.9988,12.169,9.61843,1,1,0,0,0,0
1080,2,candidate,1038,1280,720,1920,1080,11.4412,12.4677,10.0659,1,1,0,0,0,0
1080,2,candidate,1039,1280,720,1920,1080,11.265,12.2915,9.88877,1,1,0,0,0,0
1080,2,candidate,1040,1280,720,1920,1080,10.8493,11.9389,9.4679,1,1,0,0,0,0
1080,2,candidate,1041,1280,720,1920,1080,11.2353,12.204,9.6727,1,1,0,0,0,0
1080,2,candidate,1042,1280,720,1920,1080,11.2865,12.3504,9.90822,1,1,0,0,0,0
1080,2,candidate,1043,1280,720,1920,1080,11.4412,12.4267,10.0588,1,1,0,0,0,0
1080,2,candidate,1044,1280,720,1920,1080,11.3439,12.256,9.96557,1,1,0,0,0,0
1080,2,candidate,1045,1280,720,1920,1080,11.3541,12.3639,9.97274,1,1,0,0,0,0
1080,2,candidate,1046,1280,720,1920,1080,11.3439,12.3296,9.96557,1,1,0,0,0,0
1080,2,candidate,1047,1280,720,1920,1080,11.478,12.442,9.83654,1,1,0,0,0,0
1080,2,candidate,1048,1280,720,1920,1080,11.6931,12.8644,10.0598,1,1,0,0,0,0
1080,2,candidate,1049,1280,720,1920,1080,11.4739,12.5944,10.0936,1,1,0,0,0,0
1080,2,candidate,1050,1280,720,1920,1080,11.436,12.4433,10.0577,1,1,0,0,0,0
1080,2,candidate,1051,1280,720,1920,1080,11.4842,12.6208,10.1048,1,1,0,0,0,0
1080,2,candidate,1052,1280,720,1920,1080,11.4022,12.3934,10.0188,1,1,0,0,0,0
1080,2,candidate,1053,1280,720,1920,1080,11.5067,12.4998,10.1274,1,1,0,0,0,0
1080,2,candidate,1054,1280,720,1920,1080,11.4565,12.4316,10.0782,1,1,0,0,0,0
1080,2,candidate,1055,1280,720,1920,1080,11.2394,12.1238,9.86317,1,1,0,0,0,0
1080,2,candidate,1056,1280,720,1920,1080,11.2783,12.2331,9.90003,1,1,0,0,0,0
1080,2,candidate,1057,1280,720,1920,1080,11.2753,12.229,9.89696,1,1,0,0,0,0
1080,2,candidate,1058,1280,720,1920,1080,11.4739,12.3901,9.84576,1,1,0,0,0,0
1080,2,candidate,1059,1280,720,1920,1080,11.478,12.4517,9.8519,1,1,0,0,0,0
1080,2,candidate,1060,1280,720,1920,1080,11.4606,12.467,9.82835,1,1,0,0,0,0
1080,2,candidate,1061,1280,720,1920,1080,11.5046,12.5578,9.87443,1,1,0,0,0,0
1080,2,candidate,1062,1280,720,1920,1080,11.5589,12.5138,9.91846,1,1,0,0,0,0
1080,2,candidate,1063,1280,720,1920,1080,11.5364,12.7377,9.90208,1,1,0,0,0,0
1080,2,candidate,1064,1280,720,1920,1080,11.2978,12.3698,9.91744,1,1,0,0,0,0
1080,2,candidate,1065,1280,720,1920,1080,11.479,12.4833,9.84883,1,1,0,0,0,0
1080,2,candidate,1066,1280,720,1920,1080,11.3203,12.2793,9.93997,1,1,0,0,0,0
1080,2,candidate,1067,1280,720,1920,1080,11.4739,12.4957,9.84474,1,1,0,0,0,0
1080,2,candidate,1068,1280,720,1920,1080,11.6275,12.7482,9.99322,1,1,0,0,0,0
1080,2,candidate,1069,1280,720,1920,1080,11.2947,12.31,9.91539,1,1,0,0,0,0
1080,2,candidate,1070,1280,720,1920,1080,11.4729,12.4314,9.84371,1,1,0,0,0,0
1080,2,candidate,1071,1280,720,1920,1080,11.4483,12.373,9.81197,1,1,0,0,0,0
1080,2,candidate,1072,1280,720,1920,1080,11.6132,12.7591,9.86317,1,1,0,0,0,0
1080,2,candidate,1073,1280,720,1920,1080,11.4442,12.4834,9.81504,1,1,0,0,0,0
1080,2,candidate,1074,1280,720,1920,1080,11.5098,12.6037,9.88365,1,1,0,0,0,0
1080,2,candidate,1075,1280,720,1920,1080,11.4289,12.4753,9.79046,1,1,0,0,0,0
1080,2,candidate,1076,1280,720,1920,1080,11.3295,12.2596,9.94714,1,1,0,0,0,0
1080,2,candidate,1077,1280,720,1920,1080,11.4555,12.3675,9.82938,1,1,0,0,0,0
1080,2,candidate,1078,1280,720,1920,1080,11.5036,12.5648,9.86931,1,1,0,0,0,0
1080,2,candidate,1079,1280,720,1920,1080,11.3183,12.3182,9.93894,1,1,0,0,0,0
1080,2,candidate,1080,1280,720,1920,1080,11.2814,12.2561,9.65222,1,1,0,0,0,0
1080,2,candidate,1081,1280,720,1920,1080,11.476,12.4109,9.83859,1,1,0,0,0,0
1080,2,candidate,1082,1280,720,1920,1080,11.4545,12.4777,9.82221,1,1,0,0,0,0
1080,2,candidate,1083,1280,720,1920,1080,11.5087,12.6248,9.8816,1,1,0,0,0,0
1080,2,candidate,1084,1280,720,1920,1080,11.2794,12.2752,9.64096,1,1,0,0,0,0
1080,2,candidate,1085,1280,720,1920,1080,11.4985,12.5045,9.86931,1,1,0,0,0,0
1080,2,candidate,1086,1280,720,1920,1080,11.4975,12.4923,9.85088,1,1,0,0,0,0
1080,2,candidate,1087,1280,720,1920,1080,11.4524,12.4236,9.82118,1,1,0,0,0,0
1080,2,candidate,1088,1280,720,1920,1080,11.3418,12.4832,9.71366,1,1,0,0,0,0
1080,2,candidate,1089,1280,720,1920,1080,11.3019,12.338,9.66963,1,1,0,0,0,0
1080,2,candidate,1090,1280,720,1920,1080,11.7852,12.8132,10.154,1,1,0,0,0,0
1080,2,candidate,1091,1280,720,1920,1080,9.91437,10.9785,8.53504,1,1,0,0,0,0
1080,2,candidate,1092,1280,720,1920,1080,11.3828,12.2541,10.0024,1,1,0,0,0,0
1080,2,candidate,1093,1280,720,1920,1080,11.2763,12.2731,9.89491,1,1,0,0,0,0
1080,2,candidate,1094,1280,720,1920,1080,11.2773,12.3449,9.89696,1,1,0,0,0,0
1080,2,candidate,1095,1280,720,1920,1080,11.5937,12.5673,10.2031,1,1,0,0,0,0
1080,2,candidate,1096,1280,720,1920,1080,11.2609,12.2942,9.88262,1,1,0,0,0,0
1080,2,candidate,1097,1280,720,1920,1080,12.6341,13.6293,11.2394,1,1,0,0,0,0
1080,2,candidate,1098,1280,720,1920,1080,15.3907,16.7974,8.70195,1,1,0,0,0,0
1080,2,candidate,1099,1280,720,1920,1080,11.5241,12.6187,10.1366,1,1,0,0,0,0
1080,2,candidate,1100,1280,720,1920,1080,11.3623,12.4013,9.72698,1,1,0,0,0,0
1080,2,candidate,1101,1280,720,1920,1080,11.2138,12.3951,9.83245,1,1,0,0,0,0
1080,2,candidate,1102,1280,720,1920,1080,11.2128,12.5953,9.83552,1,1,0,0,0,0
1080,2,candidate,1103,1280,720,1920,1080,11.2015,12.3079,9.82426,1,1,0,0,0,0
1080,2,candidate,1104,1280,720,1920,1080,11.3674,12.2974,9.984,1,1,0,0,0,0
1080,2,candidate,1105,1280,720,1920,1080,11.2435,12.5356,9.86112,1,1,0,0,0,0
1080,2,candidate,1106,1280,720,1920,1080,11.221,12.4762,9.84166,1,1,0,0,0,0
1080,2,candidate,1107,1280,720,1920,1080,11.4483,12.5231,10.069,1,1,0,0,0,0
1080,2,candidate,1108,1280,720,1920,1080,11.2415,12.3556,9.86214,1,1,0,0,0,0
1080,2,candidate,1109,1280,720,1920,1080,11.3244,12.2427,9.94509,1,1,0,0,0,0
1080,2,candidate,1110,1280,720,1920,1080,9.92768,10.8538,8.5504,1,1,0,0,0,0
1080,2,candidate,1111,1280,720,1920,1080,11.0008,13.3513,9.62048,1,1,0,0,0,0
1080,2,candidate,1112,1280,720,1920,1080,11.1882,12.1633,9.78739,1,1,0,0,0,0
1080,2,candidate,1113,1280,720,1920,1080,10.924,12.1539,9.5447,1,1,0,0,0,0
1080,2,candidate,1114,1280,720,1920,1080,11.0531,12.136,9.65734,1,1,0,0,0,0
1080,2,candidate,1115,1280,720,1920,1080,11.1749,12.3826,9.79661,1,1,0,0,0,0
1080,2,candidate,1116,1280,720,1920,1080,11.2742,12.2431,9.6041,1,1,0,0,0,0
1080,2,candidate,1117,1280,720,1920,1080,11.7606,12.6827,10.199,1,1,0,0,0,0
1080,2,candidate,1118,1280,720,1920,1080,11.4729,12.46,10.0925,1,1,0,0,0,0
1080,2,candidate,1119,1280,720,1920,1080,11.4811,12.4594,10.1007,1,1,0,0,0,0
1080,2,candidate,1120,1280,720,1920,1080,11.5364,12.5267,10.1571,1,1,0,0,0,0
1080,2,candidate,1121,1280,720,1920,1080,11.3316,12.3148,9.94918,1,1,0,0,0,0
1080,2,candidate,1122,1280,720,1920,1080,11.5323,12.4783,9.88467,1,1,0,0,0,0
1080,2,candidate,1123,1280,720,1920,1080,11.2835,12.3196,9.9031,1,1,0,0,0,0
1080,2,candidate,1124,1280,720,1920,1080,11.4678,12.5259,9.82733,1,1,0,0,0,0
1080,2,candidate,1125,1280,720,1920,1080,11.305,12.2602,9.92461,1,1,0,0,0,0
1080,2,candidate,1126,1280,720,1920,1080,11.3029,12.2117,9.91949,1,1,0,0,0,0
1080,2,candidate,1127,1280,720,1920,1080,11.2957,12.2315,9.91539,1,1,0,0,0,0
1080,2,candidate,1128,1280,720,1920,1080,11.4954,12.4537,9.84883,1,1,0,0,0,0
1080,2,candidate,1129,1280,720,1920,1080,11.3541,12.3829,9.7065,1,1,0,0,0,0
1080,2,candidate,1130,1280,720,1920,1080,11.4586,12.4839,9.81504,1,1,0,0,0,0
1080,2,candidate,1131,1280,720,1920,1080,11.3603,12.4699,9.72186,1,1,0,0,0,0
1080,2,candidate,1132,1280,720,1920,1080,11.2579,12.2007,9.61434,1,1,0,0,0,0
1080,2,candidate,1133,1280,720,1920,1080,11.3213,13.0055,9.67578,1,1,0,0,0,0
1080,2,candidate,1134,1280,720,1920,1080,11.4872,12.5417,9.84474,1,1,0,0,0,0
1080,2,candidate,1135,1280,720,1920,1080,11.5026,12.4557,9.85907,1,1,0,0,0,0
1080,2,candidate,1136,1280,720,1920,1080,11.5415,12.6425,9.89286,1,1,0,0,0,0
1080,2,candidate,1137,1280,720,1920,1080,11.5026,12.5925,9.85498,1,1,0,0,0,0
1080,2,candidate,1138,1280,720,1920,1080,11.5169,12.5002,9.86112,1,1,0,0,0,0
1080,2,candidate,1139,1280,720,1920,1080,11.5302,12.537,9.85805,1,1,0,0,0,0
1080,2,candidate,1140,1280,720,1920,1080,11.5313,12.5658,9.87955,1,1,0,0,0,0
1080,2,candidate,1141,1280,720,1920,1080,11.3623,12.4289,9.97888,1,1,0,0,0,0
1080,2,candidate,1142,1280,720,1920,1080,11.3142,12.2431,9.93178,1,1,0,0,0,0
1080,2,candidate,1143,1280,720,1920,1080,11.2855,12.4333,9.90413,1,1,0,0,0,0
1080,2,candidate,1144,1280,720,1920,1080,11.2876,12.3955,9.90618,1,1,0,0,0,0
1080,2,candidate,1145,1280,720,1920,1080,11.4616,12.604,9.81299,1,1,0,0,0,0
1080,2,candidate,1146,1280,720,1920,1080,11.4852,12.4945,9.83757,1,1,0,0,0,0
1080,2,candidate,1147,1280,720,1920,1080,11.5528,12.7921,9.89798,1,1,0,0,0,0
1080,2,candidate,1148,1280,720,1920,1080,11.3019,12.3879,9.9369,1,1,0,0,0,0
1080,2,candidate,1149,1280,720,1920,1080,11.262,12.2495,9.87955,1,1,0,0,0,0
1080,2,candidate,1150,1280,720,1920,1080,11.5036,12.4215,9.85498,1,1,0,0,0,0
1080,2,candidate,1151,1280,720,1920,1080,11.5026,12.5255,9.84576,1,1,0,0,0,0
1080,2,candidate,1152,1280,720,1920,1080,11.2732,12.3202,9.89082,1,1,0,0,0,0
1080,2,candidate,1153,1280,720,1920,1080,11.4954,12.542,9.84781,1,1,0,0,0,0
1080,2,candidate,1154,1280,720,1920,1080,11.6326,12.5871,9.89594,1,1,0,0,0,0
1080,2,candidate,1155,1280,720,1920,1080,11.5323,12.6482,9.8816,1,1,0,0,0,0
1080,2,candidate,1156,1280,720,1920,1080,11.2968,12.2617,9.91846,1,1,0,0,0,0
1080,2,candidate,1157,1280,720,1920,1080,11.2968,12.2279,9.91744,1,1,0,0,0,0
1080,2,candidate,1158,1280,720,1920,1080,11.3029,12.3203,9.92256,1,1,0,0,0,0
1080,2,candidate,1159,1280,720,1920,1080,11.4258,12.4026,9.78534,1,1,0,0,0,0
1080,2,candidate,1160,1280,720,1920,1080,11.4852,12.6154,9.83859,1,1,0,0,0,0
1080,2,candidate,1161,1280,720,1920,1080,11.2927,12.3717,9.64198,1,1,0,0,0,0
1080,2,candidate,1162,1280,720,1920,1080,11.4534,12.3849,9.80582,1,1,0,0,0,0
1080,2,candidate,1163,1280,720,1920,1080,11.3306,12.3371,9.68192,1,1,0,0,0,0
1080,2,candidate,1164,1280,720,1920,1080,11.3091,12.2575,9.65837,1,1,0,0,0,0
1080,2,candidate,1165,1280,720,1920,1080,11.2896,12.3593,9.64198,1,1,0,0,0,0
1080,2,candidate,1166,1280,720,1920,1080,11.3336,12.3991,9.6768,1,1,0,0,0,0
1080,2,candidate,1167,1280,720,1920,1080,11.1596,12.3871,9.7833,1,1,0,0,0,0
1080,2,candidate,1168,1280,720,1920,1080,11.4811,12.5209,10.0997,1,1,0,0,0,0
1080,2,candidate,1169,1280,720,1920,1080,9.76282,10.6907,8.38246,1,1,0,0,0,0
1080,2,candidate,1170,1280,720,1920,1080,10.326,13.4606,8.94259,1,1,0,0,0,0
1080,2,candidate,1171,1280,720,1920,1080,11.4422,12.4101,10.0618,1,1,0,0,0,0
1080,2,candidate,1172,1280,720,1920,1080,11.264,12.2623,9.88262,1,1,0,0,0,0
1080,2,candidate,1173,1280,720,1920,1080,11.2579,12.3139,9.87853,1,1,0,0,0,0
1080,2,candidate,1174,1280,720,1920,1080,11.0746,12.2726,9.67782,1,1,0,0,0,0
1080,2,candidate,1175,1280,720,1920,1080,10.9885,12.124,9.61229,1,1,0,0,0,0
1080,2,candidate,1176,1280,720,1920,1080,11.2159,12.3436,9.83654,1,1,0,0,0,0
1080,2,candidate,1177,1280,720,1920,1080,11.3418,12.2733,9.70957,1,1,0,0,0,0
1080,2,candidate,1178,1280,720,1920,1080,9.92768,10.8955,8.55245,1,1,0,0,0,0
1080,2,candidate,1179,1280,720,1920,1080,16.5427,17.5332,15.1624,1,1,0,0,0,0
1080,2,candidate,1180,1280,720,1920,1080,11.3193,12.4674,9.94202,1,1,0,0,0,0
1080,2,candidate,1181,1280,720,1920,1080,11.265,12.2697,9.8857,1,1,0,0,0,0
1080,2,candidate,1182,1280,720,1920,1080,11.5773,12.5531,9.94509,1,1,0,0,0,0
1080,2,candidate,1183,1280,720,1920,1080,11.4575,12.6234,9.83859,1,1,0,0,0,0
1080,2,candidate,1184,1280,720,1920,1080,11.3172,12.4602,9.93997,1,1,0,0,0,0
1080,2,candidate,1185,1280,720,1920,1080,11.2712,12.4509,9.89082,1,1,0,0,0,0
1080,2,candidate,1186,1280,720,1920,1080,11.3224,12.2912,9.94304,1,1,0,0,0,0
1080,2,candidate,1187,1280,720,1920,1080,11.4452,12.5257,9.80378,1,1,0,0,0,0
1080,2,candidate,1188,1280,720,1920,1080,11.4883,12.4901,9.8304,1,1,0,0,0,0
1080,2,candidate,1189,1280,720,1920,1080,11.4207,12.4982,9.77818,1,1,0,0,0,0
1080,2,candidate,1190,1280,720,1920,1080,11.4463,12.4652,9.80378,1,1,0,0,0,0
1080,2,candidate,1191,1280,720,1920,1080,11.5487,12.5886,9.87341,1,1,0,0,0,0
1080,2,candidate,1192,1280,720,1920,1080,11.3162,12.2611,9.93792,1,1,0,0,0,0
1080,2,candidate,1193,1280,720,1920,1080,11.3162,12.3313,9.93485,1,1,0,0,0,0
1080,2,candidate,1194,1280,720,1920,1080,11.4852,12.6528,9.83654,1,1,0,0,0,0
1080,2,candidate,1195,1280,720,1920,1080,11.521,12.6667,9.79251,1,1,0,0,0,0
1080,2,candidate,1196,1280,720,1920,1080,11.4668,12.5819,9.78739,1,1,0,0,0,0
1080,2,candidate,1197,1280,720,1920,1080,11.3336,12.428,9.9543,1,1,0,0,0,0
1080,2,candidate,1198,1280,720,1920,1080,11.5098,12.5502,10.1253,1,1,0,0,0,0
1080,2,candidate,1199,1280,720,1920,1080,11.1073,12.1743,9.728,1,1,0,0,0,0
1080,2,reference,300,1280,720,1920,1080,11.479,12.4143,10.1028,1,1,0,0,2,11059200
1080,2,reference,301,1280,720,1920,1080,11.4555,12.3887,10.0792,1,1,0,0,2,11059200
1080,2,reference,302,1280,720,1920,1080,11.5087,12.5576,10.1325,1,1,0,0,2,11059200
1080,2,reference,303,1280,720,1920,1080,11.4534,12.471,10.0772,1,1,0,0,2,11059200
1080,2,reference,304,1280,720,1920,1080,11.4913,12.5971,10.1171,1,1,0,0,2,11059200
1080,2,reference,305,1280,720,1920,1080,11.5528,12.6365,10.1734,1,1,0,0,2,11059200
1080,2,reference,306,1280,720,1920,1080,11.3725,12.4995,9.99629,1,1,0,0,2,11059200
1080,2,reference,307,1280,720,1920,1080,11.3039,12.414,9.92666,1,1,0,0,2,11059200
1080,2,reference,308,1280,720,1920,1080,11.5067,12.4407,10.1325,1,1,0,0,2,11059200
1080,2,reference,309,1280,720,1920,1080,11.3684,12.4375,9.98707,1,1,0,0,2,11059200
1080,2,reference,310,1280,720,1920,1080,11.518,12.4576,10.1427,1,1,0,0,2,11059200
1080,2,reference,311,1280,720,1920,1080,11.3265,12.6031,9.94918,1,1,0,0,2,11059200
1080,2,reference,312,1280,720,1920,1080,12.6464,13.8233,8.45926,1,1,0,0,2,11059200
1080,2,reference,313,1280,720,1920,1080,10.0342,11.0014,8.66099,1,1,0,0,2,11059200
1080,2,reference,314,1280,720,1920,1080,12.6986,13.8255,10.4161,1,1,0,0,2,11059200
1080,2,reference,315,1280,720,1920,1080,11.6777,12.6053,10.027,1,1,0,0,2,11059200
1080,2,reference,316,1280,720,1920,1080,11.1585,12.7226,9.7833,1,1,0,0,2,11059200
1080,2,reference,317,1280,720,1920,1080,11.6173,12.6147,9.96045,1,1,0,0,2,11059200
1080,2,reference,318,1280,720,1920,1080,11.265,12.5181,9.88672,1,1,0,0,2,11059200
1080,2,reference,319,1280,720,1920,1080,11.2169,12.4362,9.83962,1,1,0,0,2,11059200
1080,2,reference,320,1280,720,1920,1080,11.0428,12.3068,9.66758,1,1,0,0,2,11059200
1080,2,reference,321,1280,720,1920,1080,11.1135,12.3915,9.73414,1,1,0,0,2,11059200
1080,2,reference,322,1280,720,1920,1080,11.4145,12.3953,9.78739,1,1,0,0,2,11059200
1080,2,reference,323,1280,720,1920,1080,11.1544,12.5406,9.77613,1,1,0,0,2,11059200
1080,2,reference,324,1280,720,1920,1080,11.0828,12.3462,9.70342,1,1,0,0,2,11059200
1080,2,reference,325,1280,720,1920,1080,11.5323,12.5455,9.87238,1,1,0,0,2,11059200
1080,2,reference,326,1280,720,1920,1080,11.3306,12.8261,9.95635,1,1,0,0,2,11059200
1080,2,reference,327,1280,720,1920,1080,11.5036,12.7364,10.1274,1,1,0,0,2,11059200
1080,2,reference,328,1280,720,1920,1080,11.5077,12.5736,9.8775,1,1,0,0,2,11059200
1080,2,reference,329,1280,720,1920,1080,11.4975,12.6134,9.70342,1,1,0,0,2,11059200
1080,2,reference,330,1280,720,1920,1080,11.3613,12.3732,9.72186,1,1,0,0,2,11059200
1080,2,reference,331,1280,720,1920,1080,11.3725,12.3958,9.71162,1,1,0,0,2,11059200
1080,2,reference,332,1280,720,1920,1080,11.3562,12.5199,9.71366,1,1,0,0,2,11059200
1080,2,reference,333,1280,720,1920,1080,11.3705,12.3801,9.70752,1,1,0,0,2,11059200
1080,2,reference,334,1280,720,1920,1080,11.3459,12.327,9.7065,1,1,0,0,2,11059200
1080,2,reference,335,1280,720,1920,1080,11.5046,12.5721,9.8816,1,1,0,0,2,11059200
1080,2,reference,336,1280,720,1920,1080,11.6285,12.6826,9.98502,1,1,0,0,2,11059200
1080,2,reference,337,1280,720,1920,1080,11.3715,12.4346,9.72186,1,1,0,0,2,11059200
1080,2,reference,338,1280,720,1920,1080,11.4422,12.4731,9.79661,1,1,0,0,2,11059200
1080,2,reference,339,1280,720,1920,1080,11.3838,12.4522,9.74234,1,1,0,0,2,11059200
1080,2,reference,340,1280,720,1920,1080,11.5845,12.6133,9.94406,1,1,0,0,2,11059200
1080,2,reference,341,1280,720,1920,1080,11.4207,12.482,9.76691,1,1,0,0,2,11059200
1080,2,reference,342,1280,720,1920,1080,11.3736,12.3633,9.73517,1,1,0,0,2,11059200
1080,2,reference,343,1280,720,1920,1080,11.2814,12.6696,9.9031,1,1,0,0,2,11059200
1080,2,reference,344,1280,720,1920,1080,11.5241,12.7493,9.87853,1,1,0,0,2,11059200
1080,2,reference,345,1280,720,1920,1080,11.5651,12.642,9.91539,1,1,0,0,2,11059200
1080,2,reference,346,1280,720,1920,1080,11.5476,12.7574,9.91027,1,1,0,0,2,11059200
1080,2,reference,347,1280,720,1920,1080,11.5374,12.6361,9.89082,1,1,0,0,2,11059200
1080,2,reference,348,1280,720,1920,1080,11.3582,12.3373,9.98195,1,1,0,0,2,11059200
1080,2,reference,349,1280,720,1920,1080,11.3469,12.417,9.97069,1,1,0,0,2,11059200
1080,2,reference,350,1280,720,1920,1080,11.5282,12.7103,9.88467,1,1,0,0,2,11059200
1080,2,reference,351,1280,720,1920,1080,11.3623,12.4147,9.984,1,1,0,0,2,11059200
1080,2,reference,352,1280,720,1920,1080,11.3357,12.4123,9.96045,1,1,0,0,2,11059200
1080,2,reference,353,1280,720,1920,1080,11.5814,12.6582,9.9287,1,1,0,0,2,11059200
1080,2,reference,354,1280,720,1920,1080,11.5282,12.6475,10.1509,1,1,0,0,2,11059200
1080,2,reference,355,1280,720,1920,1080,9.81197,10.7525,8.43571,1,1,0,0,2,11059200
1080,2,reference,356,1280,720,1920,1080,11.2538,12.1382,9.87546,1,1,0,0,2,11059200
1080,2,reference,357,1280,720,1920,1080,11.4002,12.3895,10.0188,1,1,0,0,2,11059200
1080,2,reference,358,1280,720,1920,1080,11.3285,12.2204,9.69728,1,1,0,0,2,11059200
1080,2,reference,359,1280,720,1920,1080,10.155,11.127,8.78182,1,1,0,0,2,11059200
1080,2,reference,360,1280,720,1920,1080,12.5512,13.6455,11.1268,1,1,0,0,2,11059200
1080,2,reference,361,1280,720,1920,1080,11.1084,12.136,9.73005,1,1,0,0,2,11059200
1080,2,reference,362,1280,720,1920,1080,11.3162,12.3503,9.74746,1,1,0,0,2,11059200
1080,2,reference,363,1280,720,1920,1080,11.3807,12.3698,9.75974,1,1,0,0,2,11059200
1080,2,reference,364,1280,720,1920,1080,11.4156,12.556,10.0372,1,1,0,0,2,11059200
1080,2,reference,365,1280,720,1920,1080,11.5794,12.6654,10.2011,1,1,0,0,2,11059200
1080,2,reference,366,1280,720,1920,1080,11.351,12.4917,9.97274,1,1,0,0,2,11059200
1080,2,reference,367,1280,720,1920,1080,11.5384,12.5066,10.1591,1,1,0,0,2,11059200
1080,2,reference,368,1280,720,1920,1080,11.3254,12.4282,9.94816,1,1,0,0,2,11059200
1080,2,reference,369,1280,720,1920,1080,11.4708,12.4235,10.0884,1,1,0,0,2,11059200
1080,2,reference,370,1280,720,1920,1080,11.4319,12.4105,9.81197,1,1,0,0,2,11059200
1080,2,reference,371,1280,720,1920,1080,9.81606,10.792,8.43776,1,1,0,0,2,11059200
1080,2,reference,372,1280,720,1920,1080,11.2906,13.9344,9.88672,1,1,0,0,2,11059200
1080,2,reference,373,1280,720,1920,1080,11.0141,12.3497,9.63584,1,1,0,0,2,11059200
1080,2,reference,374,1280,720,1920,1080,11.0213,12.1285,9.64198,1,1,0,0,2,11059200
1080,2,reference,375,1280,720,1920,1080,11.4985,12.4668,10.1212,1,1,0,0,2,11059200
1080,2,reference,376,1280,720,1920,1080,11.394,12.3148,10.0198,1,1,0,0,2,11059200
1080,2,reference,377,1280,720,1920,1080,11.4237,12.3497,9.77306,1,1,0,0,2,11059200
1080,2,reference,378,1280,720,1920,1080,11.348,12.2936,9.97376,1,1,0,0,2,11059200
1080,2,reference,379,1280,720,1920,1080,11.35,12.35,9.97171,1,1,0,0,2,11059200
1080,2,reference,380,1280,720,1920,1080,11.3664,12.3301,9.98707,1,1,0,0,2,11059200
1080,2,reference,381,1280,720,1920,1080,11.5261,12.5475,10.1468,1,1,0,0,2,11059200
1080,2,reference,382,1280,720,1920,1080,11.3336,12.3024,9.9543,1,1,0,0,2,11059200
1080,2,reference,383,1280,720,1920,1080,11.3756,12.326,9.99629,1,1,0,0,2,11059200
1080,2,reference,384,1280,720,1920,1080,11.3531,12.4538,9.97581,1,1,0,0,2,11059200
1080,2,reference,385,1280,720,1920,1080,11.3285,12.4151,9.95123,1,1,0,0,2,11059200
1080,2,reference,386,1280,720,1920,1080,11.4678,12.4271,9.82938,1,1,0,0,2,11059200
1080,2,reference,387,1280,720,1920,1080,11.5272,12.6508,9.89901,1,1,0,0,2,11059200
1080,2,reference,388,1280,720,1920,1080,11.5149,12.4945,9.87955,1,1,0,0,2,11059200
1080,2,reference,389,1280,720,1920,1080,11.6449,12.8362,9.99629,1,1,0,0,2,11059200
1080,2,reference,390,1280,720,1920,1080,11.3879,12.4779,10.0086,1,1,0,0,2,11059200
1080,2,reference,391,1280,720,1920,1080,11.3101,12.282,9.9287,1,1,0,0,2,11059200
1080,2,reference,392,1280,720,1920,1080,13.396,14.4694,11.7678,1,1,0,0,2,11059200
1080,2,reference,393,1280,720,1920,1080,11.3572,12.7908,9.97683,1,1,0,0,2,11059200
1080,2,reference,394,1280,720,1920,1080,11.5087,12.5513,10.1294,1,1,0,0,2,11059200
1080,2,reference,395,1280,720,1920,1080,11.5108,12.622,9.89184,1,1,0,0,2,11059200
1080,2,reference,396,1280,720,1920,1080,11.435,12.3736,9.8519,1,1,0,0,2,11059200
1080,2,reference,397,1280,720,1920,1080,11.3807,12.3059,10.0024,1,1,0,0,2,11059200
1080,2,reference,398,1280,720,1920,1080,11.3408,12.3524,9.9625,1,1,0,0,2,11059200
1080,2,reference,399,1280,720,1920,1080,11.2763,12.2558,9.87955,1,1,0,0,2,11059200
1080,2,reference,400,1280,720,1920,1080,11.5558,12.5563,10.1796,1,1,0,0,2,11059200
1080,2,reference,401,1280,720,1920,1080,11.4053,12.4224,10.028,1,1,0,0,2,11059200
1080,2,reference,402,1280,720,1920,1080,11.3213,12.3172,9.71059,1,1,0,0,2,11059200
1080,2,reference,403,1280,720,1920,1080,11.4125,12.6747,10.0342,1,1,0,0,2,11059200
1080,2,reference,404,1280,720,1920,1080,11.4125,12.4056,9.77408,1,1,0,0,2,11059200
1080,2,reference,405,1280,720,1920,1080,11.1278,12.5986,9.74848,1,1,0,0,2,11059200
1080,2,reference,406,1280,720,1920,1080,11.563,12.7938,10.1857,1,1,0,0,2,11059200
1080,2,reference,407,1280,720,1920,1080,11.4616,12.5349,10.0844,1,1,0,0,2,11059200
1080,2,reference,408,1280,720,1920,1080,11.3408,12.5088,9.95021,1,1,0,0,2,11059200
1080,2,reference,409,1280,720,1920,1080,10.155,11.0661,8.77773,1,1,0,0,2,11059200
1080,2,reference,410,1280,720,1920,1080,10.7489,13.0766,9.3481,1,1,0,0,2,11059200
1080,2,reference,411,1280,720,1920,1080,11.5067,12.4405,9.84883,1,1,0,0,2,11059200
1080,2,reference,412,1280,720,1920,1080,11.3664,12.3948,9.98502,1,1,0,0,2,11059200
1080,2,reference,413,1280,720,1920,1080,11.308,12.3824,9.93178,1,1,0,0,2,11059200
1080,2,reference,414,1280,720,1920,1080,11.607,12.5755,10.1253,1,1,0,0,2,11059200
1080,2,reference,415,1280,720,1920,1080,11.4043,12.3921,9.78022,1,1,0,0,2,11059200
1080,2,reference,416,1280,720,1920,1080,11.0039,12.0948,9.6297,1,1,0,0,2,11059200
1080,2,reference,417,1280,720,1920,1080,11.3224,12.3837,9.94099,1,1,0,0,2,11059200
1080,2,reference,418,1280,720,1920,1080,11.3172,12.3448,9.94304,1,1,0,0,2,11059200
1080,2,reference,419,1280,720,1920,1080,11.2794,12.2629,9.90208,1,1,0,0,2,11059200
1080,2,reference,420,1280,720,1920,1080,11.4831,12.5619,10.1069,1,1,0,0,2,11059200
1080,2,reference,421,1280,720,1920,1080,11.4596,12.4643,10.0792,1,1,0,0,2,11059200
1080,2,reference,422,1280,720,1920,1080,11.5405,12.6062,10.1622,1,1,0,0,2,11059200
1080,2,reference,423,1280,720,1920,1080,11.3705,12.3768,9.99219,1,1,0,0,2,11059200
1080,2,reference,424,1280,720,1920,1080,11.3316,12.4114,9.95533,1,1,0,0,2,11059200
1080,2,reference,425,1280,720,1920,1080,11.4995,12.4153,10.1243,1,1,0,0,2,11059200
1080,2,reference,426,1280,720,1920,1080,11.4913,12.5378,10.1151,1,1,0,0,2,11059200
1080,2,reference,427,1280,720,1920,1080,11.2865,12.3402,9.90925,1,1,0,0,2,11059200
1080,2,reference,428,1280,720,1920,1080,11.5364,12.6198,10.1601,1,1,0,0,2,11059200
1080,2,reference,429,1280,720,1920,1080,11.2179,12.3378,9.8263,1,1,0,0,2,11059200
1080,2,reference,430,1280,720,1920,1080,11.5497,12.6059,10.1755,1,1,0,0,2,11059200
1080,2,reference,431,1280,720,1920,1080,11.5415,12.5713,10.1622,1,1,0,0,2,11059200
1080,2,reference,432,1280,720,1920,1080,11.307,12.3526,9.92666,1,1,0,0,2,11059200
1080,2,reference,433,1280,720,1920,1080,11.4964,12.5205,10.1161,1,1,0,0,2,11059200
1080,2,reference,434,1280,720,1920,1080,11.3132,12.4412,9.93894,1,1,0,0,2,11059200
1080,2,reference,435,1280,720,1920,1080,11.1759,12.5757,9.78125,1,1,0,0,2,11059200
1080,2,reference,436,1280,720,1920,1080,11.5364,12.5519,10.1601,1,1,0,0,2,11059200
1080,2,reference,437,1280,720,1920,1080,11.4033,12.5637,10.025,1,1,0,0,2,11059200
1080,2,reference,438,1280,720,1920,1080,11.3172,12.3802,9.94406,1,1,0,0,2,11059200
1080,2,reference,439,1280,720,1920,1080,11.3254,12.298,9.95021,1,1,0,0,2,11059200
1080,2,reference,440,1280,720,1920,1080,11.5374,12.7061,10.1632,1,1,0,0,2,11059200
1080,2,reference,441,1280,720,1920,1080,11.3531,12.4069,9.97478,1,1,0,0,2,11059200
1080,2,reference,442,1280,720,1920,1080,11.3623,12.3482,9.98707,1,1,0,0,2,11059200
1080,2,reference,443,1280,720,1920,1080,11.4893,12.5513,10.1089,1,1,0,0,2,11059200
1080,2,reference,444,1280,720,1920,1080,11.5681,12.6546,10.1878,1,1,0,0,2,11059200
1080,2,reference,445,1280,720,1920,1080,11.2886,12.3207,9.91232,1,1,0,0,2,11059200
1080,2,reference,446,1280,720,1920,1080,11.3756,12.3983,9.99526,1,1,0,0,2,11059200
1080,2,reference,447,1280,720,1920,1080,11.0735,12.174,9.69523,1,1,0,0,2,11059200
1080,2,reference,448,1280,720,1920,1080,11.0356,12.058,9.65734,1,1,0,0,2,11059200
1080,2,reference,449,1280,720,1920,1080,11.4504,12.4254,10.071,1,1,0,0,2,11059200
1080,2,reference,450,1280,720,1920,1080,11.2384,12.2062,9.86112,1,1,0,0,2,11059200
1080,2,reference,451,1280,720,1920,1080,11.5384,12.5533,9.90618,1,1,0,0,2,11059200
1080,2,reference,452,1280,720,1920,1080,11.5476,12.489,9.89491,1,1,0,0,2,11059200
1080,2,reference,453,1280,720,1920,1080,11.4964,12.5509,9.856,1,1,0,0,2,11059200
1080,2,reference,454,1280,720,1920,1080,11.5804,12.6002,9.93382,1,1,0,0,2,11059200
1080,2,reference,455,1280,720,1920,1080,11.3162,12.4005,9.93792,1,1,0,0,2,11059200
1080,2,reference,456,1280,720,1920,1080,11.3674,12.3569,9.99219,1,1,0,0,2,11059200
1080,2,reference,457,1280,720,1920,1080,11.6296,12.6536,9.89491,1,1,0,0,2,11059200
1080,2,reference,458,1280,720,1920,1080,11.3715,12.4237,9.99731,1,1,0,0,2,11059200
1080,2,reference,459,1280,720,1920,1080,11.3224,12.4777,9.94611,1,1,0,0,2,11059200
1080,2,reference,460,1280,720,1920,1080,11.3572,12.4292,9.98093,1,1,0,0,2,11059200
1080,2,reference,461,1280,720,1920,1080,11.3654,12.3418,9.9881,1,1,0,0,2,11059200
1080,2,reference,462,1280,720,1920,1080,11.5599,12.6354,9.9113,1,1,0,0,2,11059200
1080,2,reference,463,1280,720,1920,1080,11.5343,12.5639,9.8816,1,1,0,0,2,11059200
1080,2,reference,464,1280,720,1920,1080,11.4975,12.5691,9.85805,1,1,0,0,2,11059200
1080,2,reference,465,1280,720,1920,1080,11.3521,12.3997,9.97171,1,1,0,0,2,11059200
1080,2,reference,466,1280,720,1920,1080,11.5405,12.6643,9.90003,1,1,0,0,2,11059200
1080,2,reference,467,1280,720,1920,1080,11.3326,12.3441,9.95328,1,1,0,0,2,11059200
1080,2,reference,468,1280,720,1920,1080,11.5313,12.6579,9.89184,1,1,0,0,2,11059200
1080,2,reference,469,1280,720,1920,1080,11.3254,12.3916,9.94611,1,1,0,0,2,11059200
1080,2,reference,470,1280,720,1920,1080,11.3777,12.5452,10.0014,1,1,0,0,2,11059200
1080,2,reference,471,1280,720,1920,1080,9.83552,10.8558,8.46336,1,1,0,0,2,11059200
1080,2,reference,472,1280,720,1920,1080,9.50579,10.5433,8.13158,1,1,0,0,2,11059200
1080,2,reference,473,1280,720,1920,1080,9.45254,10.3527,8.07936,1,1,0,0,2,11059200
1080,2,reference,474,1280,720,1920,1080,20.8486,21.6732,19.287,1,1,0,0,2,11059200
1080,2,reference,475,1280,720,1920,1080,11.4975,13.5316,10.1069,1,1,0,0,2,11059200
1080,2,reference,476,1280,720,1920,1080,11.3848,12.3942,10.0045,1,1,0,0,2,11059200
1080,2,reference,477,1280,720,1920,1080,11.3449,12.3326,9.96762,1,1,0,0,2,11059200
1080,2,reference,478,1280,720,1920,1080,11.5405,12.5024,10.1663,1,1,0,0,2,11059200
1080,2,reference,479,1280,720,1920,1080,11.3367,12.4268,9.95942,1,1,0,0,2,11059200
1080,2,reference,480,1280,720,1920,1080,11.3418,12.3167,9.96557,1,1,0,0,2,11059200
1080,2,reference,481,1280,720,1920,1080,11.3244,12.4076,9.94611,1,1,0,0,2,11059200
1080,2,reference,482,1280,720,1920,1080,11.3674,12.5242,9.99219,1,1,0,0,2,11059200
1080,2,reference,483,1280,720,1920,1080,11.3531,12.3961,9.97581,1,1,0,0,2,11059200
1080,2,reference,484,1280,720,1920,1080,11.479,12.4612,10.1028,1,1,0,0,2,11059200
1080,2,reference,485,1280,720,1920,1080,11.5773,12.5399,10.198,1,1,0,0,2,11059200
1080,2,reference,486,1280,720,1920,1080,11.522,12.5968,10.1468,1,1,0,0,2,11059200
1080,2,reference,487,1280,720,1920,1080,11.5558,12.5979,10.1786,1,1,0,0,2,11059200
1080,2,reference,488,1280,720,1920,1080,11.5855,12.5846,10.0045,1,1,0,0,2,11059200
1080,2,reference,489,1280,720,1920,1080,11.5313,12.6407,10.1519,1,1,0,0,2,11059200
1080,2,reference,490,1280,720,1920,1080,11.1053,12.1652,9.71059,1,1,0,0,2,11059200
1080,2,reference,491,1280,720,1920,1080,11.6613,12.6984,9.92973,1,1,0,0,2,11059200
1080,2,reference,492,1280,720,1920,1080,9.81606,10.8748,8.44288,1,1,0,0,2,11059200
1080,2,reference,493,1280,720,1920,1080,12.5358,13.5028,11.135,1,1,0,0,2,11059200
1080,2,reference,494,1280,720,1920,1080,11.4668,12.5619,9.90413,1,1,0,0,2,11059200
1080,2,reference,495,1280,720,1920,1080,11.5005,12.4282,10.1243,1,1,0,0,2,11059200
1080,2,reference,496,1280,720,1920,1080,11.3254,12.3851,9.95123,1,1,0,0,2,11059200
1080,2,reference,497,1280,720,1920,1080,11.348,12.3959,9.96864,1,1,0,0,2,11059200
1080,2,reference,498,1280,720,1920,1080,11.5692,12.5179,10.1919,1,1,0,0,2,11059200
1080,2,reference,499,1280,720,1920,1080,11.6163,12.6177,9.99834,1,1,0,0,2,11059200
1080,2,reference,500,1280,720,1920,1080,11.6429,12.6264,10.2656,1,1,0,0,2,11059200
1080,2,reference,501,1280,720,1920,1080,11.5528,12.5508,10.1765,1,1,0,0,2,11059200
1080,2,reference,502,1280,720,1920,1080,11.7975,12.7592,10.2431,1,1,0,0,2,11059200
1080,2,reference,503,1280,720,1920,1080,11.5077,12.3922,10.1325,1,1,0,0,2,11059200
1080,2,reference,504,1280,720,1920,1080,11.4545,12.4103,9.89286,1,1,0,0,2,11059200
1080,2,reference,505,1280,720,1920,1080,11.479,12.4484,9.92154,1,1,0,0,2,11059200
1080,2,reference,506,1280,720,1920,1080,11.5026,12.4764,10.1243,1,1,0,0,2,11059200
1080,2,reference,507,1280,720,1920,1080,11.4811,12.478,10.1038,1,1,0,0,2,11059200
1080,2,reference,508,1280,720,1920,1080,11.4637,12.5148,10.0874,1,1,0,0,2,11059200
1080,2,reference,509,1280,720,1920,1080,11.4647,12.4038,10.0884,1,1,0,0,2,11059200
1080,2,reference,510,1280,720,1920,1080,11.4924,12.4901,10.1171,1,1,0,0,2,11059200
1080,2,reference,511,1280,720,1920,1080,11.4964,12.4839,10.1181,1,1,0,0,2,11059200
1080,2,reference,512,1280,720,1920,1080,11.3971,12.7292,10.0229,1,1,0,0,2,11059200
1080,2,reference,513,1280,720,1920,1080,11.3213,12.3307,9.94099,1,1,0,0,2,11059200
1080,2,reference,514,1280,720,1920,1080,11.4452,12.3853,10.071,1,1,0,0,2,11059200
1080,2,reference,515,1280,720,1920,1080,11.4913,12.4706,10.114,1,1,0,0,2,11059200
1080,2,reference,516,1280,720,1920,1080,11.5364,12.5572,10.1612,1,1,0,0,2,11059200
1080,2,reference,517,1280,720,1920,1080,11.348,12.445,9.97069,1,1,0,0,2,11059200
1080,2,reference,518,1280,720,1920,1080,11.2763,12.3075,9.89798,1,1,0,0,2,11059200
1080,2,reference,519,1280,720,1920,1080,11.4698,12.3947,10.0925,1,1,0,0,2,11059200
1080,2,reference,520,1280,720,1920,1080,11.5169,12.5197,10.1407,1,1,0,0,2,11059200
1080,2,reference,521,1280,720,1920,1080,11.3357,12.3485,9.96045,1,1,0,0,2,11059200
1080,2,reference,522,1280,720,1920,1080,11.3132,12.234,9.93485,1,1,0,0,2,11059200
1080,2,reference,523,1280,720,1920,1080,11.3592,12.3435,9.98093,1,1,0,0,2,11059200
1080,2,reference,524,1280,720,1920,1080,11.3551,12.5386,9.97888,1,1,0,0,2,11059200
1080,2,reference,525,1280,720,1920,1080,11.3541,12.4984,9.97376,1,1,0,0,2,11059200
1080,2,reference,526,1280,720,1920,1080,11.2855,12.2311,9.90822,1,1,0,0,2,11059200
1080,2,reference,527,1280,720,1920,1080,11.4995,12.516,9.85702,1,1,0,0,2,11059200
1080,2,reference,528,1280,720,1920,1080,11.3091,12.3339,9.93485,1,1,0,0,2,11059200
1080,2,reference,529,1280,720,1920,1080,11.5589,12.6267,9.91949,1,1,0,0,2,11059200
1080,2,reference,530,1280,720,1920,1080,11.522,12.5472,9.88877,1,1,0,0,2,11059200
1080,2,reference,531,1280,720,1920,1080,11.3019,12.2911,9.92461,1,1,0,0,2,11059200
1080,2,reference,532,1280,720,1920,1080,11.5323,12.5995,9.90106,1,1,0,0,2,11059200
1080,2,reference,533,1280,720,1920,1080,11.3848,12.3728,10.0055,1,1,0,0,2,11059200
1080,2,reference,534,1280,720,1920,1080,11.521,12.5172,9.88058,1,1,0,0,2,11059200
1080,2,reference,535,1280,720,1920,1080,11.5098,12.6154,9.87238,1,1,0,0,2,11059200
1080,2,reference,536,1280,720,1920,1080,11.3449,12.2984,9.96659,1,1,0,0,2,11059200
1080,2,reference,537,1280,720,1920,1080,11.4237,12.4122,9.88467,1,1,0,0,2,11059200
1080,2,reference,538,1280,720,1920,1080,11.5599,12.6733,10.1857,1,1,0,0,2,11059200
1080,2,reference,539,1280,720,1920,1080,11.3582,12.4918,9.98093,1,1,0,0,2,11059200
1080,2,reference,540,1280,720,1920,1080,11.3439,12.4234,9.96659,1,1,0,0,2,11059200
1080,2,reference,541,1280,720,1920,1080,11.5722,12.642,9.92563,1,1,0,0,2,11059200
1080,2,reference,542,1280,720,1920,1080,11.3469,12.3503,9.96864,1,1,0,0,2,11059200
1080,2,reference,543,1280,720,1920,1080,11.3674,12.3768,9.99014,1,1,0,0,2,11059200
1080,2,reference,544,1280,720,1920,1080,11.3132,12.2925,9.9328,1,1,0,0,2,11059200
1080,2,reference,545,1280,720,1920,1080,11.5681,12.5414,9.91744,1,1,0,0,2,11059200
1080,2,reference,546,1280,720,1920,1080,11.5313,12.5224,9.88979,1,1,0,0,2,11059200
1080,2,reference,547,1280,720,1920,1080,11.522,12.6332,9.87853,1,1,0,0,2,11059200
1080,2,reference,548,1280,720,1920,1080,11.349,12.3755,9.96966,1,1,0,0,2,11059200
1080,2,reference,549,1280,720,1920,1080,11.478,12.5351,9.83654,1,1,0,0,2,11059200
1080,2,reference,550,1280,720,1920,1080,11.5036,12.5428,9.86214,1,1,0,0,2,11059200
1080,2,reference,551,1280,720,1920,1080,11.2671,12.7043,9.89082,1,1,0,0,2,11059200
1080,2,reference,552,1280,720,1920,1080,11.3725,12.3709,9.99526,1,1,0,0,2,11059200
1080,2,reference,553,1280,720,1920,1080,11.4944,12.4833,10.1161,1,1,0,0,2,11059200
1080,2,reference,554,1280,720,1920,1080,11.3295,12.282,9.95328,1,1,0,0,2,11059200
1080,2,reference,555,1280,720,1920,1080,11.3603,12.352,9.9799,1,1,0,0,2,11059200
1080,2,reference,556,1280,720,1920,1080,11.3449,12.3623,9.96966,1,1,0,0,2,11059200
1080,2,reference,557,1280,720,1920,1080,11.3848,12.4656,10.0076,1,1,0,0,2,11059200
1080,2,reference,558,1280,720,1920,1080,11.5876,12.7239,9.95738,1,1,0,0,2,11059200
1080,2,reference,559,1280,720,1920,1080,11.5558,12.6647,9.90003,1,1,0,0,2,11059200
1080,2,reference,560,1280,720,1920,1080,11.3347,12.3787,9.96045,1,1,0,0,2,11059200
1080,2,reference,561,1280,720,1920,1080,11.3684,12.3882,9.99219,1,1,0,0,2,11059200
1080,2,reference,562,1280,720,1920,1080,10.9292,11.9973,9.55392,1,1,0,0,2,11059200
1080,2,reference,563,1280,720,1920,1080,11.2916,12.2723,9.91539,1,1,0,0,2,11059200
1080,2,reference,564,1280,720,1920,1080,11.1002,12.3339,9.72186,1,1,0,0,2,11059200
1080,2,reference,565,1280,720,1920,1080,11.3961,12.3499,9.73619,1,1,0,0,2,11059200
1080,2,reference,566,1280,720,1920,1080,11.4115,12.4938,9.7536,1,1,0,0,2,11059200
1080,2,reference,567,1280,720,1920,1080,11.6204,12.6115,9.96659,1,1,0,0,2,11059200
1080,2,reference,568,1280,720,1920,1080,11.4616,12.7468,9.81299,1,1,0,0,2,11059200
1080,2,reference,569,1280,720,1920,1080,11.4954,12.7319,9.84678,1,1,0,0,2,11059200
1080,2,reference,570,1280,720,1920,1080,11.5302,12.5549,9.88877,1,1,0,0,2,11059200
1080,2,reference,571,1280,720,1920,1080,11.3818,12.5521,10.0055,1,1,0,0,2,11059200
1080,2,reference,572,1280,720,1920,1080,11.5282,12.5824,9.88672,1,1,0,0,2,11059200
1080,2,reference,573,1280,720,1920,1080,11.5569,12.8073,9.89286,1,1,0,0,2,11059200
1080,2,reference,574,1280,720,1920,1080,11.3859,12.4401,10.0086,1,1,0,0,2,11059200
1080,2,reference,575,1280,720,1920,1080,11.3285,12.3364,9.95123,1,1,0,0,2,11059200
1080,2,reference,576,1280,720,1920,1080,11.3807,12.35,10.0045,1,1,0,0,2,11059200
1080,2,reference,577,1280,720,1920,1080,11.392,12.5329,10.0137,1,1,0,0,2,11059200
1080,2,reference,578,1280,720,1920,1080,11.3347,12.4199,9.95738,1,1,0,0,2,11059200
1080,2,reference,579,1280,720,1920,1080,11.3705,12.4934,9.99322,1,1,0,0,2,11059200
1080,2,reference,580,1280,720,1920,1080,11.3234,12.3443,9.94714,1,1,0,0,2,11059200
1080,2,reference,581,1280,720,1920,1080,11.5231,12.5666,9.88262,1,1,0,0,2,11059200
1080,2,reference,582,1280,720,1920,1080,11.3152,12.3122,9.93485,1,1,0,0,2,11059200
1080,2,reference,583,1280,720,1920,1080,11.3787,12.4318,10.0024,1,1,0,0,2,11059200
1080,2,reference,584,1280,720,1920,1080,11.4217,12.5302,10.0444,1,1,0,0,2,11059200
1080,2,reference,585,1280,720,1920,1080,11.308,12.3461,9.9287,1,1,0,0,2,11059200
1080,2,reference,586,1280,720,1920,1080,11.1043,12.4214,9.6809,1,1,0,0,2,11059200
1080,2,reference,587,1280,720,1920,1080,11.518,12.5178,9.87443,1,1,0,0,2,11059200
1080,2,reference,588,1280,720,1920,1080,12.1324,13.0812,10.7438,1,1,0,0,2,11059200
1080,2,reference,589,1280,720,1920,1080,11.3306,12.2821,9.95226,1,1,0,0,2,11059200
1080,2,reference,590,1280,720,1920,1080,11.393,12.3319,10.0178,1,1,0,0,2,11059200
1080,2,reference,591,1280,720,1920,1080,11.3039,12.2603,9.92973,1,1,0,0,2,11059200
1080,2,reference,592,1280,720,1920,1080,11.5016,12.5869,9.86112,1,1,0,0,2,11059200
1080,2,reference,593,1280,720,1920,1080,11.5282,12.4564,9.87648,1,1,0,0,2,11059200
1080,2,reference,594,1280,720,1920,1080,11.5261,12.6919,9.8857,1,1,0,0,2,11059200
1080,2,reference,595,1280,720,1920,1080,11.3162,12.4211,9.93792,1,1,0,0,2,11059200
1080,2,reference,596,1280,720,1920,1080,11.4053,12.4632,10.0291,1,1,0,0,2,11059200
1080,2,reference,597,1280,720,1920,1080,11.3408,12.3074,9.96454,1,1,0,0,2,11059200
1080,2,reference,598,1280,720,1920,1080,11.3695,12.5391,9.99424,1,1,0,0,2,11059200
1080,2,reference,599,1280,720,1920,1080,12.287,13.3272,10.9097,1,1,0,0,2,11059200
1080,2,reference,600,1280,720,1920,1080,11.0479,12.1779,9.67475,1,1,0,0,2,11059200
1080,2,reference,601,1280,720,1920,1080,11.7064,12.6516,10.3148,1,1,0,0,2,11059200
1080,2,reference,602,1280,720,1920,1080,11.3684,12.4798,9.99424,1,1,0,0,2,11059200
1080,2,reference,603,1280,720,1920,1080,11.5528,12.5218,10.1755,1,1,0,0,2,11059200
1080,2,reference,604,1280,720,1920,1080,11.4985,12.8226,10.1243,1,1,0,0,2,11059200
1080,2,reference,605,1280,720,1920,1080,11.2937,13.2587,9.91744,1,1,0,0,2,11059200
1080,2,reference,606,1280,720,1920,1080,11.1196,12.3413,9.74131,1,1,0,0,2,11059200
1080,2,reference,607,1280,720,1920,1080,11.2077,12.5783,9.82835,1,1,0,0,2,11059200
1080,2,reference,608,1280,720,1920,1080,11.3357,12.4602,9.96147,1,1,0,0,2,11059200
1080,2,reference,609,1280,720,1920,1080,11.3336,12.3297,9.95738,1,1,0,0,2,11059200
1080,2,reference,610,1280,720,1920,1080,11.0746,12.3157,9.6983,1,1,0,0,2,11059200
1080,2,reference,611,1280,720,1920,1080,11.4975,12.4091,10.1192,1,1,0,0,2,11059200
1080,2,reference,612,1280,720,1920,1080,11.3336,12.3264,9.95533,1,1,0,0,2,11059200
1080,2,reference,613,1280,720,1920,1080,11.434,12.4028,9.79149,1,1,0,0,2,11059200
1080,2,reference,614,1280,720,1920,1080,11.0582,12.2074,9.67782,1,1,0,0,2,11059200
1080,2,reference,615,1280,720,1920,1080,11.5384,12.7122,9.8816,1,1,0,0,2,11059200
1080,2,reference,616,1280,720,1920,1080,11.3613,12.3244,9.73824,1,1,0,0,2,11059200
1080,2,reference,617,1280,720,1920,1080,11.4217,12.355,9.78739,1,1,0,0,2,11059200
1080,2,reference,618,1280,720,1920,1080,11.5292,12.5061,9.89286,1,1,0,0,2,11059200
1080,2,reference,619,1280,720,1920,1080,9.73414,10.7866,8.36301,1,1,0,0,2,11059200
1080,2,reference,620,1280,720,1920,1080,11.3101,13.2745,9.89901,1,1,0,0,2,11059200
1080,2,reference,621,1280,720,1920,1080,10.8759,12.0055,9.49862,1,1,0,0,2,11059200
1080,2,reference,622,1280,720,1920,1080,11.4872,12.5348,10.1089,1,1,0,0,2,11059200
1080,2,reference,623,1280,720,1920,1080,11.5487,12.4808,9.87034,1,1,0,0,2,11059200
1080,2,reference,624,1280,720,1920,1080,11.604,12.5735,9.94918,1,1,0,0,2,11059200
1080,2,reference,625,1280,720,1920,1080,11.3265,12.3232,9.94816,1,1,0,0,2,11059200
1080,2,reference,626,1280,720,1920,1080,11.5558,12.5239,9.90618,1,1,0,0,2,11059200
1080,2,reference,627,1280,720,1920,1080,11.3777,12.4288,9.72493,1,1,0,0,2,11059200
1080,2,reference,628,1280,720,1920,1080,11.3838,12.3952,9.72698,1,1,0,0,2,11059200
1080,2,reference,629,1280,720,1920,1080,11.5978,12.6861,9.94611,1,1,0,0,2,11059200
1080,2,reference,630,1280,720,1920,1080,11.6183,12.8754,9.96659,1,1,0,0,2,11059200
1080,2,reference,631,1280,720,1920,1080,10.0004,11.0595,8.62618,1,1,0,0,2,11059200
1080,2,reference,632,1280,720,1920,1080,17.0445,18.1644,15.4102,1,1,0,0,2,11059200
1080,2,reference,633,1280,720,1920,1080,11.3377,12.397,9.96147,1,1,0,0,2,11059200
1080,2,reference,634,1280,720,1920,1080,11.6224,12.6771,9.93485,1,1,0,0,2,11059200
1080,2,reference,635,1280,720,1920,1080,11.4463,12.4743,10.068,1,1,0,0,2,11059200
1080,2,reference,636,1280,720,1920,1080,11.3418,12.3817,9.96659,1,1,0,0,2,11059200
1080,2,reference,637,1280,720,1920,1080,11.3213,12.3363,9.94714,1,1,0,0,2,11059200
1080,2,reference,638,1280,720,1920,1080,11.5282,12.5751,9.87955,1,1,0,0,2,11059200
1080,2,reference,639,1280,720,1920,1080,11.3582,12.4031,9.9799,1,1,0,0,2,11059200
1080,2,reference,640,1280,720,1920,1080,11.564,12.6507,9.9113,1,1,0,0,2,11059200
1080,2,reference,641,1280,720,1920,1080,11.351,12.5964,9.97376,1,1,0,0,2,11059200
1080,2,reference,642,1280,720,1920,1080,11.3142,12.3549,9.94099,1,1,0,0,2,11059200
1080,2,reference,643,1280,720,1920,1080,11.4852,12.6816,10.1089,1,1,0,0,2,11059200
1080,2,reference,644,1280,720,1920,1080,11.4811,12.6164,10.1059,1,1,0,0,2,11059200
1080,2,reference,645,1280,720,1920,1080,11.5169,12.5937,10.1376,1,1,0,0,2,11059200
1080,2,reference,646,1280,720,1920,1080,11.6204,12.6438,10.2461,1,1,0,0,2,11059200
1080,2,reference,647,1280,720,1920,1080,11.4821,12.7182,10.1059,1,1,0,0,2,11059200
1080,2,reference,648,1280,720,1920,1080,11.138,12.2779,9.73312,1,1,0,0,2,11059200
1080,2,reference,649,1280,720,1920,1080,11.9419,12.874,10.5533,1,1,0,0,2,11059200
1080,2,reference,650,1280,720,1920,1080,11.3848,12.4512,10.0024,1,1,0,0,2,11059200
1080,2,reference,651,1280,720,1920,1080,11.0868,12.1108,9.68192,1,1,0,0,2,11059200
1080,2,reference,652,1280,720,1920,1080,11.5005,12.4974,9.84166,1,1,0,0,2,11059200
1080,2,reference,653,1280,720,1920,1080,11.8979,12.9317,10.5196,1,1,0,0,2,11059200
1080,2,reference,654,1280,720,1920,1080,11.3121,12.3926,9.93997,1,1,0,0,2,11059200
1080,2,reference,655,1280,720,1920,1080,11.1094,12.2253,9.73312,1,1,0,0,2,11059200
1080,2,reference,656,1280,720,1920,1080,11.4842,12.39,9.85088,1,1,0,0,2,11059200
1080,2,reference,657,1280,720,1920,1080,11.3275,12.3436,9.94714,1,1,0,0,2,11059200
1080,2,reference,658,1280,720,1920,1080,11.2456,12.188,9.87238,1,1,0,0,2,11059200
1080,2,reference,659,1280,720,1920,1080,11.3623,12.3644,9.98605,1,1,0,0,2,11059200
1080,2,reference,660,1280,720,1920,1080,11.4801,12.6713,10.1069,1,1,0,0,2,11059200
1080,2,reference,661,1280,720,1920,1080,11.4739,12.6085,10.0956,1,1,0,0,2,11059200
1080,2,reference,662,1280,720,1920,1080,11.3019,12.2555,9.92563,1,1,0,0,2,11059200
1080,2,reference,663,1280,720,1920,1080,11.3654,12.3242,9.98912,1,1,0,0,2,11059200
1080,2,reference,664,1280,720,1920,1080,11.3039,12.2794,9.93075,1,1,0,0,2,11059200
1080,2,reference,665,1280,720,1920,1080,11.3091,12.3146,9.93382,1,1,0,0,2,11059200
1080,2,reference,666,1280,720,1920,1080,11.4964,12.543,9.87034,1,1,0,0,2,11059200
1080,2,reference,667,1280,720,1920,1080,9.7792,10.707,8.40499,1,1,0,0,2,11059200
1080,2,reference,668,1280,720,1920,1080,12.7488,13.8323,11.3418,1,1,0,0,2,11059200
1080,2,reference,669,1280,720,1920,1080,11.5251,12.4376,9.87034,1,1,0,0,2,11059200
1080,2,reference,670,1280,720,1920,1080,11.2845,12.276,9.90925,1,1,0,0,2,11059200
1080,2,reference,671,1280,720,1920,1080,11.5302,12.548,9.88467,1,1,0,0,2,11059200
1080,2,reference,672,1280,720,1920,1080,11.4964,12.6096,9.86214,1,1,0,0,2,11059200
1080,2,reference,673,1280,720,1920,1080,11.3439,12.4783,9.96864,1,1,0,0,2,11059200
1080,2,reference,674,1280,720,1920,1080,11.5661,12.5394,9.91437,1,1,0,0,2,11059200
1080,2,reference,675,1280,720,1920,1080,11.6439,12.6471,9.99629,1,1,0,0,2,11059200
1080,2,reference,676,1280,720,1920,1080,11.3869,12.6375,10.0168,1,1,0,0,2,11059200
1080,2,reference,677,1280,720,1920,1080,11.3603,12.6582,9.98093,1,1,0,0,2,11059200
1080,2,reference,678,1280,720,1920,1080,11.2548,12.2481,9.8816,1,1,0,0,2,11059200
1080,2,reference,679,1280,720,1920,1080,11.3459,12.315,9.97171,1,1,0,0,2,11059200
1080,2,reference,680,1280,720,1920,1080,11.4883,12.6891,9.84781,1,1,0,0,2,11059200
1080,2,reference,681,1280,720,1920,1080,11.393,12.5493,10.0157,1,1,0,0,2,11059200
1080,2,reference,682,1280,720,1920,1080,11.3367,12.3999,9.96352,1,1,0,0,2,11059200
1080,2,reference,683,1280,720,1920,1080,11.6367,12.6981,9.98605,1,1,0,0,2,11059200
1080,2,reference,684,1280,720,1920,1080,11.4524,12.4417,10.0803,1,1,0,0,2,11059200
1080,2,reference,685,1280,720,1920,1080,11.4749,12.538,10.0977,1,1,0,0,2,11059200
1080,2,reference,686,1280,720,1920,1080,11.5251,12.7536,10.1499,1,1,0,0,2,11059200
1080,2,reference,687,1280,720,1920,1080,11.6849,12.9326,10.3107,1,1,0,0,2,11059200
1080,2,reference,688,1280,720,1920,1080,11.6787,12.7258,10.0393,1,1,0,0,2,11059200
1080,2,reference,689,1280,720,1920,1080,11.0193,12.1429,9.64198,1,1,0,0,2,11059200
1080,2,reference,690,1280,720,1920,1080,11.5988,12.5417,9.97069,1,1,0,0,2,11059200
1080,2,reference,691,1280,720,1920,1080,11.305,12.3856,9.67373,1,1,0,0,2,11059200
1080,2,reference,692,1280,720,1920,1080,11.2927,12.3694,9.91949,1,1,0,0,2,11059200
1080,2,reference,693,1280,720,1920,1080,11.39,12.3629,9.76691,1,1,0,0,2,11059200
1080,2,reference,694,1280,720,1920,1080,11.308,12.2327,9.9369,1,1,0,0,2,11059200
1080,2,reference,695,1280,720,1920,1080,11.4657,12.4071,10.0895,1,1,0,0,2,11059200
1080,2,reference,696,1280,720,1920,1080,11.4801,12.525,10.1048,1,1,0,0,2,11059200
1080,2,reference,697,1280,720,1920,1080,11.479,12.5958,10.1007,1,1,0,0,2,11059200
1080,2,reference,698,1280,720,1920,1080,11.4309,12.4085,10.0567,1,1,0,0,2,11059200
1080,2,reference,699,1280,720,1920,1080,11.5548,12.5709,10.1786,1,1,0,0,2,11059200
1080,2,reference,700,1280,720,1920,1080,11.2937,12.3469,9.92358,1,1,0,0,2,11059200
1080,2,reference,701,1280,720,1920,1080,11.4135,12.4426,10.0372,1,1,0,0,2,11059200
1080,2,reference,702,1280,720,1920,1080,11.2548,12.3976,9.88467,1,1,0,0,2,11059200
1080,2,reference,703,1280,720,1920,1080,11.3152,12.3101,9.94202,1,1,0,0,2,11059200
1080,2,reference,704,1280,720,1920,1080,11.4719,12.5118,10.1007,1,1,0,0,2,11059200
1080,2,reference,705,1280,720,1920,1080,9.77613,10.8711,8.40499,1,1,0,0,2,11059200
1080,2,reference,706,1280,720,1920,1080,11.3009,12.331,9.92666,1,1,0,0,2,11059200
1080,2,reference,707,1280,720,1920,1080,11.349,12.3969,9.97376,1,1,0,0,2,11059200
1080,2,reference,708,1280,720,1920,1080,11.4289,12.4854,10.0577,1,1,0,0,2,11059200
1080,2,reference,709,1280,720,1920,1080,11.4412,12.4424,10.0628,1,1,0,0,2,11059200
1080,2,reference,710,1280,720,1920,1080,11.2292,12.6829,9.85702,1,1,0,0,2,11059200
1080,2,reference,711,1280,720,1920,1080,11.4319,13.6937,10.0147,1,1,0,0,2,11059200
1080,2,reference,712,1280,720,1920,1080,11.2056,12.3302,9.83142,1,1,0,0,2,11059200
1080,2,reference,713,1280,720,1920,1080,11.4842,12.5178,9.84678,1,1,0,0,2,11059200
1080,2,reference,714,1280,720,1920,1080,11.5282,12.5703,9.87546,1,1,0,0,2,11059200
1080,2,reference,715,1280,720,1920,1080,11.5804,12.9357,9.94099,1,1,0,0,2,11059200
1080,2,reference,716,1280,720,1920,1080,11.4616,12.509,10.0884,1,1,0,0,2,11059200
1080,2,reference,717,1280,720,1920,1080,11.5302,12.5803,10.1519,1,1,0,0,2,11059200
1080,2,reference,718,1280,720,1920,1080,11.436,12.5579,10.0628,1,1,0,0,2,11059200
1080,2,reference,719,1280,720,1920,1080,11.3336,12.6323,9.9584,1,1,0,0,2,11059200
1080,2,reference,720,1280,720,1920,1080,11.8548,12.9033,10.2359,1,1,0,0,2,11059200
1080,2,reference,721,1280,720,1920,1080,10.9763,12.0372,9.6,1,1,0,0,2,11059200
1080,2,reference,722,1280,720,1920,1080,11.3797,12.4816,10.0045,1,1,0,0,2,11059200
1080,2,reference,723,1280,720,1920,1080,11.2988,12.3964,9.92563,1,1,0,0,2,11059200
1080,2,reference,724,1280,720,1920,1080,11.2609,12.2627,9.8857,1,1,0,0,2,11059200
1080,2,reference,725,1280,720,1920,1080,11.4954,12.5427,10.1202,1,1,0,0,2,11059200
1080,2,reference,726,1280,720,1920,1080,11.4565,12.4325,10.0823,1,1,0,0,2,11059200
1080,2,reference,727,1280,720,1920,1080,11.4708,12.4549,10.0956,1,1,0,0,2,11059200
1080,2,reference,728,1280,720,1920,1080,11.607,12.666,10.2318,1,1,0,0,2,11059200
1080,2,reference,729,1280,720,1920,1080,11.5241,12.6178,10.1427,1,1,0,0,2,11059200
1080,2,reference,730,1280,720,1920,1080,11.266,12.2311,9.89082,1,1,0,0,2,11059200
1080,2,reference,731,1280,720,1920,1080,11.4708,12.539,10.0966,1,1,0,0,2,11059200
1080,2,reference,732,1280,720,1920,1080,11.5005,12.732,10.1274,1,1,0,0,2,11059200
1080,2,reference,733,1280,720,1920,1080,11.521,12.6786,10.1468,1,1,0,0,2,11059200
1080,2,reference,734,1280,720,1920,1080,11.2845,12.3187,9.91232,1,1,0,0,2,11059200
1080,2,reference,735,1280,720,1920,1080,11.3418,12.5493,9.96557,1,1,0,0,2,11059200
1080,2,reference,736,1280,720,1920,1080,11.307,12.4554,9.93587,1,1,0,0,2,11059200
1080,2,reference,737,1280,720,1920,1080,11.3111,12.2668,9.93178,1,1,0,0,2,11059200
1080,2,reference,738,1280,720,1920,1080,11.2937,12.2909,9.91949,1,1,0,0,2,11059200
1080,2,reference,739,1280,720,1920,1080,11.478,12.5592,10.1028,1,1,0,0,2,11059200
1080,2,reference,740,1280,720,1920,1080,11.2681,12.3934,9.89594,1,1,0,0,2,11059200
1080,2,reference,741,1280,720,1920,1080,11.4924,12.5668,10.1151,1,1,0,0,2,11059200
1080,2,reference,742,1280,720,1920,1080,11.1544,12.2322,9.76486,1,1,0,0,2,11059200
1080,2,reference,743,1280,720,1920,1080,11.5446,12.6095,10.1673,1,1,0,0,2,11059200
1080,2,reference,744,1280,720,1920,1080,11.4442,12.508,10.0741,1,1,0,0,2,11059200
1080,2,reference,745,1280,720,1920,1080,11.4401,12.6297,10.0639,1,1,0,0,2,11059200
1080,2,reference,746,1280,720,1920,1080,11.2783,12.4175,9.90413,1,1,0,0,2,11059200
1080,2,reference,747,1280,720,1920,1080,11.3449,12.4014,9.96966,1,1,0,0,2,11059200
1080,2,reference,748,1280,720,1920,1080,11.4842,12.539,10.112,1,1,0,0,2,11059200
1080,2,reference,749,1280,720,1920,1080,11.4647,12.4078,10.0884,1,1,0,0,2,11059200
1080,2,reference,750,1280,720,1920,1080,11.2589,12.3414,9.88877,1,1,0,0,2,11059200
1080,2,reference,751,1280,720,1920,1080,11.5087,12.441,10.1315,1,1,0,0,2,11059200
1080,2,reference,752,1280,720,1920,1080,11.5118,12.6219,10.1376,1,1,0,0,2,11059200
1080,2,reference,753,1280,720,1920,1080,11.4852,12.4104,10.1079,1,1,0,0,2,11059200
1080,2,reference,754,1280,720,1920,1080,11.4442,12.479,10.068,1,1,0,0,2,11059200
1080,2,reference,755,1280,720,1920,1080,11.307,12.3935,9.9328,1,1,0,0,2,11059200
1080,2,reference,756,1280,720,1920,1080,11.4842,12.4866,10.11,1,1,0,0,2,11059200
1080,2,reference,757,1280,720,1920,1080,11.4862,12.445,10.113,1,1,0,0,2,11059200
1080,2,reference,758,1280,720,1920,1080,11.4555,12.5154,10.0813,1,1,0,0,2,11059200
1080,2,reference,759,1280,720,1920,1080,11.4954,12.7155,10.1233,1,1,0,0,2,11059200
1080,2,reference,760,1280,720,1920,1080,11.4637,12.4088,10.0884,1,1,0,0,2,11059200
1080,2,reference,761,1280,720,1920,1080,11.433,12.4046,10.0588,1,1,0,0,2,11059200
1080,2,reference,762,1280,720,1920,1080,11.4719,12.5346,10.0987,1,1,0,0,2,11059200
1080,2,reference,763,1280,720,1920,1080,11.4811,12.4414,10.1059,1,1,0,0,2,11059200
1080,2,reference,764,1280,720,1920,1080,11.4534,12.4001,10.0803,1,1,0,0,2,11059200
1080,2,reference,765,1280,720,1920,1080,11.479,12.4313,10.1038,1,1,0,0,2,11059200
1080,2,reference,766,1280,720,1920,1080,11.4872,12.5243,10.1151,1,1,0,0,2,11059200
1080,2,reference,767,1280,720,1920,1080,11.4995,12.5678,10.1253,1,1,0,0,2,11059200
1080,2,reference,768,1280,720,1920,1080,11.5241,12.4741,10.1519,1,1,0,0,2,11059200
1080,2,reference,769,1280,720,1920,1080,11.5569,12.5962,10.1816,1,1,0,0,2,11059200
1080,2,reference,770,1280,720,1920,1080,11.476,12.4184,10.1028,1,1,0,0,2,11059200
1080,2,reference,771,1280,720,1920,1080,11.5077,12.4636,10.1325,1,1,0,0,2,11059200
1080,2,reference,772,1280,720,1920,1080,11.4893,12.6198,10.1161,1,1,0,0,2,11059200
1080,2,reference,773,1280,720,1920,1080,11.2742,12.447,9.89798,1,1,0,0,2,11059200
1080,2,reference,774,1280,720,1920,1080,11.479,12.6035,10.1069,1,1,0,0,2,11059200
1080,2,reference,775,1280,720,1920,1080,11.2609,12.3217,9.8857,1,1,0,0,2,11059200
1080,2,reference,776,1280,720,1920,1080,11.0254,12.4656,9.65427,1,1,0,0,2,11059200
1080,2,reference,777,1280,720,1920,1080,11.5732,12.6225,10.2011,1,1,0,0,2,11059200
1080,2,reference,778,1280,720,1920,1080,11.3224,12.4501,9.94918,1,1,0,0,2,11059200
1080,2,reference,779,1280,720,1920,1080,11.2343,12.1726,9.85805,1,1,0,0,2,11059200
1080,2,reference,780,1280,720,1920,1080,11.4698,12.414,10.0946,1,1,0,0,2,11059200
1080,2,reference,781,1280,720,1920,1080,11.4565,12.5188,10.0844,1,1,0,0,2,11059200
1080,2,reference,782,1280,720,1920,1080,11.4371,12.3722,10.0618,1,1,0,0,2,11059200
1080,2,reference,783,1280,720,1920,1080,11.5118,12.4521,10.1396,1,1,0,0,2,11059200
1080,2,reference,784,1280,720,1920,1080,11.3111,12.2968,9.9369,1,1,0,0,2,11059200
1080,2,reference,785,1280,720,1920,1080,11.4811,12.6797,10.1038,1,1,0,0,2,11059200
1080,2,reference,786,1280,720,1920,1080,11.4893,12.4341,10.1151,1,1,0,0,2,11059200
1080,2,reference,787,1280,720,1920,1080,11.5773,12.6189,10.2042,1,1,0,0,2,11059200
1080,2,reference,788,1280,720,1920,1080,11.4995,12.5062,10.1253,1,1,0,0,2,11059200
1080,2,reference,789,1280,720,1920,1080,11.4708,12.4702,10.0946,1,1,0,0,2,11059200
1080,2,reference,790,1280,720,1920,1080,11.4115,12.4037,10.0362,1,1,0,0,2,11059200
1080,2,reference,791,1280,720,1920,1080,11.4903,12.5983,10.1161,1,1,0,0,2,11059200
1080,2,reference,792,1280,720,1920,1080,11.4371,12.4331,9.88774,1,1,0,0,2,11059200
1080,2,reference,793,1280,720,1920,1080,11.478,12.4208,10.1007,1,1,0,0,2,11059200
1080,2,reference,794,1280,720,1920,1080,11.3224,12.2561,9.94918,1,1,0,0,2,11059200
1080,2,reference,795,1280,720,1920,1080,11.2794,12.214,9.9031,1,1,0,0,2,11059200
1080,2,reference,796,1280,720,1920,1080,11.3285,12.2803,9.9543,1,1,0,0,2,11059200
1080,2,reference,797,1280,720,1920,1080,11.5476,12.5437,9.90515,1,1,0,0,2,11059200
1080,2,reference,798,1280,720,1920,1080,11.3551,12.7233,9.98195,1,1,0,0,2,11059200
1080,2,reference,799,1280,720,1920,1080,11.2968,12.2586,9.92256,1,1,0,0,2,11059200
1080,2,reference,800,1280,720,1920,1080,11.5067,12.4965,9.86931,1,1,0,0,2,11059200
1080,2,reference,801,1280,720,1920,1080,11.3234,12.2848,9.94714,1,1,0,0,2,11059200
1080,2,reference,802,1280,720,1920,1080,11.5241,12.4865,9.87955,1,1,0,0,2,11059200
1080,2,reference,803,1280,720,1920,1080,11.5825,12.5295,9.94099,1,1,0,0,2,11059200
1080,2,reference,804,1280,720,1920,1080,11.4995,13.3346,10.1253,1,1,0,0,2,11059200
1080,2,reference,805,1280,720,1920,1080,11.4657,12.4389,10.0884,1,1,0,0,2,11059200
1080,2,reference,806,1280,720,1920,1080,11.3172,12.3329,9.94611,1,1,0,0,2,11059200
1080,2,reference,807,1280,720,1920,1080,11.3121,12.2771,9.93587,1,1,0,0,2,11059200
1080,2,reference,808,1280,720,1920,1080,11.4842,12.4649,10.112,1,1,0,0,2,11059200
1080,2,reference,809,1280,720,1920,1080,11.5702,12.725,9.92973,1,1,0,0,2,11059200
1080,2,reference,810,1280,720,1920,1080,11.5835,12.6052,10.2083,1,1,0,0,2,11059200
1080,2,reference,811,1280,720,1920,1080,11.521,12.473,10.1437,1,1,0,0,2,11059200
1080,2,reference,812,1280,720,1920,1080,11.4698,12.6112,10.0977,1,1,0,0,2,11059200
1080,2,reference,813,1280,720,1920,1080,11.351,12.4741,9.97478,1,1,0,0,2,11059200
1080,2,reference,814,1280,720,1920,1080,11.1626,12.3231,9.77408,1,1,0,0,2,11059200
1080,2,reference,815,1280,720,1920,1080,11.5313,12.5242,10.1571,1,1,0,0,2,11059200
1080,2,reference,816,1280,720,1920,1080,11.3162,12.3973,9.94202,1,1,0,0,2,11059200
1080,2,reference,817,1280,720,1920,1080,11.3316,12.3847,9.95533,1,1,0,0,2,11059200
1080,2,reference,818,1280,720,1920,1080,11.4596,12.5757,10.0833,1,1,0,0,2,11059200
1080,2,reference,819,1280,720,1920,1080,11.52,12.6664,10.1448,1,1,0,0,2,11059200
1080,2,reference,820,1280,720,1920,1080,11.2343,12.3936,9.86214,1,1,0,0,2,11059200
1080,2,reference,821,1280,720,1920,1080,11.4115,12.3923,10.0321,1,1,0,0,2,11059200
1080,2,reference,822,1280,720,1920,1080,11.522,12.5121,10.1478,1,1,0,0,2,11059200
1080,2,reference,823,1280,720,1920,1080,11.4954,12.4992,10.1192,1,1,0,0,2,11059200
1080,2,reference,824,1280,720,1920,1080,11.4801,12.5531,10.1069,1,1,0,0,2,11059200
1080,2,reference,825,1280,720,1920,1080,11.3961,12.4654,10.0178,1,1,0,0,2,11059200
1080,2,reference,826,1280,720,1920,1080,11.3132,12.4644,9.93997,1,1,0,0,2,11059200
1080,2,reference,827,1280,720,1920,1080,11.3234,12.3477,9.94611,1,1,0,0,2,11059200
1080,2,reference,828,1280,720,1920,1080,11.4852,12.6828,10.11,1,1,0,0,2,11059200
1080,2,reference,829,1280,720,1920,1080,11.5067,12.6698,10.1284,1,1,0,0,2,11059200
1080,2,reference,830,1280,720,1920,1080,11.3183,12.404,9.94406,1,1,0,0,2,11059200
1080,2,reference,831,1280,720,1920,1080,11.2865,12.3749,9.9072,1,1,0,0,2,11059200
1080,2,reference,832,1280,720,1920,1080,11.3213,12.5211,9.94611,1,1,0,0,2,11059200
1080,2,reference,833,1280,720,1920,1080,11.2486,12.3007,9.87238,1,1,0,0,2,11059200
1080,2,reference,834,1280,720,1920,1080,11.3091,12.2819,9.93485,1,1,0,0,2,11059200
1080,2,reference,835,1280,720,1920,1080,11.5067,12.6824,10.1294,1,1,0,0,2,11059200
1080,2,reference,836,1280,720,1920,1080,11.2773,12.4271,9.90208,1,1,0,0,2,11059200
1080,2,reference,837,1280,720,1920,1080,11.2445,12.3647,9.85907,1,1,0,0,2,11059200
1080,2,reference,838,1280,720,1920,1080,11.5098,12.5472,10.1386,1,1,0,0,2,11059200
1080,2,reference,839,1280,720,1920,1080,11.4493,12.5995,10.0751,1,1,0,0,2,11059200
1080,2,reference,840,1280,720,1920,1080,11.2978,12.3598,9.92563,1,1,0,0,2,11059200
1080,2,reference,841,1280,720,1920,1080,11.4821,12.5414,10.1069,1,1,0,0,2,11059200
1080,2,reference,842,1280,720,1920,1080,11.4862,12.577,10.114,1,1,0,0,2,11059200
1080,2,reference,843,1280,720,1920,1080,11.2947,12.3943,9.91744,1,1,0,0,2,11059200
1080,2,reference,844,1280,720,1920,1080,11.4514,12.4889,10.0772,1,1,0,0,2,11059200
1080,2,reference,845,1280,720,1920,1080,11.2292,12.3265,9.85498,1,1,0,0,2,11059200
1080,2,reference,846,1280,720,1920,1080,11.4371,12.4187,10.0608,1,1,0,0,2,11059200
1080,2,reference,847,1280,720,1920,1080,11.4606,12.6173,10.0833,1,1,0,0,2,11059200
1080,2,reference,848,1280,720,1920,1080,11.4708,12.5794,10.0956,1,1,0,0,2,11059200
1080,2,reference,849,1280,720,1920,1080,11.2937,12.3992,9.91846,1,1,0,0,2,11059200
1080,2,reference,850,1280,720,1920,1080,11.4698,12.7007,10.0946,1,1,0,0,2,11059200
1080,2,reference,851,1280,720,1920,1080,11.3009,12.4043,9.92461,1,1,0,0,2,11059200
1080,2,reference,852,1280,720,1920,1080,11.4002,12.5168,10.026,1,1,0,0,2,11059200
1080,2,reference,853,1280,720,1920,1080,11.3582,12.3173,9.97888,1,1,0,0,2,11059200
1080,2,reference,854,1280,720,1920,1080,11.1258,12.372,9.73414,1,1,0,0,2,11059200
1080,2,reference,855,1280,720,1920,1080,11.3336,12.4713,9.95533,1,1,0,0,2,11059200
1080,2,reference,856,1280,720,1920,1080,11.3654,12.4383,9.99014,1,1,0,0,2,11059200
1080,2,reference,857,1280,720,1920,1080,11.5169,12.6665,10.1386,1,1,0,0,2,11059200
1080,2,reference,858,1280,720,1920,1080,11.3541,12.3543,9.98195,1,1,0,0,2,11059200
1080,2,reference,859,1280,720,1920,1080,11.3838,12.4531,10.0086,1,1,0,0,2,11059200
1080,2,reference,860,1280,720,1920,1080,11.5732,12.7633,10.197,1,1,0,0,2,11059200
1080,2,reference,861,1280,720,1920,1080,11.3736,12.3779,9.99424,1,1,0,0,2,11059200
1080,2,reference,862,1280,720,1920,1080,11.3162,12.4083,9.94202,1,1,0,0,2,11059200
1080,2,reference,863,1280,720,1920,1080,11.3674,12.478,9.99219,1,1,0,0,2,11059200
1080,2,reference,864,1280,720,1920,1080,11.3613,12.5969,9.98605,1,1,0,0,2,11059200
1080,2,reference,865,1280,720,1920,1080,11.3121,12.3722,9.93485,1,1,0,0,2,11059200
1080,2,reference,866,1280,720,1920,1080,11.2824,12.3075,9.9072,1,1,0,0,2,11059200
1080,2,reference,867,1280,720,1920,1080,11.5036,12.6104,10.1294,1,1,0,0,2,11059200
1080,2,reference,868,1280,720,1920,1080,11.5763,12.7936,10.2021,1,1,0,0,2,11059200
1080,2,reference,869,1280,720,1920,1080,11.3275,12.5133,9.95123,1,1,0,0,2,11059200
1080,2,reference,870,1280,720,1920,1080,11.3818,12.3936,10.0106,1,1,0,0,2,11059200
1080,2,reference,871,1280,720,1920,1080,14.9074,16.06,8.41728,1,1,0,0,2,11059200
1080,2,reference,872,1280,720,1920,1080,9.82016,10.8661,8.44902,1,1,0,0,2,11059200
1080,2,reference,873,1280,720,1920,1080,12.5891,13.6757,11.1862,1,1,0,0,2,11059200
1080,2,reference,874,1280,720,1920,1080,11.6879,12.6763,9.99526,1,1,0,0,2,11059200
1080,2,reference,875,1280,720,1920,1080,11.4934,12.5134,9.90208,1,1,0,0,2,11059200
1080,2,reference,876,1280,720,1920,1080,11.2282,12.2745,9.85395,1,1,0,0,2,11059200
1080,2,reference,877,1280,720,1920,1080,9.98605,11.1148,8.61184,1,1,0,0,2,11059200
1080,2,reference,878,1280,720,1920,1080,12.671,13.7571,10.3619,1,1,0,0,2,11059200
1080,2,reference,879,1280,720,1920,1080,11.2732,12.5122,9.89798,1,1,0,0,2,11059200
1080,2,reference,880,1280,720,1920,1080,11.4504,12.3413,9.856,1,1,0,0,2,11059200
1080,2,reference,881,1280,720,1920,1080,11.4432,12.4843,10.0669,1,1,0,0,2,11059200
1080,2,reference,882,1280,720,1920,1080,11.135,12.3387,9.72288,1,1,0,0,2,11059200
1080,2,reference,883,1280,720,1920,1080,11.2087,12.3462,9.83245,1,1,0,0,2,11059200
1080,2,reference,884,1280,720,1920,1080,11.392,12.3081,9.84269,1,1,0,0,2,11059200
1080,2,reference,885,1280,720,1920,1080,11.1944,12.4056,9.81299,1,1,0,0,2,11059200
1080,2,reference,886,1280,720,1920,1080,11.0397,12.0337,9.66656,1,1,0,0,2,11059200
1080,2,reference,887,1280,720,1920,1080,11.1913,12.1072,9.81606,1,1,0,0,2,11059200
1080,2,reference,888,1280,720,1920,1080,11.3787,12.3859,10.0024,1,1,0,0,2,11059200
1080,2,reference,889,1280,720,1920,1080,11.6265,12.5839,9.96352,1,1,0,0,2,11059200
1080,2,reference,890,1280,720,1920,1080,11.049,12.3943,9.6768,1,1,0,0,2,11059200
1080,2,reference,891,1280,720,1920,1080,11.0623,12.2931,9.68602,1,1,0,0,2,11059200
1080,2,reference,892,1280,720,1920,1080,11.5415,12.6215,9.87955,1,1,0,0,2,11059200
1080,2,reference,893,1280,720,1920,1080,11.1022,12.6351,9.72595,1,1,0,0,2,11059200
1080,2,reference,894,1280,720,1920,1080,11.5548,12.7191,9.93792,1,1,0,0,2,11059200
1080,2,reference,895,1280,720,1920,1080,11.4473,12.6206,10.069,1,1,0,0,2,11059200
1080,2,reference,896,1280,720,1920,1080,11.2835,12.455,9.90925,1,1,0,0,2,11059200
1080,2,reference,897,1280,720,1920,1080,9.81811,12.1158,8.43878,1,1,0,0,2,11059200
1080,2,reference,898,1280,720,1920,1080,11.2169,12.43,9.84166,1,1,0,0,2,11059200
1080,2,reference,899,1280,720,1920,1080,11.2742,12.5201,9.89696,1,1,0,0,2,11059200
1080,2,reference,900,1280,720,1920,1080,11.4883,12.4679,9.85088,1,1,0,0,2,11059200
1080,2,reference,901,1280,720,1920,1080,11.2497,12.6207,9.87238,1,1,0,0,2,11059200
1080,2,reference,902,1280,720,1920,1080,11.3695,12.5507,9.72186,1,1,0,0,2,11059200
1080,2,reference,903,1280,720,1920,1080,11.3818,12.4271,9.73517,1,1,0,0,2,11059200
1080,2,reference,904,1280,720,1920,1080,11.3357,12.341,9.69216,1,1,0,0,2,11059200
1080,2,reference,905,1280,720,1920,1080,11.3224,12.3699,9.68192,1,1,0,0,2,11059200
1080,2,reference,906,1280,720,1920,1080,11.2538,12.4532,9.87853,1,1,0,0,2,11059200
1080,2,reference,907,1280,720,1920,1080,11.4964,12.7464,9.84883,1,1,0,0,2,11059200
1080,2,reference,908,1280,720,1920,1080,11.2415,12.5655,9.86726,1,1,0,0,2,11059200
1080,2,reference,909,1280,720,1920,1080,11.3203,12.3697,9.94406,1,1,0,0,2,11059200
1080,2,reference,910,1280,720,1920,1080,11.5651,12.6304,9.92768,1,1,0,0,2,11059200
1080,2,reference,911,1280,720,1920,1080,11.3521,12.5245,9.67885,1,1,0,0,2,11059200
1080,2,reference,912,1280,720,1920,1080,11.3367,12.4215,9.69011,1,1,0,0,2,11059200
1080,2,reference,913,1280,720,1920,1080,11.3889,12.6289,9.74541,1,1,0,0,2,11059200
1080,2,reference,914,1280,720,1920,1080,10.1458,11.2611,8.77568,1,1,0,0,2,11059200
1080,2,reference,915,1280,720,1920,1080,9.47917,10.4949,8.10496,1,1,0,0,2,11059200
1080,2,reference,916,1280,720,1920,1080,12.415,13.4005,11.0213,1,1,0,0,2,11059200
1080,2,reference,917,1280,720,1920,1080,11.5958,12.6618,10.2011,1,1,0,0,2,11059200
1080,2,reference,918,1280,720,1920,1080,11.2957,12.3672,9.92051,1,1,0,0,2,11059200
1080,2,reference,919,1280,720,1920,1080,11.3766,12.2902,10.0004,1,1,0,0,2,11059200
1080,2,reference,920,1280,720,1920,1080,11.3715,12.3739,9.74746,1,1,0,0,2,11059200
1080,2,reference,921,1280,720,1920,1080,11.2927,12.368,9.91539,1,1,0,0,2,11059200
1080,2,reference,922,1280,720,1920,1080,11.4708,12.4439,10.0946,1,1,0,0,2,11059200
1080,2,reference,923,1280,720,1920,1080,11.3347,12.2618,9.95738,1,1,0,0,2,11059200
1080,2,reference,924,1280,720,1920,1080,11.4452,12.4343,10.07,1,1,0,0,2,11059200
1080,2,reference,925,1280,720,1920,1080,11.3848,12.5093,10.0076,1,1,0,0,2,11059200
1080,2,reference,926,1280,720,1920,1080,11.5169,12.5508,10.1407,1,1,0,0,2,11059200
1080,2,reference,927,1280,720,1920,1080,11.4606,12.4404,10.0833,1,1,0,0,2,11059200
1080,2,reference,928,1280,720,1920,1080,11.5098,12.4583,10.1325,1,1,0,0,2,11059200
1080,2,reference,929,1280,720,1920,1080,11.4842,12.4218,10.1079,1,1,0,0,2,11059200
1080,2,reference,930,1280,720,1920,1080,11.5057,12.4857,10.1304,1,1,0,0,2,11059200
1080,2,reference,931,1280,720,1920,1080,11.5692,12.5471,10.1929,1,1,0,0,2,11059200
1080,2,reference,932,1280,720,1920,1080,11.4708,12.5125,10.0977,1,1,0,0,2,11059200
1080,2,reference,933,1280,720,1920,1080,11.519,12.6593,10.1417,1,1,0,0,2,11059200
1080,2,reference,934,1280,720,1920,1080,11.22,12.3555,9.84781,1,1,0,0,2,11059200
1080,2,reference,935,1280,720,1920,1080,11.5282,12.5771,10.1499,1,1,0,0,2,11059200
1080,2,reference,936,1280,720,1920,1080,11.3285,12.4289,9.95328,1,1,0,0,2,11059200
1080,2,reference,937,1280,720,1920,1080,11.8467,12.8789,10.2308,1,1,0,0,2,11059200
1080,2,reference,938,1280,720,1920,1080,11.5026,12.5506,9.82426,1,1,0,0,2,11059200
1080,2,reference,939,1280,720,1920,1080,11.0121,12.0482,9.63789,1,1,0,0,2,11059200
1080,2,reference,940,1280,720,1920,1080,11.5169,12.5137,9.87034,1,1,0,0,2,11059200
1080,2,reference,941,1280,720,1920,1080,11.3459,12.418,9.96864,1,1,0,0,2,11059200
1080,2,reference,942,1280,720,1920,1080,11.5036,12.6068,10.1274,1,1,0,0,2,11059200
1080,2,reference,943,1280,720,1920,1080,11.2732,12.2495,9.89696,1,1,0,0,2,11059200
1080,2,reference,944,1280,720,1920,1080,11.5354,12.7013,10.1601,1,1,0,0,2,11059200
1080,2,reference,945,1280,720,1920,1080,11.2538,12.2657,9.8775,1,1,0,0,2,11059200
1080,2,reference,946,1280,720,1920,1080,11.3132,12.4424,9.9369,1,1,0,0,2,11059200
1080,2,reference,947,1280,720,1920,1080,11.4934,12.4676,10.1171,1,1,0,0,2,11059200
1080,2,reference,948,1280,720,1920,1080,11.4668,12.5935,10.0936,1,1,0,0,2,11059200
1080,2,reference,949,1280,720,1920,1080,11.4698,12.6254,10.0895,1,1,0,0,2,11059200
1080,2,reference,950,1280,720,1920,1080,11.305,12.3123,9.9287,1,1,0,0,2,11059200
1080,2,reference,951,1280,720,1920,1080,16.5243,17.7083,15.1491,1,1,0,0,2,11059200
1080,2,reference,952,1280,720,1920,1080,11.4985,12.538,10.1233,1,1,0,0,2,11059200
1080,2,reference,953,1280,720,1920,1080,11.3336,12.5703,9.95738,1,1,0,0,2,11059200
1080,2,reference,954,1280,720,1920,1080,11.3019,12.5634,9.92461,1,1,0,0,2,11059200
1080,2,reference,955,1280,720,1920,1080,11.35,12.394,9.96966,1,1,0,0,2,11059200
1080,2,reference,956,1280,720,1920,1080,11.39,12.5815,10.0116,1,1,0,0,2,11059200
1080,2,reference,957,1280,720,1920,1080,10.9855,12.1847,9.60819,1,1,0,0,2,11059200
1080,2,reference,958,1280,720,1920,1080,11.4135,12.3776,10.0403,1,1,0,0,2,11059200
1080,2,reference,959,1280,720,1920,1080,11.1237,12.3499,9.74746,1,1,0,0,2,11059200
1080,2,reference,960,1280,720,1920,1080,11.0326,12.0511,9.65837,1,1,0,0,2,11059200
1080,2,reference,961,1280,720,1920,1080,11.308,12.3297,9.92768,1,1,0,0,2,11059200
1080,2,reference,962,1280,720,1920,1080,11.3377,12.3458,9.96352,1,1,0,0,2,11059200
1080,2,reference,963,1280,720,1920,1080,11.3265,12.3693,9.94918,1,1,0,0,2,11059200
1080,2,reference,964,1280,720,1920,1080,11.6132,12.6183,10.2369,1,1,0,0,2,11059200
1080,2,reference,965,1280,720,1920,1080,11.3469,12.38,9.96864,1,1,0,0,2,11059200
1080,2,reference,966,1280,720,1920,1080,11.3705,12.455,9.99219,1,1,0,0,2,11059200
1080,2,reference,967,1280,720,1920,1080,11.5538,12.5421,10.1765,1,1,0,0,2,11059200
1080,2,reference,968,1280,720,1920,1080,11.3254,12.364,9.95021,1,1,0,0,2,11059200
1080,2,reference,969,1280,720,1920,1080,11.6521,12.6065,10.2738,1,1,0,0,2,11059200
1080,2,reference,970,1280,720,1920,1080,11.3316,12.363,9.95328,1,1,0,0,2,11059200
1080,2,reference,971,1280,720,1920,1080,11.3644,12.3067,9.98605,1,1,0,0,2,11059200
1080,2,reference,972,1280,720,1920,1080,11.4842,12.5781,10.1069,1,1,0,0,2,11059200
1080,2,reference,973,1280,720,1920,1080,11.349,12.3273,9.96966,1,1,0,0,2,11059200
1080,2,reference,974,1280,720,1920,1080,11.3623,12.4681,9.98605,1,1,0,0,2,11059200
1080,2,reference,975,1280,720,1920,1080,11.5917,12.8212,10.2144,1,1,0,0,2,11059200
1080,2,reference,976,1280,720,1920,1080,11.3121,12.3493,9.93792,1,1,0,0,2,11059200
1080,2,reference,977,1280,720,1920,1080,11.5067,12.5142,10.1253,1,1,0,0,2,11059200
1080,2,reference,978,1280,720,1920,1080,11.4514,12.49,10.0772,1,1,0,0,2,11059200
1080,2,reference,979,1280,720,1920,1080,11.6244,12.636,10.242,1,1,0,0,2,11059200
1080,2,reference,980,1280,720,1920,1080,11.2968,12.2985,9.92051,1,1,0,0,2,11059200
1080,2,reference,981,1280,720,1920,1080,11.519,12.4444,10.1407,1,1,0,0,2,11059200
1080,2,reference,982,1280,720,1920,1080,11.5231,12.5747,10.1468,1,1,0,0,2,11059200
1080,2,reference,983,1280,720,1920,1080,11.5722,12.7154,10.1919,1,1,0,0,2,11059200
1080,2,reference,984,1280,720,1920,1080,11.3132,12.3876,9.9328,1,1,0,0,2,11059200
1080,2,reference,985,1280,720,1920,1080,11.349,12.4288,9.96966,1,1,0,0,2,11059200
1080,2,reference,986,1280,720,1920,1080,11.3398,12.3606,9.9625,1,1,0,0,2,11059200
1080,2,reference,987,1280,720,1920,1080,11.5384,12.522,10.1601,1,1,0,0,2,11059200
1080,2,reference,988,1280,720,1920,1080,11.3019,12.3686,9.92666,1,1,0,0,2,11059200
1080,2,reference,989,1280,720,1920,1080,11.3234,12.3427,9.94304,1,1,0,0,2,11059200
1080,2,reference,990,1280,720,1920,1080,11.5988,12.6436,9.97069,1,1,0,0,2,11059200
1080,2,reference,991,1280,720,1920,1080,11.5282,12.4727,10.153,1,1,0,0,2,11059200
1080,2,reference,992,1280,720,1920,1080,11.5026,12.4333,10.1263,1,1,0,0,2,11059200
1080,2,reference,993,1280,720,1920,1080,11.5261,12.6104,10.1468,1,1,0,0,2,11059200
1080,2,reference,994,1280,720,1920,1080,11.3357,12.3404,9.96045,1,1,0,0,2,11059200
1080,2,reference,995,1280,720,1920,1080,11.3592,12.418,9.9799,1,1,0,0,2,11059200
1080,2,reference,996,1280,720,1920,1080,11.5712,12.6856,10.196,1,1,0,0,2,11059200
1080,2,reference,997,1280,720,1920,1080,11.3254,12.3105,9.94509,1,1,0,0,2,11059200
1080,2,reference,998,1280,720,1920,1080,11.5415,12.6753,10.1642,1,1,0,0,2,11059200
1080,2,reference,999,1280,720,1920,1080,11.3142,12.3574,9.9369,1,1,0,0,2,11059200
1080,2,reference,1000,1280,720,1920,1080,11.3295,12.3545,9.9543,1,1,0,0,2,11059200
1080,2,reference,1001,1280,720,1920,1080,11.518,12.5498,10.1386,1,1,0,0,2,11059200
1080,2,reference,1002,1280,720,1920,1080,11.4811,12.4754,10.1059,1,1,0,0,2,11059200
1080,2,reference,1003,1280,720,1920,1080,11.5425,12.4902,10.1622,1,1,0,0,2,11059200
1080,2,reference,1004,1280,720,1920,1080,11.3357,12.3478,9.9625,1,1,0,0,2,11059200
1080,2,reference,1005,1280,720,1920,1080,11.3562,12.3429,9.97581,1,1,0,0,2,11059200
1080,2,reference,1006,1280,720,1920,1080,11.3746,12.3371,9.99834,1,1,0,0,2,11059200
1080,2,reference,1007,1280,720,1920,1080,11.3684,12.3706,9.98912,1,1,0,0,2,11059200
1080,2,reference,1008,1280,720,1920,1080,11.3787,12.4846,10.0024,1,1,0,0,2,11059200
1080,2,reference,1009,1280,720,1920,1080,11.3756,12.4184,9.99526,1,1,0,0,2,11059200
1080,2,reference,1010,1280,720,1920,1080,11.3142,12.3376,9.93587,1,1,0,0,2,11059200
1080,2,reference,1011,1280,720,1920,1080,11.3306,12.4813,9.94918,1,1,0,0,2,11059200
1080,2,reference,1012,1280,720,1920,1080,11.3285,12.42,9.95328,1,1,0,0,2,11059200
1080,2,reference,1013,1280,720,1920,1080,11.2886,12.2798,9.90618,1,1,0,0,2,11059200
1080,2,reference,1014,1280,720,1920,1080,11.562,12.6015,9.90925,1,1,0,0,2,11059200
1080,2,reference,1015,1280,720,1920,1080,11.3254,12.3131,9.94406,1,1,0,0,2,11059200
1080,2,reference,1016,1280,720,1920,1080,11.4831,12.4713,9.84986,1,1,0,0,2,11059200
1080,2,reference,1017,1280,720,1920,1080,11.6326,12.6484,9.98195,1,1,0,0,2,11059200
1080,2,reference,1018,1280,720,1920,1080,11.436,12.4347,9.81811,1,1,0,0,2,11059200
1080,2,reference,1019,1280,720,1920,1080,11.3603,12.3448,9.98298,1,1,0,0,2,11059200
1080,2,reference,1020,1280,720,1920,1080,11.521,12.4995,9.88877,1,1,0,0,2,11059200
1080,2,reference,1021,1280,720,1920,1080,11.5415,12.4718,9.90925,1,1,0,0,2,11059200
1080,2,reference,1022,1280,720,1920,1080,11.5415,12.5138,9.91334,1,1,0,0,2,11059200
1080,2,reference,1023,1280,720,1920,1080,11.5354,12.6331,9.90106,1,1,0,0,2,11059200
1080,2,reference,1024,1280,720,1920,1080,11.6419,12.8688,10.0147,1,1,0,0,2,11059200
1080,2,reference,1025,1280,720,1920,1080,11.3818,12.3549,10.0024,1,1,0,0,2,11059200
1080,2,reference,1026,1280,720,1920,1080,11.3603,12.4257,9.98605,1,1,0,0,2,11059200
1080,2,reference,1027,1280,720,1920,1080,11.3254,12.3124,9.94509,1,1,0,0,2,11059200
1080,2,reference,1028,1280,720,1920,1080,11.3183,12.3687,9.93894,1,1,0,0,2,11059200
1080,2,reference,1029,1280,720,1920,1080,11.3224,12.3776,9.94406,1,1,0,0,2,11059200
1080,2,reference,1030,1280,720,1920,1080,9.97274,11.1752,8.59853,1,1,0,0,2,11059200
1080,2,reference,1031,1280,720,1920,1080,12.6761,13.7609,10.0178,1,1,0,0,2,11059200
1080,2,reference,1032,1280,720,1920,1080,11.5937,12.5445,9.9584,1,1,0,0,2,11059200
1080,2,reference,1033,1280,720,1920,1080,11.3224,12.3867,9.94099,1,1,0,0,2,11059200
1080,2,reference,1034,1280,720,1920,1080,11.563,12.6251,10.1437,1,1,0,0,2,11059200
1080,2,reference,1035,1280,720,1920,1080,11.477,12.5129,9.92154,1,1,0,0,2,11059200
1080,2,reference,1036,1280,720,1920,1080,11.3439,12.3097,9.96659,1,1,0,0,2,11059200
1080,2,reference,1037,1280,720,1920,1080,11.0899,12.1375,8.42035,1,1,0,0,2,11059200
1080,2,reference,1038,1280,720,1920,1080,11.6511,12.6129,10.0977,1,1,0,0,2,11059200
1080,2,reference,1039,1280,720,1920,1080,11.5425,12.5848,9.89696,1,1,0,0,2,11059200
1080,2,reference,1040,1280,720,1920,1080,11.5343,12.5822,9.86726,1,1,0,0,2,11059200
1080,2,reference,1041,1280,720,1920,1080,11.7422,12.8693,10.0035,1,1,0,0,2,11059200
1080,2,reference,1042,1280,720,1920,1080,11.0735,12.2462,8.43162,1,1,0,0,2,11059200
1080,2,reference,1043,1280,720,1920,1080,11.5251,12.5005,9.89082,1,1,0,0,2,11059200
1080,2,reference,1044,1280,720,1920,1080,11.4893,12.5623,9.91642,1,1,0,0,2,11059200
1080,2,reference,1045,1280,720,1920,1080,11.3101,12.3043,9.9287,1,1,0,0,2,11059200
1080,2,reference,1046,1280,720,1920,1080,11.5118,12.4816,9.87546,1,1,0,0,2,11059200
1080,2,reference,1047,1280,720,1920,1080,11.3756,12.3112,9.99526,1,1,0,0,2,11059200
1080,2,reference,1048,1280,720,1920,1080,11.5261,12.5309,9.88672,1,1,0,0,2,11059200
1080,2,reference,1049,1280,720,1920,1080,11.5302,12.5692,9.88467,1,1,0,0,2,11059200
1080,2,reference,1050,1280,720,1920,1080,11.5005,12.5229,9.85702,1,1,0,0,2,11059200
1080,2,reference,1051,1280,720,1920,1080,11.5497,12.6155,9.91539,1,1,0,0,2,11059200
1080,2,reference,1052,1280,720,1920,1080,11.3172,12.4123,9.93997,1,1,0,0,2,11059200
1080,2,reference,1053,1280,720,1920,1080,11.351,12.3948,9.96966,1,1,0,0,2,11059200
1080,2,reference,1054,1280,720,1920,1080,11.5231,12.6369,9.89491,1,1,0,0,2,11059200
1080,2,reference,1055,1280,720,1920,1080,11.0653,12.2962,9.68602,1,1,0,0,2,11059200
1080,2,reference,1056,1280,720,1920,1080,11.3213,12.2761,9.94304,1,1,0,0,2,11059200
1080,2,reference,1057,1280,720,1920,1080,11.3551,12.3114,9.97478,1,1,0,0,2,11059200
1080,2,reference,1058,1280,720,1920,1080,11.134,12.2414,9.70854,1,1,0,0,2,11059200
1080,2,reference,1059,1280,720,1920,1080,11.3664,12.2414,9.98707,1,1,0,0,2,11059200
1080,2,reference,1060,1280,720,1920,1080,11.3449,12.3026,9.95738,1,1,0,0,2,11059200
1080,2,reference,1061,1280,720,1920,1080,11.3633,12.3208,9.7065,1,1,0,0,2,11059200
1080,2,reference,1062,1280,720,1920,1080,11.3654,12.4627,9.71059,1,1,0,0,2,11059200
1080,2,reference,1063,1280,720,1920,1080,11.5046,12.6664,9.86112,1,1,0,0,2,11059200
1080,2,reference,1064,1280,720,1920,1080,11.3244,12.4597,9.67578,1,1,0,0,2,11059200
1080,2,reference,1065,1280,720,1920,1080,11.2794,12.2064,9.71878,1,1,0,0,2,11059200
1080,2,reference,1066,1280,720,1920,1080,11.3818,12.4461,10.0024,1,1,0,0,2,11059200
1080,2,reference,1067,1280,720,1920,1080,11.2415,12.4314,9.8601,1,1,0,0,2,11059200
1080,2,reference,1068,1280,720,1920,1080,11.5159,12.7128,9.86522,1,1,0,0,2,11059200
1080,2,reference,1069,1280,720,1920,1080,11.2753,12.7413,9.89594,1,1,0,0,2,11059200
1080,2,reference,1070,1280,720,1920,1080,11.3725,12.6249,9.7321,1,1,0,0,2,11059200
1080,2,reference,1071,1280,720,1920,1080,11.5671,12.6855,9.90925,1,1,0,0,2,11059200
1080,2,reference,1072,1280,720,1920,1080,11.5456,12.5292,9.89696,1,1,0,0,2,11059200
1080,2,reference,1073,1280,720,1920,1080,11.6234,12.5659,9.96557,1,1,0,0,2,11059200
1080,2,reference,1074,1280,720,1920,1080,11.5323,12.5853,9.87238,1,1,0,0,2,11059200
1080,2,reference,1075,1280,720,1920,1080,11.5845,12.5735,9.9287,1,1,0,0,2,11059200
1080,2,reference,1076,1280,720,1920,1080,11.5292,12.7306,9.88877,1,1,0,0,2,11059200
1080,2,reference,1077,1280,720,1920,1080,11.4391,12.6517,10.0567,1,1,0,0,2,11059200
1080,2,reference,1078,1280,720,1920,1080,11.35,12.3367,9.97171,1,1,0,0,2,11059200
1080,2,reference,1079,1280,720,1920,1080,11.5395,12.5959,9.88877,1,1,0,0,2,11059200
1080,2,reference,1080,1280,720,1920,1080,11.3449,12.5086,9.96659,1,1,0,0,2,11059200
1080,2,reference,1081,1280,720,1920,1080,11.4657,12.5248,10.0854,1,1,0,0,2,11059200
1080,2,reference,1082,1280,720,1920,1080,11.6787,12.7107,10.2984,1,1,0,0,2,11059200
1080,2,reference,1083,1280,720,1920,1080,11.4289,12.7397,10.0454,1,1,0,0,2,11059200
1080,2,reference,1084,1280,720,1920,1080,11.3992,12.4353,9.77715,1,1,0,0,2,11059200
1080,2,reference,1085,1280,720,1920,1080,11.4227,12.3926,9.79149,1,1,0,0,2,11059200
1080,2,reference,1086,1280,720,1920,1080,11.4156,12.4939,9.7833,1,1,0,0,2,11059200
1080,2,reference,1087,1280,720,1920,1080,11.4934,12.5487,10.113,1,1,0,0,2,11059200
1080,2,reference,1088,1280,720,1920,1080,11.3398,12.429,9.95942,1,1,0,0,2,11059200
1080,2,reference,1089,1280,720,1920,1080,11.3142,12.3335,9.92973,1,1,0,0,2,11059200
1080,2,reference,1090,1280,720,1920,1080,11.5057,12.5123,10.1274,1,1,0,0,2,11059200
1080,2,reference,1091,1280,720,1920,1080,11.5968,12.7286,10.2144,1,1,0,0,2,11059200
1080,2,reference,1092,1280,720,1920,1080,11.307,12.3207,9.93178,1,1,0,0,2,11059200
1080,2,reference,1093,1280,720,1920,1080,11.3265,12.3355,9.94611,1,1,0,0,2,11059200
1080,2,reference,1094,1280,720,1920,1080,11.4688,12.4562,10.0895,1,1,0,0,2,11059200
1080,2,reference,1095,1280,720,1920,1080,11.5128,12.6022,10.1325,1,1,0,0,2,11059200
1080,2,reference,1096,1280,720,1920,1080,11.3428,12.4506,9.96454,1,1,0,0,2,11059200
1080,2,reference,1097,1280,720,1920,1080,11.3562,12.4853,9.97478,1,1,0,0,2,11059200
1080,2,reference,1098,1280,720,1920,1080,11.2404,12.2713,9.85395,1,1,0,0,2,11059200
1080,2,reference,1099,1280,720,1920,1080,11.3275,12.2953,9.94611,1,1,0,0,2,11059200
1080,2,reference,1100,1280,720,1920,1080,11.2927,12.3421,9.91437,1,1,0,0,2,11059200
1080,2,reference,1101,1280,720,1920,1080,11.3531,12.3031,9.96864,1,1,0,0,2,11059200
1080,2,reference,1102,1280,720,1920,1080,11.5507,12.5412,9.91437,1,1,0,0,2,11059200
1080,2,reference,1103,1280,720,1920,1080,11.3736,12.4487,9.99014,1,1,0,0,2,11059200
1080,2,reference,1104,1280,720,1920,1080,11.5589,12.6497,10.1806,1,1,0,0,2,11059200
1080,2,reference,1105,1280,720,1920,1080,11.3674,12.4059,9.98195,1,1,0,0,2,11059200
1080,2,reference,1106,1280,720,1920,1080,11.3828,12.3135,10.0045,1,1,0,0,2,11059200
1080,2,reference,1107,1280,720,1920,1080,11.3869,12.466,10.0014,1,1,0,0,2,11059200
1080,2,reference,1108,1280,720,1920,1080,11.3695,12.4187,9.98912,1,1,0,0,2,11059200
1080,2,reference,1109,1280,720,1920,1080,9.79456,10.7863,8.41728,1,1,0,0,2,11059200
1080,2,reference,1110,1280,720,1920,1080,29.5025,30.4939,27.8671,1,1,0,0,2,11059200
1080,2,reference,1111,1280,720,1920,1080,9.82118,10.9907,8.44288,1,1,0,0,2,11059200
1080,2,reference,1112,1280,720,1920,1080,9.4761,10.4174,8.10291,1,1,0,0,2,11059200
1080,2,reference,1113,1280,720,1920,1080,9.46278,10.3961,8.08346,1,1,0,0,2,11059200
1080,2,reference,1114,1280,720,1920,1080,13.2977,14.3242,10.412,1,1,0,0,2,11059200
1080,2,reference,1115,1280,720,1920,1080,11.264,12.4241,9.88262,1,1,0,0,2,11059200
1080,2,reference,1116,1280,720,1920,1080,11.1145,12.2023,9.73722,1,1,0,0,2,11059200
1080,2,reference,1117,1280,720,1920,1080,11.5845,12.5673,9.93792,1,1,0,0,2,11059200
1080,2,reference,1118,1280,720,1920,1080,11.5067,12.5113,9.84166,1,1,0,0,2,11059200
1080,2,reference,1119,1280,720,1920,1080,11.5589,12.7053,9.91334,1,1,0,0,2,11059200
1080,2,reference,1120,1280,720,1920,1080,11.4289,12.5721,10.0485,1,1,0,0,2,11059200
1080,2,reference,1121,1280,720,1920,1080,11.3684,12.4091,9.984,1,1,0,0,2,11059200
1080,2,reference,1122,1280,720,1920,1080,11.4309,12.4334,10.0526,1,1,0,0,2,11059200
1080,2,reference,1123,1280,720,1920,1080,11.392,12.4207,10.0086,1,1,0,0,2,11059200
1080,2,reference,1124,1280,720,1920,1080,11.5661,12.646,9.90106,1,1,0,0,2,11059200
1080,2,reference,1125,1280,720,1920,1080,11.5036,12.5198,10.1192,1,1,0,0,2,11059200
1080,2,reference,1126,1280,720,1920,1080,11.0428,12.083,9.66554,1,1,0,0,2,11059200
1080,2,reference,1127,1280,720,1920,1080,11.0397,12.1228,9.65325,1,1,0,0,2,11059200
1080,2,reference,1128,1280,720,1920,1080,11.3009,12.3149,8.59648,1,1,0,0,2,11059200
1080,2,reference,1129,1280,720,1920,1080,11.2548,12.3271,9.87341,1,1,0,0,2,11059200
1080,2,reference,1130,1280,720,1920,1080,9.81299,10.8127,8.43571,1,1,0,0,2,11059200
1080,2,reference,1131,1280,720,1920,1080,12.5983,13.9012,10.2636,1,1,0,0,2,11059200
1080,2,reference,1132,1280,720,1920,1080,11.7371,12.9188,10.0966,1,1,0,0,2,11059200
1080,2,reference,1133,1280,720,1920,1080,11.5456,12.6692,9.90003,1,1,0,0,2,11059200
1080,2,reference,1134,1280,720,1920,1080,11.5651,12.6682,9.91437,1,1,0,0,2,11059200
1080,2,reference,1135,1280,720,1920,1080,11.5794,12.666,9.92563,1,1,0,0,2,11059200
1080,2,reference,1136,1280,720,1920,1080,11.3992,12.4577,10.0198,1,1,0,0,2,11059200
1080,2,reference,1137,1280,720,1920,1080,11.6132,12.6012,9.95533,1,1,0,0,2,11059200
1080,2,reference,1138,1280,720,1920,1080,11.3531,12.4751,9.97478,1,1,0,0,2,11059200
1080,2,reference,1139,1280,720,1920,1080,11.5446,12.7477,9.87853,1,1,0,0,2,11059200
1080,2,reference,1140,1280,720,1920,1080,11.3213,12.4042,9.93997,1,1,0,0,2,11059200
1080,2,reference,1141,1280,720,1920,1080,11.35,12.372,9.96659,1,1,0,0,2,11059200
1080,2,reference,1142,1280,720,1920,1080,11.308,12.341,9.93075,1,1,0,0,2,11059200
1080,2,reference,1143,1280,720,1920,1080,9.90515,10.9157,8.5248,1,1,0,0,2,11059200
1080,2,reference,1144,1280,720,1920,1080,12.5645,13.6256,11.1667,1,1,0,0,2,11059200
1080,2,reference,1145,1280,720,1920,1080,11.4801,12.4792,10.0956,1,1,0,0,2,11059200
1080,2,reference,1146,1280,720,1920,1080,11.3009,12.3212,9.87238,1,1,0,0,2,11059200
1080,2,reference,1147,1280,720,1920,1080,11.4668,12.5003,10.0751,1,1,0,0,2,11059200
1080,2,reference,1148,1280,720,1920,1080,11.5548,12.4963,9.91539,1,1,0,0,2,11059200
1080,2,reference,1149,1280,720,1920,1080,11.5005,12.5391,9.8601,1,1,0,0,2,11059200
1080,2,reference,1150,1280,720,1920,1080,11.5415,12.4765,9.9072,1,1,0,0,2,11059200
1080,2,reference,1151,1280,720,1920,1080,11.5712,12.6597,9.93587,1,1,0,0,2,11059200
1080,2,reference,1152,1280,720,1920,1080,11.5937,12.6761,9.96147,1,1,0,0,2,11059200
1080,2,reference,1153,1280,720,1920,1080,11.3828,12.6279,10.0004,1,1,0,0,2,11059200
1080,2,reference,1154,1280,720,1920,1080,11.3654,12.3623,9.98605,1,1,0,0,2,11059200
1080,2,reference,1155,1280,720,1920,1080,11.5292,12.6538,9.88877,1,1,0,0,2,11059200
1080,2,reference,1156,1280,720,1920,1080,11.2794,12.3189,9.90003,1,1,0,0,2,11059200
1080,2,reference,1157,1280,720,1920,1080,11.3326,12.3307,9.94918,1,1,0,0,2,11059200
1080,2,reference,1158,1280,720,1920,1080,11.563,12.5548,9.92051,1,1,0,0,2,11059200
1080,2,reference,1159,1280,720,1920,1080,11.5497,12.5527,9.9072,1,1,0,0,2,11059200
1080,2,reference,1160,1280,720,1920,1080,11.5558,12.5829,9.92768,1,1,0,0,2,11059200
1080,2,reference,1161,1280,720,1920,1080,11.3162,12.3053,9.93485,1,1,0,0,2,11059200
1080,2,reference,1162,1280,720,1920,1080,11.3439,12.5258,9.96557,1,1,0,0,2,11059200
1080,2,reference,1163,1280,720,1920,1080,9.82528,10.8999,8.44698,1,1,0,0,2,11059200
1080,2,reference,1164,1280,720,1920,1080,11.4534,12.5691,10.0741,1,1,0,0,2,11059200
1080,2,reference,1165,1280,720,1920,1080,11.5087,12.424,9.856,1,1,0,0,2,11059200
1080,2,reference,1166,1280,720,1920,1080,11.2179,12.4575,9.83859,1,1,0,0,2,11059200
1080,2,reference,1167,1280,720,1920,1080,9.9625,10.9398,8.58624,1,1,0,0,2,11059200
1080,2,reference,1168,1280,720,1920,1080,11.2425,12.2697,9.6471,1,1,0,0,2,11059200
1080,2,reference,1169,1280,720,1920,1080,11.3828,12.366,10.0004,1,1,0,0,2,11059200
1080,2,reference,1170,1280,720,1920,1080,11.519,12.5679,10.1407,1,1,0,0,2,11059200
1080,2,reference,1171,1280,720,1920,1080,11.3213,12.2785,9.93894,1,1,0,0,2,11059200
1080,2,reference,1172,1280,720,1920,1080,11.4504,12.5041,10.0721,1,1,0,0,2,11059200
1080,2,reference,1173,1280,720,1920,1080,11.5302,12.5995,9.93075,1,1,0,0,2,11059200
1080,2,reference,1174,1280,720,1920,1080,11.4237,12.4383,10.0454,1,1,0,0,2,11059200
1080,2,reference,1175,1280,720,1920,1080,11.2783,12.4894,9.87955,1,1,0,0,2,11059200
1080,2,reference,1176,1280,720,1920,1080,11.4381,12.3499,9.87238,1,1,0,0,2,11059200
1080,2,reference,1177,1280,720,1920,1080,11.5374,12.4631,10.153,1,1,0,0,2,11059200
1080,2,reference,1178,1280,720,1920,1080,11.5169,12.4385,10.1386,1,1,0,0,2,11059200
1080,2,reference,1179,1280,720,1920,1080,11.4893,12.4782,10.1089,1,1,0,0,2,11059200
1080,2,reference,1180,1280,720,1920,1080,11.5384,12.6262,10.1622,1,1,0,0,2,11059200
1080,2,reference,1181,1280,720,1920,1080,11.3695,12.4243,9.9881,1,1,0,0,2,11059200
1080,2,reference,1182,1280,720,1920,1080,11.5067,12.5307,10.1304,1,1,0,0,2,11059200
1080,2,reference,1183,1280,720,1920,1080,11.52,12.5074,10.1407,1,1,0,0,2,11059200
1080,2,reference,1184,1280,720,1920,1080,11.3316,12.3384,9.95328,1,1,0,0,2,11059200
1080,2,reference,1185,1280,720,1920,1080,11.3418,12.366,9.9584,1,1,0,0,2,11059200
1080,2,reference,1186,1280,720,1920,1080,11.519,12.4903,9.88877,1,1,0,0,2,11059200
1080,2,reference,1187,1280,720,1920,1080,11.4545,12.387,10.0751,1,1,0,0,2,11059200
1080,2,reference,1188,1280,720,1920,1080,11.3388,12.2509,9.96147,1,1,0,0,2,11059200
1080,2,reference,1189,1280,720,1920,1080,11.3172,12.3361,9.93792,1,1,0,0,2,11059200
1080,2,reference,1190,1280,720,1920,1080,20.6244,21.7302,19.2512,1,1,0,0,2,11059200
1080,2,reference,1191,1280,720,1920,1080,11.4913,12.4326,10.113,1,1,0,0,2,11059200
1080,2,reference,1192,1280,720,1920,1080,11.3101,12.2803,9.93382,1,1,0,0,2,11059200
1080,2,reference,1193,1280,720,1920,1080,11.4698,12.3719,9.91744,1,1,0,0,2,11059200
1080,2,reference,1194,1280,720,1920,1080,11.3828,12.367,10.0065,1,1,0,0,2,11059200
1080,2,reference,1195,1280,720,1920,1080,9.97786,10.9371,8.60058,1,1,0,0,2,11059200
1080,2,reference,1196,1280,720,1920,1080,9.47302,10.401,8.09882,1,1,0,0,2,11059200
1080,2,reference,1197,1280,720,1920,1080,13.3908,14.508,11.9849,1,1,0,0,2,11059200
1080,2,reference,1198,1280,720,1920,1080,11.6961,12.6833,10.3066,1,1,0,0,2,11059200
1080,2,reference,1199,1280,720,1920,1080,11.349,12.467,9.69523,1,1,0,0,2,11059200
1080,3,reference,300,1280,720,1920,1080,11.4944,12.4852,10.1192,1,1,0,0,2,11059200
1080,3,reference,301,1280,720,1920,1080,11.3388,12.3403,9.6983,1,1,0,0,2,11059200
1080,3,reference,302,1280,720,1920,1080,11.3285,12.5857,9.95123,1,1,0,0,2,11059200
1080,3,reference,303,1280,720,1920,1080,11.3551,12.5354,9.70035,1,1,0,0,2,11059200
1080,3,reference,304,1280,720,1920,1080,11.391,12.3185,9.73926,1,1,0,0,2,11059200
1080,3,reference,305,1280,720,1920,1080,11.3633,12.3575,9.71674,1,1,0,0,2,11059200
1080,3,reference,306,1280,720,1920,1080,11.3746,12.6293,9.74131,1,1,0,0,2,11059200
1080,3,reference,307,1280,720,1920,1080,11.3541,12.4209,9.71059,1,1,0,0,2,11059200
1080,3,reference,308,1280,720,1920,1080,11.3613,12.4606,9.73414,1,1,0,0,2,11059200
1080,3,reference,309,1280,720,1920,1080,11.3418,12.8303,9.9625,1,1,0,0,2,11059200
1080,3,reference,310,1280,720,1920,1080,11.5005,12.6559,9.86214,1,1,0,0,2,11059200
1080,3,reference,311,1280,720,1920,1080,11.5507,12.6033,9.91949,1,1,0,0,2,11059200
1080,3,reference,312,1280,720,1920,1080,11.521,12.681,9.88979,1,1,0,0,2,11059200
1080,3,reference,313,1280,720,1920,1080,11.35,12.2973,9.96864,1,1,0,0,2,11059200
1080,3,reference,314,1280,720,1920,1080,11.5261,12.5365,9.89389,1,1,0,0,2,11059200
1080,3,reference,315,1280,720,1920,1080,11.3644,12.6628,9.98605,1,1,0,0,2,11059200
1080,3,reference,316,1280,720,1920,1080,11.3439,12.4386,9.96659,1,1,0,0,2,11059200
1080,3,reference,317,1280,720,1920,1080,11.3224,12.2818,9.94509,1,1,0,0,2,11059200
1080,3,reference,318,1280,720,1920,1080,11.518,12.6403,9.8816,1,1,0,0,2,11059200
1080,3,reference,319,1280,720,1920,1080,11.3367,12.3183,9.95942,1,1,0,0,2,11059200
1080,3,reference,320,1280,720,1920,1080,11.5968,12.6908,9.96659,1,1,0,0,2,11059200
1080,3,reference,321,1280,720,1920,1080,11.3295,12.3108,9.95123,1,1,0,0,2,11059200
1080,3,reference,322,1280,720,1920,1080,11.5343,12.55,9.8857,1,1,0,0,2,11059200
1080,3,reference,323,1280,720,1920,1080,11.5671,12.6166,9.8857,1,1,0,0,2,11059200
1080,3,reference,324,1280,720,1920,1080,11.3756,12.4456,9.99629,1,1,0,0,2,11059200
1080,3,reference,325,1280,720,1920,1080,11.265,12.3248,9.88672,1,1,0,0,2,11059200
1080,3,reference,326,1280,720,1920,1080,11.4309,12.6891,10.0547,1,1,0,0,2,11059200
1080,3,reference,327,1280,720,1920,1080,11.3562,12.3324,9.79354,1,1,0,0,2,11059200
1080,3,reference,328,1280,720,1920,1080,11.6009,12.7153,10.2236,1,1,0,0,2,11059200
1080,3,reference,329,1280,720,1920,1080,9.8304,10.8253,8.45619,1,1,0,0,2,11059200
1080,3,reference,330,1280,720,1920,1080,12.7519,13.8401,10.0127,1,1,0,0,2,11059200
1080,3,reference,331,1280,720,1920,1080,11.477,12.5219,9.90208,1,1,0,0,2,11059200
1080,3,reference,332,1280,720,1920,1080,11.2476,12.1514,9.86829,1,1,0,0,2,11059200
1080,3,reference,333,1280,720,1920,1080,11.348,12.3809,9.96966,1,1,0,0,2,11059200
1080,3,reference,334,1280,720,1920,1080,11.3541,12.3398,9.72493,1,1,0,0,2,11059200
1080,3,reference,335,1280,720,1920,1080,11.5292,12.5758,9.88979,1,1,0,0,2,11059200
1080,3,reference,336,1280,720,1920,1080,11.349,12.3784,9.71981,1,1,0,0,2,11059200
1080,3,reference,337,1280,720,1920,1080,11.3459,12.2879,9.71469,1,1,0,0,2,11059200
1080,3,reference,338,1280,720,1920,1080,11.3336,12.3099,9.69421,1,1,0,0,2,11059200
1080,3,reference,339,1280,720,1920,1080,11.4534,12.3997,9.82221,1,1,0,0,2,11059200
1080,3,reference,340,1280,720,1920,1080,11.4412,12.5703,9.82118,1,1,0,0,2,11059200
1080,3,reference,341,1280,720,1920,1080,11.519,12.6292,9.87341,1,1,0,0,2,11059200
1080,3,reference,342,1280,720,1920,1080,11.3725,12.429,9.74746,1,1,0,0,2,11059200
1080,3,reference,343,1280,720,1920,1080,11.3213,12.3165,9.67578,1,1,0,0,2,11059200
1080,3,reference,344,1280,720,1920,1080,11.7617,12.9178,9.98195,1,1,0,0,2,11059200
1080,3,reference,345,1280,720,1920,1080,11.3705,12.417,9.72902,1,1,0,0,2,11059200
1080,3,reference,346,1280,720,1920,1080,11.5507,12.6422,9.90106,1,1,0,0,2,11059200
1080,3,reference,347,1280,720,1920,1080,11.4903,12.5336,9.84883,1,1,0,0,2,11059200
1080,3,reference,348,1280,720,1920,1080,11.5712,12.5782,9.90822,1,1,0,0,2,11059200
1080,3,reference,349,1280,720,1920,1080,11.5333,12.6265,9.86317,1,1,0,0,2,11059200
1080,3,reference,350,1280,720,1920,1080,11.5456,12.8355,9.90208,1,1,0,0,2,11059200
1080,3,reference,351,1280,720,1920,1080,11.5456,12.618,10.1663,1,1,0,0,2,11059200
1080,3,reference,352,1280,720,1920,1080,11.3807,12.4116,9.99424,1,1,0,0,2,11059200
1080,3,reference,353,1280,720,1920,1080,11.3408,12.3458,9.96147,1,1,0,0,2,11059200
1080,3,reference,354,1280,720,1920,1080,11.3644,12.3556,9.9881,1,1,0,0,2,11059200
1080,3,reference,355,1280,720,1920,1080,11.561,12.6915,9.91437,1,1,0,0,2,11059200
1080,3,reference,356,1280,720,1920,1080,11.3644,12.4326,9.9881,1,1,0,0,2,11059200
1080,3,reference,357,1280,720,1920,1080,11.3367,12.4662,9.95635,1,1,0,0,2,11059200
1080,3,reference,358,1280,720,1920,1080,11.3654,12.4714,9.9881,1,1,0,0,2,11059200
1080,3,reference,359,1280,720,1920,1080,11.5722,12.616,9.92256,1,1,0,0,2,11059200
1080,3,reference,360,1280,720,1920,1080,11.3234,12.3862,9.94611,1,1,0,0,2,11059200
1080,3,reference,361,1280,720,1920,1080,11.137,12.2409,9.73517,1,1,0,0,2,11059200
1080,3,reference,362,1280,720,1920,1080,11.5712,12.5407,10.1929,1,1,0,0,2,11059200
1080,3,reference,363,1280,720,1920,1080,11.3551,12.3008,9.97478,1,1,0,0,2,11059200
1080,3,reference,364,1280,720,1920,1080,11.562,12.6203,9.91539,1,1,0,0,2,11059200
1080,3,reference,365,1280,720,1920,1080,11.4115,12.4974,10.0219,1,1,0,0,2,11059200
1080,3,reference,366,1280,720,1920,1080,11.4565,12.7101,10.0782,1,1,0,0,2,11059200
1080,3,reference,367,1280,720,1920,1080,11.3459,12.3447,9.96454,1,1,0,0,2,11059200
1080,3,reference,368,1280,720,1920,1080,11.521,12.5784,10.1417,1,1,0,0,2,11059200
1080,3,reference,369,1280,720,1920,1080,11.5241,12.7807,10.1437,1,1,0,0,2,11059200
1080,3,reference,370,1280,720,1920,1080,11.5384,12.7157,10.1612,1,1,0,0,2,11059200
1080,3,reference,371,1280,720,1920,1080,11.351,12.408,9.97171,1,1,0,0,2,11059200
1080,3,reference,372,1280,720,1920,1080,11.3695,12.519,9.99219,1,1,0,0,2,11059200
1080,3,reference,373,1280,720,1920,1080,11.3439,12.4112,9.96557,1,1,0,0,2,11059200
1080,3,reference,374,1280,720,1920,1080,11.2814,12.3309,9.90413,1,1,0,0,2,11059200
1080,3,reference,375,1280,720,1920,1080,11.2947,12.4911,9.91027,1,1,0,0,2,11059200
1080,3,reference,376,1280,720,1920,1080,11.0971,12.1287,9.66656,1,1,0,0,2,11059200
1080,3,reference,377,1280,720,1920,1080,11.4565,12.4132,10.0762,1,1,0,0,2,11059200
1080,3,reference,378,1280,720,1920,1080,11.3152,12.2785,9.93997,1,1,0,0,2,11059200
1080,3,reference,379,1280,720,1920,1080,11.1032,12.131,9.72493,1,1,0,0,2,11059200
1080,3,reference,380,1280,720,1920,1080,11.3162,12.3528,9.93997,1,1,0,0,2,11059200
1080,3,reference,381,1280,720,1920,1080,11.3838,12.4375,10.0086,1,1,0,0,2,11059200
1080,3,reference,382,1280,720,1920,1080,11.5794,12.5296,9.93894,1,1,0,0,2,11059200
1080,3,reference,383,1280,720,1920,1080,11.5948,12.6,9.94099,1,1,0,0,2,11059200
1080,3,reference,384,1280,720,1920,1080,11.5364,12.5188,9.89798,1,1,0,0,2,11059200
1080,3,reference,385,1280,720,1920,1080,11.5589,12.614,9.90925,1,1,0,0,2,11059200
1080,3,reference,386,1280,720,1920,1080,11.35,12.5273,9.97171,1,1,0,0,2,11059200
1080,3,reference,387,1280,720,1920,1080,11.4074,12.3735,10.028,1,1,0,0,2,11059200
1080,3,reference,388,1280,720,1920,1080,9.8089,10.9725,8.43162,1,1,0,0,2,11059200
1080,3,reference,389,1280,720,1920,1080,12.7037,13.7261,11.3019,1,1,0,0,2,11059200
1080,3,reference,390,1280,720,1920,1080,11.4248,12.4203,9.86829,1,1,0,0,2,11059200
1080,3,reference,391,1280,720,1920,1080,11.4125,12.3922,10.0332,1,1,0,0,2,11059200
1080,3,reference,392,1280,720,1920,1080,11.4995,12.5499,9.87853,1,1,0,0,2,11059200
1080,3,reference,393,1280,720,1920,1080,11.5313,12.5113,9.88262,1,1,0,0,2,11059200
1080,3,reference,394,1280,720,1920,1080,11.5651,12.6844,9.92051,1,1,0,0,2,11059200
1080,3,reference,395,1280,720,1920,1080,11.564,12.5973,9.91232,1,1,0,0,2,11059200
1080,3,reference,396,1280,720,1920,1080,11.3654,12.5807,9.98707,1,1,0,0,2,11059200
1080,3,reference,397,1280,720,1920,1080,11.5456,12.7036,9.9031,1,1,0,0,2,11059200
1080,3,reference,398,1280,720,1920,1080,11.394,12.4314,10.0188,1,1,0,0,2,11059200
1080,3,reference,399,1280,720,1920,1080,11.3459,12.3341,9.96762,1,1,0,0,2,11059200
1080,3,reference,400,1280,720,1920,1080,11.3838,12.4522,10.0055,1,1,0,0,2,11059200
1080,3,reference,401,1280,720,1920,1080,11.348,12.4401,9.96966,1,1,0,0,2,11059200
1080,3,reference,402,1280,720,1920,1080,11.3316,12.3638,9.95738,1,1,0,0,2,11059200
1080,3,reference,403,1280,720,1920,1080,11.3623,12.403,9.98195,1,1,0,0,2,11059200
1080,3,reference,404,1280,720,1920,1080,11.5773,12.6334,9.9287,1,1,0,0,2,11059200
1080,3,reference,405,1280,720,1920,1080,11.7094,12.7323,10.1427,1,1,0,0,2,11059200
1080,3,reference,406,1280,720,1920,1080,20.7165,21.7266,19.3413,1,1,0,0,2,11059200
1080,3,reference,407,1280,720,1920,1080,11.3623,12.4548,9.98605,1,1,0,0,2,11059200
1080,3,reference,408,1280,720,1920,1080,11.3818,12.4492,10.0055,1,1,0,0,2,11059200
1080,3,reference,409,1280,720,1920,1080,11.3326,12.3644,9.95533,1,1,0,0,2,11059200
1080,3,reference,410,1280,720,1920,1080,11.3336,12.3461,9.9543,1,1,0,0,2,11059200
1080,3,reference,411,1280,720,1920,1080,11.5364,12.5077,10.156,1,1,0,0,2,11059200
1080,3,reference,412,1280,720,1920,1080,11.2855,12.6202,9.91027,1,1,0,0,2,11059200
1080,3,reference,413,1280,720,1920,1080,11.3459,12.3401,9.96454,1,1,0,0,2,11059200
1080,3,reference,414,1280,720,1920,1080,11.3654,12.5807,9.98707,1,1,0,0,2,11059200
1080,3,reference,415,1280,720,1920,1080,11.3623,12.2972,9.98502,1,1,0,0,2,11059200
1080,3,reference,416,1280,720,1920,1080,11.2415,12.2615,9.86522,1,1,0,0,2,11059200
1080,3,reference,417,1280,720,1920,1080,11.3285,12.5575,9.91846,1,1,0,0,2,11059200
1080,3,reference,418,1280,720,1920,1080,11.4872,12.4049,9.9369,1,1,0,0,2,11059200
1080,3,reference,419,1280,720,1920,1080,11.4145,12.4461,10.0383,1,1,0,0,2,11059200
1080,3,reference,420,1280,720,1920,1080,11.6705,12.585,10.028,1,1,0,0,2,11059200
1080,3,reference,421,1280,720,1920,1080,11.3203,12.2268,9.94202,1,1,0,0,2,11059200
1080,3,reference,422,1280,720,1920,1080,11.35,12.3187,9.97478,1,1,0,0,2,11059200
1080,3,reference,423,1280,720,1920,1080,11.3582,12.3862,9.9799,1,1,0,0,2,11059200
1080,3,reference,424,1280,720,1920,1080,11.3428,12.3182,9.96454,1,1,0,0,2,11059200
1080,3,reference,425,1280,720,1920,1080,11.5354,12.5192,9.8857,1,1,0,0,2,11059200
1080,3,reference,426,1280,720,1920,1080,11.3193,12.3823,9.94202,1,1,0,0,2,11059200
1080,3,reference,427,1280,720,1920,1080,11.3275,12.2941,9.94714,1,1,0,0,2,11059200
1080,3,reference,428,1280,720,1920,1080,11.5425,12.6189,9.89491,1,1,0,0,2,11059200
1080,3,reference,429,1280,720,1920,1080,11.4975,12.5151,9.84064,1,1,0,0,2,11059200
1080,3,reference,430,1280,720,1920,1080,11.5261,12.5046,9.87853,1,1,0,0,2,11059200
1080,3,reference,431,1280,720,1920,1080,11.3961,12.3798,10.0219,1,1,0,0,2,11059200
1080,3,reference,432,1280,720,1920,1080,11.5681,12.5308,9.91949,1,1,0,0,2,11059200
1080,3,reference,433,1280,720,1920,1080,11.5948,12.7244,9.94509,1,1,0,0,2,11059200
1080,3,reference,434,1280,720,1920,1080,11.3418,12.3386,9.96557,1,1,0,0,2,11059200
1080,3,reference,435,1280,720,1920,1080,11.4391,12.5575,10.0618,1,1,0,0,2,11059200
1080,3,reference,436,1280,720,1920,1080,11.349,12.3749,9.97274,1,1,0,0,2,11059200
1080,3,reference,437,1280,720,1920,1080,11.3644,12.3998,9.984,1,1,0,0,2,11059200
1080,3,reference,438,1280,720,1920,1080,11.3664,12.3192,9.9881,1,1,0,0,2,11059200
1080,3,reference,439,1280,720,1920,1080,11.3213,12.3663,9.94406,1,1,0,0,2,11059200
1080,3,reference,440,1280,720,1920,1080,11.5497,12.5074,9.90515,1,1,0,0,2,11059200
1080,3,reference,441,1280,720,1920,1080,11.5487,12.5475,9.89798,1,1,0,0,2,11059200
1080,3,reference,442,1280,720,1920,1080,11.561,12.4986,9.90925,1,1,0,0,2,11059200
1080,3,reference,443,1280,720,1920,1080,11.4401,12.5151,10.0639,1,1,0,0,2,11059200
1080,3,reference,444,1280,720,1920,1080,11.5548,12.5553,9.90413,1,1,0,0,2,11059200
1080,3,reference,445,1280,720,1920,1080,11.5784,12.6065,9.92973,1,1,0,0,2,11059200
1080,3,reference,446,1280,720,1920,1080,11.3428,12.447,9.96966,1,1,0,0,2,11059200
1080,3,reference,447,1280,720,1920,1080,11.3357,12.4097,9.96147,1,1,0,0,2,11059200
1080,3,reference,448,1280,720,1920,1080,11.5313,12.6378,9.88467,1,1,0,0,2,11059200
1080,3,reference,449,1280,720,1920,1080,11.3234,12.3858,9.94509,1,1,0,0,2,11059200
1080,3,reference,450,1280,720,1920,1080,11.6726,12.7315,9.92563,1,1,0,0,2,11059200
1080,3,reference,451,1280,720,1920,1080,11.5384,12.7694,10.155,1,1,0,0,2,11059200
1080,3,reference,452,1280,720,1920,1080,11.561,12.5985,10.1827,1,1,0,0,2,11059200
1080,3,reference,453,1280,720,1920,1080,11.4422,12.4873,10.0649,1,1,0,0,2,11059200
1080,3,reference,454,1280,720,1920,1080,11.3449,12.3763,9.96762,1,1,0,0,2,11059200
1080,3,reference,455,1280,720,1920,1080,11.4954,12.558,10.1181,1,1,0,0,2,11059200
1080,3,reference,456,1280,720,1920,1080,11.2824,12.3241,9.9072,1,1,0,0,2,11059200
1080,3,reference,457,1280,720,1920,1080,11.3951,12.3945,10.0168,1,1,0,0,2,11059200
1080,3,reference,458,1280,720,1920,1080,11.4371,12.6908,10.0618,1,1,0,0,2,11059200
1080,3,reference,459,1280,720,1920,1080,11.4186,12.4659,10.0403,1,1,0,0,2,11059200
1080,3,reference,460,1280,720,1920,1080,11.561,12.5492,10.1837,1,1,0,0,2,11059200
1080,3,reference,461,1280,720,1920,1080,11.1247,12.3813,9.72698,1,1,0,0,2,11059200
1080,3,reference,462,1280,720,1920,1080,11.4483,12.5288,9.89594,1,1,0,0,2,11059200
1080,3,reference,463,1280,720,1920,1080,11.8088,12.8173,10.1652,1,1,0,0,2,11059200
1080,3,reference,464,1280,720,1920,1080,11.3316,12.2568,9.95226,1,1,0,0,2,11059200
1080,3,reference,465,1280,720,1920,1080,11.3132,12.3147,9.9328,1,1,0,0,2,11059200
1080,3,reference,466,1280,720,1920,1080,11.5507,12.5603,10.1714,1,1,0,0,2,11059200
1080,3,reference,467,1280,720,1920,1080,11.5323,12.5305,10.1519,1,1,0,0,2,11059200
1080,3,reference,468,1280,720,1920,1080,11.4821,12.4337,10.1018,1,1,0,0,2,11059200
1080,3,reference,469,1280,720,1920,1080,11.5476,12.5628,10.1673,1,1,0,0,2,11059200
1080,3,reference,470,1280,720,1920,1080,11.3357,12.3412,9.95942,1,1,0,0,2,11059200
1080,3,reference,471,1280,720,1920,1080,11.5159,12.4464,10.1386,1,1,0,0,2,11059200
1080,3,reference,472,1280,720,1920,1080,11.5251,12.4641,10.1468,1,1,0,0,2,11059200
1080,3,reference,473,1280,720,1920,1080,11.5108,12.5819,10.1315,1,1,0,0,2,11059200
1080,3,reference,474,1280,720,1920,1080,11.5302,12.6349,10.1509,1,1,0,0,2,11059200
1080,3,reference,475,1280,720,1920,1080,11.5415,12.5939,10.1612,1,1,0,0,2,11059200
1080,3,reference,476,1280,720,1920,1080,11.3132,12.307,9.9369,1,1,0,0,2,11059200
1080,3,reference,477,1280,720,1920,1080,11.3439,12.2801,9.96454,1,1,0,0,2,11059200
1080,3,reference,478,1280,720,1920,1080,11.6111,12.6411,10.2349,1,1,0,0,2,11059200
1080,3,reference,479,1280,720,1920,1080,11.3777,12.4032,10.0004,1,1,0,0,2,11059200
1080,3,reference,480,1280,720,1920,1080,11.0961,12.3033,9.71162,1,1,0,0,2,11059200
1080,3,reference,481,1280,720,1920,1080,11.4708,12.502,10.0915,1,1,0,0,2,11059200
1080,3,reference,482,1280,720,1920,1080,9.91846,10.9515,8.54323,1,1,0,0,2,11059200
1080,3,reference,483,1280,720,1920,1080,9.45971,10.461,8.0855,1,1,0,0,2,11059200
1080,3,reference,484,1280,720,1920,1080,11.1124,12.1484,9.73414,1,1,0,0,2,11059200
1080,3,reference,485,1280,720,1920,1080,11.3818,12.4059,10.0055,1,1,0,0,2,11059200
1080,3,reference,486,1280,720,1920,1080,16.0829,17.0767,14.7036,1,1,0,0,2,11059200
1080,3,reference,487,1280,720,1920,1080,11.3336,12.4173,9.94918,1,1,0,0,2,11059200
1080,3,reference,488,1280,720,1920,1080,11.3684,12.3763,9.73824,1,1,0,0,2,11059200
1080,3,reference,489,1280,720,1920,1080,11.4217,12.3174,9.79354,1,1,0,0,2,11059200
1080,3,reference,490,1280,720,1920,1080,11.391,12.4197,10.0147,1,1,0,0,2,11059200
1080,3,reference,491,1280,720,1920,1080,12.0044,12.9797,10.6168,1,1,0,0,2,11059200
1080,3,reference,492,1280,720,1920,1080,11.0234,12.2307,9.6471,1,1,0,0,2,11059200
1080,3,reference,493,1280,720,1920,1080,11.3521,12.3254,9.97274,1,1,0,0,2,11059200
1080,3,reference,494,1280,720,1920,1080,11.3623,12.4453,9.74131,1,1,0,0,2,11059200
1080,3,reference,495,1280,720,1920,1080,11.3172,12.2528,9.93894,1,1,0,0,2,11059200
1080,3,reference,496,1280,720,1920,1080,11.2302,12.361,9.83552,1,1,0,0,2,11059200
1080,3,reference,497,1280,720,1920,1080,11.5855,12.5635,10.2052,1,1,0,0,2,11059200
1080,3,reference,498,1280,720,1920,1080,11.5118,12.4176,10.1356,1,1,0,0,2,11059200
1080,3,reference,499,1280,720,1920,1080,11.5456,12.4577,10.1652,1,1,0,0,2,11059200
1080,3,reference,500,1280,720,1920,1080,11.5354,12.5167,10.1601,1,1,0,0,2,11059200
1080,3,reference,501,1280,720,1920,1080,11.5343,12.4809,10.156,1,1,0,0,2,11059200
1080,3,reference,502,1280,720,1920,1080,11.5026,12.5004,10.1263,1,1,0,0,2,11059200
1080,3,reference,503,1280,720,1920,1080,11.522,12.6472,10.1407,1,1,0,0,2,11059200
1080,3,reference,504,1280,720,1920,1080,11.305,12.3394,9.92563,1,1,0,0,2,11059200
1080,3,reference,505,1280,720,1920,1080,11.4657,12.4797,10.0874,1,1,0,0,2,11059200
1080,3,reference,506,1280,720,1920,1080,11.5302,12.4841,10.1519,1,1,0,0,2,11059200
1080,3,reference,507,1280,720,1920,1080,11.5548,12.6965,10.1765,1,1,0,0,2,11059200
1080,3,reference,508,1280,720,1920,1080,11.3316,12.3998,9.95635,1,1,0,0,2,11059200
1080,3,reference,509,1280,720,1920,1080,11.307,12.2845,9.92563,1,1,0,0,2,11059200
1080,3,reference,510,1280,720,1920,1080,11.5292,12.6902,10.154,1,1,0,0,2,11059200
1080,3,reference,511,1280,720,1920,1080,11.3367,12.38,9.95942,1,1,0,0,2,11059200
1080,3,reference,512,1280,720,1920,1080,11.521,12.4812,10.1448,1,1,0,0,2,11059200
1080,3,reference,513,1280,720,1920,1080,11.4954,12.4146,10.1171,1,1,0,0,2,11059200
1080,3,reference,514,1280,720,1920,1080,11.5282,12.5032,10.1499,1,1,0,0,2,11059200
1080,3,reference,515,1280,720,1920,1080,11.3469,12.2833,9.96762,1,1,0,0,2,11059200
1080,3,reference,516,1280,720,1920,1080,11.5876,12.5563,9.97171,1,1,0,0,2,11059200
1080,3,reference,517,1280,720,1920,1080,11.5313,12.4366,10.153,1,1,0,0,2,11059200
1080,3,reference,518,1280,720,1920,1080,11.4463,12.447,10.068,1,1,0,0,2,11059200
1080,3,reference,519,1280,720,1920,1080,11.52,12.6787,10.1417,1,1,0,0,2,11059200
1080,3,reference,520,1280,720,1920,1080,11.3203,12.3899,9.94304,1,1,0,0,2,11059200
1080,3,reference,521,1280,720,1920,1080,11.5384,12.5047,10.1622,1,1,0,0,2,11059200
1080,3,reference,522,1280,720,1920,1080,11.521,12.7443,10.1458,1,1,0,0,2,11059200
1080,3,reference,523,1280,720,1920,1080,11.8866,12.8762,10.2687,1,1,0,0,2,11059200
1080,3,reference,524,1280,720,1920,1080,11.009,12.1438,9.63174,1,1,0,0,2,11059200
1080,3,reference,525,1280,720,1920,1080,11.4831,12.5254,10.1038,1,1,0,0,2,11059200
1080,3,reference,526,1280,720,1920,1080,11.2978,12.4069,9.92358,1,1,0,0,2,11059200
1080,3,reference,527,1280,720,1920,1080,11.3183,12.3005,9.94202,1,1,0,0,2,11059200
1080,3,reference,528,1280,720,1920,1080,11.2927,12.3254,9.91437,1,1,0,0,2,11059200
1080,3,reference,529,1280,720,1920,1080,9.98912,11.0673,8.61286,1,1,0,0,2,11059200
1080,3,reference,530,1280,720,1920,1080,12.5798,13.7157,11.1872,1,1,0,0,2,11059200
1080,3,reference,531,1280,720,1920,1080,10.0014,11.0182,8.62413,1,1,0,0,2,11059200
1080,3,reference,532,1280,720,1920,1080,11.3807,12.2481,10.0014,1,1,0,0,2,11059200
1080,3,reference,533,1280,720,1920,1080,11.3377,12.2681,9.9543,1,1,0,0,2,11059200
1080,3,reference,534,1280,720,1920,1080,11.4545,12.7219,8.82483,1,1,0,0,2,11059200
1080,3,reference,535,1280,720,1920,1080,11.4668,12.3559,9.80275,1,1,0,0,2,11059200
1080,3,reference,536,1280,720,1920,1080,11.2456,12.5018,9.86726,1,1,0,0,2,11059200
1080,3,reference,537,1280,720,1920,1080,11.2046,12.4403,9.82528,1,1,0,0,2,11059200
1080,3,reference,538,1280,720,1920,1080,11.4545,12.7284,10.0762,1,1,0,0,2,11059200
1080,3,reference,539,1280,720,1920,1080,11.3398,12.4054,9.96147,1,1,0,0,2,11059200
1080,3,reference,540,1280,720,1920,1080,11.051,12.1091,9.67373,1,1,0,0,2,11059200
1080,3,reference,541,1280,720,1920,1080,11.52,12.4658,10.1427,1,1,0,0,2,11059200
1080,3,reference,542,1280,720,1920,1080,11.2978,12.662,9.92051,1,1,0,0,2,11059200
1080,3,reference,543,1280,720,1920,1080,11.2517,12.3264,9.69216,1,1,0,0,2,11059200
1080,3,reference,544,1280,720,1920,1080,11.5016,12.7002,10.1263,1,1,0,0,2,11059200
1080,3,reference,545,1280,720,1920,1080,9.85293,10.7919,8.47565,1,1,0,0,2,11059200
1080,3,reference,546,1280,720,1920,1080,12.6423,13.6934,11.2159,1,1,0,0,2,11059200
1080,3,reference,547,1280,720,1920,1080,11.2507,12.4247,8.57702,1,1,0,0,2,11059200
1080,3,reference,548,1280,720,1920,1080,11.4145,12.6385,10.0342,1,1,0,0,2,11059200
1080,3,reference,549,1280,720,1920,1080,11.6337,12.9542,10.2533,1,1,0,0,2,11059200
1080,3,reference,550,1280,720,1920,1080,11.394,12.4544,9.76794,1,1,0,0,2,11059200
1080,3,reference,551,1280,720,1920,1080,11.1237,12.1721,9.71571,1,1,0,0,2,11059200
1080,3,reference,552,1280,720,1920,1080,12.1211,13.125,10.7305,1,1,0,0,2,11059200
1080,3,reference,553,1280,720,1920,1080,11.4084,12.56,9.76384,1,1,0,0,2,11059200
1080,3,reference,554,1280,720,1920,1080,11.3951,12.3513,9.74848,1,1,0,0,2,11059200
1080,3,reference,555,1280,720,1920,1080,11.3766,12.3061,9.72902,1,1,0,0,2,11059200
1080,3,reference,556,1280,720,1920,1080,11.2435,12.5231,9.86931,1,1,0,0,2,11059200
1080,3,reference,557,1280,720,1920,1080,11.3449,12.3056,9.6983,1,1,0,0,2,11059200
1080,3,reference,558,1280,720,1920,1080,11.2179,12.4482,9.84166,1,1,0,0,2,11059200
1080,3,reference,559,1280,720,1920,1080,11.4248,12.3418,9.88262,1,1,0,0,2,11059200
1080,3,reference,560,1280,720,1920,1080,11.3582,12.4041,9.98298,1,1,0,0,2,11059200
1080,3,reference,561,1280,720,1920,1080,11.3285,12.3739,9.68397,1,1,0,0,2,11059200
1080,3,reference,562,1280,720,1920,1080,11.5415,12.4737,9.98502,1,1,0,0,2,11059200
1080,3,reference,563,1280,720,1920,1080,11.4104,12.4945,10.0332,1,1,0,0,2,11059200
1080,3,reference,564,1280,720,1920,1080,11.2456,12.4909,9.86931,1,1,0,0,2,11059200
1080,3,reference,565,1280,720,1920,1080,11.3439,12.285,9.78944,1,1,0,0,2,11059200
1080,3,reference,566,1280,720,1920,1080,11.2108,12.4951,9.83245,1,1,0,0,2,11059200
1080,3,reference,567,1280,720,1920,1080,11.4924,12.5296,9.84986,1,1,0,0,2,11059200
1080,3,reference,568,1280,720,1920,1080,11.5313,12.7925,9.87853,1,1,0,0,2,11059200
1080,3,reference,569,1280,720,1920,1080,11.3746,12.5595,9.71674,1,1,0,0,2,11059200
1080,3,reference,570,1280,720,1920,1080,11.3613,12.4599,9.70547,1,1,0,0,2,11059200
1080,3,reference,571,1280,720,1920,1080,11.436,12.3947,9.79046,1,1,0,0,2,11059200
1080,3,reference,572,1280,720,1920,1080,11.2302,12.4892,9.85395,1,1,0,0,2,11059200
1080,3,reference,573,1280,720,1920,1080,11.349,12.3663,9.70547,1,1,0,0,2,11059200
1080,3,reference,574,1280,720,1920,1080,11.4135,12.7992,10.0383,1,1,0,0,2,11059200
1080,3,reference,575,1280,720,1920,1080,11.6398,12.7828,9.90515,1,1,0,0,2,11059200
1080,3,reference,576,1280,720,1920,1080,11.5589,12.5219,9.91027,1,1,0,0,2,11059200
1080,3,reference,577,1280,720,1920,1080,11.5169,12.6119,9.85498,1,1,0,0,2,11059200
1080,3,reference,578,1280,720,1920,1080,11.5722,12.6035,9.91846,1,1,0,0,2,11059200
1080,3,reference,579,1280,720,1920,1080,11.5241,12.4997,9.85498,1,1,0,0,2,11059200
1080,3,reference,580,1280,720,1920,1080,11.7504,12.907,10.1079,1,1,0,0,2,11059200
1080,3,reference,581,1280,720,1920,1080,11.3756,12.4097,9.99629,1,1,0,0,2,11059200
1080,3,reference,582,1280,720,1920,1080,11.4924,12.7778,10.1171,1,1,0,0,2,11059200
1080,3,reference,583,1280,720,1920,1080,11.5128,12.5036,10.1345,1,1,0,0,2,11059200
1080,3,reference,584,1280,720,1920,1080,11.3654,12.3244,9.98912,1,1,0,0,2,11059200
1080,3,reference,585,1280,720,1920,1080,11.3725,12.3136,9.99526,1,1,0,0,2,11059200
1080,3,reference,586,1280,720,1920,1080,11.2364,12.2205,9.85805,1,1,0,0,2,11059200
1080,3,reference,587,1280,720,1920,1080,11.4473,12.7431,10.071,1,1,0,0,2,11059200
1080,3,reference,588,1280,720,1920,1080,11.3838,12.3468,10.0076,1,1,0,0,2,11059200
1080,3,reference,589,1280,720,1920,1080,11.4278,12.5388,9.78739,1,1,0,0,2,11059200
1080,3,reference,590,1280,720,1920,1080,11.3551,12.3146,9.98093,1,1,0,0,2,11059200
1080,3,reference,591,1280,720,1920,1080,11.3367,12.5197,9.95635,1,1,0,0,2,11059200
1080,3,reference,592,1280,720,1920,1080,11.3439,12.4122,9.96762,1,1,0,0,2,11059200
1080,3,reference,593,1280,720,1920,1080,11.5251,12.5515,9.8775,1,1,0,0,2,11059200
1080,3,reference,594,1280,720,1920,1080,11.5098,12.6094,9.86317,1,1,0,0,2,11059200
1080,3,reference,595,1280,720,1920,1080,11.3674,12.432,9.98912,1,1,0,0,2,11059200
1080,3,reference,596,1280,720,1920,1080,11.3439,12.3665,9.96659,1,1,0,0,2,11059200
1080,3,reference,597,1280,720,1920,1080,11.5231,12.6306,9.88058,1,1,0,0,2,11059200
1080,3,reference,598,1280,720,1920,1080,11.3603,12.3284,9.984,1,1,0,0,2,11059200
1080,3,reference,599,1280,720,1920,1080,11.5231,12.5159,9.8816,1,1,0,0,2,11059200
1080,3,reference,600,1280,720,1920,1080,11.2855,12.3892,9.72902,1,1,0,0,2,11059200
1080,3,reference,601,1280,720,1920,1080,11.3009,12.2973,9.92154,1,1,0,0,2,11059200
1080,3,reference,602,1280,720,1920,1080,10.0116,10.9234,8.63846,1,1,0,0,2,11059200
1080,3,reference,603,1280,720,1920,1080,9.472,10.3635,8.09267,1,1,0,0,2,11059200
1080,3,reference,604,1280,720,1920,1080,12.6423,13.6663,11.2292,1,1,0,0,2,11059200
1080,3,reference,605,1280,720,1920,1080,11.5763,12.6476,10.1878,1,1,0,0,2,11059200
1080,3,reference,606,1280,720,1920,1080,11.3695,12.3034,9.98605,1,1,0,0,2,11059200
1080,3,reference,607,1280,720,1920,1080,10.0362,11.0022,8.66099,1,1,0,0,2,11059200
1080,3,reference,608,1280,720,1920,1080,10.71,13.3185,9.28666,1,1,0,0,2,11059200
1080,3,reference,609,1280,720,1920,1080,11.3869,12.4018,9.81197,1,1,0,0,2,11059200
1080,3,reference,610,1280,720,1920,1080,11.3224,12.3704,9.94509,1,1,0,0,2,11059200
1080,3,reference,611,1280,720,1920,1080,11.5354,12.5125,10.1571,1,1,0,0,2,11059200
1080,3,reference,612,1280,720,1920,1080,11.5139,12.4271,10.1386,1,1,0,0,2,11059200
1080,3,reference,613,1280,720,1920,1080,11.4913,12.4915,10.1151,1,1,0,0,2,11059200
1080,3,reference,614,1280,720,1920,1080,11.4801,12.5324,10.1069,1,1,0,0,2,11059200
1080,3,reference,615,1280,720,1920,1080,11.4739,12.4738,10.0987,1,1,0,0,2,11059200
1080,3,reference,616,1280,720,1920,1080,11.5446,12.5585,10.1704,1,1,0,0,2,11059200
1080,3,reference,617,1280,720,1920,1080,11.3306,12.3464,9.95226,1,1,0,0,2,11059200
1080,3,reference,618,1280,720,1920,1080,11.5241,12.5438,10.1499,1,1,0,0,2,11059200
1080,3,reference,619,1280,720,1920,1080,11.5098,12.5458,10.1335,1,1,0,0,2,11059200
1080,3,reference,620,1280,720,1920,1080,11.3121,12.3295,9.93382,1,1,0,0,2,11059200
1080,3,reference,621,1280,720,1920,1080,11.5732,12.8175,10.1949,1,1,0,0,2,11059200
1080,3,reference,622,1280,720,1920,1080,11.5046,12.5753,10.1294,1,1,0,0,2,11059200
1080,3,reference,623,1280,720,1920,1080,11.3234,12.3791,9.69523,1,1,0,0,2,11059200
1080,3,reference,624,1280,720,1920,1080,11.2742,12.2079,9.72186,1,1,0,0,2,11059200
1080,3,reference,625,1280,720,1920,1080,11.52,12.3983,10.1437,1,1,0,0,2,11059200
1080,3,reference,626,1280,720,1920,1080,11.5436,12.5071,10.1683,1,1,0,0,2,11059200
1080,3,reference,627,1280,720,1920,1080,11.4975,12.6042,10.1202,1,1,0,0,2,11059200
1080,3,reference,628,1280,720,1920,1080,11.5589,12.6065,10.1816,1,1,0,0,2,11059200
1080,3,reference,629,1280,720,1920,1080,11.4125,12.5226,10.0352,1,1,0,0,2,11059200
1080,3,reference,630,1280,720,1920,1080,11.3254,12.3421,9.95123,1,1,0,0,2,11059200
1080,3,reference,631,1280,720,1920,1080,11.5016,12.5903,10.1233,1,1,0,0,2,11059200
1080,3,reference,632,1280,720,1920,1080,9.7833,10.6964,8.40806,1,1,0,0,2,11059200
1080,3,reference,633,1280,720,1920,1080,12.546,13.4646,11.1503,1,1,0,0,2,11059200
1080,3,reference,634,1280,720,1920,1080,11.2159,12.4743,9.83962,1,1,0,0,2,11059200
1080,3,reference,635,1280,720,1920,1080,11.5323,12.5488,9.90413,1,1,0,0,2,11059200
1080,3,reference,636,1280,720,1920,1080,11.349,12.2727,9.92358,1,1,0,0,2,11059200
1080,3,reference,637,1280,720,1920,1080,11.4862,12.4817,9.8816,1,1,0,0,2,11059200
1080,3,reference,638,1280,720,1920,1080,11.4258,12.4826,10.0526,1,1,0,0,2,11059200
1080,3,reference,639,1280,720,1920,1080,10.0035,10.9047,8.6313,1,1,0,0,2,11059200
1080,3,reference,640,1280,720,1920,1080,11.1647,13.7558,9.76794,1,1,0,0,2,11059200
1080,3,reference,641,1280,720,1920,1080,11.263,12.3805,9.84986,1,1,0,0,2,11059200
1080,3,reference,642,1280,720,1920,1080,11.2609,12.3022,9.88877,1,1,0,0,2,11059200
1080,3,reference,643,1280,720,1920,1080,11.2957,12.2104,9.91846,1,1,0,0,2,11059200
1080,3,reference,644,1280,720,1920,1080,11.0275,12.0555,9.65222,1,1,0,0,2,11059200
1080,3,reference,645,1280,720,1920,1080,11.393,12.4319,10.0147,1,1,0,0,2,11059200
1080,3,reference,646,1280,720,1920,1080,13.7206,14.8502,8.6231,1,1,0,0,2,11059200
1080,3,reference,647,1280,720,1920,1080,11.2978,12.2077,9.92256,1,1,0,0,2,11059200
1080,3,reference,648,1280,720,1920,1080,12.2071,13.1924,10.8247,1,1,0,0,2,11059200
1080,3,reference,649,1280,720,1920,1080,11.3797,12.4577,9.98502,1,1,0,0,2,11059200
1080,3,reference,650,1280,720,1920,1080,11.5354,12.4209,10.1612,1,1,0,0,2,11059200
1080,3,reference,651,1280,720,1920,1080,11.2998,12.2893,9.92256,1,1,0,0,2,11059200
1080,3,reference,652,1280,720,1920,1080,11.0776,12.2677,9.6983,1,1,0,0,2,11059200
1080,3,reference,653,1280,720,1920,1080,11.4381,12.4984,10.0639,1,1,0,0,2,11059200
1080,3,reference,654,1280,720,1920,1080,11.4176,12.3362,9.80275,1,1,0,0,2,11059200
1080,3,reference,655,1280,720,1920,1080,11.4872,12.4405,10.11,1,1,0,0,2,11059200
1080,3,reference,656,1280,720,1920,1080,11.6337,12.7088,10.2011,1,1,0,0,2,11059200
1080,3,reference,657,1280,720,1920,1080,11.3377,12.3444,9.95942,1,1,0,0,2,11059200
1080,3,reference,658,1280,720,1920,1080,11.3142,12.3438,9.93997,1,1,0,0,2,11059200
1080,3,reference,659,1280,720,1920,1080,11.519,12.4685,10.1417,1,1,0,0,2,11059200
1080,3,reference,660,1280,720,1920,1080,11.3398,12.276,9.96557,1,1,0,0,2,11059200
1080,3,reference,661,1280,720,1920,1080,11.5333,12.6395,10.154,1,1,0,0,2,11059200
1080,3,reference,662,1280,720,1920,1080,12.3484,13.944,10.9732,1,1,0,0,2,11059200
1080,3,reference,663,1280,720,1920,1080,11.6081,12.7328,10.2308,1,1,0,0,2,11059200
1080,3,reference,664,1280,720,1920,1080,11.2742,12.3587,9.89594,1,1,0,0,2,11059200
1080,3,reference,665,1280,720,1920,1080,11.305,12.3229,9.92973,1,1,0,0,2,11059200
1080,3,reference,666,1280,720,1920,1080,10.9998,12.0758,9.62458,1,1,0,0,2,11059200
1080,3,reference,667,1280,720,1920,1080,11.5169,12.4751,10.1345,1,1,0,0,2,11059200
1080,3,reference,668,1280,720,1920,1080,11.4903,12.624,10.0372,1,1,0,0,2,11059200
1080,3,reference,669,1280,720,1920,1080,11.0838,12.2637,9.7065,1,1,0,0,2,11059200
1080,3,reference,670,1280,720,1920,1080,9.82426,10.7632,8.45414,1,1,0,0,2,11059200
1080,3,reference,671,1280,720,1920,1080,11.2886,12.1563,9.91744,1,1,0,0,2,11059200
1080,3,reference,672,1280,720,1920,1080,9.44435,10.4673,8.07526,1,1,0,0,2,11059200
1080,3,reference,673,1280,720,1920,1080,13.0714,14.1316,10.7837,1,1,0,0,2,11059200
1080,3,reference,674,1280,720,1920,1080,11.2148,12.4402,9.83962,1,1,0,0,2,11059200
1080,3,reference,675,1280,720,1920,1080,11.4934,12.4077,10.1151,1,1,0,0,2,11059200
1080,3,reference,676,1280,720,1920,1080,11.3408,12.3136,9.71059,1,1,0,0,2,11059200
1080,3,reference,677,1280,720,1920,1080,9.79866,10.9126,8.42547,1,1,0,0,2,11059200
1080,3,reference,678,1280,720,1920,1080,12.3873,13.3929,10.11,1,1,0,0,2,11059200
1080,3,reference,679,1280,720,1920,1080,11.0203,12.1556,9.64608,1,1,0,0,2,11059200
1080,3,reference,680,1280,720,1920,1080,9.98912,11.0202,8.61798,1,1,0,0,2,11059200
1080,3,reference,681,1280,720,1920,1080,12.5665,13.6187,11.1432,1,1,0,0,2,11059200
1080,3,reference,682,1280,720,1920,1080,11.4596,12.5027,9.8304,1,1,0,0,2,11059200
1080,3,reference,683,1280,720,1920,1080,11.0449,12.2566,9.66861,1,1,0,0,2,11059200
1080,3,reference,684,1280,720,1920,1080,11.2558,12.3593,9.88262,1,1,0,0,2,11059200
1080,3,reference,685,1280,720,1920,1080,11.3039,12.2603,9.9287,1,1,0,0,2,11059200
1080,3,reference,686,1280,720,1920,1080,11.4156,12.3806,10.0424,1,1,0,0,2,11059200
1080,3,reference,687,1280,720,1920,1080,10.9558,12.0731,9.58157,1,1,0,0,2,11059200
1080,3,reference,688,1280,720,1920,1080,11.2824,12.3868,9.90925,1,1,0,0,2,11059200
1080,3,reference,689,1280,720,1920,1080,11.3398,12.2729,9.96454,1,1,0,0,2,11059200
1080,3,reference,690,1280,720,1920,1080,11.4821,12.4586,10.1079,1,1,0,0,2,11059200
1080,3,reference,691,1280,720,1920,1080,11.4749,12.4468,10.0987,1,1,0,0,2,11059200
1080,3,reference,692,1280,720,1920,1080,11.52,12.5316,10.1448,1,1,0,0,2,11059200
1080,3,reference,693,1280,720,1920,1080,11.5077,12.469,10.1304,1,1,0,0,2,11059200
1080,3,reference,694,1280,720,1920,1080,11.4852,12.5759,10.112,1,1,0,0,2,11059200
1080,3,reference,695,1280,720,1920,1080,11.4719,12.4343,10.0956,1,1,0,0,2,11059200
1080,3,reference,696,1280,720,1920,1080,11.2333,12.2415,9.84166,1,1,0,0,2,11059200
1080,3,reference,697,1280,720,1920,1080,11.5057,12.449,10.1181,1,1,0,0,2,11059200
1080,3,reference,698,1280,720,1920,1080,11.3766,12.3227,9.98502,1,1,0,0,2,11059200
1080,3,reference,699,1280,720,1920,1080,11.3664,12.2692,9.98912,1,1,0,0,2,11059200
1080,3,reference,700,1280,720,1920,1080,11.3101,12.2528,9.93485,1,1,0,0,2,11059200
1080,3,reference,701,1280,720,1920,1080,11.349,12.3183,9.97274,1,1,0,0,2,11059200
1080,3,reference,702,1280,720,1920,1080,11.4473,12.4379,9.80787,1,1,0,0,2,11059200
1080,3,reference,703,1280,720,1920,1080,11.5599,12.6155,9.89286,1,1,0,0,2,11059200
1080,3,reference,704,1280,720,1920,1080,11.5005,12.5458,9.84883,1,1,0,0,2,11059200
1080,3,reference,705,1280,720,1920,1080,11.522,12.5682,9.87034,1,1,0,0,2,11059200
1080,3,reference,706,1280,720,1920,1080,11.4924,12.6242,9.8519,1,1,0,0,2,11059200
1080,3,reference,707,1280,720,1920,1080,11.3111,12.452,9.93587,1,1,0,0,2,11059200
1080,3,reference,708,1280,720,1920,1080,11.5067,12.4798,9.84781,1,1,0,0,2,11059200
1080,3,reference,709,1280,720,1920,1080,9.81504,10.7798,8.44186,1,1,0,0,2,11059200
1080,3,reference,710,1280,720,1920,1080,11.3183,12.311,9.76896,1,1,0,0,2,11059200
1080,3,reference,711,1280,720,1920,1080,11.3111,12.2338,9.93587,1,1,0,0,2,11059200
1080,3,reference,712,1280,720,1920,1080,11.3367,12.4427,9.9625,1,1,0,0,2,11059200
1080,3,reference,713,1280,720,1920,1080,11.2568,12.4985,9.88058,1,1,0,0,2,11059200
1080,3,reference,714,1280,720,1920,1080,11.1974,12.4335,9.82323,1,1,0,0,2,11059200
1080,3,reference,715,1280,720,1920,1080,11.2507,12.2994,9.87341,1,1,0,0,2,11059200
1080,3,reference,716,1280,720,1920,1080,11.2876,12.2534,9.91232,1,1,0,0,2,11059200
1080,3,reference,717,1280,720,1920,1080,11.2978,12.3479,9.92256,1,1,0,0,2,11059200
1080,3,reference,718,1280,720,1920,1080,11.1534,12.4355,9.78022,1,1,0,0,2,11059200
1080,3,reference,719,1280,720,1920,1080,11.3531,12.5035,9.97888,1,1,0,0,2,11059200
1080,3,reference,720,1280,720,1920,1080,11.3029,12.3397,9.93075,1,1,0,0,2,11059200
1080,3,reference,721,1280,720,1920,1080,11.3541,12.3398,9.96762,1,1,0,0,2,11059200
1080,3,reference,722,1280,720,1920,1080,11.0449,12.297,9.67066,1,1,0,0,2,11059200
1080,3,reference,723,1280,720,1920,1080,11.3398,12.4802,9.96557,1,1,0,0,2,11059200
1080,3,reference,724,1280,720,1920,1080,11.3142,12.2739,9.9328,1,1,0,0,2,11059200
1080,3,reference,725,1280,720,1920,1080,11.3172,12.2846,9.94099,1,1,0,0,2,11059200
1080,3,reference,726,1280,720,1920,1080,11.5046,12.4538,10.1315,1,1,0,0,2,11059200
1080,3,reference,727,1280,720,1920,1080,11.434,12.4961,10.0577,1,1,0,0,2,11059200
1080,3,reference,728,1280,720,1920,1080,11.5784,12.6775,9.94509,1,1,0,0,2,11059200
1080,3,reference,729,1280,720,1920,1080,11.2916,12.3304,9.91437,1,1,0,0,2,11059200
1080,3,reference,730,1280,720,1920,1080,11.5507,12.4823,9.90208,1,1,0,0,2,11059200
1080,3,reference,731,1280,720,1920,1080,11.5026,12.4661,10.1243,1,1,0,0,2,11059200
1080,3,reference,732,1280,720,1920,1080,11.3306,12.5146,9.9584,1,1,0,0,2,11059200
1080,3,reference,733,1280,720,1920,1080,11.3838,12.3511,10.0076,1,1,0,0,2,11059200
1080,3,reference,734,1280,720,1920,1080,11.5343,12.6027,10.1622,1,1,0,0,2,11059200
1080,3,reference,735,1280,720,1920,1080,11.1821,12.525,9.79558,1,1,0,0,2,11059200
1080,3,reference,736,1280,720,1920,1080,11.4545,12.57,10.0721,1,1,0,0,2,11059200
1080,3,reference,737,1280,720,1920,1080,11.4964,12.6411,10.1212,1,1,0,0,2,11059200
1080,3,reference,738,1280,720,1920,1080,11.305,12.3056,9.92973,1,1,0,0,2,11059200
1080,3,reference,739,1280,720,1920,1080,11.5057,12.6388,10.1284,1,1,0,0,2,11059200
1080,3,reference,740,1280,720,1920,1080,11.4063,12.387,10.0321,1,1,0,0,2,11059200
1080,3,reference,741,1280,720,1920,1080,11.307,12.2516,9.93178,1,1,0,0,2,11059200
1080,3,reference,742,1280,720,1920,1080,11.35,12.2671,9.97888,1,1,0,0,2,11059200
1080,3,reference,743,1280,720,1920,1080,11.4493,12.3878,10.0731,1,1,0,0,2,11059200
1080,3,reference,744,1280,720,1920,1080,11.5384,12.5557,10.1663,1,1,0,0,2,11059200
1080,3,reference,745,1280,720,1920,1080,11.006,12.1215,9.58157,1,1,0,0,2,11059200
1080,3,reference,746,1280,720,1920,1080,11.5784,12.6326,9.92154,1,1,0,0,2,11059200
1080,3,reference,747,1280,720,1920,1080,11.4872,12.4766,10.112,1,1,0,0,2,11059200
1080,3,reference,748,1280,720,1920,1080,11.5251,12.5718,10.153,1,1,0,0,2,11059200
1080,3,reference,749,1280,720,1920,1080,11.5169,12.6436,9.85088,1,1,0,0,2,11059200
1080,3,reference,750,1280,720,1920,1080,11.3674,12.4429,9.99424,1,1,0,0,2,11059200
1080,3,reference,751,1280,720,1920,1080,11.3469,12.3491,9.97069,1,1,0,0,2,11059200
1080,3,reference,752,1280,720,1920,1080,11.4002,12.4461,10.025,1,1,0,0,2,11059200
1080,3,reference,753,1280,720,1920,1080,11.2876,12.3057,9.72493,1,1,0,0,2,11059200
1080,3,reference,754,1280,720,1920,1080,11.3562,12.3296,9.98195,1,1,0,0,2,11059200
1080,3,reference,755,1280,720,1920,1080,11.4688,12.5887,9.84166,1,1,0,0,2,11059200
1080,3,reference,756,1280,720,1920,1080,11.3377,12.3044,9.96147,1,1,0,0,2,11059200
1080,3,reference,757,1280,720,1920,1080,11.4616,12.4553,9.82835,1,1,0,0,2,11059200
1080,3,reference,758,1280,720,1920,1080,11.3152,12.3019,9.94202,1,1,0,0,2,11059200
1080,3,reference,759,1280,720,1920,1080,11.5067,12.4749,9.87136,1,1,0,0,2,11059200
1080,3,reference,760,1280,720,1920,1080,11.4801,12.412,9.85498,1,1,0,0,2,11059200
1080,3,reference,761,1280,720,1920,1080,11.5016,12.5675,9.86931,1,1,0,0,2,11059200
1080,3,reference,762,1280,720,1920,1080,11.4432,12.5029,9.82016,1,1,0,0,2,11059200
1080,3,reference,763,1280,720,1920,1080,11.5528,12.5888,9.92154,1,1,0,0,2,11059200
1080,3,reference,764,1280,720,1920,1080,11.3091,12.3511,9.9369,1,1,0,0,2,11059200
1080,3,reference,765,1280,720,1920,1080,11.478,12.5034,9.85293,1,1,0,0,2,11059200
1080,3,reference,766,1280,720,1920,1080,11.4524,12.5047,9.81402,1,1,0,0,2,11059200
1080,3,reference,767,1280,720,1920,1080,11.3295,12.3786,9.95328,1,1,0,0,2,11059200
1080,3,reference,768,1280,720,1920,1080,11.2773,12.3565,9.90208,1,1,0,0,2,11059200
1080,3,reference,769,1280,720,1920,1080,11.5139,12.656,9.8857,1,1,0,0,2,11059200
1080,3,reference,770,1280,720,1920,1080,11.307,12.2924,9.9328,1,1,0,0,2,11059200
1080,3,reference,771,1280,720,1920,1080,11.4698,12.5282,9.84269,1,1,0,0,2,11059200
1080,3,reference,772,1280,720,1920,1080,11.2169,12.2088,9.84576,1,1,0,0,2,11059200
1080,3,reference,773,1280,720,1920,1080,11.2169,12.314,9.83757,1,1,0,0,2,11059200
1080,3,reference,774,1280,720,1920,1080,11.223,12.4002,9.80173,1,1,0,0,2,11059200
1080,3,reference,775,1280,720,1920,1080,11.2425,12.4206,9.86829,1,1,0,0,2,11059200
1080,3,reference,776,1280,720,1920,1080,11.0295,12.0802,9.6553,1,1,0,0,2,11059200
1080,3,reference,777,1280,720,1920,1080,11.3756,12.4944,8.74701,1,1,0,0,2,11059200
1080,3,reference,778,1280,720,1920,1080,11.3756,12.5722,10.0014,1,1,0,0,2,11059200
1080,3,reference,779,1280,720,1920,1080,11.2476,12.248,9.66963,1,1,0,0,2,11059200
1080,3,reference,780,1280,720,1920,1080,11.2189,12.389,9.84371,1,1,0,0,2,11059200
1080,3,reference,781,1280,720,1920,1080,11.4463,12.3716,10.0014,1,1,0,0,2,11059200
1080,3,reference,782,1280,720,1920,1080,11.6634,12.6214,10.0096,1,1,0,0,2,11059200
1080,3,reference,783,1280,720,1920,1080,11.2302,12.6196,9.85293,1,1,0,0,2,11059200
1080,3,reference,784,1280,720,1920,1080,11.2814,12.4536,9.9072,1,1,0,0,2,11059200
1080,3,reference,785,1280,720,1920,1080,11.3859,12.3824,10.0086,1,1,0,0,2,11059200
1080,3,reference,786,1280,720,1920,1080,11.0674,12.2226,9.68602,1,1,0,0,2,11059200
1080,3,reference,787,1280,720,1920,1080,11.3674,12.2916,9.99322,1,1,0,0,2,11059200
1080,3,reference,788,1280,720,1920,1080,11.2855,12.4983,9.91027,1,1,0,0,2,11059200
1080,3,reference,789,1280,720,1920,1080,11.348,12.2803,9.71366,1,1,0,0,2,11059200
1080,3,reference,790,1280,720,1920,1080,11.3592,12.4524,9.98502,1,1,0,0,2,11059200
1080,3,reference,791,1280,720,1920,1080,11.3172,12.3715,9.94099,1,1,0,0,2,11059200
1080,3,reference,792,1280,720,1920,1080,11.3193,12.3567,9.94611,1,1,0,0,2,11059200
1080,3,reference,793,1280,720,1920,1080,11.3152,12.3795,9.94099,1,1,0,0,2,11059200
1080,3,reference,794,1280,720,1920,1080,11.223,12.3792,9.84883,1,1,0,0,2,11059200
1080,3,reference,795,1280,720,1920,1080,11.0469,12.1439,9.67475,1,1,0,0,2,11059200
1080,3,reference,796,1280,720,1920,1080,11.5405,12.4492,10.1601,1,1,0,0,2,11059200
1080,3,reference,797,1280,720,1920,1080,11.3162,12.3719,9.92973,1,1,0,0,2,11059200
1080,3,reference,798,1280,720,1920,1080,11.3541,12.3935,9.9799,1,1,0,0,2,11059200
1080,3,reference,799,1280,720,1920,1080,10.9609,12.1347,9.58464,1,1,0,0,2,11059200
1080,3,reference,800,1280,720,1920,1080,11.4555,12.4537,10.0792,1,1,0,0,2,11059200
1080,3,reference,801,1280,720,1920,1080,11.2548,12.2554,9.87546,1,1,0,0,2,11059200
1080,3,reference,802,1280,720,1920,1080,11.4647,12.4588,10.0884,1,1,0,0,2,11059200
1080,3,reference,803,1280,720,1920,1080,11.4831,12.6141,10.1079,1,1,0,0,2,11059200
1080,3,reference,804,1280,720,1920,1080,11.3756,12.4485,10.0014,1,1,0,0,2,11059200
1080,3,reference,805,1280,720,1920,1080,11.2978,13.1097,9.92051,1,1,0,0,2,11059200
1080,3,reference,806,1280,720,1920,1080,9.8089,10.7769,8.43878,1,1,0,0,2,11059200
1080,3,reference,807,1280,720,1920,1080,12.3372,13.2125,10.9599,1,1,0,0,2,11059200
1080,3,reference,808,1280,720,1920,1080,10.0618,11.806,8.69171,1,1,0,0,2,11059200
1080,3,reference,809,1280,720,1920,1080,11.5763,12.5572,9.93587,1,1,0,0,2,11059200
1080,3,reference,810,1280,720,1920,1080,11.049,12.2218,9.63789,1,1,0,0,2,11059200
1080,3,reference,811,1280,720,1920,1080,11.4924,12.6532,10.1161,1,1,0,0,2,11059200
1080,3,reference,812,1280,720,1920,1080,11.5077,12.4489,9.85702,1,1,0,0,2,11059200
1080,3,reference,813,1280,720,1920,1080,11.5036,12.5139,9.85395,1,1,0,0,2,11059200
1080,3,reference,814,1280,720,1920,1080,11.4872,12.5067,9.84474,1,1,0,0,2,11059200
1080,3,reference,815,1280,720,1920,1080,11.4217,12.3646,9.77613,1,1,0,0,2,11059200
1080,3,reference,816,1280,720,1920,1080,11.3213,12.3961,9.75155,1,1,0,0,2,11059200
1080,3,reference,817,1280,720,1920,1080,11.3859,12.4366,10.0086,1,1,0,0,2,11059200
1080,3,reference,818,1280,720,1920,1080,11.2783,12.4744,9.90618,1,1,0,0,2,11059200
1080,3,reference,819,1280,720,1920,1080,11.3705,12.3024,9.99322,1,1,0,0,2,11059200
1080,3,reference,820,1280,720,1920,1080,11.3572,12.3684,9.7065,1,1,0,0,2,11059200
1080,3,reference,821,1280,720,1920,1080,11.3613,12.3337,9.67475,1,1,0,0,2,11059200
1080,3,reference,822,1280,720,1920,1080,11.2671,12.5662,9.89082,1,1,0,0,2,11059200
1080,3,reference,823,1280,720,1920,1080,11.4504,12.5781,9.7321,1,1,0,0,2,11059200
1080,3,reference,824,1280,720,1920,1080,11.3736,12.3607,9.69626,1,1,0,0,2,11059200
1080,3,reference,825,1280,720,1920,1080,11.3275,12.4175,9.6809,1,1,0,0,2,11059200
1080,3,reference,826,1280,720,1920,1080,11.2456,12.5649,9.87034,1,1,0,0,2,11059200
1080,3,reference,827,1280,720,1920,1080,11.351,12.5125,9.68397,1,1,0,0,2,11059200
1080,3,reference,828,1280,720,1920,1080,11.3582,12.3849,9.71571,1,1,0,0,2,11059200
1080,3,reference,829,1280,720,1920,1080,11.3633,12.3947,9.72083,1,1,0,0,2,11059200
1080,3,reference,830,1280,720,1920,1080,11.2148,12.5096,9.83962,1,1,0,0,2,11059200
1080,3,reference,831,1280,720,1920,1080,11.2947,12.4076,9.66042,1,1,0,0,2,11059200
1080,3,reference,832,1280,720,1920,1080,11.2118,12.5312,9.83654,1,1,0,0,2,11059200
1080,3,reference,833,1280,720,1920,1080,11.3674,12.3779,9.67987,1,1,0,0,2,11059200
1080,3,reference,834,1280,720,1920,1080,11.5446,12.4733,9.90106,1,1,0,0,2,11059200
1080,3,reference,835,1280,720,1920,1080,11.266,12.3662,9.71366,1,1,0,0,2,11059200
1080,3,reference,836,1280,720,1920,1080,11.3316,12.416,9.95738,1,1,0,0,2,11059200
1080,3,reference,837,1280,720,1920,1080,11.2507,12.4233,9.87546,1,1,0,0,2,11059200
1080,3,reference,838,1280,720,1920,1080,11.4545,12.4358,10.0792,1,1,0,0,2,11059200
1080,3,reference,839,1280,720,1920,1080,11.4442,12.483,9.87034,1,1,0,0,2,11059200
1080,3,reference,840,1280,720,1920,1080,11.2947,12.2756,9.92051,1,1,0,0,2,11059200
1080,3,reference,841,1280,720,1920,1080,11.5231,12.4697,9.94611,1,1,0,0,2,11059200
1080,3,reference,842,1280,720,1920,1080,11.4401,12.588,10.0639,1,1,0,0,2,11059200
1080,3,reference,843,1280,720,1920,1080,11.3039,12.3066,9.92256,1,1,0,0,2,11059200
1080,3,reference,844,1280,720,1920,1080,11.4698,12.4817,9.83552,1,1,0,0,2,11059200
1080,3,reference,845,1280,720,1920,1080,10.1847,11.2681,8.8105,1,1,0,0,2,11059200
1080,3,reference,846,1280,720,1920,1080,10.9455,12.8938,9.56928,1,1,0,0,2,11059200
1080,3,reference,847,1280,720,1920,1080,9.94918,10.8467,8.57805,1,1,0,0,2,11059200
1080,3,reference,848,1280,720,1920,1080,10.6435,13.3775,9.27232,1,1,0,0,2,11059200
1080,3,reference,849,1280,720,1920,1080,11.2701,12.2602,9.70752,1,1,0,0,2,11059200
1080,3,reference,850,1280,720,1920,1080,11.3009,12.2784,9.92563,1,1,0,0,2,11059200
1080,3,reference,851,1280,720,1920,1080,11.5436,12.5948,10.1652,1,1,0,0,2,11059200
1080,3,reference,852,1280,720,1920,1080,11.2978,12.3403,9.92256,1,1,0,0,2,11059200
1080,3,reference,853,1280,720,1920,1080,11.4483,12.4293,10.071,1,1,0,0,2,11059200
1080,3,reference,854,1280,720,1920,1080,11.5272,12.6456,10.1509,1,1,0,0,2,11059200
1080,3,reference,855,1280,720,1920,1080,11.351,12.295,9.8007,1,1,0,0,2,11059200
1080,3,reference,856,1280,720,1920,1080,12.1078,13.153,10.7203,1,1,0,0,2,11059200
1080,3,reference,857,1280,720,1920,1080,11.3408,12.3189,9.96454,1,1,0,0,2,11059200
1080,3,reference,858,1280,720,1920,1080,11.3848,12.3918,10.0106,1,1,0,0,2,11059200
1080,3,reference,859,1280,720,1920,1080,11.4371,12.4246,10.0567,1,1,0,0,2,11059200
1080,3,reference,860,1280,720,1920,1080,11.3418,12.3934,9.96557,1,1,0,0,2,11059200
1080,3,reference,861,1280,720,1920,1080,11.3213,12.3834,9.94304,1,1,0,0,2,11059200
1080,3,reference,862,1280,720,1920,1080,11.2845,12.2734,9.90925,1,1,0,0,2,11059200
1080,3,reference,863,1280,720,1920,1080,11.5405,12.6725,10.1632,1,1,0,0,2,11059200
1080,3,reference,864,1280,720,1920,1080,11.4063,12.5856,10.028,1,1,0,0,2,11059200
1080,3,reference,865,1280,720,1920,1080,11.5599,12.5751,10.1816,1,1,0,0,2,11059200
1080,3,reference,866,1280,720,1920,1080,11.3019,12.2455,9.73414,1,1,0,0,2,11059200
1080,3,reference,867,1280,720,1920,1080,11.2394,12.1566,9.86419,1,1,0,0,2,11059200
1080,3,reference,868,1280,720,1920,1080,11.4524,12.473,9.81914,1,1,0,0,2,11059200
1080,3,reference,869,1280,720,1920,1080,11.3132,12.3646,9.92051,1,1,0,0,2,11059200
1080,3,reference,870,1280,720,1920,1080,11.2169,12.1772,9.79866,1,1,0,0,2,11059200
1080,3,reference,871,1280,720,1920,1080,11.3121,12.2576,9.93485,1,1,0,0,2,11059200
1080,3,reference,872,1280,720,1920,1080,11.4586,12.4405,9.80992,1,1,0,0,2,11059200
1080,3,reference,873,1280,720,1920,1080,11.5589,12.5527,9.91027,1,1,0,0,2,11059200
1080,3,reference,874,1280,720,1920,1080,11.4811,12.5021,9.85498,1,1,0,0,2,11059200
1080,3,reference,875,1280,720,1920,1080,11.5292,12.5677,9.89696,1,1,0,0,2,11059200
1080,3,reference,876,1280,720,1920,1080,11.5241,12.4885,9.89184,1,1,0,0,2,11059200
1080,3,reference,877,1280,720,1920,1080,11.476,12.5649,9.84678,1,1,0,0,2,11059200
1080,3,reference,878,1280,720,1920,1080,11.5087,12.5518,9.97171,1,1,0,0,2,11059200
1080,3,reference,879,1280,720,1920,1080,11.2579,12.4087,9.8816,1,1,0,0,2,11059200
1080,3,reference,880,1280,720,1920,1080,11.5538,12.5133,9.8304,1,1,0,0,2,11059200
1080,3,reference,881,1280,720,1920,1080,11.3684,12.4781,9.99014,1,1,0,0,2,11059200
1080,3,reference,882,1280,720,1920,1080,11.52,12.5306,9.8816,1,1,0,0,2,11059200
1080,3,reference,883,1280,720,1920,1080,11.1012,12.2849,9.71981,1,1,0,0,2,11059200
1080,3,reference,884,1280,720,1920,1080,11.4248,12.336,9.81094,1,1,0,0,2,11059200
1080,3,reference,885,1280,720,1920,1080,11.5692,12.761,9.9369,1,1,0,0,2,11059200
1080,3,reference,886,1280,720,1920,1080,11.0879,12.08,9.71366,1,1,0,0,2,11059200
1080,3,reference,887,1280,720,1920,1080,11.3869,12.285,9.74029,1,1,0,0,2,11059200
1080,3,reference,888,1280,720,1920,1080,11.5098,12.5376,10.1356,1,1,0,0,2,11059200
1080,3,reference,889,1280,720,1920,1080,11.5108,12.4586,10.1315,1,1,0,0,2,11059200
1080,3,reference,890,1280,720,1920,1080,11.5057,12.5567,9.86829,1,1,0,0,2,11059200
1080,3,reference,891,1280,720,1920,1080,11.4883,12.4811,9.84576,1,1,0,0,2,11059200
1080,3,reference,892,1280,720,1920,1080,11.3992,12.3685,9.77101,1,1,0,0,2,11059200
1080,3,reference,893,1280,720,1920,1080,11.4862,12.6015,9.85293,1,1,0,0,2,11059200
1080,3,reference,894,1280,720,1920,1080,11.4668,12.4892,9.84064,1,1,0,0,2,11059200
1080,3,reference,895,1280,720,1920,1080,11.5016,12.5574,9.88672,1,1,0,0,2,11059200
1080,3,reference,896,1280,720,1920,1080,11.5261,12.6293,9.87955,1,1,0,0,2,11059200
1080,3,reference,897,1280,720,1920,1080,11.4555,12.4958,9.81709,1,1,0,0,2,11059200
1080,3,reference,898,1280,720,1920,1080,11.3336,12.4092,9.9584,1,1,0,0,2,11059200
1080,3,reference,899,1280,720,1920,1080,11.5313,12.5787,9.88877,1,1,0,0,2,11059200
1080,3,reference,900,1280,720,1920,1080,11.4575,12.6842,9.81402,1,1,0,0,2,11059200
1080,3,reference,901,1280,720,1920,1080,11.305,12.3189,9.9287,1,1,0,0,2,11059200
1080,3,reference,902,1280,720,1920,1080,11.5128,12.5646,9.8775,1,1,0,0,2,11059200
1080,3,reference,903,1280,720,1920,1080,11.3295,12.4445,9.95021,1,1,0,0,2,11059200
1080,3,reference,904,1280,720,1920,1080,11.5139,12.7773,10.1376,1,1,0,0,2,11059200
1080,3,reference,905,1280,720,1920,1080,11.6992,12.9635,10.324,1,1,0,0,2,11059200
1080,3,reference,906,1280,720,1920,1080,11.3377,12.3845,9.96352,1,1,0,0,2,11059200
1080,3,reference,907,1280,720,1920,1080,11.2886,12.3607,9.91027,1,1,0,0,2,11059200
1080,3,reference,908,1280,720,1920,1080,11.3203,12.2865,9.94202,1,1,0,0,2,11059200
1080,3,reference,909,1280,720,1920,1080,11.3664,12.2804,9.99322,1,1,0,0,2,11059200
1080,3,reference,910,1280,720,1920,1080,11.3418,12.2902,9.96454,1,1,0,0,2,11059200
1080,3,reference,911,1280,720,1920,1080,11.306,12.4528,9.9287,1,1,0,0,2,11059200
1080,3,reference,912,1280,720,1920,1080,11.5282,12.5438,10.1519,1,1,0,0,2,11059200
1080,3,reference,913,1280,720,1920,1080,11.4309,12.5259,10.0506,1,1,0,0,2,11059200
1080,3,reference,914,1280,720,1920,1080,11.3121,12.3163,9.9328,1,1,0,0,2,11059200
1080,3,reference,915,1280,720,1920,1080,11.3101,12.4541,9.93382,1,1,0,0,2,11059200
1080,3,reference,916,1280,720,1920,1080,11.5487,12.5446,9.88672,1,1,0,0,2,11059200
1080,3,reference,917,1280,720,1920,1080,11.4053,12.6281,10.026,1,1,0,0,2,11059200
1080,3,reference,918,1280,720,1920,1080,11.3459,12.3614,9.97069,1,1,0,0,2,11059200
1080,3,reference,919,1280,720,1920,1080,11.3224,12.3229,9.94304,1,1,0,0,2,11059200
1080,3,reference,920,1280,720,1920,1080,11.3336,12.2771,9.9584,1,1,0,0,2,11059200
1080,3,reference,921,1280,720,1920,1080,11.3377,12.3911,9.95942,1,1,0,0,2,11059200
1080,3,reference,922,1280,720,1920,1080,11.5364,12.6663,9.88979,1,1,0,0,2,11059200
1080,3,reference,923,1280,720,1920,1080,11.519,12.5962,9.89798,1,1,0,0,2,11059200
1080,3,reference,924,1280,720,1920,1080,11.3244,12.3635,9.94816,1,1,0,0,2,11059200
1080,3,reference,925,1280,720,1920,1080,11.3234,12.3415,9.94611,1,1,0,0,2,11059200
1080,3,reference,926,1280,720,1920,1080,11.5005,12.5076,9.85702,1,1,0,0,2,11059200
1080,3,reference,927,1280,720,1920,1080,11.305,12.5299,9.90208,1,1,0,0,2,11059200
1080,3,reference,928,1280,720,1920,1080,11.6623,12.5414,10.0352,1,1,0,0,2,11059200
1080,3,reference,929,1280,720,1920,1080,11.0746,12.2372,9.69318,1,1,0,0,2,11059200
1080,3,reference,930,1280,720,1920,1080,9.94304,10.9191,8.56883,1,1,0,0,2,11059200
1080,3,reference,931,1280,720,1920,1080,12.7846,13.8977,11.3848,1,1,0,0,2,11059200
1080,3,reference,932,1280,720,1920,1080,11.4371,12.5183,9.82221,1,1,0,0,2,11059200
1080,3,reference,933,1280,720,1920,1080,11.3265,12.4257,9.94714,1,1,0,0,2,11059200
1080,3,reference,934,1280,720,1920,1080,11.5108,12.5065,9.86931,1,1,0,0,2,11059200
1080,3,reference,935,1280,720,1920,1080,11.5118,12.588,9.86214,1,1,0,0,2,11059200
1080,3,reference,936,1280,720,1920,1080,11.264,12.2579,9.70957,1,1,0,0,2,11059200
1080,3,reference,937,1280,720,1920,1080,11.3623,12.3326,9.98298,1,1,0,0,2,11059200
1080,3,reference,938,1280,720,1920,1080,11.3408,12.248,9.96557,1,1,0,0,2,11059200
1080,3,reference,939,1280,720,1920,1080,11.3254,12.2692,9.68294,1,1,0,0,2,11059200
1080,3,reference,940,1280,720,1920,1080,11.6777,12.6755,10.0342,1,1,0,0,2,11059200
1080,3,reference,941,1280,720,1920,1080,11.3244,12.3093,9.76179,1,1,0,0,2,11059200
1080,3,reference,942,1280,720,1920,1080,11.2722,12.426,8.60774,1,1,0,0,2,11059200
1080,3,reference,943,1280,720,1920,1080,11.1606,12.1844,9.76486,1,1,0,0,2,11059200
1080,3,reference,944,1280,720,1920,1080,11.1155,12.1143,9.73926,1,1,0,0,2,11059200
1080,3,reference,945,1280,720,1920,1080,11.3644,12.4453,9.98605,1,1,0,0,2,11059200
1080,3,reference,946,1280,720,1920,1080,11.2394,12.1466,9.86112,1,1,0,0,2,11059200
1080,3,reference,947,1280,720,1920,1080,11.4115,12.4667,9.7833,1,1,0,0,2,11059200
1080,3,reference,948,1280,720,1920,1080,11.6623,12.6372,9.90106,1,1,0,0,2,11059200
1080,3,reference,949,1280,720,1920,1080,11.1555,12.4308,9.7792,1,1,0,0,2,11059200
1080,3,reference,950,1280,720,1920,1080,11.0838,12.522,9.7065,1,1,0,0,2,11059200
1080,3,reference,951,1280,720,1920,1080,11.0305,12.3467,9.65427,1,1,0,0,2,11059200
1080,3,reference,952,1280,720,1920,1080,11.0541,12.3501,9.67782,1,1,0,0,2,11059200
1080,3,reference,953,1280,720,1920,1080,11.3521,12.3147,9.6727,1,1,0,0,2,11059200
1080,3,reference,954,1280,720,1920,1080,11.3029,12.583,9.92563,1,1,0,0,2,11059200
1080,3,reference,955,1280,720,1920,1080,11.2947,12.5666,9.91949,1,1,0,0,2,11059200
1080,3,reference,956,1280,720,1920,1080,11.4975,12.4881,10.11,1,1,0,0,2,11059200
1080,3,reference,957,1280,720,1920,1080,11.519,12.5418,9.88467,1,1,0,0,2,11059200
1080,3,reference,958,1280,720,1920,1080,11.1084,12.4157,9.73414,1,1,0,0,2,11059200
1080,3,reference,959,1280,720,1920,1080,11.3725,12.4712,9.99526,1,1,0,0,2,11059200
1080,3,reference,960,1280,720,1920,1080,11.3254,12.5,9.94714,1,1,0,0,2,11059200
1080,3,reference,961,1280,720,1920,1080,11.563,12.5026,10.1847,1,1,0,0,2,11059200
1080,3,reference,962,1280,720,1920,1080,11.3367,12.2807,9.68499,1,1,0,0,2,11059200
1080,3,reference,963,1280,720,1920,1080,11.0868,12.5369,9.70854,1,1,0,0,2,11059200
1080,3,reference,964,1280,720,1920,1080,11.4422,12.5169,9.78125,1,1,0,0,2,11059200
1080,3,reference,965,1280,720,1920,1080,11.3961,12.3499,9.728,1,1,0,0,2,11059200
1080,3,reference,966,1280,720,1920,1080,11.1852,12.5835,9.80685,1,1,0,0,2,11059200
1080,3,reference,967,1280,720,1920,1080,17.6978,18.7662,16.127,1,1,0,0,2,11059200
1080,3,reference,968,1280,720,1920,1080,11.4043,12.412,10.0291,1,1,0,0,2,11059200
1080,3,reference,969,1280,720,1920,1080,11.5384,12.4617,9.93485,1,1,0,0,2,11059200
1080,3,reference,970,1280,720,1920,1080,11.4237,12.3983,10.0495,1,1,0,0,2,11059200
1080,3,reference,971,1280,720,1920,1080,11.3869,12.3625,9.96454,1,1,0,0,2,11059200
1080,3,reference,972,1280,720,1920,1080,11.5569,12.4746,9.88979,1,1,0,0,2,11059200
1080,3,reference,973,1280,720,1920,1080,11.0449,12.2135,9.66451,1,1,0,0,2,11059200
1080,3,reference,974,1280,720,1920,1080,11.4616,12.4619,10.0874,1,1,0,0,2,11059200
1080,3,reference,975,1280,720,1920,1080,11.5067,12.4506,9.84371,1,1,0,0,2,11059200
1080,3,reference,976,1280,720,1920,1080,11.5579,12.495,9.89491,1,1,0,0,2,11059200
1080,3,reference,977,1280,720,1920,1080,11.5425,12.6169,9.8857,1,1,0,0,2,11059200
1080,3,reference,978,1280,720,1920,1080,11.5425,12.5575,9.88467,1,1,0,0,2,11059200
1080,3,reference,979,1280,720,1920,1080,11.522,12.4519,9.8775,1,1,0,0,2,11059200
1080,3,reference,980,1280,720,1920,1080,11.5108,12.4337,9.88262,1,1,0,0,2,11059200
1080,3,reference,981,1280,720,1920,1080,11.4688,12.4022,9.83654,1,1,0,0,2,11059200
1080,3,reference,982,1280,720,1920,1080,11.5323,12.5804,9.89798,1,1,0,0,2,11059200
1080,3,reference,983,1280,720,1920,1080,11.5128,12.607,9.87034,1,1,0,0,2,11059200
1080,3,reference,984,1280,720,1920,1080,11.5743,12.5298,9.9328,1,1,0,0,2,11059200
1080,3,reference,985,1280,720,1920,1080,11.518,12.6013,9.88262,1,1,0,0,2,11059200
1080,3,reference,986,1280,720,1920,1080,11.3347,12.444,9.95942,1,1,0,0,2,11059200
1080,3,reference,987,1280,720,1920,1080,11.3469,12.3252,9.96762,1,1,0,0,2,11059200
1080,3,reference,988,1280,720,1920,1080,11.4299,12.4403,9.87546,1,1,0,0,2,11059200
1080,3,reference,989,1280,720,1920,1080,11.4524,12.4331,10.071,1,1,0,0,2,11059200
1080,3,reference,990,1280,720,1920,1080,11.5507,12.6775,9.90925,1,1,0,0,2,11059200
1080,3,reference,991,1280,720,1920,1080,11.3418,12.298,9.96352,1,1,0,0,2,11059200
1080,3,reference,992,1280,720,1920,1080,11.434,12.4359,9.79149,1,1,0,0,2,11059200
1080,3,reference,993,1280,720,1920,1080,11.5087,12.523,9.8601,1,1,0,0,2,11059200
1080,3,reference,994,1280,720,1920,1080,11.3009,12.3043,9.92358,1,1,0,0,2,11059200
1080,3,reference,995,1280,720,1920,1080,11.5364,12.5194,9.88672,1,1,0,0,2,11059200
1080,3,reference,996,1280,720,1920,1080,11.436,12.4923,9.87238,1,1,0,0,2,11059200
1080,3,reference,997,1280,720,1920,1080,11.5046,12.7247,10.1263,1,1,0,0,2,11059200
1080,3,reference,998,1280,720,1920,1080,11.2589,12.2738,8.59648,1,1,0,0,2,11059200
1080,3,reference,999,1280,720,1920,1080,11.5272,12.4304,9.89082,1,1,0,0,2,11059200
1080,3,reference,1000,1280,720,1920,1080,11.6296,12.7581,9.97171,1,1,0,0,2,11059200
1080,3,reference,1001,1280,720,1920,1080,11.3142,12.3392,9.93485,1,1,0,0,2,11059200
1080,3,reference,1002,1280,720,1920,1080,11.3316,12.31,9.95533,1,1,0,0,2,11059200
1080,3,reference,1003,1280,720,1920,1080,11.4985,12.4315,9.85702,1,1,0,0,2,11059200
1080,3,reference,1004,1280,720,1920,1080,11.5026,12.4811,9.85702,1,1,0,0,2,11059200
1080,3,reference,1005,1280,720,1920,1080,11.5917,12.7456,9.94202,1,1,0,0,2,11059200
1080,3,reference,1006,1280,720,1920,1080,11.349,12.5005,9.97274,1,1,0,0,2,11059200
1080,3,reference,1007,1280,720,1920,1080,11.3541,12.3589,9.97478,1,1,0,0,2,11059200
1080,3,reference,1008,1280,720,1920,1080,11.3275,12.3079,9.95226,1,1,0,0,2,11059200
1080,3,reference,1009,1280,720,1920,1080,11.4811,12.4491,9.81299,1,1,0,0,2,11059200
1080,3,reference,1010,1280,720,1920,1080,11.6132,12.7008,9.8775,1,1,0,0,2,11059200
1080,3,reference,1011,1280,720,1920,1080,11.3224,12.3655,9.94406,1,1,0,0,2,11059200
1080,3,reference,1012,1280,720,1920,1080,11.5466,12.5695,9.90003,1,1,0,0,2,11059200
1080,3,reference,1013,1280,720,1920,1080,11.2118,12.2395,9.82938,1,1,0,0,2,11059200
1080,3,reference,1014,1280,720,1920,1080,11.6152,12.5282,9.99936,1,1,0,0,2,11059200
1080,3,reference,1015,1280,720,1920,1080,11.4104,12.3797,9.85293,1,1,0,0,2,11059200
1080,3,reference,1016,1280,720,1920,1080,11.521,12.7061,10.1427,1,1,0,0,2,11059200
1080,3,reference,1017,1280,720,1920,1080,11.607,12.5584,9.92666,1,1,0,0,2,11059200
1080,3,reference,1018,1280,720,1920,1080,11.2251,12.2566,9.8519,1,1,0,0,2,11059200
1080,3,reference,1019,1280,720,1920,1080,11.5139,12.4693,10.1356,1,1,0,0,2,11059200
1080,3,reference,1020,1280,720,1920,1080,11.5763,12.5423,9.92154,1,1,0,0,2,11059200
1080,3,reference,1021,1280,720,1920,1080,11.4811,12.5218,9.82733,1,1,0,0,2,11059200
1080,3,reference,1022,1280,720,1920,1080,11.6255,12.6003,9.95738,1,1,0,0,2,11059200
1080,3,reference,1023,1280,720,1920,1080,11.5671,12.546,9.90413,1,1,0,0,2,11059200
1080,3,reference,1024,1280,720,1920,1080,11.3541,12.2787,9.97581,1,1,0,0,2,11059200
1080,3,reference,1025,1280,720,1920,1080,11.5046,12.5338,9.84883,1,1,0,0,2,11059200
1080,3,reference,1026,1280,720,1920,1080,11.5446,12.5183,9.89798,1,1,0,0,2,11059200
1080,3,reference,1027,1280,720,1920,1080,11.5139,12.5717,9.84986,1,1,0,0,2,11059200
1080,3,reference,1028,1280,720,1920,1080,11.5681,12.6311,9.92666,1,1,0,0,2,11059200
1080,3,reference,1029,1280,720,1920,1080,11.3521,12.3379,9.97069,1,1,0,0,2,11059200
1080,3,reference,1030,1280,720,1920,1080,11.5466,12.4959,9.89286,1,1,0,0,2,11059200
1080,3,reference,1031,1280,720,1920,1080,11.4575,12.4949,10.0762,1,1,0,0,2,11059200
1080,3,reference,1032,1280,720,1920,1080,11.5067,12.5935,9.85702,1,1,0,0,2,11059200
1080,3,reference,1033,1280,720,1920,1080,11.3613,12.5233,9.97888,1,1,0,0,2,11059200
1080,3,reference,1034,1280,720,1920,1080,11.3357,12.4371,9.95738,1,1,0,0,2,11059200
1080,3,reference,1035,1280,720,1920,1080,11.5272,12.4928,9.87853,1,1,0,0,2,11059200
1080,3,reference,1036,1280,720,1920,1080,11.5743,12.6658,9.92461,1,1,0,0,2,11059200
1080,3,reference,1037,1280,720,1920,1080,11.3234,12.3019,9.94304,1,1,0,0,2,11059200
1080,3,reference,1038,1280,720,1920,1080,11.5261,12.6143,10.1489,1,1,0,0,2,11059200
1080,3,reference,1039,1280,720,1920,1080,11.3684,12.4999,9.9881,1,1,0,0,2,11059200
1080,3,reference,1040,1280,720,1920,1080,11.3439,12.3968,9.96557,1,1,0,0,2,11059200
1080,3,reference,1041,1280,720,1920,1080,11.3582,12.4458,9.97683,1,1,0,0,2,11059200
1080,3,reference,1042,1280,720,1920,1080,11.3132,12.2722,9.93587,1,1,0,0,2,11059200
1080,3,reference,1043,1280,720,1920,1080,11.3633,12.3744,9.984,1,1,0,0,2,11059200
1080,3,reference,1044,1280,720,1920,1080,11.5528,12.6312,9.9031,1,1,0,0,2,11059200
1080,3,reference,1045,1280,720,1920,1080,11.3213,12.3401,9.93997,1,1,0,0,2,11059200
1080,3,reference,1046,1280,720,1920,1080,11.5128,12.5477,9.87955,1,1,0,0,2,11059200
1080,3,reference,1047,1280,720,1920,1080,11.4135,12.4008,10.0342,1,1,0,0,2,11059200
1080,3,reference,1048,1280,720,1920,1080,11.3234,12.3115,9.94714,1,1,0,0,2,11059200
1080,3,reference,1049,1280,720,1920,1080,11.5528,12.6449,9.90618,1,1,0,0,2,11059200
1080,3,reference,1050,1280,720,1920,1080,11.5169,12.5527,9.86112,1,1,0,0,2,11059200
1080,3,reference,1051,1280,720,1920,1080,11.5026,12.5281,9.8519,1,1,0,0,2,11059200
1080,3,reference,1052,1280,720,1920,1080,11.4842,12.4659,9.84371,1,1,0,0,2,11059200
1080,3,reference,1053,1280,720,1920,1080,11.5743,12.7709,9.91642,1,1,0,0,2,11059200
1080,3,reference,1054,1280,720,1920,1080,11.3613,12.3343,9.98502,1,1,0,0,2,11059200
1080,3,reference,1055,1280,720,1920,1080,11.3377,12.304,9.95738,1,1,0,0,2,11059200
1080,3,reference,1056,1280,720,1920,1080,11.4862,12.4233,9.84474,1,1,0,0,2,11059200
1080,3,reference,1057,1280,720,1920,1080,11.1247,12.2611,9.70752,1,1,0,0,2,11059200
1080,3,reference,1058,1280,720,1920,1080,11.6531,12.6486,10.0157,1,1,0,0,2,11059200
1080,3,reference,1059,1280,720,1920,1080,9.78739,10.7644,8.40806,1,1,0,0,2,11059200
1080,3,reference,1060,1280,720,1920,1080,12.5225,13.6426,11.092,1,1,0,0,2,11059200
1080,3,reference,1061,1280,720,1920,1080,11.1319,12.1957,9.75053,1,1,0,0,2,11059200
1080,3,reference,1062,1280,720,1920,1080,11.3603,12.3474,9.98195,1,1,0,0,2,11059200
1080,3,reference,1063,1280,720,1920,1080,11.4084,12.4192,8.77466,1,1,0,0,2,11059200
1080,3,reference,1064,1280,720,1920,1080,11.1483,12.3089,9.77101,1,1,0,0,2,11059200
1080,3,reference,1065,1280,720,1920,1080,11.5835,12.5816,9.99219,1,1,0,0,2,11059200
1080,3,reference,1066,1280,720,1920,1080,11.3254,12.4039,9.94714,1,1,0,0,2,11059200
1080,3,reference,1067,1280,720,1920,1080,11.3091,12.7038,9.92768,1,1,0,0,2,11059200
1080,3,reference,1068,1280,720,1920,1080,11.3777,12.3446,9.73722,1,1,0,0,2,11059200
1080,3,reference,1069,1280,720,1920,1080,11.6941,12.76,10.0352,1,1,0,0,2,11059200
1080,3,reference,1070,1280,720,1920,1080,11.3838,12.5444,9.70752,1,1,0,0,2,11059200
1080,3,reference,1071,1280,720,1920,1080,11.3398,12.3764,9.69011,1,1,0,0,2,11059200
1080,3,reference,1072,1280,720,1920,1080,11.5599,12.7828,9.89491,1,1,0,0,2,11059200
1080,3,reference,1073,1280,720,1920,1080,11.5476,12.4979,9.90106,1,1,0,0,2,11059200
1080,3,reference,1074,1280,720,1920,1080,11.6398,12.9911,9.91334,1,1,0,0,2,11059200
1080,3,reference,1075,1280,720,1920,1080,11.3951,12.4333,10.0147,1,1,0,0,2,11059200
1080,3,reference,1076,1280,720,1920,1080,11.3592,12.5453,9.97888,1,1,0,0,2,11059200
1080,3,reference,1077,1280,720,1920,1080,11.5251,12.8308,9.84986,1,1,0,0,2,11059200
1080,3,reference,1078,1280,720,1920,1080,11.4094,12.3507,10.0301,1,1,0,0,2,11059200
1080,3,reference,1079,1280,720,1920,1080,11.522,12.8214,10.1417,1,1,0,0,2,11059200
1080,3,reference,1080,1280,720,1920,1080,11.5948,12.8048,10.2175,1,1,0,0,2,11059200
1080,3,reference,1081,1280,720,1920,1080,11.3818,12.4258,10.0024,1,1,0,0,2,11059200
1080,3,reference,1082,1280,720,1920,1080,11.3603,12.4779,9.98298,1,1,0,0,2,11059200
1080,3,reference,1083,1280,720,1920,1080,11.3736,12.4616,9.99117,1,1,0,0,2,11059200
1080,3,reference,1084,1280,720,1920,1080,11.2835,12.5574,9.90515,1,1,0,0,2,11059200
1080,3,reference,1085,1280,720,1920,1080,11.3213,12.3685,9.93792,1,1,0,0,2,11059200
1080,3,reference,1086,1280,720,1920,1080,11.5784,12.6957,10.198,1,1,0,0,2,11059200
1080,3,reference,1087,1280,720,1920,1080,11.3336,12.378,9.9543,1,1,0,0,2,11059200
1080,3,reference,1088,1280,720,1920,1080,11.3582,12.3439,9.98093,1,1,0,0,2,11059200
1080,3,reference,1089,1280,720,1920,1080,11.3787,12.4369,9.99936,1,1,0,0,2,11059200
1080,3,reference,1090,1280,720,1920,1080,11.3766,12.4749,9.99731,1,1,0,0,2,11059200
1080,3,reference,1091,1280,720,1920,1080,11.5538,12.6724,10.1704,1,1,0,0,2,11059200
1080,3,reference,1092,1280,720,1920,1080,11.3347,12.4215,9.95635,1,1,0,0,2,11059200
1080,3,reference,1093,1280,720,1920,1080,11.4043,12.4802,10.0229,1,1,0,0,2,11059200
1080,3,reference,1094,1280,720,1920,1080,11.3664,12.3273,9.99014,1,1,0,0,2,11059200
1080,3,reference,1095,1280,720,1920,1080,11.4954,12.4361,10.113,1,1,0,0,2,11059200
1080,3,reference,1096,1280,720,1920,1080,11.3572,12.3553,9.97786,1,1,0,0,2,11059200
1080,3,reference,1097,1280,720,1920,1080,11.5569,12.5602,10.1724,1,1,0,0,2,11059200
1080,3,reference,1098,1280,720,1920,1080,11.477,12.4681,10.0987,1,1,0,0,2,11059200
1080,3,reference,1099,1280,720,1920,1080,11.4217,12.8806,10.0403,1,1,0,0,2,11059200
1080,3,reference,1100,1280,720,1920,1080,11.3623,12.4506,9.98605,1,1,0,0,2,11059200
1080,3,reference,1101,1280,720,1920,1080,11.2957,12.2664,9.91437,1,1,0,0,2,11059200
1080,3,reference,1102,1280,720,1920,1080,11.3449,12.3246,9.96659,1,1,0,0,2,11059200
1080,3,reference,1103,1280,720,1920,1080,11.522,12.5411,10.1376,1,1,0,0,2,11059200
1080,3,reference,1104,1280,720,1920,1080,11.5681,12.6824,10.1898,1,1,0,0,2,11059200
1080,3,reference,1105,1280,720,1920,1080,11.3388,12.402,9.9543,1,1,0,0,2,11059200
1080,3,reference,1106,1280,720,1920,1080,11.1575,12.261,9.76282,1,1,0,0,2,11059200
1080,3,reference,1107,1280,720,1920,1080,11.4063,12.2992,9.76589,1,1,0,0,2,11059200
1080,3,reference,1108,1280,720,1920,1080,11.3142,12.2135,9.7577,1,1,0,0,2,11059200
1080,3,reference,1109,1280,720,1920,1080,11.5599,12.8761,10.1775,1,1,0,0,2,11059200
1080,3,reference,1110,1280,720,1920,1080,11.4606,12.4547,9.87136,1,1,0,0,2,11059200
1080,3,reference,1111,1280,720,1920,1080,11.5589,12.4452,9.97478,1,1,0,0,2,11059200
1080,3,reference,1112,1280,720,1920,1080,11.561,12.6565,10.1591,1,1,0,0,2,11059200
1080,3,reference,1113,1280,720,1920,1080,11.3613,12.2507,9.72595,1,1,0,0,2,11059200
1080,3,reference,1114,1280,720,1920,1080,11.5743,12.5046,10.196,1,1,0,0,2,11059200
1080,3,reference,1115,1280,720,1920,1080,11.5159,12.5246,10.1356,1,1,0,0,2,11059200
1080,3,reference,1116,1280,720,1920,1080,11.6326,12.5976,10.2533,1,1,0,0,2,11059200
1080,3,reference,1117,1280,720,1920,1080,11.5046,12.4907,10.1212,1,1,0,0,2,11059200
1080,3,reference,1118,1280,720,1920,1080,11.5118,12.5008,10.1304,1,1,0,0,2,11059200
1080,3,reference,1119,1280,720,1920,1080,11.262,12.3266,9.87955,1,1,0,0,2,11059200
1080,3,reference,1120,1280,720,1920,1080,11.4534,12.4202,10.0741,1,1,0,0,2,11059200
1080,3,reference,1121,1280,720,1920,1080,11.4831,12.4595,10.0997,1,1,0,0,2,11059200
1080,3,reference,1122,1280,720,1920,1080,11.5364,12.5129,10.156,1,1,0,0,2,11059200
1080,3,reference,1123,1280,720,1920,1080,11.3531,12.4266,9.96966,1,1,0,0,2,11059200
1080,3,reference,1124,1280,720,1920,1080,11.3449,12.4031,9.96454,1,1,0,0,2,11059200
1080,3,reference,1125,1280,720,1920,1080,11.306,12.2934,9.92358,1,1,0,0,2,11059200
1080,3,reference,1126,1280,720,1920,1080,11.3428,12.4583,9.96352,1,1,0,0,2,11059200
1080,3,reference,1127,1280,720,1920,1080,11.1053,13.0367,9.7239,1,1,0,0,2,11059200
1080,3,reference,1128,1280,720,1920,1080,9.97171,10.9462,8.59136,1,1,0,0,2,11059200
1080,3,reference,1129,1280,720,1920,1080,12.7212,13.7407,11.2876,1,1,0,0,2,11059200
1080,3,reference,1130,1280,720,1920,1080,11.8333,12.8442,10.1816,1,1,0,0,2,11059200
1080,3,reference,1131,1280,720,1920,1080,11.3684,12.3088,9.99014,1,1,0,0,2,11059200
1080,3,reference,1132,1280,720,1920,1080,11.5169,12.5271,10.1396,1,1,0,0,2,11059200
1080,3,reference,1133,1280,720,1920,1080,11.5231,12.5734,10.1407,1,1,0,0,2,11059200
1080,3,reference,1134,1280,720,1920,1080,11.5415,12.5503,10.1612,1,1,0,0,2,11059200
1080,3,reference,1135,1280,720,1920,1080,11.3838,12.3029,9.74336,1,1,0,0,2,11059200
1080,3,reference,1136,1280,720,1920,1080,11.5128,12.4586,10.1325,1,1,0,0,2,11059200
1080,3,reference,1137,1280,720,1920,1080,11.5005,12.4588,10.1192,1,1,0,0,2,11059200
1080,3,reference,1138,1280,720,1920,1080,11.5098,12.4787,10.1294,1,1,0,0,2,11059200
1080,3,reference,1139,1280,720,1920,1080,11.4821,12.5899,10.0977,1,1,0,0,2,11059200
1080,3,reference,1140,1280,720,1920,1080,11.5415,12.7076,10.1632,1,1,0,0,2,11059200
1080,3,reference,1141,1280,720,1920,1080,11.3357,12.4608,9.95328,1,1,0,0,2,11059200
1080,3,reference,1142,1280,720,1920,1080,11.3439,12.3291,9.96352,1,1,0,0,2,11059200
1080,3,reference,1143,1280,720,1920,1080,11.3295,12.3736,9.94611,1,1,0,0,2,11059200
1080,3,reference,1144,1280,720,1920,1080,11.3777,12.367,10.0004,1,1,0,0,2,11059200
1080,3,reference,1145,1280,720,1920,1080,11.3684,12.456,9.98605,1,1,0,0,2,11059200
1080,3,reference,1146,1280,720,1920,1080,11.522,12.4203,10.1417,1,1,0,0,2,11059200
1080,3,reference,1147,1280,720,1920,1080,11.522,12.4968,10.1366,1,1,0,0,2,11059200
1080,3,reference,1148,1280,720,1920,1080,11.5374,12.4425,10.1581,1,1,0,0,2,11059200
1080,3,reference,1149,1280,720,1920,1080,11.4913,12.4548,10.112,1,1,0,0,2,11059200
1080,3,reference,1150,1280,720,1920,1080,11.3111,12.2327,9.93075,1,1,0,0,2,11059200
1080,3,reference,1151,1280,720,1920,1080,9.84474,10.8177,8.46336,1,1,0,0,2,11059200
1080,3,reference,1152,1280,720,1920,1080,11.6019,12.4855,10.2226,1,1,0,0,2,11059200
1080,3,reference,1153,1280,720,1920,1080,12.67,13.7716,10.0055,1,1,0,0,2,11059200
1080,3,reference,1154,1280,720,1920,1080,11.394,12.3421,10.0137,1,1,0,0,2,11059200
1080,3,reference,1155,1280,720,1920,1080,11.2159,12.2534,9.8345,1,1,0,0,2,11059200
1080,3,reference,1156,1280,720,1920,1080,11.4493,12.3215,10.069,1,1,0,0,2,11059200
1080,3,reference,1157,1280,720,1920,1080,11.2855,12.2967,9.74029,1,1,0,0,2,11059200
1080,3,reference,1158,1280,720,1920,1080,11.4678,12.4848,10.0895,1,1,0,0,2,11059200
1080,3,reference,1159,1280,720,1920,1080,11.4616,12.4742,9.74643,1,1,0,0,2,11059200
1080,3,reference,1160,1280,720,1920,1080,11.4156,12.5145,9.76691,1,1,0,0,2,11059200
1080,3,reference,1161,1280,720,1920,1080,11.3695,12.3457,9.71776,1,1,0,0,2,11059200
1080,3,reference,1162,1280,720,1920,1080,11.3316,12.3379,9.68704,1,1,0,0,2,11059200
1080,3,reference,1163,1280,720,1920,1080,11.6388,12.5936,9.9881,1,1,0,0,2,11059200
1080,3,reference,1164,1280,720,1920,1080,11.3725,12.3459,9.71674,1,1,0,0,2,11059200
1080,3,reference,1165,1280,720,1920,1080,11.3398,12.3621,9.70342,1,1,0,0,2,11059200
1080,3,reference,1166,1280,720,1920,1080,11.5825,12.5566,10.0147,1,1,0,0,2,11059200
1080,3,reference,1167,1280,720,1920,1080,11.3162,12.337,9.93382,1,1,0,0,2,11059200
1080,3,reference,1168,1280,720,1920,1080,11.4196,12.3819,9.77306,1,1,0,0,2,11059200
1080,3,reference,1169,1280,720,1920,1080,11.604,12.5431,9.9584,1,1,0,0,2,11059200
1080,3,reference,1170,1280,720,1920,1080,11.3142,12.5115,9.77203,1,1,0,0,2,11059200
1080,3,reference,1171,1280,720,1920,1080,11.3408,12.2862,9.95942,1,1,0,0,2,11059200
1080,3,reference,1172,1280,720,1920,1080,10.1202,11.3178,8.74394,1,1,0,0,2,11059200
1080,3,reference,1173,1280,720,1920,1080,9.36448,12.1203,7.98515,1,1,0,0,2,11059200
1080,3,reference,1174,1280,720,1920,1080,11.1268,12.2474,9.75155,1,1,0,0,2,11059200
1080,3,reference,1175,1280,720,1920,1080,11.3285,12.3499,9.95021,1,1,0,0,2,11059200
1080,3,reference,1176,1280,720,1920,1080,11.3183,12.321,9.94202,1,1,0,0,2,11059200
1080,3,reference,1177,1280,720,1920,1080,11.3306,12.2806,9.94611,1,1,0,0,2,11059200
1080,3,reference,1178,1280,720,1920,1080,11.52,12.4921,10.1417,1,1,0,0,2,11059200
1080,3,reference,1179,1280,720,1920,1080,11.5026,12.6347,10.1212,1,1,0,0,2,11059200
1080,3,reference,1180,1280,720,1920,1080,11.6439,12.6043,10.2543,1,1,0,0,2,11059200
1080,3,reference,1181,1280,720,1920,1080,11.3531,12.4066,9.97069,1,1,0,0,2,11059200
1080,3,reference,1182,1280,720,1920,1080,11.4975,12.6838,10.1202,1,1,0,0,2,11059200
1080,3,reference,1183,1280,720,1920,1080,11.4954,12.6715,10.114,1,1,0,0,2,11059200
1080,3,reference,1184,1280,720,1920,1080,11.3306,12.4168,9.95533,1,1,0,0,2,11059200
1080,3,reference,1185,1280,720,1920,1080,11.3285,12.3358,9.94714,1,1,0,0,2,11059200
1080,3,reference,1186,1280,720,1920,1080,11.3992,12.4674,10.0229,1,1,0,0,2,11059200
1080,3,reference,1187,1280,720,1920,1080,11.3654,12.3603,9.98605,1,1,0,0,2,11059200
1080,3,reference,1188,1280,720,1920,1080,11.349,12.3157,9.97069,1,1,0,0,2,11059200
1080,3,reference,1189,1280,720,1920,1080,9.97376,10.9034,8.59443,1,1,0,0,2,11059200
1080,3,reference,1190,1280,720,1920,1080,12.5297,13.747,11.1483,1,1,0,0,2,11059200
1080,3,reference,1191,1280,720,1920,1080,11.5456,12.468,10.1642,1,1,0,0,2,11059200
1080,3,reference,1192,1280,720,1920,1080,11.5108,12.4557,10.1222,1,1,0,0,2,11059200
1080,3,reference,1193,1280,720,1920,1080,11.4719,12.5278,10.0915,1,1,0,0,2,11059200
1080,3,reference,1194,1280,720,1920,1080,11.3377,12.3236,9.96147,1,1,0,0,2,11059200
1080,3,reference,1195,1280,720,1920,1080,11.4565,12.4307,10.0588,1,1,0,0,2,11059200
1080,3,reference,1196,1280,720,1920,1080,9.85395,10.86,8.47974,1,1,0,0,2,11059200
1080,3,reference,1197,1280,720,1920,1080,11.3531,12.258,9.77203,1,1,0,0,2,11059200
1080,3,reference,1198,1280,720,1920,1080,12.4887,13.621,11.095,1,1,0,0,2,11059200
1080,3,reference,1199,1280,720,1920,1080,12.0013,13.1746,10.326,1,1,0,0,2,11059200
1080,3,candidate,300,1280,720,1920,1080,11.1534,12.2401,9.77715,1,1,0,0,0,0
1080,3,candidate,301,1280,720,1920,1080,11.262,12.1175,9.88774,1,1,0,0,0,0
1080,3,candidate,302,1280,720,1920,1080,11.3879,12.3302,9.77715,1,1,0,0,0,0
1080,3,candidate,303,1280,720,1920,1080,11.3654,12.3448,9.74643,1,1,0,0,0,0
1080,3,candidate,304,1280,720,1920,1080,11.2947,12.2302,9.91949,1,1,0,0,0,0
1080,3,candidate,305,1280,720,1920,1080,11.4739,12.4631,10.0977,1,1,0,0,0,0
1080,3,candidate,306,1280,720,1920,1080,11.478,12.4171,10.1028,1,1,0,0,0,0
1080,3,candidate,307,1280,720,1920,1080,11.4719,12.4664,10.0936,1,1,0,0,0,0
1080,3,candidate,308,1280,720,1920,1080,11.4524,12.3715,10.0772,1,1,0,0,0,0
1080,3,candidate,309,1280,720,1920,1080,11.4975,12.3927,10.1222,1,1,0,0,0,0
1080,3,candidate,310,1280,720,1920,1080,11.2845,12.2467,9.90925,1,1,0,0,0,0
1080,3,candidate,311,1280,720,1920,1080,9.74131,10.687,8.3671,1,1,0,0,0,0
1080,3,candidate,312,1280,720,1920,1080,12.6577,13.7855,11.2497,1,1,0,0,0,0
1080,3,candidate,313,1280,720,1920,1080,11.5855,12.6532,9.95738,1,1,0,0,0,0
1080,3,candidate,314,1280,720,1920,1080,11.3756,12.361,9.99117,1,1,0,0,0,0
1080,3,candidate,315,1280,720,1920,1080,9.90003,10.8695,8.5248,1,1,0,0,0,0
1080,3,candidate,316,1280,720,1920,1080,11.3029,12.261,9.92768,1,1,0,0,0,0
1080,3,candidate,317,1280,720,1920,1080,11.1811,12.3466,9.75667,1,1,0,0,0,0
1080,3,candidate,318,1280,720,1920,1080,11.1626,12.2637,9.78739,1,1,0,0,0,0
1080,3,candidate,319,1280,720,1920,1080,11.3275,12.2685,9.95328,1,1,0,0,0,0
1080,3,candidate,320,1280,720,1920,1080,11.2855,12.3767,9.91027,1,1,0,0,0,0
1080,3,candidate,321,1280,720,1920,1080,10.8892,12.0096,9.51194,1,1,0,0,0,0
1080,3,candidate,322,1280,720,1920,1080,11.2609,12.2151,9.88672,1,1,0,0,0,0
1080,3,candidate,323,1280,720,1920,1080,11.734,12.6856,10.1796,1,1,0,0,0,0
1080,3,candidate,324,1280,720,1920,1080,11.4514,12.4134,9.82938,1,1,0,0,0,0
1080,3,candidate,325,1280,720,1920,1080,11.3121,12.3322,9.93587,1,1,0,0,0,0
1080,3,candidate,326,1280,720,1920,1080,11.4964,12.4388,10.1181,1,1,0,0,0,0
1080,3,candidate,327,1280,720,1920,1080,11.4678,12.3967,10.0936,1,1,0,0,0,0
1080,3,candidate,328,1280,720,1920,1080,11.2855,12.2118,9.90618,1,1,0,0,0,0
1080,3,candidate,329,1280,720,1920,1080,11.3203,12.3456,9.94202,1,1,0,0,0,0
1080,3,candidate,330,1280,720,1920,1080,11.5282,12.5584,9.88467,1,1,0,0,0,0
1080,3,candidate,331,1280,720,1920,1080,11.2916,12.3009,9.91539,1,1,0,0,0,0
1080,3,candidate,332,1280,720,1920,1080,11.5036,12.4741,9.85702,1,1,0,0,0,0
1080,3,candidate,333,1280,720,1920,1080,11.2742,12.4408,9.89594,1,1,0,0,0,0
1080,3,candidate,334,1280,720,1920,1080,11.4739,12.4543,9.8345,1,1,0,0,0,0
1080,3,candidate,335,1280,720,1920,1080,11.3121,12.5046,9.9369,1,1,0,0,0,0
1080,3,candidate,336,1280,720,1920,1080,11.6081,12.6869,9.97069,1,1,0,0,0,0
1080,3,candidate,337,1280,720,1920,1080,11.308,12.3365,9.93075,1,1,0,0,0,0
1080,3,candidate,338,1280,720,1920,1080,11.2927,12.4096,9.91539,1,1,0,0,0,0
1080,3,candidate,339,1280,720,1920,1080,11.2794,12.3398,9.90413,1,1,0,0,0,0
1080,3,candidate,340,1280,720,1920,1080,11.4452,12.4476,9.81299,1,1,0,0,0,0
1080,3,candidate,341,1280,720,1920,1080,11.2773,12.2378,9.90003,1,1,0,0,0,0
1080,3,candidate,342,1280,720,1920,1080,11.4719,12.5082,9.83654,1,1,0,0,0,0
1080,3,candidate,343,1280,720,1920,1080,11.4319,12.4466,9.79251,1,1,0,0,0,0
1080,3,candidate,344,1280,720,1920,1080,11.1503,12.3482,9.77715,1,1,0,0,0,0
1080,3,candidate,345,1280,720,1920,1080,11.1811,12.2381,9.8048,1,1,0,0,0,0
1080,3,candidate,346,1280,720,1920,1080,11.3142,12.3964,9.93792,1,1,0,0,0,0
1080,3,candidate,347,1280,720,1920,1080,11.9101,12.9594,10.5216,1,1,0,0,0,0
1080,3,candidate,348,1280,720,1920,1080,11.4616,12.4587,9.8263,1,1,0,0,0,0
1080,3,candidate,349,1280,720,1920,1080,11.5323,12.5403,9.89286,1,1,0,0,0,0
1080,3,candidate,350,1280,720,1920,1080,11.4596,12.7479,9.82426,1,1,0,0,0,0
1080,3,candidate,351,1280,720,1920,1080,11.3121,12.4597,9.93587,1,1,0,0,0,0
1080,3,candidate,352,1280,720,1920,1080,11.3203,12.3943,9.94202,1,1,0,0,0,0
1080,3,candidate,353,1280,720,1920,1080,11.2957,12.3882,9.91949,1,1,0,0,0,0
1080,3,candidate,354,1280,720,1920,1080,11.5579,12.7227,9.89594,1,1,0,0,0,0
1080,3,candidate,355,1280,720,1920,1080,11.3654,12.3504,9.9881,1,1,0,0,0,0
1080,3,candidate,356,1280,720,1920,1080,11.1811,12.2585,9.8048,1,1,0,0,0,0
1080,3,candidate,357,1280,720,1920,1080,11.4872,12.6061,10.113,1,1,0,0,0,0
1080,3,candidate,358,1280,720,1920,1080,11.3357,12.2965,9.9584,1,1,0,0,0,0
1080,3,candidate,359,1280,720,1920,1080,11.2916,12.3796,9.91437,1,1,0,0,0,0
1080,3,candidate,360,1280,720,1920,1080,11.4883,12.4973,9.82426,1,1,0,0,0,0
1080,3,candidate,361,1280,720,1920,1080,11.4678,12.4844,9.82733,1,1,0,0,0,0
1080,3,candidate,362,1280,720,1920,1080,11.4442,12.5226,9.8007,1,1,0,0,0,0
1080,3,candidate,363,1280,720,1920,1080,11.4852,12.4242,9.84166,1,1,0,0,0,0
1080,3,candidate,364,1280,720,1920,1080,11.5169,12.6241,9.86829,1,1,0,0,0,0
1080,3,candidate,365,1280,720,1920,1080,11.5118,12.6552,9.84576,1,1,0,0,0,0
1080,3,candidate,366,1280,720,1920,1080,11.3019,12.4186,9.92666,1,1,0,0,0,0
1080,3,candidate,367,1280,720,1920,1080,11.3644,12.3454,9.99117,1,1,0,0,0,0
1080,3,candidate,368,1280,720,1920,1080,11.2835,12.3201,9.91027,1,1,0,0,0,0
1080,3,candidate,369,1280,720,1920,1080,11.2886,12.322,9.9113,1,1,0,0,0,0
1080,3,candidate,370,1280,720,1920,1080,11.394,12.3813,9.85293,1,1,0,0,0,0
1080,3,candidate,371,1280,720,1920,1080,11.4463,12.5547,10.068,1,1,0,0,0,0
1080,3,candidate,372,1280,720,1920,1080,11.305,12.3201,9.9287,1,1,0,0,0,0
1080,3,candidate,373,1280,720,1920,1080,11.5395,12.5209,9.90208,1,1,0,0,0,0
1080,3,candidate,374,1280,720,1920,1080,11.4371,12.4364,9.8007,1,1,0,0,0,0
1080,3,candidate,375,1280,720,1920,1080,11.3469,12.423,9.71059,1,1,0,0,0,0
1080,3,candidate,376,1280,720,1920,1080,11.52,12.6057,9.88058,1,1,0,0,0,0
1080,3,candidate,377,1280,720,1920,1080,11.5169,12.4795,9.88365,1,1,0,0,0,0
1080,3,candidate,378,1280,720,1920,1080,11.4524,12.5421,9.81709,1,1,0,0,0,0
1080,3,candidate,379,1280,720,1920,1080,11.4821,12.4894,9.84371,1,1,0,0,0,0
1080,3,candidate,380,1280,720,1920,1080,11.4186,12.4436,9.78125,1,1,0,0,0,0
1080,3,candidate,381,1280,720,1920,1080,11.5139,12.5998,9.87853,1,1,0,0,0,0
1080,3,candidate,382,1280,720,1920,1080,11.4883,12.5054,9.85498,1,1,0,0,0,0
1080,3,candidate,383,1280,720,1920,1080,11.4883,12.482,9.84883,1,1,0,0,0,0
1080,3,candidate,384,1280,720,1920,1080,11.4596,12.6085,9.82118,1,1,0,0,0,0
1080,3,candidate,385,1280,720,1920,1080,11.2189,12.1673,9.84474,1,1,0,0,0,0
1080,3,candidate,386,1280,720,1920,1080,11.4842,12.4652,9.82835,1,1,0,0,0,0
1080,3,candidate,387,1280,720,1920,1080,11.4995,12.6182,9.86317,1,1,0,0,0,0
1080,3,candidate,388,1280,720,1920,1080,11.4903,12.503,9.85395,1,1,0,0,0,0
1080,3,candidate,389,1280,720,1920,1080,11.6296,12.8532,9.90515,1,1,0,0,0,0
1080,3,candidate,390,1280,720,1920,1080,11.2701,12.2468,9.89491,1,1,0,0,0,0
1080,3,candidate,391,1280,720,1920,1080,11.518,12.4713,9.87546,1,1,0,0,0,0
1080,3,candidate,392,1280,720,1920,1080,11.4831,12.6101,9.84781,1,1,0,0,0,0
1080,3,candidate,393,1280,720,1920,1080,11.2251,12.396,9.82323,1,1,0,0,0,0
1080,3,candidate,394,1280,720,1920,1080,11.3951,12.2988,9.86112,1,1,0,0,0,0
1080,3,candidate,395,1280,720,1920,1080,11.3695,12.2695,9.99322,1,1,0,0,0,0
1080,3,candidate,396,1280,720,1920,1080,11.5466,12.5116,9.77408,1,1,0,0,0,0
1080,3,candidate,397,1280,720,1920,1080,11.2753,12.262,9.69728,1,1,0,0,0,0
1080,3,candidate,398,1280,720,1920,1080,11.262,12.1952,9.88877,1,1,0,0,0,0
1080,3,candidate,399,1280,720,1920,1080,11.2292,12.3908,9.85088,1,1,0,0,0,0
1080,3,candidate,400,1280,720,1920,1080,11.0838,12.1188,9.70957,1,1,0,0,0,0
1080,3,candidate,401,1280,720,1920,1080,11.3009,12.2642,9.92154,1,1,0,0,0,0
1080,3,candidate,402,1280,720,1920,1080,11.0848,12.2326,9.71059,1,1,0,0,0,0
1080,3,candidate,403,1280,720,1920,1080,11.2374,12.5065,9.86112,1,1,0,0,0,0
1080,3,candidate,404,1280,720,1920,1080,11.1145,12.2988,9.73926,1,1,0,0,0,0
1080,3,candidate,405,1280,720,1920,1080,11.4043,12.4243,10.027,1,1,0,0,0,0
1080,3,candidate,406,1280,720,1920,1080,11.0264,12.1439,9.65018,1,1,0,0,0,0
1080,3,candidate,407,1280,720,1920,1080,11.4985,12.3772,10.1233,1,1,0,0,0,0
1080,3,candidate,408,1280,720,1920,1080,11.0111,12.0972,9.63482,1,1,0,0,0,0
1080,3,candidate,409,1280,720,1920,1080,11.3777,12.3114,10.0024,1,1,0,0,0,0
1080,3,candidate,410,1280,720,1920,1080,11.3183,12.2665,9.69933,1,1,0,0,0,0
1080,3,candidate,411,1280,720,1920,1080,11.2712,12.1569,9.89389,1,1,0,0,0,0
1080,3,candidate,412,1280,720,1920,1080,11.4934,12.5087,10.1181,1,1,0,0,0,0
1080,3,candidate,413,1280,720,1920,1080,11.4381,12.5613,10.0628,1,1,0,0,0,0
1080,3,candidate,414,1280,720,1920,1080,11.35,12.3009,9.97274,1,1,0,0,0,0
1080,3,candidate,415,1280,720,1920,1080,12.1754,13.0859,10.6168,1,1,0,0,0,0
1080,3,candidate,416,1280,720,1920,1080,11.3623,12.3917,9.73414,1,1,0,0,0,0
1080,3,candidate,417,1280,720,1920,1080,11.2876,12.2128,9.67373,1,1,0,0,0,0
1080,3,candidate,418,1280,720,1920,1080,11.266,12.244,9.89082,1,1,0,0,0,0
1080,3,candidate,419,1280,720,1920,1080,11.4514,12.4752,10.0751,1,1,0,0,0,0
1080,3,candidate,420,1280,720,1920,1080,11.4156,12.4705,10.0383,1,1,0,0,0,0
1080,3,candidate,421,1280,720,1920,1080,11.5087,12.5372,10.1304,1,1,0,0,0,0
1080,3,candidate,422,1280,720,1920,1080,12.2716,13.486,10.8882,1,1,0,0,0,0
1080,3,candidate,423,1280,720,1920,1080,11.4371,12.3948,10.0536,1,1,0,0,0,0
1080,3,candidate,424,1280,720,1920,1080,11.0039,12.297,9.58362,1,1,0,0,0,0
1080,3,candidate,425,1280,720,1920,1080,11.4586,12.4224,10.0669,1,1,0,0,0,0
1080,3,candidate,426,1280,720,1920,1080,11.4309,12.4414,10.0444,1,1,0,0,0,0
1080,3,candidate,427,1280,720,1920,1080,11.2937,12.3604,9.91642,1,1,0,0,0,0
1080,3,candidate,428,1280,720,1920,1080,11.2681,12.4551,9.89594,1,1,0,0,0,0
1080,3,candidate,429,1280,720,1920,1080,11.2804,12.3692,9.90822,1,1,0,0,0,0
1080,3,candidate,430,1280,720,1920,1080,11.305,12.336,9.9287,1,1,0,0,0,0
1080,3,candidate,431,1280,720,1920,1080,11.4104,12.4668,10.0362,1,1,0,0,0,0
1080,3,candidate,432,1280,720,1920,1080,11.4575,12.3939,10.0823,1,1,0,0,0,0
1080,3,candidate,433,1280,720,1920,1080,11.4309,12.4182,10.0567,1,1,0,0,0,0
1080,3,candidate,434,1280,720,1920,1080,11.5476,12.5899,10.1734,1,1,0,0,0,0
1080,3,candidate,435,1280,720,1920,1080,11.3961,12.4795,10.0219,1,1,0,0,0,0
1080,3,candidate,436,1280,720,1920,1080,11.3879,12.4825,10.0116,1,1,0,0,0,0
1080,3,candidate,437,1280,720,1920,1080,11.3152,12.5106,9.94099,1,1,0,0,0,0
1080,3,candidate,438,1280,720,1920,1080,11.3562,12.4057,9.98298,1,1,0,0,0,0
1080,3,candidate,439,1280,720,1920,1080,11.263,12.2907,9.88774,1,1,0,0,0,0
1080,3,candidate,440,1280,720,1920,1080,11.4381,12.4643,10.0618,1,1,0,0,0,0
1080,3,candidate,441,1280,720,1920,1080,11.435,12.3997,10.0608,1,1,0,0,0,0
1080,3,candidate,442,1280,720,1920,1080,11.4729,12.4633,10.0946,1,1,0,0,0,0
1080,3,candidate,443,1280,720,1920,1080,11.2292,12.7674,9.85395,1,1,0,0,0,0
1080,3,candidate,444,1280,720,1920,1080,11.2712,12.3656,9.89696,1,1,0,0,0,0
1080,3,candidate,445,1280,720,1920,1080,11.4309,12.4679,10.0567,1,1,0,0,0,0
1080,3,candidate,446,1280,720,1920,1080,11.4883,12.6137,10.112,1,1,0,0,0,0
1080,3,candidate,447,1280,720,1920,1080,11.3551,12.3455,9.9799,1,1,0,0,0,0
1080,3,candidate,448,1280,720,1920,1080,11.4104,12.3943,10.0342,1,1,0,0,0,0
1080,3,candidate,449,1280,720,1920,1080,11.4053,12.4701,10.0291,1,1,0,0,0,0
1080,3,candidate,450,1280,720,1920,1080,11.5804,12.5793,10.2062,1,1,0,0,0,0
1080,3,candidate,451,1280,720,1920,1080,11.4063,12.3512,10.0332,1,1,0,0,0,0
1080,3,candidate,452,1280,720,1920,1080,11.4493,12.6849,10.071,1,1,0,0,0,0
1080,3,candidate,453,1280,720,1920,1080,11.4749,12.581,10.0997,1,1,0,0,0,0
1080,3,candidate,454,1280,720,1920,1080,11.2425,12.4095,9.86829,1,1,0,0,0,0
1080,3,candidate,455,1280,720,1920,1080,11.5057,12.639,10.1315,1,1,0,0,0,0
1080,3,candidate,456,1280,720,1920,1080,11.2773,12.2788,9.90106,1,1,0,0,0,0
1080,3,candidate,457,1280,720,1920,1080,11.2783,12.2831,9.90208,1,1,0,0,0,0
1080,3,candidate,458,1280,720,1920,1080,11.5548,12.5316,10.1786,1,1,0,0,0,0
1080,3,candidate,459,1280,720,1920,1080,11.4985,12.4966,10.1243,1,1,0,0,0,0
1080,3,candidate,460,1280,720,1920,1080,11.221,12.23,9.84576,1,1,0,0,0,0
1080,3,candidate,461,1280,720,1920,1080,11.3623,12.3624,9.98605,1,1,0,0,0,0
1080,3,candidate,462,1280,720,1920,1080,9.76179,10.7203,8.39066,1,1,0,0,0,0
1080,3,candidate,463,1280,720,1920,1080,12.5256,13.5783,11.1329,1,1,0,0,0,0
1080,3,candidate,464,1280,720,1920,1080,11.8518,12.7878,10.2011,1,1,0,0,0,0
1080,3,candidate,465,1280,720,1920,1080,11.2609,12.1776,9.88467,1,1,0,0,0,0
1080,3,candidate,466,1280,720,1920,1080,11.4186,12.35,9.7833,1,1,0,0,0,0
1080,3,candidate,467,1280,720,1920,1080,11.4412,12.3947,9.81914,1,1,0,0,0,0
1080,3,candidate,468,1280,720,1920,1080,11.433,12.3448,9.80173,1,1,0,0,0,0
1080,3,candidate,469,1280,720,1920,1080,11.1749,12.1827,9.63789,1,1,0,0,0,0
1080,3,candidate,470,1280,720,1920,1080,11.5323,12.7447,10.156,1,1,0,0,0,0
1080,3,candidate,471,1280,720,1920,1080,11.52,12.5351,9.87341,1,1,0,0,0,0
1080,3,candidate,472,1280,720,1920,1080,11.5558,12.6791,9.89389,1,1,0,0,0,0
1080,3,candidate,473,1280,720,1920,1080,11.307,12.2875,9.65222,1,1,0,0,0,0
1080,3,candidate,474,1280,720,1920,1080,11.3029,12.3185,9.64403,1,1,0,0,0,0
1080,3,candidate,475,1280,720,1920,1080,11.3572,12.3138,9.70035,1,1,0,0,0,0
1080,3,candidate,476,1280,720,1920,1080,11.3183,12.4228,9.67475,1,1,0,0,0,0
1080,3,candidate,477,1280,720,1920,1080,11.2251,12.2828,9.67373,1,1,0,0,0,0
1080,3,candidate,478,1280,720,1920,1080,12.0709,13.4397,10.4376,1,1,0,0,0,0
1080,3,candidate,479,1280,720,1920,1080,11.4924,12.437,9.81299,1,1,0,0,0,0
1080,3,candidate,480,1280,720,1920,1080,11.4555,12.7662,9.79251,1,1,0,0,0,0
1080,3,candidate,481,1280,720,1920,1080,11.4043,12.4268,10.0168,1,1,0,0,0,0
1080,3,candidate,482,1280,720,1920,1080,11.3582,12.3287,9.9799,1,1,0,0,0,0
1080,3,candidate,483,1280,720,1920,1080,11.2835,12.2503,9.9072,1,1,0,0,0,0
1080,3,candidate,484,1280,720,1920,1080,11.4698,12.533,9.82426,1,1,0,0,0,0
1080,3,candidate,485,1280,720,1920,1080,11.5354,12.5798,9.88672,1,1,0,0,0,0
1080,3,candidate,486,1280,720,1920,1080,12.119,13.1219,10.7325,1,1,0,0,0,0
1080,3,candidate,487,1280,720,1920,1080,11.3111,12.2936,9.9369,1,1,0,0,0,0
1080,3,candidate,488,1280,720,1920,1080,11.3193,12.2835,9.94304,1,1,0,0,0,0
1080,3,candidate,489,1280,720,1920,1080,11.4739,12.4215,9.8048,1,1,0,0,0,0
1080,3,candidate,490,1280,720,1920,1080,11.2507,12.2413,9.87546,1,1,0,0,0,0
1080,3,candidate,491,1280,720,1920,1080,11.351,12.3524,9.97581,1,1,0,0,0,0
1080,3,candidate,492,1280,720,1920,1080,11.4852,12.5343,9.85088,1,1,0,0,0,0
1080,3,candidate,493,1280,720,1920,1080,11.349,12.2788,9.82118,1,1,0,0,0,0
1080,3,candidate,494,1280,720,1920,1080,11.0387,12.2122,9.66246,1,1,0,0,0,0
1080,3,candidate,495,1280,720,1920,1080,11.1913,12.2949,9.81914,1,1,0,0,0,0
1080,3,candidate,496,1280,720,1920,1080,10.9087,11.8959,9.53344,1,1,0,0,0,0
1080,3,candidate,497,1280,720,1920,1080,11.2876,12.2072,9.91232,1,1,0,0,0,0
1080,3,candidate,498,1280,720,1920,1080,11.3121,12.2437,9.93792,1,1,0,0,0,0
1080,3,candidate,499,1280,720,1920,1080,11.3838,12.2782,9.75872,1,1,0,0,0,0
1080,3,candidate,500,1280,720,1920,1080,11.0705,12.558,9.69523,1,1,0,0,0,0
1080,3,candidate,501,1280,720,1920,1080,11.1841,12.28,9.80787,1,1,0,0,0,0
1080,3,candidate,502,1280,720,1920,1080,9.94918,10.9453,8.57395,1,1,0,0,0,0
1080,3,candidate,503,1280,720,1920,1080,12.4447,13.3852,11.0244,1,1,0,0,0,0
1080,3,candidate,504,1280,720,1920,1080,11.6736,12.5446,10.0424,1,1,0,0,0,0
1080,3,candidate,505,1280,720,1920,1080,11.3326,12.343,9.94611,1,1,0,0,0,0
1080,3,candidate,506,1280,720,1920,1080,11.3132,12.2341,9.93178,1,1,0,0,0,0
1080,3,candidate,507,1280,720,1920,1080,11.0531,12.1832,9.67066,1,1,0,0,0,0
1080,3,candidate,508,1280,720,1920,1080,11.1483,12.285,9.7751,1,1,0,0,0,0
1080,3,candidate,509,1280,720,1920,1080,11.6152,12.512,9.98605,1,1,0,0,0,0
1080,3,candidate,510,1280,720,1920,1080,11.2538,12.1868,9.69626,1,1,0,0,0,0
1080,3,candidate,511,1280,720,1920,1080,11.3398,12.2048,9.96659,1,1,0,0,0,0
1080,3,candidate,512,1280,720,1920,1080,11.4452,12.4006,9.81914,1,1,0,0,0,0
1080,3,candidate,513,1280,720,1920,1080,9.87341,10.8649,8.50227,1,1,0,0,0,0
1080,3,candidate,514,1280,720,1920,1080,11.3746,12.362,9.99936,1,1,0,0,0,0
1080,3,candidate,515,1280,720,1920,1080,9.91232,10.8113,8.54118,1,1,0,0,0,0
1080,3,candidate,516,1280,720,1920,1080,12.7744,13.891,11.3848,1,1,0,0,0,0
1080,3,candidate,517,1280,720,1920,1080,10.9691,12.045,9.59488,1,1,0,0,0,0
1080,3,candidate,518,1280,720,1920,1080,11.22,12.2996,9.84474,1,1,0,0,0,0
1080,3,candidate,519,1280,720,1920,1080,11.0602,12.2337,9.6809,1,1,0,0,0,0
1080,3,candidate,520,1280,720,1920,1080,11.3828,12.2363,10.0096,1,1,0,0,0,0
1080,3,candidate,521,1280,720,1920,1080,11.3285,12.2756,9.9543,1,1,0,0,0,0
1080,3,candidate,522,1280,720,1920,1080,11.5057,12.4787,10.1284,1,1,0,0,0,0
1080,3,candidate,523,1280,720,1920,1080,11.4278,12.6551,10.0506,1,1,0,0,0,0
1080,3,candidate,524,1280,720,1920,1080,11.3029,12.3688,9.92666,1,1,0,0,0,0
1080,3,candidate,525,1280,720,1920,1080,11.4872,12.4534,10.11,1,1,0,0,0,0
1080,3,candidate,526,1280,720,1920,1080,11.394,12.4239,10.0178,1,1,0,0,0,0
1080,3,candidate,527,1280,720,1920,1080,11.5476,12.6051,10.1724,1,1,0,0,0,0
1080,3,candidate,528,1280,720,1920,1080,11.4698,12.398,10.0946,1,1,0,0,0,0
1080,3,candidate,529,1280,720,1920,1080,11.4401,12.4356,10.0628,1,1,0,0,0,0
1080,3,candidate,530,1280,720,1920,1080,11.5098,12.7004,10.1325,1,1,0,0,0,0
1080,3,candidate,531,1280,720,1920,1080,11.2968,12.5818,9.92358,1,1,0,0,0,0
1080,3,candidate,532,1280,720,1920,1080,11.2896,12.2907,9.91437,1,1,0,0,0,0
1080,3,candidate,533,1280,720,1920,1080,11.2712,12.3414,9.89491,1,1,0,0,0,0
1080,3,candidate,534,1280,720,1920,1080,11.0705,12.1046,9.67782,1,1,0,0,0,0
1080,3,candidate,535,1280,720,1920,1080,11.5866,12.5011,10.2113,1,1,0,0,0,0
1080,3,candidate,536,1280,720,1920,1080,11.4319,12.3994,10.0557,1,1,0,0,0,0
1080,3,candidate,537,1280,720,1920,1080,11.2896,12.2923,9.91539,1,1,0,0,0,0
1080,3,candidate,538,1280,720,1920,1080,11.2589,12.2397,9.88262,1,1,0,0,0,0
1080,3,candidate,539,1280,720,1920,1080,11.3388,12.3462,9.96454,1,1,0,0,0,0
1080,3,candidate,540,1280,720,1920,1080,11.5456,12.9203,9.89798,1,1,0,0,0,0
1080,3,candidate,541,1280,720,1920,1080,11.3121,12.3479,9.93587,1,1,0,0,0,0
1080,3,candidate,542,1280,720,1920,1080,11.2497,12.2269,9.87546,1,1,0,0,0,0
1080,3,candidate,543,1280,720,1920,1080,11.2783,12.2164,9.90106,1,1,0,0,0,0
1080,3,candidate,544,1280,720,1920,1080,11.3162,12.3099,9.67475,1,1,0,0,0,0
1080,3,candidate,545,1280,720,1920,1080,11.4514,12.4869,9.80275,1,1,0,0,0,0
1080,3,candidate,546,1280,720,1920,1080,11.3521,12.3758,9.71162,1,1,0,0,0,0
1080,3,candidate,547,1280,720,1920,1080,11.2927,12.2652,9.65427,1,1,0,0,0,0
1080,3,candidate,548,1280,720,1920,1080,11.2507,12.2293,9.61229,1,1,0,0,0,0
1080,3,candidate,549,1280,720,1920,1080,11.2865,12.6454,9.91232,1,1,0,0,0,0
1080,3,candidate,550,1280,720,1920,1080,11.306,12.49,9.66144,1,1,0,0,0,0
1080,3,candidate,551,1280,720,1920,1080,11.2845,12.2916,9.64608,1,1,0,0,0,0
1080,3,candidate,552,1280,720,1920,1080,11.2497,12.5777,9.87648,1,1,0,0,0,0
1080,3,candidate,553,1280,720,1920,1080,11.2364,12.3939,9.86112,1,1,0,0,0,0
1080,3,candidate,554,1280,720,1920,1080,11.2722,12.2108,9.89696,1,1,0,0,0,0
1080,3,candidate,555,1280,720,1920,1080,11.2579,12.1875,9.6215,1,1,0,0,0,0
1080,3,candidate,556,1280,720,1920,1080,11.2323,12.3809,9.66758,1,1,0,0,0,0
1080,3,candidate,557,1280,720,1920,1080,11.3828,12.4721,10.0106,1,1,0,0,0,0
1080,3,candidate,558,1280,720,1920,1080,11.4442,12.4785,10.0659,1,1,0,0,0,0
1080,3,candidate,559,1280,720,1920,1080,11.2906,12.3733,9.91744,1,1,0,0,0,0
1080,3,candidate,560,1280,720,1920,1080,11.0377,12.2671,9.66349,1,1,0,0,0,0
1080,3,candidate,561,1280,720,1920,1080,11.0776,12.3837,9.7024,1,1,0,0,0,0
1080,3,candidate,562,1280,720,1920,1080,11.1227,12.3238,9.74643,1,1,0,0,0,0
1080,3,candidate,563,1280,720,1920,1080,11.4186,12.5309,10.0413,1,1,0,0,0,0
1080,3,candidate,564,1280,720,1920,1080,11.2876,12.2788,9.9113,1,1,0,0,0,0
1080,3,candidate,565,1280,720,1920,1080,11.0551,12.1564,9.67987,1,1,0,0,0,0
1080,3,candidate,566,1280,720,1920,1080,11.6009,12.5715,10.2113,1,1,0,0,0,0
1080,3,candidate,567,1280,720,1920,1080,11.5333,12.5139,10.1468,1,1,0,0,0,0
1080,3,candidate,568,1280,720,1920,1080,10.0229,11.0028,8.64358,1,1,0,0,0,0
1080,3,candidate,569,1280,720,1920,1080,12.8041,13.8809,11.394,1,1,0,0,0,0
1080,3,candidate,570,1280,720,1920,1080,11.6193,12.5795,9.99322,1,1,0,0,0,0
1080,3,candidate,571,1280,720,1920,1080,9.70854,10.6847,8.33331,1,1,0,0,0,0
1080,3,candidate,572,1280,720,1920,1080,11.1739,12.1571,9.79866,1,1,0,0,0,0
1080,3,candidate,573,1280,720,1920,1080,11.3449,12.2452,9.97171,1,1,0,0,0,0
1080,3,candidate,574,1280,720,1920,1080,10.8063,12.6609,9.43309,1,1,0,0,0,0
1080,3,candidate,575,1280,720,1920,1080,10.9804,11.9793,9.60819,1,1,0,0,0,0
1080,3,candidate,576,1280,720,1920,1080,11.4698,12.4968,9.8304,1,1,0,0,0,0
1080,3,candidate,577,1280,720,1920,1080,11.2794,12.2581,9.64096,1,1,0,0,0,0
1080,3,candidate,578,1280,720,1920,1080,11.2138,12.5307,9.83859,1,1,0,0,0,0
1080,3,candidate,579,1280,720,1920,1080,11.0275,12.0943,9.65427,1,1,0,0,0,0
1080,3,candidate,580,1280,720,1920,1080,11.4371,12.3138,10.0618,1,1,0,0,0,0
1080,3,candidate,581,1280,720,1920,1080,11.3265,12.3029,9.95226,1,1,0,0,0,0
1080,3,candidate,582,1280,720,1920,1080,11.1575,12.2539,9.78227,1,1,0,0,0,0
1080,3,candidate,583,1280,720,1920,1080,11.2179,12.3068,9.84576,1,1,0,0,0,0
1080,3,candidate,584,1280,720,1920,1080,10.9046,12.0326,9.53242,1,1,0,0,0,0
1080,3,candidate,585,1280,720,1920,1080,11.4545,12.4708,10.0792,1,1,0,0,0,0
1080,3,candidate,586,1280,720,1920,1080,11.4043,12.4545,9.78842,1,1,0,0,0,0
1080,3,candidate,587,1280,720,1920,1080,11.3531,12.3957,9.74131,1,1,0,0,0,0
1080,3,candidate,588,1280,720,1920,1080,10.9629,12.0843,9.59181,1,1,0,0,0,0
1080,3,candidate,589,1280,720,1920,1080,11.4217,12.3596,10.0465,1,1,0,0,0,0
1080,3,candidate,590,1280,720,1920,1080,11.2292,12.1463,9.85395,1,1,0,0,0,0
1080,3,candidate,591,1280,720,1920,1080,11.4371,12.4699,10.0628,1,1,0,0,0,0
1080,3,candidate,592,1280,720,1920,1080,11.2599,12.2198,9.88467,1,1,0,0,0,0
1080,3,candidate,593,1280,720,1920,1080,11.3459,12.2913,9.97069,1,1,0,0,0,0
1080,3,candidate,594,1280,720,1920,1080,11.2896,12.3276,9.91334,1,1,0,0,0,0
1080,3,candidate,595,1280,720,1920,1080,11.2609,12.2902,9.88365,1,1,0,0,0,0
1080,3,candidate,596,1280,720,1920,1080,11.4381,12.4203,9.81094,1,1,0,0,0,0
1080,3,candidate,597,1280,720,1920,1080,11.436,12.4331,9.80173,1,1,0,0,0,0
1080,3,candidate,598,1280,720,1920,1080,11.476,12.5423,9.84166,1,1,0,0,0,0
1080,3,candidate,599,1280,720,1920,1080,11.4944,12.5384,9.85498,1,1,0,0,0,0
1080,3,candidate,600,1280,720,1920,1080,11.4575,12.4564,9.82426,1,1,0,0,0,0
1080,3,candidate,601,1280,720,1920,1080,11.5671,12.4841,9.92051,1,1,0,0,0,0
1080,3,candidate,602,1280,720,1920,1080,11.3654,12.2915,9.99117,1,1,0,0,0,0
1080,3,candidate,603,1280,720,1920,1080,11.4719,12.423,9.82938,1,1,0,0,0,0
1080,3,candidate,604,1280,720,1920,1080,11.3869,12.5767,9.69728,1,1,0,0,0,0
1080,3,candidate,605,1280,720,1920,1080,11.4483,12.4633,9.81504,1,1,0,0,0,0
1080,3,candidate,606,1280,720,1920,1080,11.4586,12.3608,9.83552,1,1,0,0,0,0
1080,3,candidate,607,1280,720,1920,1080,11.5139,12.4393,9.87136,1,1,0,0,0,0
1080,3,candidate,608,1280,720,1920,1080,11.4514,12.4034,9.82528,1,1,0,0,0,0
1080,3,candidate,609,1280,720,1920,1080,11.3684,12.3932,9.8263,1,1,0,0,0,0
1080,3,candidate,610,1280,720,1920,1080,11.4913,12.6067,10.1192,1,1,0,0,0,0
1080,3,candidate,611,1280,720,1920,1080,9.92051,10.8795,8.54938,1,1,0,0,0,0
1080,3,candidate,612,1280,720,1920,1080,11.0838,12.0408,9.70854,1,1,0,0,0,0
1080,3,candidate,613,1280,720,1920,1080,12.4908,13.5423,10.1724,1,1,0,0,0,0
1080,3,candidate,614,1280,720,1920,1080,10.9875,12.0957,9.61331,1,1,0,0,0,0
1080,3,candidate,615,1280,720,1920,1080,11.3623,12.4749,9.98912,1,1,0,0,0,0
1080,3,candidate,616,1280,720,1920,1080,11.306,12.4317,9.93075,1,1,0,0,0,0
1080,3,candidate,617,1280,720,1920,1080,11.2845,12.4029,9.90822,1,1,0,0,0,0
1080,3,candidate,618,1280,720,1920,1080,11.0008,12.1258,9.62662,1,1,0,0,0,0
1080,3,candidate,619,1280,720,1920,1080,11.3756,12.2705,10.0004,1,1,0,0,0,0
1080,3,candidate,620,1280,720,1920,1080,11.0438,12.2061,9.66349,1,1,0,0,0,0
1080,3,candidate,621,1280,720,1920,1080,11.2087,12.1472,9.65837,1,1,0,0,0,0
1080,3,candidate,622,1280,720,1920,1080,11.2394,12.232,9.6215,1,1,0,0,0,0
1080,3,candidate,623,1280,720,1920,1080,11.4063,12.3312,10.0332,1,1,0,0,0,0
1080,3,candidate,624,1280,720,1920,1080,11.2988,12.2175,9.92358,1,1,0,0,0,0
1080,3,candidate,625,1280,720,1920,1080,11.3111,12.3474,9.93485,1,1,0,0,0,0
1080,3,candidate,626,1280,720,1920,1080,11.262,12.2773,9.88467,1,1,0,0,0,0
1080,3,candidate,627,1280,720,1920,1080,11.5149,12.4721,9.84986,1,1,0,0,0,0
1080,3,candidate,628,1280,720,1920,1080,11.2722,12.4012,9.89696,1,1,0,0,0,0
1080,3,candidate,629,1280,720,1920,1080,11.477,12.4933,9.83962,1,1,0,0,0,0
1080,3,candidate,630,1280,720,1920,1080,11.2896,12.3779,9.91437,1,1,0,0,0,0
1080,3,candidate,631,1280,720,1920,1080,11.3152,12.2799,9.94202,1,1,0,0,0,0
1080,3,candidate,632,1280,720,1920,1080,11.2753,12.1928,9.63789,1,1,0,0,0,0
1080,3,candidate,633,1280,720,1920,1080,11.1985,12.2456,9.64403,1,1,0,0,0,0
1080,3,candidate,634,1280,720,1920,1080,11.2937,12.3575,9.91949,1,1,0,0,0,0
1080,3,candidate,635,1280,720,1920,1080,11.2466,12.5062,9.87443,1,1,0,0,0,0
1080,3,candidate,636,1280,720,1920,1080,11.2753,12.4096,9.62458,1,1,0,0,0,0
1080,3,candidate,637,1280,720,1920,1080,11.1421,12.3937,9.76998,1,1,0,0,0,0
1080,3,candidate,638,1280,720,1920,1080,11.307,12.607,9.93587,1,1,0,0,0,0
1080,3,candidate,639,1280,720,1920,1080,11.604,12.5724,10.2328,1,1,0,0,0,0
1080,3,candidate,640,1280,720,1920,1080,9.71571,10.623,8.34253,1,1,0,0,0,0
1080,3,candidate,641,1280,720,1920,1080,9.3225,11.9973,7.94726,1,1,0,0,0,0
1080,3,candidate,642,1280,720,1920,1080,11.2732,12.1579,9.89798,1,1,0,0,0,0
1080,3,candidate,643,1280,720,1920,1080,11.4565,12.4506,10.0854,1,1,0,0,0,0
1080,3,candidate,644,1280,720,1920,1080,11.5354,12.4708,10.1622,1,1,0,0,0,0
1080,3,candidate,645,1280,720,1920,1080,11.4094,12.4217,10.0342,1,1,0,0,0,0
1080,3,candidate,646,1280,720,1920,1080,11.5282,12.4791,10.154,1,1,0,0,0,0
1080,3,candidate,647,1280,720,1920,1080,11.4145,12.3825,10.0434,1,1,0,0,0,0
1080,3,candidate,648,1280,720,1920,1080,11.4463,12.5033,10.071,1,1,0,0,0,0
1080,3,candidate,649,1280,720,1920,1080,11.2886,12.3116,9.91437,1,1,0,0,0,0
1080,3,candidate,650,1280,720,1920,1080,11.2353,12.2063,9.86522,1,1,0,0,0,0
1080,3,candidate,651,1280,720,1920,1080,11.4524,12.4027,9.82323,1,1,0,0,0,0
1080,3,candidate,652,1280,720,1920,1080,12.116,13.2698,10.7305,1,1,0,0,0,0
1080,3,candidate,653,1280,720,1920,1080,11.4278,12.4112,10.0557,1,1,0,0,0,0
1080,3,candidate,654,1280,720,1920,1080,11.4012,12.3039,10.027,1,1,0,0,0,0
1080,3,candidate,655,1280,720,1920,1080,11.2527,12.2547,9.88058,1,1,0,0,0,0
1080,3,candidate,656,1280,720,1920,1080,11.262,12.4087,9.88877,1,1,0,0,0,0
1080,3,candidate,657,1280,720,1920,1080,11.2558,12.2715,9.87955,1,1,0,0,0,0
1080,3,candidate,658,1280,720,1920,1080,9.75565,10.6551,8.38451,1,1,0,0,0,0
1080,3,candidate,659,1280,720,1920,1080,12.6147,13.6379,11.2108,1,1,0,0,0,0
1080,3,candidate,660,1280,720,1920,1080,12.0228,13.061,10.6363,1,1,0,0,0,0
1080,3,candidate,661,1280,720,1920,1080,11.2189,12.4843,9.80173,1,1,0,0,0,0
1080,3,candidate,662,1280,720,1920,1080,11.0346,12.0868,8.37837,1,1,0,0,0,0
1080,3,candidate,663,1280,720,1920,1080,10.9752,11.8963,9.60512,1,1,0,0,0,0
1080,3,candidate,664,1280,720,1920,1080,11.2824,12.1827,9.64096,1,1,0,0,0,0
1080,3,candidate,665,1280,720,1920,1080,11.1585,12.3913,9.78842,1,1,0,0,0,0
1080,3,candidate,666,1280,720,1920,1080,11.2456,12.533,9.87341,1,1,0,0,0,0
1080,3,candidate,667,1280,720,1920,1080,11.1647,12.3875,9.78944,1,1,0,0,0,0
1080,3,candidate,668,1280,720,1920,1080,11.2271,12.3756,9.856,1,1,0,0,0,0
1080,3,candidate,669,1280,720,1920,1080,11.3766,12.3191,10.0004,1,1,0,0,0,0
1080,3,candidate,670,1280,720,1920,1080,9.97171,10.9676,8.60058,1,1,0,0,0,0
1080,3,candidate,671,1280,720,1920,1080,12.4242,13.5413,11.0531,1,1,0,0,0,0
1080,3,candidate,672,1280,720,1920,1080,11.3766,12.6633,10.0035,1,1,0,0,0,0
1080,3,candidate,673,1280,720,1920,1080,11.1862,12.2324,9.81094,1,1,0,0,0,0
1080,3,candidate,674,1280,720,1920,1080,11.2927,12.2909,9.92154,1,1,0,0,0,0
1080,3,candidate,675,1280,720,1920,1080,11.1473,12.2552,9.77101,1,1,0,0,0,0
1080,3,candidate,676,1280,720,1920,1080,11.4422,12.4089,10.068,1,1,0,0,0,0
1080,3,candidate,677,1280,720,1920,1080,11.2159,12.2749,9.84371,1,1,0,0,0,0
1080,3,candidate,678,1280,720,1920,1080,11.2876,12.2618,9.91642,1,1,0,0,0,0
1080,3,candidate,679,1280,720,1920,1080,11.264,12.2157,9.89082,1,1,0,0,0,0
1080,3,candidate,680,1280,720,1920,1080,11.2896,12.2926,9.91539,1,1,0,0,0,0
1080,3,candidate,681,1280,720,1920,1080,11.4422,12.4381,10.069,1,1,0,0,0,0
1080,3,candidate,682,1280,720,1920,1080,11.1503,12.3472,9.73107,1,1,0,0,0,0
1080,3,candidate,683,1280,720,1920,1080,11.391,12.3674,10.0147,1,1,0,0,0,0
1080,3,candidate,684,1280,720,1920,1080,11.5466,12.5646,9.88467,1,1,0,0,0,0
1080,3,candidate,685,1280,720,1920,1080,9.84883,10.9079,8.47667,1,1,0,0,0,0
1080,3,candidate,686,1280,720,1920,1080,12.6566,13.6582,11.2579,1,1,0,0,0,0
1080,3,candidate,687,1280,720,1920,1080,11.5425,12.5135,10.1642,1,1,0,0,0,0
1080,3,candidate,688,1280,720,1920,1080,11.2732,12.2582,9.90106,1,1,0,0,0,0
1080,3,candidate,689,1280,720,1920,1080,11.4975,12.4299,9.86829,1,1,0,0,0,0
1080,3,candidate,690,1280,720,1920,1080,11.4104,12.4472,9.78227,1,1,0,0,0,0
1080,3,candidate,691,1280,720,1920,1080,11.476,12.4693,9.84166,1,1,0,0,0,0
1080,3,candidate,692,1280,720,1920,1080,11.4442,12.7291,9.82426,1,1,0,0,0,0
1080,3,candidate,693,1280,720,1920,1080,11.3224,12.2947,9.94816,1,1,0,0,0,0
1080,3,candidate,694,1280,720,1920,1080,11.2415,12.1686,9.86726,1,1,0,0,0,0
1080,3,candidate,695,1280,720,1920,1080,11.4412,12.4335,9.82016,1,1,0,0,0,0
1080,3,candidate,696,1280,720,1920,1080,11.4852,12.5558,9.85498,1,1,0,0,0,0
1080,3,candidate,697,1280,720,1920,1080,11.4524,12.4396,9.82323,1,1,0,0,0,0
1080,3,candidate,698,1280,720,1920,1080,11.4145,12.4251,9.79763,1,1,0,0,0,0
1080,3,candidate,699,1280,720,1920,1080,11.4565,12.5124,9.8345,1,1,0,0,0,0
1080,3,candidate,700,1280,720,1920,1080,11.2067,12.1291,9.58362,1,1,0,0,0,0
1080,3,candidate,701,1280,720,1920,1080,11.2005,12.1827,9.65018,1,1,0,0,0,0
1080,3,candidate,702,1280,720,1920,1080,11.4217,12.5108,10.0475,1,1,0,0,0,0
1080,3,candidate,703,1280,720,1920,1080,11.2148,12.4799,9.84371,1,1,0,0,0,0
1080,3,candidate,704,1280,720,1920,1080,11.3623,12.635,9.99117,1,1,0,0,0,0
1080,3,candidate,705,1280,720,1920,1080,11.1862,12.356,9.81299,1,1,0,0,0,0
1080,3,candidate,706,1280,720,1920,1080,11.2927,12.423,9.92051,1,1,0,0,0,0
1080,3,candidate,707,1280,720,1920,1080,10.1304,11.1366,8.76237,1,1,0,0,0,0
1080,3,candidate,708,1280,720,1920,1080,12.7468,13.8693,11.3316,1,1,0,0,0,0
1080,3,candidate,709,1280,720,1920,1080,11.1176,12.4467,9.74131,1,1,0,0,0,0
1080,3,candidate,710,1280,720,1920,1080,11.2599,12.3789,9.88979,1,1,0,0,0,0
1080,3,candidate,711,1280,720,1920,1080,11.3316,12.4509,9.96147,1,1,0,0,0,0
1080,3,candidate,712,1280,720,1920,1080,10.0844,11.2556,8.71629,1,1,0,0,0,0
1080,3,candidate,713,1280,720,1920,1080,11.1524,12.1442,9.77613,1,1,0,0,0,0
1080,3,candidate,714,1280,720,1920,1080,11.4842,12.549,10.11,1,1,0,0,0,0
1080,3,candidate,715,1280,720,1920,1080,11.2886,12.3178,9.67475,1,1,0,0,0,0
1080,3,candidate,716,1280,720,1920,1080,11.2538,12.1215,9.87955,1,1,0,0,0,0
1080,3,candidate,717,1280,720,1920,1080,11.2916,12.276,9.91846,1,1,0,0,0,0
1080,3,candidate,718,1280,720,1920,1080,11.3633,12.4179,9.98912,1,1,0,0,0,0
1080,3,candidate,719,1280,720,1920,1080,11.2794,12.1938,9.9072,1,1,0,0,0,0
1080,3,candidate,720,1280,720,1920,1080,10.9681,12.0037,9.59488,1,1,0,0,0,0
1080,3,candidate,721,1280,720,1920,1080,11.2558,12.1572,9.88262,1,1,0,0,0,0
1080,3,candidate,722,1280,720,1920,1080,11.4227,12.3852,9.7833,1,1,0,0,0,0
1080,3,candidate,723,1280,720,1920,1080,11.4094,12.4491,9.76282,1,1,0,0,0,0
1080,3,candidate,724,1280,720,1920,1080,11.4422,12.4594,9.79866,1,1,0,0,0,0
1080,3,candidate,725,1280,720,1920,1080,11.4125,12.4741,9.7751,1,1,0,0,0,0
1080,3,candidate,726,1280,720,1920,1080,11.3828,12.3782,9.75258,1,1,0,0,0,0
1080,3,candidate,727,1280,720,1920,1080,11.2138,12.2465,9.6553,1,1,0,0,0,0
1080,3,candidate,728,1280,720,1920,1080,11.2712,12.3429,9.89798,1,1,0,0,0,0
1080,3,candidate,729,1280,720,1920,1080,11.3592,12.3389,9.81299,1,1,0,0,0,0
1080,3,candidate,730,1280,720,1920,1080,9.74541,10.8427,8.37427,1,1,0,0,0,0
1080,3,candidate,731,1280,720,1920,1080,12.4631,13.4659,11.0428,1,1,0,0,0,0
1080,3,candidate,732,1280,720,1920,1080,11.6664,12.5807,10.1171,1,1,0,0,0,0
1080,3,candidate,733,1280,720,1920,1080,11.2937,12.2931,9.92051,1,1,0,0,0,0
1080,3,candidate,734,1280,720,1920,1080,11.0182,12.1174,9.64608,1,1,0,0,0,0
1080,3,candidate,735,1280,720,1920,1080,11.2876,12.2472,9.91437,1,1,0,0,0,0
1080,3,candidate,736,1280,720,1920,1080,10.8667,11.9681,9.49453,1,1,0,0,0,0
1080,3,candidate,737,1280,720,1920,1080,11.1759,12.1259,9.64301,1,1,0,0,0,0
1080,3,candidate,738,1280,720,1920,1080,11.3859,12.2631,10.0127,1,1,0,0,0,0
1080,3,candidate,739,1280,720,1920,1080,11.2292,12.233,9.85498,1,1,0,0,0,0
1080,3,candidate,740,1280,720,1920,1080,11.1677,12.1308,9.61434,1,1,0,0,0,0
1080,3,candidate,741,1280,720,1920,1080,11.3295,12.2663,9.95738,1,1,0,0,0,0
1080,3,candidate,742,1280,720,1920,1080,11.3101,12.2092,9.74643,1,1,0,0,0,0
1080,3,candidate,743,1280,720,1920,1080,9.71162,10.7444,8.34458,1,1,0,0,0,0
1080,3,candidate,744,1280,720,1920,1080,9.4464,10.3706,8.07322,1,1,0,0,0,0
1080,3,candidate,745,1280,720,1920,1080,10.6711,11.577,8.05171,1,1,0,0,0,0
1080,3,candidate,746,1280,720,1920,1080,10.9609,12.0631,9.58566,1,1,0,0,0,0
1080,3,candidate,747,1280,720,1920,1080,9.76282,10.8799,8.38349,1,1,0,0,0,0
1080,3,candidate,748,1280,720,1920,1080,11.7965,13.0016,10.4233,1,1,0,0,0,0
1080,3,candidate,749,1280,720,1920,1080,12.4221,13.6694,11.0019,1,1,0,0,0,0
1080,3,candidate,750,1280,720,1920,1080,11.52,12.6018,9.89184,1,1,0,0,0,0
1080,3,candidate,751,1280,720,1920,1080,11.2261,12.3624,9.85498,1,1,0,0,0,0
1080,3,candidate,752,1280,720,1920,1080,11.434,12.4463,10.0628,1,1,0,0,0,0
1080,3,candidate,753,1280,720,1920,1080,10.0925,11.0838,8.71936,1,1,0,0,0,0
1080,3,candidate,754,1280,720,1920,1080,10.6578,11.6469,9.2375,1,1,0,0,0,0
1080,3,candidate,755,1280,720,1920,1080,11.2968,12.152,9.64096,1,1,0,0,0,0
1080,3,candidate,756,1280,720,1920,1080,9.74336,10.6858,8.37427,1,1,0,0,0,0
1080,3,candidate,757,1280,720,1920,1080,10.665,11.6717,9.24774,1,1,0,0,0,0
1080,3,candidate,758,1280,720,1920,1080,11.519,13.6031,10.1458,1,1,0,0,0,0
1080,3,candidate,759,1280,720,1920,1080,11.1442,12.2784,9.77203,1,1,0,0,0,0
1080,3,candidate,760,1280,720,1920,1080,11.0746,12.2887,9.70445,1,1,0,0,0,0
1080,3,candidate,761,1280,720,1920,1080,11.0336,12.4205,9.66246,1,1,0,0,0,0
1080,3,candidate,762,1280,720,1920,1080,9.7239,10.6578,8.35277,1,1,0,0,0,0
1080,3,candidate,763,1280,720,1920,1080,10.8349,13.2664,9.44128,1,1,0,0,0,0
1080,3,candidate,764,1280,720,1920,1080,11.3101,12.2876,9.76077,1,1,0,0,0,0
1080,3,candidate,765,1280,720,1920,1080,11.2701,12.1638,9.64915,1,1,0,0,0,0
1080,3,candidate,766,1280,720,1920,1080,11.3644,12.2951,9.99014,1,1,0,0,0,0
1080,3,candidate,767,1280,720,1920,1080,11.4616,12.3954,10.0905,1,1,0,0,0,0
1080,3,candidate,768,1280,720,1920,1080,11.435,12.4713,10.0639,1,1,0,0,0,0
1080,3,candidate,769,1280,720,1920,1080,11.3992,12.4544,10.0239,1,1,0,0,0,0
1080,3,candidate,770,1280,720,1920,1080,11.4995,12.6321,10.1222,1,1,0,0,0,0
1080,3,candidate,771,1280,720,1920,1080,11.2056,12.1989,9.8345,1,1,0,0,0,0
1080,3,candidate,772,1280,720,1920,1080,11.4534,12.3982,9.80582,1,1,0,0,0,0
1080,3,candidate,773,1280,720,1920,1080,11.5067,12.4735,10.1366,1,1,0,0,0,0
1080,3,candidate,774,1280,720,1920,1080,11.3039,12.2027,9.93178,1,1,0,0,0,0
1080,3,candidate,775,1280,720,1920,1080,11.2497,12.1998,9.8775,1,1,0,0,0,0
1080,3,candidate,776,1280,720,1920,1080,11.4217,12.411,9.77306,1,1,0,0,0,0
1080,3,candidate,777,1280,720,1920,1080,11.4135,12.4091,9.76282,1,1,0,0,0,0
1080,3,candidate,778,1280,720,1920,1080,11.4493,12.4815,9.79866,1,1,0,0,0,0
1080,3,candidate,779,1280,720,1920,1080,11.4309,12.4018,9.78022,1,1,0,0,0,0
1080,3,candidate,780,1280,720,1920,1080,11.3336,12.3222,9.67578,1,1,0,0,0,0
1080,3,candidate,781,1280,720,1920,1080,11.4145,12.4194,9.76589,1,1,0,0,0,0
1080,3,candidate,782,1280,720,1920,1080,11.5466,12.7163,9.89594,1,1,0,0,0,0
1080,3,candidate,783,1280,720,1920,1080,11.477,12.4852,9.81914,1,1,0,0,0,0
1080,3,candidate,784,1280,720,1920,1080,11.2548,12.2872,9.60205,1,1,0,0,0,0
1080,3,candidate,785,1280,720,1920,1080,11.3306,12.3401,9.6727,1,1,0,0,0,0
1080,3,candidate,786,1280,720,1920,1080,11.1677,12.1904,9.62355,1,1,0,0,0,0
1080,3,candidate,787,1280,720,1920,1080,11.4135,12.5125,10.0413,1,1,0,0,0,0
1080,3,candidate,788,1280,720,1920,1080,11.3275,12.3598,9.66349,1,1,0,0,0,0
1080,3,candidate,789,1280,720,1920,1080,11.2978,12.2796,9.65837,1,1,0,0,0,0
1080,3,candidate,790,1280,720,1920,1080,11.1565,12.4131,9.78432,1,1,0,0,0,0
1080,3,candidate,791,1280,720,1920,1080,11.3541,12.6501,8.71834,1,1,0,0,0,0
1080,3,candidate,792,1280,720,1920,1080,11.1186,12.1538,9.74746,1,1,0,0,0,0
1080,3,candidate,793,1280,720,1920,1080,10.793,11.7914,9.41875,1,1,0,0,0,0
1080,3,candidate,794,1280,720,1920,1080,11.3736,12.2981,10.0004,1,1,0,0,0,0
1080,3,candidate,795,1280,720,1920,1080,11.2404,12.1851,9.70547,1,1,0,0,0,0
1080,3,candidate,796,1280,720,1920,1080,11.3172,12.1874,9.69318,1,1,0,0,0,0
1080,3,candidate,797,1280,720,1920,1080,10.9117,12.0825,9.53958,1,1,0,0,0,0
1080,3,candidate,798,1280,720,1920,1080,11.3736,12.4327,10.0014,1,1,0,0,0,0
1080,3,candidate,799,1280,720,1920,1080,11.436,12.5707,10.0649,1,1,0,0,0,0
1080,3,candidate,800,1280,720,1920,1080,11.2691,12.3037,9.90003,1,1,0,0,0,0
1080,3,candidate,801,1280,720,1920,1080,11.3224,12.3062,9.94816,1,1,0,0,0,0
1080,3,candidate,802,1280,720,1920,1080,11.564,12.6674,10.1908,1,1,0,0,0,0
1080,3,candidate,803,1280,720,1920,1080,11.4831,12.4891,10.111,1,1,0,0,0,0
1080,3,candidate,804,1280,720,1920,1080,11.1759,12.3286,9.80378,1,1,0,0,0,0
1080,3,candidate,805,1280,720,1920,1080,11.4514,12.5212,9.82118,1,1,0,0,0,0
1080,3,candidate,806,1280,720,1920,1080,11.4422,12.3956,10.068,1,1,0,0,0,0
1080,3,candidate,807,1280,720,1920,1080,11.433,12.3632,10.0618,1,1,0,0,0,0
1080,3,candidate,808,1280,720,1920,1080,11.4237,12.4998,10.0506,1,1,0,0,0,0
1080,3,candidate,809,1280,720,1920,1080,11.2036,12.1667,9.64096,1,1,0,0,0,0
1080,3,candidate,810,1280,720,1920,1080,11.434,12.3857,9.79251,1,1,0,0,0,0
1080,3,candidate,811,1280,720,1920,1080,11.2947,12.2995,9.91949,1,1,0,0,0,0
1080,3,candidate,812,1280,720,1920,1080,11.4432,12.4109,9.79456,1,1,0,0,0,0
1080,3,candidate,813,1280,720,1920,1080,11.3746,13.6816,9.99936,1,1,0,0,0,0
1080,3,candidate,814,1280,720,1920,1080,11.2558,12.326,9.8816,1,1,0,0,0,0
1080,3,candidate,815,1280,720,1920,1080,11.3142,12.4332,9.94202,1,1,0,0,0,0
1080,3,candidate,816,1280,720,1920,1080,11.2333,12.28,9.85907,1,1,0,0,0,0
1080,3,candidate,817,1280,720,1920,1080,11.2435,12.2304,9.87136,1,1,0,0,0,0
1080,3,candidate,818,1280,720,1920,1080,11.5364,12.6735,10.1376,1,1,0,0,0,0
1080,3,candidate,819,1280,720,1920,1080,11.5251,12.4437,9.98093,1,1,0,0,0,0
1080,3,candidate,820,1280,720,1920,1080,11.7115,12.5874,10.0997,1,1,0,0,0,0
1080,3,candidate,821,1280,720,1920,1080,11.2538,12.1919,9.88058,1,1,0,0,0,0
1080,3,candidate,822,1280,720,1920,1080,11.2538,12.2497,9.88058,1,1,0,0,0,0
1080,3,candidate,823,1280,720,1920,1080,11.2374,12.2671,9.86522,1,1,0,0,0,0
1080,3,candidate,824,1280,720,1920,1080,11.4248,12.6011,9.79046,1,1,0,0,0,0
1080,3,candidate,825,1280,720,1920,1080,11.2445,12.1943,9.87034,1,1,0,0,0,0
1080,3,candidate,826,1280,720,1920,1080,11.4575,12.4479,9.81709,1,1,0,0,0,0
1080,3,candidate,827,1280,720,1920,1080,11.4422,12.4482,9.80378,1,1,0,0,0,0
1080,3,candidate,828,1280,720,1920,1080,14.1363,15.1442,8.51456,1,1,0,0,0,0
1080,3,candidate,829,1280,720,1920,1080,11.4668,12.5516,9.83245,1,1,0,0,0,0
1080,3,candidate,830,1280,720,1920,1080,11.2886,12.4874,9.91334,1,1,0,0,0,0
1080,3,candidate,831,1280,720,1920,1080,11.0817,12.3588,9.70854,1,1,0,0,0,0
1080,3,candidate,832,1280,720,1920,1080,11.3971,12.3757,9.7536,1,1,0,0,0,0
1080,3,candidate,833,1280,720,1920,1080,11.2804,12.4343,9.90925,1,1,0,0,0,0
1080,3,candidate,834,1280,720,1920,1080,11.2794,12.3399,9.90413,1,1,0,0,0,0
1080,3,candidate,835,1280,720,1920,1080,11.178,12.1943,9.8048,1,1,0,0,0,0
1080,3,candidate,836,1280,720,1920,1080,11.2323,12.2121,9.85702,1,1,0,0,0,0
1080,3,candidate,837,1280,720,1920,1080,10.9742,12.1146,9.60102,1,1,0,0,0,0
1080,3,candidate,838,1280,720,1920,1080,11.3531,12.2434,9.97786,1,1,0,0,0,0
1080,3,candidate,839,1280,720,1920,1080,11.263,12.331,9.89082,1,1,0,0,0,0
1080,3,candidate,840,1280,720,1920,1080,11.266,12.6972,9.89389,1,1,0,0,0,0
1080,3,candidate,841,1280,720,1920,1080,11.2783,12.2739,9.90413,1,1,0,0,0,0
1080,3,candidate,842,1280,720,1920,1080,11.4125,12.3853,10.0383,1,1,0,0,0,0
1080,3,candidate,843,1280,720,1920,1080,11.4964,12.5188,10.1212,1,1,0,0,0,0
1080,3,candidate,844,1280,720,1920,1080,11.1616,12.2056,9.76896,1,1,0,0,0,0
1080,3,candidate,845,1280,720,1920,1080,11.2036,12.3769,9.8304,1,1,0,0,0,0
1080,3,candidate,846,1280,720,1920,1080,11.266,12.2788,9.89184,1,1,0,0,0,0
1080,3,candidate,847,1280,720,1920,1080,11.2364,12.1887,9.86317,1,1,0,0,0,0
1080,3,candidate,848,1280,720,1920,1080,11.3408,12.2779,9.76691,1,1,0,0,0,0
1080,3,candidate,849,1280,720,1920,1080,11.266,12.2995,9.89286,1,1,0,0,0,0
1080,3,candidate,850,1280,720,1920,1080,9.79763,10.7142,8.42445,1,1,0,0,0,0
1080,3,candidate,851,1280,720,1920,1080,12.5501,13.6528,11.1575,1,1,0,0,0,0
1080,3,candidate,852,1280,720,1920,1080,10.9742,12.0239,9.60205,1,1,0,0,0,0
1080,3,candidate,853,1280,720,1920,1080,11.3336,12.2016,9.65734,1,1,0,0,0,0
1080,3,candidate,854,1280,720,1920,1080,11.1288,12.2391,9.75155,1,1,0,0,0,0
1080,3,candidate,855,1280,720,1920,1080,11.2548,12.2145,9.88262,1,1,0,0,0,0
1080,3,candidate,856,1280,720,1920,1080,11.2835,12.2434,9.91334,1,1,0,0,0,0
1080,3,candidate,857,1280,720,1920,1080,11.1124,12.1884,9.73824,1,1,0,0,0,0
1080,3,candidate,858,1280,720,1920,1080,11.9071,12.8619,10.5226,1,1,0,0,0,0
1080,3,candidate,859,1280,720,1920,1080,9.86317,10.8632,8.49203,1,1,0,0,0,0
1080,3,candidate,860,1280,720,1920,1080,11.0326,13.618,9.65837,1,1,0,0,0,0
1080,3,candidate,861,1280,720,1920,1080,11.8047,12.7043,10.1734,1,1,0,0,0,0
1080,3,candidate,862,1280,720,1920,1080,10.9455,12.0974,9.57133,1,1,0,0,0,0
1080,3,candidate,863,1280,720,1920,1080,11.2292,12.2588,9.85498,1,1,0,0,0,0
1080,3,candidate,864,1280,720,1920,1080,11.2394,12.1875,9.86522,1,1,0,0,0,0
1080,3,candidate,865,1280,720,1920,1080,11.3132,12.2024,9.93997,1,1,0,0,0,0
1080,3,candidate,866,1280,720,1920,1080,11.2312,12.1457,9.85702,1,1,0,0,0,0
1080,3,candidate,867,1280,720,1920,1080,11.2681,12.2872,9.89491,1,1,0,0,0,0
1080,3,candidate,868,1280,720,1920,1080,11.4493,12.5047,9.82016,1,1,0,0,0,0
1080,3,candidate,869,1280,720,1920,1080,11.4821,12.4822,9.86112,1,1,0,0,0,0
1080,3,candidate,870,1280,720,1920,1080,11.4801,12.7844,9.85498,1,1,0,0,0,0
1080,3,candidate,871,1280,720,1920,1080,11.2671,12.2544,9.89491,1,1,0,0,0,0
1080,3,candidate,872,1280,720,1920,1080,11.2312,12.2863,9.85498,1,1,0,0,0,0
1080,3,candidate,873,1280,720,1920,1080,11.4268,12.4124,9.78227,1,1,0,0,0,0
1080,3,candidate,874,1280,720,1920,1080,11.434,12.4123,9.79558,1,1,0,0,0,0
1080,3,candidate,875,1280,720,1920,1080,11.3193,12.3185,9.69728,1,1,0,0,0,0
1080,3,candidate,876,1280,720,1920,1080,12.0525,13.567,10.4028,1,1,0,0,0,0
1080,3,candidate,877,1280,720,1920,1080,11.4289,12.677,10.0547,1,1,0,0,0,0
1080,3,candidate,878,1280,720,1920,1080,11.4678,12.5084,10.0956,1,1,0,0,0,0
1080,3,candidate,879,1280,720,1920,1080,11.4422,12.4425,10.0669,1,1,0,0,0,0
1080,3,candidate,880,1280,720,1920,1080,11.4575,12.4463,10.0823,1,1,0,0,0,0
1080,3,candidate,881,1280,720,1920,1080,11.4708,12.4623,10.0956,1,1,0,0,0,0
1080,3,candidate,882,1280,720,1920,1080,11.4043,12.4018,10.0352,1,1,0,0,0,0
1080,3,candidate,883,1280,720,1920,1080,11.5067,12.5852,10.1304,1,1,0,0,0,0
1080,3,candidate,884,1280,720,1920,1080,11.4043,12.3673,10.0301,1,1,0,0,0,0
1080,3,candidate,885,1280,720,1920,1080,11.4237,12.4821,10.0485,1,1,0,0,0,0
1080,3,candidate,886,1280,720,1920,1080,11.2998,12.276,9.92358,1,1,0,0,0,0
1080,3,candidate,887,1280,720,1920,1080,11.5466,12.6923,9.92358,1,1,0,0,0,0
1080,3,candidate,888,1280,720,1920,1080,11.4729,12.4955,10.0987,1,1,0,0,0,0
1080,3,candidate,889,1280,720,1920,1080,11.4207,12.4251,10.0444,1,1,0,0,0,0
1080,3,candidate,890,1280,720,1920,1080,11.4401,12.4091,10.0649,1,1,0,0,0,0
1080,3,candidate,891,1280,720,1920,1080,11.4452,12.3679,10.0731,1,1,0,0,0,0
1080,3,candidate,892,1280,720,1920,1080,11.3725,12.3054,9.99936,1,1,0,0,0,0
1080,3,candidate,893,1280,720,1920,1080,11.3039,12.3575,9.92768,1,1,0,0,0,0
1080,3,candidate,894,1280,720,1920,1080,11.4289,12.5042,9.81606,1,1,0,0,0,0
1080,3,candidate,895,1280,720,1920,1080,11.3347,12.5328,9.69421,1,1,0,0,0,0
1080,3,candidate,896,1280,720,1920,1080,11.479,12.4447,9.81811,1,1,0,0,0,0
1080,3,candidate,897,1280,720,1920,1080,11.4811,12.5833,9.79046,1,1,0,0,0,0
1080,3,candidate,898,1280,720,1920,1080,11.2814,12.2567,9.90618,1,1,0,0,0,0
1080,3,candidate,899,1280,720,1920,1080,11.4442,12.4641,9.8089,1,1,0,0,0,0
1080,3,candidate,900,1280,720,1920,1080,11.4872,12.6104,9.84781,1,1,0,0,0,0
1080,3,candidate,901,1280,720,1920,1080,11.3695,12.3788,9.99526,1,1,0,0,0,0
1080,3,candidate,902,1280,720,1920,1080,11.5046,12.7311,9.86726,1,1,0,0,0,0
1080,3,candidate,903,1280,720,1920,1080,11.2742,12.3704,9.89696,1,1,0,0,0,0
1080,3,candidate,904,1280,720,1920,1080,11.4954,12.4218,9.856,1,1,0,0,0,0
1080,3,candidate,905,1280,720,1920,1080,11.263,12.4333,9.88774,1,1,0,0,0,0
1080,3,candidate,906,1280,720,1920,1080,11.4166,12.4331,9.78227,1,1,0,0,0,0
1080,3,candidate,907,1280,720,1920,1080,11.4514,12.3906,9.81811,1,1,0,0,0,0
1080,3,candidate,908,1280,720,1920,1080,11.2794,12.2877,9.90618,1,1,0,0,0,0
1080,3,candidate,909,1280,720,1920,1080,11.4913,12.6035,9.8601,1,1,0,0,0,0
1080,3,candidate,910,1280,720,1920,1080,11.4504,12.4623,9.81811,1,1,0,0,0,0
1080,3,candidate,911,1280,720,1920,1080,11.4463,12.4318,9.81299,1,1,0,0,0,0
1080,3,candidate,912,1280,720,1920,1080,11.4657,12.534,9.8263,1,1,0,0,0,0
1080,3,candidate,913,1280,720,1920,1080,11.4463,12.4793,9.8007,1,1,0,0,0,0
1080,3,candidate,914,1280,720,1920,1080,11.476,12.4959,9.84371,1,1,0,0,0,0
1080,3,candidate,915,1280,720,1920,1080,11.4586,12.4318,9.81299,1,1,0,0,0,0
1080,3,candidate,916,1280,720,1920,1080,11.4811,12.5104,9.82835,1,1,0,0,0,0
1080,3,candidate,917,1280,720,1920,1080,11.4924,12.7156,9.84269,1,1,0,0,0,0
1080,3,candidate,918,1280,720,1920,1080,11.2732,12.3108,9.90003,1,1,0,0,0,0
1080,3,candidate,919,1280,720,1920,1080,11.3019,12.2879,9.92973,1,1,0,0,0,0
1080,3,candidate,920,1280,720,1920,1080,11.4575,12.4483,9.79968,1,1,0,0,0,0
1080,3,candidate,921,1280,720,1920,1080,11.4964,12.5719,9.85805,1,1,0,0,0,0
1080,3,candidate,922,1280,720,1920,1080,11.3377,12.3695,9.7751,1,1,0,0,0,0
1080,3,candidate,923,1280,720,1920,1080,11.264,12.3522,9.88774,1,1,0,0,0,0
1080,3,candidate,924,1280,720,1920,1080,11.5128,12.4436,9.87136,1,1,0,0,0,0
1080,3,candidate,925,1280,720,1920,1080,11.436,13.4398,9.79251,1,1,0,0,0,0
1080,3,candidate,926,1280,720,1920,1080,11.4289,12.3957,10.0547,1,1,0,0,0,0
1080,3,candidate,927,1280,720,1920,1080,11.5988,12.7302,9.93792,1,1,0,0,0,0
1080,3,candidate,928,1280,720,1920,1080,11.4248,12.4749,10.0495,1,1,0,0,0,0
1080,3,candidate,929,1280,720,1920,1080,11.4944,12.4591,10.1192,1,1,0,0,0,0
1080,3,candidate,930,1280,720,1920,1080,11.4852,12.5832,10.11,1,1,0,0,0,0
1080,3,candidate,931,1280,720,1920,1080,11.2988,12.3043,9.92256,1,1,0,0,0,0
1080,3,candidate,932,1280,720,1920,1080,11.35,12.3195,9.97376,1,1,0,0,0,0
1080,3,candidate,933,1280,720,1920,1080,11.4381,12.4092,9.79763,1,1,0,0,0,0
1080,3,candidate,934,1280,720,1920,1080,11.1411,12.1001,9.76589,1,1,0,0,0,0
1080,3,candidate,935,1280,720,1920,1080,11.4842,12.5702,9.8345,1,1,0,0,0,0
1080,3,candidate,936,1280,720,1920,1080,10.9486,12.0987,9.57338,1,1,0,0,0,0
1080,3,candidate,937,1280,720,1920,1080,11.1698,12.1514,9.79558,1,1,0,0,0,0
1080,3,candidate,938,1280,720,1920,1080,10.9691,12.078,9.59488,1,1,0,0,0,0
1080,3,candidate,939,1280,720,1920,1080,11.3664,12.5036,8.7255,1,1,0,0,0,0
1080,3,candidate,940,1280,720,1920,1080,11.052,12.0347,9.66042,1,1,0,0,0,0
1080,3,candidate,941,1280,720,1920,1080,11.3674,12.3474,9.98707,1,1,0,0,0,0
1080,3,candidate,942,1280,720,1920,1080,11.3203,12.3252,9.94611,1,1,0,0,0,0
1080,3,candidate,943,1280,720,1920,1080,11.0633,12.3015,9.68704,1,1,0,0,0,0
1080,3,candidate,944,1280,720,1920,1080,11.0807,12.4961,9.70854,1,1,0,0,0,0
1080,3,candidate,945,1280,720,1920,1080,11.393,12.6354,9.76282,1,1,0,0,0,0
1080,3,candidate,946,1280,720,1920,1080,11.0725,12.4513,9.69626,1,1,0,0,0,0
1080,3,candidate,947,1280,720,1920,1080,11.007,12.1702,9.63072,1,1,0,0,0,0
1080,3,candidate,948,1280,720,1920,1080,11.3275,12.6212,9.9543,1,1,0,0,0,0
1080,3,candidate,949,1280,720,1920,1080,10.9681,12.0886,9.58771,1,1,0,0,0,0
1080,3,candidate,950,1280,720,1920,1080,11.3807,12.2727,10.0065,1,1,0,0,0,0
1080,3,candidate,951,1280,720,1920,1080,11.0203,12.1658,9.64403,1,1,0,0,0,0
1080,3,candidate,952,1280,720,1920,1080,11.4944,12.3619,9.86829,1,1,0,0,0,0
1080,3,candidate,953,1280,720,1920,1080,10.9302,12.0299,9.55597,1,1,0,0,0,0
1080,3,candidate,954,1280,720,1920,1080,11.4985,12.5124,9.8601,1,1,0,0,0,0
1080,3,candidate,955,1280,720,1920,1080,11.2742,12.2244,9.89798,1,1,0,0,0,0
1080,3,candidate,956,1280,720,1920,1080,11.2056,12.3457,9.83142,1,1,0,0,0,0
1080,3,candidate,957,1280,720,1920,1080,11.4125,12.4591,10.0372,1,1,0,0,0,0
1080,3,candidate,958,1280,720,1920,1080,11.3162,12.3747,9.93997,1,1,0,0,0,0
1080,3,candidate,959,1280,720,1920,1080,12.1477,13.272,10.7612,1,1,0,0,0,0
1080,3,candidate,960,1280,720,1920,1080,11.2742,12.3531,9.65837,1,1,0,0,0,0
1080,3,candidate,961,1280,720,1920,1080,11.2835,12.298,9.9072,1,1,0,0,0,0
1080,3,candidate,962,1280,720,1920,1080,11.221,12.1956,9.84576,1,1,0,0,0,0
1080,3,candidate,963,1280,720,1920,1080,11.7443,12.6704,10.1181,1,1,0,0,0,0
1080,3,candidate,964,1280,720,1920,1080,12.2399,13.2253,10.6004,1,1,0,0,0,0
1080,3,candidate,965,1280,720,1920,1080,11.6777,12.5931,10.0639,1,1,0,0,0,0
1080,3,candidate,966,1280,720,1920,1080,11.1462,12.2251,9.76998,1,1,0,0,0,0
1080,3,candidate,967,1280,720,1920,1080,11.3992,12.3541,10.0229,1,1,0,0,0,0
1080,3,candidate,968,1280,720,1920,1080,11.2456,12.276,9.87034,1,1,0,0,0,0
1080,3,candidate,969,1280,720,1920,1080,11.2753,12.2776,9.90003,1,1,0,0,0,0
1080,3,candidate,970,1280,720,1920,1080,11.5569,12.7447,10.1816,1,1,0,0,0,0
1080,3,candidate,971,1280,720,1920,1080,11.2517,12.3015,9.87546,1,1,0,0,0,0
1080,3,candidate,972,1280,720,1920,1080,10.9117,12.0488,9.53856,1,1,0,0,0,0
1080,3,candidate,973,1280,720,1920,1080,11.3592,12.4151,9.98298,1,1,0,0,0,0
1080,3,candidate,974,1280,720,1920,1080,11.2701,12.2761,9.89594,1,1,0,0,0,0
1080,3,candidate,975,1280,720,1920,1080,11.2896,12.3758,9.91539,1,1,0,0,0,0
1080,3,candidate,976,1280,720,1920,1080,11.2609,12.1954,9.88467,1,1,0,0,0,0
1080,3,candidate,977,1280,720,1920,1080,11.4801,12.5599,9.8345,1,1,0,0,0,0
1080,3,candidate,978,1280,720,1920,1080,11.2906,12.3674,9.91232,1,1,0,0,0,0
1080,3,candidate,979,1280,720,1920,1080,11.3234,12.421,9.94816,1,1,0,0,0,0
1080,3,candidate,980,1280,720,1920,1080,11.6081,12.5827,9.87648,1,1,0,0,0,0
1080,3,candidate,981,1280,720,1920,1080,11.5988,12.6064,9.96147,1,1,0,0,0,0
1080,3,candidate,982,1280,720,1920,1080,11.179,12.2137,9.77613,1,1,0,0,0,0
1080,3,candidate,983,1280,720,1920,1080,9.728,10.7297,8.35379,1,1,0,0,0,0
1080,3,candidate,984,1280,720,1920,1080,12.4805,13.4226,11.0848,1,1,0,0,0,0
1080,3,candidate,985,1280,720,1920,1080,11.477,12.3845,9.84371,1,1,0,0,0,0
1080,3,candidate,986,1280,720,1920,1080,11.1718,12.3622,9.79558,1,1,0,0,0,0
1080,3,candidate,987,1280,720,1920,1080,11.2947,12.2649,9.91642,1,1,0,0,0,0
1080,3,candidate,988,1280,720,1920,1080,11.0756,12.3574,9.70035,1,1,0,0,0,0
1080,3,candidate,989,1280,720,1920,1080,11.0961,12.3061,9.71981,1,1,0,0,0,0
1080,3,candidate,990,1280,720,1920,1080,11.2701,12.3149,9.89696,1,1,0,0,0,0
1080,3,candidate,991,1280,720,1920,1080,10.965,12.0632,9.59283,1,1,0,0,0,0
1080,3,candidate,992,1280,720,1920,1080,11.433,12.3441,10.0567,1,1,0,0,0,0
1080,3,candidate,993,1280,720,1920,1080,11.2722,12.352,9.89389,1,1,0,0,0,0
1080,3,candidate,994,1280,720,1920,1080,11.1872,12.3186,9.81299,1,1,0,0,0,0
1080,3,candidate,995,1280,720,1920,1080,11.3285,12.4416,9.95226,1,1,0,0,0,0
1080,3,candidate,996,1280,720,1920,1080,11.3111,12.2906,9.68499,1,1,0,0,0,0
1080,3,candidate,997,1280,720,1920,1080,9.71981,10.6005,8.34867,1,1,0,0,0,0
1080,3,candidate,998,1280,720,1920,1080,10.2881,13.7012,8.9129,1,1,0,0,0,0
1080,3,candidate,999,1280,720,1920,1080,11.434,12.3018,9.80992,1,1,0,0,0,0
1080,3,candidate,1000,1280,720,1920,1080,9.728,10.6728,8.35379,1,1,0,0,0,0
1080,3,candidate,1001,1280,720,1920,1080,9.81094,11.6722,8.43674,1,1,0,0,0,0
1080,3,candidate,1002,1280,720,1920,1080,9.86931,10.8545,8.4951,1,1,0,0,0,0
1080,3,candidate,1003,1280,720,1920,1080,9.40032,11.9304,8.01894,1,1,0,0,0,0
1080,3,candidate,1004,1280,720,1920,1080,11.2609,12.2095,9.87853,1,1,0,0,0,0
1080,3,candidate,1005,1280,720,1920,1080,11.5046,12.4867,10.1253,1,1,0,0,0,0
1080,3,candidate,1006,1280,720,1920,1080,11.5261,12.5183,9.86931,1,1,0,0,0,0
1080,3,candidate,1007,1280,720,1920,1080,11.262,12.2385,9.6215,1,1,0,0,0,0
1080,3,candidate,1008,1280,720,1920,1080,11.5589,12.5786,9.92154,1,1,0,0,0,0
1080,3,candidate,1009,1280,720,1920,1080,11.2456,12.4741,9.6809,1,1,0,0,0,0
1080,3,candidate,1010,1280,720,1920,1080,11.1483,12.4074,9.76998,1,1,0,0,0,0
1080,3,candidate,1011,1280,720,1920,1080,9.74848,10.6809,8.37734,1,1,0,0,0,0
1080,3,candidate,1012,1280,720,1920,1080,11.0664,13.0309,9.69114,1,1,0,0,0,0
1080,3,candidate,1013,1280,720,1920,1080,11.4452,12.4017,9.87136,1,1,0,0,0,0
1080,3,candidate,1014,1280,720,1920,1080,11.3183,12.242,9.92973,1,1,0,0,0,0
1080,3,candidate,1015,1280,720,1920,1080,11.307,12.1836,9.9287,1,1,0,0,0,0
1080,3,candidate,1016,1280,720,1920,1080,11.3572,12.3756,9.97376,1,1,0,0,0,0
1080,3,candidate,1017,1280,720,1920,1080,10.9568,12.0519,9.58362,1,1,0,0,0,0
1080,3,candidate,1018,1280,720,1920,1080,11.4319,12.3853,9.87238,1,1,0,0,0,0
1080,3,candidate,1019,1280,720,1920,1080,11.2568,12.2899,9.87853,1,1,0,0,0,0
1080,3,candidate,1020,1280,720,1920,1080,11.4504,12.4088,10.0721,1,1,0,0,0,0
1080,3,candidate,1021,1280,720,1920,1080,11.3531,12.3221,9.91437,1,1,0,0,0,0
1080,3,candidate,1022,1280,720,1920,1080,11.3091,12.2207,9.93178,1,1,0,0,0,0
1080,3,candidate,1023,1280,720,1920,1080,11.2886,12.2851,9.91334,1,1,0,0,0,0
1080,3,candidate,1024,1280,720,1920,1080,10.9988,12.1512,9.62253,1,1,0,0,0,0
1080,3,candidate,1025,1280,720,1920,1080,11.4964,12.5484,9.86931,1,1,0,0,0,0
1080,3,candidate,1026,1280,720,1920,1080,11.3848,12.3184,9.81504,1,1,0,0,0,0
1080,3,candidate,1027,1280,720,1920,1080,11.4452,12.4519,10.068,1,1,0,0,0,0
1080,3,candidate,1028,1280,720,1920,1080,11.5466,12.5044,9.89082,1,1,0,0,0,0
1080,3,candidate,1029,1280,720,1920,1080,11.4739,12.4732,9.83757,1,1,0,0,0,0
1080,3,candidate,1030,1280,720,1920,1080,11.5384,12.7361,9.8857,1,1,0,0,0,0
1080,3,candidate,1031,1280,720,1920,1080,11.3326,12.3649,9.95738,1,1,0,0,0,0
1080,3,candidate,1032,1280,720,1920,1080,11.4514,12.5264,9.81402,1,1,0,0,0,0
1080,3,candidate,1033,1280,720,1920,1080,11.4831,12.5439,9.82835,1,1,0,0,0,0
1080,3,candidate,1034,1280,720,1920,1080,11.4688,12.5813,9.80685,1,1,0,0,0,0
1080,3,candidate,1035,1280,720,1920,1080,11.306,12.6011,9.93075,1,1,0,0,0,0
1080,3,candidate,1036,1280,720,1920,1080,11.3459,12.3696,9.97069,1,1,0,0,0,0
1080,3,candidate,1037,1280,720,1920,1080,11.3531,12.5594,9.97683,1,1,0,0,0,0
1080,3,candidate,1038,1280,720,1920,1080,11.3132,12.32,9.93587,1,1,0,0,0,0
1080,3,candidate,1039,1280,720,1920,1080,11.0705,12.2176,9.66451,1,1,0,0,0,0
1080,3,candidate,1040,1280,720,1920,1080,10.8165,12.0117,9.44128,1,1,0,0,0,0
1080,3,candidate,1041,1280,720,1920,1080,11.3398,12.2966,9.69216,1,1,0,0,0,0
1080,3,candidate,1042,1280,720,1920,1080,11.3644,12.2905,9.7065,1,1,0,0,0,0
1080,3,candidate,1043,1280,720,1920,1080,11.2435,12.4284,9.86829,1,1,0,0,0,0
1080,3,candidate,1044,1280,720,1920,1080,11.2548,12.5158,9.87853,1,1,0,0,0,0
1080,3,candidate,1045,1280,720,1920,1080,11.2261,12.4797,9.84474,1,1,0,0,0,0
1080,3,candidate,1046,1280,720,1920,1080,11.3408,12.3527,9.66963,1,1,0,0,0,0
1080,3,candidate,1047,1280,720,1920,1080,11.2384,12.4271,9.86419,1,1,0,0,0,0
1080,3,candidate,1048,1280,720,1920,1080,11.3091,12.8031,9.93382,1,1,0,0,0,0
1080,3,candidate,1049,1280,720,1920,1080,11.1616,12.4471,9.7833,1,1,0,0,0,0
1080,3,candidate,1050,1280,720,1920,1080,11.1964,12.5185,9.82221,1,1,0,0,0,0
1080,3,candidate,1051,1280,720,1920,1080,11.2128,12.4824,9.83757,1,1,0,0,0,0
1080,3,candidate,1052,1280,720,1920,1080,11.3111,12.3862,9.6727,1,1,0,0,0,0
1080,3,candidate,1053,1280,720,1920,1080,11.4258,12.3791,9.78227,1,1,0,0,0,0
1080,3,candidate,1054,1280,720,1920,1080,11.222,12.4264,9.84678,1,1,0,0,0,0
1080,3,candidate,1055,1280,720,1920,1080,11.179,12.3671,9.8048,1,1,0,0,0,0
1080,3,candidate,1056,1280,720,1920,1080,11.3152,12.2768,9.93792,1,1,0,0,0,0
1080,3,candidate,1057,1280,720,1920,1080,11.1534,12.4532,9.77715,1,1,0,0,0,0
1080,3,candidate,1058,1280,720,1920,1080,11.4186,12.3362,9.77306,1,1,0,0,0,0
1080,3,candidate,1059,1280,720,1920,1080,11.2097,12.5067,9.83757,1,1,0,0,0,0
1080,3,candidate,1060,1280,720,1920,1080,11.1667,12.34,9.78944,1,1,0,0,0,0
1080,3,candidate,1061,1280,720,1920,1080,11.4872,12.523,10.11,1,1,0,0,0,0
1080,3,candidate,1062,1280,720,1920,1080,11.0572,12.2976,9.68294,1,1,0,0,0,0
1080,3,candidate,1063,1280,720,1920,1080,11.0551,12.5263,9.67782,1,1,0,0,0,0
1080,3,candidate,1064,1280,720,1920,1080,11.5118,12.4929,10.1345,1,1,0,0,0,0
1080,3,candidate,1065,1280,720,1920,1080,11.094,12.2557,9.71776,1,1,0,0,0,0
1080,3,candidate,1066,1280,720,1920,1080,11.4821,12.4361,10.1069,1,1,0,0,0,0
1080,3,candidate,1067,1280,720,1920,1080,11.2804,12.6411,9.90413,1,1,0,0,0,0
1080,3,candidate,1068,1280,720,1920,1080,11.2742,12.2073,9.89798,1,1,0,0,0,0
1080,3,candidate,1069,1280,720,1920,1080,11.1176,12.2124,9.74234,1,1,0,0,0,0
1080,3,candidate,1070,1280,720,1920,1080,11.3152,12.2558,9.93792,1,1,0,0,0,0
1080,3,candidate,1071,1280,720,1920,1080,11.2302,12.4764,9.8519,1,1,0,0,0,0
1080,3,candidate,1072,1280,720,1920,1080,11.2937,12.1886,9.91642,1,1,0,0,0,0
1080,3,candidate,1073,1280,720,1920,1080,11.2794,12.2993,9.90208,1,1,0,0,0,0
1080,3,candidate,1074,1280,720,1920,1080,11.2783,12.4024,9.90106,1,1,0,0,0,0
1080,3,candidate,1075,1280,720,1920,1080,11.221,12.2797,9.84474,1,1,0,0,0,0
1080,3,candidate,1076,1280,720,1920,1080,11.4473,12.4029,10.068,1,1,0,0,0,0
1080,3,candidate,1077,1280,720,1920,1080,9.76998,10.6858,8.39578,1,1,0,0,0,0
1080,3,candidate,1078,1280,720,1920,1080,11.2118,12.0827,9.83654,1,1,0,0,0,0
1080,3,candidate,1079,1280,720,1920,1080,10.0782,11.0801,8.704,1,1,0,0,0,0
1080,3,candidate,1080,1280,720,1920,1080,11.049,13.0039,9.66656,1,1,0,0,0,0
1080,3,candidate,1081,1280,720,1920,1080,11.6111,12.5467,10.2328,1,1,0,0,0,0
1080,3,candidate,1082,1280,720,1920,1080,11.3449,12.2932,9.96762,1,1,0,0,0,0
1080,3,candidate,1083,1280,720,1920,1080,11.006,12.1056,9.62458,1,1,0,0,0,0
1080,3,candidate,1084,1280,720,1920,1080,11.2046,12.1526,9.64198,1,1,0,0,0,0
1080,3,candidate,1085,1280,720,1920,1080,11.3428,12.2817,9.96454,1,1,0,0,0,0
1080,3,candidate,1086,1280,720,1920,1080,11.52,12.485,10.1417,1,1,0,0,0,0
1080,3,candidate,1087,1280,720,1920,1080,11.4678,12.4688,10.0895,1,1,0,0,0,0
1080,3,candidate,1088,1280,720,1920,1080,11.4555,12.3953,10.0782,1,1,0,0,0,0
1080,3,candidate,1089,1280,720,1920,1080,11.3807,12.3607,9.98605,1,1,0,0,0,0
1080,3,candidate,1090,1280,720,1920,1080,12.3679,13.5317,10.9885,1,1,0,0,0,0
1080,3,candidate,1091,1280,720,1920,1080,11.2988,12.2964,9.91846,1,1,0,0,0,0
1080,3,candidate,1092,1280,720,1920,1080,11.3183,12.3336,9.94202,1,1,0,0,0,0
1080,3,candidate,1093,1280,720,1920,1080,11.308,12.3684,9.92973,1,1,0,0,0,0
1080,3,candidate,1094,1280,720,1920,1080,11.0991,12.2114,9.71878,1,1,0,0,0,0
1080,3,candidate,1095,1280,720,1920,1080,11.1913,12.0585,9.64813,1,1,0,0,0,0
1080,3,candidate,1096,1280,720,1920,1080,11.4913,12.4581,9.85498,1,1,0,0,0,0
1080,3,candidate,1097,1280,720,1920,1080,11.8436,12.7839,10.1919,1,1,0,0,0,0
1080,3,candidate,1098,1280,720,1920,1080,11.4207,12.815,10.0434,1,1,0,0,0,0
1080,3,candidate,1099,1280,720,1920,1080,11.6326,12.6617,10.0219,1,1,0,0,0,0
1080,3,candidate,1100,1280,720,1920,1080,11.3142,12.3343,9.69626,1,1,0,0,0,0
1080,3,candidate,1101,1280,720,1920,1080,11.2896,12.2182,9.73517,1,1,0,0,0,0
1080,3,candidate,1102,1280,720,1920,1080,11.2937,12.1825,9.91539,1,1,0,0,0,0
1080,3,candidate,1103,1280,720,1920,1080,11.348,12.3087,9.97069,1,1,0,0,0,0
1080,3,candidate,1104,1280,720,1920,1080,11.3091,12.3153,9.93485,1,1,0,0,0,0
1080,3,candidate,1105,1280,720,1920,1080,11.2814,12.2597,9.90208,1,1,0,0,0,0
1080,3,candidate,1106,1280,720,1920,1080,11.433,12.4446,9.79763,1,1,0,0,0,0
1080,3,candidate,1107,1280,720,1920,1080,11.4903,12.6193,9.84986,1,1,0,0,0,0
1080,3,candidate,1108,1280,720,1920,1080,9.79968,10.8179,8.42342,1,1,0,0,0,0
1080,3,candidate,1109,1280,720,1920,1080,11.2108,12.0802,9.67782,1,1,0,0,0,0
1080,3,candidate,1110,1280,720,1920,1080,9.86419,11.7156,8.48179,1,1,0,0,0,0
1080,3,candidate,1111,1280,720,1920,1080,11.2937,12.2325,9.67782,1,1,0,0,0,0
1080,3,candidate,1112,1280,720,1920,1080,10.9875,12.0461,9.60922,1,1,0,0,0,0
1080,3,candidate,1113,1280,720,1920,1080,11.391,12.3358,10.0127,1,1,0,0,0,0
1080,3,candidate,1114,1280,720,1920,1080,11.4412,12.3604,10.0618,1,1,0,0,0,0
1080,3,candidate,1115,1280,720,1920,1080,11.4401,12.5082,10.0618,1,1,0,0,0,0
1080,3,candidate,1116,1280,720,1920,1080,11.5036,12.7341,10.1233,1,1,0,0,0,0
1080,3,candidate,1117,1280,720,1920,1080,11.3582,12.394,9.97888,1,1,0,0,0,0
1080,3,candidate,1118,1280,720,1920,1080,11.433,12.4326,10.0557,1,1,0,0,0,0
1080,3,candidate,1119,1280,720,1920,1080,11.4944,12.4438,10.1171,1,1,0,0,0,0
1080,3,candidate,1120,1280,720,1920,1080,11.3213,12.2713,9.94406,1,1,0,0,0,0
1080,3,candidate,1121,1280,720,1920,1080,11.1063,12.1668,9.69626,1,1,0,0,0,0
1080,3,candidate,1122,1280,720,1920,1080,11.2282,12.0953,9.65632,1,1,0,0,0,0
1080,3,candidate,1123,1280,720,1920,1080,11.306,12.2791,9.92666,1,1,0,0,0,0
1080,3,candidate,1124,1280,720,1920,1080,11.5087,12.442,9.87546,1,1,0,0,0,0
1080,3,candidate,1125,1280,720,1920,1080,11.4575,12.5401,9.8048,1,1,0,0,0,0
1080,3,candidate,1126,1280,720,1920,1080,11.4493,12.396,9.78637,1,1,0,0,0,0
1080,3,candidate,1127,1280,720,1920,1080,11.4555,12.5484,9.81709,1,1,0,0,0,0
1080,3,candidate,1128,1280,720,1920,1080,11.3428,12.3975,9.69728,1,1,0,0,0,0
1080,3,candidate,1129,1280,720,1920,1080,11.2691,12.1847,9.62662,1,1,0,0,0,0
1080,3,candidate,1130,1280,720,1920,1080,11.2609,12.3194,9.62253,1,1,0,0,0,0
1080,3,candidate,1131,1280,720,1920,1080,11.1729,12.5227,9.79661,1,1,0,0,0,0
1080,3,candidate,1132,1280,720,1920,1080,11.1544,12.4197,9.78125,1,1,0,0,0,0
1080,3,candidate,1133,1280,720,1920,1080,11.3316,12.4794,9.67782,1,1,0,0,0,0
1080,3,candidate,1134,1280,720,1920,1080,11.2865,12.7121,9.90822,1,1,0,0,0,0
1080,3,candidate,1135,1280,720,1920,1080,11.4944,12.4937,9.84064,1,1,0,0,0,0
1080,3,candidate,1136,1280,720,1920,1080,11.2988,12.4089,9.64915,1,1,0,0,0,0
1080,3,candidate,1137,1280,720,1920,1080,11.3316,12.4302,9.6727,1,1,0,0,0,0
1080,3,candidate,1138,1280,720,1920,1080,11.3377,12.2718,9.69626,1,1,0,0,0,0
1080,3,candidate,1139,1280,720,1920,1080,11.3756,12.4026,9.73414,1,1,0,0,0,0
1080,3,candidate,1140,1280,720,1920,1080,11.3172,12.3614,9.6768,1,1,0,0,0,0
1080,3,candidate,1141,1280,720,1920,1080,11.263,12.5342,9.8857,1,1,0,0,0,0
1080,3,candidate,1142,1280,720,1920,1080,11.2671,12.2435,9.72493,1,1,0,0,0,0
1080,3,candidate,1143,1280,720,1920,1080,11.2742,12.3696,9.89696,1,1,0,0,0,0
1080,3,candidate,1144,1280,720,1920,1080,11.2794,12.4157,9.90208,1,1,0,0,0,0
1080,3,candidate,1145,1280,720,1920,1080,11.4964,12.4386,9.87443,1,1,0,0,0,0
1080,3,candidate,1146,1280,720,1920,1080,11.2548,12.7691,9.87648,1,1,0,0,0,0
1080,3,candidate,1147,1280,720,1920,1080,11.2548,12.4158,9.87546,1,1,0,0,0,0
1080,3,candidate,1148,1280,720,1920,1080,11.5231,12.7482,10.1437,1,1,0,0,0,0
1080,3,candidate,1149,1280,720,1920,1080,11.2957,12.316,9.65427,1,1,0,0,0,0
1080,3,candidate,1150,1280,720,1920,1080,11.1729,12.5334,9.79456,1,1,0,0,0,0
1080,3,candidate,1151,1280,720,1920,1080,11.2579,12.4577,9.8816,1,1,0,0,0,0
1080,3,candidate,1152,1280,720,1920,1080,11.2599,12.4468,9.88058,1,1,0,0,0,0
1080,3,candidate,1153,1280,720,1920,1080,11.4985,12.4829,10.1202,1,1,0,0,0,0
1080,3,candidate,1154,1280,720,1920,1080,11.0582,12.121,9.63072,1,1,0,0,0,0
1080,3,candidate,1155,1280,720,1920,1080,11.6419,12.7428,9.9881,1,1,0,0,0,0
1080,3,candidate,1156,1280,720,1920,1080,11.435,12.5649,10.0567,1,1,0,0,0,0
1080,3,candidate,1157,1280,720,1920,1080,9.96659,10.9998,8.58829,1,1,0,0,0,0
1080,3,candidate,1158,1280,720,1920,1080,9.40646,10.2469,8.03226,1,1,0,0,0,0
1080,3,candidate,1159,1280,720,1920,1080,12.3218,13.3075,9.65325,1,1,0,0,0,0
1080,3,candidate,1160,1280,720,1920,1080,11.4842,12.5265,10.0997,1,1,0,0,0,0
1080,3,candidate,1161,1280,720,1920,1080,11.5241,12.7353,10.1468,1,1,0,0,0,0
1080,3,candidate,1162,1280,720,1920,1080,11.2968,12.2977,9.91846,1,1,0,0,0,0
1080,3,candidate,1163,1280,720,1920,1080,11.3132,12.3719,9.93485,1,1,0,0,0,0
1080,3,candidate,1164,1280,720,1920,1080,11.2845,12.3456,9.90618,1,1,0,0,0,0
1080,3,candidate,1165,1280,720,1920,1080,11.2998,12.4963,9.92154,1,1,0,0,0,0
1080,3,candidate,1166,1280,720,1920,1080,11.2773,12.2093,9.9031,1,1,0,0,0,0
1080,3,candidate,1167,1280,720,1920,1080,11.5364,12.6477,9.8816,1,1,0,0,0,0
1080,3,candidate,1168,1280,720,1920,1080,11.4627,12.4491,9.80582,1,1,0,0,0,0
1080,3,candidate,1169,1280,720,1920,1080,11.4985,12.4993,9.83245,1,1,0,0,0,0
1080,3,candidate,1170,1280,720,1920,1080,11.52,12.5458,9.86726,1,1,0,0,0,0
1080,3,candidate,1171,1280,720,1920,1080,11.2804,12.2764,9.90003,1,1,0,0,0,0
1080,3,candidate,1172,1280,720,1920,1080,11.522,12.7168,9.86829,1,1,0,0,0,0
1080,3,candidate,1173,1280,720,1920,1080,11.3213,12.4122,9.93792,1,1,0,0,0,0
1080,3,candidate,1174,1280,720,1920,1080,11.5671,12.5726,9.92973,1,1,0,0,0,0
1080,3,candidate,1175,1280,720,1920,1080,11.2947,12.3247,9.91949,1,1,0,0,0,0
1080,3,candidate,1176,1280,720,1920,1080,9.77715,10.7393,8.39987,1,1,0,0,0,0
1080,3,candidate,1177,1280,720,1920,1080,10.9189,12.0695,9.53958,1,1,0,0,0,0
1080,3,candidate,1178,1280,720,1920,1080,11.1411,12.2867,9.76794,1,1,0,0,0,0
1080,3,candidate,1179,1280,720,1920,1080,11.3695,12.4177,9.9881,1,1,0,0,0,0
1080,3,candidate,1180,1280,720,1920,1080,11.1053,12.2087,9.7239,1,1,0,0,0,0
1080,3,candidate,1181,1280,720,1920,1080,11.4483,12.3347,10.071,1,1,0,0,0,0
1080,3,candidate,1182,1280,720,1920,1080,11.2558,12.2336,9.87853,1,1,0,0,0,0
1080,3,candidate,1183,1280,720,1920,1080,11.0264,12.1405,9.64506,1,1,0,0,0,0
1080,3,candidate,1184,1280,720,1920,1080,11.8917,12.8154,10.2636,1,1,0,0,0,0
1080,3,candidate,1185,1280,720,1920,1080,11.2026,12.2971,9.8263,1,1,0,0,0,0
1080,3,candidate,1186,1280,720,1920,1080,11.2558,12.2097,9.88058,1,1,0,0,0,0
1080,3,candidate,1187,1280,720,1920,1080,11.522,12.6344,10.1448,1,1,0,0,0,0
1080,3,candidate,1188,1280,720,1920,1080,11.4575,12.4378,10.0833,1,1,0,0,0,0
1080,3,candidate,1189,1280,720,1920,1080,11.4565,12.4278,10.0782,1,1,0,0,0,0
1080,3,candidate,1190,1280,720,1920,1080,11.4063,12.3835,10.0311,1,1,0,0,0,0
1080,3,candidate,1191,1280,720,1920,1080,11.3039,12.3243,9.92666,1,1,0,0,0,0
1080,3,candidate,1192,1280,720,1920,1080,11.3029,12.3471,9.92666,1,1,0,0,0,0
1080,3,candidate,1193,1280,720,1920,1080,11.3101,12.395,9.9328,1,1,0,0,0,0
1080,3,candidate,1194,1280,720,1920,1080,11.3101,12.3787,9.9328,1,1,0,0,0,0
1080,3,candidate,1195,1280,720,1920,1080,11.2824,12.297,9.9072,1,1,0,0,0,0
1080,3,candidate,1196,1280,720,1920,1080,11.4033,12.4602,9.76282,1,1,0,0,0,0
1080,3,candidate,1197,1280,720,1920,1080,11.2589,12.3687,9.88262,1,1,0,0,0,0
1080,3,candidate,1198,1280,720,1920,1080,11.4483,12.4537,9.8089,1,1,0,0,0,0
1080,3,candidate,1199,1280,720,1920,1080,11.4555,12.4307,9.81709,1,1,0,0,0,0
1080,4,candidate,300,1280,720,1920,1080,11.5753,12.5954,10.2011,1,1,0,0,0,0
1080,4,candidate,301,1280,720,1920,1080,11.2323,12.2861,9.83654,1,1,0,0,0,0
1080,4,candidate,302,1280,720,1920,1080,11.3992,12.3609,10.0229,1,1,0,0,0,0
1080,4,candidate,303,1280,720,1920,1080,11.6408,12.625,9.99117,1,1,0,0,0,0
1080,4,candidate,304,1280,720,1920,1080,11.4739,12.4079,10.0977,1,1,0,0,0,0
1080,4,candidate,305,1280,720,1920,1080,11.5036,12.5401,10.1233,1,1,0,0,0,0
1080,4,candidate,306,1280,720,1920,1080,11.306,12.3151,9.93178,1,1,0,0,0,0
1080,4,candidate,307,1280,720,1920,1080,11.2845,12.3577,9.90515,1,1,0,0,0,0
1080,4,candidate,308,1280,720,1920,1080,11.266,12.2844,9.88774,1,1,0,0,0,0
1080,4,candidate,309,1280,720,1920,1080,11.4678,12.3857,9.82016,1,1,0,0,0,0
1080,4,candidate,310,1280,720,1920,1080,11.5313,12.5111,9.8816,1,1,0,0,0,0
1080,4,candidate,311,1280,720,1920,1080,11.477,12.5586,9.81504,1,1,0,0,0,0
1080,4,candidate,312,1280,720,1920,1080,11.2804,12.3331,9.90515,1,1,0,0,0,0
1080,4,candidate,313,1280,720,1920,1080,11.5016,12.516,9.83552,1,1,0,0,0,0
1080,4,candidate,314,1280,720,1920,1080,11.5415,12.545,9.8857,1,1,0,0,0,0
1080,4,candidate,315,1280,720,1920,1080,11.4033,12.7586,10.026,1,1,0,0,0,0
1080,4,candidate,316,1280,720,1920,1080,11.262,12.3818,9.88672,1,1,0,0,0,0
1080,4,candidate,317,1280,720,1920,1080,11.2783,12.3114,9.89696,1,1,0,0,0,0
1080,4,candidate,318,1280,720,1920,1080,11.4719,12.4935,9.83347,1,1,0,0,0,0
1080,4,candidate,319,1280,720,1920,1080,11.5487,12.6065,9.87853,1,1,0,0,0,0
1080,4,candidate,320,1280,720,1920,1080,11.5661,12.6169,9.92768,1,1,0,0,0,0
1080,4,candidate,321,1280,720,1920,1080,11.3398,12.7264,9.9625,1,1,0,0,0,0
1080,4,candidate,322,1280,720,1920,1080,11.2036,12.3367,9.8263,1,1,0,0,0,0
1080,4,candidate,323,1280,720,1920,1080,11.3695,12.4632,9.99014,1,1,0,0,0,0
1080,4,candidate,324,1280,720,1920,1080,11.307,12.2161,9.9287,1,1,0,0,0,0
1080,4,candidate,325,1280,720,1920,1080,11.5446,12.5907,9.89696,1,1,0,0,0,0
1080,4,candidate,326,1280,720,1920,1080,11.3142,12.391,9.93894,1,1,0,0,0,0
1080,4,candidate,327,1280,720,1920,1080,11.3521,12.4281,9.97274,1,1,0,0,0,0
1080,4,candidate,328,1280,720,1920,1080,11.4821,12.4562,9.83552,1,1,0,0,0,0
1080,4,candidate,329,1280,720,1920,1080,11.2353,12.378,9.67373,1,1,0,0,0,0
1080,4,candidate,330,1280,720,1920,1080,11.3603,12.4061,9.98605,1,1,0,0,0,0
1080,4,candidate,331,1280,720,1920,1080,9.94304,10.9144,8.56576,1,1,0,0,0,0
1080,4,candidate,332,1280,720,1920,1080,12.3863,13.443,10.9752,1,1,0,0,0,0
1080,4,candidate,333,1280,720,1920,1080,11.3388,12.8472,9.96147,1,1,0,0,0,0
1080,4,candidate,334,1280,720,1920,1080,11.4227,12.351,9.77408,1,1,0,0,0,0
1080,4,candidate,335,1280,720,1920,1080,11.3009,12.2991,9.65632,1,1,0,0,0,0
1080,4,candidate,336,1280,720,1920,1080,11.4586,12.4473,9.81094,1,1,0,0,0,0
1080,4,candidate,337,1280,720,1920,1080,11.3121,12.2783,9.6553,1,1,0,0,0,0
1080,4,candidate,338,1280,720,1920,1080,11.349,12.7987,9.97376,1,1,0,0,0,0
1080,4,candidate,339,1280,720,1920,1080,10.8851,11.9721,9.50886,1,1,0,0,0,0
1080,4,candidate,340,1280,720,1920,1080,11.2896,12.4118,9.9113,1,1,0,0,0,0
1080,4,candidate,341,1280,720,1920,1080,11.3818,12.3214,9.66144,1,1,0,0,0,0
1080,4,candidate,342,1280,720,1920,1080,10.0997,11.0477,8.72653,1,1,0,0,0,0
1080,4,candidate,343,1280,720,1920,1080,12.4324,13.3932,11.0152,1,1,0,0,0,0
1080,4,candidate,344,1280,720,1920,1080,11.5446,12.5073,9.89286,1,1,0,0,0,0
1080,4,candidate,345,1280,720,1920,1080,11.0203,12.2541,9.64506,1,1,0,0,0,0
1080,4,candidate,346,1280,720,1920,1080,11.1596,12.2714,9.78432,1,1,0,0,0,0
1080,4,candidate,347,1280,720,1920,1080,11.177,12.2145,9.79866,1,1,0,0,0,0
1080,4,candidate,348,1280,720,1920,1080,11.0694,12.2343,9.69114,1,1,0,0,0,0
1080,4,candidate,349,1280,720,1920,1080,11.2558,12.2346,9.87853,1,1,0,0,0,0
1080,4,candidate,350,1280,720,1920,1080,11.3132,12.3878,9.9369,1,1,0,0,0,0
1080,4,candidate,351,1280,720,1920,1080,11.2937,12.3403,9.67885,1,1,0,0,0,0
1080,4,candidate,352,1280,720,1920,1080,11.2527,12.1992,9.6297,1,1,0,0,0,0
1080,4,candidate,353,1280,720,1920,1080,11.4033,12.271,10.0229,1,1,0,0,0,0
1080,4,candidate,354,1280,720,1920,1080,11.476,12.4023,10.0966,1,1,0,0,0,0
1080,4,candidate,355,1280,720,1920,1080,11.3009,12.2541,9.92154,1,1,0,0,0,0
1080,4,candidate,356,1280,720,1920,1080,11.2691,12.1842,9.89184,1,1,0,0,0,0
1080,4,candidate,357,1280,720,1920,1080,11.477,12.4661,9.84883,1,1,0,0,0,0
1080,4,candidate,358,1280,720,1920,1080,11.4688,12.4715,9.83859,1,1,0,0,0,0
1080,4,candidate,359,1280,720,1920,1080,11.4043,12.5543,9.77715,1,1,0,0,0,0
1080,4,candidate,360,1280,720,1920,1080,11.4545,12.3835,9.82323,1,1,0,0,0,0
1080,4,candidate,361,1280,720,1920,1080,11.2691,12.302,9.88877,1,1,0,0,0,0
1080,4,candidate,362,1280,720,1920,1080,11.4289,12.3697,9.8007,1,1,0,0,0,0
1080,4,candidate,363,1280,720,1920,1080,11.4883,12.4518,9.85805,1,1,0,0,0,0
1080,4,candidate,364,1280,720,1920,1080,11.4852,12.589,9.86419,1,1,0,0,0,0
1080,4,candidate,365,1280,720,1920,1080,11.435,12.3898,9.80378,1,1,0,0,0,0
1080,4,candidate,366,1280,720,1920,1080,11.4729,12.5371,9.84474,1,1,0,0,0,0
1080,4,candidate,367,1280,720,1920,1080,11.4934,12.4643,9.86726,1,1,0,0,0,0
1080,4,candidate,368,1280,720,1920,1080,11.4647,12.4397,9.83552,1,1,0,0,0,0
1080,4,candidate,369,1280,720,1920,1080,11.4401,12.5834,9.81299,1,1,0,0,0,0
1080,4,candidate,370,1280,720,1920,1080,11.4678,12.4831,9.84064,1,1,0,0,0,0
1080,4,candidate,371,1280,720,1920,1080,11.5425,12.5901,9.90925,1,1,0,0,0,0
1080,4,candidate,372,1280,720,1920,1080,11.4719,12.3822,9.83347,1,1,0,0,0,0
1080,4,candidate,373,1280,720,1920,1080,11.2374,12.2305,9.8601,1,1,0,0,0,0
1080,4,candidate,374,1280,720,1920,1080,11.8999,12.9019,10.2656,1,1,0,0,0,0
1080,4,candidate,375,1280,720,1920,1080,11.0203,12.2041,8.37427,1,1,0,0,0,0
1080,4,candidate,376,1280,720,1920,1080,11.4166,12.6237,10.0372,1,1,0,0,0,0
1080,4,candidate,377,1280,720,1920,1080,9.74746,10.7232,8.37325,1,1,0,0,0,0
1080,4,candidate,378,1280,720,1920,1080,12.8328,13.8931,9.92256,1,1,0,0,0,0
1080,4,candidate,379,1280,720,1920,1080,11.3172,12.4899,9.94202,1,1,0,0,0,0
1080,4,candidate,380,1280,720,1920,1080,10.9947,12.0455,9.62048,1,1,0,0,0,0
1080,4,candidate,381,1280,720,1920,1080,9.80378,10.7375,8.4265,1,1,0,0,0,0
1080,4,candidate,382,1280,720,1920,1080,11.266,12.1159,9.88877,1,1,0,0,0,0
1080,4,candidate,383,1280,720,1920,1080,11.2824,12.2773,9.6553,1,1,0,0,0,0
1080,4,candidate,384,1280,720,1920,1080,11.3992,12.4633,9.68909,1,1,0,0,0,0
1080,4,candidate,385,1280,720,1920,1080,11.2998,12.2918,9.6809,1,1,0,0,0,0
1080,4,candidate,386,1280,720,1920,1080,11.263,12.3034,9.88672,1,1,0,0,0,0
1080,4,candidate,387,1280,720,1920,1080,11.4657,12.4645,10.0884,1,1,0,0,0,0
1080,4,candidate,388,1280,720,1920,1080,11.4596,12.4434,10.0833,1,1,0,0,0,0
1080,4,candidate,389,1280,720,1920,1080,11.4964,12.4626,10.1181,1,1,0,0,0,0
1080,4,candidate,390,1280,720,1920,1080,11.3961,12.3213,10.0178,1,1,0,0,0,0
1080,4,candidate,391,1280,720,1920,1080,11.4749,12.5137,10.0966,1,1,0,0,0,0
1080,4,candidate,392,1280,720,1920,1080,11.4647,12.472,10.0884,1,1,0,0,0,0
1080,4,candidate,393,1280,720,1920,1080,11.4801,12.5629,10.1007,1,1,0,0,0,0
1080,4,candidate,394,1280,720,1920,1080,11.4698,12.5165,10.0915,1,1,0,0,0,0
1080,4,candidate,395,1280,720,1920,1080,11.434,12.411,10.0547,1,1,0,0,0,0
1080,4,candidate,396,1280,720,1920,1080,11.2804,12.2861,9.90515,1,1,0,0,0,0
1080,4,candidate,397,1280,720,1920,1080,11.4422,12.5601,10.0639,1,1,0,0,0,0
1080,4,candidate,398,1280,720,1920,1080,11.4422,12.4025,10.0639,1,1,0,0,0,0
1080,4,candidate,399,1280,720,1920,1080,11.4985,12.6446,10.1212,1,1,0,0,0,0
1080,4,candidate,400,1280,720,1920,1080,11.4524,12.3727,10.0731,1,1,0,0,0,0
1080,4,candidate,401,1280,720,1920,1080,11.4852,12.4629,10.1059,1,1,0,0,0,0
1080,4,candidate,402,1280,720,1920,1080,11.3818,12.4661,10.0055,1,1,0,0,0,0
1080,4,candidate,403,1280,720,1920,1080,11.4831,12.491,10.1048,1,1,0,0,0,0
1080,4,candidate,404,1280,720,1920,1080,11.3357,12.4361,9.95738,1,1,0,0,0,0
1080,4,candidate,405,1280,720,1920,1080,11.3132,12.3458,9.93587,1,1,0,0,0,0
1080,4,candidate,406,1280,720,1920,1080,11.3091,12.3212,9.9328,1,1,0,0,0,0
1080,4,candidate,407,1280,720,1920,1080,11.5077,12.4757,9.85805,1,1,0,0,0,0
1080,4,candidate,408,1280,720,1920,1080,11.2599,12.2319,9.88672,1,1,0,0,0,0
1080,4,candidate,409,1280,720,1920,1080,11.5302,12.7031,9.87955,1,1,0,0,0,0
1080,4,candidate,410,1280,720,1920,1080,11.2732,12.3071,9.89901,1,1,0,0,0,0
1080,4,candidate,411,1280,720,1920,1080,11.308,12.287,9.9287,1,1,0,0,0,0
1080,4,candidate,412,1280,720,1920,1080,11.476,12.5939,9.83654,1,1,0,0,0,0
1080,4,candidate,413,1280,720,1920,1080,11.2824,12.2666,9.90413,1,1,0,0,0,0
1080,4,candidate,414,1280,720,1920,1080,11.4862,12.6063,9.83859,1,1,0,0,0,0
1080,4,candidate,415,1280,720,1920,1080,11.4872,12.4977,9.84576,1,1,0,0,0,0
1080,4,candidate,416,1280,720,1920,1080,11.5149,12.5141,9.86624,1,1,0,0,0,0
1080,4,candidate,417,1280,720,1920,1080,11.3756,12.4999,9.99424,1,1,0,0,0,0
1080,4,candidate,418,1280,720,1920,1080,11.4924,12.5361,9.856,1,1,0,0,0,0
1080,4,candidate,419,1280,720,1920,1080,11.5405,12.6451,9.88262,1,1,0,0,0,0
1080,4,candidate,420,1280,720,1920,1080,11.3019,12.3912,9.92563,1,1,0,0,0,0
1080,4,candidate,421,1280,720,1920,1080,11.2773,12.5033,9.89798,1,1,0,0,0,0
1080,4,candidate,422,1280,720,1920,1080,11.3275,12.3554,9.95328,1,1,0,0,0,0
1080,4,candidate,423,1280,720,1920,1080,11.4575,12.3812,9.81709,1,1,0,0,0,0
1080,4,candidate,424,1280,720,1920,1080,11.5538,12.7384,9.81402,1,1,0,0,0,0
1080,4,candidate,425,1280,720,1920,1080,11.3193,12.3596,9.94099,1,1,0,0,0,0
1080,4,candidate,426,1280,720,1920,1080,11.3091,12.3545,9.93485,1,1,0,0,0,0
1080,4,candidate,427,1280,720,1920,1080,11.3193,12.2364,9.76077,1,1,0,0,0,0
1080,4,candidate,428,1280,720,1920,1080,10.9548,12.0233,9.58157,1,1,0,0,0,0
1080,4,candidate,429,1280,720,1920,1080,11.4924,12.5295,9.84371,1,1,0,0,0,0
1080,4,candidate,430,1280,720,1920,1080,11.3316,12.3961,9.67885,1,1,0,0,0,0
1080,4,candidate,431,1280,720,1920,1080,11.3213,12.3133,9.67168,1,1,0,0,0,0
1080,4,candidate,432,1280,720,1920,1080,11.3572,12.5492,9.71162,1,1,0,0,0,0
1080,4,candidate,433,1280,720,1920,1080,11.266,12.3511,9.6215,1,1,0,0,0,0
1080,4,candidate,434,1280,720,1920,1080,11.3101,12.3771,9.65734,1,1,0,0,0,0
1080,4,candidate,435,1280,720,1920,1080,11.3316,12.2794,9.69216,1,1,0,0,0,0
1080,4,candidate,436,1280,720,1920,1080,11.1514,12.955,9.77818,1,1,0,0,0,0
1080,4,candidate,437,1280,720,1920,1080,11.1319,12.1253,9.75155,1,1,0,0,0,0
1080,4,candidate,438,1280,720,1920,1080,11.2916,12.2758,9.67168,1,1,0,0,0,0
1080,4,candidate,439,1280,720,1920,1080,11.2005,12.4382,9.82426,1,1,0,0,0,0
1080,4,candidate,440,1280,720,1920,1080,11.3193,12.597,9.94304,1,1,0,0,0,0
1080,4,candidate,441,1280,720,1920,1080,11.2681,12.278,9.89082,1,1,0,0,0,0
1080,4,candidate,442,1280,720,1920,1080,10.0844,10.9746,8.71219,1,1,0,0,0,0
1080,4,candidate,443,1280,720,1920,1080,12.7212,13.7915,11.2947,1,1,0,0,0,0
1080,4,candidate,444,1280,720,1920,1080,11.1442,12.1971,9.76998,1,1,0,0,0,0
1080,4,candidate,445,1280,720,1920,1080,11.2302,12.1923,9.85395,1,1,0,0,0,0
1080,4,candidate,446,1280,720,1920,1080,11.2824,12.2428,9.90822,1,1,0,0,0,0
1080,4,candidate,447,1280,720,1920,1080,11.1974,12.2768,9.8007,1,1,0,0,0,0
1080,4,candidate,448,1280,720,1920,1080,11.3377,12.2442,9.94918,1,1,0,0,0,0
1080,4,candidate,449,1280,720,1920,1080,10.9537,12.0636,9.57645,1,1,0,0,0,0
1080,4,candidate,450,1280,720,1920,1080,11.6664,12.619,10.2953,1,1,0,0,0,0
1080,4,candidate,451,1280,720,1920,1080,11.2394,12.2488,9.86317,1,1,0,0,0,0
1080,4,candidate,452,1280,720,1920,1080,11.2773,12.3056,9.90413,1,1,0,0,0,0
1080,4,candidate,453,1280,720,1920,1080,11.4729,12.9236,10.0956,1,1,0,0,0,0
1080,4,candidate,454,1280,720,1920,1080,11.2466,12.2381,9.86829,1,1,0,0,0,0
1080,4,candidate,455,1280,720,1920,1080,11.135,12.306,9.74234,1,1,0,0,0,0
1080,4,candidate,456,1280,720,1920,1080,11.4821,12.4048,10.1059,1,1,0,0,0,0
1080,4,candidate,457,1280,720,1920,1080,11.4442,12.3757,9.8775,1,1,0,0,0,0
1080,4,candidate,458,1280,720,1920,1080,11.476,12.4899,9.82118,1,1,0,0,0,0
1080,4,candidate,459,1280,720,1920,1080,11.1974,12.341,9.79763,1,1,0,0,0,0
1080,4,candidate,460,1280,720,1920,1080,11.4678,12.3982,10.0936,1,1,0,0,0,0
1080,4,candidate,461,1280,720,1920,1080,11.3684,12.3589,9.99219,1,1,0,0,0,0
1080,4,candidate,462,1280,720,1920,1080,11.3132,12.3138,9.9369,1,1,0,0,0,0
1080,4,candidate,463,1280,720,1920,1080,11.4862,12.4187,9.82528,1,1,0,0,0,0
1080,4,candidate,464,1280,720,1920,1080,11.1575,12.1402,9.78432,1,1,0,0,0,0
1080,4,candidate,465,1280,720,1920,1080,11.266,12.3696,9.8857,1,1,0,0,0,0
1080,4,candidate,466,1280,720,1920,1080,12.8348,13.888,11.4504,1,1,0,0,0,0
1080,4,candidate,467,1280,720,1920,1080,11.5538,12.5101,10.1745,1,1,0,0,0,0
1080,4,candidate,468,1280,720,1920,1080,11.3295,12.355,9.95533,1,1,0,0,0,0
1080,4,candidate,469,1280,720,1920,1080,11.3879,12.3501,10.0127,1,1,0,0,0,0
1080,4,candidate,470,1280,720,1920,1080,11.4678,12.4547,9.8304,1,1,0,0,0,0
1080,4,candidate,471,1280,720,1920,1080,11.436,12.3368,10.0588,1,1,0,0,0,0
1080,4,candidate,472,1280,720,1920,1080,11.222,12.1289,9.84678,1,1,0,0,0,0
1080,4,candidate,473,1280,720,1920,1080,11.2589,12.3923,9.8601,1,1,0,0,0,0
1080,4,candidate,474,1280,720,1920,1080,11.5343,12.528,9.90515,1,1,0,0,0,0
1080,4,candidate,475,1280,720,1920,1080,11.1739,12.1533,9.79558,1,1,0,0,0,0
1080,4,candidate,476,1280,720,1920,1080,11.2538,12.3168,9.70342,1,1,0,0,0,0
1080,4,candidate,477,1280,720,1920,1080,11.0868,12.2588,9.65427,1,1,0,0,0,0
1080,4,candidate,478,1280,720,1920,1080,11.0868,12.0557,9.71366,1,1,0,0,0,0
1080,4,candidate,479,1280,720,1920,1080,11.3408,12.3582,9.96557,1,1,0,0,0,0
1080,4,candidate,480,1280,720,1920,1080,11.2425,12.2501,9.86829,1,1,0,0,0,0
1080,4,candidate,481,1280,720,1920,1080,11.5446,12.6873,9.91846,1,1,0,0,0,0
1080,4,candidate,482,1280,720,1920,1080,11.2609,12.6074,9.8857,1,1,0,0,0,0
1080,4,candidate,483,1280,720,1920,1080,11.4033,12.4434,9.86829,1,1,0,0,0,0
1080,4,candidate,484,1280,720,1920,1080,11.2947,12.3019,9.91744,1,1,0,0,0,0
1080,4,candidate,485,1280,720,1920,1080,11.1923,12.4013,9.81504,1,1,0,0,0,0
1080,4,candidate,486,1280,720,1920,1080,11.177,12.3513,9.8007,1,1,0,0,0,0
1080,4,candidate,487,1280,720,1920,1080,11.1892,12.2587,9.81504,1,1,0,0,0,0
1080,4,candidate,488,1280,720,1920,1080,9.93178,10.9029,8.55859,1,1,0,0,0,0
1080,4,candidate,489,1280,720,1920,1080,12.5153,13.5399,11.1063,1,1,0,0,0,0
1080,4,candidate,490,1280,720,1920,1080,11.433,12.4743,9.78534,1,1,0,0,0,0
1080,4,candidate,491,1280,720,1920,1080,11.2589,12.297,9.87955,1,1,0,0,0,0
1080,4,candidate,492,1280,720,1920,1080,11.1022,12.3168,9.72902,1,1,0,0,0,0
1080,4,candidate,493,1280,720,1920,1080,11.2527,12.5129,9.87443,1,1,0,0,0,0
1080,4,candidate,494,1280,720,1920,1080,11.2753,12.2726,9.90106,1,1,0,0,0,0
1080,4,candidate,495,1280,720,1920,1080,11.3224,12.3678,9.94714,1,1,0,0,0,0
1080,4,candidate,496,1280,720,1920,1080,11.3172,12.2703,9.67782,1,1,0,0,0,0
1080,4,candidate,497,1280,720,1920,1080,10.9763,12.1065,9.59693,1,1,0,0,0,0
1080,4,candidate,498,1280,720,1920,1080,11.4862,12.5227,10.1069,1,1,0,0,0,0
1080,4,candidate,499,1280,720,1920,1080,11.2138,12.1278,9.8345,1,1,0,0,0,0
1080,4,candidate,500,1280,720,1920,1080,11.2671,12.2075,9.88979,1,1,0,0,0,0
1080,4,candidate,501,1280,720,1920,1080,11.2742,12.2534,9.89798,1,1,0,0,0,0
1080,4,candidate,502,1280,720,1920,1080,11.2906,12.3219,9.91539,1,1,0,0,0,0
1080,4,candidate,503,1280,720,1920,1080,11.4924,12.4589,9.856,1,1,0,0,0,0
1080,4,candidate,504,1280,720,1920,1080,11.4954,12.4336,9.8519,1,1,0,0,0,0
1080,4,candidate,505,1280,720,1920,1080,11.2353,12.4178,9.85498,1,1,0,0,0,0
1080,4,candidate,506,1280,720,1920,1080,11.2804,12.2966,9.9031,1,1,0,0,0,0
1080,4,candidate,507,1280,720,1920,1080,11.3367,12.3129,9.67066,1,1,0,0,0,0
1080,4,candidate,508,1280,720,1920,1080,11.3961,12.4031,9.69626,1,1,0,0,0,0
1080,4,candidate,509,1280,720,1920,1080,11.4053,12.526,9.74438,1,1,0,0,0,0
1080,4,candidate,510,1280,720,1920,1080,11.3101,12.2959,9.65632,1,1,0,0,0,0
1080,4,candidate,511,1280,720,1920,1080,9.76384,10.7663,8.38861,1,1,0,0,0,0
1080,4,candidate,512,1280,720,1920,1080,12.3935,13.3556,10.9926,1,1,0,0,0,0
1080,4,candidate,513,1280,720,1920,1080,11.2138,12.3674,9.8345,1,1,0,0,0,0
1080,4,candidate,514,1280,720,1920,1080,9.73926,10.6709,8.36506,1,1,0,0,0,0
1080,4,candidate,515,1280,720,1920,1080,10.5902,13.3701,9.19654,1,1,0,0,0,0
1080,4,candidate,516,1280,720,1920,1080,11.5343,12.4319,10.1591,1,1,0,0,0,0
1080,4,candidate,517,1280,720,1920,1080,11.1299,12.3192,9.73414,1,1,0,0,0,0
1080,4,candidate,518,1280,720,1920,1080,11.4452,12.3467,10.0608,1,1,0,0,0,0
1080,4,candidate,519,1280,720,1920,1080,11.2609,12.2599,9.88058,1,1,0,0,0,0
1080,4,candidate,520,1280,720,1920,1080,11.2712,12.284,9.89594,1,1,0,0,0,0
1080,4,candidate,521,1280,720,1920,1080,11.479,12.3974,10.1018,1,1,0,0,0,0
1080,4,candidate,522,1280,720,1920,1080,11.2466,12.2229,9.87034,1,1,0,0,0,0
1080,4,candidate,523,1280,720,1920,1080,11.4432,12.4357,10.0639,1,1,0,0,0,0
1080,4,candidate,524,1280,720,1920,1080,11.266,12.2343,9.89184,1,1,0,0,0,0
1080,4,candidate,525,1280,720,1920,1080,11.2906,12.2562,9.91334,1,1,0,0,0,0
1080,4,candidate,526,1280,720,1920,1080,11.4729,12.5878,9.83654,1,1,0,0,0,0
1080,4,candidate,527,1280,720,1920,1080,11.3193,12.558,9.94099,1,1,0,0,0,0
1080,4,candidate,528,1280,720,1920,1080,11.2783,12.2206,9.90106,1,1,0,0,0,0
1080,4,candidate,529,1280,720,1920,1080,11.4575,12.4498,9.81914,1,1,0,0,0,0
1080,4,candidate,530,1280,720,1920,1080,9.95635,10.9127,8.58317,1,1,0,0,0,0
1080,4,candidate,531,1280,720,1920,1080,12.4938,13.6365,11.0766,1,1,0,0,0,0
1080,4,candidate,532,1280,720,1920,1080,9.74541,10.7477,8.37222,1,1,0,0,0,0
1080,4,candidate,533,1280,720,1920,1080,13.1963,14.1578,11.776,1,1,0,0,0,0
1080,4,candidate,534,1280,720,1920,1080,11.4452,12.4636,9.80173,1,1,0,0,0,0
1080,4,candidate,535,1280,720,1920,1080,11.2148,12.1566,9.6553,1,1,0,0,0,0
1080,4,candidate,536,1280,720,1920,1080,11.4278,12.405,10.0536,1,1,0,0,0,0
1080,4,candidate,537,1280,720,1920,1080,11.3572,12.355,9.70957,1,1,0,0,0,0
1080,4,candidate,538,1280,720,1920,1080,11.3541,12.3489,9.7065,1,1,0,0,0,0
1080,4,candidate,539,1280,720,1920,1080,11.3285,12.5928,9.95021,1,1,0,0,0,0
1080,4,candidate,540,1280,720,1920,1080,11.2374,12.4592,9.86317,1,1,0,0,0,0
1080,4,candidate,541,1280,720,1920,1080,11.1667,12.395,9.79046,1,1,0,0,0,0
1080,4,candidate,542,1280,720,1920,1080,11.1913,12.2492,9.81606,1,1,0,0,0,0
1080,4,candidate,543,1280,720,1920,1080,11.2835,12.2255,9.9072,1,1,0,0,0,0
1080,4,candidate,544,1280,720,1920,1080,11.0193,12.0476,9.64096,1,1,0,0,0,0
1080,4,candidate,545,1280,720,1920,1080,11.4186,12.4557,10.0291,1,1,0,0,0,0
1080,4,candidate,546,1280,720,1920,1080,11.262,12.1782,9.88262,1,1,0,0,0,0
1080,4,candidate,547,1280,720,1920,1080,11.1217,12.3699,9.74438,1,1,0,0,0,0
1080,4,candidate,548,1280,720,1920,1080,11.7617,12.7449,10.3782,1,1,0,0,0,0
1080,4,candidate,549,1280,720,1920,1080,11.3664,12.6448,9.99014,1,1,0,0,0,0
1080,4,candidate,550,1280,720,1920,1080,11.1995,12.1531,9.8089,1,1,0,0,0,0
1080,4,candidate,551,1280,720,1920,1080,11.2876,12.2581,9.90925,1,1,0,0,0,0
1080,4,candidate,552,1280,720,1920,1080,11.3224,12.2135,9.94304,1,1,0,0,0,0
1080,4,candidate,553,1280,720,1920,1080,11.0039,12.073,9.6256,1,1,0,0,0,0
1080,4,candidate,554,1280,720,1920,1080,11.3725,12.3986,9.99322,1,1,0,0,0,0
1080,4,candidate,555,1280,720,1920,1080,11.2865,12.2602,9.91027,1,1,0,0,0,0
1080,4,candidate,556,1280,720,1920,1080,11.1995,12.2524,9.77306,1,1,0,0,0,0
1080,4,candidate,557,1280,720,1920,1080,11.8487,12.869,10.2113,1,1,0,0,0,0
1080,4,candidate,558,1280,720,1920,1080,11.3674,12.3814,9.99219,1,1,0,0,0,0
1080,4,candidate,559,1280,720,1920,1080,11.2353,12.174,9.86214,1,1,0,0,0,0
1080,4,candidate,560,1280,720,1920,1080,11.476,12.4037,9.83859,1,1,0,0,0,0
1080,4,candidate,561,1280,720,1920,1080,11.262,12.2477,9.88467,1,1,0,0,0,0
1080,4,candidate,562,1280,720,1920,1080,11.5753,12.5525,10.199,1,1,0,0,0,0
1080,4,candidate,563,1280,720,1920,1080,11.307,12.3013,9.9287,1,1,0,0,0,0
1080,4,candidate,564,1280,720,1920,1080,11.4852,12.5002,9.84474,1,1,0,0,0,0
1080,4,candidate,565,1280,720,1920,1080,11.4606,12.5823,9.8304,1,1,0,0,0,0
1080,4,candidate,566,1280,720,1920,1080,11.4596,12.5022,9.8345,1,1,0,0,0,0
1080,4,candidate,567,1280,720,1920,1080,11.3459,12.4236,9.80173,1,1,0,0,0,0
1080,4,candidate,568,1280,720,1920,1080,11.2855,12.2074,9.90925,1,1,0,0,0,0
1080,4,candidate,569,1280,720,1920,1080,11.4156,12.3762,9.77408,1,1,0,0,0,0
1080,4,candidate,570,1280,720,1920,1080,11.3234,12.3645,9.66963,1,1,0,0,0,0
1080,4,candidate,571,1280,720,1920,1080,11.4217,12.5689,9.76896,1,1,0,0,0,0
1080,4,candidate,572,1280,720,1920,1080,11.35,12.3431,9.69728,1,1,0,0,0,0
1080,4,candidate,573,1280,720,1920,1080,11.3347,12.3204,9.67578,1,1,0,0,0,0
1080,4,candidate,574,1280,720,1920,1080,11.2579,12.2963,9.62355,1,1,0,0,0,0
1080,4,candidate,575,1280,720,1920,1080,11.2159,12.5437,9.84166,1,1,0,0,0,0
1080,4,candidate,576,1280,720,1920,1080,11.2374,12.5268,9.86317,1,1,0,0,0,0
1080,4,candidate,577,1280,720,1920,1080,11.9009,13.0097,10.2543,1,1,0,0,0,0
1080,4,candidate,578,1280,720,1920,1080,11.2794,12.2047,9.90618,1,1,0,0,0,0
1080,4,candidate,579,1280,720,1920,1080,11.4565,12.5371,9.81299,1,1,0,0,0,0
1080,4,candidate,580,1280,720,1920,1080,11.5128,12.6324,9.84986,1,1,0,0,0,0
1080,4,candidate,581,1280,720,1920,1080,11.4719,12.6312,9.81811,1,1,0,0,0,0
1080,4,candidate,582,1280,720,1920,1080,11.2568,12.2113,9.88262,1,1,0,0,0,0
1080,4,candidate,583,1280,720,1920,1080,11.2947,12.2552,9.66042,1,1,0,0,0,0
1080,4,candidate,584,1280,720,1920,1080,11.2835,12.3246,9.64198,1,1,0,0,0,0
1080,4,candidate,585,1280,720,1920,1080,11.4391,12.4409,9.79968,1,1,0,0,0,0
1080,4,candidate,586,1280,720,1920,1080,11.2179,12.586,9.84064,1,1,0,0,0,0
1080,4,candidate,587,1280,720,1920,1080,11.2476,12.3222,9.71162,1,1,0,0,0,0
1080,4,candidate,588,1280,720,1920,1080,11.4739,12.6028,10.1007,1,1,0,0,0,0
1080,4,candidate,589,1280,720,1920,1080,11.2241,12.206,9.65632,1,1,0,0,0,0
1080,4,candidate,590,1280,720,1920,1080,11.4688,12.549,10.0936,1,1,0,0,0,0
1080,4,candidate,591,1280,720,1920,1080,11.2968,12.261,9.64813,1,1,0,0,0,0
1080,4,candidate,592,1280,720,1920,1080,11.2824,12.6227,9.90618,1,1,0,0,0,0
1080,4,candidate,593,1280,720,1920,1080,11.2763,12.4872,9.90003,1,1,0,0,0,0
1080,4,candidate,594,1280,720,1920,1080,11.2978,12.2912,9.92154,1,1,0,0,0,0
1080,4,candidate,595,1280,720,1920,1080,11.3336,12.4652,9.67578,1,1,0,0,0,0
1080,4,candidate,596,1280,720,1920,1080,11.1555,12.3293,9.78022,1,1,0,0,0,0
1080,4,candidate,597,1280,720,1920,1080,11.1411,12.1597,9.76282,1,1,0,0,0,0
1080,4,candidate,598,1280,720,1920,1080,9.8048,10.8075,8.42957,1,1,0,0,0,0
1080,4,candidate,599,1280,720,1920,1080,12.5491,13.5989,11.1278,1,1,0,0,0,0
1080,4,candidate,600,1280,720,1920,1080,11.0694,12.0705,9.69421,1,1,0,0,0,0
1080,4,candidate,601,1280,720,1920,1080,11.265,12.2151,9.88774,1,1,0,0,0,0
1080,4,candidate,602,1280,720,1920,1080,11.2865,12.2822,9.91232,1,1,0,0,0,0
1080,4,candidate,603,1280,720,1920,1080,11.2753,12.2132,9.88877,1,1,0,0,0,0
1080,4,candidate,604,1280,720,1920,1080,10.965,12.0491,9.59386,1,1,0,0,0,0
1080,4,candidate,605,1280,720,1920,1080,11.2763,12.2444,9.89901,1,1,0,0,0,0
1080,4,candidate,606,1280,720,1920,1080,11.2681,12.2483,9.89082,1,1,0,0,0,0
1080,4,candidate,607,1280,720,1920,1080,11.4872,12.483,10.111,1,1,0,0,0,0
1080,4,candidate,608,1280,720,1920,1080,11.4125,12.3683,10.0383,1,1,0,0,0,0
1080,4,candidate,609,1280,720,1920,1080,11.2876,12.3753,9.91027,1,1,0,0,0,0
1080,4,candidate,610,1280,720,1920,1080,11.2712,12.2542,9.89798,1,1,0,0,0,0
1080,4,candidate,611,1280,720,1920,1080,11.3162,12.2296,9.93997,1,1,0,0,0,0
1080,4,candidate,612,1280,720,1920,1080,11.433,12.4163,9.79558,1,1,0,0,0,0
1080,4,candidate,613,1280,720,1920,1080,11.3889,12.4016,10.0116,1,1,0,0,0,0
1080,4,candidate,614,1280,720,1920,1080,11.4883,12.5085,9.84371,1,1,0,0,0,0
1080,4,candidate,615,1280,720,1920,1080,11.4954,12.521,9.83962,1,1,0,0,0,0
1080,4,candidate,616,1280,720,1920,1080,12.2511,13.4904,10.6097,1,1,0,0,0,0
1080,4,candidate,617,1280,720,1920,1080,11.3428,12.7081,9.96762,1,1,0,0,0,0
1080,4,candidate,618,1280,720,1920,1080,11.2998,12.5051,9.92461,1,1,0,0,0,0
1080,4,candidate,619,1280,720,1920,1080,11.2558,12.315,9.8775,1,1,0,0,0,0
1080,4,candidate,620,1280,720,1920,1080,11.2138,12.2079,9.84064,1,1,0,0,0,0
1080,4,candidate,621,1280,720,1920,1080,11.3101,12.3048,9.93382,1,1,0,0,0,0
1080,4,candidate,622,1280,720,1920,1080,11.3152,12.3736,9.94099,1,1,0,0,0,0
1080,4,candidate,623,1280,720,1920,1080,11.2722,12.281,9.89491,1,1,0,0,0,0
1080,4,candidate,624,1280,720,1920,1080,11.3121,12.3966,9.93894,1,1,0,0,0,0
1080,4,candidate,625,1280,720,1920,1080,11.4452,12.4523,9.8007,1,1,0,0,0,0
1080,4,candidate,626,1280,720,1920,1080,11.4545,12.5842,10.0803,1,1,0,0,0,0
1080,4,candidate,627,1280,720,1920,1080,11.3316,12.3483,9.9584,1,1,0,0,0,0
1080,4,candidate,628,1280,720,1920,1080,11.4698,12.5418,9.83245,1,1,0,0,0,0
1080,4,candidate,629,1280,720,1920,1080,11.3142,12.3541,9.9369,1,1,0,0,0,0
1080,4,candidate,630,1280,720,1920,1080,11.2896,12.3375,9.91232,1,1,0,0,0,0
1080,4,candidate,631,1280,720,1920,1080,11.4289,12.4367,9.78125,1,1,0,0,0,0
1080,4,candidate,632,1280,720,1920,1080,11.5487,12.5649,9.83142,1,1,0,0,0,0
1080,4,candidate,633,1280,720,1920,1080,11.1514,12.1997,9.73107,1,1,0,0,0,0
1080,4,candidate,634,1280,720,1920,1080,11.0418,12.0439,9.66554,1,1,0,0,0,0
1080,4,candidate,635,1280,720,1920,1080,10.878,11.9541,9.5017,1,1,0,0,0,0
1080,4,candidate,636,1280,720,1920,1080,11.1698,12.1685,9.61536,1,1,0,0,0,0
1080,4,candidate,637,1280,720,1920,1080,11.2886,12.3332,9.91334,1,1,0,0,0,0
1080,4,candidate,638,1280,720,1920,1080,11.435,12.5193,10.0628,1,1,0,0,0,0
1080,4,candidate,639,1280,720,1920,1080,11.2855,12.3396,9.90618,1,1,0,0,0,0
1080,4,candidate,640,1280,720,1920,1080,11.264,12.2672,9.88774,1,1,0,0,0,0
1080,4,candidate,641,1280,720,1920,1080,11.3132,12.219,9.68499,1,1,0,0,0,0
1080,4,candidate,642,1280,720,1920,1080,11.2384,12.4185,9.86522,1,1,0,0,0,0
1080,4,candidate,643,1280,720,1920,1080,11.1524,12.1087,9.77613,1,1,0,0,0,0
1080,4,candidate,644,1280,720,1920,1080,11.2998,12.2686,9.92154,1,1,0,0,0,0
1080,4,candidate,645,1280,720,1920,1080,11.2404,12.1559,9.62662,1,1,0,0,0,0
1080,4,candidate,646,1280,720,1920,1080,11.2824,12.3478,9.9072,1,1,0,0,0,0
1080,4,candidate,647,1280,720,1920,1080,11.4053,12.3279,10.0301,1,1,0,0,0,0
1080,4,candidate,648,1280,720,1920,1080,11.2681,12.2359,9.89389,1,1,0,0,0,0
1080,4,candidate,649,1280,720,1920,1080,11.4319,12.4428,10.0547,1,1,0,0,0,0
1080,4,candidate,650,1280,720,1920,1080,11.2364,12.1538,9.86112,1,1,0,0,0,0
1080,4,candidate,651,1280,720,1920,1080,11.179,12.2996,9.80275,1,1,0,0,0,0
1080,4,candidate,652,1280,720,1920,1080,11.4084,12.4648,10.0362,1,1,0,0,0,0
1080,4,candidate,653,1280,720,1920,1080,11.4964,12.5552,9.85498,1,1,0,0,0,0
1080,4,candidate,654,1280,720,1920,1080,11.4586,12.4604,9.82221,1,1,0,0,0,0
1080,4,candidate,655,1280,720,1920,1080,11.3172,12.5055,9.93894,1,1,0,0,0,0
1080,4,candidate,656,1280,720,1920,1080,11.3428,12.2909,9.79046,1,1,0,0,0,0
1080,4,candidate,657,1280,720,1920,1080,10.8124,11.9087,9.43616,1,1,0,0,0,0
1080,4,candidate,658,1280,720,1920,1080,11.0715,12.1684,9.69421,1,1,0,0,0,0
1080,4,candidate,659,1280,720,1920,1080,11.3756,12.2564,10.0004,1,1,0,0,0,0
1080,4,candidate,660,1280,720,1920,1080,11.2486,12.1947,9.87341,1,1,0,0,0,0
1080,4,candidate,661,1280,720,1920,1080,11.2179,12.4105,9.84269,1,1,0,0,0,0
1080,4,candidate,662,1280,720,1920,1080,11.2067,12.3325,9.83552,1,1,0,0,0,0
1080,4,candidate,663,1280,720,1920,1080,11.2896,12.223,9.91642,1,1,0,0,0,0
1080,4,candidate,664,1280,720,1920,1080,11.1862,12.1029,9.81197,1,1,0,0,0,0
1080,4,candidate,665,1280,720,1920,1080,11.2783,12.1998,9.89594,1,1,0,0,0,0
1080,4,candidate,666,1280,720,1920,1080,10.9722,12.1006,9.60102,1,1,0,0,0,0
1080,4,candidate,667,1280,720,1920,1080,11.2415,12.2318,9.86624,1,1,0,0,0,0
1080,4,candidate,668,1280,720,1920,1080,11.5057,12.4693,10.1335,1,1,0,0,0,0
1080,4,candidate,669,1280,720,1920,1080,11.4227,12.3747,10.0454,1,1,0,0,0,0
1080,4,candidate,670,1280,720,1920,1080,11.478,12.3896,10.1059,1,1,0,0,0,0
1080,4,candidate,671,1280,720,1920,1080,11.2538,12.2503,9.87955,1,1,0,0,0,0
1080,4,candidate,672,1280,720,1920,1080,11.2773,12.312,9.9031,1,1,0,0,0,0
1080,4,candidate,673,1280,720,1920,1080,11.5139,12.5823,9.84269,1,1,0,0,0,0
1080,4,candidate,674,1280,720,1920,1080,11.2824,12.3805,9.9072,1,1,0,0,0,0
1080,4,candidate,675,1280,720,1920,1080,11.2486,12.2404,9.87238,1,1,0,0,0,0
1080,4,candidate,676,1280,720,1920,1080,11.4586,12.4853,9.82221,1,1,0,0,0,0
1080,4,candidate,677,1280,720,1920,1080,11.2568,12.2884,9.8816,1,1,0,0,0,0
1080,4,candidate,678,1280,720,1920,1080,11.479,12.3919,9.84576,1,1,0,0,0,0
1080,4,candidate,679,1280,720,1920,1080,11.391,12.3211,9.76589,1,1,0,0,0,0
1080,4,candidate,680,1280,720,1920,1080,11.3009,12.3348,9.6768,1,1,0,0,0,0
1080,4,candidate,681,1280,720,1920,1080,11.4954,12.5386,9.86419,1,1,0,0,0,0
1080,4,candidate,682,1280,720,1920,1080,9.88365,10.8503,8.51251,1,1,0,0,0,0
1080,4,candidate,683,1280,720,1920,1080,12.7898,13.848,10.153,1,1,0,0,0,0
1080,4,candidate,684,1280,720,1920,1080,11.3797,12.3161,9.74848,1,1,0,0,0,0
1080,4,candidate,685,1280,720,1920,1080,11.2988,12.4326,9.67066,1,1,0,0,0,0
1080,4,candidate,686,1280,720,1920,1080,9.75565,10.7254,8.38554,1,1,0,0,0,0
1080,4,candidate,687,1280,720,1920,1080,11.5476,12.4927,10.1734,1,1,0,0,0,0
1080,4,candidate,688,1280,720,1920,1080,12.5747,13.6474,11.1442,1,1,0,0,0,0
1080,4,candidate,689,1280,720,1920,1080,11.4801,12.5645,10.1028,1,1,0,0,0,0
1080,4,candidate,690,1280,720,1920,1080,10.9107,11.9451,9.53446,1,1,0,0,0,0
1080,4,candidate,691,1280,720,1920,1080,11.2773,12.2213,9.90003,1,1,0,0,0,0
1080,4,candidate,692,1280,720,1920,1080,11.0459,12.1543,9.67373,1,1,0,0,0,0
1080,4,candidate,693,1280,720,1920,1080,11.3981,12.2982,10.0229,1,1,0,0,0,0
1080,4,candidate,694,1280,720,1920,1080,11.3172,12.2421,9.69011,1,1,0,0,0,0
1080,4,candidate,695,1280,720,1920,1080,11.2404,12.16,9.86726,1,1,0,0,0,0
1080,4,candidate,696,1280,720,1920,1080,11.2558,12.208,9.88365,1,1,0,0,0,0
1080,4,candidate,697,1280,720,1920,1080,11.2333,12.1945,9.856,1,1,0,0,0,0
1080,4,candidate,698,1280,720,1920,1080,11.2374,12.2742,9.86419,1,1,0,0,0,0
1080,4,candidate,699,1280,720,1920,1080,11.4575,12.502,9.82221,1,1,0,0,0,0
1080,4,candidate,700,1280,720,1920,1080,11.2671,12.238,9.89491,1,1,0,0,0,0
1080,4,candidate,701,1280,720,1920,1080,11.3664,12.3799,9.82733,1,1,0,0,0,0
1080,4,candidate,702,1280,720,1920,1080,11.2404,12.2185,9.86726,1,1,0,0,0,0
1080,4,candidate,703,1280,720,1920,1080,11.1688,12.1629,9.79456,1,1,0,0,0,0
1080,4,candidate,704,1280,720,1920,1080,11.3705,12.2582,9.99731,1,1,0,0,0,0
1080,4,candidate,705,1280,720,1920,1080,11.2579,12.3192,9.62765,1,1,0,0,0,0
1080,4,candidate,706,1280,720,1920,1080,11.1565,12.4208,9.7833,1,1,0,0,0,0
1080,4,candidate,707,1280,720,1920,1080,11.3347,12.3208,9.69011,1,1,0,0,0,0
1080,4,candidate,708,1280,720,1920,1080,11.2415,12.4727,9.86931,1,1,0,0,0,0
1080,4,candidate,709,1280,720,1920,1080,11.2527,12.3959,9.87443,1,1,0,0,0,0
1080,4,candidate,710,1280,720,1920,1080,9.76691,10.6698,8.39782,1,1,0,0,0,0
1080,4,candidate,711,1280,720,1920,1080,12.9229,14.0184,11.5333,1,1,0,0,0,0
1080,4,candidate,712,1280,720,1920,1080,11.7514,12.7844,10.2001,1,1,0,0,0,0
1080,4,candidate,713,1280,720,1920,1080,11.2527,12.2799,9.87648,1,1,0,0,0,0
1080,4,candidate,714,1280,720,1920,1080,11.2599,12.2657,9.86419,1,1,0,0,0,0
1080,4,candidate,715,1280,720,1920,1080,11.4708,12.4779,9.80582,1,1,0,0,0,0
1080,4,candidate,716,1280,720,1920,1080,11.2865,12.5433,9.91437,1,1,0,0,0,0
1080,4,candidate,717,1280,720,1920,1080,9.74336,10.6882,8.37018,1,1,0,0,0,0
1080,4,candidate,718,1280,720,1920,1080,10.5585,13.3599,9.14022,1,1,0,0,0,0
1080,4,candidate,719,1280,720,1920,1080,11.3838,12.2989,9.74029,1,1,0,0,0,0
1080,4,candidate,720,1280,720,1920,1080,11.1534,12.1709,9.77818,1,1,0,0,0,0
1080,4,candidate,721,1280,720,1920,1080,11.2456,12.3856,9.87034,1,1,0,0,0,0
1080,4,candidate,722,1280,720,1920,1080,11.2138,12.2214,9.83962,1,1,0,0,0,0
1080,4,candidate,723,1280,720,1920,1080,11.4606,12.3968,10.0864,1,1,0,0,0,0
1080,4,candidate,724,1280,720,1920,1080,11.4719,12.4447,10.0987,1,1,0,0,0,0
1080,4,candidate,725,1280,720,1920,1080,11.2353,12.1616,9.8601,1,1,0,0,0,0
1080,4,candidate,726,1280,720,1920,1080,11.5077,12.4635,10.1356,1,1,0,0,0,0
1080,4,candidate,727,1280,720,1920,1080,11.39,12.4036,9.7536,1,1,0,0,0,0
1080,4,candidate,728,1280,720,1920,1080,11.2937,12.3958,9.92154,1,1,0,0,0,0
1080,4,candidate,729,1280,720,1920,1080,11.2753,12.3934,9.89696,1,1,0,0,0,0
1080,4,candidate,730,1280,720,1920,1080,11.4575,12.5351,9.8089,1,1,0,0,0,0
1080,4,candidate,731,1280,720,1920,1080,12.0812,13.0718,10.6967,1,1,0,0,0,0
1080,4,candidate,732,1280,720,1920,1080,11.8938,12.8619,10.3352,1,1,0,0,0,0
1080,4,candidate,733,1280,720,1920,1080,11.2251,12.236,9.84781,1,1,0,0,0,0
1080,4,candidate,734,1280,720,1920,1080,11.4002,12.3693,10.028,1,1,0,0,0,0
1080,4,candidate,735,1280,720,1920,1080,11.3152,12.2726,9.94099,1,1,0,0,0,0
1080,4,candidate,736,1280,720,1920,1080,9.91334,10.8533,8.54323,1,1,0,0,0,0
1080,4,candidate,737,1280,720,1920,1080,10.7039,11.9667,9.30918,1,1,0,0,0,0
1080,4,candidate,738,1280,720,1920,1080,12.8993,14.0141,10.3475,1,1,0,0,0,0
1080,4,candidate,739,1280,720,1920,1080,11.1032,12.3347,9.7239,1,1,0,0,0,0
1080,4,candidate,740,1280,720,1920,1080,11.4186,12.449,10.0465,1,1,0,0,0,0
1080,4,candidate,741,1280,720,1920,1080,11.3121,12.3071,9.93894,1,1,0,0,0,0
1080,4,candidate,742,1280,720,1920,1080,11.1575,12.159,9.59898,1,1,0,0,0,0
1080,4,candidate,743,1280,720,1920,1080,11.6767,13.017,10.3004,1,1,0,0,0,0
1080,4,candidate,744,1280,720,1920,1080,12.0627,13.1296,10.6824,1,1,0,0,0,0
1080,4,candidate,745,1280,720,1920,1080,11.2824,12.4383,9.9072,1,1,0,0,0,0
1080,4,candidate,746,1280,720,1920,1080,11.3213,12.4234,9.95123,1,1,0,0,0,0
1080,4,candidate,747,1280,720,1920,1080,11.3644,12.4543,9.9799,1,1,0,0,0,0
1080,4,candidate,748,1280,720,1920,1080,11.2824,12.4623,9.9113,1,1,0,0,0,0
1080,4,candidate,749,1280,720,1920,1080,11.2579,12.3224,9.88262,1,1,0,0,0,0
1080,4,candidate,750,1280,720,1920,1080,11.2302,12.2756,9.85293,1,1,0,0,0,0
1080,4,candidate,751,1280,720,1920,1080,11.2937,12.3474,9.91744,1,1,0,0,0,0
1080,4,candidate,752,1280,720,1920,1080,11.4504,12.4854,9.81402,1,1,0,0,0,0
1080,4,candidate,753,1280,720,1920,1080,11.434,12.5518,9.80173,1,1,0,0,0,0
1080,4,candidate,754,1280,720,1920,1080,11.4708,12.5423,9.81914,1,1,0,0,0,0
1080,4,candidate,755,1280,720,1920,1080,11.4719,12.5705,9.8304,1,1,0,0,0,0
1080,4,candidate,756,1280,720,1920,1080,11.2394,12.2947,9.86726,1,1,0,0,0,0
1080,4,candidate,757,1280,720,1920,1080,11.178,12.238,8.54118,1,1,0,0,0,0
1080,4,candidate,758,1280,720,1920,1080,12.0474,13.0272,10.6691,1,1,0,0,0,0
1080,4,candidate,759,1280,720,1920,1080,11.2558,12.1622,9.88058,1,1,0,0,0,0
1080,4,candidate,760,1280,720,1920,1080,11.4473,12.4069,9.82733,1,1,0,0,0,0
1080,4,candidate,761,1280,720,1920,1080,11.4115,12.3241,9.78842,1,1,0,0,0,0
1080,4,candidate,762,1280,720,1920,1080,11.4381,12.4223,9.81709,1,1,0,0,0,0
1080,4,candidate,763,1280,720,1920,1080,11.4391,12.372,9.8089,1,1,0,0,0,0
1080,4,candidate,764,1280,720,1920,1080,11.4637,12.4162,9.84269,1,1,0,0,0,0
1080,4,candidate,765,1280,720,1920,1080,9.73005,11.5925,8.35482,1,1,0,0,0,0
1080,4,candidate,766,1280,720,1920,1080,12.5624,13.6986,11.1718,1,1,0,0,0,0
1080,4,candidate,767,1280,720,1920,1080,11.4135,12.4522,10.0383,1,1,0,0,0,0
1080,4,candidate,768,1280,720,1920,1080,11.4412,12.4379,9.80685,1,1,0,0,0,0
1080,4,candidate,769,1280,720,1920,1080,11.2916,12.2976,9.65427,1,1,0,0,0,0
1080,4,candidate,770,1280,720,1920,1080,11.263,12.24,9.61946,1,1,0,0,0,0
1080,4,candidate,771,1280,720,1920,1080,9.76282,10.7374,8.38554,1,1,0,0,0,0
1080,4,candidate,772,1280,720,1920,1080,9.41158,10.3055,8.04352,1,1,0,0,0,0
1080,4,candidate,773,1280,720,1920,1080,12.1989,13.2331,10.8093,1,1,0,0,0,0
1080,4,candidate,774,1280,720,1920,1080,10.9496,12.0554,9.57133,1,1,0,0,0,0
1080,4,candidate,775,1280,720,1920,1080,10.7735,11.8751,9.3993,1,1,0,0,0,0
1080,4,candidate,776,1280,720,1920,1080,11.2435,12.2927,9.5959,1,1,0,0,0,0
1080,4,candidate,777,1280,720,1920,1080,11.2599,12.1841,9.61434,1,1,0,0,0,0
1080,4,candidate,778,1280,720,1920,1080,11.5548,12.4901,9.92051,1,1,0,0,0,0
1080,4,candidate,779,1280,720,1920,1080,12.5594,13.8197,11.1831,1,1,0,0,0,0
1080,4,candidate,780,1280,720,1920,1080,11.2865,12.2359,9.65325,1,1,0,0,0,0
1080,4,candidate,781,1280,720,1920,1080,11.4913,12.478,9.86317,1,1,0,0,0,0
1080,4,candidate,782,1280,720,1920,1080,11.4514,12.398,9.82323,1,1,0,0,0,0
1080,4,candidate,783,1280,720,1920,1080,11.4012,12.3238,9.76589,1,1,0,0,0,0
1080,4,candidate,784,1280,720,1920,1080,11.435,12.4327,9.8048,1,1,0,0,0,0
1080,4,candidate,785,1280,720,1920,1080,11.4637,12.4569,9.83962,1,1,0,0,0,0
1080,4,candidate,786,1280,720,1920,1080,11.2773,12.4201,9.6471,1,1,0,0,0,0
1080,4,candidate,787,1280,720,1920,1080,11.433,12.4981,9.80787,1,1,0,0,0,0
1080,4,candidate,788,1280,720,1920,1080,11.4586,12.4838,9.8304,1,1,0,0,0,0
1080,4,candidate,789,1280,720,1920,1080,11.4278,12.3673,9.79456,1,1,0,0,0,0
1080,4,candidate,790,1280,720,1920,1080,11.2998,12.5476,9.66963,1,1,0,0,0,0
1080,4,candidate,791,1280,720,1920,1080,11.4145,12.3881,9.77306,1,1,0,0,0,0
1080,4,candidate,792,1280,720,1920,1080,11.2589,12.2835,9.62867,1,1,0,0,0,0
1080,4,candidate,793,1280,720,1920,1080,11.3101,12.3111,9.65939,1,1,0,0,0,0
1080,4,candidate,794,1280,720,1920,1080,11.1739,12.3388,9.8007,1,1,0,0,0,0
1080,4,candidate,795,1280,720,1920,1080,11.3418,12.4902,9.96659,1,1,0,0,0,0
1080,4,candidate,796,1280,720,1920,1080,11.2701,12.2453,9.61946,1,1,0,0,0,0
1080,4,candidate,797,1280,720,1920,1080,10.9435,12.1917,9.56928,1,1,0,0,0,0
1080,4,candidate,798,1280,720,1920,1080,11.1473,12.3517,9.77715,1,1,0,0,0,0
1080,4,candidate,799,1280,720,1920,1080,11.2794,12.2622,9.90618,1,1,0,0,0,0
1080,4,candidate,800,1280,720,1920,1080,11.2548,12.2487,9.88365,1,1,0,0,0,0
1080,4,candidate,801,1280,720,1920,1080,11.2937,12.2182,9.91539,1,1,0,0,0,0
1080,4,candidate,802,1280,720,1920,1080,10.0127,11.0051,8.63846,1,1,0,0,0,0
1080,4,candidate,803,1280,720,1920,1080,10.9763,13.3356,9.58669,1,1,0,0,0,0
1080,4,candidate,804,1280,720,1920,1080,11.2445,12.1915,9.61434,1,1,0,0,0,0
1080,4,candidate,805,1280,720,1920,1080,11.2046,12.1365,9.82938,1,1,0,0,0,0
1080,4,candidate,806,1280,720,1920,1080,11.3777,12.3028,10.0065,1,1,0,0,0,0
1080,4,candidate,807,1280,720,1920,1080,11.2681,12.2486,9.89286,1,1,0,0,0,0
1080,4,candidate,808,1280,720,1920,1080,11.2456,12.2057,9.87546,1,1,0,0,0,0
1080,4,candidate,809,1280,720,1920,1080,11.4371,12.4539,9.81197,1,1,0,0,0,0
1080,4,candidate,810,1280,720,1920,1080,11.4278,12.4588,9.8089,1,1,0,0,0,0
1080,4,candidate,811,1280,720,1920,1080,11.2937,12.939,9.91642,1,1,0,0,0,0
1080,4,candidate,812,1280,720,1920,1080,11.2906,12.31,9.91642,1,1,0,0,0,0
1080,4,candidate,813,1280,720,1920,1080,11.2374,12.2027,9.86112,1,1,0,0,0,0
1080,4,candidate,814,1280,720,1920,1080,11.3766,12.2817,9.74848,1,1,0,0,0,0
1080,4,candidate,815,1280,720,1920,1080,11.4545,12.6009,9.8304,1,1,0,0,0,0
1080,4,candidate,816,1280,720,1920,1080,11.223,12.4372,9.84883,1,1,0,0,0,0
1080,4,candidate,817,1280,720,1920,1080,11.394,12.4339,9.75974,1,1,0,0,0,0
1080,4,candidate,818,1280,720,1920,1080,11.4616,12.4827,9.82733,1,1,0,0,0,0
1080,4,candidate,819,1280,720,1920,1080,11.2742,12.2911,9.64198,1,1,0,0,0,0
1080,4,candidate,820,1280,720,1920,1080,11.2404,12.3385,9.61946,1,1,0,0,0,0
1080,4,candidate,821,1280,720,1920,1080,11.3254,12.2827,9.67987,1,1,0,0,0,0
1080,4,candidate,822,1280,720,1920,1080,11.2968,12.4393,9.66349,1,1,0,0,0,0
1080,4,candidate,823,1280,720,1920,1080,11.1677,12.398,9.79558,1,1,0,0,0,0
1080,4,candidate,824,1280,720,1920,1080,11.2486,12.2241,9.62662,1,1,0,0,0,0
1080,4,candidate,825,1280,720,1920,1080,11.1688,12.6361,9.79251,1,1,0,0,0,0
1080,4,candidate,826,1280,720,1920,1080,11.3326,12.4455,9.67578,1,1,0,0,0,0
1080,4,candidate,827,1280,720,1920,1080,11.1421,12.4466,9.76794,1,1,0,0,0,0
1080,4,candidate,828,1280,720,1920,1080,11.1923,12.1835,9.63072,1,1,0,0,0,0
1080,4,candidate,829,1280,720,1920,1080,11.2466,12.1868,9.87034,1,1,0,0,0,0
1080,4,candidate,830,1280,720,1920,1080,11.0991,12.0984,9.72595,1,1,0,0,0,0
1080,4,candidate,831,1280,720,1920,1080,11.3357,12.4142,9.95942,1,1,0,0,0,0
1080,4,candidate,832,1280,720,1920,1080,11.3193,12.3282,9.94509,1,1,0,0,0,0
1080,4,candidate,833,1280,720,1920,1080,11.0828,12.294,9.70854,1,1,0,0,0,0
1080,4,candidate,834,1280,720,1920,1080,11.1002,12.1103,9.72902,1,1,0,0,0,0
1080,4,candidate,835,1280,720,1920,1080,11.2763,12.3977,9.90003,1,1,0,0,0,0
1080,4,candidate,836,1280,720,1920,1080,11.3306,12.5038,9.95635,1,1,0,0,0,0
1080,4,candidate,837,1280,720,1920,1080,11.2568,12.2509,9.87955,1,1,0,0,0,0
1080,4,candidate,838,1280,720,1920,1080,11.262,12.2628,9.88979,1,1,0,0,0,0
1080,4,candidate,839,1280,720,1920,1080,11.2384,12.1853,9.85805,1,1,0,0,0,0
1080,4,candidate,840,1280,720,1920,1080,11.3111,12.2886,9.93382,1,1,0,0,0,0
1080,4,candidate,841,1280,720,1920,1080,11.4053,12.5029,10.0291,1,1,0,0,0,0
1080,4,candidate,842,1280,720,1920,1080,11.2722,12.3327,9.89901,1,1,0,0,0,0
1080,4,candidate,843,1280,720,1920,1080,11.3091,12.3125,9.9328,1,1,0,0,0,0
1080,4,candidate,844,1280,720,1920,1080,11.3992,12.4533,9.76794,1,1,0,0,0,0
1080,4,candidate,845,1280,720,1920,1080,10.9343,12.0798,9.55597,1,1,0,0,0,0
1080,4,candidate,846,1280,720,1920,1080,10.9773,12.1525,8.35994,1,1,0,0,0,0
1080,4,candidate,847,1280,720,1920,1080,11.2579,12.3148,9.86829,1,1,0,0,0,0
1080,4,candidate,848,1280,720,1920,1080,11.35,12.29,9.97069,1,1,0,0,0,0
1080,4,candidate,849,1280,720,1920,1080,11.2773,12.2247,9.90003,1,1,0,0,0,0
1080,4,candidate,850,1280,720,1920,1080,11.2241,12.4663,9.8519,1,1,0,0,0,0
1080,4,candidate,851,1280,720,1920,1080,11.2292,12.5831,9.85395,1,1,0,0,0,0
1080,4,candidate,852,1280,720,1920,1080,11.1329,12.8267,9.76077,1,1,0,0,0,0
1080,4,candidate,853,1280,720,1920,1080,11.0592,12.2027,9.68294,1,1,0,0,0,0
1080,4,candidate,854,1280,720,1920,1080,11.2138,12.5679,9.84064,1,1,0,0,0,0
1080,4,candidate,855,1280,720,1920,1080,11.2886,12.3324,9.64301,1,1,0,0,0,0
1080,4,candidate,856,1280,720,1920,1080,11.2005,12.507,9.82733,1,1,0,0,0,0
1080,4,candidate,857,1280,720,1920,1080,11.4647,12.5181,9.92358,1,1,0,0,0,0
1080,4,candidate,858,1280,720,1920,1080,11.2394,12.4392,9.86522,1,1,0,0,0,0
1080,4,candidate,859,1280,720,1920,1080,11.2067,12.4344,9.82938,1,1,0,0,0,0
1080,4,candidate,860,1280,720,1920,1080,11.2589,12.356,9.61331,1,1,0,0,0,0
1080,4,candidate,861,1280,720,1920,1080,11.7361,12.6684,10.0884,1,1,0,0,0,0
1080,4,candidate,862,1280,720,1920,1080,11.3715,12.3253,9.70547,1,1,0,0,0,0
1080,4,candidate,863,1280,720,1920,1080,11.2589,12.4822,9.88467,1,1,0,0,0,0
1080,4,candidate,864,1280,720,1920,1080,11.2527,12.4581,9.8816,1,1,0,0,0,0
1080,4,candidate,865,1280,720,1920,1080,11.4074,12.4018,10.028,1,1,0,0,0,0
1080,4,candidate,866,1280,720,1920,1080,11.2415,12.302,9.6727,1,1,0,0,0,0
1080,4,candidate,867,1280,720,1920,1080,11.2394,12.2163,9.86317,1,1,0,0,0,0
1080,4,candidate,868,1280,720,1920,1080,11.2271,12.2219,9.8519,1,1,0,0,0,0
1080,4,candidate,869,1280,720,1920,1080,11.0572,12.2929,9.6809,1,1,0,0,0,0
1080,4,candidate,870,1280,720,1920,1080,9.85907,10.7475,8.48896,1,1,0,0,0,0
1080,4,candidate,871,1280,720,1920,1080,12.8184,13.9462,10.5032,1,1,0,0,0,0
1080,4,candidate,872,1280,720,1920,1080,11.2486,12.4566,9.87648,1,1,0,0,0,0
1080,4,candidate,873,1280,720,1920,1080,10.9517,12.0436,9.57645,1,1,0,0,0,0
1080,4,candidate,874,1280,720,1920,1080,10.8964,11.9032,9.52422,1,1,0,0,0,0
1080,4,candidate,875,1280,720,1920,1080,11.4493,12.3736,10.0731,1,1,0,0,0,0
1080,4,candidate,876,1280,720,1920,1080,11.4627,12.412,10.0874,1,1,0,0,0,0
1080,4,candidate,877,1280,720,1920,1080,11.4616,12.4689,10.0823,1,1,0,0,0,0
1080,4,candidate,878,1280,720,1920,1080,11.2589,12.2329,9.88774,1,1,0,0,0,0
1080,4,candidate,879,1280,720,1920,1080,11.2589,12.254,9.88365,1,1,0,0,0,0
1080,4,candidate,880,1280,720,1920,1080,11.4637,12.4736,9.80275,1,1,0,0,0,0
1080,4,candidate,881,1280,720,1920,1080,11.5241,12.5878,9.87853,1,1,0,0,0,0
1080,4,candidate,882,1280,720,1920,1080,11.2558,12.2685,9.8816,1,1,0,0,0,0
1080,4,candidate,883,1280,720,1920,1080,9.9625,10.883,8.58726,1,1,0,0,0,0
1080,4,candidate,884,1280,720,1920,1080,11.2189,12.2796,9.84576,1,1,0,0,0,0
1080,4,candidate,885,1280,720,1920,1080,10.9947,12.1242,9.61843,1,1,0,0,0,0
1080,4,candidate,886,1280,720,1920,1080,11.1104,12.162,9.7321,1,1,0,0,0,0
1080,4,candidate,887,1280,720,1920,1080,11.2568,12.3046,9.87546,1,1,0,0,0,0
1080,4,candidate,888,1280,720,1920,1080,11.0664,12.1614,9.69011,1,1,0,0,0,0
1080,4,candidate,889,1280,720,1920,1080,11.4647,12.5267,10.0874,1,1,0,0,0,0
1080,4,candidate,890,1280,720,1920,1080,11.05,12.1946,9.67475,1,1,0,0,0,0
1080,4,candidate,891,1280,720,1920,1080,11.4596,12.3311,10.0823,1,1,0,0,0,0
1080,4,candidate,892,1280,720,1920,1080,11.4514,12.3858,9.81094,1,1,0,0,0,0
1080,4,candidate,893,1280,720,1920,1080,11.4504,12.4907,10.0751,1,1,0,0,0,0
1080,4,candidate,894,1280,720,1920,1080,11.3828,12.3038,10.0086,1,1,0,0,0,0
1080,4,candidate,895,1280,720,1920,1080,11.2937,12.2857,9.91642,1,1,0,0,0,0
1080,4,candidate,896,1280,720,1920,1080,11.2814,12.257,9.9072,1,1,0,0,0,0
1080,4,candidate,897,1280,720,1920,1080,11.3009,12.2935,9.92358,1,1,0,0,0,0
1080,4,candidate,898,1280,720,1920,1080,11.3347,12.2586,9.95942,1,1,0,0,0,0
1080,4,candidate,899,1280,720,1920,1080,11.3275,12.2563,9.6809,1,1,0,0,0,0
1080,4,candidate,900,1280,720,1920,1080,11.4268,12.5151,9.80173,1,1,0,0,0,0
1080,4,candidate,901,1280,720,1920,1080,11.2364,12.3936,9.60922,1,1,0,0,0,0
1080,4,candidate,902,1280,720,1920,1080,11.263,12.339,9.63891,1,1,0,0,0,0
1080,4,candidate,903,1280,720,1920,1080,11.2609,12.5159,9.88467,1,1,0,0,0,0
1080,4,candidate,904,1280,720,1920,1080,11.2783,12.539,9.90515,1,1,0,0,0,0
1080,4,candidate,905,1280,720,1920,1080,11.2988,12.4447,9.92051,1,1,0,0,0,0
1080,4,candidate,906,1280,720,1920,1080,11.3428,12.3521,9.69933,1,1,0,0,0,0
1080,4,candidate,907,1280,720,1920,1080,11.3705,12.6233,9.71776,1,1,0,0,0,0
1080,4,candidate,908,1280,720,1920,1080,11.2947,12.4266,9.66246,1,1,0,0,0,0
1080,4,candidate,909,1280,720,1920,1080,11.2558,12.5565,9.87853,1,1,0,0,0,0
1080,4,candidate,910,1280,720,1920,1080,11.2189,12.2597,9.65837,1,1,0,0,0,0
1080,4,candidate,911,1280,720,1920,1080,11.2179,12.2516,9.84166,1,1,0,0,0,0
1080,4,candidate,912,1280,720,1920,1080,11.1534,12.3686,9.78125,1,1,0,0,0,0
1080,4,candidate,913,1280,720,1920,1080,11.135,12.5991,9.7577,1,1,0,0,0,0
1080,4,candidate,914,1280,720,1920,1080,11.1708,12.5044,9.79661,1,1,0,0,0,0
1080,4,candidate,915,1280,720,1920,1080,11.2681,12.2083,9.89184,1,1,0,0,0,0
1080,4,candidate,916,1280,720,1920,1080,11.4207,12.3623,10.0444,1,1,0,0,0,0
1080,4,candidate,917,1280,720,1920,1080,11.0172,12.3079,9.63994,1,1,0,0,0,0
1080,4,candidate,918,1280,720,1920,1080,11.2507,12.521,9.87546,1,1,0,0,0,0
1080,4,candidate,919,1280,720,1920,1080,11.0776,12.4139,9.7024,1,1,0,0,0,0
1080,4,candidate,920,1280,720,1920,1080,11.3623,12.413,9.98912,1,1,0,0,0,0
1080,4,candidate,921,1280,720,1920,1080,11.2087,12.4615,9.83142,1,1,0,0,0,0
1080,4,candidate,922,1280,720,1920,1080,11.1647,12.2822,9.79046,1,1,0,0,0,0
1080,4,candidate,923,1280,720,1920,1080,11.4268,12.4514,10.0506,1,1,0,0,0,0
1080,4,candidate,924,1280,720,1920,1080,10.9783,12.2768,9.60614,1,1,0,0,0,0
1080,4,candidate,925,1280,720,1920,1080,11.0766,12.5353,9.70138,1,1,0,0,0,0
1080,4,candidate,926,1280,720,1920,1080,10.9988,12.2081,9.62662,1,1,0,0,0,0
1080,4,candidate,927,1280,720,1920,1080,11.2671,12.242,9.89286,1,1,0,0,0,0
1080,4,candidate,928,1280,720,1920,1080,11.2036,12.2193,9.8263,1,1,0,0,0,0
1080,4,candidate,929,1280,720,1920,1080,11.3009,12.4035,9.92358,1,1,0,0,0,0
1080,4,candidate,930,1280,720,1920,1080,11.1585,12.1681,9.73824,1,1,0,0,0,0
1080,4,candidate,931,1280,720,1920,1080,11.4391,12.3889,9.8007,1,1,0,0,0,0
1080,4,candidate,932,1280,720,1920,1080,11.2497,12.2697,9.87238,1,1,0,0,0,0
1080,4,candidate,933,1280,720,1920,1080,11.0223,12.2307,9.64301,1,1,0,0,0,0
1080,4,candidate,934,1280,720,1920,1080,11.3101,12.1861,9.66554,1,1,0,0,0,0
1080,4,candidate,935,1280,720,1920,1080,11.4063,12.4611,10.0321,1,1,0,0,0,0
1080,4,candidate,936,1280,720,1920,1080,11.4524,12.4613,10.0772,1,1,0,0,0,0
1080,4,candidate,937,1280,720,1920,1080,11.1852,12.2028,8.56576,1,1,0,0,0,0
1080,4,candidate,938,1280,720,1920,1080,11.1995,12.2923,9.82528,1,1,0,0,0,0
1080,4,candidate,939,1280,720,1920,1080,11.3101,12.236,9.93178,1,1,0,0,0,0
1080,4,candidate,940,1280,720,1920,1080,11.2415,12.3546,9.86726,1,1,0,0,0,0
1080,4,candidate,941,1280,720,1920,1080,11.4565,12.4824,9.82528,1,1,0,0,0,0
1080,4,candidate,942,1280,720,1920,1080,11.3152,12.2375,9.69114,1,1,0,0,0,0
1080,4,candidate,943,1280,720,1920,1080,11.2794,12.2787,9.6553,1,1,0,0,0,0
1080,4,candidate,944,1280,720,1920,1080,11.2681,12.2417,9.64301,1,1,0,0,0,0
1080,4,candidate,945,1280,720,1920,1080,11.1985,12.5027,9.82118,1,1,0,0,0,0
1080,4,candidate,946,1280,720,1920,1080,10.9425,12.0247,9.57133,1,1,0,0,0,0
1080,4,candidate,947,1280,720,1920,1080,11.3418,12.3062,9.96557,1,1,0,0,0,0
1080,4,candidate,948,1280,720,1920,1080,11.3531,12.3772,9.9799,1,1,0,0,0,0
1080,4,candidate,949,1280,720,1920,1080,11.3336,12.2759,9.95533,1,1,0,0,0,0
1080,4,candidate,950,1280,720,1920,1080,10.9957,12.2507,9.6215,1,1,0,0,0,0
1080,4,candidate,951,1280,720,1920,1080,11.1483,12.4478,9.7751,1,1,0,0,0,0
1080,4,candidate,952,1280,720,1920,1080,11.3019,12.315,9.92768,1,1,0,0,0,0
1080,4,candidate,953,1280,720,1920,1080,11.2241,12.214,9.84678,1,1,0,0,0,0
1080,4,candidate,954,1280,720,1920,1080,11.262,12.2372,9.88877,1,1,0,0,0,0
1080,4,candidate,955,1280,720,1920,1080,11.0531,12.1798,9.67578,1,1,0,0,0,0
1080,4,candidate,956,1280,720,1920,1080,11.4842,12.5086,10.111,1,1,0,0,0,0
1080,4,candidate,957,1280,720,1920,1080,11.2456,12.2013,9.86726,1,1,0,0,0,0
1080,4,candidate,958,1280,720,1920,1080,11.2681,12.3467,9.89184,1,1,0,0,0,0
1080,4,candidate,959,1280,720,1920,1080,11.394,12.3475,10.0178,1,1,0,0,0,0
1080,4,candidate,960,1280,720,1920,1080,11.4237,12.4894,10.0444,1,1,0,0,0,0
1080,4,candidate,961,1280,720,1920,1080,11.3951,12.4059,10.0168,1,1,0,0,0,0
1080,4,candidate,962,1280,720,1920,1080,11.4176,12.3689,10.0424,1,1,0,0,0,0
1080,4,candidate,963,1280,720,1920,1080,11.4463,12.4896,10.068,1,1,0,0,0,0
1080,4,candidate,964,1280,720,1920,1080,11.2783,12.4576,9.9031,1,1,0,0,0,0
1080,4,candidate,965,1280,720,1920,1080,11.223,12.2033,9.84474,1,1,0,0,0,0
1080,4,candidate,966,1280,720,1920,1080,11.5497,12.5359,9.85395,1,1,0,0,0,0
1080,4,candidate,967,1280,720,1920,1080,11.2394,12.2127,9.86214,1,1,0,0,0,0
1080,4,candidate,968,1280,720,1920,1080,11.4227,12.4207,9.79866,1,1,0,0,0,0
1080,4,candidate,969,1280,720,1920,1080,11.2845,12.2819,9.90618,1,1,0,0,0,0
1080,4,candidate,970,1280,720,1920,1080,11.4637,12.5519,9.83347,1,1,0,0,0,0
1080,4,candidate,971,1280,720,1920,1080,11.519,12.4741,9.87443,1,1,0,0,0,0
1080,4,candidate,972,1280,720,1920,1080,11.4627,12.3927,9.83245,1,1,0,0,0,0
1080,4,candidate,973,1280,720,1920,1080,11.5067,12.6917,9.87443,1,1,0,0,0,0
1080,4,candidate,974,1280,720,1920,1080,11.4452,12.4862,9.81811,1,1,0,0,0,0
1080,4,candidate,975,1280,720,1920,1080,11.264,12.2809,9.88467,1,1,0,0,0,0
1080,4,candidate,976,1280,720,1920,1080,11.5251,12.5323,9.89184,1,1,0,0,0,0
1080,4,candidate,977,1280,720,1920,1080,11.4299,12.361,9.80173,1,1,0,0,0,0
1080,4,candidate,978,1280,720,1920,1080,11.4637,12.7283,9.83245,1,1,0,0,0,0
1080,4,candidate,979,1280,720,1920,1080,11.2896,12.4045,9.9113,1,1,0,0,0,0
1080,4,candidate,980,1280,720,1920,1080,11.4237,12.4213,9.79558,1,1,0,0,0,0
1080,4,candidate,981,1280,720,1920,1080,11.477,12.4173,9.83142,1,1,0,0,0,0
1080,4,candidate,982,1280,720,1920,1080,11.2855,12.2703,9.64915,1,1,0,0,0,0
1080,4,candidate,983,1280,720,1920,1080,11.2538,12.3188,9.62765,1,1,0,0,0,0
1080,4,candidate,984,1280,720,1920,1080,11.3244,12.4692,9.6983,1,1,0,0,0,0
1080,4,candidate,985,1280,720,1920,1080,11.3029,12.3513,9.66042,1,1,0,0,0,0
1080,4,candidate,986,1280,720,1920,1080,11.2753,12.2955,9.63891,1,1,0,0,0,0
1080,4,candidate,987,1280,720,1920,1080,11.1596,12.3955,9.78022,1,1,0,0,0,0
1080,4,candidate,988,1280,720,1920,1080,11.2814,12.3571,9.6553,1,1,0,0,0,0
1080,4,candidate,989,1280,720,1920,1080,11.2998,12.6375,9.92461,1,1,0,0,0,0
1080,4,candidate,990,1280,720,1920,1080,11.1759,12.5441,9.80173,1,1,0,0,0,0
1080,4,candidate,991,1280,720,1920,1080,11.1964,12.4458,9.81709,1,1,0,0,0,0
1080,4,candidate,992,1280,720,1920,1080,11.2886,12.3835,9.64096,1,1,0,0,0,0
1080,4,candidate,993,1280,720,1920,1080,11.1514,12.4916,9.77613,1,1,0,0,0,0
1080,4,candidate,994,1280,720,1920,1080,11.3019,12.5134,9.92666,1,1,0,0,0,0
1080,4,candidate,995,1280,720,1920,1080,11.1585,12.2405,9.77818,1,1,0,0,0,0
1080,4,candidate,996,1280,720,1920,1080,11.1718,12.312,9.79661,1,1,0,0,0,0
1080,4,candidate,997,1280,720,1920,1080,11.2497,12.4283,9.87034,1,1,0,0,0,0
1080,4,candidate,998,1280,720,1920,1080,11.4627,12.6612,10.0874,1,1,0,0,0,0
1080,4,candidate,999,1280,720,1920,1080,11.2712,12.4363,9.62253,1,1,0,0,0,0
1080,4,candidate,1000,1280,720,1920,1080,11.2558,12.5559,9.88058,1,1,0,0,0,0
1080,4,candidate,1001,1280,720,1920,1080,11.3091,12.29,9.6553,1,1,0,0,0,0
1080,4,candidate,1002,1280,720,1920,1080,11.3316,12.564,9.9584,1,1,0,0,0,0
1080,4,candidate,1003,1280,720,1920,1080,11.4924,12.445,9.84576,1,1,0,0,0,0
1080,4,candidate,1004,1280,720,1920,1080,11.3357,12.4691,9.69523,1,1,0,0,0,0
1080,4,candidate,1005,1280,720,1920,1080,11.5661,12.5938,9.92358,1,1,0,0,0,0
1080,4,candidate,1006,1280,720,1920,1080,11.2292,12.2338,9.69421,1,1,0,0,0,0
1080,4,candidate,1007,1280,720,1920,1080,11.2517,12.2224,9.87034,1,1,0,0,0,0
1080,4,candidate,1008,1280,720,1920,1080,10.0813,11.0581,8.71014,1,1,0,0,0,0
1080,4,candidate,1009,1280,720,1920,1080,12.2911,13.387,10.8882,1,1,0,0,0,0
1080,4,candidate,1010,1280,720,1920,1080,11.4524,12.3655,9.81094,1,1,0,0,0,0
1080,4,candidate,1011,1280,720,1920,1080,11.2845,12.3027,9.90515,1,1,0,0,0,0
1080,4,candidate,1012,1280,720,1920,1080,11.1473,12.1333,9.75565,1,1,0,0,0,0
1080,4,candidate,1013,1280,720,1920,1080,11.4657,12.3822,10.0854,1,1,0,0,0,0
1080,4,candidate,1014,1280,720,1920,1080,9.7751,10.8311,8.4009,1,1,0,0,0,0
1080,4,candidate,1015,1280,720,1920,1080,12.5891,13.6313,11.1882,1,1,0,0,0,0
1080,4,candidate,1016,1280,720,1920,1080,11.7361,12.6819,10.0936,1,1,0,0,0,0
1080,4,candidate,1017,1280,720,1920,1080,11.2691,12.201,9.88979,1,1,0,0,0,0
1080,4,candidate,1018,1280,720,1920,1080,11.2476,12.1401,9.67885,1,1,0,0,0,0
1080,4,candidate,1019,1280,720,1920,1080,11.4371,12.3522,10.0598,1,1,0,0,0,0
1080,4,candidate,1020,1280,720,1920,1080,11.2835,12.2007,9.90925,1,1,0,0,0,0
1080,4,candidate,1021,1280,720,1920,1080,11.2927,12.2677,9.91232,1,1,0,0,0,0
1080,4,candidate,1022,1280,720,1920,1080,11.2742,12.1938,9.89798,1,1,0,0,0,0
1080,4,candidate,1023,1280,720,1920,1080,11.5026,12.4599,9.8775,1,1,0,0,0,0
1080,4,candidate,1024,1280,720,1920,1080,11.2241,12.3449,8.55552,1,1,0,0,0,0
1080,4,candidate,1025,1280,720,1920,1080,9.73005,10.7093,8.35072,1,1,0,0,0,0
1080,4,candidate,1026,1280,720,1920,1080,11.2783,13.0795,9.9031,1,1,0,0,0,0
1080,4,candidate,1027,1280,720,1920,1080,11.2599,12.3159,9.8816,1,1,0,0,0,0
1080,4,candidate,1028,1280,720,1920,1080,11.2773,12.3729,9.90106,1,1,0,0,0,0
1080,4,candidate,1029,1280,720,1920,1080,11.1217,12.2982,9.74234,1,1,0,0,0,0
1080,4,candidate,1030,1280,720,1920,1080,11.4217,12.4403,10.0424,1,1,0,0,0,0
1080,4,candidate,1031,1280,720,1920,1080,11.4309,12.4673,9.80685,1,1,0,0,0,0
1080,4,candidate,1032,1280,720,1920,1080,11.3572,12.448,9.98093,1,1,0,0,0,0
1080,4,candidate,1033,1280,720,1920,1080,11.1319,12.1489,9.75258,1,1,0,0,0,0
1080,4,candidate,1034,1280,720,1920,1080,11.4115,12.4126,10.0342,1,1,0,0,0,0
1080,4,candidate,1035,1280,720,1920,1080,11.3787,12.2683,9.75872,1,1,0,0,0,0
1080,4,candidate,1036,1280,720,1920,1080,11.2722,12.3153,9.88467,1,1,0,0,0,0
1080,4,candidate,1037,1280,720,1920,1080,11.3695,12.2984,9.9881,1,1,0,0,0,0
1080,4,candidate,1038,1280,720,1920,1080,11.0981,12.2242,9.72186,1,1,0,0,0,0
1080,4,candidate,1039,1280,720,1920,1080,11.2466,12.3172,9.67373,1,1,0,0,0,0
1080,4,candidate,1040,1280,720,1920,1080,11.2445,12.2202,9.86726,1,1,0,0,0,0
1080,4,candidate,1041,1280,720,1920,1080,11.4483,12.4022,10.0669,1,1,0,0,0,0
1080,4,candidate,1042,1280,720,1920,1080,11.2876,12.2541,9.91027,1,1,0,0,0,0
1080,4,candidate,1043,1280,720,1920,1080,11.2845,12.2148,9.90413,1,1,0,0,0,0
1080,4,candidate,1044,1280,720,1920,1080,11.2189,12.1518,9.84064,1,1,0,0,0,0
1080,4,candidate,1045,1280,720,1920,1080,11.3347,12.4209,9.95533,1,1,0,0,0,0
1080,4,candidate,1046,1280,720,1920,1080,11.2005,12.2153,9.82835,1,1,0,0,0,0
1080,4,candidate,1047,1280,720,1920,1080,11.433,12.3444,9.87955,1,1,0,0,0,0
1080,4,candidate,1048,1280,720,1920,1080,11.2712,12.2829,9.89491,1,1,0,0,0,0
1080,4,candidate,1049,1280,720,1920,1080,11.3797,12.3647,9.65427,1,1,0,0,0,0
1080,4,candidate,1050,1280,720,1920,1080,11.1698,12.2958,9.79251,1,1,0,0,0,0
1080,4,candidate,1051,1280,720,1920,1080,11.4289,12.4176,10.0454,1,1,0,0,0,0
1080,4,candidate,1052,1280,720,1920,1080,11.2855,12.2292,9.64915,1,1,0,0,0,0
1080,4,candidate,1053,1280,720,1920,1080,11.1104,12.331,9.72902,1,1,0,0,0,0
1080,4,candidate,1054,1280,720,1920,1080,11.2691,12.5287,9.89389,1,1,0,0,0,0
1080,4,candidate,1055,1280,720,1920,1080,11.3111,12.2137,9.93075,1,1,0,0,0,0
1080,4,candidate,1056,1280,720,1920,1080,9.76589,10.7245,8.39066,1,1,0,0,0,0
1080,4,candidate,1057,1280,720,1920,1080,12.4242,13.4843,10.9967,1,1,0,0,0,0
1080,4,candidate,1058,1280,720,1920,1080,11.9685,13.0728,10.3598,1,1,0,0,0,0
1080,4,candidate,1059,1280,720,1920,1080,11.051,12.3559,9.66963,1,1,0,0,0,0
1080,4,candidate,1060,1280,720,1920,1080,11.1442,12.2943,9.76794,1,1,0,0,0,0
1080,4,candidate,1061,1280,720,1920,1080,11.3603,12.3914,9.98093,1,1,0,0,0,0
1080,4,candidate,1062,1280,720,1920,1080,11.2609,12.2742,9.88467,1,1,0,0,0,0
1080,4,candidate,1063,1280,720,1920,1080,11.4125,12.3717,9.77715,1,1,0,0,0,0
1080,4,candidate,1064,1280,720,1920,1080,11.0807,12.2942,9.70445,1,1,0,0,0,0
1080,4,candidate,1065,1280,720,1920,1080,11.4883,12.4237,10.1059,1,1,0,0,0,0
1080,4,candidate,1066,1280,720,1920,1080,11.3521,12.4099,9.73926,1,1,0,0,0,0
1080,4,candidate,1067,1280,720,1920,1080,11.3388,12.3315,9.95635,1,1,0,0,0,0
1080,4,candidate,1068,1280,720,1920,1080,11.2579,12.2547,9.88262,1,1,0,0,0,0
1080,4,candidate,1069,1280,720,1920,1080,11.348,12.6527,9.96864,1,1,0,0,0,0
1080,4,candidate,1070,1280,720,1920,1080,11.6582,12.7205,10.0393,1,1,0,0,0,0
1080,4,candidate,1071,1280,720,1920,1080,10.9558,12.0884,9.57747,1,1,0,0,0,0
1080,4,candidate,1072,1280,720,1920,1080,11.4278,12.5609,10.0516,1,1,0,0,0,0
1080,4,candidate,1073,1280,720,1920,1080,11.2589,12.2304,9.87443,1,1,0,0,0,0
1080,4,candidate,1074,1280,720,1920,1080,11.2148,12.1755,9.65427,1,1,0,0,0,0
1080,4,candidate,1075,1280,720,1920,1080,11.3664,12.3089,9.98605,1,1,0,0,0,0
1080,4,candidate,1076,1280,720,1920,1080,11.2159,12.1344,9.83859,1,1,0,0,0,0
1080,4,candidate,1077,1280,720,1920,1080,11.3101,12.3413,9.93075,1,1,0,0,0,0
1080,4,candidate,1078,1280,720,1920,1080,11.4268,12.3967,9.78227,1,1,0,0,0,0
1080,4,candidate,1079,1280,720,1920,1080,11.5896,12.625,9.85805,1,1,0,0,0,0
1080,4,candidate,1080,1280,720,1920,1080,11.2824,12.4084,9.90618,1,1,0,0,0,0
1080,4,candidate,1081,1280,720,1920,1080,11.3551,12.3008,9.71162,1,1,0,0,0,0
1080,4,candidate,1082,1280,720,1920,1080,11.479,12.5296,9.81914,1,1,0,0,0,0
1080,4,candidate,1083,1280,720,1920,1080,11.5354,12.5698,9.89389,1,1,0,0,0,0
1080,4,candidate,1084,1280,720,1920,1080,11.4688,12.4066,9.83142,1,1,0,0,0,0
1080,4,candidate,1085,1280,720,1920,1080,11.3019,12.4399,9.92051,1,1,0,0,0,0
1080,4,candidate,1086,1280,720,1920,1080,11.2701,12.4181,9.89286,1,1,0,0,0,0
1080,4,candidate,1087,1280,720,1920,1080,11.4944,12.6039,9.856,1,1,0,0,0,0
1080,4,candidate,1088,1280,720,1920,1080,11.4504,12.4719,9.81197,1,1,0,0,0,0
1080,4,candidate,1089,1280,720,1920,1080,11.436,12.4691,9.77613,1,1,0,0,0,0
1080,4,candidate,1090,1280,720,1920,1080,12.1364,13.3392,10.753,1,1,0,0,0,0
1080,4,candidate,1091,1280,720,1920,1080,11.2148,12.2863,9.83347,1,1,0,0,0,0
1080,4,candidate,1092,1280,720,1920,1080,11.5814,12.5893,10.2042,1,1,0,0,0,0
1080,4,candidate,1093,1280,720,1920,1080,11.4412,12.3853,10.0567,1,1,0,0,0,0
1080,4,candidate,1094,1280,720,1920,1080,11.518,12.5779,10.1376,1,1,0,0,0,0
1080,4,candidate,1095,1280,720,1920,1080,11.5169,12.595,10.1356,1,1,0,0,0,0
1080,4,candidate,1096,1280,720,1920,1080,11.3695,12.376,9.98912,1,1,0,0,0,0
1080,4,candidate,1097,1280,720,1920,1080,11.3736,12.4036,9.98912,1,1,0,0,0,0
1080,4,candidate,1098,1280,720,1920,1080,11.2609,12.2198,9.88262,1,1,0,0,0,0
1080,4,candidate,1099,1280,720,1920,1080,11.306,12.2769,9.92563,1,1,0,0,0,0
1080,4,candidate,1100,1280,720,1920,1080,11.0428,12.2147,9.6297,1,1,0,0,0,0
1080,4,candidate,1101,1280,720,1920,1080,11.4483,12.3525,9.89491,1,1,0,0,0,0
1080,4,candidate,1102,1280,720,1920,1080,11.2435,12.208,9.86522,1,1,0,0,0,0
1080,4,candidate,1103,1280,720,1920,1080,11.2773,12.2933,9.65734,1,1,0,0,0,0
1080,4,candidate,1104,1280,720,1920,1080,11.2896,12.3134,9.66349,1,1,0,0,0,0
1080,4,candidate,1105,1280,720,1920,1080,11.307,12.6512,9.92051,1,1,0,0,0,0
1080,4,candidate,1106,1280,720,1920,1080,11.3039,12.4484,9.65734,1,1,0,0,0,0
1080,4,candidate,1107,1280,720,1920,1080,11.2876,12.2126,9.63891,1,1,0,0,0,0
1080,4,candidate,1108,1280,720,1920,1080,11.2169,12.4177,9.84064,1,1,0,0,0,0
1080,4,candidate,1109,1280,720,1920,1080,11.2067,12.2667,9.8263,1,1,0,0,0,0
1080,4,candidate,1110,1280,720,1920,1080,11.3388,12.3227,9.95942,1,1,0,0,0,0
1080,4,candidate,1111,1280,720,1920,1080,11.3398,12.4919,8.67533,1,1,0,0,0,0
1080,4,candidate,1112,1280,720,1920,1080,11.2773,12.4295,9.90003,1,1,0,0,0,0
1080,4,candidate,1113,1280,720,1920,1080,11.0705,12.1146,9.69011,1,1,0,0,0,0
1080,4,candidate,1114,1280,720,1920,1080,11.2036,12.1843,9.82835,1,1,0,0,0,0
1080,4,candidate,1115,1280,720,1920,1080,11.2906,12.204,9.90822,1,1,0,0,0,0
1080,4,candidate,1116,1280,720,1920,1080,11.3152,12.3617,9.93587,1,1,0,0,0,0
1080,4,candidate,1117,1280,720,1920,1080,11.0715,12.2157,9.69114,1,1,0,0,0,0
1080,4,candidate,1118,1280,720,1920,1080,11.4893,12.4019,10.111,1,1,0,0,0,0
1080,4,candidate,1119,1280,720,1920,1080,11.3203,12.2914,9.92973,1,1,0,0,0,0
1080,4,candidate,1120,1280,720,1920,1080,11.1688,12.3008,9.7751,1,1,0,0,0,0
1080,4,candidate,1121,1280,720,1920,1080,11.4555,12.4749,9.80275,1,1,0,0,0,0
1080,4,candidate,1122,1280,720,1920,1080,11.1944,12.263,9.81504,1,1,0,0,0,0
1080,4,candidate,1123,1280,720,1920,1080,11.2548,12.2248,9.87341,1,1,0,0,0,0
1080,4,candidate,1124,1280,720,1920,1080,11.4145,12.3557,10.0352,1,1,0,0,0,0
1080,4,candidate,1125,1280,720,1920,1080,11.4063,12.4367,10.0209,1,1,0,0,0,0
1080,4,candidate,1126,1280,720,1920,1080,11.2998,12.2239,9.92154,1,1,0,0,0,0
1080,4,candidate,1127,1280,720,1920,1080,11.3285,12.3047,9.94406,1,1,0,0,0,0
1080,4,candidate,1128,1280,720,1920,1080,11.4719,12.7424,9.84576,1,1,0,0,0,0
1080,4,candidate,1129,1280,720,1920,1080,11.3142,12.4175,9.93075,1,1,0,0,0,0
1080,4,candidate,1130,1280,720,1920,1080,11.2681,12.2434,9.89184,1,1,0,0,0,0
1080,4,candidate,1131,1280,720,1920,1080,11.2957,12.2332,9.91437,1,1,0,0,0,0
1080,4,candidate,1132,1280,720,1920,1080,11.5374,12.5643,9.91642,1,1,0,0,0,0
1080,4,candidate,1133,1280,720,1920,1080,11.5835,12.6012,9.87648,1,1,0,0,0,0
1080,4,candidate,1134,1280,720,1920,1080,11.2271,12.2049,9.84986,1,1,0,0,0,0
1080,4,candidate,1135,1280,720,1920,1080,10.3209,11.5574,8.93952,1,1,0,0,0,0
1080,4,candidate,1136,1280,720,1920,1080,12.2235,13.2744,10.8247,1,1,0,0,0,0
1080,4,candidate,1137,1280,720,1920,1080,11.093,12.2714,9.70957,1,1,0,0,0,0
1080,4,candidate,1138,1280,720,1920,1080,11.2814,12.1866,9.65325,1,1,0,0,0,0
1080,4,candidate,1139,1280,720,1920,1080,11.2773,12.3157,9.63072,1,1,0,0,0,0
1080,4,candidate,1140,1280,720,1920,1080,11.3889,12.378,9.73414,1,1,0,0,0,0
1080,4,candidate,1141,1280,720,1920,1080,11.2783,12.6906,9.89594,1,1,0,0,0,0
1080,4,candidate,1142,1280,720,1920,1080,11.3039,12.5289,9.66656,1,1,0,0,0,0
1080,4,candidate,1143,1280,720,1920,1080,11.3623,12.5098,9.71162,1,1,0,0,0,0
1080,4,candidate,1144,1280,720,1920,1080,11.3234,12.4506,9.67475,1,1,0,0,0,0
1080,4,candidate,1145,1280,720,1920,1080,11.3254,12.4884,9.6809,1,1,0,0,0,0
1080,4,candidate,1146,1280,720,1920,1080,11.3797,12.38,9.72288,1,1,0,0,0,0
1080,4,candidate,1147,1280,720,1920,1080,11.2763,12.5611,9.89389,1,1,0,0,0,0
1080,4,candidate,1148,1280,720,1920,1080,11.2763,12.4695,9.89696,1,1,0,0,0,0
1080,4,candidate,1149,1280,720,1920,1080,11.305,12.3143,9.92358,1,1,0,0,0,0
1080,4,candidate,1150,1280,720,1920,1080,11.3101,12.2533,9.66758,1,1,0,0,0,0
1080,4,candidate,1151,1280,720,1920,1080,11.2824,12.6315,9.90208,1,1,0,0,0,0
1080,4,candidate,1152,1280,720,1920,1080,11.2538,12.4299,9.70957,1,1,0,0,0,0
1080,4,candidate,1153,1280,720,1920,1080,11.2425,12.4887,8.57293,1,1,0,0,0,0
1080,4,candidate,1154,1280,720,1920,1080,11.0541,12.2021,8.42854,1,1,0,0,0,0
1080,4,candidate,1155,1280,720,1920,1080,11.4084,12.3057,10.027,1,1,0,0,0,0
1080,4,candidate,1156,1280,720,1920,1080,11.2445,12.5217,9.86624,1,1,0,0,0,0
1080,4,candidate,1157,1280,720,1920,1080,11.4217,12.6946,10.0403,1,1,0,0,0,0
1080,4,candidate,1158,1280,720,1920,1080,11.3265,12.2983,9.94509,1,1,0,0,0,0
1080,4,candidate,1159,1280,720,1920,1080,11.1821,12.3919,9.8007,1,1,0,0,0,0
1080,4,candidate,1160,1280,720,1920,1080,11.521,12.6298,10.1417,1,1,0,0,0,0
1080,4,candidate,1161,1280,720,1920,1080,11.2077,12.5496,9.82733,1,1,0,0,0,0
1080,4,candidate,1162,1280,720,1920,1080,11.7012,12.7513,10.0475,1,1,0,0,0,0
1080,4,candidate,1163,1280,720,1920,1080,11.5036,12.5615,9.84474,1,1,0,0,0,0
1080,4,candidate,1164,1280,720,1920,1080,11.223,12.5143,9.84576,1,1,0,0,0,0
1080,4,candidate,1165,1280,720,1920,1080,11.1944,12.2101,9.80992,1,1,0,0,0,0
1080,4,candidate,1166,1280,720,1920,1080,11.4831,12.532,9.92051,1,1,0,0,0,0
1080,4,candidate,1167,1280,720,1920,1080,11.4319,12.3654,10.0506,1,1,0,0,0,0
1080,4,candidate,1168,1280,720,1920,1080,11.3121,12.385,9.6727,1,1,0,0,0,0
1080,4,candidate,1169,1280,720,1920,1080,11.1995,12.4986,9.81606,1,1,0,0,0,0
1080,4,candidate,1170,1280,720,1920,1080,11.2722,12.496,9.89389,1,1,0,0,0,0
1080,4,candidate,1171,1280,720,1920,1080,11.1985,12.4145,9.81914,1,1,0,0,0,0
1080,4,candidate,1172,1280,720,1920,1080,11.2681,12.2039,9.89082,1,1,0,0,0,0
1080,4,candidate,1173,1280,720,1920,1080,11.3818,12.4024,10.0014,1,1,0,0,0,0
1080,4,candidate,1174,1280,720,1920,1080,11.2794,12.1643,9.9031,1,1,0,0,0,0
1080,4,candidate,1175,1280,720,1920,1080,11.394,12.5211,9.65222,1,1,0,0,0,0
1080,4,candidate,1176,1280,720,1920,1080,11.1852,12.324,9.81094,1,1,0,0,0,0
1080,4,candidate,1177,1280,720,1920,1080,11.0449,12.2381,9.66246,1,1,0,0,0,0
1080,4,candidate,1178,1280,720,1920,1080,11.4749,12.5214,10.0997,1,1,0,0,0,0
1080,4,candidate,1179,1280,720,1920,1080,11.2968,12.3175,9.91437,1,1,0,0,0,0
1080,4,candidate,1180,1280,720,1920,1080,11.2497,12.2937,9.87136,1,1,0,0,0,0
1080,4,candidate,1181,1280,720,1920,1080,11.0766,12.2146,9.69626,1,1,0,0,0,0
1080,4,candidate,1182,1280,720,1920,1080,11.518,12.4568,10.1407,1,1,0,0,0,0
1080,4,candidate,1183,1280,720,1920,1080,11.0725,12.2243,9.67475,1,1,0,0,0,0
1080,4,candidate,1184,1280,720,1920,1080,11.4637,12.3818,10.0874,1,1,0,0,0,0
1080,4,candidate,1185,1280,720,1920,1080,11.0387,12.1701,9.6553,1,1,0,0,0,0
1080,4,candidate,1186,1280,720,1920,1080,11.4534,12.3449,9.82835,1,1,0,0,0,0
1080,4,candidate,1187,1280,720,1920,1080,11.1852,12.1952,9.80378,1,1,0,0,0,0
1080,4,candidate,1188,1280,720,1920,1080,11.3162,12.2727,9.94099,1,1,0,0,0,0
1080,4,candidate,1189,1280,720,1920,1080,11.5354,12.4845,9.89286,1,1,0,0,0,0
1080,4,candidate,1190,1280,720,1920,1080,11.4258,12.4048,9.78534,1,1,0,0,0,0
1080,4,candidate,1191,1280,720,1920,1080,11.2609,12.1961,9.88262,1,1,0,0,0,0
1080,4,candidate,1192,1280,720,1920,1080,11.4432,12.3918,9.8048,1,1,0,0,0,0
1080,4,candidate,1193,1280,720,1920,1080,11.4954,12.4261,9.85293,1,1,0,0,0,0
1080,4,candidate,1194,1280,720,1920,1080,11.4422,12.4159,9.79968,1,1,0,0,0,0
1080,4,candidate,1195,1280,720,1920,1080,11.4412,12.4297,9.79354,1,1,0,0,0,0
1080,4,candidate,1196,1280,720,1920,1080,11.4586,12.6631,9.82426,1,1,0,0,0,0
1080,4,candidate,1197,1280,720,1920,1080,11.4801,12.5246,9.84576,1,1,0,0,0,0
1080,4,candidate,1198,1280,720,1920,1080,11.521,12.6432,9.87238,1,1,0,0,0,0
1080,4,candidate,1199,1280,720,1920,1080,11.305,12.4283,9.92358,1,1,0,0,0,0
1080,4,reference,300,1280,720,1920,1080,11.3009,12.3007,9.92358,1,1,0,0,2,11059200
1080,4,reference,301,1280,720,1920,1080,11.5169,12.5438,10.1376,1,1,0,0,2,11059200
1080,4,reference,302,1280,720,1920,1080,11.5763,12.5239,10.2011,1,1,0,0,2,11059200
1080,4,reference,303,1280,720,1920,1080,11.3869,12.5072,10.0086,1,1,0,0,2,11059200
1080,4,reference,304,1280,720,1920,1080,11.3357,12.3979,9.96045,1,1,0,0,2,11059200
1080,4,reference,305,1280,720,1920,1080,11.4524,12.5211,10.0731,1,1,0,0,2,11059200
1080,4,reference,306,1280,720,1920,1080,11.1043,12.2194,9.71366,1,1,0,0,2,11059200
1080,4,reference,307,1280,720,1920,1080,11.6234,12.7105,10.2441,1,1,0,0,2,11059200
1080,4,reference,308,1280,720,1920,1080,11.5466,12.5232,10.1704,1,1,0,0,2,11059200
1080,4,reference,309,1280,720,1920,1080,11.3347,12.4104,9.9543,1,1,0,0,2,11059200
1080,4,reference,310,1280,720,1920,1080,11.3859,12.3277,10.0106,1,1,0,0,2,11059200
1080,4,reference,311,1280,720,1920,1080,11.5118,12.6004,10.1345,1,1,0,0,2,11059200
1080,4,reference,312,1280,720,1920,1080,9.98605,10.9465,8.61389,1,1,0,0,2,11059200
1080,4,reference,313,1280,720,1920,1080,11.5702,12.6545,10.1919,1,1,0,0,2,11059200
1080,4,reference,314,1280,720,1920,1080,12.3781,13.4847,10.9855,1,1,0,0,2,11059200
1080,4,reference,315,1280,720,1920,1080,13.5168,14.4466,12.1385,1,1,0,0,2,11059200
1080,4,reference,316,1280,720,1920,1080,11.3623,12.3394,9.98298,1,1,0,0,2,11059200
1080,4,reference,317,1280,720,1920,1080,11.0592,12.2237,9.6809,1,1,0,0,2,11059200
1080,4,reference,318,1280,720,1920,1080,11.3439,12.3743,9.95123,1,1,0,0,2,11059200
1080,4,reference,319,1280,720,1920,1080,11.2302,12.3,9.84986,1,1,0,0,2,11059200
1080,4,reference,320,1280,720,1920,1080,11.3582,12.3737,9.9799,1,1,0,0,2,11059200
1080,4,reference,321,1280,720,1920,1080,11.348,12.3559,9.96966,1,1,0,0,2,11059200
1080,4,reference,322,1280,720,1920,1080,11.1032,12.2776,9.72698,1,1,0,0,2,11059200
1080,4,reference,323,1280,720,1920,1080,11.4575,12.4221,10.0803,1,1,0,0,2,11059200
1080,4,reference,324,1280,720,1920,1080,11.3439,12.35,9.96659,1,1,0,0,2,11059200
1080,4,reference,325,1280,720,1920,1080,11.3121,12.3811,9.93075,1,1,0,0,2,11059200
1080,4,reference,326,1280,720,1920,1080,11.3285,12.3777,9.95123,1,1,0,0,2,11059200
1080,4,reference,327,1280,720,1920,1080,11.3797,12.3423,10.0004,1,1,0,0,2,11059200
1080,4,reference,328,1280,720,1920,1080,11.5057,12.5138,10.1315,1,1,0,0,2,11059200
1080,4,reference,329,1280,720,1920,1080,11.4924,12.5615,10.113,1,1,0,0,2,11059200
1080,4,reference,330,1280,720,1920,1080,11.6183,12.8475,10.239,1,1,0,0,2,11059200
1080,4,reference,331,1280,720,1920,1080,11.3408,12.4631,9.96147,1,1,0,0,2,11059200
1080,4,reference,332,1280,720,1920,1080,11.1012,12.3406,9.72186,1,1,0,0,2,11059200
1080,4,reference,333,1280,720,1920,1080,11.2865,12.214,9.7239,1,1,0,0,2,11059200
1080,4,reference,334,1280,720,1920,1080,11.5579,12.4753,10.1816,1,1,0,0,2,11059200
1080,4,reference,335,1280,720,1920,1080,11.435,12.4704,10.0536,1,1,0,0,2,11059200
1080,4,reference,336,1280,720,1920,1080,11.3428,12.3549,9.96352,1,1,0,0,2,11059200
1080,4,reference,337,1280,720,1920,1080,11.2435,12.2915,9.86214,1,1,0,0,2,11059200
1080,4,reference,338,1280,720,1920,1080,11.5139,12.4927,9.95021,1,1,0,0,2,11059200
1080,4,reference,339,1280,720,1920,1080,11.4053,12.3842,10.027,1,1,0,0,2,11059200
1080,4,reference,340,1280,720,1920,1080,11.3388,12.2591,9.9625,1,1,0,0,2,11059200
1080,4,reference,341,1280,720,1920,1080,11.3613,12.4142,9.98195,1,1,0,0,2,11059200
1080,4,reference,342,1280,720,1920,1080,11.3162,12.2903,9.93997,1,1,0,0,2,11059200
1080,4,reference,343,1280,720,1920,1080,11.3203,12.3222,9.94202,1,1,0,0,2,11059200
1080,4,reference,344,1280,720,1920,1080,11.5108,12.579,9.86829,1,1,0,0,2,11059200
1080,4,reference,345,1280,720,1920,1080,11.3449,12.318,9.96762,1,1,0,0,2,11059200
1080,4,reference,346,1280,720,1920,1080,11.5487,12.5054,9.9072,1,1,0,0,2,11059200
1080,4,reference,347,1280,720,1920,1080,11.52,12.4949,9.9799,1,1,0,0,2,11059200
1080,4,reference,348,1280,720,1920,1080,11.3398,12.5086,9.96454,1,1,0,0,2,11059200
1080,4,reference,349,1280,720,1920,1080,11.4442,12.4625,9.79866,1,1,0,0,2,11059200
1080,4,reference,350,1280,720,1920,1080,11.4627,12.5047,9.82323,1,1,0,0,2,11059200
1080,4,reference,351,1280,720,1920,1080,11.5026,12.703,9.8601,1,1,0,0,2,11059200
1080,4,reference,352,1280,720,1920,1080,11.348,12.2955,9.97171,1,1,0,0,2,11059200
1080,4,reference,353,1280,720,1920,1080,11.5804,12.5425,9.93075,1,1,0,0,2,11059200
1080,4,reference,354,1280,720,1920,1080,11.5692,12.4956,9.92256,1,1,0,0,2,11059200
1080,4,reference,355,1280,720,1920,1080,11.3541,12.3262,9.97376,1,1,0,0,2,11059200
1080,4,reference,356,1280,720,1920,1080,11.3203,12.2927,9.94406,1,1,0,0,2,11059200
1080,4,reference,357,1280,720,1920,1080,11.5436,12.482,9.87136,1,1,0,0,2,11059200
1080,4,reference,358,1280,720,1920,1080,11.5405,12.6919,9.89082,1,1,0,0,2,11059200
1080,4,reference,359,1280,720,1920,1080,11.2138,12.2205,9.8304,1,1,0,0,2,11059200
1080,4,reference,360,1280,720,1920,1080,11.3234,12.3342,9.94509,1,1,0,0,2,11059200
1080,4,reference,361,1280,720,1920,1080,11.4022,12.388,9.7792,1,1,0,0,2,11059200
1080,4,reference,362,1280,720,1920,1080,11.5139,12.7427,9.87341,1,1,0,0,2,11059200
1080,4,reference,363,1280,720,1920,1080,11.5784,12.7687,9.91437,1,1,0,0,2,11059200
1080,4,reference,364,1280,720,1920,1080,11.3377,12.3407,9.95738,1,1,0,0,2,11059200
1080,4,reference,365,1280,720,1920,1080,11.3828,12.5412,10.0004,1,1,0,0,2,11059200
1080,4,reference,366,1280,720,1920,1080,9.9881,11.0182,8.61594,1,1,0,0,2,11059200
1080,4,reference,367,1280,720,1920,1080,12.7611,13.7447,11.3592,1,1,0,0,2,11059200
1080,4,reference,368,1280,720,1920,1080,11.5937,12.576,10.2052,1,1,0,0,2,11059200
1080,4,reference,369,1280,720,1920,1080,11.4924,12.535,9.84883,1,1,0,0,2,11059200
1080,4,reference,370,1280,720,1920,1080,11.5466,12.5244,9.89491,1,1,0,0,2,11059200
1080,4,reference,371,1280,720,1920,1080,11.4289,12.5171,10.0465,1,1,0,0,2,11059200
1080,4,reference,372,1280,720,1920,1080,11.351,12.3934,9.97581,1,1,0,0,2,11059200
1080,4,reference,373,1280,720,1920,1080,11.3306,12.3703,9.95021,1,1,0,0,2,11059200
1080,4,reference,374,1280,720,1920,1080,11.5292,12.6986,9.88774,1,1,0,0,2,11059200
1080,4,reference,375,1280,720,1920,1080,11.3766,12.3997,9.99731,1,1,0,0,2,11059200
1080,4,reference,376,1280,720,1920,1080,11.3951,12.4947,10.0198,1,1,0,0,2,11059200
1080,4,reference,377,1280,720,1920,1080,11.5722,12.6273,9.91539,1,1,0,0,2,11059200
1080,4,reference,378,1280,720,1920,1080,11.3582,12.3546,9.98298,1,1,0,0,2,11059200
1080,4,reference,379,1280,720,1920,1080,11.3244,12.3228,9.94406,1,1,0,0,2,11059200
1080,4,reference,380,1280,720,1920,1080,11.5968,12.7589,9.9543,1,1,0,0,2,11059200
1080,4,reference,381,1280,720,1920,1080,11.392,12.5622,10.0106,1,1,0,0,2,11059200
1080,4,reference,382,1280,720,1920,1080,11.4227,12.5627,10.0454,1,1,0,0,2,11059200
1080,4,reference,383,1280,720,1920,1080,11.3469,12.3521,9.96762,1,1,0,0,2,11059200
1080,4,reference,384,1280,720,1920,1080,11.3797,12.3817,10.0024,1,1,0,0,2,11059200
1080,4,reference,385,1280,720,1920,1080,9.97069,10.9785,8.59546,1,1,0,0,2,11059200
1080,4,reference,386,1280,720,1920,1080,11.3111,12.2038,9.9328,1,1,0,0,2,11059200
1080,4,reference,387,1280,720,1920,1080,11.3336,12.3302,9.9543,1,1,0,0,2,11059200
1080,4,reference,388,1280,720,1920,1080,11.2404,12.2408,9.86522,1,1,0,0,2,11059200
1080,4,reference,389,1280,720,1920,1080,11.5313,12.506,10.1519,1,1,0,0,2,11059200
1080,4,reference,390,1280,720,1920,1080,11.3213,12.3566,9.94406,1,1,0,0,2,11059200
1080,4,reference,391,1280,720,1920,1080,11.0397,12.1691,9.66246,1,1,0,0,2,11059200
1080,4,reference,392,1280,720,1920,1080,11.3091,12.387,9.92973,1,1,0,0,2,11059200
1080,4,reference,393,1280,720,1920,1080,11.5159,12.4363,10.1376,1,1,0,0,2,11059200
1080,4,reference,394,1280,720,1920,1080,11.0551,12.2431,9.67578,1,1,0,0,2,11059200
1080,4,reference,395,1280,720,1920,1080,14.207,15.3939,12.8276,1,1,0,0,2,11059200
1080,4,reference,396,1280,720,1920,1080,11.5517,12.5567,9.92051,1,1,0,0,2,11059200
1080,4,reference,397,1280,720,1920,1080,11.518,12.4537,10.1356,1,1,0,0,2,11059200
1080,4,reference,398,1280,720,1920,1080,11.3449,12.3823,9.96762,1,1,0,0,2,11059200
1080,4,reference,399,1280,720,1920,1080,11.5446,12.6328,9.89184,1,1,0,0,2,11059200
1080,4,reference,400,1280,720,1920,1080,11.3377,12.4094,9.96147,1,1,0,0,2,11059200
1080,4,reference,401,1280,720,1920,1080,11.6029,12.5432,10.2257,1,1,0,0,2,11059200
1080,4,reference,402,1280,720,1920,1080,11.3951,12.3922,10.0188,1,1,0,0,2,11059200
1080,4,reference,403,1280,720,1920,1080,11.1749,12.2172,9.77306,1,1,0,0,2,11059200
1080,4,reference,404,1280,720,1920,1080,11.0397,12.0666,9.66042,1,1,0,0,2,11059200
1080,4,reference,405,1280,720,1920,1080,11.5077,12.6485,8.9897,1,1,0,0,2,11059200
1080,4,reference,406,1280,720,1920,1080,11.4053,12.343,9.856,1,1,0,0,2,11059200
1080,4,reference,407,1280,720,1920,1080,11.349,12.2362,9.96966,1,1,0,0,2,11059200
1080,4,reference,408,1280,720,1920,1080,11.1411,12.1584,9.75155,1,1,0,0,2,11059200
1080,4,reference,409,1280,720,1920,1080,11.561,12.6008,10.1806,1,1,0,0,2,11059200
1080,4,reference,410,1280,720,1920,1080,11.3101,12.3254,9.66349,1,1,0,0,2,11059200
1080,4,reference,411,1280,720,1920,1080,11.5333,12.5109,9.87546,1,1,0,0,2,11059200
1080,4,reference,412,1280,720,1920,1080,11.52,12.533,9.78432,1,1,0,0,2,11059200
1080,4,reference,413,1280,720,1920,1080,11.3787,12.3735,9.72698,1,1,0,0,2,11059200
1080,4,reference,414,1280,720,1920,1080,11.3961,12.4696,9.73926,1,1,0,0,2,11059200
1080,4,reference,415,1280,720,1920,1080,11.4145,12.5254,9.76794,1,1,0,0,2,11059200
1080,4,reference,416,1280,720,1920,1080,11.2681,12.281,9.72698,1,1,0,0,2,11059200
1080,4,reference,417,1280,720,1920,1080,11.3203,12.4655,9.94202,1,1,0,0,2,11059200
1080,4,reference,418,1280,720,1920,1080,9.80992,12.1406,8.43776,1,1,0,0,2,11059200
1080,4,reference,419,1280,720,1920,1080,11.3531,12.3558,9.96762,1,1,0,0,2,11059200
1080,4,reference,420,1280,720,1920,1080,11.5425,12.4905,10.1601,1,1,0,0,2,11059200
1080,4,reference,421,1280,720,1920,1080,11.0674,12.0792,9.68909,1,1,0,0,2,11059200
1080,4,reference,422,1280,720,1920,1080,11.1094,12.2575,9.71571,1,1,0,0,2,11059200
1080,4,reference,423,1280,720,1920,1080,11.2497,12.3251,9.87341,1,1,0,0,2,11059200
1080,4,reference,424,1280,720,1920,1080,11.4893,12.4096,10.114,1,1,0,0,2,11059200
1080,4,reference,425,1280,720,1920,1080,11.3879,12.3656,10.0086,1,1,0,0,2,11059200
1080,4,reference,426,1280,720,1920,1080,11.3029,12.6356,9.92768,1,1,0,0,2,11059200
1080,4,reference,427,1280,720,1920,1080,11.4883,12.4533,10.11,1,1,0,0,2,11059200
1080,4,reference,428,1280,720,1920,1080,11.0715,12.2443,9.69626,1,1,0,0,2,11059200
1080,4,reference,429,1280,720,1920,1080,11.4627,12.3717,10.0844,1,1,0,0,2,11059200
1080,4,reference,430,1280,720,1920,1080,11.3469,12.31,9.97376,1,1,0,0,2,11059200
1080,4,reference,431,1280,720,1920,1080,11.2988,12.325,9.91949,1,1,0,0,2,11059200
1080,4,reference,432,1280,720,1920,1080,11.1022,12.3036,9.70957,1,1,0,0,2,11059200
1080,4,reference,433,1280,720,1920,1080,11.5241,12.4013,10.1458,1,1,0,0,2,11059200
1080,4,reference,434,1280,720,1920,1080,11.307,12.3393,9.92973,1,1,0,0,2,11059200
1080,4,reference,435,1280,720,1920,1080,11.5507,12.4908,10.1755,1,1,0,0,2,11059200
1080,4,reference,436,1280,720,1920,1080,11.433,12.443,10.0567,1,1,0,0,2,11059200
1080,4,reference,437,1280,720,1920,1080,11.5057,12.4574,10.1253,1,1,0,0,2,11059200
1080,4,reference,438,1280,720,1920,1080,9.93894,10.8821,8.56781,1,1,0,0,2,11059200
1080,4,reference,439,1280,720,1920,1080,12.6126,13.727,11.1954,1,1,0,0,2,11059200
1080,4,reference,440,1280,720,1920,1080,12.245,13.18,10.6097,1,1,0,0,2,11059200
1080,4,reference,441,1280,720,1920,1080,11.0008,12.068,9.62458,1,1,0,0,2,11059200
1080,4,reference,442,1280,720,1920,1080,11.5272,12.5595,10.1468,1,1,0,0,2,11059200
1080,4,reference,443,1280,720,1920,1080,11.5139,12.4911,10.1335,1,1,0,0,2,11059200
1080,4,reference,444,1280,720,1920,1080,11.4954,12.4421,10.1181,1,1,0,0,2,11059200
1080,4,reference,445,1280,720,1920,1080,11.6193,12.6714,10.241,1,1,0,0,2,11059200
1080,4,reference,446,1280,720,1920,1080,11.5272,12.4635,10.1519,1,1,0,0,2,11059200
1080,4,reference,447,1280,720,1920,1080,11.3408,12.3094,9.96352,1,1,0,0,2,11059200
1080,4,reference,448,1280,720,1920,1080,11.3326,12.3634,9.95942,1,1,0,0,2,11059200
1080,4,reference,449,1280,720,1920,1080,11.5231,12.4728,10.1448,1,1,0,0,2,11059200
1080,4,reference,450,1280,720,1920,1080,11.4319,12.5668,10.0567,1,1,0,0,2,11059200
1080,4,reference,451,1280,720,1920,1080,11.5354,12.5768,10.156,1,1,0,0,2,11059200
1080,4,reference,452,1280,720,1920,1080,11.5476,12.7294,10.1745,1,1,0,0,2,11059200
1080,4,reference,453,1280,720,1920,1080,11.3715,12.3668,9.99219,1,1,0,0,2,11059200
1080,4,reference,454,1280,720,1920,1080,11.4033,12.4397,10.028,1,1,0,0,2,11059200
1080,4,reference,455,1280,720,1920,1080,11.5589,12.5091,10.1806,1,1,0,0,2,11059200
1080,4,reference,456,1280,720,1920,1080,11.3613,12.3614,9.98707,1,1,0,0,2,11059200
1080,4,reference,457,1280,720,1920,1080,11.4862,12.4356,10.1079,1,1,0,0,2,11059200
1080,4,reference,458,1280,720,1920,1080,9.95942,10.9086,8.58522,1,1,0,0,2,11059200
1080,4,reference,459,1280,720,1920,1080,11.3664,12.3714,9.98502,1,1,0,0,2,11059200
1080,4,reference,460,1280,720,1920,1080,9.44538,10.4925,8.07117,1,1,0,0,2,11059200
1080,4,reference,461,1280,720,1920,1080,10.8667,13.2526,9.47507,1,1,0,0,2,11059200
1080,4,reference,462,1280,720,1920,1080,11.5456,12.5218,10.1632,1,1,0,0,2,11059200
1080,4,reference,463,1280,720,1920,1080,11.1483,12.2659,9.76691,1,1,0,0,2,11059200
1080,4,reference,464,1280,720,1920,1080,10.0588,11.0379,8.68454,1,1,0,0,2,11059200
1080,4,reference,465,1280,720,1920,1080,11.1493,13.3996,9.75155,1,1,0,0,2,11059200
1080,4,reference,466,1280,720,1920,1080,11.4135,12.3937,9.7833,1,1,0,0,2,11059200
1080,4,reference,467,1280,720,1920,1080,11.3101,12.2437,9.92973,1,1,0,0,2,11059200
1080,4,reference,468,1280,720,1920,1080,11.5067,12.6178,10.1335,1,1,0,0,2,11059200
1080,4,reference,469,1280,720,1920,1080,11.3132,12.2828,9.93382,1,1,0,0,2,11059200
1080,4,reference,470,1280,720,1920,1080,11.3265,12.3217,9.95123,1,1,0,0,2,11059200
1080,4,reference,471,1280,720,1920,1080,11.5436,12.576,10.1642,1,1,0,0,2,11059200
1080,4,reference,472,1280,720,1920,1080,11.3603,12.5244,9.98502,1,1,0,0,2,11059200
1080,4,reference,473,1280,720,1920,1080,11.3347,12.4348,9.95533,1,1,0,0,2,11059200
1080,4,reference,474,1280,720,1920,1080,11.1852,12.331,9.79558,1,1,0,0,2,11059200
1080,4,reference,475,1280,720,1920,1080,11.5139,12.5021,10.1345,1,1,0,0,2,11059200
1080,4,reference,476,1280,720,1920,1080,11.308,12.2769,9.93178,1,1,0,0,2,11059200
1080,4,reference,477,1280,720,1920,1080,11.3797,12.3135,10.0014,1,1,0,0,2,11059200
1080,4,reference,478,1280,720,1920,1080,11.348,12.3048,9.97171,1,1,0,0,2,11059200
1080,4,reference,479,1280,720,1920,1080,11.3469,12.2917,9.96762,1,1,0,0,2,11059200
1080,4,reference,480,1280,720,1920,1080,11.3029,12.3806,9.92563,1,1,0,0,2,11059200
1080,4,reference,481,1280,720,1920,1080,11.3398,12.3461,9.96045,1,1,0,0,2,11059200
1080,4,reference,482,1280,720,1920,1080,11.5108,12.5893,9.86624,1,1,0,0,2,11059200
1080,4,reference,483,1280,720,1920,1080,11.5425,12.5078,9.88877,1,1,0,0,2,11059200
1080,4,reference,484,1280,720,1920,1080,11.3521,12.388,9.97683,1,1,0,0,2,11059200
1080,4,reference,485,1280,720,1920,1080,11.5681,12.713,9.91334,1,1,0,0,2,11059200
1080,4,reference,486,1280,720,1920,1080,11.3695,12.4063,9.99322,1,1,0,0,2,11059200
1080,4,reference,487,1280,720,1920,1080,11.3807,12.528,10.0014,1,1,0,0,2,11059200
1080,4,reference,488,1280,720,1920,1080,11.3869,12.3778,10.0106,1,1,0,0,2,11059200
1080,4,reference,489,1280,720,1920,1080,11.5671,12.713,9.92358,1,1,0,0,2,11059200
1080,4,reference,490,1280,720,1920,1080,11.3981,12.5308,10.0209,1,1,0,0,2,11059200
1080,4,reference,491,1280,720,1920,1080,11.3736,12.3733,9.99629,1,1,0,0,2,11059200
1080,4,reference,492,1280,720,1920,1080,11.3746,12.549,9.99629,1,1,0,0,2,11059200
1080,4,reference,493,1280,720,1920,1080,11.5415,12.5725,9.88979,1,1,0,0,2,11059200
1080,4,reference,494,1280,720,1920,1080,11.3224,12.3381,9.94611,1,1,0,0,2,11059200
1080,4,reference,495,1280,720,1920,1080,11.4668,12.4745,10.0884,1,1,0,0,2,11059200
1080,4,reference,496,1280,720,1920,1080,11.5333,12.5868,9.8857,1,1,0,0,2,11059200
1080,4,reference,497,1280,720,1920,1080,11.3459,12.5615,9.96659,1,1,0,0,2,11059200
1080,4,reference,498,1280,720,1920,1080,11.3408,12.3547,9.96352,1,1,0,0,2,11059200
1080,4,reference,499,1280,720,1920,1080,11.4094,12.5939,10.0301,1,1,0,0,2,11059200
1080,4,reference,500,1280,720,1920,1080,11.4043,12.4332,10.0291,1,1,0,0,2,11059200
1080,4,reference,501,1280,720,1920,1080,11.3326,12.3453,9.95328,1,1,0,0,2,11059200
1080,4,reference,502,1280,720,1920,1080,11.4145,12.5318,10.0311,1,1,0,0,2,11059200
1080,4,reference,503,1280,720,1920,1080,11.6603,12.691,9.99936,1,1,0,0,2,11059200
1080,4,reference,504,1280,720,1920,1080,11.35,12.2876,9.97478,1,1,0,0,2,11059200
1080,4,reference,505,1280,720,1920,1080,11.3541,12.4139,9.97478,1,1,0,0,2,11059200
1080,4,reference,506,1280,720,1920,1080,11.5026,12.507,9.85498,1,1,0,0,2,11059200
1080,4,reference,507,1280,720,1920,1080,11.3428,12.3075,9.9625,1,1,0,0,2,11059200
1080,4,reference,508,1280,720,1920,1080,11.5692,12.5781,9.92461,1,1,0,0,2,11059200
1080,4,reference,509,1280,720,1920,1080,11.3777,12.469,9.99834,1,1,0,0,2,11059200
1080,4,reference,510,1280,720,1920,1080,11.5139,12.5737,10.1376,1,1,0,0,2,11059200
1080,4,reference,511,1280,720,1920,1080,11.3521,12.4281,9.97376,1,1,0,0,2,11059200
1080,4,reference,512,1280,720,1920,1080,11.2148,12.1768,9.83962,1,1,0,0,2,11059200
1080,4,reference,513,1280,720,1920,1080,11.351,12.3331,9.97171,1,1,0,0,2,11059200
1080,4,reference,514,1280,720,1920,1080,11.5712,12.5692,9.92666,1,1,0,0,2,11059200
1080,4,reference,515,1280,720,1920,1080,11.5425,12.7886,9.88262,1,1,0,0,2,11059200
1080,4,reference,516,1280,720,1920,1080,11.564,12.5839,9.92461,1,1,0,0,2,11059200
1080,4,reference,517,1280,720,1920,1080,11.3592,12.4007,9.98195,1,1,0,0,2,11059200
1080,4,reference,518,1280,720,1920,1080,11.5251,12.5891,9.87034,1,1,0,0,2,11059200
1080,4,reference,519,1280,720,1920,1080,11.6152,12.6648,9.96762,1,1,0,0,2,11059200
1080,4,reference,520,1280,720,1920,1080,11.3316,12.2769,9.9584,1,1,0,0,2,11059200
1080,4,reference,521,1280,720,1920,1080,11.4872,12.443,9.84269,1,1,0,0,2,11059200
1080,4,reference,522,1280,720,1920,1080,11.3449,12.3717,9.96864,1,1,0,0,2,11059200
1080,4,reference,523,1280,720,1920,1080,11.3818,12.5145,10.0004,1,1,0,0,2,11059200
1080,4,reference,524,1280,720,1920,1080,11.3592,12.3654,9.98195,1,1,0,0,2,11059200
1080,4,reference,525,1280,720,1920,1080,11.2425,12.245,9.86214,1,1,0,0,2,11059200
1080,4,reference,526,1280,720,1920,1080,11.563,12.6379,9.94509,1,1,0,0,2,11059200
1080,4,reference,527,1280,720,1920,1080,11.2548,12.4313,9.8263,1,1,0,0,2,11059200
1080,4,reference,528,1280,720,1920,1080,11.6603,12.72,10.2748,1,1,0,0,2,11059200
1080,4,reference,529,1280,720,1920,1080,11.5241,12.5932,10.1437,1,1,0,0,2,11059200
1080,4,reference,530,1280,720,1920,1080,11.3961,12.3632,10.0188,1,1,0,0,2,11059200
1080,4,reference,531,1280,720,1920,1080,11.308,12.2154,9.93075,1,1,0,0,2,11059200
1080,4,reference,532,1280,720,1920,1080,11.3295,12.3212,9.95533,1,1,0,0,2,11059200
1080,4,reference,533,1280,720,1920,1080,11.5651,12.5639,9.92358,1,1,0,0,2,11059200
1080,4,reference,534,1280,720,1920,1080,11.5313,12.5493,9.8857,1,1,0,0,2,11059200
1080,4,reference,535,1280,720,1920,1080,11.3879,12.6407,10.0096,1,1,0,0,2,11059200
1080,4,reference,536,1280,720,1920,1080,11.3838,12.4457,10.0086,1,1,0,0,2,11059200
1080,4,reference,537,1280,720,1920,1080,11.3347,12.3318,9.95635,1,1,0,0,2,11059200
1080,4,reference,538,1280,720,1920,1080,11.4063,12.3432,9.78022,1,1,0,0,2,11059200
1080,4,reference,539,1280,720,1920,1080,11.5497,12.4844,9.90822,1,1,0,0,2,11059200
1080,4,reference,540,1280,720,1920,1080,11.5108,12.4668,9.87136,1,1,0,0,2,11059200
1080,4,reference,541,1280,720,1920,1080,11.521,12.4669,9.86726,1,1,0,0,2,11059200
1080,4,reference,542,1280,720,1920,1080,11.5702,12.5231,9.92256,1,1,0,0,2,11059200
1080,4,reference,543,1280,720,1920,1080,11.476,12.4733,9.84678,1,1,0,0,2,11059200
1080,4,reference,544,1280,720,1920,1080,11.5671,12.4914,9.93894,1,1,0,0,2,11059200
1080,4,reference,545,1280,720,1920,1080,11.5763,12.5639,9.9369,1,1,0,0,2,11059200
1080,4,reference,546,1280,720,1920,1080,11.5118,12.5584,9.88058,1,1,0,0,2,11059200
1080,4,reference,547,1280,720,1920,1080,11.3152,12.2708,9.9369,1,1,0,0,2,11059200
1080,4,reference,548,1280,720,1920,1080,11.5927,12.841,9.96659,1,1,0,0,2,11059200
1080,4,reference,549,1280,720,1920,1080,11.5159,12.6133,9.87955,1,1,0,0,2,11059200
1080,4,reference,550,1280,720,1920,1080,11.4616,12.4056,10.0844,1,1,0,0,2,11059200
1080,4,reference,551,1280,720,1920,1080,11.3531,12.359,9.97274,1,1,0,0,2,11059200
1080,4,reference,552,1280,720,1920,1080,11.3418,12.3716,9.96762,1,1,0,0,2,11059200
1080,4,reference,553,1280,720,1920,1080,11.5538,12.5447,9.92358,1,1,0,0,2,11059200
1080,4,reference,554,1280,720,1920,1080,11.3377,12.271,9.96147,1,1,0,0,2,11059200
1080,4,reference,555,1280,720,1920,1080,11.5046,12.783,9.88262,1,1,0,0,2,11059200
1080,4,reference,556,1280,720,1920,1080,11.3695,12.4751,9.99322,1,1,0,0,2,11059200
1080,4,reference,557,1280,720,1920,1080,11.2753,12.4542,9.89594,1,1,0,0,2,11059200
1080,4,reference,558,1280,720,1920,1080,11.3807,12.4715,10.0065,1,1,0,0,2,11059200
1080,4,reference,559,1280,720,1920,1080,11.3019,12.4362,9.92461,1,1,0,0,2,11059200
1080,4,reference,560,1280,720,1920,1080,11.3449,12.3406,9.97069,1,1,0,0,2,11059200
1080,4,reference,561,1280,720,1920,1080,11.3111,12.2686,9.9328,1,1,0,0,2,11059200
1080,4,reference,562,1280,720,1920,1080,11.522,12.5168,9.88979,1,1,0,0,2,11059200
1080,4,reference,563,1280,720,1920,1080,11.5128,12.6076,9.88467,1,1,0,0,2,11059200
1080,4,reference,564,1280,720,1920,1080,11.5497,12.4763,9.89798,1,1,0,0,2,11059200
1080,4,reference,565,1280,720,1920,1080,11.5149,12.499,9.88672,1,1,0,0,2,11059200
1080,4,reference,566,1280,720,1920,1080,11.3592,12.596,9.98298,1,1,0,0,2,11059200
1080,4,reference,567,1280,720,1920,1080,11.393,12.3958,10.0147,1,1,0,0,2,11059200
1080,4,reference,568,1280,720,1920,1080,11.2968,12.379,9.91846,1,1,0,0,2,11059200
1080,4,reference,569,1280,720,1920,1080,11.2845,12.3367,9.90515,1,1,0,0,2,11059200
1080,4,reference,570,1280,720,1920,1080,11.2497,12.2554,9.87238,1,1,0,0,2,11059200
1080,4,reference,571,1280,720,1920,1080,9.96966,11.1262,8.59341,1,1,0,0,2,11059200
1080,4,reference,572,1280,720,1920,1080,12.7764,13.9183,11.3766,1,1,0,0,2,11059200
1080,4,reference,573,1280,720,1920,1080,11.5118,12.5834,10.1202,1,1,0,0,2,11059200
1080,4,reference,574,1280,720,1920,1080,11.0459,12.1442,9.67066,1,1,0,0,2,11059200
1080,4,reference,575,1280,720,1920,1080,9.8519,10.7952,8.47565,1,1,0,0,2,11059200
1080,4,reference,576,1280,720,1920,1080,13.0847,14.1103,11.691,1,1,0,0,2,11059200
1080,4,reference,577,1280,720,1920,1080,11.5046,12.6151,10.11,1,1,0,0,2,11059200
1080,4,reference,578,1280,720,1920,1080,11.6019,12.5937,9.94509,1,1,0,0,2,11059200
1080,4,reference,579,1280,720,1920,1080,11.5231,12.4241,9.88877,1,1,0,0,2,11059200
1080,4,reference,580,1280,720,1920,1080,11.3459,12.268,9.71264,1,1,0,0,2,11059200
1080,4,reference,581,1280,720,1920,1080,11.2957,12.2618,9.66554,1,1,0,0,2,11059200
1080,4,reference,582,1280,720,1920,1080,11.2251,12.4835,9.84883,1,1,0,0,2,11059200
1080,4,reference,583,1280,720,1920,1080,11.3306,12.3789,9.69626,1,1,0,0,2,11059200
1080,4,reference,584,1280,720,1920,1080,11.2159,12.3959,9.83962,1,1,0,0,2,11059200
1080,4,reference,585,1280,720,1920,1080,11.3244,12.3218,9.69318,1,1,0,0,2,11059200
1080,4,reference,586,1280,720,1920,1080,11.6316,12.6155,10.0065,1,1,0,0,2,11059200
1080,4,reference,587,1280,720,1920,1080,11.3162,12.4172,9.68704,1,1,0,0,2,11059200
1080,4,reference,588,1280,720,1920,1080,11.3275,12.2651,9.67475,1,1,0,0,2,11059200
1080,4,reference,589,1280,720,1920,1080,11.4964,12.7253,9.86214,1,1,0,0,2,11059200
1080,4,reference,590,1280,720,1920,1080,11.3859,12.3399,9.728,1,1,0,0,2,11059200
1080,4,reference,591,1280,720,1920,1080,11.5374,12.5081,9.89184,1,1,0,0,2,11059200
1080,4,reference,592,1280,720,1920,1080,11.2753,12.4707,9.7321,1,1,0,0,2,11059200
1080,4,reference,593,1280,720,1920,1080,11.3746,12.365,9.99731,1,1,0,0,2,11059200
1080,4,reference,594,1280,720,1920,1080,11.3848,12.3083,9.73722,1,1,0,0,2,11059200
1080,4,reference,595,1280,720,1920,1080,11.3695,12.2943,9.72595,1,1,0,0,2,11059200
1080,4,reference,596,1280,720,1920,1080,11.1104,12.2755,9.73619,1,1,0,0,2,11059200
1080,4,reference,597,1280,720,1920,1080,11.6122,12.7798,10.2308,1,1,0,0,2,11059200
1080,4,reference,598,1280,720,1920,1080,11.2404,12.44,9.86726,1,1,0,0,2,11059200
1080,4,reference,599,1280,720,1920,1080,11.3009,12.6305,9.92461,1,1,0,0,2,11059200
1080,4,reference,600,1280,720,1920,1080,11.561,12.5756,9.93485,1,1,0,0,2,11059200
1080,4,reference,601,1280,720,1920,1080,11.264,12.4708,9.8816,1,1,0,0,2,11059200
1080,4,reference,602,1280,720,1920,1080,11.5835,12.6434,9.95533,1,1,0,0,2,11059200
1080,4,reference,603,1280,720,1920,1080,11.4248,12.4961,9.87443,1,1,0,0,2,11059200
1080,4,reference,604,1280,720,1920,1080,11.3449,12.3621,9.96762,1,1,0,0,2,11059200
1080,4,reference,605,1280,720,1920,1080,11.4575,12.5161,9.89184,1,1,0,0,2,11059200
1080,4,reference,606,1280,720,1920,1080,11.3787,12.548,10.0055,1,1,0,0,2,11059200
1080,4,reference,607,1280,720,1920,1080,11.3183,12.2867,9.6983,1,1,0,0,2,11059200
1080,4,reference,608,1280,720,1920,1080,11.5763,12.5657,9.93894,1,1,0,0,2,11059200
1080,4,reference,609,1280,720,1920,1080,11.3336,12.4204,9.67987,1,1,0,0,2,11059200
1080,4,reference,610,1280,720,1920,1080,11.4524,12.505,9.77715,1,1,0,0,2,11059200
1080,4,reference,611,1280,720,1920,1080,11.3091,12.4042,9.88262,1,1,0,0,2,11059200
1080,4,reference,612,1280,720,1920,1080,11.5057,12.4768,9.86829,1,1,0,0,2,11059200
1080,4,reference,613,1280,720,1920,1080,11.5517,12.5295,9.90515,1,1,0,0,2,11059200
1080,4,reference,614,1280,720,1920,1080,11.3705,12.4677,9.72186,1,1,0,0,2,11059200
1080,4,reference,615,1280,720,1920,1080,11.3705,12.3861,9.72493,1,1,0,0,2,11059200
1080,4,reference,616,1280,720,1920,1080,11.6019,12.534,9.96557,1,1,0,0,2,11059200
1080,4,reference,617,1280,720,1920,1080,11.3818,12.4814,9.71981,1,1,0,0,2,11059200
1080,4,reference,618,1280,720,1920,1080,11.2722,12.7722,9.89696,1,1,0,0,2,11059200
1080,4,reference,619,1280,720,1920,1080,11.3674,12.3875,9.98912,1,1,0,0,2,11059200
1080,4,reference,620,1280,720,1920,1080,11.39,12.35,9.74131,1,1,0,0,2,11059200
1080,4,reference,621,1280,720,1920,1080,11.177,12.2989,9.79968,1,1,0,0,2,11059200
1080,4,reference,622,1280,720,1920,1080,11.2916,12.3188,9.91642,1,1,0,0,2,11059200
1080,4,reference,623,1280,720,1920,1080,11.2353,12.5571,9.85805,1,1,0,0,2,11059200
1080,4,reference,624,1280,720,1920,1080,11.4237,12.4854,9.85805,1,1,0,0,2,11059200
1080,4,reference,625,1280,720,1920,1080,11.2722,12.3466,9.89491,1,1,0,0,2,11059200
1080,4,reference,626,1280,720,1920,1080,11.4432,12.5912,8.78899,1,1,0,0,2,11059200
1080,4,reference,627,1280,720,1920,1080,11.2087,12.3797,9.82938,1,1,0,0,2,11059200
1080,4,reference,628,1280,720,1920,1080,11.3531,12.3606,9.97786,1,1,0,0,2,11059200
1080,4,reference,629,1280,720,1920,1080,10.1499,11.0916,8.77568,1,1,0,0,2,11059200
1080,4,reference,630,1280,720,1920,1080,12.7427,13.8339,11.3336,1,1,0,0,2,11059200
1080,4,reference,631,1280,720,1920,1080,9.99322,11.0075,8.61798,1,1,0,0,2,11059200
1080,4,reference,632,1280,720,1920,1080,13.226,14.2686,11.82,1,1,0,0,2,11059200
1080,4,reference,633,1280,720,1920,1080,11.1872,12.4265,9.80787,1,1,0,0,2,11059200
1080,4,reference,634,1280,720,1920,1080,11.307,12.4442,9.66144,1,1,0,0,2,11059200
1080,4,reference,635,1280,720,1920,1080,11.2445,12.4295,9.86726,1,1,0,0,2,11059200
1080,4,reference,636,1280,720,1920,1080,11.3244,12.4486,9.94918,1,1,0,0,2,11059200
1080,4,reference,637,1280,720,1920,1080,11.4729,12.6156,10.0936,1,1,0,0,2,11059200
1080,4,reference,638,1280,720,1920,1080,11.305,12.3286,9.9287,1,1,0,0,2,11059200
1080,4,reference,639,1280,720,1920,1080,11.4473,12.4167,9.82118,1,1,0,0,2,11059200
1080,4,reference,640,1280,720,1920,1080,11.5139,12.5686,9.86931,1,1,0,0,2,11059200
1080,4,reference,641,1280,720,1920,1080,11.5548,12.4873,9.9072,1,1,0,0,2,11059200
1080,4,reference,642,1280,720,1920,1080,11.5436,12.6322,9.90106,1,1,0,0,2,11059200
1080,4,reference,643,1280,720,1920,1080,11.4104,12.441,9.75462,1,1,0,0,2,11059200
1080,4,reference,644,1280,720,1920,1080,11.4934,12.4469,9.85088,1,1,0,0,2,11059200
1080,4,reference,645,1280,720,1920,1080,11.2681,12.8129,9.89184,1,1,0,0,2,11059200
1080,4,reference,646,1280,720,1920,1080,11.3254,12.5012,9.76794,1,1,0,0,2,11059200
1080,4,reference,647,1280,720,1920,1080,11.2957,12.5258,9.88262,1,1,0,0,2,11059200
1080,4,reference,648,1280,720,1920,1080,11.9736,13.0336,10.3434,1,1,0,0,2,11059200
1080,4,reference,649,1280,720,1920,1080,11.5814,12.6842,9.9113,1,1,0,0,2,11059200
1080,4,reference,650,1280,720,1920,1080,11.3736,12.4371,9.99936,1,1,0,0,2,11059200
1080,4,reference,651,1280,720,1920,1080,11.3439,12.4191,9.96659,1,1,0,0,2,11059200
1080,4,reference,652,1280,720,1920,1080,11.4166,12.4276,10.0362,1,1,0,0,2,11059200
1080,4,reference,653,1280,720,1920,1080,11.5958,12.7567,9.93894,1,1,0,0,2,11059200
1080,4,reference,654,1280,720,1920,1080,11.3992,12.5263,10.025,1,1,0,0,2,11059200
1080,4,reference,655,1280,720,1920,1080,11.5579,12.5531,10.1827,1,1,0,0,2,11059200
1080,4,reference,656,1280,720,1920,1080,11.3306,12.3968,9.95635,1,1,0,0,2,11059200
1080,4,reference,657,1280,720,1920,1080,11.3777,12.4396,10.0004,1,1,0,0,2,11059200
1080,4,reference,658,1280,720,1920,1080,11.3428,12.4747,9.96966,1,1,0,0,2,11059200
1080,4,reference,659,1280,720,1920,1080,11.6111,12.6933,9.94406,1,1,0,0,2,11059200
1080,4,reference,660,1280,720,1920,1080,11.4196,12.49,10.0465,1,1,0,0,2,11059200
1080,4,reference,661,1280,720,1920,1080,11.348,12.3095,9.97171,1,1,0,0,2,11059200
1080,4,reference,662,1280,720,1920,1080,11.5128,12.5324,9.86931,1,1,0,0,2,11059200
1080,4,reference,663,1280,720,1920,1080,11.4647,12.5565,10.0884,1,1,0,0,2,11059200
1080,4,reference,664,1280,720,1920,1080,11.3459,12.3563,9.97478,1,1,0,0,2,11059200
1080,4,reference,665,1280,720,1920,1080,11.3592,12.4272,9.98093,1,1,0,0,2,11059200
1080,4,reference,666,1280,720,1920,1080,11.3562,12.4152,9.98093,1,1,0,0,2,11059200
1080,4,reference,667,1280,720,1920,1080,11.265,12.3472,9.88467,1,1,0,0,2,11059200
1080,4,reference,668,1280,720,1920,1080,11.2876,12.3379,9.91539,1,1,0,0,2,11059200
1080,4,reference,669,1280,720,1920,1080,11.5036,12.6229,9.86419,1,1,0,0,2,11059200
1080,4,reference,670,1280,720,1920,1080,11.5159,12.535,9.87238,1,1,0,0,2,11059200
1080,4,reference,671,1280,720,1920,1080,11.3531,12.321,9.97888,1,1,0,0,2,11059200
1080,4,reference,672,1280,720,1920,1080,11.3213,12.4564,9.95021,1,1,0,0,2,11059200
1080,4,reference,673,1280,720,1920,1080,11.5046,12.568,9.85805,1,1,0,0,2,11059200
1080,4,reference,674,1280,720,1920,1080,11.3736,12.3964,10.0024,1,1,0,0,2,11059200
1080,4,reference,675,1280,720,1920,1080,11.351,12.5499,9.97478,1,1,0,0,2,11059200
1080,4,reference,676,1280,720,1920,1080,11.4924,12.518,9.8519,1,1,0,0,2,11059200
1080,4,reference,677,1280,720,1920,1080,11.6122,12.7239,9.94611,1,1,0,0,2,11059200
1080,4,reference,678,1280,720,1920,1080,11.3684,12.4348,9.99219,1,1,0,0,2,11059200
1080,4,reference,679,1280,720,1920,1080,11.4483,12.4583,10.0577,1,1,0,0,2,11059200
1080,4,reference,680,1280,720,1920,1080,11.5282,12.6025,10.155,1,1,0,0,2,11059200
1080,4,reference,681,1280,720,1920,1080,11.1933,12.2423,9.81709,1,1,0,0,2,11059200
1080,4,reference,682,1280,720,1920,1080,11.8508,12.9459,10.2031,1,1,0,0,2,11059200
1080,4,reference,683,1280,720,1920,1080,11.4739,12.4025,9.91334,1,1,0,0,2,11059200
1080,4,reference,684,1280,720,1920,1080,11.4493,12.3747,10.0762,1,1,0,0,2,11059200
1080,4,reference,685,1280,720,1920,1080,11.4166,12.3451,10.0393,1,1,0,0,2,11059200
1080,4,reference,686,1280,720,1920,1080,11.4596,12.4525,10.0864,1,1,0,0,2,11059200
1080,4,reference,687,1280,720,1920,1080,11.3193,12.3583,9.93997,1,1,0,0,2,11059200
1080,4,reference,688,1280,720,1920,1080,11.3244,12.3261,9.94918,1,1,0,0,2,11059200
1080,4,reference,689,1280,720,1920,1080,11.4872,12.4772,9.85805,1,1,0,0,2,11059200
1080,4,reference,690,1280,720,1920,1080,11.434,12.558,10.0628,1,1,0,0,2,11059200
1080,4,reference,691,1280,720,1920,1080,9.82221,10.8325,8.44902,1,1,0,0,2,11059200
1080,4,reference,692,1280,720,1920,1080,12.673,13.8534,11.2486,1,1,0,0,2,11059200
1080,4,reference,693,1280,720,1920,1080,9.81402,10.7688,8.44083,1,1,0,0,2,11059200
1080,4,reference,694,1280,720,1920,1080,9.33683,11.8695,7.96774,1,1,0,0,2,11059200
1080,4,reference,695,1280,720,1920,1080,11.0346,12.1548,9.66042,1,1,0,0,2,11059200
1080,4,reference,696,1280,720,1920,1080,11.3019,12.2943,9.9287,1,1,0,0,2,11059200
1080,4,reference,697,1280,720,1920,1080,11.3439,12.5095,9.96864,1,1,0,0,2,11059200
1080,4,reference,698,1280,720,1920,1080,11.3172,12.3955,9.94611,1,1,0,0,2,11059200
1080,4,reference,699,1280,720,1920,1080,11.3684,12.4023,9.99014,1,1,0,0,2,11059200
1080,4,reference,700,1280,720,1920,1080,11.265,12.234,9.89082,1,1,0,0,2,11059200
1080,4,reference,701,1280,720,1920,1080,11.3531,12.4332,9.97478,1,1,0,0,2,11059200
1080,4,reference,702,1280,720,1920,1080,11.434,12.4563,10.0608,1,1,0,0,2,11059200
1080,4,reference,703,1280,720,1920,1080,11.5231,12.6336,10.1458,1,1,0,0,2,11059200
1080,4,reference,704,1280,720,1920,1080,11.3142,12.2678,9.93792,1,1,0,0,2,11059200
1080,4,reference,705,1280,720,1920,1080,11.2323,12.2513,9.85395,1,1,0,0,2,11059200
1080,4,reference,706,1280,720,1920,1080,11.0582,12.0619,9.68499,1,1,0,0,2,11059200
1080,4,reference,707,1280,720,1920,1080,9.97888,10.8947,8.60672,1,1,0,0,2,11059200
1080,4,reference,708,1280,720,1920,1080,11.5302,12.3619,10.1581,1,1,0,0,2,11059200
1080,4,reference,709,1280,720,1920,1080,11.4258,12.4125,10.0485,1,1,0,0,2,11059200
1080,4,reference,710,1280,720,1920,1080,12.6403,13.7165,11.2261,1,1,0,0,2,11059200
1080,4,reference,711,1280,720,1920,1080,11.0234,12.1446,9.64915,1,1,0,0,2,11059200
1080,4,reference,712,1280,720,1920,1080,11.3603,12.3651,9.7321,1,1,0,0,2,11059200
1080,4,reference,713,1280,720,1920,1080,11.391,12.3691,9.73824,1,1,0,0,2,11059200
1080,4,reference,714,1280,720,1920,1080,11.5456,12.6847,9.91949,1,1,0,0,2,11059200
1080,4,reference,715,1280,720,1920,1080,11.2794,12.3243,9.71674,1,1,0,0,2,11059200
1080,4,reference,716,1280,720,1920,1080,11.3091,12.3632,9.93485,1,1,0,0,2,11059200
1080,4,reference,717,1280,720,1920,1080,11.3275,12.3026,9.69728,1,1,0,0,2,11059200
1080,4,reference,718,1280,720,1920,1080,11.2323,12.5709,9.86112,1,1,0,0,2,11059200
1080,4,reference,719,1280,720,1920,1080,11.2312,12.4499,9.856,1,1,0,0,2,11059200
1080,4,reference,720,1280,720,1920,1080,11.3674,12.3852,9.99526,1,1,0,0,2,11059200
1080,4,reference,721,1280,720,1920,1080,11.2384,12.4992,9.86214,1,1,0,0,2,11059200
1080,4,reference,722,1280,720,1920,1080,11.2353,12.2694,9.67475,1,1,0,0,2,11059200
1080,4,reference,723,1280,720,1920,1080,11.3101,12.4113,9.9113,1,1,0,0,2,11059200
1080,4,reference,724,1280,720,1920,1080,11.6347,12.5489,9.99424,1,1,0,0,2,11059200
1080,4,reference,725,1280,720,1920,1080,11.2609,12.6279,9.8857,1,1,0,0,2,11059200
1080,4,reference,726,1280,720,1920,1080,11.1974,12.7497,9.82426,1,1,0,0,2,11059200
1080,4,reference,727,1280,720,1920,1080,11.223,12.644,9.84781,1,1,0,0,2,11059200
1080,4,reference,728,1280,720,1920,1080,11.263,12.3376,9.72902,1,1,0,0,2,11059200
1080,4,reference,729,1280,720,1920,1080,11.3582,12.4066,9.97786,1,1,0,0,2,11059200
1080,4,reference,730,1280,720,1920,1080,11.3285,12.2621,9.68294,1,1,0,0,2,11059200
1080,4,reference,731,1280,720,1920,1080,11.3787,12.3456,9.73312,1,1,0,0,2,11059200
1080,4,reference,732,1280,720,1920,1080,11.2445,12.4395,9.87238,1,1,0,0,2,11059200
1080,4,reference,733,1280,720,1920,1080,11.5937,12.7942,10.0311,1,1,0,0,2,11059200
1080,4,reference,734,1280,720,1920,1080,11.393,12.6474,10.0198,1,1,0,0,2,11059200
1080,4,reference,735,1280,720,1920,1080,11.2609,12.2753,9.62355,1,1,0,0,2,11059200
1080,4,reference,736,1280,720,1920,1080,11.4934,12.6384,9.856,1,1,0,0,2,11059200
1080,4,reference,737,1280,720,1920,1080,11.393,12.4198,9.73414,1,1,0,0,2,11059200
1080,4,reference,738,1280,720,1920,1080,11.4678,12.4125,9.83245,1,1,0,0,2,11059200
1080,4,reference,739,1280,720,1920,1080,11.2159,12.2376,9.65734,1,1,0,0,2,11059200
1080,4,reference,740,1280,720,1920,1080,11.2937,12.4553,9.92256,1,1,0,0,2,11059200
1080,4,reference,741,1280,720,1920,1080,11.3777,12.4006,8.72755,1,1,0,0,2,11059200
1080,4,reference,742,1280,720,1920,1080,11.2251,12.2405,9.85088,1,1,0,0,2,11059200
1080,4,reference,743,1280,720,1920,1080,11.4657,12.4889,10.0925,1,1,0,0,2,11059200
1080,4,reference,744,1280,720,1920,1080,11.3551,12.3429,9.73107,1,1,0,0,2,11059200
1080,4,reference,745,1280,720,1920,1080,11.2783,12.2063,9.72288,1,1,0,0,2,11059200
1080,4,reference,746,1280,720,1920,1080,11.4606,12.4159,10.0874,1,1,0,0,2,11059200
1080,4,reference,747,1280,720,1920,1080,11.3388,12.3293,9.69216,1,1,0,0,2,11059200
1080,4,reference,748,1280,720,1920,1080,11.2968,12.3186,9.90618,1,1,0,0,2,11059200
1080,4,reference,749,1280,720,1920,1080,11.4545,12.5312,10.0782,1,1,0,0,2,11059200
1080,4,reference,750,1280,720,1920,1080,11.3398,12.288,9.728,1,1,0,0,2,11059200
1080,4,reference,751,1280,720,1920,1080,10.9855,12.0588,9.60819,1,1,0,0,2,11059200
1080,4,reference,752,1280,720,1920,1080,11.348,12.3167,9.97478,1,1,0,0,2,11059200
1080,4,reference,753,1280,720,1920,1080,11.3582,12.2811,9.98298,1,1,0,0,2,11059200
1080,4,reference,754,1280,720,1920,1080,11.3091,12.3948,9.93485,1,1,0,0,2,11059200
1080,4,reference,755,1280,720,1920,1080,11.4964,12.4148,10.1202,1,1,0,0,2,11059200
1080,4,reference,756,1280,720,1920,1080,11.4852,12.4515,10.111,1,1,0,0,2,11059200
1080,4,reference,757,1280,720,1920,1080,11.5507,12.4753,10.1745,1,1,0,0,2,11059200
1080,4,reference,758,1280,720,1920,1080,11.2353,12.2192,9.85395,1,1,0,0,2,11059200
1080,4,reference,759,1280,720,1920,1080,11.4033,12.3553,10.0291,1,1,0,0,2,11059200
1080,4,reference,760,1280,720,1920,1080,11.2876,12.3103,9.91334,1,1,0,0,2,11059200
1080,4,reference,761,1280,720,1920,1080,11.3725,12.3366,9.99526,1,1,0,0,2,11059200
1080,4,reference,762,1280,720,1920,1080,11.5528,12.5542,9.88467,1,1,0,0,2,11059200
1080,4,reference,763,1280,720,1920,1080,11.5251,12.4771,9.85907,1,1,0,0,2,11059200
1080,4,reference,764,1280,720,1920,1080,11.3551,12.428,9.98093,1,1,0,0,2,11059200
1080,4,reference,765,1280,720,1920,1080,11.5292,12.5099,9.86522,1,1,0,0,2,11059200
1080,4,reference,766,1280,720,1920,1080,11.5077,12.5055,9.85907,1,1,0,0,2,11059200
1080,4,reference,767,1280,720,1920,1080,11.5026,12.5954,9.85293,1,1,0,0,2,11059200
1080,4,reference,768,1280,720,1920,1080,11.5149,12.4822,9.86829,1,1,0,0,2,11059200
1080,4,reference,769,1280,720,1920,1080,11.4842,12.4669,9.84166,1,1,0,0,2,11059200
1080,4,reference,770,1280,720,1920,1080,11.3213,12.3351,9.94509,1,1,0,0,2,11059200
1080,4,reference,771,1280,720,1920,1080,11.3316,12.2915,9.95533,1,1,0,0,2,11059200
1080,4,reference,772,1280,720,1920,1080,11.35,12.3742,9.97581,1,1,0,0,2,11059200
1080,4,reference,773,1280,720,1920,1080,11.5067,12.4857,9.8519,1,1,0,0,2,11059200
1080,4,reference,774,1280,720,1920,1080,11.5456,12.5126,9.88979,1,1,0,0,2,11059200
1080,4,reference,775,1280,720,1920,1080,11.5446,12.717,9.88365,1,1,0,0,2,11059200
1080,4,reference,776,1280,720,1920,1080,11.5067,12.4665,9.86419,1,1,0,0,2,11059200
1080,4,reference,777,1280,720,1920,1080,11.5927,12.5892,9.93997,1,1,0,0,2,11059200
1080,4,reference,778,1280,720,1920,1080,11.3101,12.2532,9.93382,1,1,0,0,2,11059200
1080,4,reference,779,1280,720,1920,1080,11.4575,12.5749,9.80378,1,1,0,0,2,11059200
1080,4,reference,780,1280,720,1920,1080,11.4493,12.4214,9.80992,1,1,0,0,2,11059200
1080,4,reference,781,1280,720,1920,1080,11.4381,12.5255,9.87853,1,1,0,0,2,11059200
1080,4,reference,782,1280,720,1920,1080,11.3715,12.4578,9.99834,1,1,0,0,2,11059200
1080,4,reference,783,1280,720,1920,1080,11.35,12.3678,9.97478,1,1,0,0,2,11059200
1080,4,reference,784,1280,720,1920,1080,11.5855,12.7618,9.86522,1,1,0,0,2,11059200
1080,4,reference,785,1280,720,1920,1080,11.5343,12.554,9.88877,1,1,0,0,2,11059200
1080,4,reference,786,1280,720,1920,1080,11.348,12.3013,9.97376,1,1,0,0,2,11059200
1080,4,reference,787,1280,720,1920,1080,11.35,12.4033,9.97274,1,1,0,0,2,11059200
1080,4,reference,788,1280,720,1920,1080,11.5241,12.4653,9.87955,1,1,0,0,2,11059200
1080,4,reference,789,1280,720,1920,1080,11.6009,12.9235,9.95533,1,1,0,0,2,11059200
1080,4,reference,790,1280,720,1920,1080,11.3705,12.4535,9.99731,1,1,0,0,2,11059200
1080,4,reference,791,1280,720,1920,1080,11.5261,12.5752,10.1509,1,1,0,0,2,11059200
1080,4,reference,792,1280,720,1920,1080,11.4319,12.4521,10.0598,1,1,0,0,2,11059200
1080,4,reference,793,1280,720,1920,1080,11.3408,12.425,9.96557,1,1,0,0,2,11059200
1080,4,reference,794,1280,720,1920,1080,11.351,12.3724,9.97786,1,1,0,0,2,11059200
1080,4,reference,795,1280,720,1920,1080,11.3746,12.4697,9.99629,1,1,0,0,2,11059200
1080,4,reference,796,1280,720,1920,1080,11.3234,12.3329,9.95021,1,1,0,0,2,11059200
1080,4,reference,797,1280,720,1920,1080,11.5261,12.5908,9.88774,1,1,0,0,2,11059200
1080,4,reference,798,1280,720,1920,1080,9.93997,10.8643,8.5719,1,1,0,0,2,11059200
1080,4,reference,799,1280,720,1920,1080,9.42797,10.3381,8.05478,1,1,0,0,2,11059200
1080,4,reference,800,1280,720,1920,1080,11.3306,13.0617,9.94611,1,1,0,0,2,11059200
1080,4,reference,801,1280,720,1920,1080,11.5804,12.5491,10.196,1,1,0,0,2,11059200
1080,4,reference,802,1280,720,1920,1080,11.3654,12.3901,9.9881,1,1,0,0,2,11059200
1080,4,reference,803,1280,720,1920,1080,11.0643,12.1966,9.68806,1,1,0,0,2,11059200
1080,4,reference,804,1280,720,1920,1080,11.349,12.3115,9.97478,1,1,0,0,2,11059200
1080,4,reference,805,1280,720,1920,1080,11.4964,12.508,10.1202,1,1,0,0,2,11059200
1080,4,reference,806,1280,720,1920,1080,11.4739,12.448,10.1018,1,1,0,0,2,11059200
1080,4,reference,807,1280,720,1920,1080,11.5538,12.5499,10.1796,1,1,0,0,2,11059200
1080,4,reference,808,1280,720,1920,1080,11.0479,12.2471,9.66554,1,1,0,0,2,11059200
1080,4,reference,809,1280,720,1920,1080,11.0868,13.1624,9.70752,1,1,0,0,2,11059200
1080,4,reference,810,1280,720,1920,1080,11.0756,12.2512,9.6983,1,1,0,0,2,11059200
1080,4,reference,811,1280,720,1920,1080,11.2302,12.3631,9.83962,1,1,0,0,2,11059200
1080,4,reference,812,1280,720,1920,1080,11.2374,12.35,9.85293,1,1,0,0,2,11059200
1080,4,reference,813,1280,720,1920,1080,11.0797,12.1009,9.70342,1,1,0,0,2,11059200
1080,4,reference,814,1280,720,1920,1080,11.5425,12.5065,9.92768,1,1,0,0,2,11059200
1080,4,reference,815,1280,720,1920,1080,11.0633,12.1252,9.64096,1,1,0,0,2,11059200
1080,4,reference,816,1280,720,1920,1080,10.9373,11.9137,9.56518,1,1,0,0,2,11059200
1080,4,reference,817,1280,720,1920,1080,11.5272,12.5506,9.89696,1,1,0,0,2,11059200
1080,4,reference,818,1280,720,1920,1080,9.97581,10.975,8.60467,1,1,0,0,2,11059200
1080,4,reference,819,1280,720,1920,1080,12.673,13.7688,10.3475,1,1,0,0,2,11059200
1080,4,reference,820,1280,720,1920,1080,11.1913,12.4363,9.81606,1,1,0,0,2,11059200
1080,4,reference,821,1280,720,1920,1080,11.2097,12.1402,9.8345,1,1,0,0,2,11059200
1080,4,reference,822,1280,720,1920,1080,11.3152,12.3274,9.94202,1,1,0,0,2,11059200
1080,4,reference,823,1280,720,1920,1080,11.0223,12.0335,9.65018,1,1,0,0,2,11059200
1080,4,reference,824,1280,720,1920,1080,11.4688,12.4404,10.0946,1,1,0,0,2,11059200
1080,4,reference,825,1280,720,1920,1080,9.98298,10.9745,8.60774,1,1,0,0,2,11059200
1080,4,reference,826,1280,720,1920,1080,12.8993,13.9501,11.4995,1,1,0,0,2,11059200
1080,4,reference,827,1280,720,1920,1080,11.6337,12.7299,10.242,1,1,0,0,2,11059200
1080,4,reference,828,1280,720,1920,1080,11.2609,12.4274,9.88467,1,1,0,0,2,11059200
1080,4,reference,829,1280,720,1920,1080,11.308,12.511,9.93075,1,1,0,0,2,11059200
1080,4,reference,830,1280,720,1920,1080,11.2671,12.5868,9.89491,1,1,0,0,2,11059200
1080,4,reference,831,1280,720,1920,1080,11.051,12.2482,9.67475,1,1,0,0,2,11059200
1080,4,reference,832,1280,720,1920,1080,11.221,12.5605,9.84576,1,1,0,0,2,11059200
1080,4,reference,833,1280,720,1920,1080,11.1022,12.3415,9.72288,1,1,0,0,2,11059200
1080,4,reference,834,1280,720,1920,1080,11.52,12.5644,10.1458,1,1,0,0,2,11059200
1080,4,reference,835,1280,720,1920,1080,11.5272,12.5724,9.90208,1,1,0,0,2,11059200
1080,4,reference,836,1280,720,1920,1080,11.394,13.0119,10.0198,1,1,0,0,2,11059200
1080,4,reference,837,1280,720,1920,1080,11.2701,12.2685,9.70445,1,1,0,0,2,11059200
1080,4,reference,838,1280,720,1920,1080,11.1155,12.302,9.72595,1,1,0,0,2,11059200
1080,4,reference,839,1280,720,1920,1080,11.6244,12.6304,9.97888,1,1,0,0,2,11059200
1080,4,reference,840,1280,720,1920,1080,11.2097,12.5092,9.83347,1,1,0,0,2,11059200
1080,4,reference,841,1280,720,1920,1080,11.4719,12.5466,10.0915,1,1,0,0,2,11059200
1080,4,reference,842,1280,720,1920,1080,11.3654,12.4158,9.71264,1,1,0,0,2,11059200
1080,4,reference,843,1280,720,1920,1080,11.5702,12.5075,9.93587,1,1,0,0,2,11059200
1080,4,reference,844,1280,720,1920,1080,11.2896,12.2688,9.7495,1,1,0,0,2,11059200
1080,4,reference,845,1280,720,1920,1080,11.4739,12.6316,10.0936,1,1,0,0,2,11059200
1080,4,reference,846,1280,720,1920,1080,11.4053,12.3626,9.75053,1,1,0,0,2,11059200
1080,4,reference,847,1280,720,1920,1080,11.6664,12.6582,10.0198,1,1,0,0,2,11059200
1080,4,reference,848,1280,720,1920,1080,11.5067,12.8836,9.86931,1,1,0,0,2,11059200
1080,4,reference,849,1280,720,1920,1080,11.35,12.4897,9.70035,1,1,0,0,2,11059200
1080,4,reference,850,1280,720,1920,1080,11.3418,12.5637,9.70752,1,1,0,0,2,11059200
1080,4,reference,851,1280,720,1920,1080,11.3695,12.3295,9.728,1,1,0,0,2,11059200
1080,4,reference,852,1280,720,1920,1080,11.3756,12.3396,9.72493,1,1,0,0,2,11059200
1080,4,reference,853,1280,720,1920,1080,11.2886,12.2989,9.64198,1,1,0,0,2,11059200
1080,4,reference,854,1280,720,1920,1080,11.5958,12.6847,9.96045,1,1,0,0,2,11059200
1080,4,reference,855,1280,720,1920,1080,11.2415,12.3308,9.67578,1,1,0,0,2,11059200
1080,4,reference,856,1280,720,1920,1080,11.3316,12.4128,9.95533,1,1,0,0,2,11059200
1080,4,reference,857,1280,720,1920,1080,11.3459,12.3749,9.68704,1,1,0,0,2,11059200
1080,4,reference,858,1280,720,1920,1080,11.391,12.391,9.73107,1,1,0,0,2,11059200
1080,4,reference,859,1280,720,1920,1080,11.2374,12.6195,9.85805,1,1,0,0,2,11059200
1080,4,reference,860,1280,720,1920,1080,11.2835,12.2551,9.73107,1,1,0,0,2,11059200
1080,4,reference,861,1280,720,1920,1080,11.3459,12.2407,9.96864,1,1,0,0,2,11059200
1080,4,reference,862,1280,720,1920,1080,11.2374,12.5776,9.86214,1,1,0,0,2,11059200
1080,4,reference,863,1280,720,1920,1080,11.2015,12.4062,9.82323,1,1,0,0,2,11059200
1080,4,reference,864,1280,720,1920,1080,11.2148,12.4149,9.84269,1,1,0,0,2,11059200
1080,4,reference,865,1280,720,1920,1080,11.306,12.6463,9.92768,1,1,0,0,2,11059200
1080,4,reference,866,1280,720,1920,1080,11.3377,12.2826,9.9625,1,1,0,0,2,11059200
1080,4,reference,867,1280,720,1920,1080,11.3224,12.5868,9.94816,1,1,0,0,2,11059200
1080,4,reference,868,1280,720,1920,1080,11.5364,12.7129,9.88262,1,1,0,0,2,11059200
1080,4,reference,869,1280,720,1920,1080,11.3418,12.3405,9.68602,1,1,0,0,2,11059200
1080,4,reference,870,1280,720,1920,1080,11.5046,12.7277,9.86931,1,1,0,0,2,11059200
1080,4,reference,871,1280,720,1920,1080,11.262,12.593,9.8857,1,1,0,0,2,11059200
1080,4,reference,872,1280,720,1920,1080,11.2579,12.4688,9.72288,1,1,0,0,2,11059200
1080,4,reference,873,1280,720,1920,1080,11.266,12.4616,9.8519,1,1,0,0,2,11059200
1080,4,reference,874,1280,720,1920,1080,11.0787,12.0974,9.70035,1,1,0,0,2,11059200
1080,4,reference,875,1280,720,1920,1080,11.3244,12.3262,9.94816,1,1,0,0,2,11059200
1080,4,reference,876,1280,720,1920,1080,11.2497,12.5124,9.87443,1,1,0,0,2,11059200
1080,4,reference,877,1280,720,1920,1080,11.4063,12.631,10.027,1,1,0,0,2,11059200
1080,4,reference,878,1280,720,1920,1080,11.4043,12.4097,9.85498,1,1,0,0,2,11059200
1080,4,reference,879,1280,720,1920,1080,11.4852,12.4724,10.1089,1,1,0,0,2,11059200
1080,4,reference,880,1280,720,1920,1080,11.3859,12.6083,8.78592,1,1,0,0,2,11059200
1080,4,reference,881,1280,720,1920,1080,11.2312,12.4639,8.58112,1,1,0,0,2,11059200
1080,4,reference,882,1280,720,1920,1080,11.3039,12.2059,9.65837,1,1,0,0,2,11059200
1080,4,reference,883,1280,720,1920,1080,11.3459,12.4641,9.96864,1,1,0,0,2,11059200
1080,4,reference,884,1280,720,1920,1080,11.518,12.6612,10.1468,1,1,0,0,2,11059200
1080,4,reference,885,1280,720,1920,1080,9.79661,10.8522,8.42035,1,1,0,0,2,11059200
1080,4,reference,886,1280,720,1920,1080,9.50272,10.3621,8.13261,1,1,0,0,2,11059200
1080,4,reference,887,1280,720,1920,1080,12.8276,13.7589,11.4033,1,1,0,0,2,11059200
1080,4,reference,888,1280,720,1920,1080,11.5425,12.5203,9.8857,1,1,0,0,2,11059200
1080,4,reference,889,1280,720,1920,1080,11.4954,12.5199,10.1192,1,1,0,0,2,11059200
1080,4,reference,890,1280,720,1920,1080,11.2271,12.3758,9.84986,1,1,0,0,2,11059200
1080,4,reference,891,1280,720,1920,1080,11.5354,12.501,9.89798,1,1,0,0,2,11059200
1080,4,reference,892,1280,720,1920,1080,11.7371,12.7526,10.0854,1,1,0,0,2,11059200
1080,4,reference,893,1280,720,1920,1080,11.3172,12.2714,9.93587,1,1,0,0,2,11059200
1080,4,reference,894,1280,720,1920,1080,11.4534,12.3938,10.0792,1,1,0,0,2,11059200
1080,4,reference,895,1280,720,1920,1080,11.305,12.2742,9.92768,1,1,0,0,2,11059200
1080,4,reference,896,1280,720,1920,1080,11.3101,12.2861,9.93485,1,1,0,0,2,11059200
1080,4,reference,897,1280,720,1920,1080,11.4739,12.6283,9.82426,1,1,0,0,2,11059200
1080,4,reference,898,1280,720,1920,1080,11.5159,12.6293,9.88365,1,1,0,0,2,11059200
1080,4,reference,899,1280,720,1920,1080,11.3469,12.3479,9.96762,1,1,0,0,2,11059200
1080,4,reference,900,1280,720,1920,1080,11.2753,12.2474,9.90413,1,1,0,0,2,11059200
1080,4,reference,901,1280,720,1920,1080,11.5282,12.502,9.89286,1,1,0,0,2,11059200
1080,4,reference,902,1280,720,1920,1080,11.5395,12.6295,9.90413,1,1,0,0,2,11059200
1080,4,reference,903,1280,720,1920,1080,11.348,12.3283,9.97069,1,1,0,0,2,11059200
1080,4,reference,904,1280,720,1920,1080,11.5446,12.4904,9.91334,1,1,0,0,2,11059200
1080,4,reference,905,1280,720,1920,1080,11.4575,12.4927,9.82221,1,1,0,0,2,11059200
1080,4,reference,906,1280,720,1920,1080,11.4964,12.5079,9.85293,1,1,0,0,2,11059200
1080,4,reference,907,1280,720,1920,1080,11.4964,12.4394,9.86829,1,1,0,0,2,11059200
1080,4,reference,908,1280,720,1920,1080,11.564,12.7962,9.86419,1,1,0,0,2,11059200
1080,4,reference,909,1280,720,1920,1080,11.306,12.3716,9.92768,1,1,0,0,2,11059200
1080,4,reference,910,1280,720,1920,1080,11.2886,12.3849,9.91539,1,1,0,0,2,11059200
1080,4,reference,911,1280,720,1920,1080,11.2292,12.2161,9.8519,1,1,0,0,2,11059200
1080,4,reference,912,1280,720,1920,1080,11.3746,12.4332,9.99936,1,1,0,0,2,11059200
1080,4,reference,913,1280,720,1920,1080,11.4975,12.3991,9.87238,1,1,0,0,2,11059200
1080,4,reference,914,1280,720,1920,1080,11.5323,12.4847,9.90003,1,1,0,0,2,11059200
1080,4,reference,915,1280,720,1920,1080,11.5374,12.5302,9.90413,1,1,0,0,2,11059200
1080,4,reference,916,1280,720,1920,1080,11.5057,12.5465,9.8816,1,1,0,0,2,11059200
1080,4,reference,917,1280,720,1920,1080,11.5487,12.9288,9.90208,1,1,0,0,2,11059200
1080,4,reference,918,1280,720,1920,1080,11.3613,12.3843,9.97171,1,1,0,0,2,11059200
1080,4,reference,919,1280,720,1920,1080,11.3132,12.2936,9.93075,1,1,0,0,2,11059200
1080,4,reference,920,1280,720,1920,1080,11.3336,12.3382,9.96045,1,1,0,0,2,11059200
1080,4,reference,921,1280,720,1920,1080,11.3111,12.3861,9.93485,1,1,0,0,2,11059200
1080,4,reference,922,1280,720,1920,1080,11.5087,12.4538,9.87136,1,1,0,0,2,11059200
1080,4,reference,923,1280,720,1920,1080,11.4883,12.4886,9.85293,1,1,0,0,2,11059200
1080,4,reference,924,1280,720,1920,1080,11.5149,12.5137,9.87853,1,1,0,0,2,11059200
1080,4,reference,925,1280,720,1920,1080,11.522,12.8324,9.8857,1,1,0,0,2,11059200
1080,4,reference,926,1280,720,1920,1080,11.3603,12.3444,9.98605,1,1,0,0,2,11059200
1080,4,reference,927,1280,720,1920,1080,11.5026,12.4752,9.86931,1,1,0,0,2,11059200
1080,4,reference,928,1280,720,1920,1080,11.3193,12.3574,9.94202,1,1,0,0,2,11059200
1080,4,reference,929,1280,720,1920,1080,11.5722,12.8127,9.93792,1,1,0,0,2,11059200
1080,4,reference,930,1280,720,1920,1080,11.3347,12.4246,9.9584,1,1,0,0,2,11059200
1080,4,reference,931,1280,720,1920,1080,11.3162,12.3255,9.93587,1,1,0,0,2,11059200
1080,4,reference,932,1280,720,1920,1080,11.3295,12.2973,9.95328,1,1,0,0,2,11059200
1080,4,reference,933,1280,720,1920,1080,11.5077,12.466,9.87034,1,1,0,0,2,11059200
1080,4,reference,934,1280,720,1920,1080,11.5108,12.648,9.88262,1,1,0,0,2,11059200
1080,4,reference,935,1280,720,1920,1080,11.5855,12.792,9.93382,1,1,0,0,2,11059200
1080,4,reference,936,1280,720,1920,1080,11.2845,12.2966,9.90822,1,1,0,0,2,11059200
1080,4,reference,937,1280,720,1920,1080,11.3029,12.313,9.92461,1,1,0,0,2,11059200
1080,4,reference,938,1280,720,1920,1080,11.5046,12.4834,9.86522,1,1,0,0,2,11059200
1080,4,reference,939,1280,720,1920,1080,11.2374,12.3054,9.85702,1,1,0,0,2,11059200
1080,4,reference,940,1280,720,1920,1080,11.4053,12.5736,10.0301,1,1,0,0,2,11059200
1080,4,reference,941,1280,720,1920,1080,11.3859,12.404,9.99834,1,1,0,0,2,11059200
1080,4,reference,942,1280,720,1920,1080,11.3562,12.2907,9.97888,1,1,0,0,2,11059200
1080,4,reference,943,1280,720,1920,1080,11.4831,12.4048,9.84269,1,1,0,0,2,11059200
1080,4,reference,944,1280,720,1920,1080,11.5558,12.4906,9.91846,1,1,0,0,2,11059200
1080,4,reference,945,1280,720,1920,1080,11.5364,12.6779,9.90515,1,1,0,0,2,11059200
1080,4,reference,946,1280,720,1920,1080,11.5395,12.6483,9.91232,1,1,0,0,2,11059200
1080,4,reference,947,1280,720,1920,1080,11.5436,12.6639,9.90618,1,1,0,0,2,11059200
1080,4,reference,948,1280,720,1920,1080,11.4749,12.7199,10.0966,1,1,0,0,2,11059200
1080,4,reference,949,1280,720,1920,1080,11.5702,12.5977,10.1888,1,1,0,0,2,11059200
1080,4,reference,950,1280,720,1920,1080,11.5343,12.535,10.1581,1,1,0,0,2,11059200
1080,4,reference,951,1280,720,1920,1080,11.4883,12.3984,10.11,1,1,0,0,2,11059200
1080,4,reference,952,1280,720,1920,1080,11.3193,12.2801,9.94304,1,1,0,0,2,11059200
1080,4,reference,953,1280,720,1920,1080,11.4463,12.415,10.0649,1,1,0,0,2,11059200
1080,4,reference,954,1280,720,1920,1080,11.2794,12.364,9.90413,1,1,0,0,2,11059200
1080,4,reference,955,1280,720,1920,1080,11.3428,12.4122,9.9625,1,1,0,0,2,11059200
1080,4,reference,956,1280,720,1920,1080,11.3224,12.3218,9.94611,1,1,0,0,2,11059200
1080,4,reference,957,1280,720,1920,1080,11.563,12.5061,9.93075,1,1,0,0,2,11059200
1080,4,reference,958,1280,720,1920,1080,11.3521,12.708,9.97478,1,1,0,0,2,11059200
1080,4,reference,959,1280,720,1920,1080,11.2507,12.2499,9.87443,1,1,0,0,2,11059200
1080,4,reference,960,1280,720,1920,1080,11.518,12.5315,9.88262,1,1,0,0,2,11059200
1080,4,reference,961,1280,720,1920,1080,11.2681,12.1914,9.88979,1,1,0,0,2,11059200
1080,4,reference,962,1280,720,1920,1080,11.5507,12.7664,9.90925,1,1,0,0,2,11059200
1080,4,reference,963,1280,720,1920,1080,11.3654,12.4494,9.98912,1,1,0,0,2,11059200
1080,4,reference,964,1280,720,1920,1080,11.562,12.5715,9.92051,1,1,0,0,2,11059200
1080,4,reference,965,1280,720,1920,1080,11.3234,12.4017,9.94406,1,1,0,0,2,11059200
1080,4,reference,966,1280,720,1920,1080,11.518,12.5843,9.87648,1,1,0,0,2,11059200
1080,4,reference,967,1280,720,1920,1080,11.5026,12.4225,9.8601,1,1,0,0,2,11059200
1080,4,reference,968,1280,720,1920,1080,11.5272,12.4522,9.89389,1,1,0,0,2,11059200
1080,4,reference,969,1280,720,1920,1080,11.5579,12.7496,9.91027,1,1,0,0,2,11059200
1080,4,reference,970,1280,720,1920,1080,11.6122,12.6427,10.2216,1,1,0,0,2,11059200
1080,4,reference,971,1280,720,1920,1080,11.3603,12.34,9.9799,1,1,0,0,2,11059200
1080,4,reference,972,1280,720,1920,1080,11.4606,12.468,10.0833,1,1,0,0,2,11059200
1080,4,reference,973,1280,720,1920,1080,9.79866,10.7819,8.4224,1,1,0,0,2,11059200
1080,4,reference,974,1280,720,1920,1080,11.3408,12.2318,9.96454,1,1,0,0,2,11059200
1080,4,reference,975,1280,720,1920,1080,11.5241,12.5251,10.1458,1,1,0,0,2,11059200
1080,4,reference,976,1280,720,1920,1080,10.1478,11.077,8.77466,1,1,0,0,2,11059200
1080,4,reference,977,1280,720,1920,1080,9.49043,10.3852,8.11622,1,1,0,0,2,11059200
1080,4,reference,978,1280,720,1920,1080,12.8102,13.7515,11.4022,1,1,0,0,2,11059200
1080,4,reference,979,1280,720,1920,1080,9.78842,10.8104,8.41114,1,1,0,0,2,11059200
1080,4,reference,980,1280,720,1920,1080,12.3791,13.3833,10.0772,1,1,0,0,2,11059200
1080,4,reference,981,1280,720,1920,1080,11.1043,12.2585,9.70342,1,1,0,0,2,11059200
1080,4,reference,982,1280,720,1920,1080,9.8263,10.7554,8.4521,1,1,0,0,2,11059200
1080,4,reference,983,1280,720,1920,1080,11.2978,12.159,9.91642,1,1,0,0,2,11059200
1080,4,reference,984,1280,720,1920,1080,11.5507,12.5151,10.1693,1,1,0,0,2,11059200
1080,4,reference,985,1280,720,1920,1080,10.9824,12.1739,9.60102,1,1,0,0,2,11059200
1080,4,reference,986,1280,720,1920,1080,11.2159,12.1404,9.83962,1,1,0,0,2,11059200
1080,4,reference,987,1280,720,1920,1080,11.2783,12.409,9.89901,1,1,0,0,2,11059200
1080,4,reference,988,1280,720,1920,1080,11.5845,12.6314,10.2062,1,1,0,0,2,11059200
1080,4,reference,989,1280,720,1920,1080,11.4104,12.5948,10.0301,1,1,0,0,2,11059200
1080,4,reference,990,1280,720,1920,1080,11.3326,12.4876,9.9543,1,1,0,0,2,11059200
1080,4,reference,991,1280,720,1920,1080,11.2947,12.3942,9.91539,1,1,0,0,2,11059200
1080,4,reference,992,1280,720,1920,1080,11.436,12.4329,10.0628,1,1,0,0,2,11059200
1080,4,reference,993,1280,720,1920,1080,11.5681,12.5234,10.1857,1,1,0,0,2,11059200
1080,4,reference,994,1280,720,1920,1080,11.3418,12.3775,9.96557,1,1,0,0,2,11059200
1080,4,reference,995,1280,720,1920,1080,11.3091,12.3909,9.92768,1,1,0,0,2,11059200
1080,4,reference,996,1280,720,1920,1080,11.4063,12.3686,10.0321,1,1,0,0,2,11059200
1080,4,reference,997,1280,720,1920,1080,11.4944,12.4394,10.114,1,1,0,0,2,11059200
1080,4,reference,998,1280,720,1920,1080,11.2753,12.2855,9.89901,1,1,0,0,2,11059200
1080,4,reference,999,1280,720,1920,1080,11.4852,12.5112,10.1059,1,1,0,0,2,11059200
1080,4,reference,1000,1280,720,1920,1080,11.5067,12.442,10.1304,1,1,0,0,2,11059200
1080,4,reference,1001,1280,720,1920,1080,11.3951,12.5094,10.0168,1,1,0,0,2,11059200
1080,4,reference,1002,1280,720,1920,1080,11.3531,12.3032,9.97786,1,1,0,0,2,11059200
1080,4,reference,1003,1280,720,1920,1080,11.5896,12.6283,9.94509,1,1,0,0,2,11059200
1080,4,reference,1004,1280,720,1920,1080,11.348,12.4502,9.96966,1,1,0,0,2,11059200
1080,4,reference,1005,1280,720,1920,1080,11.3551,12.3166,9.97478,1,1,0,0,2,11059200
1080,4,reference,1006,1280,720,1920,1080,11.3357,12.426,9.95738,1,1,0,0,2,11059200
1080,4,reference,1007,1280,720,1920,1080,11.3162,12.3556,9.93792,1,1,0,0,2,11059200
1080,4,reference,1008,1280,720,1920,1080,9.81811,10.7802,8.4439,1,1,0,0,2,11059200
1080,4,reference,1009,1280,720,1920,1080,12.7068,13.8012,11.2886,1,1,0,0,2,11059200
1080,4,reference,1010,1280,720,1920,1080,11.5722,12.4943,9.89901,1,1,0,0,2,11059200
1080,4,reference,1011,1280,720,1920,1080,11.521,12.4998,9.86214,1,1,0,0,2,11059200
1080,4,reference,1012,1280,720,1920,1080,11.5681,12.5877,9.91437,1,1,0,0,2,11059200
1080,4,reference,1013,1280,720,1920,1080,11.3644,12.4003,9.98605,1,1,0,0,2,11059200
1080,4,reference,1014,1280,720,1920,1080,11.5251,12.5435,9.88467,1,1,0,0,2,11059200
1080,4,reference,1015,1280,720,1920,1080,11.5374,12.5812,9.89184,1,1,0,0,2,11059200
1080,4,reference,1016,1280,720,1920,1080,11.4975,12.716,9.84781,1,1,0,0,2,11059200
1080,4,reference,1017,1280,720,1920,1080,11.3715,12.6448,9.99219,1,1,0,0,2,11059200
1080,4,reference,1018,1280,720,1920,1080,11.4125,12.5044,10.0352,1,1,0,0,2,11059200
1080,4,reference,1019,1280,720,1920,1080,11.3541,12.4046,9.97478,1,1,0,0,2,11059200
1080,4,reference,1020,1280,720,1920,1080,11.8139,12.9234,10.1642,1,1,0,0,2,11059200
1080,4,reference,1021,1280,720,1920,1080,11.4309,12.5021,10.0495,1,1,0,0,2,11059200
1080,4,reference,1022,1280,720,1920,1080,11.4227,12.5502,10.0475,1,1,0,0,2,11059200
1080,4,reference,1023,1280,720,1920,1080,11.3183,12.2714,9.93792,1,1,0,0,2,11059200
1080,4,reference,1024,1280,720,1920,1080,11.4565,12.362,10.0792,1,1,0,0,2,11059200
1080,4,reference,1025,1280,720,1920,1080,11.9204,12.9306,10.284,1,1,0,0,2,11059200
1080,4,reference,1026,1280,720,1920,1080,11.3275,12.288,9.94918,1,1,0,0,2,11059200
1080,4,reference,1027,1280,720,1920,1080,11.3613,12.3285,9.98298,1,1,0,0,2,11059200
1080,4,reference,1028,1280,720,1920,1080,9.96147,10.9407,8.58624,1,1,0,0,2,11059200
1080,4,reference,1029,1280,720,1920,1080,12.7898,13.7768,11.39,1,1,0,0,2,11059200
1080,4,reference,1030,1280,720,1920,1080,11.5313,12.5493,9.87443,1,1,0,0,2,11059200
1080,4,reference,1031,1280,720,1920,1080,11.7565,12.6832,10.1929,1,1,0,0,2,11059200
1080,4,reference,1032,1280,720,1920,1080,11.3213,12.2682,9.94406,1,1,0,0,2,11059200
1080,4,reference,1033,1280,720,1920,1080,11.5405,12.7176,9.02144,1,1,0,0,2,11059200
1080,4,reference,1034,1280,720,1920,1080,11.5896,12.5675,10.2113,1,1,0,0,2,11059200
1080,4,reference,1035,1280,720,1920,1080,11.3469,12.3349,9.96659,1,1,0,0,2,11059200
1080,4,reference,1036,1280,720,1920,1080,11.4657,12.4862,10.0884,1,1,0,0,2,11059200
1080,4,reference,1037,1280,720,1920,1080,11.5098,12.5572,10.1315,1,1,0,0,2,11059200
1080,4,reference,1038,1280,720,1920,1080,11.5681,12.662,10.1837,1,1,0,0,2,11059200
1080,4,reference,1039,1280,720,1920,1080,11.3162,12.3281,9.93587,1,1,0,0,2,11059200
1080,4,reference,1040,1280,720,1920,1080,11.5016,12.4491,10.1222,1,1,0,0,2,11059200
1080,4,reference,1041,1280,720,1920,1080,11.5026,12.6582,10.1222,1,1,0,0,2,11059200
1080,4,reference,1042,1280,720,1920,1080,11.4555,12.4811,10.0803,1,1,0,0,2,11059200
1080,4,reference,1043,1280,720,1920,1080,11.3562,12.5788,9.97683,1,1,0,0,2,11059200
1080,4,reference,1044,1280,720,1920,1080,11.4289,12.4024,10.0526,1,1,0,0,2,11059200
1080,4,reference,1045,1280,720,1920,1080,11.3562,12.3979,9.97274,1,1,0,0,2,11059200
1080,4,reference,1046,1280,720,1920,1080,11.3388,12.3617,9.96147,1,1,0,0,2,11059200
1080,4,reference,1047,1280,720,1920,1080,11.4033,12.3954,10.0219,1,1,0,0,2,11059200
1080,4,reference,1048,1280,720,1920,1080,11.2824,12.2794,9.88877,1,1,0,0,2,11059200
1080,4,reference,1049,1280,720,1920,1080,11.9552,12.8908,10.5748,1,1,0,0,2,11059200
1080,4,reference,1050,1280,720,1920,1080,11.3326,12.3607,9.9543,1,1,0,0,2,11059200
1080,4,reference,1051,1280,720,1920,1080,11.4381,12.4034,10.0557,1,1,0,0,2,11059200
1080,4,reference,1052,1280,720,1920,1080,11.5149,12.6244,10.1345,1,1,0,0,2,11059200
1080,4,reference,1053,1280,720,1920,1080,11.1677,12.312,9.77715,1,1,0,0,2,11059200
1080,4,reference,1054,1280,720,1920,1080,11.4913,12.587,10.112,1,1,0,0,2,11059200
1080,4,reference,1055,1280,720,1920,1080,11.5661,12.6831,10.1888,1,1,0,0,2,11059200
1080,4,reference,1056,1280,720,1920,1080,11.3633,12.5229,9.98707,1,1,0,0,2,11059200
1080,4,reference,1057,1280,720,1920,1080,11.3388,12.4908,9.9584,1,1,0,0,2,11059200
1080,4,reference,1058,1280,720,1920,1080,10.9875,12.054,9.61126,1,1,0,0,2,11059200
1080,4,reference,1059,1280,720,1920,1080,11.5732,12.5204,9.91334,1,1,0,0,2,11059200
1080,4,reference,1060,1280,720,1920,1080,11.7545,12.7377,10.2011,1,1,0,0,2,11059200
1080,4,reference,1061,1280,720,1920,1080,11.3111,12.3373,9.93075,1,1,0,0,2,11059200
1080,4,reference,1062,1280,720,1920,1080,11.306,12.3823,9.92973,1,1,0,0,2,11059200
1080,4,reference,1063,1280,720,1920,1080,9.96147,10.9365,8.58419,1,1,0,0,2,11059200
1080,4,reference,1064,1280,720,1920,1080,12.7846,13.8134,10.4612,1,1,0,0,2,11059200
1080,4,reference,1065,1280,720,1920,1080,11.6521,12.6953,10.0168,1,1,0,0,2,11059200
1080,4,reference,1066,1280,720,1920,1080,11.2794,12.4074,9.71776,1,1,0,0,2,11059200
1080,4,reference,1067,1280,720,1920,1080,11.3336,12.4068,9.95328,1,1,0,0,2,11059200
1080,4,reference,1068,1280,720,1920,1080,11.4708,12.4191,10.0925,1,1,0,0,2,11059200
1080,4,reference,1069,1280,720,1920,1080,11.4862,12.5211,10.1038,1,1,0,0,2,11059200
1080,4,reference,1070,1280,720,1920,1080,11.5108,12.5333,10.1335,1,1,0,0,2,11059200
1080,4,reference,1071,1280,720,1920,1080,11.434,12.4576,10.0516,1,1,0,0,2,11059200
1080,4,reference,1072,1280,720,1920,1080,11.0828,12.3001,9.69011,1,1,0,0,2,11059200
1080,4,reference,1073,1280,720,1920,1080,11.5108,12.5395,10.1284,1,1,0,0,2,11059200
1080,4,reference,1074,1280,720,1920,1080,11.4022,12.3936,10.0239,1,1,0,0,2,11059200
1080,4,reference,1075,1280,720,1920,1080,11.3562,12.4813,9.97478,1,1,0,0,2,11059200
1080,4,reference,1076,1280,720,1920,1080,11.2189,12.4532,9.8263,1,1,0,0,2,11059200
1080,4,reference,1077,1280,720,1920,1080,11.5763,12.6121,10.1939,1,1,0,0,2,11059200
1080,4,reference,1078,1280,720,1920,1080,11.3408,12.39,9.96454,1,1,0,0,2,11059200
1080,4,reference,1079,1280,720,1920,1080,11.3306,12.325,9.95226,1,1,0,0,2,11059200
1080,4,reference,1080,1280,720,1920,1080,11.3684,12.3477,9.98912,1,1,0,0,2,11059200
1080,4,reference,1081,1280,720,1920,1080,11.5446,12.6712,10.1642,1,1,0,0,2,11059200
1080,4,reference,1082,1280,720,1920,1080,11.5579,12.554,10.1796,1,1,0,0,2,11059200
1080,4,reference,1083,1280,720,1920,1080,11.3838,12.5122,10.0024,1,1,0,0,2,11059200
1080,4,reference,1084,1280,720,1920,1080,11.3469,12.3418,9.96762,1,1,0,0,2,11059200
1080,4,reference,1085,1280,720,1920,1080,11.4319,12.3996,10.0516,1,1,0,0,2,11059200
1080,4,reference,1086,1280,720,1920,1080,11.4493,12.6789,10.068,1,1,0,0,2,11059200
1080,4,reference,1087,1280,720,1920,1080,11.4002,12.3871,9.76896,1,1,0,0,2,11059200
1080,4,reference,1088,1280,720,1920,1080,11.2722,12.1917,9.89286,1,1,0,0,2,11059200
1080,4,reference,1089,1280,720,1920,1080,11.3541,12.3101,9.97478,1,1,0,0,2,11059200
1080,4,reference,1090,1280,720,1920,1080,11.3388,12.3462,9.95942,1,1,0,0,2,11059200
1080,4,reference,1091,1280,720,1920,1080,11.305,12.3257,9.92563,1,1,0,0,2,11059200
1080,4,reference,1092,1280,720,1920,1080,11.5405,12.6213,9.89491,1,1,0,0,2,11059200
1080,4,reference,1093,1280,720,1920,1080,11.3449,12.3237,9.96454,1,1,0,0,2,11059200
1080,4,reference,1094,1280,720,1920,1080,11.5517,12.6891,9.91949,1,1,0,0,2,11059200
1080,4,reference,1095,1280,720,1920,1080,11.3285,12.3828,9.94611,1,1,0,0,2,11059200
1080,4,reference,1096,1280,720,1920,1080,11.3029,12.243,9.92358,1,1,0,0,2,11059200
1080,4,reference,1097,1280,720,1920,1080,11.5261,12.4714,9.89082,1,1,0,0,2,11059200
1080,4,reference,1098,1280,720,1920,1080,11.2742,12.2959,9.89594,1,1,0,0,2,11059200
1080,4,reference,1099,1280,720,1920,1080,9.83654,10.8783,8.45517,1,1,0,0,2,11059200
1080,4,reference,1100,1280,720,1920,1080,11.3254,12.2458,9.94611,1,1,0,0,2,11059200
1080,4,reference,1101,1280,720,1920,1080,12.5655,13.8371,9.93382,1,1,0,0,2,11059200
1080,4,reference,1102,1280,720,1920,1080,11.3695,12.3247,9.72595,1,1,0,0,2,11059200
1080,4,reference,1103,1280,720,1920,1080,11.3961,12.3631,9.7321,1,1,0,0,2,11059200
1080,4,reference,1104,1280,720,1920,1080,11.3725,12.3111,9.71776,1,1,0,0,2,11059200
1080,4,reference,1105,1280,720,1920,1080,11.4145,12.3676,9.76077,1,1,0,0,2,11059200
1080,4,reference,1106,1280,720,1920,1080,11.6132,12.5476,9.97069,1,1,0,0,2,11059200
1080,4,reference,1107,1280,720,1920,1080,11.4432,12.4822,9.86829,1,1,0,0,2,11059200
1080,4,reference,1108,1280,720,1920,1080,11.3633,12.477,9.98502,1,1,0,0,2,11059200
1080,4,reference,1109,1280,720,1920,1080,11.5036,12.4561,9.87136,1,1,0,0,2,11059200
1080,4,reference,1110,1280,720,1920,1080,11.563,12.6767,9.93075,1,1,0,0,2,11059200
1080,4,reference,1111,1280,720,1920,1080,11.3306,12.2771,9.69728,1,1,0,0,2,11059200
1080,4,reference,1112,1280,720,1920,1080,11.2538,12.4547,9.87136,1,1,0,0,2,11059200
1080,4,reference,1113,1280,720,1920,1080,11.2282,12.399,9.84576,1,1,0,0,2,11059200
1080,4,reference,1114,1280,720,1920,1080,11.2978,12.5847,9.91744,1,1,0,0,2,11059200
1080,4,reference,1115,1280,720,1920,1080,11.5907,12.6281,10.0526,1,1,0,0,2,11059200
1080,4,reference,1116,1280,720,1920,1080,11.435,12.56,10.0536,1,1,0,0,2,11059200
1080,4,reference,1117,1280,720,1920,1080,11.2732,12.3076,9.70957,1,1,0,0,2,11059200
1080,4,reference,1118,1280,720,1920,1080,11.4924,12.6045,10.114,1,1,0,0,2,11059200
1080,4,reference,1119,1280,720,1920,1080,11.2783,12.3302,9.7024,1,1,0,0,2,11059200
1080,4,reference,1120,1280,720,1920,1080,11.5067,12.6653,10.1253,1,1,0,0,2,11059200
1080,4,reference,1121,1280,720,1920,1080,11.3224,12.2709,9.6768,1,1,0,0,2,11059200
1080,4,reference,1122,1280,720,1920,1080,11.52,12.6164,9.87648,1,1,0,0,2,11059200
1080,4,reference,1123,1280,720,1920,1080,11.4381,12.6346,9.7833,1,1,0,0,2,11059200
1080,4,reference,1124,1280,720,1920,1080,10.88,12.1016,9.49862,1,1,0,0,2,11059200
1080,4,reference,1125,1280,720,1920,1080,9.81709,10.8324,8.43776,1,1,0,0,2,11059200
1080,4,reference,1126,1280,720,1920,1080,9.50477,10.4993,8.12646,1,1,0,0,2,11059200
1080,4,reference,1127,1280,720,1920,1080,12.3628,13.2888,10.9588,1,1,0,0,2,11059200
1080,4,reference,1128,1280,720,1920,1080,11.4811,12.4477,10.0936,1,1,0,0,2,11059200
1080,4,reference,1129,1280,720,1920,1080,11.1411,12.305,9.75565,1,1,0,0,2,11059200
1080,4,reference,1130,1280,720,1920,1080,9.98298,10.9549,8.6057,1,1,0,0,2,11059200
1080,4,reference,1131,1280,720,1920,1080,11.2978,12.1894,9.91949,1,1,0,0,2,11059200
1080,4,reference,1132,1280,720,1920,1080,11.35,12.3288,9.97376,1,1,0,0,2,11059200
1080,4,reference,1133,1280,720,1920,1080,11.3265,12.4289,9.94406,1,1,0,0,2,11059200
1080,4,reference,1134,1280,720,1920,1080,11.3121,12.3379,9.92973,1,1,0,0,2,11059200
1080,4,reference,1135,1280,720,1920,1080,11.1196,12.2161,9.74029,1,1,0,0,2,11059200
1080,4,reference,1136,1280,720,1920,1080,11.4883,12.4522,10.1079,1,1,0,0,2,11059200
1080,4,reference,1137,1280,720,1920,1080,11.3777,12.4473,9.98707,1,1,0,0,2,11059200
1080,4,reference,1138,1280,720,1920,1080,11.3603,12.4579,9.93894,1,1,0,0,2,11059200
1080,4,reference,1139,1280,720,1920,1080,11.2517,12.3544,9.86829,1,1,0,0,2,11059200
1080,4,reference,1140,1280,720,1920,1080,11.3633,12.3066,9.98195,1,1,0,0,2,11059200
1080,4,reference,1141,1280,720,1920,1080,11.4156,12.5305,10.0311,1,1,0,0,2,11059200
1080,4,reference,1142,1280,720,1920,1080,11.3633,12.3843,9.984,1,1,0,0,2,11059200
1080,4,reference,1143,1280,720,1920,1080,11.0684,12.1693,9.68704,1,1,0,0,2,11059200
1080,4,reference,1144,1280,720,1920,1080,11.307,12.2424,9.92768,1,1,0,0,2,11059200
1080,4,reference,1145,1280,720,1920,1080,11.4637,12.3839,10.0813,1,1,0,0,2,11059200
1080,4,reference,1146,1280,720,1920,1080,11.4801,13.0506,10.0997,1,1,0,0,2,11059200
1080,4,reference,1147,1280,720,1920,1080,11.2916,12.3409,9.9113,1,1,0,0,2,11059200
1080,4,reference,1148,1280,720,1920,1080,11.3582,12.3658,9.97888,1,1,0,0,2,11059200
1080,4,reference,1149,1280,720,1920,1080,11.348,12.3592,9.9625,1,1,0,0,2,11059200
1080,4,reference,1150,1280,720,1920,1080,11.6378,12.5897,10.2574,1,1,0,0,2,11059200
1080,4,reference,1151,1280,720,1920,1080,11.3592,12.309,9.97888,1,1,0,0,2,11059200
1080,4,reference,1152,1280,720,1920,1080,11.4483,12.405,10.07,1,1,0,0,2,11059200
1080,4,reference,1153,1280,720,1920,1080,11.5108,12.518,10.1284,1,1,0,0,2,11059200
1080,4,reference,1154,1280,720,1920,1080,11.5241,12.4836,10.1437,1,1,0,0,2,11059200
1080,4,reference,1155,1280,720,1920,1080,11.4678,12.4605,10.0854,1,1,0,0,2,11059200
1080,4,reference,1156,1280,720,1920,1080,9.97888,10.9819,8.6016,1,1,0,0,2,11059200
1080,4,reference,1157,1280,720,1920,1080,9.45766,10.4328,8.07834,1,1,0,0,2,11059200
1080,4,reference,1158,1280,720,1920,1080,9.8007,12.1199,8.42547,1,1,0,0,2,11059200
1080,4,reference,1159,1280,720,1920,1080,12.7672,13.6882,11.1237,1,1,0,0,2,11059200
1080,4,reference,1160,1280,720,1920,1080,11.307,12.4754,9.92666,1,1,0,0,2,11059200
1080,4,reference,1161,1280,720,1920,1080,11.5323,12.4745,10.1509,1,1,0,0,2,11059200
1080,4,reference,1162,1280,720,1920,1080,11.3572,12.4458,9.97683,1,1,0,0,2,11059200
1080,4,reference,1163,1280,720,1920,1080,11.3592,12.2705,9.69318,1,1,0,0,2,11059200
1080,4,reference,1164,1280,720,1920,1080,11.3377,12.4609,9.96045,1,1,0,0,2,11059200
1080,4,reference,1165,1280,720,1920,1080,11.3869,12.4586,10.0045,1,1,0,0,2,11059200
1080,4,reference,1166,1280,720,1920,1080,11.5722,12.5192,10.1939,1,1,0,0,2,11059200
1080,4,reference,1167,1280,720,1920,1080,11.3828,12.581,10.0035,1,1,0,0,2,11059200
1080,4,reference,1168,1280,720,1920,1080,11.1288,12.3641,9.74746,1,1,0,0,2,11059200
1080,4,reference,1169,1280,720,1920,1080,11.4278,12.434,8.79002,1,1,0,0,2,11059200
1080,4,reference,1170,1280,720,1920,1080,9.80173,10.6874,8.42752,1,1,0,0,2,11059200
1080,4,reference,1171,1280,720,1920,1080,12.9751,13.8569,11.3398,1,1,0,0,2,11059200
1080,4,reference,1172,1280,720,1920,1080,11.0582,12.2053,8.3927,1,1,0,0,2,11059200
1080,4,reference,1173,1280,720,1920,1080,11.2108,12.3879,9.81606,1,1,0,0,2,11059200
1080,4,reference,1174,1280,720,1920,1080,11.266,12.4221,9.88774,1,1,0,0,2,11059200
1080,4,reference,1175,1280,720,1920,1080,11.3848,12.3461,10.0076,1,1,0,0,2,11059200
1080,4,reference,1176,1280,720,1920,1080,11.3439,12.4627,9.96864,1,1,0,0,2,11059200
1080,4,reference,1177,1280,720,1920,1080,11.5395,12.4874,10.1581,1,1,0,0,2,11059200
1080,4,reference,1178,1280,720,1920,1080,11.4975,12.449,10.1202,1,1,0,0,2,11059200
1080,4,reference,1179,1280,720,1920,1080,11.5395,12.5052,10.1581,1,1,0,0,2,11059200
1080,4,reference,1180,1280,720,1920,1080,11.4801,12.6163,10.1018,1,1,0,0,2,11059200
1080,4,reference,1181,1280,720,1920,1080,11.3644,12.416,9.98605,1,1,0,0,2,11059200
1080,4,reference,1182,1280,720,1920,1080,11.0705,12.1601,8.43878,1,1,0,0,2,11059200
1080,4,reference,1183,1280,720,1920,1080,9.9625,10.8905,8.58522,1,1,0,0,2,11059200
1080,4,reference,1184,1280,720,1920,1080,11.3654,12.2954,9.99219,1,1,0,0,2,11059200
1080,4,reference,1185,1280,720,1920,1080,12.7539,13.8401,9.88467,1,1,0,0,2,11059200
1080,4,reference,1186,1280,720,1920,1080,11.4831,12.3941,9.85088,1,1,0,0,2,11059200
1080,4,reference,1187,1280,720,1920,1080,11.3254,12.3006,9.94611,1,1,0,0,2,11059200
1080,4,reference,1188,1280,720,1920,1080,11.2456,12.2973,9.86931,1,1,0,0,2,11059200
1080,4,reference,1189,1280,720,1920,1080,11.5098,12.5458,9.86726,1,1,0,0,2,11059200
1080,4,reference,1190,1280,720,1920,1080,11.5907,13.0667,9.95635,1,1,0,0,2,11059200
1080,4,reference,1191,1280,720,1920,1080,11.3562,12.3468,9.97581,1,1,0,0,2,11059200
1080,4,reference,1192,1280,720,1920,1080,11.3818,12.3486,10.0055,1,1,0,0,2,11059200
1080,4,reference,1193,1280,720,1920,1080,11.3838,12.4043,10.0024,1,1,0,0,2,11059200
1080,4,reference,1194,1280,720,1920,1080,11.3306,12.3906,9.95226,1,1,0,0,2,11059200
1080,4,reference,1195,1280,720,1920,1080,11.2906,12.3809,9.91232,1,1,0,0,2,11059200
1080,4,reference,1196,1280,720,1920,1080,11.5743,12.7404,9.93997,1,1,0,0,2,11059200
1080,4,reference,1197,1280,720,1920,1080,11.3756,12.4574,9.99526,1,1,0,0,2,11059200
1080,4,reference,1198,1280,720,1920,1080,11.5139,12.5159,9.88979,1,1,0,0,2,11059200
1080,4,reference,1199,1280,720,1920,1080,11.4145,12.4123,10.0372,1,1,0,0,2,11059200
1080,5,reference,300,1280,720,1920,1080,11.6163,12.7936,9.96762,1,1,0,0,2,11059200
1080,5,reference,301,1280,720,1920,1080,11.5036,12.5237,10.1263,1,1,0,0,2,11059200
1080,5,reference,302,1280,720,1920,1080,11.4995,12.6915,10.1243,1,1,0,0,2,11059200
1080,5,reference,303,1280,720,1920,1080,11.5261,12.4709,10.1489,1,1,0,0,2,11059200
1080,5,reference,304,1280,720,1920,1080,11.5487,12.5275,10.1724,1,1,0,0,2,11059200
1080,5,reference,305,1280,720,1920,1080,11.4749,12.4962,9.88774,1,1,0,0,2,11059200
1080,5,reference,306,1280,720,1920,1080,11.3766,12.3897,9.99936,1,1,0,0,2,11059200
1080,5,reference,307,1280,720,1920,1080,11.5067,12.4968,10.1294,1,1,0,0,2,11059200
1080,5,reference,308,1280,720,1920,1080,9.97274,10.957,8.60058,1,1,0,0,2,11059200
1080,5,reference,309,1280,720,1920,1080,12.714,13.8018,11.3213,1,1,0,0,2,11059200
1080,5,reference,310,1280,720,1920,1080,11.2589,12.1953,9.87238,1,1,0,0,2,11059200
1080,5,reference,311,1280,720,1920,1080,11.5415,12.4662,9.90618,1,1,0,0,2,11059200
1080,5,reference,312,1280,720,1920,1080,11.0991,12.1572,9.72288,1,1,0,0,2,11059200
1080,5,reference,313,1280,720,1920,1080,11.4719,12.4172,10.0936,1,1,0,0,2,11059200
1080,5,reference,314,1280,720,1920,1080,9.97069,10.8845,8.59546,1,1,0,0,2,11059200
1080,5,reference,315,1280,720,1920,1080,12.3095,13.3155,10.9343,1,1,0,0,2,11059200
1080,5,reference,316,1280,720,1920,1080,11.3459,12.2947,9.97069,1,1,0,0,2,11059200
1080,5,reference,317,1280,720,1920,1080,11.5077,12.4954,9.86522,1,1,0,0,2,11059200
1080,5,reference,318,1280,720,1920,1080,11.2681,12.7136,9.89082,1,1,0,0,2,11059200
1080,5,reference,319,1280,720,1920,1080,11.4022,12.3905,9.7536,1,1,0,0,2,11059200
1080,5,reference,320,1280,720,1920,1080,11.3736,12.38,9.7239,1,1,0,0,2,11059200
1080,5,reference,321,1280,720,1920,1080,11.2937,12.4769,9.91846,1,1,0,0,2,11059200
1080,5,reference,322,1280,720,1920,1080,11.3603,12.4276,9.71264,1,1,0,0,2,11059200
1080,5,reference,323,1280,720,1920,1080,11.2886,12.8028,9.90925,1,1,0,0,2,11059200
1080,5,reference,324,1280,720,1920,1080,11.3859,12.8677,9.73926,1,1,0,0,2,11059200
1080,5,reference,325,1280,720,1920,1080,11.5354,12.5608,9.89389,1,1,0,0,2,11059200
1080,5,reference,326,1280,720,1920,1080,11.5149,12.4562,9.87238,1,1,0,0,2,11059200
1080,5,reference,327,1280,720,1920,1080,11.5384,12.5924,9.89286,1,1,0,0,2,11059200
1080,5,reference,328,1280,720,1920,1080,11.5589,12.6084,9.91437,1,1,0,0,2,11059200
1080,5,reference,329,1280,720,1920,1080,11.39,12.438,10.0137,1,1,0,0,2,11059200
1080,5,reference,330,1280,720,1920,1080,11.5098,12.5215,9.8601,1,1,0,0,2,11059200
1080,5,reference,331,1280,720,1920,1080,11.5272,12.7963,9.88672,1,1,0,0,2,11059200
1080,5,reference,332,1280,720,1920,1080,11.307,12.287,9.93178,1,1,0,0,2,11059200
1080,5,reference,333,1280,720,1920,1080,11.5046,12.6303,9.86112,1,1,0,0,2,11059200
1080,5,reference,334,1280,720,1920,1080,11.3603,12.3977,9.98298,1,1,0,0,2,11059200
1080,5,reference,335,1280,720,1920,1080,11.5978,12.534,9.95738,1,1,0,0,2,11059200
1080,5,reference,336,1280,720,1920,1080,11.5866,12.559,9.94304,1,1,0,0,2,11059200
1080,5,reference,337,1280,720,1920,1080,11.5763,12.7256,9.91949,1,1,0,0,2,11059200
1080,5,reference,338,1280,720,1920,1080,11.1309,12.1739,9.73414,1,1,0,0,2,11059200
1080,5,reference,339,1280,720,1920,1080,11.5681,12.5002,10.1919,1,1,0,0,2,11059200
1080,5,reference,340,1280,720,1920,1080,11.3551,12.3192,9.97581,1,1,0,0,2,11059200
1080,5,reference,341,1280,720,1920,1080,11.5087,12.5561,9.86726,1,1,0,0,2,11059200
1080,5,reference,342,1280,720,1920,1080,11.3295,12.3747,9.95328,1,1,0,0,2,11059200
1080,5,reference,343,1280,720,1920,1080,11.5067,12.4724,9.85395,1,1,0,0,2,11059200
1080,5,reference,344,1280,720,1920,1080,11.1073,12.1846,9.67782,1,1,0,0,2,11059200
1080,5,reference,345,1280,720,1920,1080,9.79149,10.7048,8.4183,1,1,0,0,2,11059200
1080,5,reference,346,1280,720,1920,1080,11.4903,13.6657,10.0772,1,1,0,0,2,11059200
1080,5,reference,347,1280,720,1920,1080,11.1124,12.301,9.73517,1,1,0,0,2,11059200
1080,5,reference,348,1280,720,1920,1080,10.9066,11.9062,9.53139,1,1,0,0,2,11059200
1080,5,reference,349,1280,720,1920,1080,11.2794,12.194,9.90106,1,1,0,0,2,11059200
1080,5,reference,350,1280,720,1920,1080,11.4299,12.4107,10.0526,1,1,0,0,2,11059200
1080,5,reference,351,1280,720,1920,1080,11.0879,12.2398,9.71059,1,1,0,0,2,11059200
1080,5,reference,352,1280,720,1920,1080,11.39,12.5585,10.0147,1,1,0,0,2,11059200
1080,5,reference,353,1280,720,1920,1080,11.0326,12.1757,9.65734,1,1,0,0,2,11059200
1080,5,reference,354,1280,720,1920,1080,11.5067,12.4291,10.1294,1,1,0,0,2,11059200
1080,5,reference,355,1280,720,1920,1080,11.3039,12.5315,9.92666,1,1,0,0,2,11059200
1080,5,reference,356,1280,720,1920,1080,11.222,12.1401,9.84576,1,1,0,0,2,11059200
1080,5,reference,357,1280,720,1920,1080,11.3869,12.4047,10.0086,1,1,0,0,2,11059200
1080,5,reference,358,1280,720,1920,1080,11.5354,12.6191,9.90106,1,1,0,0,2,11059200
1080,5,reference,359,1280,720,1920,1080,11.0182,12.1593,9.64198,1,1,0,0,2,11059200
1080,5,reference,360,1280,720,1920,1080,11.2445,12.201,9.86931,1,1,0,0,2,11059200
1080,5,reference,361,1280,720,1920,1080,11.3275,12.4103,9.94918,1,1,0,0,2,11059200
1080,5,reference,362,1280,720,1920,1080,11.5323,12.4828,10.155,1,1,0,0,2,11059200
1080,5,reference,363,1280,720,1920,1080,11.5528,12.8683,10.1745,1,1,0,0,2,11059200
1080,5,reference,364,1280,720,1920,1080,11.3572,12.4158,9.98093,1,1,0,0,2,11059200
1080,5,reference,365,1280,720,1920,1080,11.3644,12.318,9.98605,1,1,0,0,2,11059200
1080,5,reference,366,1280,720,1920,1080,11.2773,12.3053,9.90003,1,1,0,0,2,11059200
1080,5,reference,367,1280,720,1920,1080,11.3439,12.514,9.96864,1,1,0,0,2,11059200
1080,5,reference,368,1280,720,1920,1080,11.3265,12.2681,9.94816,1,1,0,0,2,11059200
1080,5,reference,369,1280,720,1920,1080,11.2364,12.2032,9.85702,1,1,0,0,2,11059200
1080,5,reference,370,1280,720,1920,1080,11.5026,12.463,10.1263,1,1,0,0,2,11059200
1080,5,reference,371,1280,720,1920,1080,11.4698,12.3935,10.0925,1,1,0,0,2,11059200
1080,5,reference,372,1280,720,1920,1080,11.3705,12.5073,9.99424,1,1,0,0,2,11059200
1080,5,reference,373,1280,720,1920,1080,11.4831,12.5301,10.1038,1,1,0,0,2,11059200
1080,5,reference,374,1280,720,1920,1080,11.435,12.4742,10.0588,1,1,0,0,2,11059200
1080,5,reference,375,1280,720,1920,1080,11.1196,12.1741,9.74541,1,1,0,0,2,11059200
1080,5,reference,376,1280,720,1920,1080,11.4412,12.4681,10.0669,1,1,0,0,2,11059200
1080,5,reference,377,1280,720,1920,1080,11.3725,12.3201,9.99731,1,1,0,0,2,11059200
1080,5,reference,378,1280,720,1920,1080,11.3777,12.5888,10.0024,1,1,0,0,2,11059200
1080,5,reference,379,1280,720,1920,1080,11.3244,12.3092,9.94816,1,1,0,0,2,11059200
1080,5,reference,380,1280,720,1920,1080,11.4002,12.3994,10.0239,1,1,0,0,2,11059200
1080,5,reference,381,1280,720,1920,1080,11.5886,12.6039,9.96045,1,1,0,0,2,11059200
1080,5,reference,382,1280,720,1920,1080,11.3449,12.3156,9.96864,1,1,0,0,2,11059200
1080,5,reference,383,1280,720,1920,1080,11.4268,12.407,9.79763,1,1,0,0,2,11059200
1080,5,reference,384,1280,720,1920,1080,11.5425,12.83,9.90106,1,1,0,0,2,11059200
1080,5,reference,385,1280,720,1920,1080,11.4504,12.7173,10.0731,1,1,0,0,2,11059200
1080,5,reference,386,1280,720,1920,1080,11.5108,12.4553,10.1345,1,1,0,0,2,11059200
1080,5,reference,387,1280,720,1920,1080,11.3695,12.3737,9.99219,1,1,0,0,2,11059200
1080,5,reference,388,1280,720,1920,1080,11.4268,12.5657,10.0495,1,1,0,0,2,11059200
1080,5,reference,389,1280,720,1920,1080,11.4524,12.4933,10.0045,1,1,0,0,2,11059200
1080,5,reference,390,1280,720,1920,1080,11.4104,12.6418,10.0332,1,1,0,0,2,11059200
1080,5,reference,391,1280,720,1920,1080,11.393,12.6929,10.0147,1,1,0,0,2,11059200
1080,5,reference,392,1280,720,1920,1080,11.4924,12.4215,9.93997,1,1,0,0,2,11059200
1080,5,reference,393,1280,720,1920,1080,11.607,12.6896,9.97069,1,1,0,0,2,11059200
1080,5,reference,394,1280,720,1920,1080,11.4893,12.4631,10.1079,1,1,0,0,2,11059200
1080,5,reference,395,1280,720,1920,1080,11.3562,12.4718,9.98093,1,1,0,0,2,11059200
1080,5,reference,396,1280,720,1920,1080,11.3029,12.3351,9.92666,1,1,0,0,2,11059200
1080,5,reference,397,1280,720,1920,1080,11.4893,12.4338,10.11,1,1,0,0,2,11059200
1080,5,reference,398,1280,720,1920,1080,11.4463,12.4144,10.071,1,1,0,0,2,11059200
1080,5,reference,399,1280,720,1920,1080,11.391,12.4509,10.0147,1,1,0,0,2,11059200
1080,5,reference,400,1280,720,1920,1080,11.5753,12.6292,10.2001,1,1,0,0,2,11059200
1080,5,reference,401,1280,720,1920,1080,11.5087,12.5561,10.1304,1,1,0,0,2,11059200
1080,5,reference,402,1280,720,1920,1080,11.518,12.5066,10.1396,1,1,0,0,2,11059200
1080,5,reference,403,1280,720,1920,1080,11.4565,12.4046,10.0803,1,1,0,0,2,11059200
1080,5,reference,404,1280,720,1920,1080,12.4355,13.3568,11.0592,1,1,0,0,2,11059200
1080,5,reference,405,1280,720,1920,1080,11.3306,12.3125,9.94611,1,1,0,0,2,11059200
1080,5,reference,406,1280,720,1920,1080,11.0244,12.0689,9.6471,1,1,0,0,2,11059200
1080,5,reference,407,1280,720,1920,1080,11.3889,12.3633,10.0127,1,1,0,0,2,11059200
1080,5,reference,408,1280,720,1920,1080,11.3992,12.4642,10.0229,1,1,0,0,2,11059200
1080,5,reference,409,1280,720,1920,1080,11.39,12.337,10.0127,1,1,0,0,2,11059200
1080,5,reference,410,1280,720,1920,1080,11.5548,12.489,10.1786,1,1,0,0,2,11059200
1080,5,reference,411,1280,720,1920,1080,11.561,12.6848,10.1847,1,1,0,0,2,11059200
1080,5,reference,412,1280,720,1920,1080,11.3961,12.5354,10.0188,1,1,0,0,2,11059200
1080,5,reference,413,1280,720,1920,1080,11.1186,12.2402,9.74438,1,1,0,0,2,11059200
1080,5,reference,414,1280,720,1920,1080,11.3101,12.2834,9.93485,1,1,0,0,2,11059200
1080,5,reference,415,1280,720,1920,1080,11.2865,12.3539,9.89082,1,1,0,0,2,11059200
1080,5,reference,416,1280,720,1920,1080,9.96966,10.9005,8.59853,1,1,0,0,2,11059200
1080,5,reference,417,1280,720,1920,1080,11.3398,12.2117,9.96352,1,1,0,0,2,11059200
1080,5,reference,418,1280,720,1920,1080,11.3316,12.356,9.9543,1,1,0,0,2,11059200
1080,5,reference,419,1280,720,1920,1080,11.4627,12.5379,10.0844,1,1,0,0,2,11059200
1080,5,reference,420,1280,720,1920,1080,11.8456,12.794,10.453,1,1,0,0,2,11059200
1080,5,reference,421,1280,720,1920,1080,11.6326,12.5549,9.99629,1,1,0,0,2,11059200
1080,5,reference,422,1280,720,1920,1080,11.5302,12.5536,9.87034,1,1,0,0,2,11059200
1080,5,reference,423,1280,720,1920,1080,11.2394,12.4453,9.86419,1,1,0,0,2,11059200
1080,5,reference,424,1280,720,1920,1080,11.5702,12.8152,9.90925,1,1,0,0,2,11059200
1080,5,reference,425,1280,720,1920,1080,11.3203,12.3199,9.67373,1,1,0,0,2,11059200
1080,5,reference,426,1280,720,1920,1080,11.5886,12.5711,9.90822,1,1,0,0,2,11059200
1080,5,reference,427,1280,720,1920,1080,11.2323,12.343,8.56883,1,1,0,0,2,11059200
1080,5,reference,428,1280,720,1920,1080,10.9251,12.1065,9.55085,1,1,0,0,2,11059200
1080,5,reference,429,1280,720,1920,1080,11.1452,12.2691,9.7495,1,1,0,0,2,11059200
1080,5,reference,430,1280,720,1920,1080,11.0807,12.1608,9.70547,1,1,0,0,2,11059200
1080,5,reference,431,1280,720,1920,1080,11.3623,12.408,9.98912,1,1,0,0,2,11059200
1080,5,reference,432,1280,720,1920,1080,11.3746,12.5902,9.95738,1,1,0,0,2,11059200
1080,5,reference,433,1280,720,1920,1080,11.9747,12.9308,10.4223,1,1,0,0,2,11059200
1080,5,reference,434,1280,720,1920,1080,11.0428,12.0497,9.66861,1,1,0,0,2,11059200
1080,5,reference,435,1280,720,1920,1080,11.691,12.6566,10.025,1,1,0,0,2,11059200
1080,5,reference,436,1280,720,1920,1080,11.2353,12.5556,9.8601,1,1,0,0,2,11059200
1080,5,reference,437,1280,720,1920,1080,11.3992,12.5724,9.74131,1,1,0,0,2,11059200
1080,5,reference,438,1280,720,1920,1080,11.6275,12.6144,9.98605,1,1,0,0,2,11059200
1080,5,reference,439,1280,720,1920,1080,11.3807,12.5608,9.71878,1,1,0,0,2,11059200
1080,5,reference,440,1280,720,1920,1080,11.391,12.4827,9.7321,1,1,0,0,2,11059200
1080,5,reference,441,1280,720,1920,1080,11.4063,12.4268,9.75974,1,1,0,0,2,11059200
1080,5,reference,442,1280,720,1920,1080,11.3019,12.6664,9.92666,1,1,0,0,2,11059200
1080,5,reference,443,1280,720,1920,1080,11.3777,12.5403,9.72902,1,1,0,0,2,11059200
1080,5,reference,444,1280,720,1920,1080,11.351,12.2923,9.7024,1,1,0,0,2,11059200
1080,5,reference,445,1280,720,1920,1080,11.4719,12.4748,9.73005,1,1,0,0,2,11059200
1080,5,reference,446,1280,720,1920,1080,11.3521,12.4562,9.71366,1,1,0,0,2,11059200
1080,5,reference,447,1280,720,1920,1080,11.3367,12.9585,9.96352,1,1,0,0,2,11059200
1080,5,reference,448,1280,720,1920,1080,11.4043,12.4248,9.74746,1,1,0,0,2,11059200
1080,5,reference,449,1280,720,1920,1080,11.5538,12.5509,9.91027,1,1,0,0,2,11059200
1080,5,reference,450,1280,720,1920,1080,11.5855,12.6857,9.9369,1,1,0,0,2,11059200
1080,5,reference,451,1280,720,1920,1080,11.5476,12.6812,9.9072,1,1,0,0,2,11059200
1080,5,reference,452,1280,720,1920,1080,11.3377,12.3433,9.96352,1,1,0,0,2,11059200
1080,5,reference,453,1280,720,1920,1080,11.307,12.2978,9.93075,1,1,0,0,2,11059200
1080,5,reference,454,1280,720,1920,1080,11.5456,12.5217,9.90515,1,1,0,0,2,11059200
1080,5,reference,455,1280,720,1920,1080,11.5528,12.5463,9.89389,1,1,0,0,2,11059200
1080,5,reference,456,1280,720,1920,1080,11.2957,12.5827,9.90208,1,1,0,0,2,11059200
1080,5,reference,457,1280,720,1920,1080,11.0787,12.1481,9.70342,1,1,0,0,2,11059200
1080,5,reference,458,1280,720,1920,1080,11.4913,12.4176,9.85088,1,1,0,0,2,11059200
1080,5,reference,459,1280,720,1920,1080,11.349,12.2685,9.71469,1,1,0,0,2,11059200
1080,5,reference,460,1280,720,1920,1080,11.3316,12.3276,9.69011,1,1,0,0,2,11059200
1080,5,reference,461,1280,720,1920,1080,11.3797,12.4974,9.73005,1,1,0,0,2,11059200
1080,5,reference,462,1280,720,1920,1080,11.3889,12.4709,9.73312,1,1,0,0,2,11059200
1080,5,reference,463,1280,720,1920,1080,11.3664,12.2895,9.72288,1,1,0,0,2,11059200
1080,5,reference,464,1280,720,1920,1080,11.3019,12.5181,9.92563,1,1,0,0,2,11059200
1080,5,reference,465,1280,720,1920,1080,11.3807,12.4962,9.73107,1,1,0,0,2,11059200
1080,5,reference,466,1280,720,1920,1080,11.3121,12.2637,9.67373,1,1,0,0,2,11059200
1080,5,reference,467,1280,720,1920,1080,11.4422,12.441,9.78534,1,1,0,0,2,11059200
1080,5,reference,468,1280,720,1920,1080,11.2517,12.4991,9.87443,1,1,0,0,2,11059200
1080,5,reference,469,1280,720,1920,1080,11.4186,12.6012,9.76896,1,1,0,0,2,11059200
1080,5,reference,470,1280,720,1920,1080,11.4248,12.3607,9.76896,1,1,0,0,2,11059200
1080,5,reference,471,1280,720,1920,1080,11.52,12.4851,9.88058,1,1,0,0,2,11059200
1080,5,reference,472,1280,720,1920,1080,10.1222,11.2663,8.74701,1,1,0,0,2,11059200
1080,5,reference,473,1280,720,1920,1080,12.5235,13.7936,9.89696,1,1,0,0,2,11059200
1080,5,reference,474,1280,720,1920,1080,11.4268,12.4857,9.74643,1,1,0,0,2,11059200
1080,5,reference,475,1280,720,1920,1080,11.3275,12.6161,9.95123,1,1,0,0,2,11059200
1080,5,reference,476,1280,720,1920,1080,11.4575,12.7091,10.0833,1,1,0,0,2,11059200
1080,5,reference,477,1280,720,1920,1080,11.3623,12.4093,9.98605,1,1,0,0,2,11059200
1080,5,reference,478,1280,720,1920,1080,11.476,12.4035,9.83347,1,1,0,0,2,11059200
1080,5,reference,479,1280,720,1920,1080,11.3316,12.2685,9.69011,1,1,0,0,2,11059200
1080,5,reference,480,1280,720,1920,1080,11.2507,12.6288,9.87443,1,1,0,0,2,11059200
1080,5,reference,481,1280,720,1920,1080,11.3336,12.5126,9.79354,1,1,0,0,2,11059200
1080,5,reference,482,1280,720,1920,1080,11.0582,12.2087,9.68192,1,1,0,0,2,11059200
1080,5,reference,483,1280,720,1920,1080,11.0203,12.0402,9.64506,1,1,0,0,2,11059200
1080,5,reference,484,1280,720,1920,1080,11.3398,12.2711,9.9625,1,1,0,0,2,11059200
1080,5,reference,485,1280,720,1920,1080,11.0244,12.2145,9.64506,1,1,0,0,2,11059200
1080,5,reference,486,1280,720,1920,1080,11.1043,12.2757,9.728,1,1,0,0,2,11059200
1080,5,reference,487,1280,720,1920,1080,11.5876,12.5527,10.2052,1,1,0,0,2,11059200
1080,5,reference,488,1280,720,1920,1080,11.3142,12.4778,9.9369,1,1,0,0,2,11059200
1080,5,reference,489,1280,720,1920,1080,11.4002,12.374,10.0209,1,1,0,0,2,11059200
1080,5,reference,490,1280,720,1920,1080,11.3848,12.5125,10.0116,1,1,0,0,2,11059200
1080,5,reference,491,1280,720,1920,1080,11.2978,12.3649,9.92154,1,1,0,0,2,11059200
1080,5,reference,492,1280,720,1920,1080,11.3336,12.3208,9.95635,1,1,0,0,2,11059200
1080,5,reference,493,1280,720,1920,1080,11.2927,12.4549,9.91846,1,1,0,0,2,11059200
1080,5,reference,494,1280,720,1920,1080,11.094,12.1897,9.71776,1,1,0,0,2,11059200
1080,5,reference,495,1280,720,1920,1080,11.095,12.1488,9.6983,1,1,0,0,2,11059200
1080,5,reference,496,1280,720,1920,1080,11.3838,12.2504,9.7321,1,1,0,0,2,11059200
1080,5,reference,497,1280,720,1920,1080,11.3388,12.2989,9.96147,1,1,0,0,2,11059200
1080,5,reference,498,1280,720,1920,1080,11.5057,12.5101,10.1304,1,1,0,0,2,11059200
1080,5,reference,499,1280,720,1920,1080,11.3613,12.3938,9.98502,1,1,0,0,2,11059200
1080,5,reference,500,1280,720,1920,1080,11.4719,12.423,10.0925,1,1,0,0,2,11059200
1080,5,reference,501,1280,720,1920,1080,11.4381,12.3437,10.0628,1,1,0,0,2,11059200
1080,5,reference,502,1280,720,1920,1080,11.351,12.3311,9.97478,1,1,0,0,2,11059200
1080,5,reference,503,1280,720,1920,1080,11.4708,12.519,10.0925,1,1,0,0,2,11059200
1080,5,reference,504,1280,720,1920,1080,11.3766,12.5795,9.99629,1,1,0,0,2,11059200
1080,5,reference,505,1280,720,1920,1080,11.7023,12.724,10.3291,1,1,0,0,2,11059200
1080,5,reference,506,1280,720,1920,1080,11.4893,12.6187,10.112,1,1,0,0,2,11059200
1080,5,reference,507,1280,720,1920,1080,11.3541,12.3798,9.97683,1,1,0,0,2,11059200
1080,5,reference,508,1280,720,1920,1080,11.5374,12.538,10.1601,1,1,0,0,2,11059200
1080,5,reference,509,1280,720,1920,1080,11.3797,12.3888,10.0014,1,1,0,0,2,11059200
1080,5,reference,510,1280,720,1920,1080,11.522,12.7376,10.1468,1,1,0,0,2,11059200
1080,5,reference,511,1280,720,1920,1080,11.3377,12.3791,9.9625,1,1,0,0,2,11059200
1080,5,reference,512,1280,720,1920,1080,11.4237,12.3463,9.79558,1,1,0,0,2,11059200
1080,5,reference,513,1280,720,1920,1080,11.3541,12.3604,9.97683,1,1,0,0,2,11059200
1080,5,reference,514,1280,720,1920,1080,11.5415,12.4805,10.1652,1,1,0,0,2,11059200
1080,5,reference,515,1280,720,1920,1080,11.5231,12.9127,10.1458,1,1,0,0,2,11059200
1080,5,reference,516,1280,720,1920,1080,11.6797,12.6136,10.0536,1,1,0,0,2,11059200
1080,5,reference,517,1280,720,1920,1080,11.0162,12.0841,9.63994,1,1,0,0,2,11059200
1080,5,reference,518,1280,720,1920,1080,11.4801,12.4648,10.1048,1,1,0,0,2,11059200
1080,5,reference,519,1280,720,1920,1080,11.391,12.4167,10.0157,1,1,0,0,2,11059200
1080,5,reference,520,1280,720,1920,1080,11.5139,12.5149,10.1376,1,1,0,0,2,11059200
1080,5,reference,521,1280,720,1920,1080,11.52,12.5101,10.1437,1,1,0,0,2,11059200
1080,5,reference,522,1280,720,1920,1080,11.5364,12.7053,10.1622,1,1,0,0,2,11059200
1080,5,reference,523,1280,720,1920,1080,11.3203,12.6999,9.94714,1,1,0,0,2,11059200
1080,5,reference,524,1280,720,1920,1080,11.3388,12.3247,9.72595,1,1,0,0,2,11059200
1080,5,reference,525,1280,720,1920,1080,11.3326,12.3706,9.70957,1,1,0,0,2,11059200
1080,5,reference,526,1280,720,1920,1080,11.305,12.2811,9.9287,1,1,0,0,2,11059200
1080,5,reference,527,1280,720,1920,1080,11.4637,12.4252,10.0884,1,1,0,0,2,11059200
1080,5,reference,528,1280,720,1920,1080,11.306,12.4195,9.93075,1,1,0,0,2,11059200
1080,5,reference,529,1280,720,1920,1080,11.2292,12.2114,9.85498,1,1,0,0,2,11059200
1080,5,reference,530,1280,720,1920,1080,11.5599,12.4982,10.1796,1,1,0,0,2,11059200
1080,5,reference,531,1280,720,1920,1080,11.5446,12.5201,10.1591,1,1,0,0,2,11059200
1080,5,reference,532,1280,720,1920,1080,11.3818,12.4055,10.0045,1,1,0,0,2,11059200
1080,5,reference,533,1280,720,1920,1080,11.3459,12.3473,9.97069,1,1,0,0,2,11059200
1080,5,reference,534,1280,720,1920,1080,11.349,12.3231,9.97581,1,1,0,0,2,11059200
1080,5,reference,535,1280,720,1920,1080,9.81094,10.9537,8.43878,1,1,0,0,2,11059200
1080,5,reference,536,1280,720,1920,1080,9.4423,12.2076,8.06605,1,1,0,0,2,11059200
1080,5,reference,537,1280,720,1920,1080,11.1688,12.3903,9.79251,1,1,0,0,2,11059200
1080,5,reference,538,1280,720,1920,1080,11.3633,12.5463,9.98707,1,1,0,0,2,11059200
1080,5,reference,539,1280,720,1920,1080,10.9486,11.9932,9.57338,1,1,0,0,2,11059200
1080,5,reference,540,1280,720,1920,1080,11.4115,12.4001,10.0352,1,1,0,0,2,11059200
1080,5,reference,541,1280,720,1920,1080,11.3285,12.2622,9.70547,1,1,0,0,2,11059200
1080,5,reference,542,1280,720,1920,1080,11.4739,12.5023,10.0987,1,1,0,0,2,11059200
1080,5,reference,543,1280,720,1920,1080,11.3398,12.2669,9.96352,1,1,0,0,2,11059200
1080,5,reference,544,1280,720,1920,1080,11.0674,12.4645,9.69216,1,1,0,0,2,11059200
1080,5,reference,545,1280,720,1920,1080,11.5272,12.5792,10.1489,1,1,0,0,2,11059200
1080,5,reference,546,1280,720,1920,1080,11.2937,12.4332,9.91744,1,1,0,0,2,11059200
1080,5,reference,547,1280,720,1920,1080,11.4995,12.6275,10.1222,1,1,0,0,2,11059200
1080,5,reference,548,1280,720,1920,1080,11.4688,12.4439,10.0925,1,1,0,0,2,11059200
1080,5,reference,549,1280,720,1920,1080,11.3613,12.3097,9.98707,1,1,0,0,2,11059200
1080,5,reference,550,1280,720,1920,1080,11.0971,12.21,9.72083,1,1,0,0,2,11059200
1080,5,reference,551,1280,720,1920,1080,11.5907,12.5573,10.2164,1,1,0,0,2,11059200
1080,5,reference,552,1280,720,1920,1080,10.9476,12.0811,9.5703,1,1,0,0,2,11059200
1080,5,reference,553,1280,720,1920,1080,11.3295,12.1823,9.7321,1,1,0,0,2,11059200
1080,5,reference,554,1280,720,1920,1080,11.905,12.8791,10.5185,1,1,0,0,2,11059200
1080,5,reference,555,1280,720,1920,1080,11.3326,12.3054,9.95635,1,1,0,0,2,11059200
1080,5,reference,556,1280,720,1920,1080,11.4074,12.4391,10.0321,1,1,0,0,2,11059200
1080,5,reference,557,1280,720,1920,1080,11.3459,12.3692,9.97069,1,1,0,0,2,11059200
1080,5,reference,558,1280,720,1920,1080,11.3746,12.4302,9.99834,1,1,0,0,2,11059200
1080,5,reference,559,1280,720,1920,1080,10.7264,11.7528,9.15456,1,1,0,0,2,11059200
1080,5,reference,560,1280,720,1920,1080,11.4452,13.1842,10.0506,1,1,0,0,2,11059200
1080,5,reference,561,1280,720,1920,1080,11.2835,12.3965,9.88672,1,1,0,0,2,11059200
1080,5,reference,562,1280,720,1920,1080,11.1718,12.2453,9.79558,1,1,0,0,2,11059200
1080,5,reference,563,1280,720,1920,1080,10.9906,11.9798,9.61536,1,1,0,0,2,11059200
1080,5,reference,564,1280,720,1920,1080,11.2978,12.1955,9.91949,1,1,0,0,2,11059200
1080,5,reference,565,1280,720,1920,1080,11.5579,12.7045,9.90925,1,1,0,0,2,11059200
1080,5,reference,566,1280,720,1920,1080,11.5384,12.5307,9.89491,1,1,0,0,2,11059200
1080,5,reference,567,1280,720,1920,1080,11.5057,12.5077,9.86214,1,1,0,0,2,11059200
1080,5,reference,568,1280,720,1920,1080,11.5354,12.5836,9.88467,1,1,0,0,2,11059200
1080,5,reference,569,1280,720,1920,1080,11.5251,12.5779,9.8857,1,1,0,0,2,11059200
1080,5,reference,570,1280,720,1920,1080,11.3152,12.3432,9.94099,1,1,0,0,2,11059200
1080,5,reference,571,1280,720,1920,1080,11.5681,12.5218,9.89286,1,1,0,0,2,11059200
1080,5,reference,572,1280,720,1920,1080,11.607,12.5774,9.95942,1,1,0,0,2,11059200
1080,5,reference,573,1280,720,1920,1080,11.7678,12.8125,10.2205,1,1,0,0,2,11059200
1080,5,reference,574,1280,720,1920,1080,9.94202,10.896,8.57088,1,1,0,0,2,11059200
1080,5,reference,575,1280,720,1920,1080,11.478,13.5585,10.0854,1,1,0,0,2,11059200
1080,5,reference,576,1280,720,1920,1080,11.5507,12.5283,10.1724,1,1,0,0,2,11059200
1080,5,reference,577,1280,720,1920,1080,11.391,12.3138,10.0188,1,1,0,0,2,11059200
1080,5,reference,578,1280,720,1920,1080,11.5046,12.445,9.86522,1,1,0,0,2,11059200
1080,5,reference,579,1280,720,1920,1080,11.5343,12.536,9.88979,1,1,0,0,2,11059200
1080,5,reference,580,1280,720,1920,1080,11.563,12.7232,9.9031,1,1,0,0,2,11059200
1080,5,reference,581,1280,720,1920,1080,11.3582,12.3338,9.98195,1,1,0,0,2,11059200
1080,5,reference,582,1280,720,1920,1080,11.3541,12.4474,9.98093,1,1,0,0,2,11059200
1080,5,reference,583,1280,720,1920,1080,11.5415,12.4969,9.89798,1,1,0,0,2,11059200
1080,5,reference,584,1280,720,1920,1080,11.3275,12.4092,9.95328,1,1,0,0,2,11059200
1080,5,reference,585,1280,720,1920,1080,11.2701,12.8543,8.60365,1,1,0,0,2,11059200
1080,5,reference,586,1280,720,1920,1080,9.9369,11.0497,8.56474,1,1,0,0,2,11059200
1080,5,reference,587,1280,720,1920,1080,12.6822,13.6841,10.3926,1,1,0,0,2,11059200
1080,5,reference,588,1280,720,1920,1080,11.006,12.0976,9.63072,1,1,0,0,2,11059200
1080,5,reference,589,1280,720,1920,1080,11.4524,12.4128,10.0782,1,1,0,0,2,11059200
1080,5,reference,590,1280,720,1920,1080,11.3664,12.3137,9.70957,1,1,0,0,2,11059200
1080,5,reference,591,1280,720,1920,1080,11.348,12.3402,9.70138,1,1,0,0,2,11059200
1080,5,reference,592,1280,720,1920,1080,11.3367,12.3425,9.67475,1,1,0,0,2,11059200
1080,5,reference,593,1280,720,1920,1080,11.4463,12.4355,9.78944,1,1,0,0,2,11059200
1080,5,reference,594,1280,720,1920,1080,11.5292,12.5116,9.88058,1,1,0,0,2,11059200
1080,5,reference,595,1280,720,1920,1080,11.5476,13.2433,9.89696,1,1,0,0,2,11059200
1080,5,reference,596,1280,720,1920,1080,11.6152,12.7665,9.97478,1,1,0,0,2,11059200
1080,5,reference,597,1280,720,1920,1080,11.5108,12.462,10.1345,1,1,0,0,2,11059200
1080,5,reference,598,1280,720,1920,1080,11.3132,12.4371,9.9369,1,1,0,0,2,11059200
1080,5,reference,599,1280,720,1920,1080,11.3623,12.3748,9.98707,1,1,0,0,2,11059200
1080,5,reference,600,1280,720,1920,1080,11.349,12.3463,9.97274,1,1,0,0,2,11059200
1080,5,reference,601,1280,720,1920,1080,11.5313,12.6519,9.88979,1,1,0,0,2,11059200
1080,5,reference,602,1280,720,1920,1080,11.5507,12.5682,9.90925,1,1,0,0,2,11059200
1080,5,reference,603,1280,720,1920,1080,11.3408,12.3253,9.96454,1,1,0,0,2,11059200
1080,5,reference,604,1280,720,1920,1080,11.4893,12.5441,9.8519,1,1,0,0,2,11059200
1080,5,reference,605,1280,720,1920,1080,11.2374,12.1749,9.86112,1,1,0,0,2,11059200
1080,5,reference,606,1280,720,1920,1080,11.3367,12.3195,9.96352,1,1,0,0,2,11059200
1080,5,reference,607,1280,720,1920,1080,11.4289,12.3583,9.86829,1,1,0,0,2,11059200
1080,5,reference,608,1280,720,1920,1080,11.3039,12.3489,9.93075,1,1,0,0,2,11059200
1080,5,reference,609,1280,720,1920,1080,11.563,12.5596,9.91437,1,1,0,0,2,11059200
1080,5,reference,610,1280,720,1920,1080,11.3449,12.4722,9.70547,1,1,0,0,2,11059200
1080,5,reference,611,1280,720,1920,1080,11.5456,12.5621,9.89389,1,1,0,0,2,11059200
1080,5,reference,612,1280,720,1920,1080,11.5036,12.5475,9.85395,1,1,0,0,2,11059200
1080,5,reference,613,1280,720,1920,1080,11.4831,12.4531,9.83962,1,1,0,0,2,11059200
1080,5,reference,614,1280,720,1920,1080,11.5773,12.856,9.93178,1,1,0,0,2,11059200
1080,5,reference,615,1280,720,1920,1080,11.3111,12.3217,9.93587,1,1,0,0,2,11059200
1080,5,reference,616,1280,720,1920,1080,11.3613,12.3746,9.98502,1,1,0,0,2,11059200
1080,5,reference,617,1280,720,1920,1080,11.5087,12.5096,9.85702,1,1,0,0,2,11059200
1080,5,reference,618,1280,720,1920,1080,11.4975,12.5461,9.84474,1,1,0,0,2,11059200
1080,5,reference,619,1280,720,1920,1080,11.5507,12.8722,9.9113,1,1,0,0,2,11059200
1080,5,reference,620,1280,720,1920,1080,11.4074,12.3998,10.0301,1,1,0,0,2,11059200
1080,5,reference,621,1280,720,1920,1080,11.3285,12.5655,9.95533,1,1,0,0,2,11059200
1080,5,reference,622,1280,720,1920,1080,11.392,12.563,10.0178,1,1,0,0,2,11059200
1080,5,reference,623,1280,720,1920,1080,11.6193,12.7402,10.2441,1,1,0,0,2,11059200
1080,5,reference,624,1280,720,1920,1080,11.5118,12.5353,10.1366,1,1,0,0,2,11059200
1080,5,reference,625,1280,720,1920,1080,11.607,12.6974,10.2308,1,1,0,0,2,11059200
1080,5,reference,626,1280,720,1920,1080,11.2783,12.2904,9.90515,1,1,0,0,2,11059200
1080,5,reference,627,1280,720,1920,1080,11.3009,12.3457,9.92666,1,1,0,0,2,11059200
1080,5,reference,628,1280,720,1920,1080,11.4975,12.4096,10.1212,1,1,0,0,2,11059200
1080,5,reference,629,1280,720,1920,1080,11.3572,12.4858,9.98093,1,1,0,0,2,11059200
1080,5,reference,630,1280,720,1920,1080,11.3459,12.438,9.97069,1,1,0,0,2,11059200
1080,5,reference,631,1280,720,1920,1080,11.4022,12.53,10.0291,1,1,0,0,2,11059200
1080,5,reference,632,1280,720,1920,1080,11.4452,12.6477,10.071,1,1,0,0,2,11059200
1080,5,reference,633,1280,720,1920,1080,11.3347,12.3937,9.95738,1,1,0,0,2,11059200
1080,5,reference,634,1280,720,1920,1080,11.306,12.3423,8.63949,1,1,0,0,2,11059200
1080,5,reference,635,1280,720,1920,1080,11.2589,12.436,9.88774,1,1,0,0,2,11059200
1080,5,reference,636,1280,720,1920,1080,11.392,12.6047,10.0157,1,1,0,0,2,11059200
1080,5,reference,637,1280,720,1920,1080,11.5425,12.5379,10.1683,1,1,0,0,2,11059200
1080,5,reference,638,1280,720,1920,1080,11.5558,12.6608,10.1816,1,1,0,0,2,11059200
1080,5,reference,639,1280,720,1920,1080,11.2896,12.3056,9.91642,1,1,0,0,2,11059200
1080,5,reference,640,1280,720,1920,1080,11.6541,12.7647,10.281,1,1,0,0,2,11059200
1080,5,reference,641,1280,720,1920,1080,11.4289,12.3819,10.0516,1,1,0,0,2,11059200
1080,5,reference,642,1280,720,1920,1080,11.3152,12.2866,9.93894,1,1,0,0,2,11059200
1080,5,reference,643,1280,720,1920,1080,11.4729,12.486,10.0997,1,1,0,0,2,11059200
1080,5,reference,644,1280,720,1920,1080,11.2783,12.2891,9.90515,1,1,0,0,2,11059200
1080,5,reference,645,1280,720,1920,1080,11.4104,12.3702,10.0372,1,1,0,0,2,11059200
1080,5,reference,646,1280,720,1920,1080,11.5528,12.5361,10.1765,1,1,0,0,2,11059200
1080,5,reference,647,1280,720,1920,1080,11.4258,12.5484,10.0352,1,1,0,0,2,11059200
1080,5,reference,648,1280,720,1920,1080,11.4299,12.41,10.0577,1,1,0,0,2,11059200
1080,5,reference,649,1280,720,1920,1080,11.351,12.3145,9.6983,1,1,0,0,2,11059200
1080,5,reference,650,1280,720,1920,1080,11.519,12.5136,10.1427,1,1,0,0,2,11059200
1080,5,reference,651,1280,720,1920,1080,11.5466,12.5742,10.1745,1,1,0,0,2,11059200
1080,5,reference,652,1280,720,1920,1080,11.4483,12.413,10.0741,1,1,0,0,2,11059200
1080,5,reference,653,1280,720,1920,1080,11.4668,12.4677,10.0925,1,1,0,0,2,11059200
1080,5,reference,654,1280,720,1920,1080,11.3562,12.5693,9.9799,1,1,0,0,2,11059200
1080,5,reference,655,1280,720,1920,1080,11.4821,12.5246,10.1079,1,1,0,0,2,11059200
1080,5,reference,656,1280,720,1920,1080,11.4002,12.535,10.025,1,1,0,0,2,11059200
1080,5,reference,657,1280,720,1920,1080,11.4493,12.4485,10.0762,1,1,0,0,2,11059200
1080,5,reference,658,1280,720,1920,1080,11.5323,12.4856,9.89184,1,1,0,0,2,11059200
1080,5,reference,659,1280,720,1920,1080,11.4647,12.4734,10.0864,1,1,0,0,2,11059200
1080,5,reference,660,1280,720,1920,1080,11.564,12.5154,10.1898,1,1,0,0,2,11059200
1080,5,reference,661,1280,720,1920,1080,11.4893,12.5803,10.114,1,1,0,0,2,11059200
1080,5,reference,662,1280,720,1920,1080,11.5466,12.5406,10.1734,1,1,0,0,2,11059200
1080,5,reference,663,1280,720,1920,1080,11.5313,12.524,10.1612,1,1,0,0,2,11059200
1080,5,reference,664,1280,720,1920,1080,11.5087,12.6712,10.1356,1,1,0,0,2,11059200
1080,5,reference,665,1280,720,1920,1080,11.2742,12.363,9.90208,1,1,0,0,2,11059200
1080,5,reference,666,1280,720,1920,1080,11.3101,12.2748,9.93792,1,1,0,0,2,11059200
1080,5,reference,667,1280,720,1920,1080,11.2957,12.358,9.91949,1,1,0,0,2,11059200
1080,5,reference,668,1280,720,1920,1080,11.5579,12.5772,10.1847,1,1,0,0,2,11059200
1080,5,reference,669,1280,720,1920,1080,11.5149,12.6109,10.1427,1,1,0,0,2,11059200
1080,5,reference,670,1280,720,1920,1080,11.519,12.5176,10.1448,1,1,0,0,2,11059200
1080,5,reference,671,1280,720,1920,1080,11.5077,12.4545,10.1325,1,1,0,0,2,11059200
1080,5,reference,672,1280,720,1920,1080,11.5681,12.7734,10.1929,1,1,0,0,2,11059200
1080,5,reference,673,1280,720,1920,1080,11.305,12.4426,9.9328,1,1,0,0,2,11059200
1080,5,reference,674,1280,720,1920,1080,11.3654,12.6239,9.9881,1,1,0,0,2,11059200
1080,5,reference,675,1280,720,1920,1080,11.3316,12.4429,9.95738,1,1,0,0,2,11059200
1080,5,reference,676,1280,720,1920,1080,11.3551,12.4466,9.98093,1,1,0,0,2,11059200
1080,5,reference,677,1280,720,1920,1080,11.5333,12.5176,10.1601,1,1,0,0,2,11059200
1080,5,reference,678,1280,720,1920,1080,11.2773,12.3648,9.89798,1,1,0,0,2,11059200
1080,5,reference,679,1280,720,1920,1080,11.0203,12.2068,9.64813,1,1,0,0,2,11059200
1080,5,reference,680,1280,720,1920,1080,11.4852,12.5495,10.111,1,1,0,0,2,11059200
1080,5,reference,681,1280,720,1920,1080,11.3142,12.365,9.93997,1,1,0,0,2,11059200
1080,5,reference,682,1280,720,1920,1080,11.3111,12.2855,9.93894,1,1,0,0,2,11059200
1080,5,reference,683,1280,720,1920,1080,11.3971,12.349,10.0219,1,1,0,0,2,11059200
1080,5,reference,684,1280,720,1920,1080,11.3009,12.298,9.92666,1,1,0,0,2,11059200
1080,5,reference,685,1280,720,1920,1080,11.3316,12.38,9.95942,1,1,0,0,2,11059200
1080,5,reference,686,1280,720,1920,1080,11.348,12.3135,9.97376,1,1,0,0,2,11059200
1080,5,reference,687,1280,720,1920,1080,11.2947,12.3048,9.92256,1,1,0,0,2,11059200
1080,5,reference,688,1280,720,1920,1080,11.3582,12.3824,9.98502,1,1,0,0,2,11059200
1080,5,reference,689,1280,720,1920,1080,11.5016,12.6506,9.87238,1,1,0,0,2,11059200
1080,5,reference,690,1280,720,1920,1080,11.5036,12.4875,9.87034,1,1,0,0,2,11059200
1080,5,reference,691,1280,720,1920,1080,11.5128,12.7314,9.87443,1,1,0,0,2,11059200
1080,5,reference,692,1280,720,1920,1080,11.3336,12.3661,9.96045,1,1,0,0,2,11059200
1080,5,reference,693,1280,720,1920,1080,11.2988,12.2157,9.92358,1,1,0,0,2,11059200
1080,5,reference,694,1280,720,1920,1080,11.4883,12.4406,9.86317,1,1,0,0,2,11059200
1080,5,reference,695,1280,720,1920,1080,11.522,12.5176,9.89491,1,1,0,0,2,11059200
1080,5,reference,696,1280,720,1920,1080,11.4831,12.3954,9.85395,1,1,0,0,2,11059200
1080,5,reference,697,1280,720,1920,1080,11.4924,12.4982,9.86317,1,1,0,0,2,11059200
1080,5,reference,698,1280,720,1920,1080,11.5425,12.4926,9.9113,1,1,0,0,2,11059200
1080,5,reference,699,1280,720,1920,1080,11.5241,12.5318,9.89082,1,1,0,0,2,11059200
1080,5,reference,700,1280,720,1920,1080,11.6388,12.6221,9.99322,1,1,0,0,2,11059200
1080,5,reference,701,1280,720,1920,1080,11.3152,12.3864,9.93997,1,1,0,0,2,11059200
1080,5,reference,702,1280,720,1920,1080,11.4944,12.6307,9.85702,1,1,0,0,2,11059200
1080,5,reference,703,1280,720,1920,1080,9.83757,10.846,8.4695,1,1,0,0,2,11059200
1080,5,reference,704,1280,720,1920,1080,11.3449,12.3634,9.96864,1,1,0,0,2,11059200
1080,5,reference,705,1280,720,1920,1080,9.44538,10.4972,8.07629,1,1,0,0,2,11059200
1080,5,reference,706,1280,720,1920,1080,11.5343,12.7663,10.1632,1,1,0,0,2,11059200
1080,5,reference,707,1280,720,1920,1080,11.2005,12.4776,9.82323,1,1,0,0,2,11059200
1080,5,reference,708,1280,720,1920,1080,11.5067,12.4592,10.1325,1,1,0,0,2,11059200
1080,5,reference,709,1280,720,1920,1080,11.2742,12.414,9.90003,1,1,0,0,2,11059200
1080,5,reference,710,1280,720,1920,1080,11.3582,12.4806,9.98502,1,1,0,0,2,11059200
1080,5,reference,711,1280,720,1920,1080,11.3132,12.3725,9.9369,1,1,0,0,2,11059200
1080,5,reference,712,1280,720,1920,1080,11.2968,12.4073,9.92154,1,1,0,0,2,11059200
1080,5,reference,713,1280,720,1920,1080,11.479,12.5598,10.1018,1,1,0,0,2,11059200
1080,5,reference,714,1280,720,1920,1080,11.4391,12.5138,10.0649,1,1,0,0,2,11059200
1080,5,reference,715,1280,720,1920,1080,11.4237,12.4087,10.0495,1,1,0,0,2,11059200
1080,5,reference,716,1280,720,1920,1080,9.95942,10.9278,8.59034,1,1,0,0,2,11059200
1080,5,reference,717,1280,720,1920,1080,12.6382,13.6872,11.2435,1,1,0,0,2,11059200
1080,5,reference,718,1280,720,1920,1080,11.9644,12.9312,10.4202,1,1,0,0,2,11059200
1080,5,reference,719,1280,720,1920,1080,11.3275,12.3105,9.95328,1,1,0,0,2,11059200
1080,5,reference,720,1280,720,1920,1080,12.1129,13.0574,10.7254,1,1,0,0,2,11059200
1080,5,reference,721,1280,720,1920,1080,11.2978,12.2965,9.67987,1,1,0,0,2,11059200
1080,5,reference,722,1280,720,1920,1080,12.0115,12.9332,10.625,1,1,0,0,2,11059200
1080,5,reference,723,1280,720,1920,1080,11.3172,12.272,9.70342,1,1,0,0,2,11059200
1080,5,reference,724,1280,720,1920,1080,11.3295,12.2969,9.71059,1,1,0,0,2,11059200
1080,5,reference,725,1280,720,1920,1080,10.9937,12.1228,9.62048,1,1,0,0,2,11059200
1080,5,reference,726,1280,720,1920,1080,11.0305,12.0988,9.65939,1,1,0,0,2,11059200
1080,5,reference,727,1280,720,1920,1080,11.2497,12.3731,8.60979,1,1,0,0,2,11059200
1080,5,reference,728,1280,720,1920,1080,11.5743,12.5297,9.94202,1,1,0,0,2,11059200
1080,5,reference,729,1280,720,1920,1080,11.4186,12.3784,10.0454,1,1,0,0,2,11059200
1080,5,reference,730,1280,720,1920,1080,11.3408,12.4296,9.92563,1,1,0,0,2,11059200
1080,5,reference,731,1280,720,1920,1080,11.9849,12.9961,10.3393,1,1,0,0,2,11059200
1080,5,reference,732,1280,720,1920,1080,11.5231,12.5054,10.1499,1,1,0,0,2,11059200
1080,5,reference,733,1280,720,1920,1080,11.4852,12.475,10.111,1,1,0,0,2,11059200
1080,5,reference,734,1280,720,1920,1080,11.52,12.4888,10.1478,1,1,0,0,2,11059200
1080,5,reference,735,1280,720,1920,1080,11.7473,12.6838,10.1939,1,1,0,0,2,11059200
1080,5,reference,736,1280,720,1920,1080,11.3039,12.2495,9.9287,1,1,0,0,2,11059200
1080,5,reference,737,1280,720,1920,1080,11.5149,12.4295,10.1396,1,1,0,0,2,11059200
1080,5,reference,738,1280,720,1920,1080,11.4903,12.4896,10.1171,1,1,0,0,2,11059200
1080,5,reference,739,1280,720,1920,1080,11.5005,12.439,10.1294,1,1,0,0,2,11059200
1080,5,reference,740,1280,720,1920,1080,11.5139,12.5625,9.95021,1,1,0,0,2,11059200
1080,5,reference,741,1280,720,1920,1080,11.3654,12.3062,9.99219,1,1,0,0,2,11059200
1080,5,reference,742,1280,720,1920,1080,11.5343,12.498,10.1591,1,1,0,0,2,11059200
1080,5,reference,743,1280,720,1920,1080,11.3367,12.3312,9.96454,1,1,0,0,2,11059200
1080,5,reference,744,1280,720,1920,1080,11.5005,12.4715,10.1274,1,1,0,0,2,11059200
1080,5,reference,745,1280,720,1920,1080,11.3275,12.5809,9.9543,1,1,0,0,2,11059200
1080,5,reference,746,1280,720,1920,1080,11.349,12.4974,9.97274,1,1,0,0,2,11059200
1080,5,reference,747,1280,720,1920,1080,11.5005,12.4758,10.1274,1,1,0,0,2,11059200
1080,5,reference,748,1280,720,1920,1080,11.5108,12.4629,10.1366,1,1,0,0,2,11059200
1080,5,reference,749,1280,720,1920,1080,11.3674,12.3524,9.99322,1,1,0,0,2,11059200
1080,5,reference,750,1280,720,1920,1080,11.3347,12.3252,9.9584,1,1,0,0,2,11059200
1080,5,reference,751,1280,720,1920,1080,11.4176,12.3909,10.0465,1,1,0,0,2,11059200
1080,5,reference,752,1280,720,1920,1080,11.5517,12.575,10.1806,1,1,0,0,2,11059200
1080,5,reference,753,1280,720,1920,1080,11.3705,12.3446,9.99424,1,1,0,0,2,11059200
1080,5,reference,754,1280,720,1920,1080,11.3838,12.3405,10.0065,1,1,0,0,2,11059200
1080,5,reference,755,1280,720,1920,1080,11.3981,12.3483,10.0188,1,1,0,0,2,11059200
1080,5,reference,756,1280,720,1920,1080,11.7883,12.7212,10.2236,1,1,0,0,2,11059200
1080,5,reference,757,1280,720,1920,1080,11.3111,12.3124,9.92768,1,1,0,0,2,11059200
1080,5,reference,758,1280,720,1920,1080,11.5118,12.5063,9.86317,1,1,0,0,2,11059200
1080,5,reference,759,1280,720,1920,1080,10.967,12.104,9.5959,1,1,0,0,2,11059200
1080,5,reference,760,1280,720,1920,1080,11.477,12.416,10.1028,1,1,0,0,2,11059200
1080,5,reference,761,1280,720,1920,1080,11.4473,12.4941,8.59341,1,1,0,0,2,11059200
1080,5,reference,762,1280,720,1920,1080,11.7217,12.7447,10.1007,1,1,0,0,2,11059200
1080,5,reference,763,1280,720,1920,1080,11.4371,12.4132,10.0618,1,1,0,0,2,11059200
1080,5,reference,764,1280,720,1920,1080,11.4258,12.4264,10.0526,1,1,0,0,2,11059200
1080,5,reference,765,1280,720,1920,1080,11.5108,12.493,9.86829,1,1,0,0,2,11059200
1080,5,reference,766,1280,720,1920,1080,11.2435,12.1974,9.6983,1,1,0,0,2,11059200
1080,5,reference,767,1280,720,1920,1080,11.3859,12.4322,10.0116,1,1,0,0,2,11059200
1080,5,reference,768,1280,720,1920,1080,11.518,12.4859,9.89082,1,1,0,0,2,11059200
1080,5,reference,769,1280,720,1920,1080,11.1749,12.2397,9.80378,1,1,0,0,2,11059200
1080,5,reference,770,1280,720,1920,1080,11.393,12.2746,10.0178,1,1,0,0,2,11059200
1080,5,reference,771,1280,720,1920,1080,11.2179,12.2663,9.66963,1,1,0,0,2,11059200
1080,5,reference,772,1280,720,1920,1080,11.3756,12.3125,10.0014,1,1,0,0,2,11059200
1080,5,reference,773,1280,720,1920,1080,11.0285,12.2639,9.65427,1,1,0,0,2,11059200
1080,5,reference,774,1280,720,1920,1080,11.0438,12.3686,9.66963,1,1,0,0,2,11059200
1080,5,reference,775,1280,720,1920,1080,9.97171,12.4444,7.78957,1,1,0,0,2,11059200
1080,5,reference,776,1280,720,1920,1080,11.1739,12.4001,9.79558,1,1,0,0,2,11059200
1080,5,reference,777,1280,720,1920,1080,11.4924,12.5355,10.1181,1,1,0,0,2,11059200
1080,5,reference,778,1280,720,1920,1080,11.0797,12.2454,9.7065,1,1,0,0,2,11059200
1080,5,reference,779,1280,720,1920,1080,11.4801,12.649,10.1069,1,1,0,0,2,11059200
1080,5,reference,780,1280,720,1920,1080,11.3152,12.3005,9.93792,1,1,0,0,2,11059200
1080,5,reference,781,1280,720,1920,1080,11.5036,12.5148,9.8775,1,1,0,0,2,11059200
1080,5,reference,782,1280,720,1920,1080,11.2845,12.6624,9.91232,1,1,0,0,2,11059200
1080,5,reference,783,1280,720,1920,1080,11.2456,12.3299,9.86931,1,1,0,0,2,11059200
1080,5,reference,784,1280,720,1920,1080,11.2333,12.2514,9.86112,1,1,0,0,2,11059200
1080,5,reference,785,1280,720,1920,1080,11.0612,12.1211,9.68909,1,1,0,0,2,11059200
1080,5,reference,786,1280,720,1920,1080,11.3408,12.2828,9.96557,1,1,0,0,2,11059200
1080,5,reference,787,1280,720,1920,1080,11.0653,12.256,9.68602,1,1,0,0,2,11059200
1080,5,reference,788,1280,720,1920,1080,11.3244,12.4496,9.95226,1,1,0,0,2,11059200
1080,5,reference,789,1280,720,1920,1080,11.3572,12.3735,9.98298,1,1,0,0,2,11059200
1080,5,reference,790,1280,720,1920,1080,11.5046,12.6371,9.88365,1,1,0,0,2,11059200
1080,5,reference,791,1280,720,1920,1080,11.4637,12.3999,9.8519,1,1,0,0,2,11059200
1080,5,reference,792,1280,720,1920,1080,11.3224,12.324,9.69216,1,1,0,0,2,11059200
1080,5,reference,793,1280,720,1920,1080,11.3019,12.1901,9.9287,1,1,0,0,2,11059200
1080,5,reference,794,1280,720,1920,1080,11.4657,12.4239,10.0915,1,1,0,0,2,11059200
1080,5,reference,795,1280,720,1920,1080,11.3367,12.3986,9.96454,1,1,0,0,2,11059200
1080,5,reference,796,1280,720,1920,1080,11.4739,12.4818,10.0997,1,1,0,0,2,11059200
1080,5,reference,797,1280,720,1920,1080,11.5528,12.8521,10.1775,1,1,0,0,2,11059200
1080,5,reference,798,1280,720,1920,1080,11.264,12.3531,9.89184,1,1,0,0,2,11059200
1080,5,reference,799,1280,720,1920,1080,11.3029,12.3123,9.9287,1,1,0,0,2,11059200
1080,5,reference,800,1280,720,1920,1080,11.2742,12.2341,9.90208,1,1,0,0,2,11059200
1080,5,reference,801,1280,720,1920,1080,11.4647,12.4586,10.0895,1,1,0,0,2,11059200
1080,5,reference,802,1280,720,1920,1080,11.5374,12.8015,10.1652,1,1,0,0,2,11059200
1080,5,reference,803,1280,720,1920,1080,11.3654,12.4548,9.99219,1,1,0,0,2,11059200
1080,5,reference,804,1280,720,1920,1080,11.2189,12.3313,9.83757,1,1,0,0,2,11059200
1080,5,reference,805,1280,720,1920,1080,11.5231,12.5984,10.1489,1,1,0,0,2,11059200
1080,5,reference,806,1280,720,1920,1080,11.4678,12.4651,10.0936,1,1,0,0,2,11059200
1080,5,reference,807,1280,720,1920,1080,11.095,13.2131,9.72083,1,1,0,0,2,11059200
1080,5,reference,808,1280,720,1920,1080,11.4422,12.4394,9.82733,1,1,0,0,2,11059200
1080,5,reference,809,1280,720,1920,1080,10.0362,11.0285,8.66611,1,1,0,0,2,11059200
1080,5,reference,810,1280,720,1920,1080,10.5124,13.053,9.13715,1,1,0,0,2,11059200
1080,5,reference,811,1280,720,1920,1080,11.9419,12.979,10.3885,1,1,0,0,2,11059200
1080,5,reference,812,1280,720,1920,1080,11.4473,12.3738,10.0772,1,1,0,0,2,11059200
1080,5,reference,813,1280,720,1920,1080,11.3347,12.4627,9.9543,1,1,0,0,2,11059200
1080,5,reference,814,1280,720,1920,1080,11.5005,12.4484,10.1263,1,1,0,0,2,11059200
1080,5,reference,815,1280,720,1920,1080,11.3193,12.2824,9.94406,1,1,0,0,2,11059200
1080,5,reference,816,1280,720,1920,1080,11.3695,12.3974,9.99526,1,1,0,0,2,11059200
1080,5,reference,817,1280,720,1920,1080,11.3848,12.3022,10.0106,1,1,0,0,2,11059200
1080,5,reference,818,1280,720,1920,1080,11.393,12.4076,10.0198,1,1,0,0,2,11059200
1080,5,reference,819,1280,720,1920,1080,11.5343,12.4789,10.1622,1,1,0,0,2,11059200
1080,5,reference,820,1280,720,1920,1080,11.4749,12.4232,10.1038,1,1,0,0,2,11059200
1080,5,reference,821,1280,720,1920,1080,11.478,12.7954,10.1059,1,1,0,0,2,11059200
1080,5,reference,822,1280,720,1920,1080,11.4729,12.4406,10.0966,1,1,0,0,2,11059200
1080,5,reference,823,1280,720,1920,1080,11.4698,12.4706,10.0977,1,1,0,0,2,11059200
1080,5,reference,824,1280,720,1920,1080,11.3428,12.3848,9.96864,1,1,0,0,2,11059200
1080,5,reference,825,1280,720,1920,1080,11.3377,12.457,9.96352,1,1,0,0,2,11059200
1080,5,reference,826,1280,720,1920,1080,11.5681,12.9168,10.1929,1,1,0,0,2,11059200
1080,5,reference,827,1280,720,1920,1080,11.3285,12.3373,9.95635,1,1,0,0,2,11059200
1080,5,reference,828,1280,720,1920,1080,11.264,12.2799,9.89184,1,1,0,0,2,11059200
1080,5,reference,829,1280,720,1920,1080,11.4616,12.4948,10.0905,1,1,0,0,2,11059200
1080,5,reference,830,1280,720,1920,1080,11.4903,12.4341,10.1161,1,1,0,0,2,11059200
1080,5,reference,831,1280,720,1920,1080,11.5395,12.5688,10.1663,1,1,0,0,2,11059200
1080,5,reference,832,1280,720,1920,1080,11.4975,12.5361,10.1233,1,1,0,0,2,11059200
1080,5,reference,833,1280,720,1920,1080,11.5026,12.4546,10.1274,1,1,0,0,2,11059200
1080,5,reference,834,1280,720,1920,1080,11.3285,12.5489,9.95328,1,1,0,0,2,11059200
1080,5,reference,835,1280,720,1920,1080,11.1575,12.3659,9.76486,1,1,0,0,2,11059200
1080,5,reference,836,1280,720,1920,1080,11.4084,12.4196,10.0311,1,1,0,0,2,11059200
1080,5,reference,837,1280,720,1920,1080,11.5261,12.5099,10.1519,1,1,0,0,2,11059200
1080,5,reference,838,1280,720,1920,1080,11.3377,12.3035,9.96352,1,1,0,0,2,11059200
1080,5,reference,839,1280,720,1920,1080,11.5169,12.5385,10.1458,1,1,0,0,2,11059200
1080,5,reference,840,1280,720,1920,1080,11.518,12.5614,10.1448,1,1,0,0,2,11059200
1080,5,reference,841,1280,720,1920,1080,11.3316,12.3108,9.95738,1,1,0,0,2,11059200
1080,5,reference,842,1280,720,1920,1080,11.3623,12.5085,9.72698,1,1,0,0,2,11059200
1080,5,reference,843,1280,720,1920,1080,11.3879,12.4426,10.0147,1,1,0,0,2,11059200
1080,5,reference,844,1280,720,1920,1080,11.3244,12.2617,9.95021,1,1,0,0,2,11059200
1080,5,reference,845,1280,720,1920,1080,11.0633,12.2816,9.68909,1,1,0,0,2,11059200
1080,5,reference,846,1280,720,1920,1080,9.74438,10.7046,8.37427,1,1,0,0,2,11059200
1080,5,reference,847,1280,720,1920,1080,10.2277,12.0959,8.85453,1,1,0,0,2,11059200
1080,5,reference,848,1280,720,1920,1080,11.3336,13.6623,9.93485,1,1,0,0,2,11059200
1080,5,reference,849,1280,720,1920,1080,11.3684,12.3264,9.98912,1,1,0,0,2,11059200
1080,5,reference,850,1280,720,1920,1080,11.4504,12.495,9.81299,1,1,0,0,2,11059200
1080,5,reference,851,1280,720,1920,1080,11.3582,12.5172,9.72186,1,1,0,0,2,11059200
1080,5,reference,852,1280,720,1920,1080,11.2916,12.4456,9.65325,1,1,0,0,2,11059200
1080,5,reference,853,1280,720,1920,1080,11.4924,12.5275,9.84576,1,1,0,0,2,11059200
1080,5,reference,854,1280,720,1920,1080,11.5712,12.695,10.0004,1,1,0,0,2,11059200
1080,5,reference,855,1280,720,1920,1080,11.4893,12.6641,10.111,1,1,0,0,2,11059200
1080,5,reference,856,1280,720,1920,1080,11.5149,12.5855,9.87238,1,1,0,0,2,11059200
1080,5,reference,857,1280,720,1920,1080,11.4555,12.4105,9.81709,1,1,0,0,2,11059200
1080,5,reference,858,1280,720,1920,1080,11.5118,12.6202,9.86931,1,1,0,0,2,11059200
1080,5,reference,859,1280,720,1920,1080,11.5415,12.5072,9.89184,1,1,0,0,2,11059200
1080,5,reference,860,1280,720,1920,1080,11.4627,12.4306,9.83859,1,1,0,0,2,11059200
1080,5,reference,861,1280,720,1920,1080,11.5354,12.5048,9.89594,1,1,0,0,2,11059200
1080,5,reference,862,1280,720,1920,1080,11.4678,12.4521,9.83757,1,1,0,0,2,11059200
1080,5,reference,863,1280,720,1920,1080,11.5456,12.598,9.91744,1,1,0,0,2,11059200
1080,5,reference,864,1280,720,1920,1080,11.5046,12.6569,9.87853,1,1,0,0,2,11059200
1080,5,reference,865,1280,720,1920,1080,11.5169,12.6309,9.88774,1,1,0,0,2,11059200
1080,5,reference,866,1280,720,1920,1080,11.3664,12.3655,9.9881,1,1,0,0,2,11059200
1080,5,reference,867,1280,720,1920,1080,11.3521,12.3779,9.97888,1,1,0,0,2,11059200
1080,5,reference,868,1280,720,1920,1080,11.5118,12.5481,9.8775,1,1,0,0,2,11059200
1080,5,reference,869,1280,720,1920,1080,11.5476,12.7226,9.91027,1,1,0,0,2,11059200
1080,5,reference,870,1280,720,1920,1080,11.3357,12.4167,9.9584,1,1,0,0,2,11059200
1080,5,reference,871,1280,720,1920,1080,11.2896,12.222,9.91539,1,1,0,0,2,11059200
1080,5,reference,872,1280,720,1920,1080,11.4872,12.5872,9.8519,1,1,0,0,2,11059200
1080,5,reference,873,1280,720,1920,1080,11.2968,12.3987,9.91949,1,1,0,0,2,11059200
1080,5,reference,874,1280,720,1920,1080,11.3234,12.3768,9.94509,1,1,0,0,2,11059200
1080,5,reference,875,1280,720,1920,1080,11.5333,12.5006,9.89798,1,1,0,0,2,11059200
1080,5,reference,876,1280,720,1920,1080,11.3592,12.313,9.98298,1,1,0,0,2,11059200
1080,5,reference,877,1280,720,1920,1080,11.4739,12.3938,9.84576,1,1,0,0,2,11059200
1080,5,reference,878,1280,720,1920,1080,11.3725,12.4034,9.73312,1,1,0,0,2,11059200
1080,5,reference,879,1280,720,1920,1080,11.5773,12.858,9.94918,1,1,0,0,2,11059200
1080,5,reference,880,1280,720,1920,1080,11.5712,12.6756,9.94406,1,1,0,0,2,11059200
1080,5,reference,881,1280,720,1920,1080,11.2589,12.3745,9.8816,1,1,0,0,2,11059200
1080,5,reference,882,1280,720,1920,1080,11.478,12.4485,9.84781,1,1,0,0,2,11059200
1080,5,reference,883,1280,720,1920,1080,11.4637,12.4372,9.8345,1,1,0,0,2,11059200
1080,5,reference,884,1280,720,1920,1080,11.3439,12.281,9.97069,1,1,0,0,2,11059200
1080,5,reference,885,1280,720,1920,1080,11.5548,12.7135,9.91539,1,1,0,0,2,11059200
1080,5,reference,886,1280,720,1920,1080,11.4555,12.4205,9.82835,1,1,0,0,2,11059200
1080,5,reference,887,1280,720,1920,1080,11.4483,12.4104,9.82426,1,1,0,0,2,11059200
1080,5,reference,888,1280,720,1920,1080,11.2927,12.3517,9.91949,1,1,0,0,2,11059200
1080,5,reference,889,1280,720,1920,1080,11.5087,12.4891,9.88058,1,1,0,0,2,11059200
1080,5,reference,890,1280,720,1920,1080,11.4053,12.3515,9.84678,1,1,0,0,2,11059200
1080,5,reference,891,1280,720,1920,1080,11.3818,12.5805,9.74848,1,1,0,0,2,11059200
1080,5,reference,892,1280,720,1920,1080,11.2906,12.3876,9.91949,1,1,0,0,2,11059200
1080,5,reference,893,1280,720,1920,1080,11.519,12.5282,9.88877,1,1,0,0,2,11059200
1080,5,reference,894,1280,720,1920,1080,11.5497,12.8545,9.9113,1,1,0,0,2,11059200
1080,5,reference,895,1280,720,1920,1080,11.3449,12.639,9.96966,1,1,0,0,2,11059200
1080,5,reference,896,1280,720,1920,1080,11.3275,12.4075,9.95123,1,1,0,0,2,11059200
1080,5,reference,897,1280,720,1920,1080,11.4432,12.428,9.79558,1,1,0,0,2,11059200
1080,5,reference,898,1280,720,1920,1080,11.0664,12.1276,9.68909,1,1,0,0,2,11059200
1080,5,reference,899,1280,720,1920,1080,11.2804,12.2809,9.90413,1,1,0,0,2,11059200
1080,5,reference,900,1280,720,1920,1080,11.351,12.3225,9.97478,1,1,0,0,2,11059200
1080,5,reference,901,1280,720,1920,1080,11.3469,12.298,9.70854,1,1,0,0,2,11059200
1080,5,reference,902,1280,720,1920,1080,11.3674,12.3534,9.71981,1,1,0,0,2,11059200
1080,5,reference,903,1280,720,1920,1080,11.3439,12.6547,9.73926,1,1,0,0,2,11059200
1080,5,reference,904,1280,720,1920,1080,11.3336,12.5614,9.68602,1,1,0,0,2,11059200
1080,5,reference,905,1280,720,1920,1080,11.4893,12.4355,9.84064,1,1,0,0,2,11059200
1080,5,reference,906,1280,720,1920,1080,11.5476,12.6503,9.8816,1,1,0,0,2,11059200
1080,5,reference,907,1280,720,1920,1080,11.6623,12.7303,10.0147,1,1,0,0,2,11059200
1080,5,reference,908,1280,720,1920,1080,11.3398,12.398,9.96454,1,1,0,0,2,11059200
1080,5,reference,909,1280,720,1920,1080,11.4616,12.4502,9.8304,1,1,0,0,2,11059200
1080,5,reference,910,1280,720,1920,1080,11.4934,12.4503,9.82426,1,1,0,0,2,11059200
1080,5,reference,911,1280,720,1920,1080,11.5528,12.6964,9.91539,1,1,0,0,2,11059200
1080,5,reference,912,1280,720,1920,1080,11.5005,12.4918,9.84986,1,1,0,0,2,11059200
1080,5,reference,913,1280,720,1920,1080,11.5384,12.6286,9.88058,1,1,0,0,2,11059200
1080,5,reference,914,1280,720,1920,1080,11.2988,12.4196,9.92461,1,1,0,0,2,11059200
1080,5,reference,915,1280,720,1920,1080,11.3101,12.3964,9.93382,1,1,0,0,2,11059200
1080,5,reference,916,1280,720,1920,1080,11.3439,12.356,9.96864,1,1,0,0,2,11059200
1080,5,reference,917,1280,720,1920,1080,11.3859,12.49,10.0086,1,1,0,0,2,11059200
1080,5,reference,918,1280,720,1920,1080,11.3521,12.5008,9.97581,1,1,0,0,2,11059200
1080,5,reference,919,1280,720,1920,1080,11.5139,12.565,9.87341,1,1,0,0,2,11059200
1080,5,reference,920,1280,720,1920,1080,11.3705,12.3685,9.99526,1,1,0,0,2,11059200
1080,5,reference,921,1280,720,1920,1080,11.4852,12.4787,9.84166,1,1,0,0,2,11059200
1080,5,reference,922,1280,720,1920,1080,11.5599,12.5515,9.90822,1,1,0,0,2,11059200
1080,5,reference,923,1280,720,1920,1080,11.3582,12.4157,9.984,1,1,0,0,2,11059200
1080,5,reference,924,1280,720,1920,1080,11.305,12.3631,9.92768,1,1,0,0,2,11059200
1080,5,reference,925,1280,720,1920,1080,11.5098,12.587,9.86624,1,1,0,0,2,11059200
1080,5,reference,926,1280,720,1920,1080,11.5988,12.5962,9.88877,1,1,0,0,2,11059200
1080,5,reference,927,1280,720,1920,1080,11.3306,12.3322,9.9543,1,1,0,0,2,11059200
1080,5,reference,928,1280,720,1920,1080,11.3172,12.3048,9.93894,1,1,0,0,2,11059200
1080,5,reference,929,1280,720,1920,1080,11.5169,12.7282,9.87341,1,1,0,0,2,11059200
1080,5,reference,930,1280,720,1920,1080,11.3777,12.3857,10.0004,1,1,0,0,2,11059200
1080,5,reference,931,1280,720,1920,1080,11.5763,12.586,9.92666,1,1,0,0,2,11059200
1080,5,reference,932,1280,720,1920,1080,11.2763,12.334,9.90106,1,1,0,0,2,11059200
1080,5,reference,933,1280,720,1920,1080,11.3285,12.339,9.95226,1,1,0,0,2,11059200
1080,5,reference,934,1280,720,1920,1080,9.81606,11.0828,8.44288,1,1,0,0,2,11059200
1080,5,reference,935,1280,720,1920,1080,12.6792,13.7236,11.2794,1,1,0,0,2,11059200
1080,5,reference,936,1280,720,1920,1080,11.5405,12.5401,9.9031,1,1,0,0,2,11059200
1080,5,reference,937,1280,720,1920,1080,9.94304,10.8952,8.56781,1,1,0,0,2,11059200
1080,5,reference,938,1280,720,1920,1080,9.45562,10.3824,8.08448,1,1,0,0,2,11059200
1080,5,reference,939,1280,720,1920,1080,11.1053,11.9654,9.728,1,1,0,0,2,11059200
1080,5,reference,940,1280,720,1920,1080,11.3705,12.4213,9.76282,1,1,0,0,2,11059200
1080,5,reference,941,1280,720,1920,1080,9.95533,10.8873,8.58214,1,1,0,0,2,11059200
1080,5,reference,942,1280,720,1920,1080,9.46586,10.4322,8.09472,1,1,0,0,2,11059200
1080,5,reference,943,1280,720,1920,1080,12.5819,13.6262,11.1565,1,1,0,0,2,11059200
1080,5,reference,944,1280,720,1920,1080,11.8118,12.7288,10.2502,1,1,0,0,2,11059200
1080,5,reference,945,1280,720,1920,1080,11.3572,12.3135,9.97274,1,1,0,0,2,11059200
1080,5,reference,946,1280,720,1920,1080,11.2804,12.3732,9.90515,1,1,0,0,2,11059200
1080,5,reference,947,1280,720,1920,1080,11.4883,12.4572,10.1161,1,1,0,0,2,11059200
1080,5,reference,948,1280,720,1920,1080,11.0612,12.2129,9.68397,1,1,0,0,2,11059200
1080,5,reference,949,1280,720,1920,1080,11.4708,12.5136,10.0936,1,1,0,0,2,11059200
1080,5,reference,950,1280,720,1920,1080,11.2876,12.263,9.91232,1,1,0,0,2,11059200
1080,5,reference,951,1280,720,1920,1080,11.4391,12.4275,10.0639,1,1,0,0,2,11059200
1080,5,reference,952,1280,720,1920,1080,11.5087,12.5917,10.1325,1,1,0,0,2,11059200
1080,5,reference,953,1280,720,1920,1080,11.1974,12.3471,9.81094,1,1,0,0,2,11059200
1080,5,reference,954,1280,720,1920,1080,11.5384,12.6216,10.1612,1,1,0,0,2,11059200
1080,5,reference,955,1280,720,1920,1080,11.2998,12.2609,9.92154,1,1,0,0,2,11059200
1080,5,reference,956,1280,720,1920,1080,11.5005,12.427,10.1233,1,1,0,0,2,11059200
1080,5,reference,957,1280,720,1920,1080,11.4842,12.4757,10.1089,1,1,0,0,2,11059200
1080,5,reference,958,1280,720,1920,1080,11.4729,12.5906,10.0956,1,1,0,0,2,11059200
1080,5,reference,959,1280,720,1920,1080,11.5036,12.4953,10.1263,1,1,0,0,2,11059200
1080,5,reference,960,1280,720,1920,1080,11.4708,12.4327,10.0966,1,1,0,0,2,11059200
1080,5,reference,961,1280,720,1920,1080,11.476,12.4307,10.1007,1,1,0,0,2,11059200
1080,5,reference,962,1280,720,1920,1080,11.4811,12.4404,10.1059,1,1,0,0,2,11059200
1080,5,reference,963,1280,720,1920,1080,11.519,12.4738,10.1437,1,1,0,0,2,11059200
1080,5,reference,964,1280,720,1920,1080,11.5886,12.6251,10.2144,1,1,0,0,2,11059200
1080,5,reference,965,1280,720,1920,1080,11.4637,12.4057,10.0895,1,1,0,0,2,11059200
1080,5,reference,966,1280,720,1920,1080,11.4831,12.5296,10.1048,1,1,0,0,2,11059200
1080,5,reference,967,1280,720,1920,1080,11.5108,12.5036,10.1366,1,1,0,0,2,11059200
1080,5,reference,968,1280,720,1920,1080,11.5722,12.769,10.196,1,1,0,0,2,11059200
1080,5,reference,969,1280,720,1920,1080,11.3254,12.3172,9.94918,1,1,0,0,2,11059200
1080,5,reference,970,1280,720,1920,1080,11.3132,12.262,9.93792,1,1,0,0,2,11059200
1080,5,reference,971,1280,720,1920,1080,11.5548,12.4817,10.1786,1,1,0,0,2,11059200
1080,5,reference,972,1280,720,1920,1080,11.3152,12.3514,9.93792,1,1,0,0,2,11059200
1080,5,reference,973,1280,720,1920,1080,11.6081,12.8583,9.97786,1,1,0,0,2,11059200
1080,5,reference,974,1280,720,1920,1080,11.5814,12.6404,10.197,1,1,0,0,2,11059200
1080,5,reference,975,1280,720,1920,1080,11.0326,12.1431,9.65837,1,1,0,0,2,11059200
1080,5,reference,976,1280,720,1920,1080,12.3269,13.2821,10.9455,1,1,0,0,2,11059200
1080,5,reference,977,1280,720,1920,1080,11.3295,12.4028,9.9543,1,1,0,0,2,11059200
1080,5,reference,978,1280,720,1920,1080,11.478,12.6665,10.1007,1,1,0,0,2,11059200
1080,5,reference,979,1280,720,1920,1080,11.2916,12.5864,9.91642,1,1,0,0,2,11059200
1080,5,reference,980,1280,720,1920,1080,9.80992,10.8111,8.43264,1,1,0,0,2,11059200
1080,5,reference,981,1280,720,1920,1080,12.5768,13.5669,11.2026,1,1,0,0,2,11059200
1080,5,reference,982,1280,720,1920,1080,11.0735,12.1109,9.69216,1,1,0,0,2,11059200
1080,5,reference,983,1280,720,1920,1080,11.4678,12.5399,10.0905,1,1,0,0,2,11059200
1080,5,reference,984,1280,720,1920,1080,11.3183,12.274,9.94099,1,1,0,0,2,11059200
1080,5,reference,985,1280,720,1920,1080,11.4954,12.5076,10.1171,1,1,0,0,2,11059200
1080,5,reference,986,1280,720,1920,1080,11.1135,12.1501,9.73619,1,1,0,0,2,11059200
1080,5,reference,987,1280,720,1920,1080,9.97478,10.8445,8.59955,1,1,0,0,2,11059200
1080,5,reference,988,1280,720,1920,1080,11.35,12.2398,9.97069,1,1,0,0,2,11059200
1080,5,reference,989,1280,720,1920,1080,11.3695,12.4046,9.99629,1,1,0,0,2,11059200
1080,5,reference,990,1280,720,1920,1080,11.134,12.1317,9.7577,1,1,0,0,2,11059200
1080,5,reference,991,1280,720,1920,1080,11.3224,12.3597,9.94611,1,1,0,0,2,11059200
1080,5,reference,992,1280,720,1920,1080,11.0879,12.2513,9.71162,1,1,0,0,2,11059200
1080,5,reference,993,1280,720,1920,1080,11.4831,12.4368,10.1089,1,1,0,0,2,11059200
1080,5,reference,994,1280,720,1920,1080,11.518,12.4727,10.1427,1,1,0,0,2,11059200
1080,5,reference,995,1280,720,1920,1080,11.392,12.365,9.75565,1,1,0,0,2,11059200
1080,5,reference,996,1280,720,1920,1080,10.9629,12.0675,9.58771,1,1,0,0,2,11059200
1080,5,reference,997,1280,720,1920,1080,11.9491,12.9155,10.5626,1,1,0,0,2,11059200
1080,5,reference,998,1280,720,1920,1080,11.4002,12.613,10.027,1,1,0,0,2,11059200
1080,5,reference,999,1280,720,1920,1080,11.3592,12.3684,9.98707,1,1,0,0,2,11059200
1080,5,reference,1000,1280,720,1920,1080,11.3336,12.3634,9.9584,1,1,0,0,2,11059200
1080,5,reference,1001,1280,720,1920,1080,11.308,12.6353,9.93382,1,1,0,0,2,11059200
1080,5,reference,1002,1280,720,1920,1080,11.3265,12.4156,9.95021,1,1,0,0,2,11059200
1080,5,reference,1003,1280,720,1920,1080,11.3367,12.6095,9.96147,1,1,0,0,2,11059200
1080,5,reference,1004,1280,720,1920,1080,11.4493,12.6658,10.0741,1,1,0,0,2,11059200
1080,5,reference,1005,1280,720,1920,1080,11.2947,12.3399,9.92256,1,1,0,0,2,11059200
1080,5,reference,1006,1280,720,1920,1080,9.82118,10.7013,8.44902,1,1,0,0,2,11059200
1080,5,reference,1007,1280,720,1920,1080,10.1356,12.2287,8.76339,1,1,0,0,2,11059200
1080,5,reference,1008,1280,720,1920,1080,11.2978,12.3597,9.92358,1,1,0,0,2,11059200
1080,5,reference,1009,1280,720,1920,1080,10.0301,10.9629,8.65587,1,1,0,0,2,11059200
1080,5,reference,1010,1280,720,1920,1080,12.6075,13.6429,11.1995,1,1,0,0,2,11059200
1080,5,reference,1011,1280,720,1920,1080,11.2476,12.482,9.82016,1,1,0,0,2,11059200
1080,5,reference,1012,1280,720,1920,1080,10.9476,11.9265,9.57133,1,1,0,0,2,11059200
1080,5,reference,1013,1280,720,1920,1080,11.2435,12.2647,9.86931,1,1,0,0,2,11059200
1080,5,reference,1014,1280,720,1920,1080,9.79866,10.7685,8.42445,1,1,0,0,2,11059200
1080,5,reference,1015,1280,720,1920,1080,13.014,14.1037,11.5999,1,1,0,0,2,11059200
1080,5,reference,1016,1280,720,1920,1080,10.1253,11.064,8.74906,1,1,0,0,2,11059200
1080,5,reference,1017,1280,720,1920,1080,12.7119,13.8383,10.0157,1,1,0,0,2,11059200
1080,5,reference,1018,1280,720,1920,1080,11.3838,12.4888,10.0076,1,1,0,0,2,11059200
1080,5,reference,1019,1280,720,1920,1080,11.4084,12.3119,10.0321,1,1,0,0,2,11059200
1080,5,reference,1020,1280,720,1920,1080,11.607,12.543,9.95226,1,1,0,0,2,11059200
1080,5,reference,1021,1280,720,1920,1080,11.3111,12.3796,9.93587,1,1,0,0,2,11059200
1080,5,reference,1022,1280,720,1920,1080,11.4074,12.3587,10.0311,1,1,0,0,2,11059200
1080,5,reference,1023,1280,720,1920,1080,11.2671,12.2911,9.89389,1,1,0,0,2,11059200
1080,5,reference,1024,1280,720,1920,1080,11.9491,12.9525,10.2922,1,1,0,0,2,11059200
1080,5,reference,1025,1280,720,1920,1080,11.3572,12.5257,9.70547,1,1,0,0,2,11059200
1080,5,reference,1026,1280,720,1920,1080,11.3879,13.3624,10.0127,1,1,0,0,2,11059200
1080,5,reference,1027,1280,720,1920,1080,11.479,12.6475,9.91027,1,1,0,0,2,11059200
1080,5,reference,1028,1280,720,1920,1080,11.351,12.2784,9.97376,1,1,0,0,2,11059200
1080,5,reference,1029,1280,720,1920,1080,11.5292,12.5378,9.87648,1,1,0,0,2,11059200
1080,5,reference,1030,1280,720,1920,1080,11.5313,12.5818,9.88365,1,1,0,0,2,11059200
1080,5,reference,1031,1280,720,1920,1080,11.563,12.7373,9.89184,1,1,0,0,2,11059200
1080,5,reference,1032,1280,720,1920,1080,11.5794,12.7713,9.92358,1,1,0,0,2,11059200
1080,5,reference,1033,1280,720,1920,1080,11.265,12.3333,9.88877,1,1,0,0,2,11059200
1080,5,reference,1034,1280,720,1920,1080,11.3439,12.3775,9.96659,1,1,0,0,2,11059200
1080,5,reference,1035,1280,720,1920,1080,11.5517,12.5238,9.90822,1,1,0,0,2,11059200
1080,5,reference,1036,1280,720,1920,1080,11.607,12.7062,9.96557,1,1,0,0,2,11059200
1080,5,reference,1037,1280,720,1920,1080,11.3459,12.4867,9.96966,1,1,0,0,2,11059200
1080,5,reference,1038,1280,720,1920,1080,11.3306,12.3631,9.9543,1,1,0,0,2,11059200
1080,5,reference,1039,1280,720,1920,1080,11.3091,12.4109,9.92973,1,1,0,0,2,11059200
1080,5,reference,1040,1280,720,1920,1080,11.5507,12.5759,9.89798,1,1,0,0,2,11059200
1080,5,reference,1041,1280,720,1920,1080,11.5466,12.5421,9.90515,1,1,0,0,2,11059200
1080,5,reference,1042,1280,720,1920,1080,11.3388,12.3849,9.96147,1,1,0,0,2,11059200
1080,5,reference,1043,1280,720,1920,1080,11.2835,12.2405,9.9072,1,1,0,0,2,11059200
1080,5,reference,1044,1280,720,1920,1080,11.5886,12.7408,9.94611,1,1,0,0,2,11059200
1080,5,reference,1045,1280,720,1920,1080,11.3469,12.3983,9.97069,1,1,0,0,2,11059200
1080,5,reference,1046,1280,720,1920,1080,11.2486,12.2732,9.86931,1,1,0,0,2,11059200
1080,5,reference,1047,1280,720,1920,1080,11.3756,12.3616,9.99834,1,1,0,0,2,11059200
1080,5,reference,1048,1280,720,1920,1080,11.4309,12.4617,9.8857,1,1,0,0,2,11059200
1080,5,reference,1049,1280,720,1920,1080,11.5128,12.6953,10.1396,1,1,0,0,2,11059200
1080,5,reference,1050,1280,720,1920,1080,11.4176,12.4884,10.0393,1,1,0,0,2,11059200
1080,5,reference,1051,1280,720,1920,1080,11.5005,12.6263,9.85293,1,1,0,0,2,11059200
1080,5,reference,1052,1280,720,1920,1080,11.4156,12.3591,10.0383,1,1,0,0,2,11059200
1080,5,reference,1053,1280,720,1920,1080,11.7473,12.9646,10.1007,1,1,0,0,2,11059200
1080,5,reference,1054,1280,720,1920,1080,11.5456,13.0541,9.92666,1,1,0,0,2,11059200
1080,5,reference,1055,1280,720,1920,1080,11.3654,12.4079,9.99014,1,1,0,0,2,11059200
1080,5,reference,1056,1280,720,1920,1080,11.3521,12.4278,9.97376,1,1,0,0,2,11059200
1080,5,reference,1057,1280,720,1920,1080,11.3725,12.3585,9.74029,1,1,0,0,2,11059200
1080,5,reference,1058,1280,720,1920,1080,11.4668,12.3604,10.0874,1,1,0,0,2,11059200
1080,5,reference,1059,1280,720,1920,1080,11.305,12.2328,9.92768,1,1,0,0,2,11059200
1080,5,reference,1060,1280,720,1920,1080,11.9101,12.8583,10.5277,1,1,0,0,2,11059200
1080,5,reference,1061,1280,720,1920,1080,11.3633,12.4004,9.98605,1,1,0,0,2,11059200
1080,5,reference,1062,1280,720,1920,1080,11.4883,12.3923,10.1089,1,1,0,0,2,11059200
1080,5,reference,1063,1280,720,1920,1080,11.5159,12.4208,10.1396,1,1,0,0,2,11059200
1080,5,reference,1064,1280,720,1920,1080,11.4616,12.441,10.0833,1,1,0,0,2,11059200
1080,5,reference,1065,1280,720,1920,1080,11.5384,12.5979,10.1591,1,1,0,0,2,11059200
1080,5,reference,1066,1280,720,1920,1080,11.5415,12.5428,10.1632,1,1,0,0,2,11059200
1080,5,reference,1067,1280,720,1920,1080,11.3347,12.4603,9.95942,1,1,0,0,2,11059200
1080,5,reference,1068,1280,720,1920,1080,9.94304,10.8779,8.56678,1,1,0,0,2,11059200
1080,5,reference,1069,1280,720,1920,1080,12.4897,13.5804,11.0592,1,1,0,0,2,11059200
1080,5,reference,1070,1280,720,1920,1080,11.8784,12.9044,10.3209,1,1,0,0,2,11059200
1080,5,reference,1071,1280,720,1920,1080,11.348,12.4304,9.9543,1,1,0,0,2,11059200
1080,5,reference,1072,1280,720,1920,1080,11.4668,12.5244,10.0895,1,1,0,0,2,11059200
1080,5,reference,1073,1280,720,1920,1080,11.4831,12.4974,10.1048,1,1,0,0,2,11059200
1080,5,reference,1074,1280,720,1920,1080,11.2947,12.2988,9.91334,1,1,0,0,2,11059200
1080,5,reference,1075,1280,720,1920,1080,11.5057,12.5798,10.1284,1,1,0,0,2,11059200
1080,5,reference,1076,1280,720,1920,1080,11.4964,12.4149,10.1192,1,1,0,0,2,11059200
1080,5,reference,1077,1280,720,1920,1080,11.3224,12.4101,9.94304,1,1,0,0,2,11059200
1080,5,reference,1078,1280,720,1920,1080,11.5476,12.6101,10.1704,1,1,0,0,2,11059200
1080,5,reference,1079,1280,720,1920,1080,11.5405,12.658,10.1642,1,1,0,0,2,11059200
1080,5,reference,1080,1280,720,1920,1080,11.4637,12.7982,10.0844,1,1,0,0,2,11059200
1080,5,reference,1081,1280,720,1920,1080,11.477,12.5567,10.0966,1,1,0,0,2,11059200
1080,5,reference,1082,1280,720,1920,1080,11.3367,12.3792,9.9584,1,1,0,0,2,11059200
1080,5,reference,1083,1280,720,1920,1080,11.3019,12.3074,9.92358,1,1,0,0,2,11059200
1080,5,reference,1084,1280,720,1920,1080,11.4156,12.4942,10.0383,1,1,0,0,2,11059200
1080,5,reference,1085,1280,720,1920,1080,11.3428,12.3238,9.96352,1,1,0,0,2,11059200
1080,5,reference,1086,1280,720,1920,1080,11.3828,12.4053,10.0065,1,1,0,0,2,11059200
1080,5,reference,1087,1280,720,1920,1080,11.3347,12.2014,9.95533,1,1,0,0,2,11059200
1080,5,reference,1088,1280,720,1920,1080,10.0168,11.0917,8.63949,1,1,0,0,2,11059200
1080,5,reference,1089,1280,720,1920,1080,12.5358,13.5344,11.138,1,1,0,0,2,11059200
1080,5,reference,1090,1280,720,1920,1080,11.2097,12.2809,9.83245,1,1,0,0,2,11059200
1080,5,reference,1091,1280,720,1920,1080,11.0735,12.0723,8.41626,1,1,0,0,2,11059200
1080,5,reference,1092,1280,720,1920,1080,12.0463,13.0405,10.41,1,1,0,0,2,11059200
1080,5,reference,1093,1280,720,1920,1080,11.3428,12.4913,9.96557,1,1,0,0,2,11059200
1080,5,reference,1094,1280,720,1920,1080,11.3357,12.3012,9.9584,1,1,0,0,2,11059200
1080,5,reference,1095,1280,720,1920,1080,11.5712,12.5501,9.90925,1,1,0,0,2,11059200
1080,5,reference,1096,1280,720,1920,1080,11.3807,12.4399,10.0024,1,1,0,0,2,11059200
1080,5,reference,1097,1280,720,1920,1080,11.5978,12.5775,9.9328,1,1,0,0,2,11059200
1080,5,reference,1098,1280,720,1920,1080,11.3746,12.3396,9.99526,1,1,0,0,2,11059200
1080,5,reference,1099,1280,720,1920,1080,11.5282,12.598,9.8601,1,1,0,0,2,11059200
1080,5,reference,1100,1280,720,1920,1080,11.5517,12.7269,9.89696,1,1,0,0,2,11059200
1080,5,reference,1101,1280,720,1920,1080,11.6132,12.7166,9.95123,1,1,0,0,2,11059200
1080,5,reference,1102,1280,720,1920,1080,11.5251,12.5378,10.1458,1,1,0,0,2,11059200
1080,5,reference,1103,1280,720,1920,1080,11.35,12.3358,9.97274,1,1,0,0,2,11059200
1080,5,reference,1104,1280,720,1920,1080,11.5722,13.0004,10.1898,1,1,0,0,2,11059200
1080,5,reference,1105,1280,720,1920,1080,11.3736,12.5272,9.99526,1,1,0,0,2,11059200
1080,5,reference,1106,1280,720,1920,1080,11.3254,12.3439,9.94714,1,1,0,0,2,11059200
1080,5,reference,1107,1280,720,1920,1080,11.3449,12.3163,9.96864,1,1,0,0,2,11059200
1080,5,reference,1108,1280,720,1920,1080,11.5046,12.4964,10.1274,1,1,0,0,2,11059200
1080,5,reference,1109,1280,720,1920,1080,11.3674,12.3161,9.9881,1,1,0,0,2,11059200
1080,5,reference,1110,1280,720,1920,1080,11.3521,12.3946,9.97171,1,1,0,0,2,11059200
1080,5,reference,1111,1280,720,1920,1080,11.5292,12.5165,10.1509,1,1,0,0,2,11059200
1080,5,reference,1112,1280,720,1920,1080,11.5149,12.5421,10.1345,1,1,0,0,2,11059200
1080,5,reference,1113,1280,720,1920,1080,11.5077,12.5497,10.1304,1,1,0,0,2,11059200
1080,5,reference,1114,1280,720,1920,1080,11.5466,12.5604,10.1663,1,1,0,0,2,11059200
1080,5,reference,1115,1280,720,1920,1080,11.5261,12.7681,10.1489,1,1,0,0,2,11059200
1080,5,reference,1116,1280,720,1920,1080,11.4022,12.4692,10.0209,1,1,0,0,2,11059200
1080,5,reference,1117,1280,720,1920,1080,11.138,12.2865,9.75667,1,1,0,0,2,11059200
1080,5,reference,1118,1280,720,1920,1080,11.4565,12.3773,10.0762,1,1,0,0,2,11059200
1080,5,reference,1119,1280,720,1920,1080,11.4104,12.3056,10.0321,1,1,0,0,2,11059200
1080,5,reference,1120,1280,720,1920,1080,11.6204,12.5906,10.241,1,1,0,0,2,11059200
1080,5,reference,1121,1280,720,1920,1080,11.5272,12.5018,10.1437,1,1,0,0,2,11059200
1080,5,reference,1122,1280,720,1920,1080,11.4893,12.4851,10.111,1,1,0,0,2,11059200
1080,5,reference,1123,1280,720,1920,1080,11.2998,12.2625,9.91846,1,1,0,0,2,11059200
1080,5,reference,1124,1280,720,1920,1080,11.563,12.5182,10.1827,1,1,0,0,2,11059200
1080,5,reference,1125,1280,720,1920,1080,11.3091,12.2379,9.9287,1,1,0,0,2,11059200
1080,5,reference,1126,1280,720,1920,1080,11.5098,12.5114,10.1294,1,1,0,0,2,11059200
1080,5,reference,1127,1280,720,1920,1080,11.305,12.2413,9.92768,1,1,0,0,2,11059200
1080,5,reference,1128,1280,720,1920,1080,11.2845,12.4114,9.90515,1,1,0,0,2,11059200
1080,5,reference,1129,1280,720,1920,1080,11.5241,12.6307,10.1437,1,1,0,0,2,11059200
1080,5,reference,1130,1280,720,1920,1080,11.1145,12.1559,9.73619,1,1,0,0,2,11059200
1080,5,reference,1131,1280,720,1920,1080,9.80378,10.818,8.43059,1,1,0,0,2,11059200
1080,5,reference,1132,1280,720,1920,1080,11.9808,12.8969,10.6035,1,1,0,0,2,11059200
1080,5,reference,1133,1280,720,1920,1080,11.3009,13.2036,8.63744,1,1,0,0,2,11059200
1080,5,reference,1134,1280,720,1920,1080,11.433,12.4066,9.74336,1,1,0,0,2,11059200
1080,5,reference,1135,1280,720,1920,1080,11.4975,12.4695,9.83962,1,1,0,0,2,11059200
1080,5,reference,1136,1280,720,1920,1080,11.3695,12.2946,9.71674,1,1,0,0,2,11059200
1080,5,reference,1137,1280,720,1920,1080,11.262,12.5691,9.88058,1,1,0,0,2,11059200
1080,5,reference,1138,1280,720,1920,1080,11.3787,12.3601,9.7024,1,1,0,0,2,11059200
1080,5,reference,1139,1280,720,1920,1080,11.3715,12.4849,9.72288,1,1,0,0,2,11059200
1080,5,reference,1140,1280,720,1920,1080,11.3562,12.3639,9.69011,1,1,0,0,2,11059200
1080,5,reference,1141,1280,720,1920,1080,11.2783,12.2681,9.71366,1,1,0,0,2,11059200
1080,5,reference,1142,1280,720,1920,1080,11.3725,12.3281,9.99117,1,1,0,0,2,11059200
1080,5,reference,1143,1280,720,1920,1080,11.5354,12.4995,9.89184,1,1,0,0,2,11059200
1080,5,reference,1144,1280,720,1920,1080,11.4647,12.7768,9.82938,1,1,0,0,2,11059200
1080,5,reference,1145,1280,720,1920,1080,11.3111,12.6057,9.93178,1,1,0,0,2,11059200
1080,5,reference,1146,1280,720,1920,1080,11.3121,12.682,9.9287,1,1,0,0,2,11059200
1080,5,reference,1147,1280,720,1920,1080,11.3766,12.6301,9.71162,1,1,0,0,2,11059200
1080,5,reference,1148,1280,720,1920,1080,12.1518,13.2605,10.7622,1,1,0,0,2,11059200
1080,5,reference,1149,1280,720,1920,1080,11.5098,12.6281,10.1304,1,1,0,0,2,11059200
1080,5,reference,1150,1280,720,1920,1080,11.3572,12.3997,9.97786,1,1,0,0,2,11059200
1080,5,reference,1151,1280,720,1920,1080,11.3644,12.3168,9.98298,1,1,0,0,2,11059200
1080,5,reference,1152,1280,720,1920,1080,11.564,12.5845,9.89491,1,1,0,0,2,11059200
1080,5,reference,1153,1280,720,1920,1080,11.5487,13.0708,10.1683,1,1,0,0,2,11059200
1080,5,reference,1154,1280,720,1920,1080,11.5139,12.5258,10.1356,1,1,0,0,2,11059200
1080,5,reference,1155,1280,720,1920,1080,11.3347,12.3165,9.9584,1,1,0,0,2,11059200
1080,5,reference,1156,1280,720,1920,1080,11.5313,12.5926,10.1519,1,1,0,0,2,11059200
1080,5,reference,1157,1280,720,1920,1080,11.3541,12.6527,9.97376,1,1,0,0,2,11059200
1080,5,reference,1158,1280,720,1920,1080,11.2998,12.2528,9.91949,1,1,0,0,2,11059200
1080,5,reference,1159,1280,720,1920,1080,11.3234,12.4924,9.94714,1,1,0,0,2,11059200
1080,5,reference,1160,1280,720,1920,1080,11.2773,12.3499,9.89798,1,1,0,0,2,11059200
1080,5,reference,1161,1280,720,1920,1080,11.4627,12.4881,10.0823,1,1,0,0,2,11059200
1080,5,reference,1162,1280,720,1920,1080,11.4893,12.566,10.112,1,1,0,0,2,11059200
1080,5,reference,1163,1280,720,1920,1080,11.0961,12.3992,9.69933,1,1,0,0,2,11059200
1080,5,reference,1164,1280,720,1920,1080,11.7248,12.7728,10.3373,1,1,0,0,2,11059200
1080,5,reference,1165,1280,720,1920,1080,11.3193,12.3502,9.94099,1,1,0,0,2,11059200
1080,5,reference,1166,1280,720,1920,1080,9.93587,10.8416,8.56166,1,1,0,0,2,11059200
1080,5,reference,1167,1280,720,1920,1080,11.2271,12.1684,9.84986,1,1,0,0,2,11059200
1080,5,reference,1168,1280,720,1920,1080,12.7642,13.9395,11.3848,1,1,0,0,2,11059200
1080,5,reference,1169,1280,720,1920,1080,11.8733,12.8181,10.2328,1,1,0,0,2,11059200
1080,5,reference,1170,1280,720,1920,1080,11.4985,12.4918,10.1192,1,1,0,0,2,11059200
1080,5,reference,1171,1280,720,1920,1080,11.5087,12.5015,10.1304,1,1,0,0,2,11059200
1080,5,reference,1172,1280,720,1920,1080,11.3521,12.3383,9.97376,1,1,0,0,2,11059200
1080,5,reference,1173,1280,720,1920,1080,11.4637,12.4217,10.0854,1,1,0,0,2,11059200
1080,5,reference,1174,1280,720,1920,1080,11.5016,12.4167,10.1233,1,1,0,0,2,11059200
1080,5,reference,1175,1280,720,1920,1080,11.3459,12.2938,9.96864,1,1,0,0,2,11059200
1080,5,reference,1176,1280,720,1920,1080,11.5169,12.5605,9.8857,1,1,0,0,2,11059200
1080,5,reference,1177,1280,720,1920,1080,11.518,12.545,10.1407,1,1,0,0,2,11059200
1080,5,reference,1178,1280,720,1920,1080,11.3377,12.3976,9.9584,1,1,0,0,2,11059200
1080,5,reference,1179,1280,720,1920,1080,11.3285,12.3481,9.95226,1,1,0,0,2,11059200
1080,5,reference,1180,1280,720,1920,1080,11.2568,12.1766,9.8775,1,1,0,0,2,11059200
1080,5,reference,1181,1280,720,1920,1080,11.5374,12.4996,9.90925,1,1,0,0,2,11059200
1080,5,reference,1182,1280,720,1920,1080,11.3582,12.6137,9.9799,1,1,0,0,2,11059200
1080,5,reference,1183,1280,720,1920,1080,11.3265,12.5934,9.95123,1,1,0,0,2,11059200
1080,5,reference,1184,1280,720,1920,1080,11.3439,12.3556,9.95533,1,1,0,0,2,11059200
1080,5,reference,1185,1280,720,1920,1080,11.3244,12.2963,9.94714,1,1,0,0,2,11059200
1080,5,reference,1186,1280,720,1920,1080,11.305,12.257,9.92768,1,1,0,0,2,11059200
1080,5,reference,1187,1280,720,1920,1080,11.4903,12.5109,9.85498,1,1,0,0,2,11059200
1080,5,reference,1188,1280,720,1920,1080,11.3797,12.3961,10.0024,1,1,0,0,2,11059200
1080,5,reference,1189,1280,720,1920,1080,11.5077,12.4605,9.87546,1,1,0,0,2,11059200
1080,5,reference,1190,1280,720,1920,1080,11.4903,12.5165,9.85498,1,1,0,0,2,11059200
1080,5,reference,1191,1280,720,1920,1080,11.4852,12.8537,9.93178,1,1,0,0,2,11059200
1080,5,reference,1192,1280,720,1920,1080,11.4033,12.4327,10.0239,1,1,0,0,2,11059200
1080,5,reference,1193,1280,720,1920,1080,11.3152,12.3962,9.9369,1,1,0,0,2,11059200
1080,5,reference,1194,1280,720,1920,1080,11.5231,12.5221,9.89286,1,1,0,0,2,11059200
1080,5,reference,1195,1280,720,1920,1080,11.3316,12.4041,9.95533,1,1,0,0,2,11059200
1080,5,reference,1196,1280,720,1920,1080,11.3172,12.2165,9.94202,1,1,0,0,2,11059200
1080,5,reference,1197,1280,720,1920,1080,11.5077,12.5718,9.87341,1,1,0,0,2,11059200
1080,5,reference,1198,1280,720,1920,1080,11.4504,12.4733,9.89082,1,1,0,0,2,11059200
1080,5,reference,1199,1280,720,1920,1080,9.78944,11.0631,8.41728,1,1,0,0,2,11059200
1080,5,candidate,300,1280,720,1920,1080,11.4555,12.4517,9.81914,1,1,0,0,0,0
1080,5,candidate,301,1280,720,1920,1080,11.4606,12.4297,9.82016,1,1,0,0,0,0
1080,5,candidate,302,1280,720,1920,1080,11.3951,12.6229,10.0178,1,1,0,0,0,0
1080,5,candidate,303,1280,720,1920,1080,11.2896,12.402,9.91539,1,1,0,0,0,0
1080,5,candidate,304,1280,720,1920,1080,11.3234,12.3564,9.94918,1,1,0,0,0,0
1080,5,candidate,305,1280,720,1920,1080,11.4924,12.4666,9.85293,1,1,0,0,0,0
1080,5,candidate,306,1280,720,1920,1080,11.3265,12.3162,9.94816,1,1,0,0,0,0
1080,5,candidate,307,1280,720,1920,1080,11.4248,12.4132,9.79149,1,1,0,0,0,0
1080,5,candidate,308,1280,720,1920,1080,11.2814,12.2504,9.64301,1,1,0,0,0,0
1080,5,candidate,309,1280,720,1920,1080,11.4565,12.5103,9.82426,1,1,0,0,0,0
1080,5,candidate,310,1280,720,1920,1080,11.4944,12.4849,9.85088,1,1,0,0,0,0
1080,5,candidate,311,1280,720,1920,1080,11.3039,12.3146,9.66554,1,1,0,0,0,0
1080,5,candidate,312,1280,720,1920,1080,11.2763,12.2422,9.63994,1,1,0,0,0,0
1080,5,candidate,313,1280,720,1920,1080,11.2957,12.5003,9.6553,1,1,0,0,0,0
1080,5,candidate,314,1280,720,1920,1080,11.2497,12.5725,9.87648,1,1,0,0,0,0
1080,5,candidate,315,1280,720,1920,1080,11.2968,12.3214,9.65018,1,1,0,0,0,0
1080,5,candidate,316,1280,720,1920,1080,11.2712,12.2821,9.63686,1,1,0,0,0,0
1080,5,candidate,317,1280,720,1920,1080,11.265,12.5736,9.89082,1,1,0,0,0,0
1080,5,candidate,318,1280,720,1920,1080,11.2988,12.8842,9.92461,1,1,0,0,0,0
1080,5,candidate,319,1280,720,1920,1080,11.2159,12.3002,9.66963,1,1,0,0,0,0
1080,5,candidate,320,1280,720,1920,1080,11.4637,12.4328,10.0874,1,1,0,0,0,0
1080,5,candidate,321,1280,720,1920,1080,11.2701,12.4942,9.89389,1,1,0,0,0,0
1080,5,candidate,322,1280,720,1920,1080,11.0674,12.5829,9.69114,1,1,0,0,0,0
1080,5,candidate,323,1280,720,1920,1080,11.2271,12.3389,9.6727,1,1,0,0,0,0
1080,5,candidate,324,1280,720,1920,1080,11.4668,12.4949,10.0884,1,1,0,0,0,0
1080,5,candidate,325,1280,720,1920,1080,11.5958,12.6858,9.94202,1,1,0,0,0,0
1080,5,candidate,326,1280,720,1920,1080,11.221,12.2916,9.67475,1,1,0,0,0,0
1080,5,candidate,327,1280,720,1920,1080,11.2456,12.5426,8.53709,1,1,0,0,0,0
1080,5,candidate,328,1280,720,1920,1080,11.1985,12.4844,9.82221,1,1,0,0,0,0
1080,5,candidate,329,1280,720,1920,1080,11.604,12.8821,9.87546,1,1,0,0,0,0
1080,5,candidate,330,1280,720,1920,1080,11.4862,12.4765,9.85088,1,1,0,0,0,0
1080,5,candidate,331,1280,720,1920,1080,11.5077,12.5772,9.85293,1,1,0,0,0,0
1080,5,candidate,332,1280,720,1920,1080,11.5302,12.4905,9.86624,1,1,0,0,0,0
1080,5,candidate,333,1280,720,1920,1080,11.5261,12.7077,9.88672,1,1,0,0,0,0
1080,5,candidate,334,1280,720,1920,1080,11.3029,12.4257,9.92563,1,1,0,0,0,0
1080,5,candidate,335,1280,720,1920,1080,11.4708,12.463,9.8304,1,1,0,0,0,0
1080,5,candidate,336,1280,720,1920,1080,11.4637,12.5333,9.82835,1,1,0,0,0,0
1080,5,candidate,337,1280,720,1920,1080,11.2783,12.3689,9.90413,1,1,0,0,0,0
1080,5,candidate,338,1280,720,1920,1080,11.522,12.5395,9.87341,1,1,0,0,0,0
1080,5,candidate,339,1280,720,1920,1080,11.2824,12.349,9.90822,1,1,0,0,0,0
1080,5,candidate,340,1280,720,1920,1080,11.5702,12.7043,9.93075,1,1,0,0,0,0
1080,5,candidate,341,1280,720,1920,1080,11.2722,12.3476,9.89491,1,1,0,0,0,0
1080,5,candidate,342,1280,720,1920,1080,11.5456,12.8399,9.90106,1,1,0,0,0,0
1080,5,candidate,343,1280,720,1920,1080,11.4637,12.4948,10.0844,1,1,0,0,0,0
1080,5,candidate,344,1280,720,1920,1080,11.3398,12.3472,9.96045,1,1,0,0,0,0
1080,5,candidate,345,1280,720,1920,1080,11.2794,12.2722,9.9031,1,1,0,0,0,0
1080,5,candidate,346,1280,720,1920,1080,11.433,12.4128,9.79558,1,1,0,0,0,0
1080,5,candidate,347,1280,720,1920,1080,11.2916,12.2222,9.91539,1,1,0,0,0,0
1080,5,candidate,348,1280,720,1920,1080,11.2118,12.4228,9.83757,1,1,0,0,0,0
1080,5,candidate,349,1280,720,1920,1080,11.2968,12.5156,9.92358,1,1,0,0,0,0
1080,5,candidate,350,1280,720,1920,1080,11.3357,12.2601,9.78534,1,1,0,0,0,0
1080,5,candidate,351,1280,720,1920,1080,11.2445,12.236,9.86931,1,1,0,0,0,0
1080,5,candidate,352,1280,720,1920,1080,9.7495,10.9228,8.3753,1,1,0,0,0,0
1080,5,candidate,353,1280,720,1920,1080,11.7002,12.7478,10.324,1,1,0,0,0,0
1080,5,candidate,354,1280,720,1920,1080,11.4012,12.429,10.027,1,1,0,0,0,0
1080,5,candidate,355,1280,720,1920,1080,10.9353,12.1908,9.55904,1,1,0,0,0,0
1080,5,candidate,356,1280,720,1920,1080,11.4012,12.2609,10.027,1,1,0,0,0,0
1080,5,candidate,357,1280,720,1920,1080,11.8036,12.7658,10.1837,1,1,0,0,0,0
1080,5,candidate,358,1280,720,1920,1080,10.924,12.0172,9.5488,1,1,0,0,0,0
1080,5,candidate,359,1280,720,1920,1080,11.4842,12.4972,10.1069,1,1,0,0,0,0
1080,5,candidate,360,1280,720,1920,1080,11.0019,12.1349,9.62355,1,1,0,0,0,0
1080,5,candidate,361,1280,720,1920,1080,11.4975,12.5447,10.1212,1,1,0,0,0,0
1080,5,candidate,362,1280,720,1920,1080,11.3521,12.3107,9.71878,1,1,0,0,0,0
1080,5,candidate,363,1280,720,1920,1080,11.4493,12.3713,10.0741,1,1,0,0,0,0
1080,5,candidate,364,1280,720,1920,1080,11.3029,12.3495,9.92461,1,1,0,0,0,0
1080,5,candidate,365,1280,720,1920,1080,11.4514,12.6731,10.0751,1,1,0,0,0,0
1080,5,candidate,366,1280,720,1920,1080,11.2916,12.2288,9.91437,1,1,0,0,0,0
1080,5,candidate,367,1280,720,1920,1080,11.2947,12.2457,9.91642,1,1,0,0,0,0
1080,5,candidate,368,1280,720,1920,1080,11.4176,12.5219,10.0393,1,1,0,0,0,0
1080,5,candidate,369,1280,720,1920,1080,11.4821,12.442,10.1059,1,1,0,0,0,0
1080,5,candidate,370,1280,720,1920,1080,11.4852,12.4818,10.11,1,1,0,0,0,0
1080,5,candidate,371,1280,720,1920,1080,11.4575,12.421,10.0782,1,1,0,0,0,0
1080,5,candidate,372,1280,720,1920,1080,11.3254,12.3788,9.94509,1,1,0,0,0,0
1080,5,candidate,373,1280,720,1920,1080,9.89594,10.9389,8.51968,1,1,0,0,0,0
1080,5,candidate,374,1280,720,1920,1080,12.6433,13.8053,11.2507,1,1,0,0,0,0
1080,5,candidate,375,1280,720,1920,1080,11.8344,12.7127,10.4489,1,1,0,0,0,0
1080,5,candidate,376,1280,720,1920,1080,11.5005,12.4305,9.85293,1,1,0,0,0,0
1080,5,candidate,377,1280,720,1920,1080,11.4135,12.2979,10.0383,1,1,0,0,0,0
1080,5,candidate,378,1280,720,1920,1080,11.3879,12.2884,10.0116,1,1,0,0,0,0
1080,5,candidate,379,1280,720,1920,1080,11.266,12.2028,9.88979,1,1,0,0,0,0
1080,5,candidate,380,1280,720,1920,1080,11.2804,12.2879,9.90106,1,1,0,0,0,0
1080,5,candidate,381,1280,720,1920,1080,11.4575,12.4562,9.8089,1,1,0,0,0,0
1080,5,candidate,382,1280,720,1920,1080,11.3172,12.2604,9.65427,1,1,0,0,0,0
1080,5,candidate,383,1280,720,1920,1080,11.3787,12.3078,9.72186,1,1,0,0,0,0
1080,5,candidate,384,1280,720,1920,1080,11.305,12.5454,9.6553,1,1,0,0,0,0
1080,5,candidate,385,1280,720,1920,1080,11.2978,12.2271,9.64506,1,1,0,0,0,0
1080,5,candidate,386,1280,720,1920,1080,11.564,12.5303,9.92461,1,1,0,0,0,0
1080,5,candidate,387,1280,720,1920,1080,11.3091,12.5106,9.65837,1,1,0,0,0,0
1080,5,candidate,388,1280,720,1920,1080,11.4708,12.3923,9.82323,1,1,0,0,0,0
1080,5,candidate,389,1280,720,1920,1080,11.3531,12.3596,9.69318,1,1,0,0,0,0
1080,5,candidate,390,1280,720,1920,1080,11.0961,12.4052,9.71981,1,1,0,0,0,0
1080,5,candidate,391,1280,720,1920,1080,11.2742,12.5919,9.90003,1,1,0,0,0,0
1080,5,candidate,392,1280,720,1920,1080,11.0838,12.3619,9.70854,1,1,0,0,0,0
1080,5,candidate,393,1280,720,1920,1080,11.2845,12.7427,9.90822,1,1,0,0,0,0
1080,5,candidate,394,1280,720,1920,1080,11.3091,12.6723,9.65325,1,1,0,0,0,0
1080,5,candidate,395,1280,720,1920,1080,11.6552,12.5843,10.0086,1,1,0,0,0,0
1080,5,candidate,396,1280,720,1920,1080,11.3592,12.3728,9.67885,1,1,0,0,0,0
1080,5,candidate,397,1280,720,1920,1080,11.2415,12.602,9.86522,1,1,0,0,0,0
1080,5,candidate,398,1280,720,1920,1080,11.1749,12.4119,8.54016,1,1,0,0,0,0
1080,5,candidate,399,1280,720,1920,1080,11.0285,12.0526,9.65325,1,1,0,0,0,0
1080,5,candidate,400,1280,720,1920,1080,11.349,12.347,9.97376,1,1,0,0,0,0
1080,5,candidate,401,1280,720,1920,1080,11.2077,12.4715,9.83245,1,1,0,0,0,0
1080,5,candidate,402,1280,720,1920,1080,11.3172,12.5625,8.64973,1,1,0,0,0,0
1080,5,candidate,403,1280,720,1920,1080,11.2271,12.2712,9.67578,1,1,0,0,0,0
1080,5,candidate,404,1280,720,1920,1080,11.3654,12.3318,9.98707,1,1,0,0,0,0
1080,5,candidate,405,1280,720,1920,1080,11.0008,12.2022,9.62765,1,1,0,0,0,0
1080,5,candidate,406,1280,720,1920,1080,11.1616,12.4238,9.78637,1,1,0,0,0,0
1080,5,candidate,407,1280,720,1920,1080,11.3316,12.3435,9.95533,1,1,0,0,0,0
1080,5,candidate,408,1280,720,1920,1080,11.307,12.3435,9.92973,1,1,0,0,0,0
1080,5,candidate,409,1280,720,1920,1080,10.9978,12.1242,9.62253,1,1,0,0,0,0
1080,5,candidate,410,1280,720,1920,1080,11.3644,12.3789,9.99014,1,1,0,0,0,0
1080,5,candidate,411,1280,720,1920,1080,11.2814,12.3412,9.90413,1,1,0,0,0,0
1080,5,candidate,412,1280,720,1920,1080,11.1534,12.2416,9.7792,1,1,0,0,0,0
1080,5,candidate,413,1280,720,1920,1080,11.605,12.4894,10.2287,1,1,0,0,0,0
1080,5,candidate,414,1280,720,1920,1080,11.0592,12.194,9.68397,1,1,0,0,0,0
1080,5,candidate,415,1280,720,1920,1080,11.4176,12.37,10.0434,1,1,0,0,0,0
1080,5,candidate,416,1280,720,1920,1080,11.2364,12.1706,9.86214,1,1,0,0,0,0
1080,5,candidate,417,1280,720,1920,1080,11.3664,12.2916,9.99117,1,1,0,0,0,0
1080,5,candidate,418,1280,720,1920,1080,11.2466,12.1732,9.86829,1,1,0,0,0,0
1080,5,candidate,419,1280,720,1920,1080,11.4862,12.4339,9.86112,1,1,0,0,0,0
1080,5,candidate,420,1280,720,1920,1080,11.2701,12.2197,9.89594,1,1,0,0,0,0
1080,5,candidate,421,1280,720,1920,1080,11.4985,12.5861,9.8775,1,1,0,0,0,0
1080,5,candidate,422,1280,720,1920,1080,11.4442,12.5138,9.82118,1,1,0,0,0,0
1080,5,candidate,423,1280,720,1920,1080,11.4719,12.4675,9.8519,1,1,0,0,0,0
1080,5,candidate,424,1280,720,1920,1080,11.2374,12.3522,9.86214,1,1,0,0,0,0
1080,5,candidate,425,1280,720,1920,1080,11.4432,12.4017,9.81914,1,1,0,0,0,0
1080,5,candidate,426,1280,720,1920,1080,11.4719,12.5996,9.84986,1,1,0,0,0,0
1080,5,candidate,427,1280,720,1920,1080,11.5087,12.5174,9.87443,1,1,0,0,0,0
1080,5,candidate,428,1280,720,1920,1080,11.4668,12.5078,9.84166,1,1,0,0,0,0
1080,5,candidate,429,1280,720,1920,1080,11.6019,12.7736,9.97786,1,1,0,0,0,0
1080,5,candidate,430,1280,720,1920,1080,11.4493,12.5842,9.82426,1,1,0,0,0,0
1080,5,candidate,431,1280,720,1920,1080,11.2722,12.1703,9.89798,1,1,0,0,0,0
1080,5,candidate,432,1280,720,1920,1080,11.1974,12.1707,9.82426,1,1,0,0,0,0
1080,5,candidate,433,1280,720,1920,1080,11.2712,12.214,9.89594,1,1,0,0,0,0
1080,5,candidate,434,1280,720,1920,1080,11.3613,12.311,9.81299,1,1,0,0,0,0
1080,5,candidate,435,1280,720,1920,1080,11.3316,12.276,9.95635,1,1,0,0,0,0
1080,5,candidate,436,1280,720,1920,1080,11.3265,12.2539,9.67987,1,1,0,0,0,0
1080,5,candidate,437,1280,720,1920,1080,11.1729,12.4674,9.79968,1,1,0,0,0,0
1080,5,candidate,438,1280,720,1920,1080,10.0383,11.0813,8.66509,1,1,0,0,0,0
1080,5,candidate,439,1280,720,1920,1080,10.6762,11.7137,8.03123,1,1,0,0,0,0
1080,5,candidate,440,1280,720,1920,1080,11.1155,12.1036,9.73926,1,1,0,0,0,0
1080,5,candidate,441,1280,720,1920,1080,11.5149,12.3735,10.1407,1,1,0,0,0,0
1080,5,candidate,442,1280,720,1920,1080,11.3787,12.3489,9.71469,1,1,0,0,0,0
1080,5,candidate,443,1280,720,1920,1080,11.2906,12.3491,9.91437,1,1,0,0,0,0
1080,5,candidate,444,1280,720,1920,1080,11.3142,12.2429,9.93894,1,1,0,0,0,0
1080,5,candidate,445,1280,720,1920,1080,11.5753,12.5211,9.9113,1,1,0,0,0,0
1080,5,candidate,446,1280,720,1920,1080,11.4094,12.363,9.8519,1,1,0,0,0,0
1080,5,candidate,447,1280,720,1920,1080,11.4227,12.4657,10.0485,1,1,0,0,0,0
1080,5,candidate,448,1280,720,1920,1080,11.5087,12.4857,9.86931,1,1,0,0,0,0
1080,5,candidate,449,1280,720,1920,1080,11.2599,12.2559,9.63277,1,1,0,0,0,0
1080,5,candidate,450,1280,720,1920,1080,11.4534,12.4245,9.8089,1,1,0,0,0,0
1080,5,candidate,451,1280,720,1920,1080,11.3439,12.3047,9.69011,1,1,0,0,0,0
1080,5,candidate,452,1280,720,1920,1080,11.4289,12.431,9.79661,1,1,0,0,0,0
1080,5,candidate,453,1280,720,1920,1080,11.2916,12.234,9.64403,1,1,0,0,0,0
1080,5,candidate,454,1280,720,1920,1080,11.2886,12.2716,9.64915,1,1,0,0,0,0
1080,5,candidate,455,1280,720,1920,1080,11.2712,12.7514,9.89696,1,1,0,0,0,0
1080,5,candidate,456,1280,720,1920,1080,11.4627,12.7822,9.81402,1,1,0,0,0,0
1080,5,candidate,457,1280,720,1920,1080,11.2916,12.238,9.65427,1,1,0,0,0,0
1080,5,candidate,458,1280,720,1920,1080,11.3695,12.3293,9.70445,1,1,0,0,0,0
1080,5,candidate,459,1280,720,1920,1080,11.2742,12.274,9.63584,1,1,0,0,0,0
1080,5,candidate,460,1280,720,1920,1080,11.349,12.3604,8.7296,1,1,0,0,0,0
1080,5,candidate,461,1280,720,1920,1080,11.4924,12.457,9.84269,1,1,0,0,0,0
1080,5,candidate,462,1280,720,1920,1080,11.2261,12.4837,9.8519,1,1,0,0,0,0
1080,5,candidate,463,1280,720,1920,1080,11.3787,12.6736,9.75974,1,1,0,0,0,0
1080,5,candidate,464,1280,720,1920,1080,11.262,12.7043,9.88672,1,1,0,0,0,0
1080,5,candidate,465,1280,720,1920,1080,11.1995,12.2821,9.64301,1,1,0,0,0,0
1080,5,candidate,466,1280,720,1920,1080,11.2916,12.4624,9.6809,1,1,0,0,0,0
1080,5,candidate,467,1280,720,1920,1080,11.3172,12.2809,9.6727,1,1,0,0,0,0
1080,5,candidate,468,1280,720,1920,1080,11.7309,12.811,10.0844,1,1,0,0,0,0
1080,5,candidate,469,1280,720,1920,1080,11.3705,12.6228,9.99424,1,1,0,0,0,0
1080,5,candidate,470,1280,720,1920,1080,11.0705,12.1817,9.69626,1,1,0,0,0,0
1080,5,candidate,471,1280,720,1920,1080,11.1667,12.1791,9.79354,1,1,0,0,0,0
1080,5,candidate,472,1280,720,1920,1080,11.3142,12.281,9.93792,1,1,0,0,0,0
1080,5,candidate,473,1280,720,1920,1080,11.2312,12.316,9.85498,1,1,0,0,0,0
1080,5,candidate,474,1280,720,1920,1080,11.223,12.104,9.84781,1,1,0,0,0,0
1080,5,candidate,475,1280,720,1920,1080,11.3039,12.2607,9.92973,1,1,0,0,0,0
1080,5,candidate,476,1280,720,1920,1080,11.1974,12.2993,9.82221,1,1,0,0,0,0
1080,5,candidate,477,1280,720,1920,1080,11.4749,12.4282,10.0977,1,1,0,0,0,0
1080,5,candidate,478,1280,720,1920,1080,10.9793,12.1729,9.60307,1,1,0,0,0,0
1080,5,candidate,479,1280,720,1920,1080,11.1739,12.4097,9.77715,1,1,0,0,0,0
1080,5,candidate,480,1280,720,1920,1080,11.4903,12.4221,9.83654,1,1,0,0,0,0
1080,5,candidate,481,1280,720,1920,1080,11.3684,12.2741,9.99322,1,1,0,0,0,0
1080,5,candidate,482,1280,720,1920,1080,11.2456,12.2461,9.86522,1,1,0,0,0,0
1080,5,candidate,483,1280,720,1920,1080,11.522,12.5243,10.1468,1,1,0,0,0,0
1080,5,candidate,484,1280,720,1920,1080,11.4862,12.4658,10.1089,1,1,0,0,0,0
1080,5,candidate,485,1280,720,1920,1080,11.5036,12.4471,10.1294,1,1,0,0,0,0
1080,5,candidate,486,1280,720,1920,1080,11.4596,12.3894,10.0844,1,1,0,0,0,0
1080,5,candidate,487,1280,720,1920,1080,11.0244,12.216,9.64608,1,1,0,0,0,0
1080,5,candidate,488,1280,720,1920,1080,11.3254,12.4509,9.95123,1,1,0,0,0,0
1080,5,candidate,489,1280,720,1920,1080,11.2876,12.2733,9.9113,1,1,0,0,0,0
1080,5,candidate,490,1280,720,1920,1080,11.305,12.2246,9.92768,1,1,0,0,0,0
1080,5,candidate,491,1280,720,1920,1080,11.4883,12.5381,9.83552,1,1,0,0,0,0
1080,5,candidate,492,1280,720,1920,1080,9.89901,10.8175,8.5248,1,1,0,0,0,0
1080,5,candidate,493,1280,720,1920,1080,11.2712,13.3265,8.58419,1,1,0,0,0,0
1080,5,candidate,494,1280,720,1920,1080,9.73312,10.6129,8.35891,1,1,0,0,0,0
1080,5,candidate,495,1280,720,1920,1080,11.0838,13.0006,9.69626,1,1,0,0,0,0
1080,5,candidate,496,1280,720,1920,1080,11.0152,12.0959,9.63891,1,1,0,0,0,0
1080,5,candidate,497,1280,720,1920,1080,11.3674,12.4441,9.99322,1,1,0,0,0,0
1080,5,candidate,498,1280,720,1920,1080,11.0684,12.2357,9.68294,1,1,0,0,0,0
1080,5,candidate,499,1280,720,1920,1080,10.9558,12.2158,8.31283,1,1,0,0,0,0
1080,5,candidate,500,1280,720,1920,1080,11.2855,12.3032,9.91027,1,1,0,0,0,0
1080,5,candidate,501,1280,720,1920,1080,11.2435,12.1676,9.87034,1,1,0,0,0,0
1080,5,candidate,502,1280,720,1920,1080,11.8661,12.8768,10.2226,1,1,0,0,0,0
1080,5,candidate,503,1280,720,1920,1080,11.4934,12.4474,10.1212,1,1,0,0,0,0
1080,5,candidate,504,1280,720,1920,1080,11.4913,12.4143,10.113,1,1,0,0,0,0
1080,5,candidate,505,1280,720,1920,1080,11.5651,12.5122,10.1898,1,1,0,0,0,0
1080,5,candidate,506,1280,720,1920,1080,11.5364,12.6475,10.1612,1,1,0,0,0,0
1080,5,candidate,507,1280,720,1920,1080,11.2568,12.2661,9.88262,1,1,0,0,0,0
1080,5,candidate,508,1280,720,1920,1080,11.4452,12.3773,10.071,1,1,0,0,0,0
1080,5,candidate,509,1280,720,1920,1080,11.5517,12.4721,10.1745,1,1,0,0,0,0
1080,5,candidate,510,1280,720,1920,1080,11.2435,12.1774,9.86726,1,1,0,0,0,0
1080,5,candidate,511,1280,720,1920,1080,11.2712,12.2438,9.89594,1,1,0,0,0,0
1080,5,candidate,512,1280,720,1920,1080,11.1954,12.2196,9.82016,1,1,0,0,0,0
1080,5,candidate,513,1280,720,1920,1080,11.2333,12.4322,8.56474,1,1,0,0,0,0
1080,5,candidate,514,1280,720,1920,1080,11.2005,12.1959,9.82426,1,1,0,0,0,0
1080,5,candidate,515,1280,720,1920,1080,10.9978,12.1256,9.62355,1,1,0,0,0,0
1080,5,candidate,516,1280,720,1920,1080,11.4104,12.2941,9.77408,1,1,0,0,0,0
1080,5,candidate,517,1280,720,1920,1080,11.2753,12.256,9.63686,1,1,0,0,0,0
1080,5,candidate,518,1280,720,1920,1080,11.2292,12.4004,9.85293,1,1,0,0,0,0
1080,5,candidate,519,1280,720,1920,1080,11.4432,12.498,10.07,1,1,0,0,0,0
1080,5,candidate,520,1280,720,1920,1080,11.2824,12.6341,9.90822,1,1,0,0,0,0
1080,5,candidate,521,1280,720,1920,1080,11.4381,12.6023,10.0639,1,1,0,0,0,0
1080,5,candidate,522,1280,720,1920,1080,11.9378,12.9195,10.5533,1,1,0,0,0,0
1080,5,candidate,523,1280,720,1920,1080,11.5272,12.7319,9.88365,1,1,0,0,0,0
1080,5,candidate,524,1280,720,1920,1080,11.4739,12.3899,9.83654,1,1,0,0,0,0
1080,5,candidate,525,1280,720,1920,1080,11.3828,12.5655,9.71264,1,1,0,0,0,0
1080,5,candidate,526,1280,720,1920,1080,11.9071,13.1252,10.2625,1,1,0,0,0,0
1080,5,candidate,527,1280,720,1920,1080,11.4565,12.5025,10.0854,1,1,0,0,0,0
1080,5,candidate,528,1280,720,1920,1080,11.5036,12.6344,10.1284,1,1,0,0,0,0
1080,5,candidate,529,1280,720,1920,1080,11.4944,12.5108,10.1212,1,1,0,0,0,0
1080,5,candidate,530,1280,720,1920,1080,11.4196,12.3783,10.0444,1,1,0,0,0,0
1080,5,candidate,531,1280,720,1920,1080,11.4473,12.4393,10.071,1,1,0,0,0,0
1080,5,candidate,532,1280,720,1920,1080,11.2486,12.2556,9.87238,1,1,0,0,0,0
1080,5,candidate,533,1280,720,1920,1080,11.4944,12.4936,9.84986,1,1,0,0,0,0
1080,5,candidate,534,1280,720,1920,1080,11.3213,12.4617,9.94406,1,1,0,0,0,0
1080,5,candidate,535,1280,720,1920,1080,11.5026,12.4624,9.85395,1,1,0,0,0,0
1080,5,candidate,536,1280,720,1920,1080,11.4749,12.526,9.83347,1,1,0,0,0,0
1080,5,candidate,537,1280,720,1920,1080,11.263,12.2074,9.88979,1,1,0,0,0,0
1080,5,candidate,538,1280,720,1920,1080,11.4801,12.5382,9.84166,1,1,0,0,0,0
1080,5,candidate,539,1280,720,1920,1080,11.4719,12.4791,9.83654,1,1,0,0,0,0
1080,5,candidate,540,1280,720,1920,1080,11.5159,12.4531,9.86829,1,1,0,0,0,0
1080,5,candidate,541,1280,720,1920,1080,11.5016,12.6276,9.85805,1,1,0,0,0,0
1080,5,candidate,542,1280,720,1920,1080,11.5036,12.5031,9.86829,1,1,0,0,0,0
1080,5,candidate,543,1280,720,1920,1080,11.265,12.3772,9.8857,1,1,0,0,0,0
1080,5,candidate,544,1280,720,1920,1080,11.2548,12.2513,9.8816,1,1,0,0,0,0
1080,5,candidate,545,1280,720,1920,1080,11.4483,12.4214,9.81606,1,1,0,0,0,0
1080,5,candidate,546,1280,720,1920,1080,11.435,12.505,9.79661,1,1,0,0,0,0
1080,5,candidate,547,1280,720,1920,1080,11.4463,12.5307,9.8089,1,1,0,0,0,0
1080,5,candidate,548,1280,720,1920,1080,11.5374,12.6976,9.89184,1,1,0,0,0,0
1080,5,candidate,549,1280,720,1920,1080,11.4555,12.405,9.81914,1,1,0,0,0,0
1080,5,candidate,550,1280,720,1920,1080,11.2701,12.1922,9.89491,1,1,0,0,0,0
1080,5,candidate,551,1280,720,1920,1080,11.4698,12.5309,9.8089,1,1,0,0,0,0
1080,5,candidate,552,1280,720,1920,1080,11.4289,12.4126,9.78432,1,1,0,0,0,0
1080,5,candidate,553,1280,720,1920,1080,11.4473,12.4997,8.47155,1,1,0,0,0,0
1080,5,candidate,554,1280,720,1920,1080,11.05,12.1147,8.37734,1,1,0,0,0,0
1080,5,candidate,555,1280,720,1920,1080,11.3039,12.1773,9.65222,1,1,0,0,0,0
1080,5,candidate,556,1280,720,1920,1080,10.9445,12.0294,9.5703,1,1,0,0,0,0
1080,5,candidate,557,1280,720,1920,1080,11.3152,12.2501,9.94099,1,1,0,0,0,0
1080,5,candidate,558,1280,720,1920,1080,11.2783,12.3065,9.9031,1,1,0,0,0,0
1080,5,candidate,559,1280,720,1920,1080,11.0612,12.2235,9.68806,1,1,0,0,0,0
1080,5,candidate,560,1280,720,1920,1080,9.76077,10.8018,8.38656,1,1,0,0,0,0
1080,5,candidate,561,1280,720,1920,1080,12.716,13.8465,11.2957,1,1,0,0,0,0
1080,5,candidate,562,1280,720,1920,1080,11.179,12.2141,9.80378,1,1,0,0,0,0
1080,5,candidate,563,1280,720,1920,1080,11.2435,12.2671,9.87136,1,1,0,0,0,0
1080,5,candidate,564,1280,720,1920,1080,11.2108,12.1502,9.83654,1,1,0,0,0,0
1080,5,candidate,565,1280,720,1920,1080,11.307,12.3587,9.9328,1,1,0,0,0,0
1080,5,candidate,566,1280,720,1920,1080,11.2998,12.2841,9.92563,1,1,0,0,0,0
1080,5,candidate,567,1280,720,1920,1080,11.4534,12.5305,10.0792,1,1,0,0,0,0
1080,5,candidate,568,1280,720,1920,1080,11.4371,12.4594,10.0618,1,1,0,0,0,0
1080,5,candidate,569,1280,720,1920,1080,11.434,12.6511,9.88058,1,1,0,0,0,0
1080,5,candidate,570,1280,720,1920,1080,11.2855,12.2577,9.66042,1,1,0,0,0,0
1080,5,candidate,571,1280,720,1920,1080,11.4156,12.3635,10.0413,1,1,0,0,0,0
1080,5,candidate,572,1280,720,1920,1080,11.479,12.3861,10.1038,1,1,0,0,0,0
1080,5,candidate,573,1280,720,1920,1080,11.2589,12.1941,9.88365,1,1,0,0,0,0
1080,5,candidate,574,1280,720,1920,1080,11.2476,12.2438,9.87238,1,1,0,0,0,0
1080,5,candidate,575,1280,720,1920,1080,11.4616,12.4218,9.83245,1,1,0,0,0,0
1080,5,candidate,576,1280,720,1920,1080,11.308,12.2532,9.9328,1,1,0,0,0,0
1080,5,candidate,577,1280,720,1920,1080,11.4862,12.6329,9.86112,1,1,0,0,0,0
1080,5,candidate,578,1280,720,1920,1080,11.4227,12.4144,9.79354,1,1,0,0,0,0
1080,5,candidate,579,1280,720,1920,1080,11.2527,12.1451,9.87648,1,1,0,0,0,0
1080,5,candidate,580,1280,720,1920,1080,11.4033,12.3431,9.77818,1,1,0,0,0,0
1080,5,candidate,581,1280,720,1920,1080,11.4084,12.3561,9.78637,1,1,0,0,0,0
1080,5,candidate,582,1280,720,1920,1080,11.3265,12.2825,9.6983,1,1,0,0,0,0
1080,5,candidate,583,1280,720,1920,1080,11.2865,12.321,9.66656,1,1,0,0,0,0
1080,5,candidate,584,1280,720,1920,1080,11.9562,13.1218,10.5667,1,1,0,0,0,0
1080,5,candidate,585,1280,720,1920,1080,11.4729,12.5474,9.84474,1,1,0,0,0,0
1080,5,candidate,586,1280,720,1920,1080,11.4401,12.4605,9.81606,1,1,0,0,0,0
1080,5,candidate,587,1280,720,1920,1080,11.4678,12.4861,9.83859,1,1,0,0,0,0
1080,5,candidate,588,1280,720,1920,1080,11.4371,12.5786,9.79149,1,1,0,0,0,0
1080,5,candidate,589,1280,720,1920,1080,11.6091,12.5946,10.2318,1,1,0,0,0,0
1080,5,candidate,590,1280,720,1920,1080,11.4401,12.3778,9.79968,1,1,0,0,0,0
1080,5,candidate,591,1280,720,1920,1080,11.266,12.2825,9.89184,1,1,0,0,0,0
1080,5,candidate,592,1280,720,1920,1080,11.4924,12.696,9.85498,1,1,0,0,0,0
1080,5,candidate,593,1280,720,1920,1080,11.5057,12.4966,9.86419,1,1,0,0,0,0
1080,5,candidate,594,1280,720,1920,1080,11.5159,12.6328,9.87136,1,1,0,0,0,0
1080,5,candidate,595,1280,720,1920,1080,11.3418,12.2938,9.96864,1,1,0,0,0,0
1080,5,candidate,596,1280,720,1920,1080,11.394,12.3166,9.74029,1,1,0,0,0,0
1080,5,candidate,597,1280,720,1920,1080,11.2978,12.2756,9.92051,1,1,0,0,0,0
1080,5,candidate,598,1280,720,1920,1080,11.4033,12.3267,9.76691,1,1,0,0,0,0
1080,5,candidate,599,1280,720,1920,1080,11.3439,12.3002,9.69626,1,1,0,0,0,0
1080,5,candidate,600,1280,720,1920,1080,11.3183,12.266,9.6553,1,1,0,0,0,0
1080,5,candidate,601,1280,720,1920,1080,11.2353,12.6658,9.86112,1,1,0,0,0,0
1080,5,candidate,602,1280,720,1920,1080,11.5538,12.6719,9.89696,1,1,0,0,0,0
1080,5,candidate,603,1280,720,1920,1080,11.2742,12.1884,9.60819,1,1,0,0,0,0
1080,5,candidate,604,1280,720,1920,1080,11.2783,12.2764,9.64301,1,1,0,0,0,0
1080,5,candidate,605,1280,720,1920,1080,11.2804,12.2224,9.64198,1,1,0,0,0,0
1080,5,candidate,606,1280,720,1920,1080,11.1811,12.4931,9.80685,1,1,0,0,0,0
1080,5,candidate,607,1280,720,1920,1080,11.2957,12.5615,9.92154,1,1,0,0,0,0
1080,5,candidate,608,1280,720,1920,1080,11.263,12.6317,9.89082,1,1,0,0,0,0
1080,5,candidate,609,1280,720,1920,1080,11.307,12.9699,9.66758,1,1,0,0,0,0
1080,5,candidate,610,1280,720,1920,1080,11.3111,12.4097,9.66758,1,1,0,0,0,0
1080,5,candidate,611,1280,720,1920,1080,11.3797,12.431,9.74336,1,1,0,0,0,0
1080,5,candidate,612,1280,720,1920,1080,11.3664,12.3482,9.69523,1,1,0,0,0,0
1080,5,candidate,613,1280,720,1920,1080,11.221,12.5776,9.84576,1,1,0,0,0,0
1080,5,candidate,614,1280,720,1920,1080,12.0207,13.0857,10.6332,1,1,0,0,0,0
1080,5,candidate,615,1280,720,1920,1080,11.3592,12.3306,9.98605,1,1,0,0,0,0
1080,5,candidate,616,1280,720,1920,1080,11.2712,12.2748,9.89696,1,1,0,0,0,0
1080,5,candidate,617,1280,720,1920,1080,11.2599,12.2376,9.63891,1,1,0,0,0,0
1080,5,candidate,618,1280,720,1920,1080,11.4575,12.6404,9.83347,1,1,0,0,0,0
1080,5,candidate,619,1280,720,1920,1080,11.433,12.4715,9.81299,1,1,0,0,0,0
1080,5,candidate,620,1280,720,1920,1080,11.3981,12.3635,9.77613,1,1,0,0,0,0
1080,5,candidate,621,1280,720,1920,1080,11.2456,12.1687,9.62253,1,1,0,0,0,0
1080,5,candidate,622,1280,720,1920,1080,11.2599,12.1831,9.63584,1,1,0,0,0,0
1080,5,candidate,623,1280,720,1920,1080,11.2527,12.3462,9.63379,1,1,0,0,0,0
1080,5,candidate,624,1280,720,1920,1080,11.5118,12.4672,9.89901,1,1,0,0,0,0
1080,5,candidate,625,1280,720,1920,1080,11.392,12.5048,9.84166,1,1,0,0,0,0
1080,5,candidate,626,1280,720,1920,1080,11.5907,12.5991,10.2154,1,1,0,0,0,0
1080,5,candidate,627,1280,720,1920,1080,11.2026,12.4156,9.82938,1,1,0,0,0,0
1080,5,candidate,628,1280,720,1920,1080,11.1217,12.3601,9.74746,1,1,0,0,0,0
1080,5,candidate,629,1280,720,1920,1080,11.1821,12.1222,9.8048,1,1,0,0,0,0
1080,5,candidate,630,1280,720,1920,1080,11.5098,12.7152,10.1345,1,1,0,0,0,0
1080,5,candidate,631,1280,720,1920,1080,11.2261,12.4967,9.85293,1,1,0,0,0,0
1080,5,candidate,632,1280,720,1920,1080,11.1882,12.5137,9.81402,1,1,0,0,0,0
1080,5,candidate,633,1280,720,1920,1080,11.2138,12.6055,9.84064,1,1,0,0,0,0
1080,5,candidate,634,1280,720,1920,1080,11.2404,12.5064,9.86931,1,1,0,0,0,0
1080,5,candidate,635,1280,720,1920,1080,10.8831,11.9839,9.51194,1,1,0,0,0,0
1080,5,candidate,636,1280,720,1920,1080,11.2128,12.1693,9.83859,1,1,0,0,0,0
1080,5,candidate,637,1280,720,1920,1080,11.3838,12.3787,9.75974,1,1,0,0,0,0
1080,5,candidate,638,1280,720,1920,1080,11.0182,12.195,9.64608,1,1,0,0,0,0
1080,5,candidate,639,1280,720,1920,1080,9.95123,10.9432,8.58112,1,1,0,0,0,0
1080,5,candidate,640,1280,720,1920,1080,10.7407,13.1063,9.35322,1,1,0,0,0,0
1080,5,candidate,641,1280,720,1920,1080,11.2435,12.297,9.856,1,1,0,0,0,0
1080,5,candidate,642,1280,720,1920,1080,11.4565,12.4201,10.0844,1,1,0,0,0,0
1080,5,candidate,643,1280,720,1920,1080,11.3398,12.3158,9.96147,1,1,0,0,0,0
1080,5,candidate,644,1280,720,1920,1080,11.4268,12.4398,10.0526,1,1,0,0,0,0
1080,5,candidate,645,1280,720,1920,1080,11.52,12.898,10.1448,1,1,0,0,0,0
1080,5,candidate,646,1280,720,1920,1080,11.4452,12.5232,10.071,1,1,0,0,0,0
1080,5,candidate,647,1280,720,1920,1080,11.2845,12.3392,9.91334,1,1,0,0,0,0
1080,5,candidate,648,1280,720,1920,1080,11.4104,12.4925,10.0372,1,1,0,0,0,0
1080,5,candidate,649,1280,720,1920,1080,11.3848,12.37,10.0106,1,1,0,0,0,0
1080,5,candidate,650,1280,720,1920,1080,11.4401,12.395,9.80582,1,1,0,0,0,0
1080,5,candidate,651,1280,720,1920,1080,11.4432,12.3313,10.0669,1,1,0,0,0,0
1080,5,candidate,652,1280,720,1920,1080,11.3019,12.2913,9.92666,1,1,0,0,0,0
1080,5,candidate,653,1280,720,1920,1080,11.2445,12.195,9.87238,1,1,0,0,0,0
1080,5,candidate,654,1280,720,1920,1080,11.4678,12.4893,9.8519,1,1,0,0,0,0
1080,5,candidate,655,1280,720,1920,1080,11.2783,12.2174,9.90413,1,1,0,0,0,0
1080,5,candidate,656,1280,720,1920,1080,11.4524,12.4714,9.81709,1,1,0,0,0,0
1080,5,candidate,657,1280,720,1920,1080,11.4678,12.6746,9.8304,1,1,0,0,0,0
1080,5,candidate,658,1280,720,1920,1080,11.4514,12.5426,9.81709,1,1,0,0,0,0
1080,5,candidate,659,1280,720,1920,1080,11.2896,12.3667,9.91539,1,1,0,0,0,0
1080,5,candidate,660,1280,720,1920,1080,11.2476,12.2735,9.87341,1,1,0,0,0,0
1080,5,candidate,661,1280,720,1920,1080,11.4371,12.4322,9.79558,1,1,0,0,0,0
1080,5,candidate,662,1280,720,1920,1080,9.89491,10.8705,8.5248,1,1,0,0,0,0
1080,5,candidate,663,1280,720,1920,1080,12.3873,13.3984,10.9937,1,1,0,0,0,0
1080,5,candidate,664,1280,720,1920,1080,11.3541,12.2359,9.80685,1,1,0,0,0,0
1080,5,candidate,665,1280,720,1920,1080,11.2589,12.3608,9.88774,1,1,0,0,0,0
1080,5,candidate,666,1280,720,1920,1080,11.0848,12.3116,9.71162,1,1,0,0,0,0
1080,5,candidate,667,1280,720,1920,1080,11.0746,12.5096,9.70138,1,1,0,0,0,0
1080,5,candidate,668,1280,720,1920,1080,11.2783,12.5181,9.90413,1,1,0,0,0,0
1080,5,candidate,669,1280,720,1920,1080,10.9998,12.3627,9.62867,1,1,0,0,0,0
1080,5,candidate,670,1280,720,1920,1080,11.1483,12.3973,9.77715,1,1,0,0,0,0
1080,5,candidate,671,1280,720,1920,1080,11.3756,12.5311,8.72141,1,1,0,0,0,0
1080,5,candidate,672,1280,720,1920,1080,9.7792,10.8287,8.40806,1,1,0,0,0,0
1080,5,candidate,673,1280,720,1920,1080,12.3781,13.3348,10.0977,1,1,0,0,0,0
1080,5,candidate,674,1280,720,1920,1080,11.5599,12.5488,9.91846,1,1,0,0,0,0
1080,5,candidate,675,1280,720,1920,1080,11.221,12.3153,9.84781,1,1,0,0,0,0
1080,5,candidate,676,1280,720,1920,1080,9.7577,10.698,8.38656,1,1,0,0,0,0
1080,5,candidate,677,1280,720,1920,1080,12.8768,13.8569,10.583,1,1,0,0,0,0
1080,5,candidate,678,1280,720,1920,1080,10.9373,12.0795,9.56518,1,1,0,0,0,0
1080,5,candidate,679,1280,720,1920,1080,11.4524,12.4345,10.0823,1,1,0,0,0,0
1080,5,candidate,680,1280,720,1920,1080,11.2916,12.2288,9.91846,1,1,0,0,0,0
1080,5,candidate,681,1280,720,1920,1080,11.436,12.373,10.0639,1,1,0,0,0,0
1080,5,candidate,682,1280,720,1920,1080,11.39,12.4467,10.0157,1,1,0,0,0,0
1080,5,candidate,683,1280,720,1920,1080,11.4115,12.4183,10.0393,1,1,0,0,0,0
1080,5,candidate,684,1280,720,1920,1080,11.3582,12.4096,9.98502,1,1,0,0,0,0
1080,5,candidate,685,1280,720,1920,1080,11.2179,12.21,9.84474,1,1,0,0,0,0
1080,5,candidate,686,1280,720,1920,1080,11.3398,12.5227,9.9625,1,1,0,0,0,0
1080,5,candidate,687,1280,720,1920,1080,11.4381,12.4482,9.81709,1,1,0,0,0,0
1080,5,candidate,688,1280,720,1920,1080,11.2343,12.1531,9.86214,1,1,0,0,0,0
1080,5,candidate,689,1280,720,1920,1080,11.4463,12.3493,9.81709,1,1,0,0,0,0
1080,5,candidate,690,1280,720,1920,1080,11.4852,12.4526,9.84883,1,1,0,0,0,0
1080,5,candidate,691,1280,720,1920,1080,11.5108,12.4334,9.88058,1,1,0,0,0,0
1080,5,candidate,692,1280,720,1920,1080,11.3828,12.3383,9.76282,1,1,0,0,0,0
1080,5,candidate,693,1280,720,1920,1080,11.4903,12.9517,9.86214,1,1,0,0,0,0
1080,5,candidate,694,1280,720,1920,1080,11.3285,12.3256,9.6727,1,1,0,0,0,0
1080,5,candidate,695,1280,720,1920,1080,11.3203,12.265,9.94918,1,1,0,0,0,0
1080,5,candidate,696,1280,720,1920,1080,11.4811,12.5193,9.83347,1,1,0,0,0,0
1080,5,candidate,697,1280,720,1920,1080,11.1872,12.2384,9.79763,1,1,0,0,0,0
1080,5,candidate,698,1280,720,1920,1080,11.8927,12.8864,10.2656,1,1,0,0,0,0
1080,5,candidate,699,1280,720,1920,1080,11.4299,12.3788,9.76794,1,1,0,0,0,0
1080,5,candidate,700,1280,720,1920,1080,11.5538,12.4549,9.90413,1,1,0,0,0,0
1080,5,candidate,701,1280,720,1920,1080,9.92666,10.8777,8.5545,1,1,0,0,0,0
1080,5,candidate,702,1280,720,1920,1080,12.3709,13.407,10.9548,1,1,0,0,0,0
1080,5,candidate,703,1280,720,1920,1080,11.4237,12.4833,9.79763,1,1,0,0,0,0
1080,5,candidate,704,1280,720,1920,1080,11.2876,12.2853,9.6512,1,1,0,0,0,0
1080,5,candidate,705,1280,720,1920,1080,11.1852,12.4615,9.81299,1,1,0,0,0,0
1080,5,candidate,706,1280,720,1920,1080,11.4575,12.4802,9.81914,1,1,0,0,0,0
1080,5,candidate,707,1280,720,1920,1080,10.1253,11.141,8.7552,1,1,0,0,0,0
1080,5,candidate,708,1280,720,1920,1080,12.3802,13.3969,10.9588,1,1,0,0,0,0
1080,5,candidate,709,1280,720,1920,1080,11.6869,12.7209,10.1376,1,1,0,0,0,0
1080,5,candidate,710,1280,720,1920,1080,11.2312,12.2155,9.8601,1,1,0,0,0,0
1080,5,candidate,711,1280,720,1920,1080,10.8349,12.0005,9.46278,1,1,0,0,0,0
1080,5,candidate,712,1280,720,1920,1080,11.2927,12.1442,9.91949,1,1,0,0,0,0
1080,5,candidate,713,1280,720,1920,1080,11.2957,12.3415,9.92154,1,1,0,0,0,0
1080,5,candidate,714,1280,720,1920,1080,11.0336,12.1428,9.65734,1,1,0,0,0,0
1080,5,candidate,715,1280,720,1920,1080,11.4033,12.4138,10.0291,1,1,0,0,0,0
1080,5,candidate,716,1280,720,1920,1080,11.0213,12.1116,9.6471,1,1,0,0,0,0
1080,5,candidate,717,1280,720,1920,1080,11.4995,12.3389,9.84883,1,1,0,0,0,0
1080,5,candidate,718,1280,720,1920,1080,11.2589,12.2613,9.69626,1,1,0,0,0,0
1080,5,candidate,719,1280,720,1920,1080,11.8026,12.7368,10.1765,1,1,0,0,0,0
1080,5,candidate,720,1280,720,1920,1080,11.3879,12.2723,10.0178,1,1,0,0,0,0
1080,5,candidate,721,1280,720,1920,1080,11.2835,12.2003,9.9113,1,1,0,0,0,0
1080,5,candidate,722,1280,720,1920,1080,11.263,12.3413,9.88877,1,1,0,0,0,0
1080,5,candidate,723,1280,720,1920,1080,11.4534,12.5096,9.82016,1,1,0,0,0,0
1080,5,candidate,724,1280,720,1920,1080,11.2712,12.2862,9.89594,1,1,0,0,0,0
1080,5,candidate,725,1280,720,1920,1080,12.1989,13.1456,10.8196,1,1,0,0,0,0
1080,5,candidate,726,1280,720,1920,1080,11.4545,12.4491,10.0813,1,1,0,0,0,0
1080,5,candidate,727,1280,720,1920,1080,11.3531,12.3831,9.9799,1,1,0,0,0,0
1080,5,candidate,728,1280,720,1920,1080,11.4207,12.3998,10.0465,1,1,0,0,0,0
1080,5,candidate,729,1280,720,1920,1080,11.4094,12.4623,10.0352,1,1,0,0,0,0
1080,5,candidate,730,1280,720,1920,1080,11.305,12.2606,9.93382,1,1,0,0,0,0
1080,5,candidate,731,1280,720,1920,1080,11.2589,12.4356,9.8857,1,1,0,0,0,0
1080,5,candidate,732,1280,720,1920,1080,11.2906,12.2838,9.91846,1,1,0,0,0,0
1080,5,candidate,733,1280,720,1920,1080,11.4473,12.342,9.8263,1,1,0,0,0,0
1080,5,candidate,734,1280,720,1920,1080,11.4268,12.3793,9.8048,1,1,0,0,0,0
1080,5,candidate,735,1280,720,1920,1080,11.5436,12.6721,9.92256,1,1,0,0,0,0
1080,5,candidate,736,1280,720,1920,1080,11.4975,12.5527,9.8775,1,1,0,0,0,0
1080,5,candidate,737,1280,720,1920,1080,11.4883,12.4678,9.84166,1,1,0,0,0,0
1080,5,candidate,738,1280,720,1920,1080,11.3797,12.3041,9.7577,1,1,0,0,0,0
1080,5,candidate,739,1280,720,1920,1080,11.436,12.3676,9.81606,1,1,0,0,0,0
1080,5,candidate,740,1280,720,1920,1080,11.4299,12.5165,9.80787,1,1,0,0,0,0
1080,5,candidate,741,1280,720,1920,1080,11.4033,12.4353,9.78227,1,1,0,0,0,0
1080,5,candidate,742,1280,720,1920,1080,11.4268,12.43,9.80685,1,1,0,0,0,0
1080,5,candidate,743,1280,720,1920,1080,11.5302,12.6532,9.89491,1,1,0,0,0,0
1080,5,candidate,744,1280,720,1920,1080,11.4258,12.4291,9.79354,1,1,0,0,0,0
1080,5,candidate,745,1280,720,1920,1080,11.4432,12.4799,9.80992,1,1,0,0,0,0
1080,5,candidate,746,1280,720,1920,1080,11.3859,12.4446,9.7536,1,1,0,0,0,0
1080,5,candidate,747,1280,720,1920,1080,11.2998,12.2713,9.66042,1,1,0,0,0,0
1080,5,candidate,748,1280,720,1920,1080,11.3285,12.3307,9.68397,1,1,0,0,0,0
1080,5,candidate,749,1280,720,1920,1080,11.3142,12.334,9.6809,1,1,0,0,0,0
1080,5,candidate,750,1280,720,1920,1080,11.2179,12.7616,9.84781,1,1,0,0,0,0
1080,5,candidate,751,1280,720,1920,1080,11.2415,12.2978,9.60102,1,1,0,0,0,0
1080,5,candidate,752,1280,720,1920,1080,11.2916,12.3139,9.6553,1,1,0,0,0,0
1080,5,candidate,753,1280,720,1920,1080,11.1759,12.4432,9.80275,1,1,0,0,0,0
1080,5,candidate,754,1280,720,1920,1080,11.266,12.4547,9.6041,1,1,0,0,0,0
1080,5,candidate,755,1280,720,1920,1080,11.1503,12.3855,9.77818,1,1,0,0,0,0
1080,5,candidate,756,1280,720,1920,1080,11.9439,13.1136,10.5574,1,1,0,0,0,0
1080,5,candidate,757,1280,720,1920,1080,11.4278,12.5184,9.79866,1,1,0,0,0,0
1080,5,candidate,758,1280,720,1920,1080,12.0504,13.0838,10.3997,1,1,0,0,0,0
1080,5,candidate,759,1280,720,1920,1080,11.305,12.4101,9.92973,1,1,0,0,0,0
1080,5,candidate,760,1280,720,1920,1080,11.5323,12.5745,9.87341,1,1,0,0,0,0
1080,5,candidate,761,1280,720,1920,1080,11.2916,12.2438,9.91744,1,1,0,0,0,0
1080,5,candidate,762,1280,720,1920,1080,10.8728,11.8698,9.5017,1,1,0,0,0,0
1080,5,candidate,763,1280,720,1920,1080,11.1483,12.2379,8.54938,1,1,0,0,0,0
1080,5,candidate,764,1280,720,1920,1080,11.9542,13.0928,10.581,1,1,0,0,0,0
1080,5,candidate,765,1280,720,1920,1080,11.435,12.4293,10.0608,1,1,0,0,0,0
1080,5,candidate,766,1280,720,1920,1080,9.92256,10.9684,8.5545,1,1,0,0,0,0
1080,5,candidate,767,1280,720,1920,1080,11.1913,12.1213,9.81606,1,1,0,0,0,0
1080,5,candidate,768,1280,720,1920,1080,12.7283,13.834,11.3111,1,1,0,0,0,0
1080,5,candidate,769,1280,720,1920,1080,11.0858,12.2586,9.71469,1,1,0,0,0,0
1080,5,candidate,770,1280,720,1920,1080,11.3019,12.2021,9.6471,1,1,0,0,0,0
1080,5,candidate,771,1280,720,1920,1080,11.2138,12.4438,9.84064,1,1,0,0,0,0
1080,5,candidate,772,1280,720,1920,1080,11.2681,12.6313,9.89594,1,1,0,0,0,0
1080,5,candidate,773,1280,720,1920,1080,11.265,12.4276,9.62458,1,1,0,0,0,0
1080,5,candidate,774,1280,720,1920,1080,11.3019,12.3085,9.66758,1,1,0,0,0,0
1080,5,candidate,775,1280,720,1920,1080,11.2507,12.5608,9.87955,1,1,0,0,0,0
1080,5,candidate,776,1280,720,1920,1080,11.266,12.6741,9.89389,1,1,0,0,0,0
1080,5,candidate,777,1280,720,1920,1080,11.223,12.3742,9.84986,1,1,0,0,0,0
1080,5,candidate,778,1280,720,1920,1080,11.2425,12.1664,9.87136,1,1,0,0,0,0
1080,5,candidate,779,1280,720,1920,1080,11.2148,12.4084,9.84064,1,1,0,0,0,0
1080,5,candidate,780,1280,720,1920,1080,11.3848,12.4991,10.0116,1,1,0,0,0,0
1080,5,candidate,781,1280,720,1920,1080,11.2292,12.2501,9.85702,1,1,0,0,0,0
1080,5,candidate,782,1280,720,1920,1080,11.0971,12.2388,9.7239,1,1,0,0,0,0
1080,5,candidate,783,1280,720,1920,1080,11.4708,12.4292,10.0946,1,1,0,0,0,0
1080,5,candidate,784,1280,720,1920,1080,11.2138,12.2827,9.83757,1,1,0,0,0,0
1080,5,candidate,785,1280,720,1920,1080,11.3091,12.2033,9.93485,1,1,0,0,0,0
1080,5,candidate,786,1280,720,1920,1080,9.68499,10.5751,8.31488,1,1,0,0,0,0
1080,5,candidate,787,1280,720,1920,1080,11.4698,12.3503,10.0987,1,1,0,0,0,0
1080,5,candidate,788,1280,720,1920,1080,12.8072,13.8886,11.1759,1,1,0,0,0,0
1080,5,candidate,789,1280,720,1920,1080,12.4723,13.4536,10.8595,1,1,0,0,0,0
1080,5,candidate,790,1280,720,1920,1080,11.6849,13.6567,10.3137,1,1,0,0,0,0
1080,5,candidate,791,1280,720,1920,1080,11.2568,12.5187,9.88058,1,1,0,0,0,0
1080,5,candidate,792,1280,720,1920,1080,11.178,12.1858,9.8048,1,1,0,0,0,0
1080,5,candidate,793,1280,720,1920,1080,11.1974,12.0841,9.82426,1,1,0,0,0,0
1080,5,candidate,794,1280,720,1920,1080,11.2712,12.2544,9.89901,1,1,0,0,0,0
1080,5,candidate,795,1280,720,1920,1080,9.97069,10.8806,8.59648,1,1,0,0,0,0
1080,5,candidate,796,1280,720,1920,1080,10.8585,13.2048,9.47098,1,1,0,0,0,0
1080,5,candidate,797,1280,720,1920,1080,11.6634,12.5447,10.2113,1,1,0,0,0,0
1080,5,candidate,798,1280,720,1920,1080,11.0029,12.1994,9.62765,1,1,0,0,0,0
1080,5,candidate,799,1280,720,1920,1080,10.9998,12.0561,9.61126,1,1,0,0,0,0
1080,5,candidate,800,1280,720,1920,1080,11.3224,12.2719,9.95226,1,1,0,0,0,0
1080,5,candidate,801,1280,720,1920,1080,11.393,12.3226,10.0086,1,1,0,0,0,0
1080,5,candidate,802,1280,720,1920,1080,11.1616,12.2387,9.78842,1,1,0,0,0,0
1080,5,candidate,803,1280,720,1920,1080,11.5651,12.4921,9.92973,1,1,0,0,0,0
1080,5,candidate,804,1280,720,1920,1080,11.22,12.2263,9.84781,1,1,0,0,0,0
1080,5,candidate,805,1280,720,1920,1080,9.85702,10.7621,8.48589,1,1,0,0,0,0
1080,5,candidate,806,1280,720,1920,1080,9.42797,10.2785,8.05786,1,1,0,0,0,0
1080,5,candidate,807,1280,720,1920,1080,11.0541,11.8425,9.68192,1,1,0,0,0,0
1080,5,candidate,808,1280,720,1920,1080,9.78227,10.7202,8.40499,1,1,0,0,0,0
1080,5,candidate,809,1280,720,1920,1080,12.5194,13.5259,10.239,1,1,0,0,0,0
1080,5,candidate,810,1280,720,1920,1080,11.0131,12.1537,9.64096,1,1,0,0,0,0
1080,5,candidate,811,1280,720,1920,1080,11.5722,13.2234,9.86419,1,1,0,0,0,0
1080,5,candidate,812,1280,720,1920,1080,11.223,12.3817,9.84986,1,1,0,0,0,0
1080,5,candidate,813,1280,720,1920,1080,11.2353,12.2695,9.60819,1,1,0,0,0,0
1080,5,candidate,814,1280,720,1920,1080,11.2988,12.2431,9.66451,1,1,0,0,0,0
1080,5,candidate,815,1280,720,1920,1080,11.2927,12.5271,9.92154,1,1,0,0,0,0
1080,5,candidate,816,1280,720,1920,1080,11.2691,12.8014,9.89594,1,1,0,0,0,0
1080,5,candidate,817,1280,720,1920,1080,11.2404,12.2336,9.61843,1,1,0,0,0,0
1080,5,candidate,818,1280,720,1920,1080,11.2169,12.7158,9.84269,1,1,0,0,0,0
1080,5,candidate,819,1280,720,1920,1080,11.3039,12.5715,9.75872,1,1,0,0,0,0
1080,5,candidate,820,1280,720,1920,1080,12.2419,13.3217,10.8687,1,1,0,0,0,0
1080,5,candidate,821,1280,720,1920,1080,11.2435,12.2564,9.87136,1,1,0,0,0,0
1080,5,candidate,822,1280,720,1920,1080,11.9736,13.2097,10.3281,1,1,0,0,0,0
1080,5,candidate,823,1280,720,1920,1080,11.5046,12.5303,10.1304,1,1,0,0,0,0
1080,5,candidate,824,1280,720,1920,1080,11.5057,12.5118,10.1325,1,1,0,0,0,0
1080,5,candidate,825,1280,720,1920,1080,11.4442,12.3638,10.0669,1,1,0,0,0,0
1080,5,candidate,826,1280,720,1920,1080,11.4156,12.3904,10.0434,1,1,0,0,0,0
1080,5,candidate,827,1280,720,1920,1080,11.391,12.3257,10.0198,1,1,0,0,0,0
1080,5,candidate,828,1280,720,1920,1080,11.2773,12.261,9.90106,1,1,0,0,0,0
1080,5,candidate,829,1280,720,1920,1080,11.2036,12.1652,9.82835,1,1,0,0,0,0
1080,5,candidate,830,1280,720,1920,1080,11.4637,12.5187,9.83552,1,1,0,0,0,0
1080,5,candidate,831,1280,720,1920,1080,11.262,12.331,9.88774,1,1,0,0,0,0
1080,5,candidate,832,1280,720,1920,1080,11.2773,12.3284,9.64198,1,1,0,0,0,0
1080,5,candidate,833,1280,720,1920,1080,11.4432,12.5714,9.80685,1,1,0,0,0,0
1080,5,candidate,834,1280,720,1920,1080,11.2732,12.3163,9.9031,1,1,0,0,0,0
1080,5,candidate,835,1280,720,1920,1080,11.4545,12.6341,9.82118,1,1,0,0,0,0
1080,5,candidate,836,1280,720,1920,1080,11.2835,12.3432,9.91027,1,1,0,0,0,0
1080,5,candidate,837,1280,720,1920,1080,11.4524,12.5184,9.81094,1,1,0,0,0,0
1080,5,candidate,838,1280,720,1920,1080,11.562,12.7846,9.92358,1,1,0,0,0,0
1080,5,candidate,839,1280,720,1920,1080,11.3859,12.4011,9.73824,1,1,0,0,0,0
1080,5,candidate,840,1280,720,1920,1080,11.3203,12.3104,9.94816,1,1,0,0,0,0
1080,5,candidate,841,1280,720,1920,1080,11.3039,12.2361,9.65939,1,1,0,0,0,0
1080,5,candidate,842,1280,720,1920,1080,10.9292,11.961,9.55597,1,1,0,0,0,0
1080,5,candidate,843,1280,720,1920,1080,9.95226,10.9148,8.58317,1,1,0,0,0,0
1080,5,candidate,844,1280,720,1920,1080,9.57235,10.4603,8.20634,1,1,0,0,0,0
1080,5,candidate,845,1280,720,1920,1080,12.8164,13.8799,10.5021,1,1,0,0,0,0
1080,5,candidate,846,1280,720,1920,1080,11.8098,12.8755,10.1509,1,1,0,0,0,0
1080,5,candidate,847,1280,720,1920,1080,11.2988,12.2187,9.92563,1,1,0,0,0,0
1080,5,candidate,848,1280,720,1920,1080,11.0316,12.1865,9.65018,1,1,0,0,0,0
1080,5,candidate,849,1280,720,1920,1080,11.9163,12.7779,10.2851,1,1,0,0,0,0
1080,5,candidate,850,1280,720,1920,1080,11.2323,12.1674,9.61229,1,1,0,0,0,0
1080,5,candidate,851,1280,720,1920,1080,11.392,12.352,9.83347,1,1,0,0,0,0
1080,5,candidate,852,1280,720,1920,1080,11.2783,12.2728,9.90618,1,1,0,0,0,0
1080,5,candidate,853,1280,720,1920,1080,11.5292,12.4707,10.1519,1,1,0,0,0,0
1080,5,candidate,854,1280,720,1920,1080,11.2906,12.2462,9.91539,1,1,0,0,0,0
1080,5,candidate,855,1280,720,1920,1080,11.2445,12.1721,9.87238,1,1,0,0,0,0
1080,5,candidate,856,1280,720,1920,1080,11.3705,12.4155,9.72288,1,1,0,0,0,0
1080,5,candidate,857,1280,720,1920,1080,11.2957,12.3996,9.91949,1,1,0,0,0,0
1080,5,candidate,858,1280,720,1920,1080,11.3388,12.3119,9.6983,1,1,0,0,0,0
1080,5,candidate,859,1280,720,1920,1080,11.2916,12.2638,9.92051,1,1,0,0,0,0
1080,5,candidate,860,1280,720,1920,1080,11.4442,12.3786,9.8048,1,1,0,0,0,0
1080,5,candidate,861,1280,720,1920,1080,11.306,12.3554,9.64915,1,1,0,0,0,0
1080,5,candidate,862,1280,720,1920,1080,11.3244,12.6528,9.66963,1,1,0,0,0,0
1080,5,candidate,863,1280,720,1920,1080,11.2804,12.3439,9.64813,1,1,0,0,0,0
1080,5,candidate,864,1280,720,1920,1080,11.2681,12.272,9.63072,1,1,0,0,0,0
1080,5,candidate,865,1280,720,1920,1080,11.2742,12.2687,9.63482,1,1,0,0,0,0
1080,5,candidate,866,1280,720,1920,1080,11.2077,12.473,9.83347,1,1,0,0,0,0
1080,5,candidate,867,1280,720,1920,1080,11.2681,12.2588,9.6256,1,1,0,0,0,0
1080,5,candidate,868,1280,720,1920,1080,11.1616,12.3446,9.78842,1,1,0,0,0,0
1080,5,candidate,869,1280,720,1920,1080,11.1421,12.6212,9.76998,1,1,0,0,0,0
1080,5,candidate,870,1280,720,1920,1080,11.3019,12.4782,9.92973,1,1,0,0,0,0
1080,5,candidate,871,1280,720,1920,1080,11.2128,12.5503,9.83962,1,1,0,0,0,0
1080,5,candidate,872,1280,720,1920,1080,11.0121,12.2944,9.63686,1,1,0,0,0,0
1080,5,candidate,873,1280,720,1920,1080,11.1933,12.8084,9.81914,1,1,0,0,0,0
1080,5,candidate,874,1280,720,1920,1080,11.1718,12.477,9.8007,1,1,0,0,0,0
1080,5,candidate,875,1280,720,1920,1080,11.2292,12.476,9.85702,1,1,0,0,0,0
1080,5,candidate,876,1280,720,1920,1080,11.2947,12.4148,9.65325,1,1,0,0,0,0
1080,5,candidate,877,1280,720,1920,1080,11.266,12.239,9.63789,1,1,0,0,0,0
1080,5,candidate,878,1280,720,1920,1080,11.2364,12.6448,9.86317,1,1,0,0,0,0
1080,5,candidate,879,1280,720,1920,1080,11.1698,12.301,9.79866,1,1,0,0,0,0
1080,5,candidate,880,1280,720,1920,1080,11.2722,12.2312,9.90003,1,1,0,0,0,0
1080,5,candidate,881,1280,720,1920,1080,11.0049,12.1931,9.63072,1,1,0,0,0,0
1080,5,candidate,882,1280,720,1920,1080,11.3572,12.5178,9.98605,1,1,0,0,0,0
1080,5,candidate,883,1280,720,1920,1080,11.0223,12.4413,9.6512,1,1,0,0,0,0
1080,5,candidate,884,1280,720,1920,1080,11.4432,12.8022,9.79046,1,1,0,0,0,0
1080,5,candidate,885,1280,720,1920,1080,11.1933,12.6138,9.81914,1,1,0,0,0,0
1080,5,candidate,886,1280,720,1920,1080,11.266,12.3074,9.89184,1,1,0,0,0,0
1080,5,candidate,887,1280,720,1920,1080,11.1391,12.4189,9.76589,1,1,0,0,0,0
1080,5,candidate,888,1280,720,1920,1080,11.3009,12.6782,9.92666,1,1,0,0,0,0
1080,5,candidate,889,1280,720,1920,1080,11.3357,12.3929,9.92461,1,1,0,0,0,0
1080,5,candidate,890,1280,720,1920,1080,10.8257,11.8536,9.45152,1,1,0,0,0,0
1080,5,candidate,891,1280,720,1920,1080,11.9173,12.8445,10.5431,1,1,0,0,0,0
1080,5,candidate,892,1280,720,1920,1080,11.0469,12.3619,8.37325,1,1,0,0,0,0
1080,5,candidate,893,1280,720,1920,1080,11.2927,12.4519,9.91744,1,1,0,0,0,0
1080,5,candidate,894,1280,720,1920,1080,13.2813,14.6413,11.8958,1,1,0,0,0,0
1080,5,candidate,895,1280,720,1920,1080,11.4493,12.5739,10.0751,1,1,0,0,0,0
1080,5,candidate,896,1280,720,1920,1080,11.308,12.3835,9.9328,1,1,0,0,0,0
1080,5,candidate,897,1280,720,1920,1080,11.3152,12.2784,9.94099,1,1,0,0,0,0
1080,5,candidate,898,1280,720,1920,1080,11.4606,12.416,10.0864,1,1,0,0,0,0
1080,5,candidate,899,1280,720,1920,1080,11.3101,12.3403,9.93587,1,1,0,0,0,0
1080,5,candidate,900,1280,720,1920,1080,11.4196,12.7234,10.0444,1,1,0,0,0,0
1080,5,candidate,901,1280,720,1920,1080,11.4719,12.5186,10.0946,1,1,0,0,0,0
1080,5,candidate,902,1280,720,1920,1080,11.351,12.6767,9.97683,1,1,0,0,0,0
1080,5,candidate,903,1280,720,1920,1080,11.2159,12.1888,9.84064,1,1,0,0,0,0
1080,5,candidate,904,1280,720,1920,1080,9.91642,10.8506,8.54528,1,1,0,0,0,0
1080,5,candidate,905,1280,720,1920,1080,9.41773,10.3744,8.04045,1,1,0,0,0,0
1080,5,candidate,906,1280,720,1920,1080,9.34093,11.7887,7.96262,1,1,0,0,0,0
1080,5,candidate,907,1280,720,1920,1080,11.4022,12.3405,9.84986,1,1,0,0,0,0
1080,5,candidate,908,1280,720,1920,1080,11.3121,12.3629,9.93894,1,1,0,0,0,0
1080,5,candidate,909,1280,720,1920,1080,11.1892,12.3651,9.81504,1,1,0,0,0,0
1080,5,candidate,910,1280,720,1920,1080,11.5343,12.7855,9.88672,1,1,0,0,0,0
1080,5,candidate,911,1280,720,1920,1080,11.3254,12.3784,9.95021,1,1,0,0,0,0
1080,5,candidate,912,1280,720,1920,1080,12.1846,13.2062,10.8093,1,1,0,0,0,0
1080,5,candidate,913,1280,720,1920,1080,11.4278,12.619,10.0577,1,1,0,0,0,0
1080,5,candidate,914,1280,720,1920,1080,11.222,12.5351,9.84678,1,1,0,0,0,0
1080,5,candidate,915,1280,720,1920,1080,11.2957,12.2536,9.92051,1,1,0,0,0,0
1080,5,candidate,916,1280,720,1920,1080,11.2374,12.2352,9.86214,1,1,0,0,0,0
1080,5,candidate,917,1280,720,1920,1080,11.3285,12.3983,9.95328,1,1,0,0,0,0
1080,5,candidate,918,1280,720,1920,1080,11.4299,12.4537,10.0557,1,1,0,0,0,0
1080,5,candidate,919,1280,720,1920,1080,11.2384,12.3178,9.86419,1,1,0,0,0,0
1080,5,candidate,920,1280,720,1920,1080,11.2599,12.4039,9.88262,1,1,0,0,0,0
1080,5,candidate,921,1280,720,1920,1080,11.9173,12.8752,10.5411,1,1,0,0,0,0
1080,5,candidate,922,1280,720,1920,1080,11.4688,12.5506,10.0946,1,1,0,0,0,0
1080,5,candidate,923,1280,720,1920,1080,11.4545,12.6107,10.0782,1,1,0,0,0,0
1080,5,candidate,924,1280,720,1920,1080,12.0812,13.1179,10.7059,1,1,0,0,0,0
1080,5,candidate,925,1280,720,1920,1080,11.093,12.1895,9.69421,1,1,0,0,0,0
1080,5,candidate,926,1280,720,1920,1080,10.9435,12.1397,9.57133,1,1,0,0,0,0
1080,5,candidate,927,1280,720,1920,1080,11.4975,12.6983,10.1263,1,1,0,0,0,0
1080,5,candidate,928,1280,720,1920,1080,11.2527,12.336,9.62458,1,1,0,0,0,0
1080,5,candidate,929,1280,720,1920,1080,11.2835,12.3096,9.72902,1,1,0,0,0,0
1080,5,candidate,930,1280,720,1920,1080,11.2732,12.258,9.89901,1,1,0,0,0,0
1080,5,candidate,931,1280,720,1920,1080,11.2609,12.2434,9.88774,1,1,0,0,0,0
1080,5,candidate,932,1280,720,1920,1080,11.3121,12.2561,9.9369,1,1,0,0,0,0
1080,5,candidate,933,1280,720,1920,1080,11.2722,12.2813,9.89901,1,1,0,0,0,0
1080,5,candidate,934,1280,720,1920,1080,11.4903,12.4773,9.86317,1,1,0,0,0,0
1080,5,candidate,935,1280,720,1920,1080,11.6767,12.6064,9.91642,1,1,0,0,0,0
1080,5,candidate,936,1280,720,1920,1080,11.2527,12.2446,9.87648,1,1,0,0,0,0
1080,5,candidate,937,1280,720,1920,1080,11.3285,12.2397,9.9543,1,1,0,0,0,0
1080,5,candidate,938,1280,720,1920,1080,11.4268,12.3574,9.79968,1,1,0,0,0,0
1080,5,candidate,939,1280,720,1920,1080,11.2927,12.1977,9.66758,1,1,0,0,0,0
1080,5,candidate,940,1280,720,1920,1080,11.2425,12.5509,9.86726,1,1,0,0,0,0
1080,5,candidate,941,1280,720,1920,1080,11.5292,12.8362,9.90413,1,1,0,0,0,0
1080,5,candidate,942,1280,720,1920,1080,11.5272,12.5474,9.9031,1,1,0,0,0,0
1080,5,candidate,943,1280,720,1920,1080,11.4637,12.4483,9.84269,1,1,0,0,0,0
1080,5,candidate,944,1280,720,1920,1080,11.4514,12.4805,9.82733,1,1,0,0,0,0
1080,5,candidate,945,1280,720,1920,1080,11.522,12.5771,9.87955,1,1,0,0,0,0
1080,5,candidate,946,1280,720,1920,1080,11.4258,12.4738,9.80173,1,1,0,0,0,0
1080,5,candidate,947,1280,720,1920,1080,11.4698,12.5937,9.84678,1,1,0,0,0,0
1080,5,candidate,948,1280,720,1920,1080,11.4299,12.4771,9.80685,1,1,0,0,0,0
1080,5,candidate,949,1280,720,1920,1080,11.4831,12.5082,9.85907,1,1,0,0,0,0
1080,5,candidate,950,1280,720,1920,1080,11.262,12.3152,9.88774,1,1,0,0,0,0
1080,5,candidate,951,1280,720,1920,1080,11.4678,12.7283,9.84064,1,1,0,0,0,0
1080,5,candidate,952,1280,720,1920,1080,11.4381,12.4694,9.81197,1,1,0,0,0,0
1080,5,candidate,953,1280,720,1920,1080,11.3838,12.2991,9.74029,1,1,0,0,0,0
1080,5,candidate,954,1280,720,1920,1080,11.3388,12.2759,9.9625,1,1,0,0,0,0
1080,5,candidate,955,1280,720,1920,1080,11.5057,12.7786,9.8775,1,1,0,0,0,0
1080,5,candidate,956,1280,720,1920,1080,11.5067,12.5575,9.86419,1,1,0,0,0,0
1080,5,candidate,957,1280,720,1920,1080,11.3142,12.2502,9.9369,1,1,0,0,0,0
1080,5,candidate,958,1280,720,1920,1080,11.4442,12.6112,9.79866,1,1,0,0,0,0
1080,5,candidate,959,1280,720,1920,1080,11.4442,12.3993,9.82016,1,1,0,0,0,0
1080,5,candidate,960,1280,720,1920,1080,11.2671,12.3309,9.88979,1,1,0,0,0,0
1080,5,candidate,961,1280,720,1920,1080,11.4821,12.6179,9.86214,1,1,0,0,0,0
1080,5,candidate,962,1280,720,1920,1080,11.305,12.3087,9.93075,1,1,0,0,0,0
1080,5,candidate,963,1280,720,1920,1080,11.2701,12.4743,9.89594,1,1,0,0,0,0
1080,5,candidate,964,1280,720,1920,1080,11.4033,12.635,9.77203,1,1,0,0,0,0
1080,5,candidate,965,1280,720,1920,1080,11.4473,12.5382,9.82118,1,1,0,0,0,0
1080,5,candidate,966,1280,720,1920,1080,11.2394,12.2257,9.86624,1,1,0,0,0,0
1080,5,candidate,967,1280,720,1920,1080,11.2579,12.4286,9.8816,1,1,0,0,0,0
1080,5,candidate,968,1280,720,1920,1080,11.5251,12.9125,9.89798,1,1,0,0,0,0
1080,5,candidate,969,1280,720,1920,1080,11.4678,12.7155,10.0895,1,1,0,0,0,0
1080,5,candidate,970,1280,720,1920,1080,11.221,12.1599,9.84576,1,1,0,0,0,0
1080,5,candidate,971,1280,720,1920,1080,11.4903,12.6562,9.856,1,1,0,0,0,0
1080,5,candidate,972,1280,720,1920,1080,11.2814,12.3449,9.90618,1,1,0,0,0,0
1080,5,candidate,973,1280,720,1920,1080,11.3428,12.303,9.95942,1,1,0,0,0,0
1080,5,candidate,974,1280,720,1920,1080,11.4391,12.4351,9.80378,1,1,0,0,0,0
1080,5,candidate,975,1280,720,1920,1080,11.5302,12.9006,9.89082,1,1,0,0,0,0
1080,5,candidate,976,1280,720,1920,1080,11.4524,12.4563,10.0772,1,1,0,0,0,0
1080,5,candidate,977,1280,720,1920,1080,11.2486,12.1958,9.87136,1,1,0,0,0,0
1080,5,candidate,978,1280,720,1920,1080,11.2947,12.4776,9.91846,1,1,0,0,0,0
1080,5,candidate,979,1280,720,1920,1080,11.5057,12.5193,9.87648,1,1,0,0,0,0
1080,5,candidate,980,1280,720,1920,1080,11.436,12.3988,9.80685,1,1,0,0,0,0
1080,5,candidate,981,1280,720,1920,1080,11.476,12.4739,9.86112,1,1,0,0,0,0
1080,5,candidate,982,1280,720,1920,1080,11.4616,12.5077,9.80787,1,1,0,0,0,0
1080,5,candidate,983,1280,720,1920,1080,11.5251,12.5502,9.87546,1,1,0,0,0,0
1080,5,candidate,984,1280,720,1920,1080,11.2671,12.2766,9.88979,1,1,0,0,0,0
1080,5,candidate,985,1280,720,1920,1080,11.4903,12.5381,9.84474,1,1,0,0,0,0
1080,5,candidate,986,1280,720,1920,1080,11.4657,12.4431,9.82733,1,1,0,0,0,0
1080,5,candidate,987,1280,720,1920,1080,11.22,12.222,9.84269,1,1,0,0,0,0
1080,5,candidate,988,1280,720,1920,1080,11.434,12.4387,9.79763,1,1,0,0,0,0
1080,5,candidate,989,1280,720,1920,1080,11.3408,12.2918,9.69933,1,1,0,0,0,0
1080,5,candidate,990,1280,720,1920,1080,11.4422,12.4161,9.80173,1,1,0,0,0,0
1080,5,candidate,991,1280,720,1920,1080,11.2589,12.243,9.62253,1,1,0,0,0,0
1080,5,candidate,992,1280,720,1920,1080,11.4145,12.6122,10.0188,1,1,0,0,0,0
1080,5,candidate,993,1280,720,1920,1080,11.5231,12.6449,9.89798,1,1,0,0,0,0
1080,5,candidate,994,1280,720,1920,1080,11.2937,12.4078,9.6471,1,1,0,0,0,0
1080,5,candidate,995,1280,720,1920,1080,11.2927,12.3012,9.63891,1,1,0,0,0,0
1080,5,candidate,996,1280,720,1920,1080,11.3644,12.3055,9.71571,1,1,0,0,0,0
1080,5,candidate,997,1280,720,1920,1080,11.3787,12.5828,9.73824,1,1,0,0,0,0
1080,5,candidate,998,1280,720,1920,1080,11.2722,12.4101,9.63584,1,1,0,0,0,0
1080,5,candidate,999,1280,720,1920,1080,11.1862,12.3921,9.81299,1,1,0,0,0,0
1080,5,candidate,1000,1280,720,1920,1080,11.5487,12.5586,9.90515,1,1,0,0,0,0
1080,5,candidate,1001,1280,720,1920,1080,11.3183,12.4081,9.66963,1,1,0,0,0,0
1080,5,candidate,1002,1280,720,1920,1080,11.3183,12.3809,9.67987,1,1,0,0,0,0
1080,5,candidate,1003,1280,720,1920,1080,11.2691,12.5356,9.89594,1,1,0,0,0,0
1080,5,candidate,1004,1280,720,1920,1080,11.3275,12.8409,9.95226,1,1,0,0,0,0
1080,5,candidate,1005,1280,720,1920,1080,11.4033,12.5021,9.84166,1,1,0,0,0,0
1080,5,candidate,1006,1280,720,1920,1080,11.4647,12.6028,10.0905,1,1,0,0,0,0
1080,5,candidate,1007,1280,720,1920,1080,11.4811,12.4732,9.83859,1,1,0,0,0,0
1080,5,candidate,1008,1280,720,1920,1080,11.4739,12.4341,9.80992,1,1,0,0,0,0
1080,5,candidate,1009,1280,720,1920,1080,11.3408,12.547,9.69011,1,1,0,0,0,0
1080,5,candidate,1010,1280,720,1920,1080,11.4647,12.5326,9.81914,1,1,0,0,0,0
1080,5,candidate,1011,1280,720,1920,1080,11.5282,12.4845,9.88365,1,1,0,0,0,0
1080,5,candidate,1012,1280,720,1920,1080,11.4452,12.4768,9.80787,1,1,0,0,0,0
1080,5,candidate,1013,1280,720,1920,1080,12.6771,13.6858,11.0367,1,1,0,0,0,0
1080,5,candidate,1014,1280,720,1920,1080,11.4196,12.4185,10.0434,1,1,0,0,0,0
1080,5,candidate,1015,1280,720,1920,1080,11.3428,12.4445,9.96762,1,1,0,0,0,0
1080,5,candidate,1016,1280,720,1920,1080,11.3009,12.2278,9.92768,1,1,0,0,0,0
1080,5,candidate,1017,1280,720,1920,1080,11.4166,12.4074,10.0413,1,1,0,0,0,0
1080,5,candidate,1018,1280,720,1920,1080,11.3152,12.3238,9.93997,1,1,0,0,0,0
1080,5,candidate,1019,1280,720,1920,1080,11.4524,12.4813,10.0751,1,1,0,0,0,0
1080,5,candidate,1020,1280,720,1920,1080,11.4186,12.4656,10.0434,1,1,0,0,0,0
1080,5,candidate,1021,1280,720,1920,1080,11.4371,12.4069,10.0588,1,1,0,0,0,0
1080,5,candidate,1022,1280,720,1920,1080,11.3336,12.292,9.9584,1,1,0,0,0,0
1080,5,candidate,1023,1280,720,1920,1080,11.4401,12.4538,9.79661,1,1,0,0,0,0
1080,5,candidate,1024,1280,720,1920,1080,11.2742,12.3496,9.89798,1,1,0,0,0,0
1080,5,candidate,1025,1280,720,1920,1080,11.4586,12.4357,9.82426,1,1,0,0,0,0
1080,5,candidate,1026,1280,720,1920,1080,11.5005,12.7816,9.86419,1,1,0,0,0,0
1080,5,candidate,1027,1280,720,1920,1080,11.3306,12.3521,9.95533,1,1,0,0,0,0
1080,5,candidate,1028,1280,720,1920,1080,11.3101,12.2232,9.76077,1,1,0,0,0,0
1080,5,candidate,1029,1280,720,1920,1080,11.4156,12.3676,10.0393,1,1,0,0,0,0
1080,5,candidate,1030,1280,720,1920,1080,11.4555,12.4855,9.81811,1,1,0,0,0,0
1080,5,candidate,1031,1280,720,1920,1080,11.2722,12.1789,9.64915,1,1,0,0,0,0
1080,5,candidate,1032,1280,720,1920,1080,11.3009,12.3873,9.6727,1,1,0,0,0,0
1080,5,candidate,1033,1280,720,1920,1080,11.2036,12.5039,9.82938,1,1,0,0,0,0
1080,5,candidate,1034,1280,720,1920,1080,11.3091,12.5523,9.68192,1,1,0,0,0,0
1080,5,candidate,1035,1280,720,1920,1080,11.2886,12.4307,9.66451,1,1,0,0,0,0
1080,5,candidate,1036,1280,720,1920,1080,11.2968,12.3081,9.66656,1,1,0,0,0,0
1080,5,candidate,1037,1280,720,1920,1080,11.2128,12.418,9.83654,1,1,0,0,0,0
1080,5,candidate,1038,1280,720,1920,1080,11.2906,12.232,9.65325,1,1,0,0,0,0
1080,5,candidate,1039,1280,720,1920,1080,11.2374,12.4687,9.86112,1,1,0,0,0,0
1080,5,candidate,1040,1280,720,1920,1080,11.2937,12.5533,9.91642,1,1,0,0,0,0
1080,5,candidate,1041,1280,720,1920,1080,11.2251,12.7079,9.84986,1,1,0,0,0,0
1080,5,candidate,1042,1280,720,1920,1080,11.263,12.2718,9.88774,1,1,0,0,0,0
1080,5,candidate,1043,1280,720,1920,1080,11.2906,12.2517,9.65325,1,1,0,0,0,0
1080,5,candidate,1044,1280,720,1920,1080,11.262,12.2324,9.62458,1,1,0,0,0,0
1080,5,candidate,1045,1280,720,1920,1080,11.2712,12.5183,9.89491,1,1,0,0,0,0
1080,5,candidate,1046,1280,720,1920,1080,11.3183,12.4192,9.66451,1,1,0,0,0,0
1080,5,candidate,1047,1280,720,1920,1080,11.1616,12.3568,9.78227,1,1,0,0,0,0
1080,5,candidate,1048,1280,720,1920,1080,10.1468,11.12,8.77158,1,1,0,0,0,0
1080,5,candidate,1049,1280,720,1920,1080,12.5972,13.6399,11.1964,1,1,0,0,0,0
1080,5,candidate,1050,1280,720,1920,1080,11.4422,12.3981,9.78534,1,1,0,0,0,0
1080,5,candidate,1051,1280,720,1920,1080,11.3121,12.3324,9.9369,1,1,0,0,0,0
1080,5,candidate,1052,1280,720,1920,1080,11.4555,12.489,10.0782,1,1,0,0,0,0
1080,5,candidate,1053,1280,720,1920,1080,11.0776,12.0755,9.69728,1,1,0,0,0,0
1080,5,candidate,1054,1280,720,1920,1080,11.607,12.5593,9.95021,1,1,0,0,0,0
1080,5,candidate,1055,1280,720,1920,1080,11.2589,12.6025,9.8816,1,1,0,0,0,0
1080,5,candidate,1056,1280,720,1920,1080,11.2015,12.2003,9.82323,1,1,0,0,0,0
1080,5,candidate,1057,1280,720,1920,1080,11.2814,12.1881,9.90003,1,1,0,0,0,0
1080,5,candidate,1058,1280,720,1920,1080,10.9855,12.1919,9.61024,1,1,0,0,0,0
1080,5,candidate,1059,1280,720,1920,1080,11.2609,12.3507,9.88262,1,1,0,0,0,0
1080,5,candidate,1060,1280,720,1920,1080,11.3039,12.3457,9.92666,1,1,0,0,0,0
1080,5,candidate,1061,1280,720,1920,1080,11.2865,12.1681,9.90618,1,1,0,0,0,0
1080,5,candidate,1062,1280,720,1920,1080,11.4606,12.5278,10.0833,1,1,0,0,0,0
1080,5,candidate,1063,1280,720,1920,1080,11.434,12.4101,10.0567,1,1,0,0,0,0
1080,5,candidate,1064,1280,720,1920,1080,11.2896,12.2483,9.91334,1,1,0,0,0,0
1080,5,candidate,1065,1280,720,1920,1080,11.3029,12.4894,9.92563,1,1,0,0,0,0
1080,5,candidate,1066,1280,720,1920,1080,11.2937,12.2894,9.91744,1,1,0,0,0,0
1080,5,candidate,1067,1280,720,1920,1080,11.4627,12.5122,9.83962,1,1,0,0,0,0
1080,5,candidate,1068,1280,720,1920,1080,11.4412,12.4302,10.0639,1,1,0,0,0,0
1080,5,candidate,1069,1280,720,1920,1080,11.2435,12.227,9.86522,1,1,0,0,0,0
1080,5,candidate,1070,1280,720,1920,1080,11.2804,12.2461,9.90413,1,1,0,0,0,0
1080,5,candidate,1071,1280,720,1920,1080,11.3091,12.2129,9.9328,1,1,0,0,0,0
1080,5,candidate,1072,1280,720,1920,1080,15.3641,16.5637,13.9858,1,1,0,0,0,0
1080,5,candidate,1073,1280,720,1920,1080,9.71571,10.9017,8.34253,1,1,0,0,0,0
1080,5,candidate,1074,1280,720,1920,1080,10.8851,11.9945,9.48531,1,1,0,0,0,0
1080,5,candidate,1075,1280,720,1920,1080,9.61843,10.6793,8.24422,1,1,0,0,0,0
1080,5,candidate,1076,1280,720,1920,1080,11.2148,12.0621,9.83654,1,1,0,0,0,0
1080,5,candidate,1077,1280,720,1920,1080,11.2732,12.2999,9.89594,1,1,0,0,0,0
1080,5,candidate,1078,1280,720,1920,1080,11.0684,12.0901,9.67373,1,1,0,0,0,0
1080,5,candidate,1079,1280,720,1920,1080,11.65,12.5743,10.2636,1,1,0,0,0,0
1080,5,candidate,1080,1280,720,1920,1080,11.1739,12.5329,9.79558,1,1,0,0,0,0
1080,5,candidate,1081,1280,720,1920,1080,11.2916,12.351,9.63789,1,1,0,0,0,0
1080,5,candidate,1082,1280,720,1920,1080,11.265,12.7055,9.88774,1,1,0,0,0,0
1080,5,candidate,1083,1280,720,1920,1080,11.3029,12.3096,9.65837,1,1,0,0,0,0
1080,5,candidate,1084,1280,720,1920,1080,11.263,12.5053,9.8857,1,1,0,0,0,0
1080,5,candidate,1085,1280,720,1920,1080,11.3562,12.8125,9.70854,1,1,0,0,0,0
1080,5,candidate,1086,1280,720,1920,1080,11.3316,12.6334,9.95635,1,1,0,0,0,0
1080,5,candidate,1087,1280,720,1920,1080,11.4678,12.5586,9.81504,1,1,0,0,0,0
1080,5,candidate,1088,1280,720,1920,1080,11.4708,12.4883,9.82835,1,1,0,0,0,0
1080,5,candidate,1089,1280,720,1920,1080,11.2517,12.2855,9.61536,1,1,0,0,0,0
1080,5,candidate,1090,1280,720,1920,1080,11.2435,12.2006,9.60307,1,1,0,0,0,0
1080,5,candidate,1091,1280,720,1920,1080,11.3132,12.2743,9.67066,1,1,0,0,0,0
1080,5,candidate,1092,1280,720,1920,1080,11.3797,12.3139,9.73722,1,1,0,0,0,0
1080,5,candidate,1093,1280,720,1920,1080,11.2507,12.549,9.87238,1,1,0,0,0,0
1080,5,candidate,1094,1280,720,1920,1080,11.2097,12.6391,9.83245,1,1,0,0,0,0
1080,5,candidate,1095,1280,720,1920,1080,11.2814,12.4545,9.9031,1,1,0,0,0,0
1080,5,candidate,1096,1280,720,1920,1080,11.2968,12.2713,9.6471,1,1,0,0,0,0
1080,5,candidate,1097,1280,720,1920,1080,11.3091,12.5329,9.93178,1,1,0,0,0,0
1080,5,candidate,1098,1280,720,1920,1080,11.4708,12.6829,9.82426,1,1,0,0,0,0
1080,5,candidate,1099,1280,720,1920,1080,11.2353,12.2686,9.68704,1,1,0,0,0,0
1080,5,candidate,1100,1280,720,1920,1080,11.2927,12.2579,9.91232,1,1,0,0,0,0
1080,5,candidate,1101,1280,720,1920,1080,9.91539,10.7879,8.54118,1,1,0,0,0,0
1080,5,candidate,1102,1280,720,1920,1080,12.3187,13.4998,10.9404,1,1,0,0,0,0
1080,5,candidate,1103,1280,720,1920,1080,11.2046,12.1272,9.82835,1,1,0,0,0,0
1080,5,candidate,1104,1280,720,1920,1080,11.3039,12.2259,9.68192,1,1,0,0,0,0
1080,5,candidate,1105,1280,720,1920,1080,11.1247,12.1796,9.74746,1,1,0,0,0,0
1080,5,candidate,1106,1280,720,1920,1080,11.2845,12.3593,9.90515,1,1,0,0,0,0
1080,5,candidate,1107,1280,720,1920,1080,11.1647,12.3496,9.78944,1,1,0,0,0,0
1080,5,candidate,1108,1280,720,1920,1080,11.1555,12.1589,8.50022,1,1,0,0,0,0
1080,5,candidate,1109,1280,720,1920,1080,11.1974,12.3038,9.82118,1,1,0,0,0,0
1080,5,candidate,1110,1280,720,1920,1080,11.177,12.2239,9.79866,1,1,0,0,0,0
1080,5,candidate,1111,1280,720,1920,1080,11.3101,12.1762,9.68499,1,1,0,0,0,0
1080,5,candidate,1112,1280,720,1920,1080,11.4954,12.6961,9.84678,1,1,0,0,0,0
1080,5,candidate,1113,1280,720,1920,1080,11.4534,12.5043,9.81299,1,1,0,0,0,0
1080,5,candidate,1114,1280,720,1920,1080,11.2968,12.2867,9.91539,1,1,0,0,0,0
1080,5,candidate,1115,1280,720,1920,1080,11.3111,12.2406,9.9328,1,1,0,0,0,0
1080,5,candidate,1116,1280,720,1920,1080,11.607,12.6647,9.96454,1,1,0,0,0,0
1080,5,candidate,1117,1280,720,1920,1080,9.93792,11.0854,8.56064,1,1,0,0,0,0
1080,5,candidate,1118,1280,720,1920,1080,9.3993,10.3979,8.02406,1,1,0,0,0,0
1080,5,candidate,1119,1280,720,1920,1080,12.5563,13.6082,10.2369,1,1,0,0,0,0
1080,5,candidate,1120,1280,720,1920,1080,11.05,12.3175,9.67066,1,1,0,0,0,0
1080,5,candidate,1121,1280,720,1920,1080,11.2282,12.2167,9.85088,1,1,0,0,0,0
1080,5,candidate,1122,1280,720,1920,1080,11.0336,12.1586,9.65325,1,1,0,0,0,0
1080,5,candidate,1123,1280,720,1920,1080,11.1237,12.1228,9.72288,1,1,0,0,0,0
1080,5,candidate,1124,1280,720,1920,1080,11.3603,12.2709,9.71878,1,1,0,0,0,0
1080,5,candidate,1125,1280,720,1920,1080,11.4422,12.5672,10.0628,1,1,0,0,0,0
1080,5,candidate,1126,1280,720,1920,1080,11.4749,12.5091,10.0946,1,1,0,0,0,0
1080,5,candidate,1127,1280,720,1920,1080,11.264,12.2844,9.88672,1,1,0,0,0,0
1080,5,candidate,1128,1280,720,1920,1080,11.2466,12.1724,9.86726,1,1,0,0,0,0
1080,5,candidate,1129,1280,720,1920,1080,11.2732,12.3099,9.89491,1,1,0,0,0,0
1080,5,candidate,1130,1280,720,1920,1080,11.5139,12.5855,9.86317,1,1,0,0,0,0
1080,5,candidate,1131,1280,720,1920,1080,11.2701,12.3872,9.89491,1,1,0,0,0,0
1080,5,candidate,1132,1280,720,1920,1080,11.4831,12.3892,9.85395,1,1,0,0,0,0
1080,5,candidate,1133,1280,720,1920,1080,11.4657,12.4305,9.83142,1,1,0,0,0,0
1080,5,candidate,1134,1280,720,1920,1080,11.4657,12.5675,9.83757,1,1,0,0,0,0
1080,5,candidate,1135,1280,720,1920,1080,11.2906,12.2802,9.91334,1,1,0,0,0,0
1080,5,candidate,1136,1280,720,1920,1080,11.4432,12.4105,9.80275,1,1,0,0,0,0
1080,5,candidate,1137,1280,720,1920,1080,11.4166,12.427,9.7792,1,1,0,0,0,0
1080,5,candidate,1138,1280,720,1920,1080,11.4627,12.6696,9.81709,1,1,0,0,0,0
1080,5,candidate,1139,1280,720,1920,1080,11.4749,12.4071,9.84371,1,1,0,0,0,0
1080,5,candidate,1140,1280,720,1920,1080,11.2712,12.1985,9.89082,1,1,0,0,0,0
1080,5,candidate,1141,1280,720,1920,1080,11.2609,12.3086,9.63379,1,1,0,0,0,0
1080,5,candidate,1142,1280,720,1920,1080,11.433,12.4691,9.72083,1,1,0,0,0,0
1080,5,candidate,1143,1280,720,1920,1080,11.2753,12.2545,9.64403,1,1,0,0,0,0
1080,5,candidate,1144,1280,720,1920,1080,11.3132,12.2653,9.67066,1,1,0,0,0,0
1080,5,candidate,1145,1280,720,1920,1080,11.263,12.5327,9.8857,1,1,0,0,0,0
1080,5,candidate,1146,1280,720,1920,1080,11.2271,12.553,9.65939,1,1,0,0,0,0
1080,5,candidate,1147,1280,720,1920,1080,11.4309,12.3931,10.0526,1,1,0,0,0,0
1080,5,candidate,1148,1280,720,1920,1080,11.2445,12.4971,9.86522,1,1,0,0,0,0
1080,5,candidate,1149,1280,720,1920,1080,11.1534,12.1281,9.59898,1,1,0,0,0,0
1080,5,candidate,1150,1280,720,1920,1080,11.4708,12.4781,10.0925,1,1,0,0,0,0
1080,5,candidate,1151,1280,720,1920,1080,11.2333,12.5349,9.85702,1,1,0,0,0,0
1080,5,candidate,1152,1280,720,1920,1080,11.1268,12.6574,9.74643,1,1,0,0,0,0
1080,5,candidate,1153,1280,720,1920,1080,10.9548,12.2474,9.57645,1,1,0,0,0,0
1080,5,candidate,1154,1280,720,1920,1080,9.75872,10.8126,8.38042,1,1,0,0,0,0
1080,5,candidate,1155,1280,720,1920,1080,12.8164,13.8104,11.4084,1,1,0,0,0,0
1080,5,candidate,1156,1280,720,1920,1080,11.3039,12.4322,9.91846,1,1,0,0,0,0
1080,5,candidate,1157,1280,720,1920,1080,11.2394,12.3765,9.86112,1,1,0,0,0,0
1080,5,candidate,1158,1280,720,1920,1080,11.3039,12.3346,9.92358,1,1,0,0,0,0
1080,5,candidate,1159,1280,720,1920,1080,11.2732,12.2864,9.89491,1,1,0,0,0,0
1080,5,candidate,1160,1280,720,1920,1080,11.5773,12.8086,10.1888,1,1,0,0,0,0
1080,5,candidate,1161,1280,720,1920,1080,11.0305,12.3293,9.6512,1,1,0,0,0,0
1080,5,candidate,1162,1280,720,1920,1080,11.3951,12.8245,10.0178,1,1,0,0,0,0
1080,5,candidate,1163,1280,720,1920,1080,10.9947,12.165,9.61741,1,1,0,0,0,0
1080,5,candidate,1164,1280,720,1920,1080,11.308,12.1935,9.92973,1,1,0,0,0,0
1080,5,candidate,1165,1280,720,1920,1080,11.308,12.3283,9.92768,1,1,0,0,0,0
1080,5,candidate,1166,1280,720,1920,1080,11.1575,12.2493,9.7792,1,1,0,0,0,0
1080,5,candidate,1167,1280,720,1920,1080,11.2783,12.3542,9.90208,1,1,0,0,0,0
1080,5,candidate,1168,1280,720,1920,1080,11.2957,12.5287,9.91642,1,1,0,0,0,0
1080,5,candidate,1169,1280,720,1920,1080,11.2527,12.29,9.87546,1,1,0,0,0,0
1080,5,candidate,1170,1280,720,1920,1080,11.2794,12.2564,9.64915,1,1,0,0,0,0
1080,5,candidate,1171,1280,720,1920,1080,11.2609,12.2023,9.71059,1,1,0,0,0,0
1080,5,candidate,1172,1280,720,1920,1080,11.266,12.229,9.88979,1,1,0,0,0,0
1080,5,candidate,1173,1280,720,1920,1080,11.264,12.3471,9.8857,1,1,0,0,0,0
1080,5,candidate,1174,1280,720,1920,1080,11.4616,12.6619,10.0833,1,1,0,0,0,0
1080,5,candidate,1175,1280,720,1920,1080,11.5087,12.4885,10.1315,1,1,0,0,0,0
1080,5,candidate,1176,1280,720,1920,1080,11.4524,12.4403,10.0741,1,1,0,0,0,0
1080,5,candidate,1177,1280,720,1920,1080,11.4893,12.4871,10.113,1,1,0,0,0,0
1080,5,candidate,1178,1280,720,1920,1080,11.3367,12.4841,9.95738,1,1,0,0,0,0
1080,5,candidate,1179,1280,720,1920,1080,11.4934,12.5378,10.1181,1,1,0,0,0,0
1080,5,candidate,1180,1280,720,1920,1080,11.4657,12.3993,10.0905,1,1,0,0,0,0
1080,5,candidate,1181,1280,720,1920,1080,11.4842,12.3925,10.11,1,1,0,0,0,0
1080,5,candidate,1182,1280,720,1920,1080,11.4872,12.503,9.84371,1,1,0,0,0,0
1080,5,candidate,1183,1280,720,1920,1080,11.5282,12.5494,10.153,1,1,0,0,0,0
1080,5,candidate,1184,1280,720,1920,1080,11.5333,12.494,9.91642,1,1,0,0,0,0
1080,5,candidate,1185,1280,720,1920,1080,11.3439,12.269,9.96762,1,1,0,0,0,0
1080,5,candidate,1186,1280,720,1920,1080,11.4186,12.3423,10.0444,1,1,0,0,0,0
1080,5,candidate,1187,1280,720,1920,1080,11.2753,12.2854,9.89798,1,1,0,0,0,0
1080,5,candidate,1188,1280,720,1920,1080,11.2978,12.2872,9.92154,1,1,0,0,0,0
1080,5,candidate,1189,1280,720,1920,1080,11.3029,12.2706,9.92768,1,1,0,0,0,0
1080,5,candidate,1190,1280,720,1920,1080,11.4872,12.4848,9.83962,1,1,0,0,0,0
1080,5,candidate,1191,1280,720,1920,1080,11.4422,12.4644,9.80582,1,1,0,0,0,0
1080,5,candidate,1192,1280,720,1920,1080,11.3777,12.4,9.73414,1,1,0,0,0,0
1080,5,candidate,1193,1280,720,1920,1080,10.9834,12.0354,9.60819,1,1,0,0,0,0
1080,5,candidate,1194,1280,720,1920,1080,11.3531,12.4557,9.97786,1,1,0,0,0,0
1080,5,candidate,1195,1280,720,1920,1080,11.5077,12.516,10.1315,1,1,0,0,0,0
1080,5,candidate,1196,1280,720,1920,1080,11.2712,12.2414,9.64506,1,1,0,0,0,0
1080,5,candidate,1197,1280,720,1920,1080,11.3981,12.5315,9.75565,1,1,0,0,0,0
1080,5,candidate,1198,1280,720,1920,1080,11.1626,12.5018,9.78637,1,1,0,0,0,0
1080,5,candidate,1199,1280,720,1920,1080,11.3101,12.4585,9.66246,1,1,0,0,0,0
1080,6,candidate,300,1280,720,1920,1080,11.2425,12.3045,9.86726,1,1,0,0,0,0
1080,6,candidate,301,1280,720,1920,1080,11.4289,12.3867,9.79251,1,1,0,0,0,0
1080,6,candidate,302,1280,720,1920,1080,11.2097,12.1104,9.59078,1,1,0,0,0,0
1080,6,candidate,303,1280,720,1920,1080,11.2415,12.1913,9.60102,1,1,0,0,0,0
1080,6,candidate,304,1280,720,1920,1080,11.2148,12.5037,9.83962,1,1,0,0,0,0
1080,6,candidate,305,1280,720,1920,1080,11.2118,12.4826,9.83552,1,1,0,0,0,0
1080,6,candidate,306,1280,720,1920,1080,11.5661,12.5234,9.92563,1,1,0,0,0,0
1080,6,candidate,307,1280,720,1920,1080,11.3684,12.488,9.73619,1,1,0,0,0,0
1080,6,candidate,308,1280,720,1920,1080,11.477,12.4892,9.84269,1,1,0,0,0,0
1080,6,candidate,309,1280,720,1920,1080,11.2732,12.6344,9.89798,1,1,0,0,0,0
1080,6,candidate,310,1280,720,1920,1080,11.3439,12.5061,9.69626,1,1,0,0,0,0
1080,6,candidate,311,1280,720,1920,1080,11.2148,12.391,9.84166,1,1,0,0,0,0
1080,6,candidate,312,1280,720,1920,1080,11.2927,12.2305,9.66758,1,1,0,0,0,0
1080,6,candidate,313,1280,720,1920,1080,11.2609,12.2954,9.62458,1,1,0,0,0,0
1080,6,candidate,314,1280,720,1920,1080,11.1759,12.3605,9.80275,1,1,0,0,0,0
1080,6,candidate,315,1280,720,1920,1080,11.1002,12.3706,9.72186,1,1,0,0,0,0
1080,6,candidate,316,1280,720,1920,1080,11.2558,12.7463,9.8816,1,1,0,0,0,0
1080,6,candidate,317,1280,720,1920,1080,11.5497,12.5721,9.91437,1,1,0,0,0,0
1080,6,candidate,318,1280,720,1920,1080,9.76998,10.6749,8.39782,1,1,0,0,0,0
1080,6,candidate,319,1280,720,1920,1080,11.3326,12.2667,9.95635,1,1,0,0,0,0
1080,6,candidate,320,1280,720,1920,1080,9.25696,11.8592,7.88275,1,1,0,0,0,0
1080,6,candidate,321,1280,720,1920,1080,11.3101,12.2266,9.9328,1,1,0,0,0,0
1080,6,candidate,322,1280,720,1920,1080,11.1462,12.1207,9.76896,1,1,0,0,0,0
1080,6,candidate,323,1280,720,1920,1080,11.3162,12.2552,9.70342,1,1,0,0,0,0
1080,6,candidate,324,1280,720,1920,1080,11.2753,12.1682,9.61536,1,1,0,0,0,0
1080,6,candidate,325,1280,720,1920,1080,11.2374,12.4678,9.86214,1,1,0,0,0,0
1080,6,candidate,326,1280,720,1920,1080,11.1718,12.3341,9.79968,1,1,0,0,0,0
1080,6,candidate,327,1280,720,1920,1080,11.2804,12.2083,9.9031,1,1,0,0,0,0
1080,6,candidate,328,1280,720,1920,1080,11.5057,12.5014,9.92973,1,1,0,0,0,0
1080,6,candidate,329,1280,720,1920,1080,11.4452,12.4179,10.068,1,1,0,0,0,0
1080,6,candidate,330,1280,720,1920,1080,11.2077,12.1851,9.64301,1,1,0,0,0,0
1080,6,candidate,331,1280,720,1920,1080,11.0715,12.4062,9.69421,1,1,0,0,0,0
1080,6,candidate,332,1280,720,1920,1080,11.39,12.2967,10.0127,1,1,0,0,0,0
1080,6,candidate,333,1280,720,1920,1080,11.2159,12.2137,9.81606,1,1,0,0,0,0
1080,6,candidate,334,1280,720,1920,1080,11.5374,12.5294,10.1468,1,1,0,0,0,0
1080,6,candidate,335,1280,720,1920,1080,9.78432,10.7251,8.41114,1,1,0,0,0,0
1080,6,candidate,336,1280,720,1920,1080,11.0879,13.4553,9.70957,1,1,0,0,0,0
1080,6,candidate,337,1280,720,1920,1080,11.5343,12.4485,10.1571,1,1,0,0,0,0
1080,6,candidate,338,1280,720,1920,1080,11.2876,12.3032,9.67475,1,1,0,0,0,0
1080,6,candidate,339,1280,720,1920,1080,11.262,12.2143,9.64096,1,1,0,0,0,0
1080,6,candidate,340,1280,720,1920,1080,11.5343,12.436,10.1601,1,1,0,0,0,0
1080,6,candidate,341,1280,720,1920,1080,11.5302,12.5098,10.155,1,1,0,0,0,0
1080,6,candidate,342,1280,720,1920,1080,11.1985,12.3129,9.8048,1,1,0,0,0,0
1080,6,candidate,343,1280,720,1920,1080,11.5814,12.7512,10.198,1,1,0,0,0,0
1080,6,candidate,344,1280,720,1920,1080,11.2364,12.2489,9.8601,1,1,0,0,0,0
1080,6,candidate,345,1280,720,1920,1080,11.7432,12.8001,10.1765,1,1,0,0,0,0
1080,6,candidate,346,1280,720,1920,1080,11.307,12.3047,9.93075,1,1,0,0,0,0
1080,6,candidate,347,1280,720,1920,1080,11.2916,12.4253,9.91437,1,1,0,0,0,0
1080,6,candidate,348,1280,720,1920,1080,11.305,12.3396,9.92973,1,1,0,0,0,0
1080,6,candidate,349,1280,720,1920,1080,11.1862,12.1931,9.8048,1,1,0,0,0,0
1080,6,candidate,350,1280,720,1920,1080,11.2415,12.2187,9.6,1,1,0,0,0,0
1080,6,candidate,351,1280,720,1920,1080,11.2067,12.0802,9.82835,1,1,0,0,0,0
1080,6,candidate,352,1280,720,1920,1080,11.2456,12.1692,9.86829,1,1,0,0,0,0
1080,6,candidate,353,1280,720,1920,1080,11.4432,12.409,9.80275,1,1,0,0,0,0
1080,6,candidate,354,1280,720,1920,1080,11.3203,12.2837,9.67987,1,1,0,0,0,0
1080,6,candidate,355,1280,720,1920,1080,11.2507,12.7307,9.87341,1,1,0,0,0,0
1080,6,candidate,356,1280,720,1920,1080,11.4883,12.8379,9.85088,1,1,0,0,0,0
1080,6,candidate,357,1280,720,1920,1080,11.5139,12.5251,9.87341,1,1,0,0,0,0
1080,6,candidate,358,1280,720,1920,1080,11.4719,12.5353,9.84064,1,1,0,0,0,0
1080,6,candidate,359,1280,720,1920,1080,11.4852,12.5012,9.84269,1,1,0,0,0,0
1080,6,candidate,360,1280,720,1920,1080,11.4821,12.488,9.84576,1,1,0,0,0,0
1080,6,candidate,361,1280,720,1920,1080,11.479,12.4241,9.83962,1,1,0,0,0,0
1080,6,candidate,362,1280,720,1920,1080,11.5098,12.4562,9.86317,1,1,0,0,0,0
1080,6,candidate,363,1280,720,1920,1080,11.5241,12.6435,9.88365,1,1,0,0,0,0
1080,6,candidate,364,1280,720,1920,1080,11.3306,12.3933,9.95328,1,1,0,0,0,0
1080,6,candidate,365,1280,720,1920,1080,11.2589,12.2941,9.87853,1,1,0,0,0,0
1080,6,candidate,366,1280,720,1920,1080,11.3203,12.2785,9.6809,1,1,0,0,0,0
1080,6,candidate,367,1280,720,1920,1080,11.4545,12.6326,9.80992,1,1,0,0,0,0
1080,6,candidate,368,1280,720,1920,1080,11.4862,12.5063,9.84678,1,1,0,0,0,0
1080,6,candidate,369,1280,720,1920,1080,11.4719,12.5814,9.83142,1,1,0,0,0,0
1080,6,candidate,370,1280,720,1920,1080,11.4422,12.5082,9.79763,1,1,0,0,0,0
1080,6,candidate,371,1280,720,1920,1080,10.964,11.9735,9.58362,1,1,0,0,0,0
1080,6,candidate,372,1280,720,1920,1080,11.8221,12.7921,10.4315,1,1,0,0,0,0
1080,6,candidate,373,1280,720,1920,1080,11.2507,12.2717,9.87238,1,1,0,0,0,0
1080,6,candidate,374,1280,720,1920,1080,11.3633,12.3389,9.71776,1,1,0,0,0,0
1080,6,candidate,375,1280,720,1920,1080,11.3623,12.3334,9.80275,1,1,0,0,0,0
1080,6,candidate,376,1280,720,1920,1080,11.4954,12.6521,10.1171,1,1,0,0,0,0
1080,6,candidate,377,1280,720,1920,1080,11.1462,12.4213,9.77101,1,1,0,0,0,0
1080,6,candidate,378,1280,720,1920,1080,11.4483,12.3323,9.79558,1,1,0,0,0,0
1080,6,candidate,379,1280,720,1920,1080,11.3326,12.2775,9.67066,1,1,0,0,0,0
1080,6,candidate,380,1280,720,1920,1080,11.306,12.3301,9.66042,1,1,0,0,0,0
1080,6,candidate,381,1280,720,1920,1080,11.2251,12.4555,9.84678,1,1,0,0,0,0
1080,6,candidate,382,1280,720,1920,1080,11.2957,12.3585,9.71469,1,1,0,0,0,0
1080,6,candidate,383,1280,720,1920,1080,11.2445,12.6576,9.86214,1,1,0,0,0,0
1080,6,candidate,384,1280,720,1920,1080,10.9906,12.0102,9.61536,1,1,0,0,0,0
1080,6,candidate,385,1280,720,1920,1080,11.262,12.2199,9.88467,1,1,0,0,0,0
1080,6,candidate,386,1280,720,1920,1080,11.2005,12.1307,9.82528,1,1,0,0,0,0
1080,6,candidate,387,1280,720,1920,1080,10.8554,11.8327,9.47814,1,1,0,0,0,0
1080,6,candidate,388,1280,720,1920,1080,11.2968,12.1945,9.92154,1,1,0,0,0,0
1080,6,candidate,389,1280,720,1920,1080,11.2589,12.2349,9.88365,1,1,0,0,0,0
1080,6,candidate,390,1280,720,1920,1080,11.307,12.3106,9.93075,1,1,0,0,0,0
1080,6,candidate,391,1280,720,1920,1080,11.518,12.6574,10.1417,1,1,0,0,0,0
1080,6,candidate,392,1280,720,1920,1080,11.2404,12.2623,9.86522,1,1,0,0,0,0
1080,6,candidate,393,1280,720,1920,1080,11.3213,12.3027,9.94304,1,1,0,0,0,0
1080,6,candidate,394,1280,720,1920,1080,11.3347,12.3304,9.95635,1,1,0,0,0,0
1080,6,candidate,395,1280,720,1920,1080,11.4596,12.3864,10.0823,1,1,0,0,0,0
1080,6,candidate,396,1280,720,1920,1080,11.3132,12.3925,9.9369,1,1,0,0,0,0
1080,6,candidate,397,1280,720,1920,1080,11.3091,12.3275,9.9287,1,1,0,0,0,0
1080,6,candidate,398,1280,720,1920,1080,11.5149,12.5243,9.85088,1,1,0,0,0,0
1080,6,candidate,399,1280,720,1920,1080,11.3459,12.3228,9.96966,1,1,0,0,0,0
1080,6,candidate,400,1280,720,1920,1080,11.4493,12.3898,9.8089,1,1,0,0,0,0
1080,6,candidate,401,1280,720,1920,1080,11.4637,12.4682,9.82528,1,1,0,0,0,0
1080,6,candidate,402,1280,720,1920,1080,11.4678,12.4443,9.8304,1,1,0,0,0,0
1080,6,candidate,403,1280,720,1920,1080,11.4657,12.7183,9.82016,1,1,0,0,0,0
1080,6,candidate,404,1280,720,1920,1080,11.4883,12.5446,9.84986,1,1,0,0,0,0
1080,6,candidate,405,1280,720,1920,1080,11.4831,12.8018,10.1069,1,1,0,0,0,0
1080,6,candidate,406,1280,720,1920,1080,11.4688,12.6548,10.0915,1,1,0,0,0,0
1080,6,candidate,407,1280,720,1920,1080,11.4831,12.4974,10.1028,1,1,0,0,0,0
1080,6,candidate,408,1280,720,1920,1080,11.4074,12.4501,10.0321,1,1,0,0,0,0
1080,6,candidate,409,1280,720,1920,1080,11.5374,12.6233,10.1571,1,1,0,0,0,0
1080,6,candidate,410,1280,720,1920,1080,11.4452,12.4103,10.069,1,1,0,0,0,0
1080,6,candidate,411,1280,720,1920,1080,11.5087,12.7352,10.1315,1,1,0,0,0,0
1080,6,candidate,412,1280,720,1920,1080,11.2579,12.3437,9.87955,1,1,0,0,0,0
1080,6,candidate,413,1280,720,1920,1080,10.9732,12.0849,9.5959,1,1,0,0,0,0
1080,6,candidate,414,1280,720,1920,1080,11.4575,12.6357,10.0823,1,1,0,0,0,0
1080,6,candidate,415,1280,720,1920,1080,11.4401,12.4713,10.0618,1,1,0,0,0,0
1080,6,candidate,416,1280,720,1920,1080,11.4606,12.4534,10.0833,1,1,0,0,0,0
1080,6,candidate,417,1280,720,1920,1080,11.5169,12.5566,10.1396,1,1,0,0,0,0
1080,6,candidate,418,1280,720,1920,1080,11.4842,12.4548,10.1079,1,1,0,0,0,0
1080,6,candidate,419,1280,720,1920,1080,11.4534,12.4575,10.0762,1,1,0,0,0,0
1080,6,candidate,420,1280,720,1920,1080,11.5057,12.6544,10.1294,1,1,0,0,0,0
1080,6,candidate,421,1280,720,1920,1080,11.2773,12.3364,9.90003,1,1,0,0,0,0
1080,6,candidate,422,1280,720,1920,1080,11.2814,12.2098,9.90618,1,1,0,0,0,0
1080,6,candidate,423,1280,720,1920,1080,11.5599,12.5624,10.1857,1,1,0,0,0,0
1080,6,candidate,424,1280,720,1920,1080,11.4268,12.4289,10.0516,1,1,0,0,0,0
1080,6,candidate,425,1280,720,1920,1080,11.519,12.454,10.1458,1,1,0,0,0,0
1080,6,candidate,426,1280,720,1920,1080,11.478,12.5711,9.84064,1,1,0,0,0,0
1080,6,candidate,427,1280,720,1920,1080,11.4739,12.4658,10.1007,1,1,0,0,0,0
1080,6,candidate,428,1280,720,1920,1080,11.4852,12.4301,10.11,1,1,0,0,0,0
1080,6,candidate,429,1280,720,1920,1080,11.4811,12.5459,10.1048,1,1,0,0,0,0
1080,6,candidate,430,1280,720,1920,1080,11.4217,12.4071,10.0454,1,1,0,0,0,0
1080,6,candidate,431,1280,720,1920,1080,11.3039,12.2864,9.92666,1,1,0,0,0,0
1080,6,candidate,432,1280,720,1920,1080,11.2742,12.2844,9.90106,1,1,0,0,0,0
1080,6,candidate,433,1280,720,1920,1080,11.5016,12.6066,9.84678,1,1,0,0,0,0
1080,6,candidate,434,1280,720,1920,1080,11.5712,12.724,9.91437,1,1,0,0,0,0
1080,6,candidate,435,1280,720,1920,1080,11.5569,12.6564,10.1827,1,1,0,0,0,0
1080,6,candidate,436,1280,720,1920,1080,11.5098,12.4506,10.1366,1,1,0,0,0,0
1080,6,candidate,437,1280,720,1920,1080,11.4964,12.4991,10.1161,1,1,0,0,0,0
1080,6,candidate,438,1280,720,1920,1080,11.436,12.4036,10.0608,1,1,0,0,0,0
1080,6,candidate,439,1280,720,1920,1080,11.4749,12.5055,10.0997,1,1,0,0,0,0
1080,6,candidate,440,1280,720,1920,1080,11.4534,12.5844,10.0792,1,1,0,0,0,0
1080,6,candidate,441,1280,720,1920,1080,11.4534,12.4547,10.0762,1,1,0,0,0,0
1080,6,candidate,442,1280,720,1920,1080,11.4227,12.5513,10.0495,1,1,0,0,0,0
1080,6,candidate,443,1280,720,1920,1080,11.436,12.6088,10.0628,1,1,0,0,0,0
1080,6,candidate,444,1280,720,1920,1080,11.2548,12.3199,9.88058,1,1,0,0,0,0
1080,6,candidate,445,1280,720,1920,1080,11.2886,12.3268,9.9113,1,1,0,0,0,0
1080,6,candidate,446,1280,720,1920,1080,11.435,12.4137,10.0598,1,1,0,0,0,0
1080,6,candidate,447,1280,720,1920,1080,11.3654,12.3227,9.99014,1,1,0,0,0,0
1080,6,candidate,448,1280,720,1920,1080,11.2824,12.2287,9.9072,1,1,0,0,0,0
1080,6,candidate,449,1280,720,1920,1080,11.4278,12.3725,9.79354,1,1,0,0,0,0
1080,6,candidate,450,1280,720,1920,1080,11.4156,12.4069,9.77715,1,1,0,0,0,0
1080,6,candidate,451,1280,720,1920,1080,11.3306,12.3582,9.9543,1,1,0,0,0,0
1080,6,candidate,452,1280,720,1920,1080,11.4627,12.4307,9.8089,1,1,0,0,0,0
1080,6,candidate,453,1280,720,1920,1080,11.4637,12.512,9.82426,1,1,0,0,0,0
1080,6,candidate,454,1280,720,1920,1080,11.3162,12.3224,9.94202,1,1,0,0,0,0
1080,6,candidate,455,1280,720,1920,1080,11.5077,12.4528,9.86214,1,1,0,0,0,0
1080,6,candidate,456,1280,720,1920,1080,11.4545,12.4676,9.81299,1,1,0,0,0,0
1080,6,candidate,457,1280,720,1920,1080,11.5374,12.4441,9.8816,1,1,0,0,0,0
1080,6,candidate,458,1280,720,1920,1080,11.4637,12.4596,9.8304,1,1,0,0,0,0
1080,6,candidate,459,1280,720,1920,1080,12.0095,12.8528,10.6271,1,1,0,0,0,0
1080,6,candidate,460,1280,720,1920,1080,10.9619,12.2372,9.58874,1,1,0,0,0,0
1080,6,candidate,461,1280,720,1920,1080,11.4309,12.4952,9.85088,1,1,0,0,0,0
1080,6,candidate,462,1280,720,1920,1080,11.4514,12.4506,10.0762,1,1,0,0,0,0
1080,6,candidate,463,1280,720,1920,1080,11.4729,12.4674,9.80992,1,1,0,0,0,0
1080,6,candidate,464,1280,720,1920,1080,11.3797,12.6605,9.73824,1,1,0,0,0,0
1080,6,candidate,465,1280,720,1920,1080,11.3684,12.4557,9.99117,1,1,0,0,0,0
1080,6,candidate,466,1280,720,1920,1080,11.4616,12.4554,9.79866,1,1,0,0,0,0
1080,6,candidate,467,1280,720,1920,1080,11.2845,12.3357,9.90822,1,1,0,0,0,0
1080,6,candidate,468,1280,720,1920,1080,11.522,12.5858,9.85088,1,1,0,0,0,0
1080,6,candidate,469,1280,720,1920,1080,11.4647,12.3914,9.82118,1,1,0,0,0,0
1080,6,candidate,470,1280,720,1920,1080,11.5804,12.5581,9.91539,1,1,0,0,0,0
1080,6,candidate,471,1280,720,1920,1080,11.5159,12.682,9.87136,1,1,0,0,0,0
1080,6,candidate,472,1280,720,1920,1080,11.3459,12.3542,9.96864,1,1,0,0,0,0
1080,6,candidate,473,1280,720,1920,1080,11.2179,12.3763,9.84371,1,1,0,0,0,0
1080,6,candidate,474,1280,720,1920,1080,11.3039,12.4057,9.92768,1,1,0,0,0,0
1080,6,candidate,475,1280,720,1920,1080,11.4913,12.5207,9.84678,1,1,0,0,0,0
1080,6,candidate,476,1280,720,1920,1080,11.4862,12.5465,9.83859,1,1,0,0,0,0
1080,6,candidate,477,1280,720,1920,1080,11.4719,12.5198,9.83142,1,1,0,0,0,0
1080,6,candidate,478,1280,720,1920,1080,11.5251,12.5311,9.88877,1,1,0,0,0,0
1080,6,candidate,479,1280,720,1920,1080,11.2988,12.2746,9.92154,1,1,0,0,0,0
1080,6,candidate,480,1280,720,1920,1080,11.5446,12.6687,9.89798,1,1,0,0,0,0
1080,6,candidate,481,1280,720,1920,1080,11.4739,12.5374,9.83347,1,1,0,0,0,0
1080,6,candidate,482,1280,720,1920,1080,11.4934,12.6016,9.85498,1,1,0,0,0,0
1080,6,candidate,483,1280,720,1920,1080,11.2978,12.4624,9.91539,1,1,0,0,0,0
1080,6,candidate,484,1280,720,1920,1080,11.3009,12.218,9.92563,1,1,0,0,0,0
1080,6,candidate,485,1280,720,1920,1080,11.4319,12.3758,9.79866,1,1,0,0,0,0
1080,6,candidate,486,1280,720,1920,1080,11.3142,12.3268,9.6768,1,1,0,0,0,0
1080,6,candidate,487,1280,720,1920,1080,11.4616,12.5186,9.82528,1,1,0,0,0,0
1080,6,candidate,488,1280,720,1920,1080,11.4872,12.4776,9.84781,1,1,0,0,0,0
1080,6,candidate,489,1280,720,1920,1080,11.307,12.3628,9.67066,1,1,0,0,0,0
1080,6,candidate,490,1280,720,1920,1080,11.394,12.4421,9.7536,1,1,0,0,0,0
1080,6,candidate,491,1280,720,1920,1080,11.3828,12.8563,9.74541,1,1,0,0,0,0
1080,6,candidate,492,1280,720,1920,1080,11.4872,12.5729,9.8519,1,1,0,0,0,0
1080,6,candidate,493,1280,720,1920,1080,11.2835,12.2292,9.90618,1,1,0,0,0,0
1080,6,candidate,494,1280,720,1920,1080,11.4719,12.5052,9.83245,1,1,0,0,0,0
1080,6,candidate,495,1280,720,1920,1080,11.5026,12.5318,9.8519,1,1,0,0,0,0
1080,6,candidate,496,1280,720,1920,1080,11.5374,13.1146,9.91027,1,1,0,0,0,0
1080,6,candidate,497,1280,720,1920,1080,11.2916,12.3131,9.91334,1,1,0,0,0,0
1080,6,candidate,498,1280,720,1920,1080,11.2312,12.2702,9.82323,1,1,0,0,0,0
1080,6,candidate,499,1280,720,1920,1080,11.4412,12.4136,9.8263,1,1,0,0,0,0
1080,6,candidate,500,1280,720,1920,1080,11.4637,12.4741,9.81504,1,1,0,0,0,0
1080,6,candidate,501,1280,720,1920,1080,11.6214,12.5892,9.89696,1,1,0,0,0,0
1080,6,candidate,502,1280,720,1920,1080,11.3603,12.5056,9.98605,1,1,0,0,0,0
1080,6,candidate,503,1280,720,1920,1080,11.3428,12.3162,9.96659,1,1,0,0,0,0
1080,6,candidate,504,1280,720,1920,1080,11.4831,12.5115,9.84166,1,1,0,0,0,0
1080,6,candidate,505,1280,720,1920,1080,11.2456,12.2705,9.86624,1,1,0,0,0,0
1080,6,candidate,506,1280,720,1920,1080,11.4391,12.4413,9.77613,1,1,0,0,0,0
1080,6,candidate,507,1280,720,1920,1080,11.478,12.5548,9.81299,1,1,0,0,0,0
1080,6,candidate,508,1280,720,1920,1080,11.305,12.2794,9.92973,1,1,0,0,0,0
1080,6,candidate,509,1280,720,1920,1080,11.4514,12.4221,9.8816,1,1,0,0,0,0
1080,6,candidate,510,1280,720,1920,1080,11.2609,12.2232,9.88979,1,1,0,0,0,0
1080,6,candidate,511,1280,720,1920,1080,9.75872,10.7059,8.38451,1,1,0,0,0,0
1080,6,candidate,512,1280,720,1920,1080,12.6075,13.6609,11.223,1,1,0,0,0,0
1080,6,candidate,513,1280,720,1920,1080,11.2108,12.3989,9.83347,1,1,0,0,0,0
1080,6,candidate,514,1280,720,1920,1080,11.2159,12.4059,9.84166,1,1,0,0,0,0
1080,6,candidate,515,1280,720,1920,1080,11.3224,12.6598,9.94714,1,1,0,0,0,0
1080,6,candidate,516,1280,720,1920,1080,11.2077,12.5017,9.83347,1,1,0,0,0,0
1080,6,candidate,517,1280,720,1920,1080,11.2558,12.5914,9.8775,1,1,0,0,0,0
1080,6,candidate,518,1280,720,1920,1080,11.1903,12.2785,9.63994,1,1,0,0,0,0
1080,6,candidate,519,1280,720,1920,1080,11.5395,12.7292,10.1632,1,1,0,0,0,0
1080,6,candidate,520,1280,720,1920,1080,11.2118,12.5125,9.83757,1,1,0,0,0,0
1080,6,candidate,521,1280,720,1920,1080,11.1892,12.5196,9.81094,1,1,0,0,0,0
1080,6,candidate,522,1280,720,1920,1080,11.2763,12.4131,9.90106,1,1,0,0,0,0
1080,6,candidate,523,1280,720,1920,1080,11.1606,12.5452,8.50022,1,1,0,0,0,0
1080,6,candidate,524,1280,720,1920,1080,11.4708,12.516,10.0987,1,1,0,0,0,0
1080,6,candidate,525,1280,720,1920,1080,11.3603,12.268,9.98502,1,1,0,0,0,0
1080,6,candidate,526,1280,720,1920,1080,11.3265,12.3096,9.67885,1,1,0,0,0,0
1080,6,candidate,527,1280,720,1920,1080,11.2404,12.4119,9.86624,1,1,0,0,0,0
1080,6,candidate,528,1280,720,1920,1080,11.4729,12.5822,10.0987,1,1,0,0,0,0
1080,6,candidate,529,1280,720,1920,1080,11.4033,12.6208,10.0291,1,1,0,0,0,0
1080,6,candidate,530,1280,720,1920,1080,10.0751,11.1773,8.6999,1,1,0,0,0,0
1080,6,candidate,531,1280,720,1920,1080,12.287,13.2649,10.8739,1,1,0,0,0,0
1080,6,candidate,532,1280,720,1920,1080,11.5128,12.3851,9.83859,1,1,0,0,0,0
1080,6,candidate,533,1280,720,1920,1080,11.0664,12.3286,9.69011,1,1,0,0,0,0
1080,6,candidate,534,1280,720,1920,1080,10.9486,12.0525,9.5785,1,1,0,0,0,0
1080,6,candidate,535,1280,720,1920,1080,11.2988,12.3965,9.92358,1,1,0,0,0,0
1080,6,candidate,536,1280,720,1920,1080,11.3572,12.4274,9.98298,1,1,0,0,0,0
1080,6,candidate,537,1280,720,1920,1080,11.2916,12.3102,9.67168,1,1,0,0,0,0
1080,6,candidate,538,1280,720,1920,1080,11.1872,12.2689,9.81197,1,1,0,0,0,0
1080,6,candidate,539,1280,720,1920,1080,11.2292,12.2417,9.85293,1,1,0,0,0,0
1080,6,candidate,540,1280,720,1920,1080,11.8845,12.8868,10.5114,1,1,0,0,0,0
1080,6,candidate,541,1280,720,1920,1080,11.605,12.671,9.984,1,1,0,0,0,0
1080,6,candidate,542,1280,720,1920,1080,11.2763,12.7089,9.90106,1,1,0,0,0,0
1080,6,candidate,543,1280,720,1920,1080,11.1176,12.3252,9.74131,1,1,0,0,0,0
1080,6,candidate,544,1280,720,1920,1080,11.2435,12.3453,9.86829,1,1,0,0,0,0
1080,6,candidate,545,1280,720,1920,1080,12.1108,13.3289,10.7305,1,1,0,0,0,0
1080,6,candidate,546,1280,720,1920,1080,11.2456,12.4954,9.87238,1,1,0,0,0,0
1080,6,candidate,547,1280,720,1920,1080,11.2681,12.5403,9.89184,1,1,0,0,0,0
1080,6,candidate,548,1280,720,1920,1080,11.0244,12.2876,9.64915,1,1,0,0,0,0
1080,6,candidate,549,1280,720,1920,1080,11.0961,12.3865,9.72186,1,1,0,0,0,0
1080,6,candidate,550,1280,720,1920,1080,11.5374,12.7352,10.1622,1,1,0,0,0,0
1080,6,candidate,551,1280,720,1920,1080,11.2476,12.5073,9.87546,1,1,0,0,0,0
1080,6,candidate,552,1280,720,1920,1080,11.2374,12.4147,9.86419,1,1,0,0,0,0
1080,6,candidate,553,1280,720,1920,1080,11.1903,12.1949,9.81299,1,1,0,0,0,0
1080,6,candidate,554,1280,720,1920,1080,11.349,12.33,9.71981,1,1,0,0,0,0
1080,6,candidate,555,1280,720,1920,1080,11.2015,12.3171,9.82221,1,1,0,0,0,0
1080,6,candidate,556,1280,720,1920,1080,11.2998,12.2758,9.92563,1,1,0,0,0,0
1080,6,candidate,557,1280,720,1920,1080,10.8564,11.9864,9.48224,1,1,0,0,0,0
1080,6,candidate,558,1280,720,1920,1080,11.3971,12.3865,10.025,1,1,0,0,0,0
1080,6,candidate,559,1280,720,1920,1080,11.2978,12.3502,9.92358,1,1,0,0,0,0
1080,6,candidate,560,1280,720,1920,1080,10.9384,12.0131,9.56518,1,1,0,0,0,0
1080,6,candidate,561,1280,720,1920,1080,11.5425,12.4831,9.90618,1,1,0,0,0,0
1080,6,candidate,562,1280,720,1920,1080,11.4668,12.5184,10.0936,1,1,0,0,0,0
1080,6,candidate,563,1280,720,1920,1080,11.3695,12.4616,9.99322,1,1,0,0,0,0
1080,6,candidate,564,1280,720,1920,1080,11.4719,12.5836,10.0966,1,1,0,0,0,0
1080,6,candidate,565,1280,720,1920,1080,11.4483,12.4542,10.0741,1,1,0,0,0,0
1080,6,candidate,566,1280,720,1920,1080,11.4883,12.6925,10.114,1,1,0,0,0,0
1080,6,candidate,567,1280,720,1920,1080,11.2722,12.3883,9.89594,1,1,0,0,0,0
1080,6,candidate,568,1280,720,1920,1080,11.5016,12.8234,10.1253,1,1,0,0,0,0
1080,6,candidate,569,1280,720,1920,1080,11.0121,12.181,9.63277,1,1,0,0,0,0
1080,6,candidate,570,1280,720,1920,1080,11.4719,12.4192,9.83552,1,1,0,0,0,0
1080,6,candidate,571,1280,720,1920,1080,11.4627,12.3961,10.0874,1,1,0,0,0,0
1080,6,candidate,572,1280,720,1920,1080,11.4565,12.4134,10.0813,1,1,0,0,0,0
1080,6,candidate,573,1280,720,1920,1080,11.2691,12.1765,9.89389,1,1,0,0,0,0
1080,6,candidate,574,1280,720,1920,1080,11.4115,12.3794,10.0393,1,1,0,0,0,0
1080,6,candidate,575,1280,720,1920,1080,11.2957,12.3757,9.92154,1,1,0,0,0,0
1080,6,candidate,576,1280,720,1920,1080,11.2753,12.2545,9.90106,1,1,0,0,0,0
1080,6,candidate,577,1280,720,1920,1080,11.2845,12.2098,9.9072,1,1,0,0,0,0
1080,6,candidate,578,1280,720,1920,1080,11.4514,12.3758,9.82835,1,1,0,0,0,0
1080,6,candidate,579,1280,720,1920,1080,11.4852,12.3855,9.83859,1,1,0,0,0,0
1080,6,candidate,580,1280,720,1920,1080,11.3234,12.5017,9.69114,1,1,0,0,0,0
1080,6,candidate,581,1280,720,1920,1080,11.4698,12.661,9.83347,1,1,0,0,0,0
1080,6,candidate,582,1280,720,1920,1080,11.4115,12.4666,9.78637,1,1,0,0,0,0
1080,6,candidate,583,1280,720,1920,1080,11.5425,12.4647,9.83757,1,1,0,0,0,0
1080,6,candidate,584,1280,720,1920,1080,11.4708,12.5346,9.82118,1,1,0,0,0,0
1080,6,candidate,585,1280,720,1920,1080,11.5569,12.9397,9.92973,1,1,0,0,0,0
1080,6,candidate,586,1280,720,1920,1080,11.2712,12.3786,9.90106,1,1,0,0,0,0
1080,6,candidate,587,1280,720,1920,1080,11.2773,12.2428,9.90003,1,1,0,0,0,0
1080,6,candidate,588,1280,720,1920,1080,11.3183,12.4191,9.94509,1,1,0,0,0,0
1080,6,candidate,589,1280,720,1920,1080,11.4698,12.4119,9.83347,1,1,0,0,0,0
1080,6,candidate,590,1280,720,1920,1080,11.4688,12.7822,9.83859,1,1,0,0,0,0
1080,6,candidate,591,1280,720,1920,1080,11.2998,12.351,9.92461,1,1,0,0,0,0
1080,6,candidate,592,1280,720,1920,1080,11.2783,12.2932,9.90003,1,1,0,0,0,0
1080,6,candidate,593,1280,720,1920,1080,11.2804,12.292,9.64403,1,1,0,0,0,0
1080,6,candidate,594,1280,720,1920,1080,11.4248,12.3455,9.79763,1,1,0,0,0,0
1080,6,candidate,595,1280,720,1920,1080,11.4565,12.409,9.81914,1,1,0,0,0,0
1080,6,candidate,596,1280,720,1920,1080,11.4278,12.3895,9.80173,1,1,0,0,0,0
1080,6,candidate,597,1280,720,1920,1080,11.263,12.391,9.63072,1,1,0,0,0,0
1080,6,candidate,598,1280,720,1920,1080,11.2415,12.2499,9.61024,1,1,0,0,0,0
1080,6,candidate,599,1280,720,1920,1080,11.2763,12.305,9.64813,1,1,0,0,0,0
1080,6,candidate,600,1280,720,1920,1080,11.1954,12.3716,9.82016,1,1,0,0,0,0
1080,6,candidate,601,1280,720,1920,1080,11.1575,12.4521,9.78125,1,1,0,0,0,0
1080,6,candidate,602,1280,720,1920,1080,11.4237,12.3915,10.0495,1,1,0,0,0,0
1080,6,candidate,603,1280,720,1920,1080,11.1258,12.4785,9.75053,1,1,0,0,0,0
1080,6,candidate,604,1280,720,1920,1080,11.3254,12.8108,9.95226,1,1,0,0,0,0
1080,6,candidate,605,1280,720,1920,1080,11.5364,12.6008,10.1622,1,1,0,0,0,0
1080,6,candidate,606,1280,720,1920,1080,11.2824,12.2421,9.6471,1,1,0,0,0,0
1080,6,candidate,607,1280,720,1920,1080,11.2036,12.5315,9.8304,1,1,0,0,0,0
1080,6,candidate,608,1280,720,1920,1080,11.2435,12.2155,9.69421,1,1,0,0,0,0
1080,6,candidate,609,1280,720,1920,1080,11.3992,12.8614,9.7751,1,1,0,0,0,0
1080,6,candidate,610,1280,720,1920,1080,10.9916,12.3523,9.61741,1,1,0,0,0,0
1080,6,candidate,611,1280,720,1920,1080,11.4371,12.4787,10.0618,1,1,0,0,0,0
1080,6,candidate,612,1280,720,1920,1080,11.3254,12.583,9.95226,1,1,0,0,0,0
1080,6,candidate,613,1280,720,1920,1080,11.2783,12.2689,9.62662,1,1,0,0,0,0
1080,6,candidate,614,1280,720,1920,1080,10.0803,11.0768,8.7081,1,1,0,0,0,0
1080,6,candidate,615,1280,720,1920,1080,10.9414,12.0361,9.56723,1,1,0,0,0,0
1080,6,candidate,616,1280,720,1920,1080,12.4037,13.714,10.9926,1,1,0,0,0,0
1080,6,candidate,617,1280,720,1920,1080,11.4924,12.5129,10.1048,1,1,0,0,0,0
1080,6,candidate,618,1280,720,1920,1080,11.348,12.3784,9.71366,1,1,0,0,0,0
1080,6,candidate,619,1280,720,1920,1080,11.1421,12.5071,9.76794,1,1,0,0,0,0
1080,6,candidate,620,1280,720,1920,1080,12.3843,13.8237,11.01,1,1,0,0,0,0
1080,6,candidate,621,1280,720,1920,1080,11.1739,12.2448,9.79763,1,1,0,0,0,0
1080,6,candidate,622,1280,720,1920,1080,11.4452,12.6251,8.47155,1,1,0,0,0,0
1080,6,candidate,623,1280,720,1920,1080,11.0397,12.0439,8.41318,1,1,0,0,0,0
1080,6,candidate,624,1280,720,1920,1080,11.0152,12.0955,8.4009,1,1,0,0,0,0
1080,6,candidate,625,1280,720,1920,1080,11.3377,12.4996,9.95942,1,1,0,0,0,0
1080,6,candidate,626,1280,720,1920,1080,10.9763,12.2032,9.55392,1,1,0,0,0,0
1080,6,candidate,627,1280,720,1920,1080,11.0479,12.3052,9.6727,1,1,0,0,0,0
1080,6,candidate,628,1280,720,1920,1080,11.3306,12.8035,9.95738,1,1,0,0,0,0
1080,6,candidate,629,1280,720,1920,1080,11.2753,12.6014,9.89798,1,1,0,0,0,0
1080,6,candidate,630,1280,720,1920,1080,11.2589,12.4447,9.70138,1,1,0,0,0,0
1080,6,candidate,631,1280,720,1920,1080,11.4739,12.7045,10.0977,1,1,0,0,0,0
1080,6,candidate,632,1280,720,1920,1080,11.2179,12.5109,9.84371,1,1,0,0,0,0
1080,6,candidate,633,1280,720,1920,1080,11.3848,12.5949,9.72186,1,1,0,0,0,0
1080,6,candidate,634,1280,720,1920,1080,11.2814,12.261,9.63891,1,1,0,0,0,0
1080,6,candidate,635,1280,720,1920,1080,11.2026,12.4918,9.82835,1,1,0,0,0,0
1080,6,candidate,636,1280,720,1920,1080,11.2128,12.4177,9.83962,1,1,0,0,0,0
1080,6,candidate,637,1280,720,1920,1080,11.561,12.5537,9.91744,1,1,0,0,0,0
1080,6,candidate,638,1280,720,1920,1080,11.2538,12.3286,9.60205,1,1,0,0,0,0
1080,6,candidate,639,1280,720,1920,1080,11.2466,12.6076,9.87341,1,1,0,0,0,0
1080,6,candidate,640,1280,720,1920,1080,11.3162,12.3934,9.66554,1,1,0,0,0,0
1080,6,candidate,641,1280,720,1920,1080,11.1493,12.5319,9.7751,1,1,0,0,0,0
1080,6,candidate,642,1280,720,1920,1080,11.1667,12.5569,9.79251,1,1,0,0,0,0
1080,6,candidate,643,1280,720,1920,1080,11.3121,12.3629,9.66451,1,1,0,0,0,0
1080,6,candidate,644,1280,720,1920,1080,11.2548,12.5805,9.88365,1,1,0,0,0,0
1080,6,candidate,645,1280,720,1920,1080,13.0652,14.1414,11.6777,1,1,0,0,0,0
1080,6,candidate,646,1280,720,1920,1080,11.3428,12.3981,9.96966,1,1,0,0,0,0
1080,6,candidate,647,1280,720,1920,1080,11.3152,12.3256,9.94202,1,1,0,0,0,0
1080,6,candidate,648,1280,720,1920,1080,11.2988,12.2386,9.92461,1,1,0,0,0,0
1080,6,candidate,649,1280,720,1920,1080,11.2384,12.3482,9.86214,1,1,0,0,0,0
1080,6,candidate,650,1280,720,1920,1080,11.4074,12.359,9.84474,1,1,0,0,0,0
1080,6,candidate,651,1280,720,1920,1080,11.3224,12.2861,9.94509,1,1,0,0,0,0
1080,6,candidate,652,1280,720,1920,1080,11.0848,12.0971,8.41523,1,1,0,0,0,0
1080,6,candidate,653,1280,720,1920,1080,10.922,12.1157,9.5488,1,1,0,0,0,0
1080,6,candidate,654,1280,720,1920,1080,11.2456,12.308,9.87341,1,1,0,0,0,0
1080,6,candidate,655,1280,720,1920,1080,11.4842,12.4228,9.85907,1,1,0,0,0,0
1080,6,candidate,656,1280,720,1920,1080,11.0305,12.2968,9.61024,1,1,0,0,0,0
1080,6,candidate,657,1280,720,1920,1080,11.1299,12.5013,9.75565,1,1,0,0,0,0
1080,6,candidate,658,1280,720,1920,1080,9.69626,10.7208,8.32614,1,1,0,0,0,0
1080,6,candidate,659,1280,720,1920,1080,11.4831,12.3125,9.92256,1,1,0,0,0,0
1080,6,candidate,660,1280,720,1920,1080,11.2804,12.3123,9.90925,1,1,0,0,0,0
1080,6,candidate,661,1280,720,1920,1080,11.3961,12.3382,10.0198,1,1,0,0,0,0
1080,6,candidate,662,1280,720,1920,1080,11.4391,12.5834,10.0669,1,1,0,0,0,0
1080,6,candidate,663,1280,720,1920,1080,11.3869,12.3654,10.0106,1,1,0,0,0,0
1080,6,candidate,664,1280,720,1920,1080,11.4391,12.5718,10.068,1,1,0,0,0,0
1080,6,candidate,665,1280,720,1920,1080,11.4043,12.3772,10.0301,1,1,0,0,0,0
1080,6,candidate,666,1280,720,1920,1080,11.3859,12.3191,9.62253,1,1,0,0,0,0
1080,6,candidate,667,1280,720,1920,1080,9.75258,10.7445,8.38042,1,1,0,0,0,0
1080,6,candidate,668,1280,720,1920,1080,11.3162,12.1864,9.76691,1,1,0,0,0,0
1080,6,candidate,669,1280,720,1920,1080,12.2993,13.5858,10.9128,1,1,0,0,0,0
1080,6,candidate,670,1280,720,1920,1080,11.4125,12.4408,10.0393,1,1,0,0,0,0
1080,6,candidate,671,1280,720,1920,1080,11.2916,12.3184,9.66246,1,1,0,0,0,0
1080,6,candidate,672,1280,720,1920,1080,11.4381,12.4129,9.80582,1,1,0,0,0,0
1080,6,candidate,673,1280,720,1920,1080,11.3818,12.4591,9.75053,1,1,0,0,0,0
1080,6,candidate,674,1280,720,1920,1080,11.2845,12.464,9.6512,1,1,0,0,0,0
1080,6,candidate,675,1280,720,1920,1080,11.5026,12.541,9.86624,1,1,0,0,0,0
1080,6,candidate,676,1280,720,1920,1080,11.4033,12.4694,9.78022,1,1,0,0,0,0
1080,6,candidate,677,1280,720,1920,1080,11.4207,12.4593,9.79968,1,1,0,0,0,0
1080,6,candidate,678,1280,720,1920,1080,11.3521,12.7135,9.71571,1,1,0,0,0,0
1080,6,candidate,679,1280,720,1920,1080,11.4463,12.5373,9.81299,1,1,0,0,0,0
1080,6,candidate,680,1280,720,1920,1080,11.2712,12.3043,9.89696,1,1,0,0,0,0
1080,6,candidate,681,1280,720,1920,1080,11.2886,12.3044,9.91437,1,1,0,0,0,0
1080,6,candidate,682,1280,720,1920,1080,11.4176,12.516,9.79558,1,1,0,0,0,0
1080,6,candidate,683,1280,720,1920,1080,11.4115,12.4117,9.7833,1,1,0,0,0,0
1080,6,candidate,684,1280,720,1920,1080,11.4012,12.3294,9.78022,1,1,0,0,0,0
1080,6,candidate,685,1280,720,1920,1080,11.4698,12.6885,9.83552,1,1,0,0,0,0
1080,6,candidate,686,1280,720,1920,1080,11.4934,12.5823,9.86214,1,1,0,0,0,0
1080,6,candidate,687,1280,720,1920,1080,11.2681,12.3595,9.89184,1,1,0,0,0,0
1080,6,candidate,688,1280,720,1920,1080,11.3869,12.6348,9.76794,1,1,0,0,0,0
1080,6,candidate,689,1280,720,1920,1080,11.4831,12.5905,9.84986,1,1,0,0,0,0
1080,6,candidate,690,1280,720,1920,1080,11.2845,12.3518,9.91437,1,1,0,0,0,0
1080,6,candidate,691,1280,720,1920,1080,11.4196,12.4226,9.79661,1,1,0,0,0,0
1080,6,candidate,692,1280,720,1920,1080,11.4401,12.5829,9.81197,1,1,0,0,0,0
1080,6,candidate,693,1280,720,1920,1080,11.4842,12.4635,9.86317,1,1,0,0,0,0
1080,6,candidate,694,1280,720,1920,1080,11.2159,12.2104,9.84371,1,1,0,0,0,0
1080,6,candidate,695,1280,720,1920,1080,11.4268,12.4802,9.79661,1,1,0,0,0,0
1080,6,candidate,696,1280,720,1920,1080,11.2579,12.1924,9.8857,1,1,0,0,0,0
1080,6,candidate,697,1280,720,1920,1080,11.4401,12.3577,9.82221,1,1,0,0,0,0
1080,6,candidate,698,1280,720,1920,1080,9.86214,10.7799,8.49408,1,1,0,0,0,0
1080,6,candidate,699,1280,720,1920,1080,10.9158,12.8545,9.54368,1,1,0,0,0,0
1080,6,candidate,700,1280,720,1920,1080,11.3091,12.2302,9.93792,1,1,0,0,0,0
1080,6,candidate,701,1280,720,1920,1080,11.2404,12.2923,9.86726,1,1,0,0,0,0
1080,6,candidate,702,1280,720,1920,1080,11.3101,12.3002,9.67578,1,1,0,0,0,0
1080,6,candidate,703,1280,720,1920,1080,11.136,12.2567,9.76486,1,1,0,0,0,0
1080,6,candidate,704,1280,720,1920,1080,11.5036,12.4982,10.1325,1,1,0,0,0,0
1080,6,candidate,705,1280,720,1920,1080,11.2968,12.5575,9.92461,1,1,0,0,0,0
1080,6,candidate,706,1280,720,1920,1080,11.0193,12.0893,9.64608,1,1,0,0,0,0
1080,6,candidate,707,1280,720,1920,1080,11.5538,12.5301,10.1775,1,1,0,0,0,0
1080,6,candidate,708,1280,720,1920,1080,11.2742,12.2583,9.90106,1,1,0,0,0,0
1080,6,candidate,709,1280,720,1920,1080,11.2384,12.2011,9.86419,1,1,0,0,0,0
1080,6,candidate,710,1280,720,1920,1080,11.2456,12.2659,9.87341,1,1,0,0,0,0
1080,6,candidate,711,1280,720,1920,1080,11.4268,12.3632,10.0547,1,1,0,0,0,0
1080,6,candidate,712,1280,720,1920,1080,11.2968,12.2106,9.92563,1,1,0,0,0,0
1080,6,candidate,713,1280,720,1920,1080,11.2364,12.235,9.8601,1,1,0,0,0,0
1080,6,candidate,714,1280,720,1920,1080,11.2507,12.1678,9.8816,1,1,0,0,0,0
1080,6,candidate,715,1280,720,1920,1080,11.4309,12.5081,9.80378,1,1,0,0,0,0
1080,6,candidate,716,1280,720,1920,1080,9.90413,11.0217,8.53709,1,1,0,0,0,0
1080,6,candidate,717,1280,720,1920,1080,10.6588,11.7608,9.2672,1,1,0,0,0,0
1080,6,candidate,718,1280,720,1920,1080,12.5491,13.6163,10.241,1,1,0,0,0,0
1080,6,candidate,719,1280,720,1920,1080,11.2271,12.4586,9.856,1,1,0,0,0,0
1080,6,candidate,720,1280,720,1920,1080,11.2517,12.4021,9.88058,1,1,0,0,0,0
1080,6,candidate,721,1280,720,1920,1080,10.0987,12.4959,8.72653,1,1,0,0,0,0
1080,6,candidate,722,1280,720,1920,1080,11.1729,12.1277,9.80275,1,1,0,0,0,0
1080,6,candidate,723,1280,720,1920,1080,11.3725,12.3453,9.99936,1,1,0,0,0,0
1080,6,candidate,724,1280,720,1920,1080,9.728,10.7432,8.35789,1,1,0,0,0,0
1080,6,candidate,725,1280,720,1920,1080,11.263,13.5855,9.88672,1,1,0,0,0,0
1080,6,candidate,726,1280,720,1920,1080,11.4893,12.4237,10.1161,1,1,0,0,0,0
1080,6,candidate,727,1280,720,1920,1080,11.4452,12.5227,10.0659,1,1,0,0,0,0
1080,6,candidate,728,1280,720,1920,1080,11.1288,12.215,9.7536,1,1,0,0,0,0
1080,6,candidate,729,1280,720,1920,1080,11.3183,12.335,9.66758,1,1,0,0,0,0
1080,6,candidate,730,1280,720,1920,1080,10.9578,12.0442,9.58669,1,1,0,0,0,0
1080,6,candidate,731,1280,720,1920,1080,11.4227,12.4558,10.0475,1,1,0,0,0,0
1080,6,candidate,732,1280,720,1920,1080,11.4698,12.5772,10.0966,1,1,0,0,0,0
1080,6,candidate,733,1280,720,1920,1080,11.4258,12.456,10.0516,1,1,0,0,0,0
1080,6,candidate,734,1280,720,1920,1080,11.4371,12.5536,10.0639,1,1,0,0,0,0
1080,6,candidate,735,1280,720,1920,1080,11.263,12.2797,9.88877,1,1,0,0,0,0
1080,6,candidate,736,1280,720,1920,1080,11.4647,12.4076,10.0925,1,1,0,0,0,0
1080,6,candidate,737,1280,720,1920,1080,11.4033,12.3143,10.028,1,1,0,0,0,0
1080,6,candidate,738,1280,720,1920,1080,11.4688,12.4255,10.0946,1,1,0,0,0,0
1080,6,candidate,739,1280,720,1920,1080,11.436,12.6337,10.0608,1,1,0,0,0,0
1080,6,candidate,740,1280,720,1920,1080,11.1964,12.2779,9.82426,1,1,0,0,0,0
1080,6,candidate,741,1280,720,1920,1080,11.3254,12.3669,9.95226,1,1,0,0,0,0
1080,6,candidate,742,1280,720,1920,1080,11.2589,12.1817,9.8857,1,1,0,0,0,0
1080,6,candidate,743,1280,720,1920,1080,11.2814,12.2562,9.90822,1,1,0,0,0,0
1080,6,candidate,744,1280,720,1920,1080,11.391,12.3886,9.7536,1,1,0,0,0,0
1080,6,candidate,745,1280,720,1920,1080,11.3633,12.4741,9.7239,1,1,0,0,0,0
1080,6,candidate,746,1280,720,1920,1080,11.2896,12.4159,9.6512,1,1,0,0,0,0
1080,6,candidate,747,1280,720,1920,1080,11.4289,12.4357,9.76998,1,1,0,0,0,0
1080,6,candidate,748,1280,720,1920,1080,11.4637,12.561,9.82221,1,1,0,0,0,0
1080,6,candidate,749,1280,720,1920,1080,11.4627,12.5436,9.66144,1,1,0,0,0,0
1080,6,candidate,750,1280,720,1920,1080,11.3295,12.4407,9.6809,1,1,0,0,0,0
1080,6,candidate,751,1280,720,1920,1080,11.3971,12.3231,9.76282,1,1,0,0,0,0
1080,6,candidate,752,1280,720,1920,1080,11.5077,12.5653,9.84576,1,1,0,0,0,0
1080,6,candidate,753,1280,720,1920,1080,11.349,12.555,9.71162,1,1,0,0,0,0
1080,6,candidate,754,1280,720,1920,1080,11.4094,12.5807,9.77408,1,1,0,0,0,0
1080,6,candidate,755,1280,720,1920,1080,11.4811,12.6571,9.8345,1,1,0,0,0,0
1080,6,candidate,756,1280,720,1920,1080,11.2589,12.3411,9.88672,1,1,0,0,0,0
1080,6,candidate,757,1280,720,1920,1080,11.4268,12.5298,9.78842,1,1,0,0,0,0
1080,6,candidate,758,1280,720,1920,1080,11.2599,12.3196,9.88672,1,1,0,0,0,0
1080,6,candidate,759,1280,720,1920,1080,11.4248,12.3462,9.79046,1,1,0,0,0,0
1080,6,candidate,760,1280,720,1920,1080,11.4401,12.4892,9.80787,1,1,0,0,0,0
1080,6,candidate,761,1280,720,1920,1080,11.394,12.4127,9.75565,1,1,0,0,0,0
1080,6,candidate,762,1280,720,1920,1080,11.3418,12.2907,9.78534,1,1,0,0,0,0
1080,6,candidate,763,1280,720,1920,1080,11.0131,12.1558,9.61741,1,1,0,0,0,0
1080,6,candidate,764,1280,720,1920,1080,11.3408,12.3568,9.68192,1,1,0,0,0,0
1080,6,candidate,765,1280,720,1920,1080,11.4934,12.5613,9.86214,1,1,0,0,0,0
1080,6,candidate,766,1280,720,1920,1080,11.136,12.4302,9.76486,1,1,0,0,0,0
1080,6,candidate,767,1280,720,1920,1080,11.307,12.313,9.6512,1,1,0,0,0,0
1080,6,candidate,768,1280,720,1920,1080,11.2609,12.3784,9.62662,1,1,0,0,0,0
1080,6,candidate,769,1280,720,1920,1080,11.2353,12.3975,9.8601,1,1,0,0,0,0
1080,6,candidate,770,1280,720,1920,1080,11.1555,12.3148,9.78637,1,1,0,0,0,0
1080,6,candidate,771,1280,720,1920,1080,11.222,12.4957,9.84883,1,1,0,0,0,0
1080,6,candidate,772,1280,720,1920,1080,11.3388,12.5039,9.96762,1,1,0,0,0,0
1080,6,candidate,773,1280,720,1920,1080,11.1462,12.4711,9.77306,1,1,0,0,0,0
1080,6,candidate,774,1280,720,1920,1080,11.1575,12.6216,9.78739,1,1,0,0,0,0
1080,6,candidate,775,1280,720,1920,1080,11.2845,12.718,9.91232,1,1,0,0,0,0
1080,6,candidate,776,1280,720,1920,1080,11.263,12.392,9.62458,1,1,0,0,0,0
1080,6,candidate,777,1280,720,1920,1080,11.2527,12.5255,9.8775,1,1,0,0,0,0
1080,6,candidate,778,1280,720,1920,1080,11.2701,12.2621,9.71776,1,1,0,0,0,0
1080,6,candidate,779,1280,720,1920,1080,11.2599,12.2291,9.88467,1,1,0,0,0,0
1080,6,candidate,780,1280,720,1920,1080,11.3193,12.3929,9.94816,1,1,0,0,0,0
1080,6,candidate,781,1280,720,1920,1080,11.4708,12.3869,10.0977,1,1,0,0,0,0
1080,6,candidate,782,1280,720,1920,1080,11.4657,12.3841,10.0823,1,1,0,0,0,0
1080,6,candidate,783,1280,720,1920,1080,11.0766,12.2943,9.70138,1,1,0,0,0,0
1080,6,candidate,784,1280,720,1920,1080,11.051,12.3782,9.67885,1,1,0,0,0,0
1080,6,candidate,785,1280,720,1920,1080,11.1155,12.2471,9.74131,1,1,0,0,0,0
1080,6,candidate,786,1280,720,1920,1080,9.92666,10.8439,8.55757,1,1,0,0,0,0
1080,6,candidate,787,1280,720,1920,1080,11.0725,12.0682,9.27642,1,1,0,0,0,0
1080,6,candidate,788,1280,720,1920,1080,12.7007,13.7816,10.4028,1,1,0,0,0,0
1080,6,candidate,789,1280,720,1920,1080,11.0397,12.2998,9.66451,1,1,0,0,0,0
1080,6,candidate,790,1280,720,1920,1080,11.262,12.2873,9.88774,1,1,0,0,0,0
1080,6,candidate,791,1280,720,1920,1080,11.4616,12.4423,10.0864,1,1,0,0,0,0
1080,6,candidate,792,1280,720,1920,1080,11.4094,12.3996,10.0362,1,1,0,0,0,0
1080,6,candidate,793,1280,720,1920,1080,11.2916,12.3265,9.91437,1,1,0,0,0,0
1080,6,candidate,794,1280,720,1920,1080,11.5149,12.746,10.1417,1,1,0,0,0,0
1080,6,candidate,795,1280,720,1920,1080,11.5077,12.5497,10.1315,1,1,0,0,0,0
1080,6,candidate,796,1280,720,1920,1080,11.7012,13.2118,10.3281,1,1,0,0,0,0
1080,6,candidate,797,1280,720,1920,1080,11.2712,12.6308,9.89491,1,1,0,0,0,0
1080,6,candidate,798,1280,720,1920,1080,11.2507,12.1824,9.87955,1,1,0,0,0,0
1080,6,candidate,799,1280,720,1920,1080,11.0469,12.2537,9.65939,1,1,0,0,0,0
1080,6,candidate,800,1280,720,1920,1080,11.7135,12.6286,10.0751,1,1,0,0,0,0
1080,6,candidate,801,1280,720,1920,1080,11.092,12.3349,9.71674,1,1,0,0,0,0
1080,6,candidate,802,1280,720,1920,1080,11.4913,12.4832,10.1171,1,1,0,0,0,0
1080,6,candidate,803,1280,720,1920,1080,11.3234,12.5146,9.95021,1,1,0,0,0,0
1080,6,candidate,804,1280,720,1920,1080,11.2712,12.3075,9.89901,1,1,0,0,0,0
1080,6,candidate,805,1280,720,1920,1080,12.0392,13.2222,10.6578,1,1,0,0,0,0
1080,6,candidate,806,1280,720,1920,1080,9.93075,10.955,8.56166,1,1,0,0,0,0
1080,6,candidate,807,1280,720,1920,1080,12.3259,13.3404,9.74131,1,1,0,0,0,0
1080,6,candidate,808,1280,720,1920,1080,10.9548,12.1116,8.33229,1,1,0,0,0,0
1080,6,candidate,809,1280,720,1920,1080,11.4473,12.3378,9.82733,1,1,0,0,0,0
1080,6,candidate,810,1280,720,1920,1080,11.3142,12.2445,9.94202,1,1,0,0,0,0
1080,6,candidate,811,1280,720,1920,1080,11.4258,12.3997,10.0526,1,1,0,0,0,0
1080,6,candidate,812,1280,720,1920,1080,11.2783,12.9688,9.9031,1,1,0,0,0,0
1080,6,candidate,813,1280,720,1920,1080,11.393,12.3508,10.0178,1,1,0,0,0,0
1080,6,candidate,814,1280,720,1920,1080,11.4493,12.5007,10.0772,1,1,0,0,0,0
1080,6,candidate,815,1280,720,1920,1080,11.4493,12.4944,10.0721,1,1,0,0,0,0
1080,6,candidate,816,1280,720,1920,1080,11.4637,12.3806,10.0915,1,1,0,0,0,0
1080,6,candidate,817,1280,720,1920,1080,11.479,12.3783,10.1048,1,1,0,0,0,0
1080,6,candidate,818,1280,720,1920,1080,11.4934,12.4105,10.1161,1,1,0,0,0,0
1080,6,candidate,819,1280,720,1920,1080,11.2978,12.275,9.92051,1,1,0,0,0,0
1080,6,candidate,820,1280,720,1920,1080,11.2292,12.1542,9.85805,1,1,0,0,0,0
1080,6,candidate,821,1280,720,1920,1080,11.4002,12.3065,9.76691,1,1,0,0,0,0
1080,6,candidate,822,1280,720,1920,1080,10.8892,12.0349,9.51603,1,1,0,0,0,0
1080,6,candidate,823,1280,720,1920,1080,9.77613,10.7446,8.40294,1,1,0,0,0,0
1080,6,candidate,824,1280,720,1920,1080,12.7816,13.8761,11.3613,1,1,0,0,0,0
1080,6,candidate,825,1280,720,1920,1080,11.3633,12.2863,9.71469,1,1,0,0,0,0
1080,6,candidate,826,1280,720,1920,1080,11.2476,12.5805,9.87341,1,1,0,0,0,0
1080,6,candidate,827,1280,720,1920,1080,11.1811,12.4182,9.62048,1,1,0,0,0,0
1080,6,candidate,828,1280,720,1920,1080,11.0428,12.2752,9.6727,1,1,0,0,0,0
1080,6,candidate,829,1280,720,1920,1080,11.2138,12.3936,9.83859,1,1,0,0,0,0
1080,6,candidate,830,1280,720,1920,1080,11.1923,12.8412,9.82016,1,1,0,0,0,0
1080,6,candidate,831,1280,720,1920,1080,11.3019,12.2383,9.67373,1,1,0,0,0,0
1080,6,candidate,832,1280,720,1920,1080,11.0438,12.4299,9.67066,1,1,0,0,0,0
1080,6,candidate,833,1280,720,1920,1080,11.3582,12.9081,9.98195,1,1,0,0,0,0
1080,6,candidate,834,1280,720,1920,1080,11.2169,12.2325,9.58362,1,1,0,0,0,0
1080,6,candidate,835,1280,720,1920,1080,11.1923,12.5908,9.81914,1,1,0,0,0,0
1080,6,candidate,836,1280,720,1920,1080,11.2824,12.3278,9.64608,1,1,0,0,0,0
1080,6,candidate,837,1280,720,1920,1080,11.2579,12.4639,9.8857,1,1,0,0,0,0
1080,6,candidate,838,1280,720,1920,1080,11.2579,12.7119,9.88365,1,1,0,0,0,0
1080,6,candidate,839,1280,720,1920,1080,11.1421,12.415,9.76998,1,1,0,0,0,0
1080,6,candidate,840,1280,720,1920,1080,11.4166,12.6571,9.78534,1,1,0,0,0,0
1080,6,candidate,841,1280,720,1920,1080,11.3039,12.233,9.66042,1,1,0,0,0,0
1080,6,candidate,842,1280,720,1920,1080,11.2599,12.8085,9.88774,1,1,0,0,0,0
1080,6,candidate,843,1280,720,1920,1080,11.3111,12.3381,9.66554,1,1,0,0,0,0
1080,6,candidate,844,1280,720,1920,1080,11.1575,12.4636,9.78739,1,1,0,0,0,0
1080,6,candidate,845,1280,720,1920,1080,11.5036,12.5346,9.85907,1,1,0,0,0,0
1080,6,candidate,846,1280,720,1920,1080,11.2783,12.3142,9.62662,1,1,0,0,0,0
1080,6,candidate,847,1280,720,1920,1080,11.2466,12.2821,9.60922,1,1,0,0,0,0
1080,6,candidate,848,1280,720,1920,1080,11.2435,12.7344,9.87034,1,1,0,0,0,0
1080,6,candidate,849,1280,720,1920,1080,11.222,12.6335,9.66144,1,1,0,0,0,0
1080,6,candidate,850,1280,720,1920,1080,11.2957,12.3304,9.91334,1,1,0,0,0,0
1080,6,candidate,851,1280,720,1920,1080,11.2742,12.2246,9.63789,1,1,0,0,0,0
1080,6,candidate,852,1280,720,1920,1080,11.2189,12.3917,9.84781,1,1,0,0,0,0
1080,6,candidate,853,1280,720,1920,1080,11.1524,12.3422,9.77818,1,1,0,0,0,0
1080,6,candidate,854,1280,720,1920,1080,11.4063,12.3748,10.0342,1,1,0,0,0,0
1080,6,candidate,855,1280,720,1920,1080,11.2691,12.2082,9.71571,1,1,0,0,0,0
1080,6,candidate,856,1280,720,1920,1080,11.1872,12.2683,9.81606,1,1,0,0,0,0
1080,6,candidate,857,1280,720,1920,1080,11.0172,12.1619,9.64198,1,1,0,0,0,0
1080,6,candidate,858,1280,720,1920,1080,9.86112,10.7742,8.49101,1,1,0,0,0,0
1080,6,candidate,859,1280,720,1920,1080,12.6863,13.6686,11.2937,1,1,0,0,0,0
1080,6,candidate,860,1280,720,1920,1080,11.3285,12.3105,9.71366,1,1,0,0,0,0
1080,6,candidate,861,1280,720,1920,1080,10.9384,12.0639,9.56518,1,1,0,0,0,0
1080,6,candidate,862,1280,720,1920,1080,11.5067,12.4865,10.1345,1,1,0,0,0,0
1080,6,candidate,863,1280,720,1920,1080,11.3551,12.3318,9.97786,1,1,0,0,0,0
1080,6,candidate,864,1280,720,1920,1080,11.3992,12.4634,10.028,1,1,0,0,0,0
1080,6,candidate,865,1280,720,1920,1080,11.4524,12.5529,10.0762,1,1,0,0,0,0
1080,6,candidate,866,1280,720,1920,1080,11.2302,12.2858,9.856,1,1,0,0,0,0
1080,6,candidate,867,1280,720,1920,1080,11.4678,12.4266,10.0946,1,1,0,0,0,0
1080,6,candidate,868,1280,720,1920,1080,11.4668,12.5529,10.0936,1,1,0,0,0,0
1080,6,candidate,869,1280,720,1920,1080,11.4883,12.9348,10.113,1,1,0,0,0,0
1080,6,candidate,870,1280,720,1920,1080,11.3275,12.5344,9.95533,1,1,0,0,0,0
1080,6,candidate,871,1280,720,1920,1080,11.3377,12.3263,9.9625,1,1,0,0,0,0
1080,6,candidate,872,1280,720,1920,1080,9.71059,10.8106,8.33843,1,1,0,0,0,0
1080,6,candidate,873,1280,720,1920,1080,12.6188,13.7165,11.2189,1,1,0,0,0,0
1080,6,candidate,874,1280,720,1920,1080,12.2204,13.1833,10.8411,1,1,0,0,0,0
1080,6,candidate,875,1280,720,1920,1080,11.1606,12.3093,9.78534,1,1,0,0,0,0
1080,6,candidate,876,1280,720,1920,1080,11.4678,12.4111,10.0936,1,1,0,0,0,0
1080,6,candidate,877,1280,720,1920,1080,11.2445,12.4334,9.86931,1,1,0,0,0,0
1080,6,candidate,878,1280,720,1920,1080,11.4524,12.476,10.0782,1,1,0,0,0,0
1080,6,candidate,879,1280,720,1920,1080,11.2312,12.2249,9.85805,1,1,0,0,0,0
1080,6,candidate,880,1280,720,1920,1080,11.2292,12.2094,9.85702,1,1,0,0,0,0
1080,6,candidate,881,1280,720,1920,1080,11.4217,12.596,10.0444,1,1,0,0,0,0
1080,6,candidate,882,1280,720,1920,1080,9.88877,10.8237,8.51661,1,1,0,0,0,0
1080,6,candidate,883,1280,720,1920,1080,9.4249,10.336,8.05274,1,1,0,0,0,0
1080,6,candidate,884,1280,720,1920,1080,12.4631,13.5956,11.0408,1,1,0,0,0,0
1080,6,candidate,885,1280,720,1920,1080,11.6613,12.7028,10.0004,1,1,0,0,0,0
1080,6,candidate,886,1280,720,1920,1080,11.2916,12.5454,9.92154,1,1,0,0,0,0
1080,6,candidate,887,1280,720,1920,1080,11.2486,12.1998,9.87546,1,1,0,0,0,0
1080,6,candidate,888,1280,720,1920,1080,11.2814,12.2737,9.90106,1,1,0,0,0,0
1080,6,candidate,889,1280,720,1920,1080,11.0019,12.1839,9.62662,1,1,0,0,0,0
1080,6,candidate,890,1280,720,1920,1080,11.2947,12.3129,9.91027,1,1,0,0,0,0
1080,6,candidate,891,1280,720,1920,1080,11.4422,12.5203,10.068,1,1,0,0,0,0
1080,6,candidate,892,1280,720,1920,1080,11.0162,12.1937,9.64301,1,1,0,0,0,0
1080,6,candidate,893,1280,720,1920,1080,11.5354,12.5618,10.1509,1,1,0,0,0,0
1080,6,candidate,894,1280,720,1920,1080,10.9527,12.2142,9.58259,1,1,0,0,0,0
1080,6,candidate,895,1280,720,1920,1080,11.4934,12.5387,10.1069,1,1,0,0,0,0
1080,6,candidate,896,1280,720,1920,1080,11.265,12.4085,9.88979,1,1,0,0,0,0
1080,6,candidate,897,1280,720,1920,1080,11.2292,12.2584,9.85293,1,1,0,0,0,0
1080,6,candidate,898,1280,720,1920,1080,11.2804,12.5009,9.9072,1,1,0,0,0,0
1080,6,candidate,899,1280,720,1920,1080,11.2323,12.3069,9.856,1,1,0,0,0,0
1080,6,candidate,900,1280,720,1920,1080,11.349,12.3797,9.97581,1,1,0,0,0,0
1080,6,candidate,901,1280,720,1920,1080,11.3101,12.3699,9.93485,1,1,0,0,0,0
1080,6,candidate,902,1280,720,1920,1080,11.4749,12.4415,10.1007,1,1,0,0,0,0
1080,6,candidate,903,1280,720,1920,1080,11.4094,12.4657,10.0332,1,1,0,0,0,0
1080,6,candidate,904,1280,720,1920,1080,11.3828,12.5141,10.0086,1,1,0,0,0,0
1080,6,candidate,905,1280,720,1920,1080,11.3183,12.4313,9.94202,1,1,0,0,0,0
1080,6,candidate,906,1280,720,1920,1080,11.393,12.3432,10.0198,1,1,0,0,0,0
1080,6,candidate,907,1280,720,1920,1080,11.0367,12.1359,9.62458,1,1,0,0,0,0
1080,6,candidate,908,1280,720,1920,1080,9.93178,10.9943,8.56064,1,1,0,0,0,0
1080,6,candidate,909,1280,720,1920,1080,11.1841,12.0518,9.80582,1,1,0,0,0,0
1080,6,candidate,910,1280,720,1920,1080,10.6455,11.7836,8.02304,1,1,0,0,0,0
1080,6,candidate,911,1280,720,1920,1080,11.2486,12.4552,9.87648,1,1,0,0,0,0
1080,6,candidate,912,1280,720,1920,1080,11.2845,12.185,9.9113,1,1,0,0,0,0
1080,6,candidate,913,1280,720,1920,1080,11.2415,12.2683,9.6215,1,1,0,0,0,0
1080,6,candidate,914,1280,720,1920,1080,11.2189,12.1841,9.84678,1,1,0,0,0,0
1080,6,candidate,915,1280,720,1920,1080,11.35,12.3504,9.97478,1,1,0,0,0,0
1080,6,candidate,916,1280,720,1920,1080,11.4422,12.4264,10.068,1,1,0,0,0,0
1080,6,candidate,917,1280,720,1920,1080,11.4227,12.3888,10.0475,1,1,0,0,0,0
1080,6,candidate,918,1280,720,1920,1080,11.2742,12.2246,9.89901,1,1,0,0,0,0
1080,6,candidate,919,1280,720,1920,1080,11.4729,12.6199,9.84883,1,1,0,0,0,0
1080,6,candidate,920,1280,720,1920,1080,11.2128,12.2739,9.83859,1,1,0,0,0,0
1080,6,candidate,921,1280,720,1920,1080,11.2947,12.5305,9.91949,1,1,0,0,0,0
1080,6,candidate,922,1280,720,1920,1080,11.3142,12.2396,9.93997,1,1,0,0,0,0
1080,6,candidate,923,1280,720,1920,1080,11.2804,12.2366,9.90413,1,1,0,0,0,0
1080,6,candidate,924,1280,720,1920,1080,11.4995,12.4471,9.87546,1,1,0,0,0,0
1080,6,candidate,925,1280,720,1920,1080,11.2876,12.3347,9.91027,1,1,0,0,0,0
1080,6,candidate,926,1280,720,1920,1080,11.3193,12.4572,9.69523,1,1,0,0,0,0
1080,6,candidate,927,1280,720,1920,1080,11.4084,12.3429,9.78534,1,1,0,0,0,0
1080,6,candidate,928,1280,720,1920,1080,11.3203,12.3406,9.6983,1,1,0,0,0,0
1080,6,candidate,929,1280,720,1920,1080,11.4442,12.4808,9.81811,1,1,0,0,0,0
1080,6,candidate,930,1280,720,1920,1080,11.2824,12.2229,9.65939,1,1,0,0,0,0
1080,6,candidate,931,1280,720,1920,1080,11.2794,12.348,9.90515,1,1,0,0,0,0
1080,6,candidate,932,1280,720,1920,1080,11.223,12.2374,9.84781,1,1,0,0,0,0
1080,6,candidate,933,1280,720,1920,1080,11.2876,12.3524,9.66144,1,1,0,0,0,0
1080,6,candidate,934,1280,720,1920,1080,11.1616,12.2888,9.78842,1,1,0,0,0,0
1080,6,candidate,935,1280,720,1920,1080,11.351,12.3859,9.97581,1,1,0,0,0,0
1080,6,candidate,936,1280,720,1920,1080,11.2957,12.3238,9.92154,1,1,0,0,0,0
1080,6,candidate,937,1280,720,1920,1080,11.0019,12.1396,9.6256,1,1,0,0,0,0
1080,6,candidate,938,1280,720,1920,1080,11.2998,12.3257,9.92358,1,1,0,0,0,0
1080,6,candidate,939,1280,720,1920,1080,11.2896,12.2551,9.91437,1,1,0,0,0,0
1080,6,candidate,940,1280,720,1920,1080,11.1043,12.3452,9.73107,1,1,0,0,0,0
1080,6,candidate,941,1280,720,1920,1080,11.2845,12.2538,9.90003,1,1,0,0,0,0
1080,6,candidate,942,1280,720,1920,1080,10.9496,12.0268,9.57542,1,1,0,0,0,0
1080,6,candidate,943,1280,720,1920,1080,11.4012,12.4415,10.025,1,1,0,0,0,0
1080,6,candidate,944,1280,720,1920,1080,11.2927,12.4995,9.91744,1,1,0,0,0,0
1080,6,candidate,945,1280,720,1920,1080,11.1186,12.2463,9.73005,1,1,0,0,0,0
1080,6,candidate,946,1280,720,1920,1080,11.4401,12.4431,10.0628,1,1,0,0,0,0
1080,6,candidate,947,1280,720,1920,1080,11.4657,12.5331,10.0905,1,1,0,0,0,0
1080,6,candidate,948,1280,720,1920,1080,11.4463,12.4929,10.071,1,1,0,0,0,0
1080,6,candidate,949,1280,720,1920,1080,11.4135,12.4575,10.0352,1,1,0,0,0,0
1080,6,candidate,950,1280,720,1920,1080,11.4493,12.4495,10.0741,1,1,0,0,0,0
1080,6,candidate,951,1280,720,1920,1080,11.3183,12.427,9.93997,1,1,0,0,0,0
1080,6,candidate,952,1280,720,1920,1080,9.76282,10.7281,8.38861,1,1,0,0,0,0
1080,6,candidate,953,1280,720,1920,1080,11.2732,12.2403,9.89798,1,1,0,0,0,0
1080,6,candidate,954,1280,720,1920,1080,11.3807,13.4662,9.98093,1,1,0,0,0,0
1080,6,candidate,955,1280,720,1920,1080,11.0049,11.9994,9.6297,1,1,0,0,0,0
1080,6,candidate,956,1280,720,1920,1080,11.306,12.1795,9.65939,1,1,0,0,0,0
1080,6,candidate,957,1280,720,1920,1080,11.6838,12.6458,9.9881,1,1,0,0,0,0
1080,6,candidate,958,1280,720,1920,1080,11.2671,12.4623,9.89184,1,1,0,0,0,0
1080,6,candidate,959,1280,720,1920,1080,11.2292,12.2625,9.8519,1,1,0,0,0,0
1080,6,candidate,960,1280,720,1920,1080,11.2722,12.2685,9.89286,1,1,0,0,0,0
1080,6,candidate,961,1280,720,1920,1080,11.3521,12.358,9.97786,1,1,0,0,0,0
1080,6,candidate,962,1280,720,1920,1080,11.3705,12.3963,9.99526,1,1,0,0,0,0
1080,6,candidate,963,1280,720,1920,1080,11.2415,12.4656,9.86419,1,1,0,0,0,0
1080,6,candidate,964,1280,720,1920,1080,11.3613,12.3102,9.72698,1,1,0,0,0,0
1080,6,candidate,965,1280,720,1920,1080,11.0254,12.2946,9.65018,1,1,0,0,0,0
1080,6,candidate,966,1280,720,1920,1080,11.1124,12.2434,9.73824,1,1,0,0,0,0
1080,6,candidate,967,1280,720,1920,1080,11.3234,12.4796,9.94611,1,1,0,0,0,0
1080,6,candidate,968,1280,720,1920,1080,11.3121,12.2955,9.9369,1,1,0,0,0,0
1080,6,candidate,969,1280,720,1920,1080,11.135,12.4212,9.75872,1,1,0,0,0,0
1080,6,candidate,970,1280,720,1920,1080,11.2599,12.2411,9.88672,1,1,0,0,0,0
1080,6,candidate,971,1280,720,1920,1080,11.5036,12.745,10.1263,1,1,0,0,0,0
1080,6,candidate,972,1280,720,1920,1080,11.1493,12.2696,9.77408,1,1,0,0,0,0
1080,6,candidate,973,1280,720,1920,1080,11.3275,12.2953,9.94611,1,1,0,0,0,0
1080,6,candidate,974,1280,720,1920,1080,11.2794,12.2743,9.90515,1,1,0,0,0,0
1080,6,candidate,975,1280,720,1920,1080,11.3644,12.3512,9.98707,1,1,0,0,0,0
1080,6,candidate,976,1280,720,1920,1080,11.308,12.5204,9.93178,1,1,0,0,0,0
1080,6,candidate,977,1280,720,1920,1080,11.2824,12.3774,9.90413,1,1,0,0,0,0
1080,6,candidate,978,1280,720,1920,1080,11.2783,12.3752,9.90208,1,1,0,0,0,0
1080,6,candidate,979,1280,720,1920,1080,11.2814,12.2513,9.90413,1,1,0,0,0,0
1080,6,candidate,980,1280,720,1920,1080,11.4555,12.4499,10.0792,1,1,0,0,0,0
1080,6,candidate,981,1280,720,1920,1080,11.4442,12.4321,10.068,1,1,0,0,0,0
1080,6,candidate,982,1280,720,1920,1080,11.4104,12.3412,10.0332,1,1,0,0,0,0
1080,6,candidate,983,1280,720,1920,1080,11.3162,12.2659,9.93997,1,1,0,0,0,0
1080,6,candidate,984,1280,720,1920,1080,11.4555,12.5272,9.81504,1,1,0,0,0,0
1080,6,candidate,985,1280,720,1920,1080,11.4801,12.4567,9.84064,1,1,0,0,0,0
1080,6,candidate,986,1280,720,1920,1080,11.4842,12.4367,9.84269,1,1,0,0,0,0
1080,6,candidate,987,1280,720,1920,1080,11.4565,12.5523,9.79558,1,1,0,0,0,0
1080,6,candidate,988,1280,720,1920,1080,11.4586,12.4698,9.81709,1,1,0,0,0,0
1080,6,candidate,989,1280,720,1920,1080,11.3183,12.2551,9.93997,1,1,0,0,0,0
1080,6,candidate,990,1280,720,1920,1080,11.2609,12.269,9.8857,1,1,0,0,0,0
1080,6,candidate,991,1280,720,1920,1080,11.4964,12.5244,9.85498,1,1,0,0,0,0
1080,6,candidate,992,1280,720,1920,1080,11.262,12.3883,9.62253,1,1,0,0,0,0
1080,6,candidate,993,1280,720,1920,1080,11.4995,12.6312,9.84678,1,1,0,0,0,0
1080,6,candidate,994,1280,720,1920,1080,11.4432,12.5264,9.80787,1,1,0,0,0,0
1080,6,candidate,995,1280,720,1920,1080,11.2476,12.2932,9.87136,1,1,0,0,0,0
1080,6,candidate,996,1280,720,1920,1080,11.4534,12.4181,9.82016,1,1,0,0,0,0
1080,6,candidate,997,1280,720,1920,1080,11.3244,12.5611,9.94611,1,1,0,0,0,0
1080,6,candidate,998,1280,720,1920,1080,11.6091,12.7514,9.96147,1,1,0,0,0,0
1080,6,candidate,999,1280,720,1920,1080,11.4258,12.487,10.0485,1,1,0,0,0,0
1080,6,candidate,1000,1280,720,1920,1080,11.5425,12.6004,9.89696,1,1,0,0,0,0
1080,6,candidate,1001,1280,720,1920,1080,11.4749,12.4442,9.81811,1,1,0,0,0,0
1080,6,candidate,1002,1280,720,1920,1080,11.2824,12.3625,9.90822,1,1,0,0,0,0
1080,6,candidate,1003,1280,720,1920,1080,11.2916,12.3315,9.91437,1,1,0,0,0,0
1080,6,candidate,1004,1280,720,1920,1080,11.4831,12.5139,9.84781,1,1,0,0,0,0
1080,6,candidate,1005,1280,720,1920,1080,11.2056,12.2713,9.8263,1,1,0,0,0,0
1080,6,candidate,1006,1280,720,1920,1080,11.2773,12.3331,9.9031,1,1,0,0,0,0
1080,6,candidate,1007,1280,720,1920,1080,11.3695,12.4107,9.82016,1,1,0,0,0,0
1080,6,candidate,1008,1280,720,1920,1080,11.4924,12.6269,10.1161,1,1,0,0,0,0
1080,6,candidate,1009,1280,720,1920,1080,11.4299,12.4584,9.79046,1,1,0,0,0,0
1080,6,candidate,1010,1280,720,1920,1080,11.4934,12.7691,9.856,1,1,0,0,0,0
1080,6,candidate,1011,1280,720,1920,1080,11.5016,12.6314,9.86522,1,1,0,0,0,0
1080,6,candidate,1012,1280,720,1920,1080,11.0039,12.1522,9.63072,1,1,0,0,0,0
1080,6,candidate,1013,1280,720,1920,1080,11.9255,12.8703,10.3035,1,1,0,0,0,0
1080,6,candidate,1014,1280,720,1920,1080,11.4063,12.4117,10.0311,1,1,0,0,0,0
1080,6,candidate,1015,1280,720,1920,1080,11.4412,12.5026,9.81299,1,1,0,0,0,0
1080,6,candidate,1016,1280,720,1920,1080,11.2978,12.2725,9.92154,1,1,0,0,0,0
1080,6,candidate,1017,1280,720,1920,1080,11.4606,12.405,9.83142,1,1,0,0,0,0
1080,6,candidate,1018,1280,720,1920,1080,11.4534,12.44,9.81402,1,1,0,0,0,0
1080,6,candidate,1019,1280,720,1920,1080,11.4391,12.4731,9.81299,1,1,0,0,0,0
1080,6,candidate,1020,1280,720,1920,1080,11.4545,12.5037,9.81709,1,1,0,0,0,0
1080,6,candidate,1021,1280,720,1920,1080,11.4627,12.5998,9.8304,1,1,0,0,0,0
1080,6,candidate,1022,1280,720,1920,1080,11.3203,12.2387,9.94509,1,1,0,0,0,0
1080,6,candidate,1023,1280,720,1920,1080,11.4749,12.46,9.83962,1,1,0,0,0,0
1080,6,candidate,1024,1280,720,1920,1080,11.4801,12.5609,9.85498,1,1,0,0,0,0
1080,6,candidate,1025,1280,720,1920,1080,11.434,12.4153,9.79149,1,1,0,0,0,0
1080,6,candidate,1026,1280,720,1920,1080,11.4842,12.3959,9.85805,1,1,0,0,0,0
1080,6,candidate,1027,1280,720,1920,1080,11.4565,12.4225,9.8263,1,1,0,0,0,0
1080,6,candidate,1028,1280,720,1920,1080,11.4596,12.3876,9.81709,1,1,0,0,0,0
1080,6,candidate,1029,1280,720,1920,1080,11.2507,12.1922,9.61946,1,1,0,0,0,0
1080,6,candidate,1030,1280,720,1920,1080,11.4156,12.412,9.78739,1,1,0,0,0,0
1080,6,candidate,1031,1280,720,1920,1080,11.2988,12.2249,9.67578,1,1,0,0,0,0
1080,6,candidate,1032,1280,720,1920,1080,11.2763,12.5777,9.90003,1,1,0,0,0,0
1080,6,candidate,1033,1280,720,1920,1080,11.2763,12.3939,9.63789,1,1,0,0,0,0
1080,6,candidate,1034,1280,720,1920,1080,11.2507,12.4864,9.87546,1,1,0,0,0,0
1080,6,candidate,1035,1280,720,1920,1080,11.1985,12.2657,9.64813,1,1,0,0,0,0
1080,6,candidate,1036,1280,720,1920,1080,11.3848,12.3232,10.0096,1,1,0,0,0,0
1080,6,candidate,1037,1280,720,1920,1080,11.3469,12.8306,9.96557,1,1,0,0,0,0
1080,6,candidate,1038,1280,720,1920,1080,11.2435,12.7058,9.86931,1,1,0,0,0,0
1080,6,candidate,1039,1280,720,1920,1080,11.2681,12.3154,9.88877,1,1,0,0,0,0
1080,6,candidate,1040,1280,720,1920,1080,11.0213,12.3833,9.64506,1,1,0,0,0,0
1080,6,candidate,1041,1280,720,1920,1080,11.4094,12.352,10.0321,1,1,0,0,0,0
1080,6,candidate,1042,1280,720,1920,1080,11.1217,12.3584,8.448,1,1,0,0,0,0
1080,6,candidate,1043,1280,720,1920,1080,11.3715,12.4525,9.98912,1,1,0,0,0,0
1080,6,candidate,1044,1280,720,1920,1080,11.0131,11.9958,9.63584,1,1,0,0,0,0
1080,6,candidate,1045,1280,720,1920,1080,11.2927,12.2297,9.91334,1,1,0,0,0,0
1080,6,candidate,1046,1280,720,1920,1080,11.0377,12.1877,9.65837,1,1,0,0,0,0
1080,6,candidate,1047,1280,720,1920,1080,11.0909,12.1777,9.71469,1,1,0,0,0,0
1080,6,candidate,1048,1280,720,1920,1080,11.2753,12.2692,9.89696,1,1,0,0,0,0
1080,6,candidate,1049,1280,720,1920,1080,11.2148,12.5012,9.83245,1,1,0,0,0,0
1080,6,candidate,1050,1280,720,1920,1080,11.2671,12.2032,9.71162,1,1,0,0,0,0
1080,6,candidate,1051,1280,720,1920,1080,11.2456,12.1842,9.86726,1,1,0,0,0,0
1080,6,candidate,1052,1280,720,1920,1080,11.4801,12.384,10.1028,1,1,0,0,0,0
1080,6,candidate,1053,1280,720,1920,1080,11.4627,12.3919,10.0823,1,1,0,0,0,0
1080,6,candidate,1054,1280,720,1920,1080,11.2476,12.1464,9.87034,1,1,0,0,0,0
1080,6,candidate,1055,1280,720,1920,1080,11.2998,12.3137,9.92154,1,1,0,0,0,0
1080,6,candidate,1056,1280,720,1920,1080,11.2804,12.2311,9.9031,1,1,0,0,0,0
1080,6,candidate,1057,1280,720,1920,1080,11.4924,12.7168,9.86112,1,1,0,0,0,0
1080,6,candidate,1058,1280,720,1920,1080,11.3306,12.3832,9.95328,1,1,0,0,0,0
1080,6,candidate,1059,1280,720,1920,1080,11.2794,12.3523,9.89901,1,1,0,0,0,0
1080,6,candidate,1060,1280,720,1920,1080,11.4432,12.4423,9.81811,1,1,0,0,0,0
1080,6,candidate,1061,1280,720,1920,1080,11.3603,12.3588,9.71571,1,1,0,0,0,0
1080,6,candidate,1062,1280,720,1920,1080,11.521,12.5731,9.88672,1,1,0,0,0,0
1080,6,candidate,1063,1280,720,1920,1080,11.4463,12.4713,9.79866,1,1,0,0,0,0
1080,6,candidate,1064,1280,720,1920,1080,11.4196,12.4098,9.79251,1,1,0,0,0,0
1080,6,candidate,1065,1280,720,1920,1080,11.2773,12.234,9.89491,1,1,0,0,0,0
1080,6,candidate,1066,1280,720,1920,1080,11.477,12.4797,9.84781,1,1,0,0,0,0
1080,6,candidate,1067,1280,720,1920,1080,11.2548,12.2452,9.6256,1,1,0,0,0,0
1080,6,candidate,1068,1280,720,1920,1080,11.476,12.5334,9.84269,1,1,0,0,0,0
1080,6,candidate,1069,1280,720,1920,1080,12.1702,13.1506,10.7796,1,1,0,0,0,0
1080,6,candidate,1070,1280,720,1920,1080,11.4596,12.4142,9.82426,1,1,0,0,0,0
1080,6,candidate,1071,1280,720,1920,1080,11.3357,12.6066,9.95635,1,1,0,0,0,0
1080,6,candidate,1072,1280,720,1920,1080,11.3172,12.3518,9.93997,1,1,0,0,0,0
1080,6,candidate,1073,1280,720,1920,1080,11.2927,12.2042,9.91334,1,1,0,0,0,0
1080,6,candidate,1074,1280,720,1920,1080,11.4698,12.4487,9.83962,1,1,0,0,0,0
1080,6,candidate,1075,1280,720,1920,1080,11.4903,12.4033,9.85088,1,1,0,0,0,0
1080,6,candidate,1076,1280,720,1920,1080,11.4524,12.4174,9.81811,1,1,0,0,0,0
1080,6,candidate,1077,1280,720,1920,1080,11.4586,12.4542,9.82528,1,1,0,0,0,0
1080,6,candidate,1078,1280,720,1920,1080,12.119,13.4902,10.7325,1,1,0,0,0,0
1080,6,candidate,1079,1280,720,1920,1080,11.4883,12.5462,10.1089,1,1,0,0,0,0
1080,6,candidate,1080,1280,720,1920,1080,11.435,12.5284,10.0598,1,1,0,0,0,0
1080,6,candidate,1081,1280,720,1920,1080,11.2978,12.2885,9.91846,1,1,0,0,0,0
1080,6,candidate,1082,1280,720,1920,1080,11.4145,12.3427,10.0372,1,1,0,0,0,0
1080,6,candidate,1083,1280,720,1920,1080,11.3172,12.2702,9.93382,1,1,0,0,0,0
1080,6,candidate,1084,1280,720,1920,1080,11.308,12.3374,9.9287,1,1,0,0,0,0
1080,6,candidate,1085,1280,720,1920,1080,11.3029,12.2855,9.92154,1,1,0,0,0,0
1080,6,candidate,1086,1280,720,1920,1080,11.5036,12.445,9.87546,1,1,0,0,0,0
1080,6,candidate,1087,1280,720,1920,1080,11.4975,12.4492,9.86317,1,1,0,0,0,0
1080,6,candidate,1088,1280,720,1920,1080,11.4893,12.4468,9.85907,1,1,0,0,0,0
1080,6,candidate,1089,1280,720,1920,1080,11.4688,12.4229,9.83654,1,1,0,0,0,0
1080,6,candidate,1090,1280,720,1920,1080,11.4893,12.6792,9.86522,1,1,0,0,0,0
1080,6,candidate,1091,1280,720,1920,1080,11.4586,12.4997,9.8263,1,1,0,0,0,0
1080,6,candidate,1092,1280,720,1920,1080,11.2804,12.2512,9.90106,1,1,0,0,0,0
1080,6,candidate,1093,1280,720,1920,1080,9.91846,10.9993,8.54016,1,1,0,0,0,0
1080,6,candidate,1094,1280,720,1920,1080,12.3423,13.4121,10.0526,1,1,0,0,0,0
1080,6,candidate,1095,1280,720,1920,1080,9.77715,10.749,8.39782,1,1,0,0,0,0
1080,6,candidate,1096,1280,720,1920,1080,12.8522,13.846,10.5718,1,1,0,0,0,0
1080,6,candidate,1097,1280,720,1920,1080,11.1196,12.3301,9.73824,1,1,0,0,0,0
1080,6,candidate,1098,1280,720,1920,1080,11.3336,12.6344,9.95533,1,1,0,0,0,0
1080,6,candidate,1099,1280,720,1920,1080,10.0813,11.2263,8.704,1,1,0,0,0,0
1080,6,candidate,1100,1280,720,1920,1080,12.4508,13.5174,10.1683,1,1,0,0,0,0
1080,6,candidate,1101,1280,720,1920,1080,11.2026,12.3237,9.82221,1,1,0,0,0,0
1080,6,candidate,1102,1280,720,1920,1080,11.4964,12.4801,10.1181,1,1,0,0,0,0
1080,6,candidate,1103,1280,720,1920,1080,11.01,12.0917,9.63072,1,1,0,0,0,0
1080,6,candidate,1104,1280,720,1920,1080,11.049,12.2002,9.67168,1,1,0,0,0,0
1080,6,candidate,1105,1280,720,1920,1080,11.2077,12.2151,9.82118,1,1,0,0,0,0
1080,6,candidate,1106,1280,720,1920,1080,11.2947,12.2974,9.6727,1,1,0,0,0,0
1080,6,candidate,1107,1280,720,1920,1080,11.2466,12.3292,9.86726,1,1,0,0,0,0
1080,6,candidate,1108,1280,720,1920,1080,11.4473,12.5109,10.0618,1,1,0,0,0,0
1080,6,candidate,1109,1280,720,1920,1080,11.2876,12.3247,9.90515,1,1,0,0,0,0
1080,6,candidate,1110,1280,720,1920,1080,11.0572,12.1769,9.67578,1,1,0,0,0,0
1080,6,candidate,1111,1280,720,1920,1080,10.9896,12.0641,9.56621,1,1,0,0,0,0
1080,6,candidate,1112,1280,720,1920,1080,11.3091,12.342,9.9328,1,1,0,0,0,0
1080,6,candidate,1113,1280,720,1920,1080,11.3859,12.296,9.75872,1,1,0,0,0,0
1080,6,candidate,1114,1280,720,1920,1080,11.2097,12.3011,9.83347,1,1,0,0,0,0
1080,6,candidate,1115,1280,720,1920,1080,11.2876,12.1967,9.90413,1,1,0,0,0,0
1080,6,candidate,1116,1280,720,1920,1080,11.5026,12.4928,9.86214,1,1,0,0,0,0
1080,6,candidate,1117,1280,720,1920,1080,11.351,12.3265,9.70342,1,1,0,0,0,0
1080,6,candidate,1118,1280,720,1920,1080,11.3521,12.6513,9.71162,1,1,0,0,0,0
1080,6,candidate,1119,1280,720,1920,1080,11.3213,12.3484,9.93997,1,1,0,0,0,0
1080,6,candidate,1120,1280,720,1920,1080,11.4524,12.4209,9.80173,1,1,0,0,0,0
1080,6,candidate,1121,1280,720,1920,1080,11.4954,12.7164,9.84986,1,1,0,0,0,0
1080,6,candidate,1122,1280,720,1920,1080,11.4627,12.602,9.82426,1,1,0,0,0,0
1080,6,candidate,1123,1280,720,1920,1080,11.305,12.3054,9.92461,1,1,0,0,0,0
1080,6,candidate,1124,1280,720,1920,1080,11.4596,12.3888,9.82118,1,1,0,0,0,0
1080,6,candidate,1125,1280,720,1920,1080,11.5139,12.5453,9.79149,1,1,0,0,0,0
1080,6,candidate,1126,1280,720,1920,1080,11.6204,12.6966,9.96966,1,1,0,0,0,0
1080,6,candidate,1127,1280,720,1920,1080,11.4371,12.5307,9.79354,1,1,0,0,0,0
1080,6,candidate,1128,1280,720,1920,1080,11.3572,12.377,9.97786,1,1,0,0,0,0
1080,6,candidate,1129,1280,720,1920,1080,11.5384,12.689,9.89491,1,1,0,0,0,0
1080,6,candidate,1130,1280,720,1920,1080,11.4657,12.5643,9.82528,1,1,0,0,0,0
1080,6,candidate,1131,1280,720,1920,1080,11.263,12.258,9.88262,1,1,0,0,0,0
1080,6,candidate,1132,1280,720,1920,1080,11.2589,12.1879,9.8816,1,1,0,0,0,0
1080,6,candidate,1133,1280,720,1920,1080,11.5036,12.5548,9.86112,1,1,0,0,0,0
1080,6,candidate,1134,1280,720,1920,1080,11.564,12.6194,9.90515,1,1,0,0,0,0
1080,6,candidate,1135,1280,720,1920,1080,11.9142,12.9991,10.2676,1,1,0,0,0,0
1080,6,candidate,1136,1280,720,1920,1080,11.2947,12.3214,9.91437,1,1,0,0,0,0
1080,6,candidate,1137,1280,720,1920,1080,11.2814,12.3381,9.89798,1,1,0,0,0,0
1080,6,candidate,1138,1280,720,1920,1080,11.5804,12.7818,9.93997,1,1,0,0,0,0
1080,6,candidate,1139,1280,720,1920,1080,9.72595,10.7441,8.3456,1,1,0,0,0,0
1080,6,candidate,1140,1280,720,1920,1080,12.8522,13.9504,11.4401,1,1,0,0,0,0
1080,6,candidate,1141,1280,720,1920,1080,11.5743,12.834,10.1837,1,1,0,0,0,0
1080,6,candidate,1142,1280,720,1920,1080,11.6152,12.5659,10.238,1,1,0,0,0,0
1080,6,candidate,1143,1280,720,1920,1080,11.4831,12.5423,10.1028,1,1,0,0,0,0
1080,6,candidate,1144,1280,720,1920,1080,11.1544,12.3741,9.75667,1,1,0,0,0,0
1080,6,candidate,1145,1280,720,1920,1080,11.5384,12.5538,10.156,1,1,0,0,0,0
1080,6,candidate,1146,1280,720,1920,1080,11.4852,12.4143,10.1059,1,1,0,0,0,0
1080,6,candidate,1147,1280,720,1920,1080,11.3459,12.4928,9.96352,1,1,0,0,0,0
1080,6,candidate,1148,1280,720,1920,1080,11.2507,12.3133,9.85498,1,1,0,0,0,0
1080,6,candidate,1149,1280,720,1920,1080,11.5558,12.5649,10.1673,1,1,0,0,0,0
1080,6,candidate,1150,1280,720,1920,1080,11.689,12.61,10.0588,1,1,0,0,0,0
1080,6,candidate,1151,1280,720,1920,1080,11.4473,12.3685,10.0659,1,1,0,0,0,0
1080,6,candidate,1152,1280,720,1920,1080,11.4473,12.4647,10.0669,1,1,0,0,0,0
1080,6,candidate,1153,1280,720,1920,1080,11.3613,12.5096,9.98093,1,1,0,0,0,0
1080,6,candidate,1154,1280,720,1920,1080,11.436,12.5059,10.0567,1,1,0,0,0,0
1080,6,candidate,1155,1280,720,1920,1080,11.4493,12.437,10.0659,1,1,0,0,0,0
1080,6,candidate,1156,1280,720,1920,1080,11.4391,12.3795,10.0598,1,1,0,0,0,0
1080,6,candidate,1157,1280,720,1920,1080,11.2589,12.4869,9.87955,1,1,0,0,0,0
1080,6,candidate,1158,1280,720,1920,1080,11.4514,12.3887,10.0741,1,1,0,0,0,0
1080,6,candidate,1159,1280,720,1920,1080,11.2538,12.1994,9.87546,1,1,0,0,0,0
1080,6,candidate,1160,1280,720,1920,1080,11.2691,12.2174,9.89286,1,1,0,0,0,0
1080,6,candidate,1161,1280,720,1920,1080,11.264,12.4075,9.88262,1,1,0,0,0,0
1080,6,candidate,1162,1280,720,1920,1080,11.2097,12.1609,9.83245,1,1,0,0,0,0
1080,6,candidate,1163,1280,720,1920,1080,11.4381,12.4678,10.0547,1,1,0,0,0,0
1080,6,candidate,1164,1280,720,1920,1080,11.4268,12.5114,9.78944,1,1,0,0,0,0
1080,6,candidate,1165,1280,720,1920,1080,11.4883,12.5723,9.84474,1,1,0,0,0,0
1080,6,candidate,1166,1280,720,1920,1080,11.393,12.3546,9.67475,1,1,0,0,0,0
1080,6,candidate,1167,1280,720,1920,1080,11.4637,12.4933,9.82016,1,1,0,0,0,0
1080,6,candidate,1168,1280,720,1920,1080,11.4514,12.4468,9.81197,1,1,0,0,0,0
1080,6,candidate,1169,1280,720,1920,1080,11.4739,12.524,9.83245,1,1,0,0,0,0
1080,6,candidate,1170,1280,720,1920,1080,11.4432,12.4555,9.8048,1,1,0,0,0,0
1080,6,candidate,1171,1280,720,1920,1080,11.4698,12.6906,9.82733,1,1,0,0,0,0
1080,6,candidate,1172,1280,720,1920,1080,11.4698,12.4782,9.83245,1,1,0,0,0,0
1080,6,candidate,1173,1280,720,1920,1080,11.2189,12.3668,9.78534,1,1,0,0,0,0
1080,6,candidate,1174,1280,720,1920,1080,11.393,12.3844,9.78432,1,1,0,0,0,0
1080,6,candidate,1175,1280,720,1920,1080,12.0556,12.9656,10.6639,1,1,0,0,0,0
1080,6,candidate,1176,1280,720,1920,1080,11.2845,12.2436,9.90822,1,1,0,0,0,0
1080,6,candidate,1177,1280,720,1920,1080,11.4954,12.4357,9.82426,1,1,0,0,0,0
1080,6,candidate,1178,1280,720,1920,1080,11.0418,12.1168,8.38656,1,1,0,0,0,0
1080,6,candidate,1179,1280,720,1920,1080,11.0152,12.1191,8.38861,1,1,0,0,0,0
1080,6,candidate,1180,1280,720,1920,1080,11.0029,12.1456,9.62867,1,1,0,0,0,0
1080,6,candidate,1181,1280,720,1920,1080,11.1268,12.1223,9.74643,1,1,0,0,0,0
1080,6,candidate,1182,1280,720,1920,1080,11.3449,12.3437,9.96864,1,1,0,0,0,0
1080,6,candidate,1183,1280,720,1920,1080,11.2783,12.3203,9.89798,1,1,0,0,0,0
1080,6,candidate,1184,1280,720,1920,1080,11.7309,12.718,8.3753,1,1,0,0,0,0
1080,6,candidate,1185,1280,720,1920,1080,11.1012,12.3208,9.7239,1,1,0,0,0,0
1080,6,candidate,1186,1280,720,1920,1080,11.1544,12.5538,9.78022,1,1,0,0,0,0
1080,6,candidate,1187,1280,720,1920,1080,11.2753,12.2972,9.89696,1,1,0,0,0,0
1080,6,candidate,1188,1280,720,1920,1080,11.0172,12.1248,9.64301,1,1,0,0,0,0
1080,6,candidate,1189,1280,720,1920,1080,11.3664,12.2825,9.98298,1,1,0,0,0,0
1080,6,candidate,1190,1280,720,1920,1080,11.563,12.5014,9.94816,1,1,0,0,0,0
1080,6,candidate,1191,1280,720,1920,1080,11.136,12.2146,9.76077,1,1,0,0,0,0
1080,6,candidate,1192,1280,720,1920,1080,11.7555,12.8359,10.3721,1,1,0,0,0,0
1080,6,candidate,1193,1280,720,1920,1080,9.80685,10.7838,8.42854,1,1,0,0,0,0
1080,6,candidate,1194,1280,720,1920,1080,10.3076,13.4425,8.92621,1,1,0,0,0,0
1080,6,candidate,1195,1280,720,1920,1080,11.4135,12.6007,10.0321,1,1,0,0,0,0
1080,6,candidate,1196,1280,720,1920,1080,11.2538,12.2098,9.87648,1,1,0,0,0,0
1080,6,candidate,1197,1280,720,1920,1080,11.2783,12.2894,9.89901,1,1,0,0,0,0
1080,6,candidate,1198,1280,720,1920,1080,11.4749,12.6244,10.1007,1,1,0,0,0,0
1080,6,candidate,1199,1280,720,1920,1080,11.2937,12.2989,9.91334,1,1,0,0,0,0
1080,6,reference,300,1280,720,1920,1080,11.2804,12.2423,9.90515,1,1,0,0,2,11059200
1080,6,reference,301,1280,720,1920,1080,11.4954,12.5037,10.1202,1,1,0,0,2,11059200
1080,6,reference,302,1280,720,1920,1080,11.4995,12.4566,10.1233,1,1,0,0,2,11059200
1080,6,reference,303,1280,720,1920,1080,11.478,12.7606,10.1007,1,1,0,0,2,11059200
1080,6,reference,304,1280,720,1920,1080,11.4698,12.6069,10.0966,1,1,0,0,2,11059200
1080,6,reference,305,1280,720,1920,1080,11.3285,12.4396,9.95123,1,1,0,0,2,11059200
1080,6,reference,306,1280,720,1920,1080,11.1002,12.2951,9.71878,1,1,0,0,2,11059200
1080,6,reference,307,1280,720,1920,1080,11.5476,12.5145,10.1734,1,1,0,0,2,11059200
1080,6,reference,308,1280,720,1920,1080,11.7627,12.7286,10.1448,1,1,0,0,2,11059200
1080,6,reference,309,1280,720,1920,1080,11.0592,12.174,9.68192,1,1,0,0,2,11059200
1080,6,reference,310,1280,720,1920,1080,11.4954,12.6272,10.1171,1,1,0,0,2,11059200
1080,6,reference,311,1280,720,1920,1080,11.3162,12.3502,9.94099,1,1,0,0,2,11059200
1080,6,reference,312,1280,720,1920,1080,11.3244,12.3623,9.94816,1,1,0,0,2,11059200
1080,6,reference,313,1280,720,1920,1080,11.3244,12.3522,9.95226,1,1,0,0,2,11059200
1080,6,reference,314,1280,720,1920,1080,11.4821,12.7104,10.1059,1,1,0,0,2,11059200
1080,6,reference,315,1280,720,1920,1080,11.5231,12.5458,10.1478,1,1,0,0,2,11059200
1080,6,reference,316,1280,720,1920,1080,11.3224,12.2877,9.94714,1,1,0,0,2,11059200
1080,6,reference,317,1280,720,1920,1080,12.1088,13.1189,10.7274,1,1,0,0,2,11059200
1080,6,reference,318,1280,720,1920,1080,11.1309,12.291,9.7239,1,1,0,0,2,11059200
1080,6,reference,319,1280,720,1920,1080,11.178,12.4152,9.78637,1,1,0,0,2,11059200
1080,6,reference,320,1280,720,1920,1080,11.1708,12.2148,9.77818,1,1,0,0,2,11059200
1080,6,reference,321,1280,720,1920,1080,11.4842,12.4171,10.1089,1,1,0,0,2,11059200
1080,6,reference,322,1280,720,1920,1080,11.3521,12.3659,9.97581,1,1,0,0,2,11059200
1080,6,reference,323,1280,720,1920,1080,11.5876,12.6915,10.2124,1,1,0,0,2,11059200
1080,6,reference,324,1280,720,1920,1080,11.3295,12.286,9.95328,1,1,0,0,2,11059200
1080,6,reference,325,1280,720,1920,1080,11.4975,12.5791,10.1192,1,1,0,0,2,11059200
1080,6,reference,326,1280,720,1920,1080,11.4811,12.6024,10.1038,1,1,0,0,2,11059200
1080,6,reference,327,1280,720,1920,1080,11.3183,12.2983,9.94304,1,1,0,0,2,11059200
1080,6,reference,328,1280,720,1920,1080,11.436,12.4962,10.0598,1,1,0,0,2,11059200
1080,6,reference,329,1280,720,1920,1080,11.4268,12.3359,10.0506,1,1,0,0,2,11059200
1080,6,reference,330,1280,720,1920,1080,11.4975,12.4293,10.1222,1,1,0,0,2,11059200
1080,6,reference,331,1280,720,1920,1080,11.4883,12.5013,10.114,1,1,0,0,2,11059200
1080,6,reference,332,1280,720,1920,1080,11.5886,12.6594,10.2144,1,1,0,0,2,11059200
1080,6,reference,333,1280,720,1920,1080,11.3029,12.3652,9.92563,1,1,0,0,2,11059200
1080,6,reference,334,1280,720,1920,1080,11.518,12.5737,10.1417,1,1,0,0,2,11059200
1080,6,reference,335,1280,720,1920,1080,11.5548,12.6067,10.1786,1,1,0,0,2,11059200
1080,6,reference,336,1280,720,1920,1080,11.3736,12.4407,9.99731,1,1,0,0,2,11059200
1080,6,reference,337,1280,720,1920,1080,11.1483,12.2718,9.74336,1,1,0,0,2,11059200
1080,6,reference,338,1280,720,1920,1080,11.2906,12.2844,9.91539,1,1,0,0,2,11059200
1080,6,reference,339,1280,720,1920,1080,11.3766,12.3601,10.0004,1,1,0,0,2,11059200
1080,6,reference,340,1280,720,1920,1080,11.3418,12.3585,9.96557,1,1,0,0,2,11059200
1080,6,reference,341,1280,720,1920,1080,11.3746,12.3719,9.99731,1,1,0,0,2,11059200
1080,6,reference,342,1280,720,1920,1080,11.3336,12.3156,9.95738,1,1,0,0,2,11059200
1080,6,reference,343,1280,720,1920,1080,11.521,12.5083,9.89594,1,1,0,0,2,11059200
1080,6,reference,344,1280,720,1920,1080,9.97171,11.3881,8.59853,1,1,0,0,2,11059200
1080,6,reference,345,1280,720,1920,1080,10.7448,12.3118,9.37267,1,1,0,0,2,11059200
1080,6,reference,346,1280,720,1920,1080,11.5855,12.4693,10.2083,1,1,0,0,2,11059200
1080,6,reference,347,1280,720,1920,1080,12.5655,13.4838,11.009,1,1,0,0,2,11059200
1080,6,reference,348,1280,720,1920,1080,11.391,12.378,10.0127,1,1,0,0,2,11059200
1080,6,reference,349,1280,720,1920,1080,11.4422,12.4903,9.88979,1,1,0,0,2,11059200
1080,6,reference,350,1280,720,1920,1080,11.7944,12.9322,10.1407,1,1,0,0,2,11059200
1080,6,reference,351,1280,720,1920,1080,11.3756,12.4391,10.0004,1,1,0,0,2,11059200
1080,6,reference,352,1280,720,1920,1080,11.5384,12.6684,10.1652,1,1,0,0,2,11059200
1080,6,reference,353,1280,720,1920,1080,11.7391,12.7877,10.1908,1,1,0,0,2,11059200
1080,6,reference,354,1280,720,1920,1080,11.3992,12.3737,10.025,1,1,0,0,2,11059200
1080,6,reference,355,1280,720,1920,1080,11.6152,12.5633,10.241,1,1,0,0,2,11059200
1080,6,reference,356,1280,720,1920,1080,11.3418,12.3896,9.96352,1,1,0,0,2,11059200
1080,6,reference,357,1280,720,1920,1080,11.4708,12.5129,10.0915,1,1,0,0,2,11059200
1080,6,reference,358,1280,720,1920,1080,11.5036,12.5601,10.1294,1,1,0,0,2,11059200
1080,6,reference,359,1280,720,1920,1080,11.5599,12.6366,10.1847,1,1,0,0,2,11059200
1080,6,reference,360,1280,720,1920,1080,11.394,12.3995,10.0168,1,1,0,0,2,11059200
1080,6,reference,361,1280,720,1920,1080,11.3254,12.4037,9.94611,1,1,0,0,2,11059200
1080,6,reference,362,1280,720,1920,1080,11.3725,12.4414,9.99629,1,1,0,0,2,11059200
1080,6,reference,363,1280,720,1920,1080,11.3449,12.5085,9.97069,1,1,0,0,2,11059200
1080,6,reference,364,1280,720,1920,1080,11.3183,12.3672,9.94202,1,1,0,0,2,11059200
1080,6,reference,365,1280,720,1920,1080,11.5364,12.472,10.1591,1,1,0,0,2,11059200
1080,6,reference,366,1280,720,1920,1080,11.52,12.5916,10.1427,1,1,0,0,2,11059200
1080,6,reference,367,1280,720,1920,1080,11.095,12.2323,9.71059,1,1,0,0,2,11059200
1080,6,reference,368,1280,720,1920,1080,11.5333,12.708,10.156,1,1,0,0,2,11059200
1080,6,reference,369,1280,720,1920,1080,11.351,12.3986,9.97478,1,1,0,0,2,11059200
1080,6,reference,370,1280,720,1920,1080,11.3367,12.2772,9.96147,1,1,0,0,2,11059200
1080,6,reference,371,1280,720,1920,1080,11.4463,12.4273,10.0721,1,1,0,0,2,11059200
1080,6,reference,372,1280,720,1920,1080,11.5497,12.5577,10.1755,1,1,0,0,2,11059200
1080,6,reference,373,1280,720,1920,1080,11.52,12.4396,10.1448,1,1,0,0,2,11059200
1080,6,reference,374,1280,720,1920,1080,11.5292,12.5722,10.1519,1,1,0,0,2,11059200
1080,6,reference,375,1280,720,1920,1080,11.4883,12.4405,10.1151,1,1,0,0,2,11059200
1080,6,reference,376,1280,720,1920,1080,11.306,12.3193,9.90515,1,1,0,0,2,11059200
1080,6,reference,377,1280,720,1920,1080,11.5876,12.5995,10.2134,1,1,0,0,2,11059200
1080,6,reference,378,1280,720,1920,1080,11.3254,12.3267,9.95123,1,1,0,0,2,11059200
1080,6,reference,379,1280,720,1920,1080,11.4995,12.519,10.1222,1,1,0,0,2,11059200
1080,6,reference,380,1280,720,1920,1080,11.5364,12.5186,10.1601,1,1,0,0,2,11059200
1080,6,reference,381,1280,720,1920,1080,11.5354,12.5787,10.1591,1,1,0,0,2,11059200
1080,6,reference,382,1280,720,1920,1080,11.3091,12.3376,9.91027,1,1,0,0,2,11059200
1080,6,reference,383,1280,720,1920,1080,12.1395,13.1185,10.752,1,1,0,0,2,11059200
1080,6,reference,384,1280,720,1920,1080,11.0131,12.1299,9.63789,1,1,0,0,2,11059200
1080,6,reference,385,1280,720,1920,1080,11.4964,12.5741,10.1202,1,1,0,0,2,11059200
1080,6,reference,386,1280,720,1920,1080,11.3326,12.3083,9.95635,1,1,0,0,2,11059200
1080,6,reference,387,1280,720,1920,1080,11.2302,12.2979,9.84576,1,1,0,0,2,11059200
1080,6,reference,388,1280,720,1920,1080,11.9183,12.9976,10.5329,1,1,0,0,2,11059200
1080,6,reference,389,1280,720,1920,1080,11.0182,12.076,9.63994,1,1,0,0,2,11059200
1080,6,reference,390,1280,720,1920,1080,11.5098,12.5905,10.1315,1,1,0,0,2,11059200
1080,6,reference,391,1280,720,1920,1080,11.7002,12.8692,10.07,1,1,0,0,2,11059200
1080,6,reference,392,1280,720,1920,1080,11.0735,12.1569,9.69728,1,1,0,0,2,11059200
1080,6,reference,393,1280,720,1920,1080,11.4934,12.5789,10.1181,1,1,0,0,2,11059200
1080,6,reference,394,1280,720,1920,1080,11.2671,12.3309,9.89286,1,1,0,0,2,11059200
1080,6,reference,395,1280,720,1920,1080,11.3121,12.376,9.93382,1,1,0,0,2,11059200
1080,6,reference,396,1280,720,1920,1080,11.5241,12.4876,10.1448,1,1,0,0,2,11059200
1080,6,reference,397,1280,720,1920,1080,11.478,12.4078,10.0997,1,1,0,0,2,11059200
1080,6,reference,398,1280,720,1920,1080,11.5313,12.8104,10.154,1,1,0,0,2,11059200
1080,6,reference,399,1280,720,1920,1080,11.5057,12.5495,9.87648,1,1,0,0,2,11059200
1080,6,reference,400,1280,720,1920,1080,11.308,12.2236,9.9287,1,1,0,0,2,11059200
1080,6,reference,401,1280,720,1920,1080,11.3562,12.3944,9.97888,1,1,0,0,2,11059200
1080,6,reference,402,1280,720,1920,1080,11.5456,12.5649,10.1683,1,1,0,0,2,11059200
1080,6,reference,403,1280,720,1920,1080,11.2876,12.3854,9.91334,1,1,0,0,2,11059200
1080,6,reference,404,1280,720,1920,1080,11.5917,12.5761,10.2134,1,1,0,0,2,11059200
1080,6,reference,405,1280,720,1920,1080,11.3203,12.3555,9.94509,1,1,0,0,2,11059200
1080,6,reference,406,1280,720,1920,1080,11.3377,12.2926,9.96147,1,1,0,0,2,11059200
1080,6,reference,407,1280,720,1920,1080,11.5005,12.7668,10.1253,1,1,0,0,2,11059200
1080,6,reference,408,1280,720,1920,1080,11.3428,12.3157,9.96966,1,1,0,0,2,11059200
1080,6,reference,409,1280,720,1920,1080,11.3736,12.3562,9.99834,1,1,0,0,2,11059200
1080,6,reference,410,1280,720,1920,1080,11.5313,12.4711,10.154,1,1,0,0,2,11059200
1080,6,reference,411,1280,720,1920,1080,11.3777,12.371,10.0004,1,1,0,0,2,11059200
1080,6,reference,412,1280,720,1920,1080,11.4811,12.406,10.1048,1,1,0,0,2,11059200
1080,6,reference,413,1280,720,1920,1080,11.5374,12.515,10.1642,1,1,0,0,2,11059200
1080,6,reference,414,1280,720,1920,1080,11.5046,12.4907,10.1274,1,1,0,0,2,11059200
1080,6,reference,415,1280,720,1920,1080,11.3777,12.3659,10.0035,1,1,0,0,2,11059200
1080,6,reference,416,1280,720,1920,1080,11.4586,12.4478,10.0833,1,1,0,0,2,11059200
1080,6,reference,417,1280,720,1920,1080,11.3142,12.288,9.93792,1,1,0,0,2,11059200
1080,6,reference,418,1280,720,1920,1080,11.5661,12.6136,9.91846,1,1,0,0,2,11059200
1080,6,reference,419,1280,720,1920,1080,11.305,12.363,9.9287,1,1,0,0,2,11059200
1080,6,reference,420,1280,720,1920,1080,11.3428,12.4596,9.96762,1,1,0,0,2,11059200
1080,6,reference,421,1280,720,1920,1080,11.5067,12.4928,9.85907,1,1,0,0,2,11059200
1080,6,reference,422,1280,720,1920,1080,11.6152,12.6946,9.96864,1,1,0,0,2,11059200
1080,6,reference,423,1280,720,1920,1080,11.4964,12.616,10.1222,1,1,0,0,2,11059200
1080,6,reference,424,1280,720,1920,1080,11.3551,12.2768,9.97888,1,1,0,0,2,11059200
1080,6,reference,425,1280,720,1920,1080,11.3449,12.3071,9.96966,1,1,0,0,2,11059200
1080,6,reference,426,1280,720,1920,1080,11.3162,12.3114,9.93997,1,1,0,0,2,11059200
1080,6,reference,427,1280,720,1920,1080,11.4934,12.4798,9.85088,1,1,0,0,2,11059200
1080,6,reference,428,1280,720,1920,1080,11.3777,12.4556,9.99834,1,1,0,0,2,11059200
1080,6,reference,429,1280,720,1920,1080,11.3766,12.5417,10.0014,1,1,0,0,2,11059200
1080,6,reference,430,1280,720,1920,1080,11.3449,12.3737,9.97069,1,1,0,0,2,11059200
1080,6,reference,431,1280,720,1920,1080,11.5896,12.6346,9.92563,1,1,0,0,2,11059200
1080,6,reference,432,1280,720,1920,1080,11.3132,12.4352,9.93792,1,1,0,0,2,11059200
1080,6,reference,433,1280,720,1920,1080,11.35,12.3613,9.97376,1,1,0,0,2,11059200
1080,6,reference,434,1280,720,1920,1080,11.5405,12.6487,9.89286,1,1,0,0,2,11059200
1080,6,reference,435,1280,720,1920,1080,11.3992,12.492,10.0239,1,1,0,0,2,11059200
1080,6,reference,436,1280,720,1920,1080,11.3674,12.4396,9.99014,1,1,0,0,2,11059200
1080,6,reference,437,1280,720,1920,1080,11.3019,12.3608,9.92666,1,1,0,0,2,11059200
1080,6,reference,438,1280,720,1920,1080,11.5292,12.63,9.86829,1,1,0,0,2,11059200
1080,6,reference,439,1280,720,1920,1080,11.5169,12.7217,10.1427,1,1,0,0,2,11059200
1080,6,reference,440,1280,720,1920,1080,11.5149,12.6193,10.1069,1,1,0,0,2,11059200
1080,6,reference,441,1280,720,1920,1080,11.6664,12.5717,10.0372,1,1,0,0,2,11059200
1080,6,reference,442,1280,720,1920,1080,11.5999,12.5424,10.2226,1,1,0,0,2,11059200
1080,6,reference,443,1280,720,1920,1080,11.4811,12.4697,10.1038,1,1,0,0,2,11059200
1080,6,reference,444,1280,720,1920,1080,11.4842,12.4209,10.1089,1,1,0,0,2,11059200
1080,6,reference,445,1280,720,1920,1080,11.4801,12.4467,10.1038,1,1,0,0,2,11059200
1080,6,reference,446,1280,720,1920,1080,11.4381,12.518,9.79149,1,1,0,0,2,11059200
1080,6,reference,447,1280,720,1920,1080,11.5128,12.5881,10.1407,1,1,0,0,2,11059200
1080,6,reference,448,1280,720,1920,1080,11.4708,12.5979,10.0956,1,1,0,0,2,11059200
1080,6,reference,449,1280,720,1920,1080,11.4934,12.4713,10.1181,1,1,0,0,2,11059200
1080,6,reference,450,1280,720,1920,1080,11.3439,12.441,9.96864,1,1,0,0,2,11059200
1080,6,reference,451,1280,720,1920,1080,11.2097,12.3339,9.82323,1,1,0,0,2,11059200
1080,6,reference,452,1280,720,1920,1080,11.5681,12.5939,10.1929,1,1,0,0,2,11059200
1080,6,reference,453,1280,720,1920,1080,11.4811,12.5419,10.1048,1,1,0,0,2,11059200
1080,6,reference,454,1280,720,1920,1080,11.5077,12.6385,10.1335,1,1,0,0,2,11059200
1080,6,reference,455,1280,720,1920,1080,11.3377,12.3829,9.96352,1,1,0,0,2,11059200
1080,6,reference,456,1280,720,1920,1080,11.3347,12.3896,9.95942,1,1,0,0,2,11059200
1080,6,reference,457,1280,720,1920,1080,11.1862,12.3271,9.79354,1,1,0,0,2,11059200
1080,6,reference,458,1280,720,1920,1080,11.6654,12.5738,10.2902,1,1,0,0,2,11059200
1080,6,reference,459,1280,720,1920,1080,11.5231,12.5467,9.91539,1,1,0,0,2,11059200
1080,6,reference,460,1280,720,1920,1080,11.308,12.237,9.93178,1,1,0,0,2,11059200
1080,6,reference,461,1280,720,1920,1080,9.93485,10.9373,8.56064,1,1,0,0,2,11059200
1080,6,reference,462,1280,720,1920,1080,11.1923,12.0614,9.81811,1,1,0,0,2,11059200
1080,6,reference,463,1280,720,1920,1080,9.95123,10.9518,8.57805,1,1,0,0,2,11059200
1080,6,reference,464,1280,720,1920,1080,11.7504,12.5981,10.3731,1,1,0,0,2,11059200
1080,6,reference,465,1280,720,1920,1080,13.057,14.3879,11.6828,1,1,0,0,2,11059200
1080,6,reference,466,1280,720,1920,1080,11.7033,12.8462,10.0444,1,1,0,0,2,11059200
1080,6,reference,467,1280,720,1920,1080,11.3132,12.3463,9.67475,1,1,0,0,2,11059200
1080,6,reference,468,1280,720,1920,1080,11.4166,12.5137,9.76589,1,1,0,0,2,11059200
1080,6,reference,469,1280,720,1920,1080,11.4053,12.4594,9.75462,1,1,0,0,2,11059200
1080,6,reference,470,1280,720,1920,1080,11.3623,12.3237,9.72288,1,1,0,0,2,11059200
1080,6,reference,471,1280,720,1920,1080,11.393,12.377,9.75258,1,1,0,0,2,11059200
1080,6,reference,472,1280,720,1920,1080,11.2425,12.5261,9.86829,1,1,0,0,2,11059200
1080,6,reference,473,1280,720,1920,1080,11.3736,12.5473,9.70342,1,1,0,0,2,11059200
1080,6,reference,474,1280,720,1920,1080,11.3695,12.3293,9.72595,1,1,0,0,2,11059200
1080,6,reference,475,1280,720,1920,1080,11.4156,12.4628,9.77613,1,1,0,0,2,11059200
1080,6,reference,476,1280,720,1920,1080,11.3828,12.4069,9.71571,1,1,0,0,2,11059200
1080,6,reference,477,1280,720,1920,1080,11.5139,12.6028,9.8775,1,1,0,0,2,11059200
1080,6,reference,478,1280,720,1920,1080,11.2968,12.383,9.73722,1,1,0,0,2,11059200
1080,6,reference,479,1280,720,1920,1080,11.4821,12.5783,10.1028,1,1,0,0,2,11059200
1080,6,reference,480,1280,720,1920,1080,10.9097,12.0997,9.53446,1,1,0,0,2,11059200
1080,6,reference,481,1280,720,1920,1080,11.3521,12.3679,9.97478,1,1,0,0,2,11059200
1080,6,reference,482,1280,720,1920,1080,11.607,12.5981,9.89286,1,1,0,0,2,11059200
1080,6,reference,483,1280,720,1920,1080,11.3459,12.897,9.97069,1,1,0,0,2,11059200
1080,6,reference,484,1280,720,1920,1080,11.5548,12.7572,9.87034,1,1,0,0,2,11059200
1080,6,reference,485,1280,720,1920,1080,11.5487,12.64,9.86931,1,1,0,0,2,11059200
1080,6,reference,486,1280,720,1920,1080,11.5476,12.6067,9.9072,1,1,0,0,2,11059200
1080,6,reference,487,1280,720,1920,1080,11.3347,12.4048,9.96147,1,1,0,0,2,11059200
1080,6,reference,488,1280,720,1920,1080,11.5405,12.5786,9.89389,1,1,0,0,2,11059200
1080,6,reference,489,1280,720,1920,1080,11.3592,12.4633,9.98195,1,1,0,0,2,11059200
1080,6,reference,490,1280,720,1920,1080,11.3664,12.498,9.9881,1,1,0,0,2,11059200
1080,6,reference,491,1280,720,1920,1080,11.3265,12.3364,9.95226,1,1,0,0,2,11059200
1080,6,reference,492,1280,720,1920,1080,11.2425,12.177,9.86726,1,1,0,0,2,11059200
1080,6,reference,493,1280,720,1920,1080,11.1012,12.2701,9.7024,1,1,0,0,2,11059200
1080,6,reference,494,1280,720,1920,1080,11.5364,12.4321,9.88365,1,1,0,0,2,11059200
1080,6,reference,495,1280,720,1920,1080,11.3285,12.4191,9.69216,1,1,0,0,2,11059200
1080,6,reference,496,1280,720,1920,1080,12.0125,13.0125,10.6281,1,1,0,0,2,11059200
1080,6,reference,497,1280,720,1920,1080,11.5702,12.5617,9.9287,1,1,0,0,2,11059200
1080,6,reference,498,1280,720,1920,1080,11.3449,12.3524,9.96864,1,1,0,0,2,11059200
1080,6,reference,499,1280,720,1920,1080,11.5169,12.55,9.86829,1,1,0,0,2,11059200
1080,6,reference,500,1280,720,1920,1080,11.5538,12.5965,9.90515,1,1,0,0,2,11059200
1080,6,reference,501,1280,720,1920,1080,11.3797,12.4926,10.0055,1,1,0,0,2,11059200
1080,6,reference,502,1280,720,1920,1080,11.4186,12.368,10.0403,1,1,0,0,2,11059200
1080,6,reference,503,1280,720,1920,1080,11.5681,12.6067,9.92461,1,1,0,0,2,11059200
1080,6,reference,504,1280,720,1920,1080,11.519,12.7355,9.88058,1,1,0,0,2,11059200
1080,6,reference,505,1280,720,1920,1080,11.4012,12.4923,10.025,1,1,0,0,2,11059200
1080,6,reference,506,1280,720,1920,1080,11.351,12.2949,9.97683,1,1,0,0,2,11059200
1080,6,reference,507,1280,720,1920,1080,11.3388,12.3062,9.96147,1,1,0,0,2,11059200
1080,6,reference,508,1280,720,1920,1080,11.4862,12.4191,9.84166,1,1,0,0,2,11059200
1080,6,reference,509,1280,720,1920,1080,11.3029,12.3122,9.92666,1,1,0,0,2,11059200
1080,6,reference,510,1280,720,1920,1080,11.3183,12.429,9.94099,1,1,0,0,2,11059200
1080,6,reference,511,1280,720,1920,1080,11.4934,12.5154,9.85702,1,1,0,0,2,11059200
1080,6,reference,512,1280,720,1920,1080,11.3971,12.4905,10.0209,1,1,0,0,2,11059200
1080,6,reference,513,1280,720,1920,1080,11.5599,12.5381,9.90003,1,1,0,0,2,11059200
1080,6,reference,514,1280,720,1920,1080,11.2937,12.4493,9.89389,1,1,0,0,2,11059200
1080,6,reference,515,1280,720,1920,1080,11.0193,11.994,9.64403,1,1,0,0,2,11059200
1080,6,reference,516,1280,720,1920,1080,11.1196,12.1325,9.74541,1,1,0,0,2,11059200
1080,6,reference,517,1280,720,1920,1080,11.7412,12.685,10.0516,1,1,0,0,2,11059200
1080,6,reference,518,1280,720,1920,1080,11.308,12.435,9.73619,1,1,0,0,2,11059200
1080,6,reference,519,1280,720,1920,1080,11.3357,12.8699,9.96147,1,1,0,0,2,11059200
1080,6,reference,520,1280,720,1920,1080,11.4104,12.437,9.85907,1,1,0,0,2,11059200
1080,6,reference,521,1280,720,1920,1080,11.3408,12.3541,9.96762,1,1,0,0,2,11059200
1080,6,reference,522,1280,720,1920,1080,11.4708,12.4731,9.89184,1,1,0,0,2,11059200
1080,6,reference,523,1280,720,1920,1080,11.7975,12.9332,10.4192,1,1,0,0,2,11059200
1080,6,reference,524,1280,720,1920,1080,11.1043,12.1916,8.43469,1,1,0,0,2,11059200
1080,6,reference,525,1280,720,1920,1080,11.0234,12.0998,9.64915,1,1,0,0,2,11059200
1080,6,reference,526,1280,720,1920,1080,11.0797,12.2927,9.70342,1,1,0,0,2,11059200
1080,6,reference,527,1280,720,1920,1080,11.4903,12.4638,10.1161,1,1,0,0,2,11059200
1080,6,reference,528,1280,720,1920,1080,11.307,12.5781,9.92973,1,1,0,0,2,11059200
1080,6,reference,529,1280,720,1920,1080,11.3797,12.3555,9.72595,1,1,0,0,2,11059200
1080,6,reference,530,1280,720,1920,1080,11.2486,12.5269,9.87238,1,1,0,0,2,11059200
1080,6,reference,531,1280,720,1920,1080,10.111,11.3615,8.73574,1,1,0,0,2,11059200
1080,6,reference,532,1280,720,1920,1080,9.46074,10.3722,8.08755,1,1,0,0,2,11059200
1080,6,reference,533,1280,720,1920,1080,12.6136,13.5683,11.1933,1,1,0,0,2,11059200
1080,6,reference,534,1280,720,1920,1080,9.81606,10.7418,8.44288,1,1,0,0,2,11059200
1080,6,reference,535,1280,720,1920,1080,11.7146,13.9113,10.1642,1,1,0,0,2,11059200
1080,6,reference,536,1280,720,1920,1080,11.3111,12.3273,9.93792,1,1,0,0,2,11059200
1080,6,reference,537,1280,720,1920,1080,11.4012,12.386,10.026,1,1,0,0,2,11059200
1080,6,reference,538,1280,720,1920,1080,11.5046,12.4856,10.1315,1,1,0,0,2,11059200
1080,6,reference,539,1280,720,1920,1080,11.4422,12.4344,10.069,1,1,0,0,2,11059200
1080,6,reference,540,1280,720,1920,1080,11.4964,12.4592,10.1212,1,1,0,0,2,11059200
1080,6,reference,541,1280,720,1920,1080,11.5046,12.42,10.1284,1,1,0,0,2,11059200
1080,6,reference,542,1280,720,1920,1080,11.4534,12.3657,10.0751,1,1,0,0,2,11059200
1080,6,reference,543,1280,720,1920,1080,11.3531,12.472,9.9799,1,1,0,0,2,11059200
1080,6,reference,544,1280,720,1920,1080,11.4708,12.4462,10.0936,1,1,0,0,2,11059200
1080,6,reference,545,1280,720,1920,1080,11.3388,12.3152,9.96454,1,1,0,0,2,11059200
1080,6,reference,546,1280,720,1920,1080,11.3244,12.3184,9.94918,1,1,0,0,2,11059200
1080,6,reference,547,1280,720,1920,1080,11.3183,12.3244,9.94099,1,1,0,0,2,11059200
1080,6,reference,548,1280,720,1920,1080,11.2845,12.3718,9.9072,1,1,0,0,2,11059200
1080,6,reference,549,1280,720,1920,1080,11.5702,12.5199,9.91437,1,1,0,0,2,11059200
1080,6,reference,550,1280,720,1920,1080,11.3285,12.3725,9.95328,1,1,0,0,2,11059200
1080,6,reference,551,1280,720,1920,1080,11.4821,12.4339,9.85498,1,1,0,0,2,11059200
1080,6,reference,552,1280,720,1920,1080,11.5118,12.4891,9.8857,1,1,0,0,2,11059200
1080,6,reference,553,1280,720,1920,1080,11.4207,12.4981,9.86829,1,1,0,0,2,11059200
1080,6,reference,554,1280,720,1920,1080,11.307,12.3347,9.93382,1,1,0,0,2,11059200
1080,6,reference,555,1280,720,1920,1080,11.4975,12.5517,9.94406,1,1,0,0,2,11059200
1080,6,reference,556,1280,720,1920,1080,11.2968,12.3611,9.92051,1,1,0,0,2,11059200
1080,6,reference,557,1280,720,1920,1080,11.478,12.4584,9.84269,1,1,0,0,2,11059200
1080,6,reference,558,1280,720,1920,1080,11.518,12.4668,9.86317,1,1,0,0,2,11059200
1080,6,reference,559,1280,720,1920,1080,11.5436,12.6922,9.89696,1,1,0,0,2,11059200
1080,6,reference,560,1280,720,1920,1080,11.5599,12.6886,9.88672,1,1,0,0,2,11059200
1080,6,reference,561,1280,720,1920,1080,11.3459,12.3435,9.97376,1,1,0,0,2,11059200
1080,6,reference,562,1280,720,1920,1080,11.305,12.3993,9.93178,1,1,0,0,2,11059200
1080,6,reference,563,1280,720,1920,1080,11.6367,12.7389,9.97171,1,1,0,0,2,11059200
1080,6,reference,564,1280,720,1920,1080,11.3091,12.3275,9.93485,1,1,0,0,2,11059200
1080,6,reference,565,1280,720,1920,1080,11.5466,12.5296,9.90003,1,1,0,0,2,11059200
1080,6,reference,566,1280,720,1920,1080,11.6828,13.0236,9.95328,1,1,0,0,2,11059200
1080,6,reference,567,1280,720,1920,1080,11.5005,12.6068,10.1263,1,1,0,0,2,11059200
1080,6,reference,568,1280,720,1920,1080,11.3603,12.3296,9.98605,1,1,0,0,2,11059200
1080,6,reference,569,1280,720,1920,1080,11.0264,12.0534,9.60819,1,1,0,0,2,11059200
1080,6,reference,570,1280,720,1920,1080,11.0582,12.1945,9.68192,1,1,0,0,2,11059200
1080,6,reference,571,1280,720,1920,1080,11.3111,12.3654,8.64154,1,1,0,0,2,11059200
1080,6,reference,572,1280,720,1920,1080,11.2179,12.2304,9.84166,1,1,0,0,2,11059200
1080,6,reference,573,1280,720,1920,1080,11.4985,12.4554,9.86419,1,1,0,0,2,11059200
1080,6,reference,574,1280,720,1920,1080,11.3152,12.402,9.67782,1,1,0,0,2,11059200
1080,6,reference,575,1280,720,1920,1080,11.3377,12.3166,9.69114,1,1,0,0,2,11059200
1080,6,reference,576,1280,720,1920,1080,11.3439,12.4111,9.70752,1,1,0,0,2,11059200
1080,6,reference,577,1280,720,1920,1080,11.3859,12.3782,9.74746,1,1,0,0,2,11059200
1080,6,reference,578,1280,720,1920,1080,11.3592,12.5719,9.71366,1,1,0,0,2,11059200
1080,6,reference,579,1280,720,1920,1080,11.6101,12.563,9.98093,1,1,0,0,2,11059200
1080,6,reference,580,1280,720,1920,1080,11.3367,12.7102,9.7751,1,1,0,0,2,11059200
1080,6,reference,581,1280,720,1920,1080,11.3183,12.378,9.94202,1,1,0,0,2,11059200
1080,6,reference,582,1280,720,1920,1080,11.5302,12.539,9.88262,1,1,0,0,2,11059200
1080,6,reference,583,1280,720,1920,1080,11.3326,12.2666,9.69626,1,1,0,0,2,11059200
1080,6,reference,584,1280,720,1920,1080,11.2558,12.4823,9.87955,1,1,0,0,2,11059200
1080,6,reference,585,1280,720,1920,1080,11.5169,12.5426,9.88058,1,1,0,0,2,11059200
1080,6,reference,586,1280,720,1920,1080,11.3439,12.382,9.70035,1,1,0,0,2,11059200
1080,6,reference,587,1280,720,1920,1080,11.3613,12.32,9.7239,1,1,0,0,2,11059200
1080,6,reference,588,1280,720,1920,1080,11.5917,12.6886,9.95021,1,1,0,0,2,11059200
1080,6,reference,589,1280,720,1920,1080,11.3551,12.5049,9.71264,1,1,0,0,2,11059200
1080,6,reference,590,1280,720,1920,1080,11.5548,12.8054,9.89798,1,1,0,0,2,11059200
1080,6,reference,591,1280,720,1920,1080,11.5261,12.4679,9.88672,1,1,0,0,2,11059200
1080,6,reference,592,1280,720,1920,1080,11.3336,12.4194,9.69216,1,1,0,0,2,11059200
1080,6,reference,593,1280,720,1920,1080,11.3664,12.4286,9.72493,1,1,0,0,2,11059200
1080,6,reference,594,1280,720,1920,1080,11.435,12.6623,9.78944,1,1,0,0,2,11059200
1080,6,reference,595,1280,720,1920,1080,11.3705,12.4474,9.72595,1,1,0,0,2,11059200
1080,6,reference,596,1280,720,1920,1080,11.3981,12.4237,9.74438,1,1,0,0,2,11059200
1080,6,reference,597,1280,720,1920,1080,11.4319,12.4407,9.76691,1,1,0,0,2,11059200
1080,6,reference,598,1280,720,1920,1080,11.5261,12.5827,9.86522,1,1,0,0,2,11059200
1080,6,reference,599,1280,720,1920,1080,11.479,13.4633,9.83347,1,1,0,0,2,11059200
1080,6,reference,600,1280,720,1920,1080,11.3715,12.3681,9.99731,1,1,0,0,2,11059200
1080,6,reference,601,1280,720,1920,1080,11.4033,12.5227,10.028,1,1,0,0,2,11059200
1080,6,reference,602,1280,720,1920,1080,11.5046,12.573,10.1294,1,1,0,0,2,11059200
1080,6,reference,603,1280,720,1920,1080,11.5405,12.6396,10.1673,1,1,0,0,2,11059200
1080,6,reference,604,1280,720,1920,1080,11.3756,12.4196,10.0004,1,1,0,0,2,11059200
1080,6,reference,605,1280,720,1920,1080,11.5159,12.5752,10.1417,1,1,0,0,2,11059200
1080,6,reference,606,1280,720,1920,1080,11.3265,12.2928,9.95021,1,1,0,0,2,11059200
1080,6,reference,607,1280,720,1920,1080,11.5773,12.702,10.2052,1,1,0,0,2,11059200
1080,6,reference,608,1280,720,1920,1080,11.3203,12.3848,9.94406,1,1,0,0,2,11059200
1080,6,reference,609,1280,720,1920,1080,11.5425,12.581,10.1663,1,1,0,0,2,11059200
1080,6,reference,610,1280,720,1920,1080,11.6388,12.8354,10.2625,1,1,0,0,2,11059200
1080,6,reference,611,1280,720,1920,1080,11.349,12.4091,9.97171,1,1,0,0,2,11059200
1080,6,reference,612,1280,720,1920,1080,11.3224,12.543,9.95021,1,1,0,0,2,11059200
1080,6,reference,613,1280,720,1920,1080,11.5036,12.629,10.1212,1,1,0,0,2,11059200
1080,6,reference,614,1280,720,1920,1080,10.9957,12.1848,9.61843,1,1,0,0,2,11059200
1080,6,reference,615,1280,720,1920,1080,12.0484,13.0735,10.4212,1,1,0,0,2,11059200
1080,6,reference,616,1280,720,1920,1080,11.1012,12.2833,9.72698,1,1,0,0,2,11059200
1080,6,reference,617,1280,720,1920,1080,11.5282,12.6054,10.153,1,1,0,0,2,11059200
1080,6,reference,618,1280,720,1920,1080,11.5896,12.8229,10.2154,1,1,0,0,2,11059200
1080,6,reference,619,1280,720,1920,1080,11.5026,12.9348,10.1304,1,1,0,0,2,11059200
1080,6,reference,620,1280,720,1920,1080,11.4893,12.4781,10.1151,1,1,0,0,2,11059200
1080,6,reference,621,1280,720,1920,1080,11.1964,12.5636,9.82221,1,1,0,0,2,11059200
1080,6,reference,622,1280,720,1920,1080,11.1329,12.5503,9.75872,1,1,0,0,2,11059200
1080,6,reference,623,1280,720,1920,1080,11.5548,12.8049,9.92461,1,1,0,0,2,11059200
1080,6,reference,624,1280,720,1920,1080,10.3127,11.4428,8.704,1,1,0,0,2,11059200
1080,6,reference,625,1280,720,1920,1080,11.4401,13.2698,10.0659,1,1,0,0,2,11059200
1080,6,reference,626,1280,720,1920,1080,11.5282,12.7266,10.154,1,1,0,0,2,11059200
1080,6,reference,627,1280,720,1920,1080,11.2988,12.7263,9.92563,1,1,0,0,2,11059200
1080,6,reference,628,1280,720,1920,1080,11.7146,12.903,10.0844,1,1,0,0,2,11059200
1080,6,reference,629,1280,720,1920,1080,11.5374,12.7073,9.92461,1,1,0,0,2,11059200
1080,6,reference,630,1280,720,1920,1080,11.6449,12.7098,10.0004,1,1,0,0,2,11059200
1080,6,reference,631,1280,720,1920,1080,11.6367,12.785,9.99219,1,1,0,0,2,11059200
1080,6,reference,632,1280,720,1920,1080,9.81197,10.9848,8.43981,1,1,0,0,2,11059200
1080,6,reference,633,1280,720,1920,1080,12.8164,14.0661,11.4145,1,1,0,0,2,11059200
1080,6,reference,634,1280,720,1920,1080,11.7238,12.9063,10.1775,1,1,0,0,2,11059200
1080,6,reference,635,1280,720,1920,1080,11.177,12.4119,9.78637,1,1,0,0,2,11059200
1080,6,reference,636,1280,720,1920,1080,11.0817,12.4253,9.70752,1,1,0,0,2,11059200
1080,6,reference,637,1280,720,1920,1080,11.5425,12.801,10.1693,1,1,0,0,2,11059200
1080,6,reference,638,1280,720,1920,1080,11.5333,12.7026,10.1571,1,1,0,0,2,11059200
1080,6,reference,639,1280,720,1920,1080,11.3295,12.7423,9.95738,1,1,0,0,2,11059200
1080,6,reference,640,1280,720,1920,1080,11.2773,12.6081,9.88262,1,1,0,0,2,11059200
1080,6,reference,641,1280,720,1920,1080,12.2337,13.3765,10.8575,1,1,0,0,2,11059200
1080,6,reference,642,1280,720,1920,1080,11.1063,12.307,9.7321,1,1,0,0,2,11059200
1080,6,reference,643,1280,720,1920,1080,11.1073,12.4944,9.73517,1,1,0,0,2,11059200
1080,6,reference,644,1280,720,1920,1080,11.0582,12.2868,9.68397,1,1,0,0,2,11059200
1080,6,reference,645,1280,720,1920,1080,11.2906,12.6627,9.91949,1,1,0,0,2,11059200
1080,6,reference,646,1280,720,1920,1080,11.1073,12.341,9.73414,1,1,0,0,2,11059200
1080,6,reference,647,1280,720,1920,1080,11.3521,12.3213,9.70957,1,1,0,0,2,11059200
1080,6,reference,648,1280,720,1920,1080,11.4217,12.7098,10.0475,1,1,0,0,2,11059200
1080,6,reference,649,1280,720,1920,1080,11.4903,12.7771,10.1151,1,1,0,0,2,11059200
1080,6,reference,650,1280,720,1920,1080,11.5016,12.5403,9.86419,1,1,0,0,2,11059200
1080,6,reference,651,1280,720,1920,1080,11.135,12.359,9.76486,1,1,0,0,2,11059200
1080,6,reference,652,1280,720,1920,1080,11.3725,12.4253,9.99629,1,1,0,0,2,11059200
1080,6,reference,653,1280,720,1920,1080,10.1274,11.2205,8.75725,1,1,0,0,2,11059200
1080,6,reference,654,1280,720,1920,1080,12.4262,13.525,10.1294,1,1,0,0,2,11059200
1080,6,reference,655,1280,720,1920,1080,11.3367,12.33,9.77613,1,1,0,0,2,11059200
1080,6,reference,656,1280,720,1920,1080,11.3848,12.4335,10.0127,1,1,0,0,2,11059200
1080,6,reference,657,1280,720,1920,1080,9.85907,10.8059,8.48896,1,1,0,0,2,11059200
1080,6,reference,658,1280,720,1920,1080,11.2189,12.047,9.83962,1,1,0,0,2,11059200
1080,6,reference,659,1280,720,1920,1080,11.095,12.1825,9.71571,1,1,0,0,2,11059200
1080,6,reference,660,1280,720,1920,1080,11.2824,12.2131,9.9113,1,1,0,0,2,11059200
1080,6,reference,661,1280,720,1920,1080,11.3418,12.3113,9.71981,1,1,0,0,2,11059200
1080,6,reference,662,1280,720,1920,1080,11.3746,12.4016,9.73619,1,1,0,0,2,11059200
1080,6,reference,663,1280,720,1920,1080,11.4196,12.3399,9.79149,1,1,0,0,2,11059200
1080,6,reference,664,1280,720,1920,1080,11.3797,12.4008,9.7495,1,1,0,0,2,11059200
1080,6,reference,665,1280,720,1920,1080,11.3101,12.3001,9.67782,1,1,0,0,2,11059200
1080,6,reference,666,1280,720,1920,1080,11.4801,12.5833,9.85498,1,1,0,0,2,11059200
1080,6,reference,667,1280,720,1920,1080,11.22,12.4743,9.84986,1,1,0,0,2,11059200
1080,6,reference,668,1280,720,1920,1080,11.3172,12.2896,9.94304,1,1,0,0,2,11059200
1080,6,reference,669,1280,720,1920,1080,11.3807,12.506,9.73517,1,1,0,0,2,11059200
1080,6,reference,670,1280,720,1920,1080,11.2978,12.9389,9.92461,1,1,0,0,2,11059200
1080,6,reference,671,1280,720,1920,1080,11.5159,12.6198,9.87136,1,1,0,0,2,11059200
1080,6,reference,672,1280,720,1920,1080,11.3572,12.3798,9.71674,1,1,0,0,2,11059200
1080,6,reference,673,1280,720,1920,1080,11.5692,12.5251,9.93382,1,1,0,0,2,11059200
1080,6,reference,674,1280,720,1920,1080,11.561,12.5592,9.91539,1,1,0,0,2,11059200
1080,6,reference,675,1280,720,1920,1080,11.5128,12.535,9.86931,1,1,0,0,2,11059200
1080,6,reference,676,1280,720,1920,1080,11.4237,12.4066,9.8601,1,1,0,0,2,11059200
1080,6,reference,677,1280,720,1920,1080,11.3582,12.6583,9.93792,1,1,0,0,2,11059200
1080,6,reference,678,1280,720,1920,1080,11.6777,12.7961,10.0106,1,1,0,0,2,11059200
1080,6,reference,679,1280,720,1920,1080,11.3275,12.4369,9.9543,1,1,0,0,2,11059200
1080,6,reference,680,1280,720,1920,1080,11.5169,12.5256,9.87443,1,1,0,0,2,11059200
1080,6,reference,681,1280,720,1920,1080,11.2988,12.3165,9.92768,1,1,0,0,2,11059200
1080,6,reference,682,1280,720,1920,1080,11.3111,12.3101,9.93894,1,1,0,0,2,11059200
1080,6,reference,683,1280,720,1920,1080,11.351,12.289,9.70547,1,1,0,0,2,11059200
1080,6,reference,684,1280,720,1920,1080,11.5476,12.5913,9.87853,1,1,0,0,2,11059200
1080,6,reference,685,1280,720,1920,1080,11.5016,12.5335,9.86214,1,1,0,0,2,11059200
1080,6,reference,686,1280,720,1920,1080,11.351,12.3277,9.70547,1,1,0,0,2,11059200
1080,6,reference,687,1280,720,1920,1080,11.305,12.3347,9.66861,1,1,0,0,2,11059200
1080,6,reference,688,1280,720,1920,1080,10.1243,11.3833,8.75315,1,1,0,0,2,11059200
1080,6,reference,689,1280,720,1920,1080,10.7725,11.8718,9.38291,1,1,0,0,2,11059200
1080,6,reference,690,1280,720,1920,1080,12.6935,13.8872,10.0403,1,1,0,0,2,11059200
1080,6,reference,691,1280,720,1920,1080,11.009,12.2049,9.63686,1,1,0,0,2,11059200
1080,6,reference,692,1280,720,1920,1080,11.3582,12.4488,9.98195,1,1,0,0,2,11059200
1080,6,reference,693,1280,720,1920,1080,11.1155,12.1872,9.72288,1,1,0,0,2,11059200
1080,6,reference,694,1280,720,1920,1080,11.2507,12.3068,8.58829,1,1,0,0,2,11059200
1080,6,reference,695,1280,720,1920,1080,11.6541,12.7458,10.0045,1,1,0,0,2,11059200
1080,6,reference,696,1280,720,1920,1080,11.2671,12.4887,9.89594,1,1,0,0,2,11059200
1080,6,reference,697,1280,720,1920,1080,11.266,12.5999,9.89389,1,1,0,0,2,11059200
1080,6,reference,698,1280,720,1920,1080,11.5712,12.8264,9.92563,1,1,0,0,2,11059200
1080,6,reference,699,1280,720,1920,1080,11.4893,12.5105,9.86214,1,1,0,0,2,11059200
1080,6,reference,700,1280,720,1920,1080,11.264,12.49,9.88979,1,1,0,0,2,11059200
1080,6,reference,701,1280,720,1920,1080,11.3951,12.549,9.75053,1,1,0,0,2,11059200
1080,6,reference,702,1280,720,1920,1080,11.1565,12.2049,9.76486,1,1,0,0,2,11059200
1080,6,reference,703,1280,720,1920,1080,11.6367,12.6297,10.1007,1,1,0,0,2,11059200
1080,6,reference,704,1280,720,1920,1080,11.4156,12.398,10.0444,1,1,0,0,2,11059200
1080,6,reference,705,1280,720,1920,1080,11.3603,12.4531,9.7321,1,1,0,0,2,11059200
1080,6,reference,706,1280,720,1920,1080,11.4995,12.4498,9.88365,1,1,0,0,2,11059200
1080,6,reference,707,1280,720,1920,1080,11.8794,12.9955,10.2595,1,1,0,0,2,11059200
1080,6,reference,708,1280,720,1920,1080,11.3725,12.371,9.74746,1,1,0,0,2,11059200
1080,6,reference,709,1280,720,1920,1080,11.4801,12.5686,9.84678,1,1,0,0,2,11059200
1080,6,reference,710,1280,720,1920,1080,11.3992,12.3877,9.76486,1,1,0,0,2,11059200
1080,6,reference,711,1280,720,1920,1080,11.5425,12.5072,9.91334,1,1,0,0,2,11059200
1080,6,reference,712,1280,720,1920,1080,11.4985,12.44,9.86419,1,1,0,0,2,11059200
1080,6,reference,713,1280,720,1920,1080,11.3623,12.3401,9.728,1,1,0,0,2,11059200
1080,6,reference,714,1280,720,1920,1080,11.3981,12.3681,9.76179,1,1,0,0,2,11059200
1080,6,reference,715,1280,720,1920,1080,11.3469,12.3361,9.70342,1,1,0,0,2,11059200
1080,6,reference,716,1280,720,1920,1080,11.3807,12.4492,9.73722,1,1,0,0,2,11059200
1080,6,reference,717,1280,720,1920,1080,11.3572,12.3588,9.73619,1,1,0,0,2,11059200
1080,6,reference,718,1280,720,1920,1080,11.5261,12.4779,9.89491,1,1,0,0,2,11059200
1080,6,reference,719,1280,720,1920,1080,20.436,21.8281,19.0638,1,1,0,0,2,11059200
1080,6,reference,720,1280,720,1920,1080,11.0121,12.1469,9.63891,1,1,0,0,2,11059200
1080,6,reference,721,1280,720,1920,1080,9.95635,10.9174,8.58522,1,1,0,0,2,11059200
1080,6,reference,722,1280,720,1920,1080,11.349,12.3046,9.97581,1,1,0,0,2,11059200
1080,6,reference,723,1280,720,1920,1080,13.313,14.3893,11.9224,1,1,0,0,2,11059200
1080,6,reference,724,1280,720,1920,1080,11.5814,12.575,9.90822,1,1,0,0,2,11059200
1080,6,reference,725,1280,720,1920,1080,11.3818,12.3241,9.71878,1,1,0,0,2,11059200
1080,6,reference,726,1280,720,1920,1080,11.3951,12.4175,9.75053,1,1,0,0,2,11059200
1080,6,reference,727,1280,720,1920,1080,11.5569,12.5903,9.91539,1,1,0,0,2,11059200
1080,6,reference,728,1280,720,1920,1080,11.5098,12.5281,9.87443,1,1,0,0,2,11059200
1080,6,reference,729,1280,720,1920,1080,11.4995,12.5878,9.85907,1,1,0,0,2,11059200
1080,6,reference,730,1280,720,1920,1080,11.3039,12.2345,9.93075,1,1,0,0,2,11059200
1080,6,reference,731,1280,720,1920,1080,11.6603,12.726,9.92666,1,1,0,0,2,11059200
1080,6,reference,732,1280,720,1920,1080,11.351,12.5089,9.9799,1,1,0,0,2,11059200
1080,6,reference,733,1280,720,1920,1080,11.4586,12.4191,9.81504,1,1,0,0,2,11059200
1080,6,reference,734,1280,720,1920,1080,11.3603,12.4043,9.98605,1,1,0,0,2,11059200
1080,6,reference,735,1280,720,1920,1080,11.5671,12.5413,9.91949,1,1,0,0,2,11059200
1080,6,reference,736,1280,720,1920,1080,11.5343,12.6846,9.89696,1,1,0,0,2,11059200
1080,6,reference,737,1280,720,1920,1080,11.2845,12.3186,9.90925,1,1,0,0,2,11059200
1080,6,reference,738,1280,720,1920,1080,11.5773,12.6634,9.93587,1,1,0,0,2,11059200
1080,6,reference,739,1280,720,1920,1080,11.3019,12.3367,9.9287,1,1,0,0,2,11059200
1080,6,reference,740,1280,720,1920,1080,11.2968,12.3496,9.92358,1,1,0,0,2,11059200
1080,6,reference,741,1280,720,1920,1080,11.3336,12.588,9.96045,1,1,0,0,2,11059200
1080,6,reference,742,1280,720,1920,1080,11.5333,12.6055,9.88672,1,1,0,0,2,11059200
1080,6,reference,743,1280,720,1920,1080,11.4749,12.4238,9.83552,1,1,0,0,2,11059200
1080,6,reference,744,1280,720,1920,1080,11.5558,12.6554,9.91232,1,1,0,0,2,11059200
1080,6,reference,745,1280,720,1920,1080,11.3244,12.3751,9.69523,1,1,0,0,2,11059200
1080,6,reference,746,1280,720,1920,1080,11.3541,12.3371,9.9799,1,1,0,0,2,11059200
1080,6,reference,747,1280,720,1920,1080,11.3592,12.4391,9.984,1,1,0,0,2,11059200
1080,6,reference,748,1280,720,1920,1080,11.5087,12.4723,9.86522,1,1,0,0,2,11059200
1080,6,reference,749,1280,720,1920,1080,11.3142,12.3138,9.93894,1,1,0,0,2,11059200
1080,6,reference,750,1280,720,1920,1080,11.5497,12.5591,9.90618,1,1,0,0,2,11059200
1080,6,reference,751,1280,720,1920,1080,11.3807,12.381,10.0055,1,1,0,0,2,11059200
1080,6,reference,752,1280,720,1920,1080,11.5159,12.5153,9.87853,1,1,0,0,2,11059200
1080,6,reference,753,1280,720,1920,1080,11.3091,12.5348,9.9369,1,1,0,0,2,11059200
1080,6,reference,754,1280,720,1920,1080,11.5241,12.5457,9.8816,1,1,0,0,2,11059200
1080,6,reference,755,1280,720,1920,1080,11.3019,12.4043,9.93075,1,1,0,0,2,11059200
1080,6,reference,756,1280,720,1920,1080,11.3142,12.3229,9.94202,1,1,0,0,2,11059200
1080,6,reference,757,1280,720,1920,1080,11.5446,12.5942,9.89901,1,1,0,0,2,11059200
1080,6,reference,758,1280,720,1920,1080,11.5292,12.5038,9.89082,1,1,0,0,2,11059200
1080,6,reference,759,1280,720,1920,1080,11.5159,12.5649,9.88058,1,1,0,0,2,11059200
1080,6,reference,760,1280,720,1920,1080,11.5569,12.5942,9.89389,1,1,0,0,2,11059200
1080,6,reference,761,1280,720,1920,1080,12.5706,13.6393,10.9189,1,1,0,0,2,11059200
1080,6,reference,762,1280,720,1920,1080,11.3193,12.3307,9.94714,1,1,0,0,2,11059200
1080,6,reference,763,1280,720,1920,1080,11.095,12.2124,9.70445,1,1,0,0,2,11059200
1080,6,reference,764,1280,720,1920,1080,11.3859,12.3599,9.73005,1,1,0,0,2,11059200
1080,6,reference,765,1280,720,1920,1080,11.4524,12.4332,10.0782,1,1,0,0,2,11059200
1080,6,reference,766,1280,720,1920,1080,11.2855,12.1921,9.91232,1,1,0,0,2,11059200
1080,6,reference,767,1280,720,1920,1080,11.3234,12.2914,9.95328,1,1,0,0,2,11059200
1080,6,reference,768,1280,720,1920,1080,11.3592,12.4221,9.98502,1,1,0,0,2,11059200
1080,6,reference,769,1280,720,1920,1080,11.3265,12.3178,9.95226,1,1,0,0,2,11059200
1080,6,reference,770,1280,720,1920,1080,11.3541,12.598,9.96864,1,1,0,0,2,11059200
1080,6,reference,771,1280,720,1920,1080,11.3582,12.3475,9.97069,1,1,0,0,2,11059200
1080,6,reference,772,1280,720,1920,1080,11.5374,12.4953,9.87443,1,1,0,0,2,11059200
1080,6,reference,773,1280,720,1920,1080,11.5589,12.5452,9.9287,1,1,0,0,2,11059200
1080,6,reference,774,1280,720,1920,1080,11.307,12.2821,9.93485,1,1,0,0,2,11059200
1080,6,reference,775,1280,720,1920,1080,11.3357,12.3631,9.96352,1,1,0,0,2,11059200
1080,6,reference,776,1280,720,1920,1080,11.5415,12.5199,9.9072,1,1,0,0,2,11059200
1080,6,reference,777,1280,720,1920,1080,11.5016,12.4688,9.87341,1,1,0,0,2,11059200
1080,6,reference,778,1280,720,1920,1080,11.3162,12.299,9.94304,1,1,0,0,2,11059200
1080,6,reference,779,1280,720,1920,1080,11.4739,12.5824,9.84678,1,1,0,0,2,11059200
1080,6,reference,780,1280,720,1920,1080,11.5118,12.52,9.88467,1,1,0,0,2,11059200
1080,6,reference,781,1280,720,1920,1080,11.478,12.4621,9.856,1,1,0,0,2,11059200
1080,6,reference,782,1280,720,1920,1080,11.3644,12.3295,9.81094,1,1,0,0,2,11059200
1080,6,reference,783,1280,720,1920,1080,11.2916,12.4284,9.91846,1,1,0,0,2,11059200
1080,6,reference,784,1280,720,1920,1080,11.2282,12.2224,9.66451,1,1,0,0,2,11059200
1080,6,reference,785,1280,720,1920,1080,11.478,12.474,10.1018,1,1,0,0,2,11059200
1080,6,reference,786,1280,720,1920,1080,11.5999,12.6721,10.0536,1,1,0,0,2,11059200
1080,6,reference,787,1280,720,1920,1080,11.3603,12.3501,9.99014,1,1,0,0,2,11059200
1080,6,reference,788,1280,720,1920,1080,11.4739,12.4493,9.84166,1,1,0,0,2,11059200
1080,6,reference,789,1280,720,1920,1080,11.4401,12.5292,9.88774,1,1,0,0,2,11059200
1080,6,reference,790,1280,720,1920,1080,11.2927,12.3445,9.92256,1,1,0,0,2,11059200
1080,6,reference,791,1280,720,1920,1080,11.6767,12.7064,10.0321,1,1,0,0,2,11059200
1080,6,reference,792,1280,720,1920,1080,11.4555,12.6789,9.89798,1,1,0,0,2,11059200
1080,6,reference,793,1280,720,1920,1080,11.35,12.3369,9.97888,1,1,0,0,2,11059200
1080,6,reference,794,1280,720,1920,1080,11.2333,12.2286,9.86112,1,1,0,0,2,11059200
1080,6,reference,795,1280,720,1920,1080,11.5558,12.5591,10.1786,1,1,0,0,2,11059200
1080,6,reference,796,1280,720,1920,1080,11.5405,12.5145,9.87853,1,1,0,0,2,11059200
1080,6,reference,797,1280,720,1920,1080,11.52,12.5482,9.8816,1,1,0,0,2,11059200
1080,6,reference,798,1280,720,1920,1080,11.5343,12.5264,9.89286,1,1,0,0,2,11059200
1080,6,reference,799,1280,720,1920,1080,11.2558,12.3943,9.86522,1,1,0,0,2,11059200
1080,6,reference,800,1280,720,1920,1080,9.95226,10.9683,8.5801,1,1,0,0,2,11059200
1080,6,reference,801,1280,720,1920,1080,11.2497,12.1616,9.87443,1,1,0,0,2,11059200
1080,6,reference,802,1280,720,1920,1080,11.3428,12.373,9.96966,1,1,0,0,2,11059200
1080,6,reference,803,1280,720,1920,1080,11.2435,12.4564,8.6231,1,1,0,0,2,11059200
1080,6,reference,804,1280,720,1920,1080,9.92973,13.2417,8.55347,1,1,0,0,2,11059200
1080,6,reference,805,1280,720,1920,1080,11.0858,12.2745,9.71264,1,1,0,0,2,11059200
1080,6,reference,806,1280,720,1920,1080,11.0971,12.3301,9.7239,1,1,0,0,2,11059200
1080,6,reference,807,1280,720,1920,1080,11.4053,12.4062,9.7577,1,1,0,0,2,11059200
1080,6,reference,808,1280,720,1920,1080,11.3756,12.6285,10.0024,1,1,0,0,2,11059200
1080,6,reference,809,1280,720,1920,1080,11.4278,12.539,10.0536,1,1,0,0,2,11059200
1080,6,reference,810,1280,720,1920,1080,11.2333,12.5239,9.8601,1,1,0,0,2,11059200
1080,6,reference,811,1280,720,1920,1080,11.0623,12.3381,9.68806,1,1,0,0,2,11059200
1080,6,reference,812,1280,720,1920,1080,11.0797,12.2182,9.70342,1,1,0,0,2,11059200
1080,6,reference,813,1280,720,1920,1080,11.4944,12.6068,10.1181,1,1,0,0,2,11059200
1080,6,reference,814,1280,720,1920,1080,11.0203,12.27,9.6471,1,1,0,0,2,11059200
1080,6,reference,815,1280,720,1920,1080,11.2558,12.4973,9.8816,1,1,0,0,2,11059200
1080,6,reference,816,1280,720,1920,1080,11.2333,12.2224,9.856,1,1,0,0,2,11059200
1080,6,reference,817,1280,720,1920,1080,11.5118,12.4853,10.1386,1,1,0,0,2,11059200
1080,6,reference,818,1280,720,1920,1080,11.2732,12.4034,9.90106,1,1,0,0,2,11059200
1080,6,reference,819,1280,720,1920,1080,11.4831,12.5708,9.86419,1,1,0,0,2,11059200
1080,6,reference,820,1280,720,1920,1080,11.308,12.3474,9.93587,1,1,0,0,2,11059200
1080,6,reference,821,1280,720,1920,1080,11.4555,12.4453,10.0823,1,1,0,0,2,11059200
1080,6,reference,822,1280,720,1920,1080,11.0766,12.256,9.7024,1,1,0,0,2,11059200
1080,6,reference,823,1280,720,1920,1080,11.5272,12.5522,10.155,1,1,0,0,2,11059200
1080,6,reference,824,1280,720,1920,1080,11.3428,12.4429,9.96966,1,1,0,0,2,11059200
1080,6,reference,825,1280,720,1920,1080,11.2271,12.858,9.84576,1,1,0,0,2,11059200
1080,6,reference,826,1280,720,1920,1080,11.3111,12.4188,9.93178,1,1,0,0,2,11059200
1080,6,reference,827,1280,720,1920,1080,11.0541,12.0456,9.6809,1,1,0,0,2,11059200
1080,6,reference,828,1280,720,1920,1080,11.4412,12.3223,10.0526,1,1,0,0,2,11059200
1080,6,reference,829,1280,720,1920,1080,11.0694,12.258,9.69011,1,1,0,0,2,11059200
1080,6,reference,830,1280,720,1920,1080,11.5722,12.5115,9.94509,1,1,0,0,2,11059200
1080,6,reference,831,1280,720,1920,1080,11.0766,12.2818,9.69728,1,1,0,0,2,11059200
1080,6,reference,832,1280,720,1920,1080,11.3541,12.2614,9.82118,1,1,0,0,2,11059200
1080,6,reference,833,1280,720,1920,1080,11.4555,12.4333,10.0782,1,1,0,0,2,11059200
1080,6,reference,834,1280,720,1920,1080,11.4565,12.523,10.0833,1,1,0,0,2,11059200
1080,6,reference,835,1280,720,1920,1080,11.4391,12.4273,10.0649,1,1,0,0,2,11059200
1080,6,reference,836,1280,720,1920,1080,11.4964,12.4976,10.1233,1,1,0,0,2,11059200
1080,6,reference,837,1280,720,1920,1080,11.4811,12.4917,10.1059,1,1,0,0,2,11059200
1080,6,reference,838,1280,720,1920,1080,11.4893,12.6381,10.1171,1,1,0,0,2,11059200
1080,6,reference,839,1280,720,1920,1080,11.3111,12.3115,9.9369,1,1,0,0,2,11059200
1080,6,reference,840,1280,720,1920,1080,11.3992,12.3944,10.026,1,1,0,0,2,11059200
1080,6,reference,841,1280,720,1920,1080,11.3172,12.4359,9.94099,1,1,0,0,2,11059200
1080,6,reference,842,1280,720,1920,1080,11.5149,12.664,10.1407,1,1,0,0,2,11059200
1080,6,reference,843,1280,720,1920,1080,11.5036,12.4521,10.1294,1,1,0,0,2,11059200
1080,6,reference,844,1280,720,1920,1080,11.5313,12.5147,10.1591,1,1,0,0,2,11059200
1080,6,reference,845,1280,720,1920,1080,11.4452,12.4262,10.071,1,1,0,0,2,11059200
1080,6,reference,846,1280,720,1920,1080,11.3203,12.3902,9.93894,1,1,0,0,2,11059200
1080,6,reference,847,1280,720,1920,1080,11.4934,12.44,10.1212,1,1,0,0,2,11059200
1080,6,reference,848,1280,720,1920,1080,11.4135,12.5941,10.0393,1,1,0,0,2,11059200
1080,6,reference,849,1280,720,1920,1080,11.4555,12.652,10.0813,1,1,0,0,2,11059200
1080,6,reference,850,1280,720,1920,1080,11.5241,12.6335,10.1509,1,1,0,0,2,11059200
1080,6,reference,851,1280,720,1920,1080,11.4964,12.5298,10.1202,1,1,0,0,2,11059200
1080,6,reference,852,1280,720,1920,1080,11.0305,12.1262,9.65837,1,1,0,0,2,11059200
1080,6,reference,853,1280,720,1920,1080,11.5917,12.4941,9.96557,1,1,0,0,2,11059200
1080,6,reference,854,1280,720,1920,1080,11.5077,12.5386,10.1325,1,1,0,0,2,11059200
1080,6,reference,855,1280,720,1920,1080,11.4657,12.4586,10.0925,1,1,0,0,2,11059200
1080,6,reference,856,1280,720,1920,1080,11.5231,12.4919,10.1489,1,1,0,0,2,11059200
1080,6,reference,857,1280,720,1920,1080,11.308,12.2487,9.93382,1,1,0,0,2,11059200
1080,6,reference,858,1280,720,1920,1080,11.479,12.5195,10.1048,1,1,0,0,2,11059200
1080,6,reference,859,1280,720,1920,1080,11.4801,12.5099,10.1059,1,1,0,0,2,11059200
1080,6,reference,860,1280,720,1920,1080,11.5456,12.5617,10.1734,1,1,0,0,2,11059200
1080,6,reference,861,1280,720,1920,1080,11.4606,12.5119,10.0864,1,1,0,0,2,11059200
1080,6,reference,862,1280,720,1920,1080,11.4514,12.4109,10.0762,1,1,0,0,2,11059200
1080,6,reference,863,1280,720,1920,1080,11.5057,12.4847,10.1304,1,1,0,0,2,11059200
1080,6,reference,864,1280,720,1920,1080,11.476,12.4367,10.1028,1,1,0,0,2,11059200
1080,6,reference,865,1280,720,1920,1080,11.476,12.4617,10.1028,1,1,0,0,2,11059200
1080,6,reference,866,1280,720,1920,1080,11.521,12.4983,10.1478,1,1,0,0,2,11059200
1080,6,reference,867,1280,720,1920,1080,11.4801,12.4968,10.1069,1,1,0,0,2,11059200
1080,6,reference,868,1280,720,1920,1080,11.436,12.6151,10.0628,1,1,0,0,2,11059200
1080,6,reference,869,1280,720,1920,1080,11.2988,12.2866,9.92461,1,1,0,0,2,11059200
1080,6,reference,870,1280,720,1920,1080,11.4985,12.4818,10.1253,1,1,0,0,2,11059200
1080,6,reference,871,1280,720,1920,1080,11.5026,12.5086,10.1284,1,1,0,0,2,11059200
1080,6,reference,872,1280,720,1920,1080,11.4391,12.3719,10.0639,1,1,0,0,2,11059200
1080,6,reference,873,1280,720,1920,1080,11.3469,12.3305,9.97274,1,1,0,0,2,11059200
1080,6,reference,874,1280,720,1920,1080,11.3582,12.3675,9.98298,1,1,0,0,2,11059200
1080,6,reference,875,1280,720,1920,1080,11.4586,12.5861,10.0833,1,1,0,0,2,11059200
1080,6,reference,876,1280,720,1920,1080,11.4668,12.4602,10.0925,1,1,0,0,2,11059200
1080,6,reference,877,1280,720,1920,1080,11.5272,12.4971,10.154,1,1,0,0,2,11059200
1080,6,reference,878,1280,720,1920,1080,11.4422,12.4624,9.81709,1,1,0,0,2,11059200
1080,6,reference,879,1280,720,1920,1080,18.5518,19.5499,17.1796,1,1,0,0,2,11059200
1080,6,reference,880,1280,720,1920,1080,11.3449,12.4153,9.70445,1,1,0,0,2,11059200
1080,6,reference,881,1280,720,1920,1080,11.3224,12.37,9.6727,1,1,0,0,2,11059200
1080,6,reference,882,1280,720,1920,1080,11.5395,12.5667,9.91539,1,1,0,0,2,11059200
1080,6,reference,883,1280,720,1920,1080,10.1315,11.67,8.7593,1,1,0,0,2,11059200
1080,6,reference,884,1280,720,1920,1080,11.264,13.2615,9.87136,1,1,0,0,2,11059200
1080,6,reference,885,1280,720,1920,1080,11.0889,12.2182,9.71162,1,1,0,0,2,11059200
1080,6,reference,886,1280,720,1920,1080,11.22,12.4044,9.84269,1,1,0,0,2,11059200
1080,6,reference,887,1280,720,1920,1080,10.1581,11.0804,8.7849,1,1,0,0,2,11059200
1080,6,reference,888,1280,720,1920,1080,12.6925,13.6953,11.3009,1,1,0,0,2,11059200
1080,6,reference,889,1280,720,1920,1080,11.5476,12.5413,10.1714,1,1,0,0,2,11059200
1080,6,reference,890,1280,720,1920,1080,11.3551,12.4,9.98093,1,1,0,0,2,11059200
1080,6,reference,891,1280,720,1920,1080,11.4442,12.4235,10.0495,1,1,0,0,2,11059200
1080,6,reference,892,1280,720,1920,1080,11.5446,12.5731,10.1601,1,1,0,0,2,11059200
1080,6,reference,893,1280,720,1920,1080,11.5497,12.5228,9.92154,1,1,0,0,2,11059200
1080,6,reference,894,1280,720,1920,1080,11.2404,12.6078,9.86726,1,1,0,0,2,11059200
1080,6,reference,895,1280,720,1920,1080,11.6101,12.5519,9.85498,1,1,0,0,2,11059200
1080,6,reference,896,1280,720,1920,1080,11.2968,12.5847,9.92563,1,1,0,0,2,11059200
1080,6,reference,897,1280,720,1920,1080,11.2333,12.3939,9.86112,1,1,0,0,2,11059200
1080,6,reference,898,1280,720,1920,1080,11.4156,12.3786,10.0403,1,1,0,0,2,11059200
1080,6,reference,899,1280,720,1920,1080,11.518,12.5235,9.95738,1,1,0,0,2,11059200
1080,6,reference,900,1280,720,1920,1080,11.3398,12.2943,9.70752,1,1,0,0,2,11059200
1080,6,reference,901,1280,720,1920,1080,11.4934,12.6714,9.85498,1,1,0,0,2,11059200
1080,6,reference,902,1280,720,1920,1080,11.3551,12.286,9.70854,1,1,0,0,2,11059200
1080,6,reference,903,1280,720,1920,1080,11.305,12.5213,9.93382,1,1,0,0,2,11059200
1080,6,reference,904,1280,720,1920,1080,11.3388,12.6616,9.96352,1,1,0,0,2,11059200
1080,6,reference,905,1280,720,1920,1080,10.1458,11.1271,8.77363,1,1,0,0,2,11059200
1080,6,reference,906,1280,720,1920,1080,12.5573,13.6408,9.67987,1,1,0,0,2,11059200
1080,6,reference,907,1280,720,1920,1080,11.2783,12.5322,9.90515,1,1,0,0,2,11059200
1080,6,reference,908,1280,720,1920,1080,11.2261,12.3002,9.8519,1,1,0,0,2,11059200
1080,6,reference,909,1280,720,1920,1080,11.2466,12.4363,9.87034,1,1,0,0,2,11059200
1080,6,reference,910,1280,720,1920,1080,11.2517,12.5288,9.87955,1,1,0,0,2,11059200
1080,6,reference,911,1280,720,1920,1080,11.5128,12.5349,9.86624,1,1,0,0,2,11059200
1080,6,reference,912,1280,720,1920,1080,11.2538,12.5469,9.87955,1,1,0,0,2,11059200
1080,6,reference,913,1280,720,1920,1080,11.2046,12.559,9.83347,1,1,0,0,2,11059200
1080,6,reference,914,1280,720,1920,1080,11.2374,12.4548,9.86419,1,1,0,0,2,11059200
1080,6,reference,915,1280,720,1920,1080,11.5241,12.7841,10.1499,1,1,0,0,2,11059200
1080,6,reference,916,1280,720,1920,1080,11.3418,12.3038,9.70445,1,1,0,0,2,11059200
1080,6,reference,917,1280,720,1920,1080,11.1862,12.4008,9.8089,1,1,0,0,2,11059200
1080,6,reference,918,1280,720,1920,1080,11.3654,12.6412,9.99322,1,1,0,0,2,11059200
1080,6,reference,919,1280,720,1920,1080,11.3807,12.3915,10.0076,1,1,0,0,2,11059200
1080,6,reference,920,1280,720,1920,1080,11.1002,12.2989,9.72595,1,1,0,0,2,11059200
1080,6,reference,921,1280,720,1920,1080,10.9885,12.0177,9.61229,1,1,0,0,2,11059200
1080,6,reference,922,1280,720,1920,1080,11.3562,12.5055,9.984,1,1,0,0,2,11059200
1080,6,reference,923,1280,720,1920,1080,9.84269,10.7969,8.47462,1,1,0,0,2,11059200
1080,6,reference,924,1280,720,1920,1080,12.8614,13.8692,11.4883,1,1,0,0,2,11059200
1080,6,reference,925,1280,720,1920,1080,11.4432,12.4283,10.0608,1,1,0,0,2,11059200
1080,6,reference,926,1280,720,1920,1080,11.3439,12.4676,9.96352,1,1,0,0,2,11059200
1080,6,reference,927,1280,720,1920,1080,11.4196,12.4639,9.78227,1,1,0,0,2,11059200
1080,6,reference,928,1280,720,1920,1080,11.3367,12.421,9.9625,1,1,0,0,2,11059200
1080,6,reference,929,1280,720,1920,1080,11.3654,12.3033,9.99014,1,1,0,0,2,11059200
1080,6,reference,930,1280,720,1920,1080,11.2978,12.3149,9.92256,1,1,0,0,2,11059200
1080,6,reference,931,1280,720,1920,1080,11.2732,12.3426,9.89082,1,1,0,0,2,11059200
1080,6,reference,932,1280,720,1920,1080,11.3418,12.4103,9.96659,1,1,0,0,2,11059200
1080,6,reference,933,1280,720,1920,1080,11.3285,12.2872,9.95328,1,1,0,0,2,11059200
1080,6,reference,934,1280,720,1920,1080,11.3193,12.274,9.94509,1,1,0,0,2,11059200
1080,6,reference,935,1280,720,1920,1080,11.1104,12.1794,9.71776,1,1,0,0,2,11059200
1080,6,reference,936,1280,720,1920,1080,11.4125,12.4511,10.0372,1,1,0,0,2,11059200
1080,6,reference,937,1280,720,1920,1080,11.3398,12.4232,9.69933,1,1,0,0,2,11059200
1080,6,reference,938,1280,720,1920,1080,11.4371,12.558,10.0618,1,1,0,0,2,11059200
1080,6,reference,939,1280,720,1920,1080,11.3132,12.2919,9.93894,1,1,0,0,2,11059200
1080,6,reference,940,1280,720,1920,1080,9.94918,10.866,8.576,1,1,0,0,2,11059200
1080,6,reference,941,1280,720,1920,1080,11.305,12.3809,9.93075,1,1,0,0,2,11059200
1080,6,reference,942,1280,720,1920,1080,11.4207,12.4278,10.0454,1,1,0,0,2,11059200
1080,6,reference,943,1280,720,1920,1080,11.2507,12.2728,9.63686,1,1,0,0,2,11059200
1080,6,reference,944,1280,720,1920,1080,11.2148,12.4973,9.83962,1,1,0,0,2,11059200
1080,6,reference,945,1280,720,1920,1080,11.2794,12.7183,9.90515,1,1,0,0,2,11059200
1080,6,reference,946,1280,720,1920,1080,11.3377,12.4431,9.69933,1,1,0,0,2,11059200
1080,6,reference,947,1280,720,1920,1080,11.3306,12.4717,9.68294,1,1,0,0,2,11059200
1080,6,reference,948,1280,720,1920,1080,11.6675,12.6248,10.028,1,1,0,0,2,11059200
1080,6,reference,949,1280,720,1920,1080,11.3541,12.5813,9.6983,1,1,0,0,2,11059200
1080,6,reference,950,1280,720,1920,1080,11.5589,12.5174,9.91437,1,1,0,0,2,11059200
1080,6,reference,951,1280,720,1920,1080,11.4698,12.4155,9.83654,1,1,0,0,2,11059200
1080,6,reference,952,1280,720,1920,1080,11.4821,12.4755,9.82733,1,1,0,0,2,11059200
1080,6,reference,953,1280,720,1920,1080,11.3654,12.3888,9.70138,1,1,0,0,2,11059200
1080,6,reference,954,1280,720,1920,1080,11.3469,12.3924,9.70138,1,1,0,0,2,11059200
1080,6,reference,955,1280,720,1920,1080,11.307,12.5322,9.93178,1,1,0,0,2,11059200
1080,6,reference,956,1280,720,1920,1080,11.5169,12.6056,9.8601,1,1,0,0,2,11059200
1080,6,reference,957,1280,720,1920,1080,11.2804,12.2756,9.71674,1,1,0,0,2,11059200
1080,6,reference,958,1280,720,1920,1080,11.3203,12.3892,9.94509,1,1,0,0,2,11059200
1080,6,reference,959,1280,720,1920,1080,11.1544,12.2595,9.7577,1,1,0,0,2,11059200
1080,6,reference,960,1280,720,1920,1080,11.4473,12.3884,10.0731,1,1,0,0,2,11059200
1080,6,reference,961,1280,720,1920,1080,11.5436,12.4664,9.90515,1,1,0,0,2,11059200
1080,6,reference,962,1280,720,1920,1080,11.562,12.5794,9.89901,1,1,0,0,2,11059200
1080,6,reference,963,1280,720,1920,1080,11.477,12.5937,9.83347,1,1,0,0,2,11059200
1080,6,reference,964,1280,720,1920,1080,11.3818,12.4492,9.72493,1,1,0,0,2,11059200
1080,6,reference,965,1280,720,1920,1080,11.3869,12.3553,9.72902,1,1,0,0,2,11059200
1080,6,reference,966,1280,720,1920,1080,11.2343,12.4612,9.86214,1,1,0,0,2,11059200
1080,6,reference,967,1280,720,1920,1080,11.2251,12.4649,9.85088,1,1,0,0,2,11059200
1080,6,reference,968,1280,720,1920,1080,11.2364,12.4684,9.86214,1,1,0,0,2,11059200
1080,6,reference,969,1280,720,1920,1080,11.5743,12.8115,9.91949,1,1,0,0,2,11059200
1080,6,reference,970,1280,720,1920,1080,11.4483,12.7523,9.79046,1,1,0,0,2,11059200
1080,6,reference,971,1280,720,1920,1080,11.6429,12.5783,9.9799,1,1,0,0,2,11059200
1080,6,reference,972,1280,720,1920,1080,11.4196,12.3965,9.77306,1,1,0,0,2,11059200
1080,6,reference,973,1280,720,1920,1080,11.1841,12.4226,9.8089,1,1,0,0,2,11059200
1080,6,reference,974,1280,720,1920,1080,11.4412,12.6464,9.78432,1,1,0,0,2,11059200
1080,6,reference,975,1280,720,1920,1080,11.5855,12.5905,9.94611,1,1,0,0,2,11059200
1080,6,reference,976,1280,720,1920,1080,11.6183,12.5493,9.97171,1,1,0,0,2,11059200
1080,6,reference,977,1280,720,1920,1080,11.4729,12.4601,9.9328,1,1,0,0,2,11059200
1080,6,reference,978,1280,720,1920,1080,11.306,12.3029,9.92973,1,1,0,0,2,11059200
1080,6,reference,979,1280,720,1920,1080,11.5692,12.5188,9.9072,1,1,0,0,2,11059200
1080,6,reference,980,1280,720,1920,1080,11.5661,12.6575,9.91846,1,1,0,0,2,11059200
1080,6,reference,981,1280,720,1920,1080,11.5231,12.5146,9.88467,1,1,0,0,2,11059200
1080,6,reference,982,1280,720,1920,1080,11.6029,12.6531,9.96352,1,1,0,0,2,11059200
1080,6,reference,983,1280,720,1920,1080,11.5579,12.542,9.9113,1,1,0,0,2,11059200
1080,6,reference,984,1280,720,1920,1080,11.4012,12.4662,10.025,1,1,0,0,2,11059200
1080,6,reference,985,1280,720,1920,1080,11.3644,12.4686,9.98605,1,1,0,0,2,11059200
1080,6,reference,986,1280,720,1920,1080,11.5302,12.5362,9.8857,1,1,0,0,2,11059200
1080,6,reference,987,1280,720,1920,1080,11.5732,12.6992,9.91744,1,1,0,0,2,11059200
1080,6,reference,988,1280,720,1920,1080,11.5425,12.6649,10.1652,1,1,0,0,2,11059200
1080,6,reference,989,1280,720,1920,1080,11.5118,12.4939,10.1345,1,1,0,0,2,11059200
1080,6,reference,990,1280,720,1920,1080,11.2609,12.3812,9.88467,1,1,0,0,2,11059200
1080,6,reference,991,1280,720,1920,1080,11.3777,12.3198,10.0024,1,1,0,0,2,11059200
1080,6,reference,992,1280,720,1920,1080,11.5415,12.4909,10.1652,1,1,0,0,2,11059200
1080,6,reference,993,1280,720,1920,1080,11.4708,12.4067,10.0936,1,1,0,0,2,11059200
1080,6,reference,994,1280,720,1920,1080,11.3347,12.297,9.95942,1,1,0,0,2,11059200
1080,6,reference,995,1280,720,1920,1080,11.5016,12.4733,9.84986,1,1,0,0,2,11059200
1080,6,reference,996,1280,720,1920,1080,11.5651,12.7116,10.1898,1,1,0,0,2,11059200
1080,6,reference,997,1280,720,1920,1080,11.4862,12.5718,10.11,1,1,0,0,2,11059200
1080,6,reference,998,1280,720,1920,1080,11.5292,12.5491,10.1509,1,1,0,0,2,11059200
1080,6,reference,999,1280,720,1920,1080,11.5466,12.6964,10.1724,1,1,0,0,2,11059200
1080,6,reference,1000,1280,720,1920,1080,11.3213,12.3955,9.94816,1,1,0,0,2,11059200
1080,6,reference,1001,1280,720,1920,1080,11.5743,12.5705,10.199,1,1,0,0,2,11059200
1080,6,reference,1002,1280,720,1920,1080,12.0607,13.0515,10.6772,1,1,0,0,2,11059200
1080,6,reference,1003,1280,720,1920,1080,11.6767,12.6452,10.2912,1,1,0,0,2,11059200
1080,6,reference,1004,1280,720,1920,1080,11.2957,12.388,9.91949,1,1,0,0,2,11059200
1080,6,reference,1005,1280,720,1920,1080,11.3859,12.4953,10.0127,1,1,0,0,2,11059200
1080,6,reference,1006,1280,720,1920,1080,11.5599,12.6498,10.1857,1,1,0,0,2,11059200
1080,6,reference,1007,1280,720,1920,1080,11.1227,12.2531,9.7495,1,1,0,0,2,11059200
1080,6,reference,1008,1280,720,1920,1080,11.4811,12.5279,10.1048,1,1,0,0,2,11059200
1080,6,reference,1009,1280,720,1920,1080,11.3101,12.3457,9.93382,1,1,0,0,2,11059200
1080,6,reference,1010,1280,720,1920,1080,11.4309,12.3996,10.0465,1,1,0,0,2,11059200
1080,6,reference,1011,1280,720,1920,1080,11.305,12.502,9.92973,1,1,0,0,2,11059200
1080,6,reference,1012,1280,720,1920,1080,11.4708,12.4293,10.0946,1,1,0,0,2,11059200
1080,6,reference,1013,1280,720,1920,1080,11.009,12.1664,9.63277,1,1,0,0,2,11059200
1080,6,reference,1014,1280,720,1920,1080,11.5231,12.4638,10.1417,1,1,0,0,2,11059200
1080,6,reference,1015,1280,720,1920,1080,11.138,12.3373,9.75667,1,1,0,0,2,11059200
1080,6,reference,1016,1280,720,1920,1080,11.4924,12.4738,10.1181,1,1,0,0,2,11059200
1080,6,reference,1017,1280,720,1920,1080,11.3531,12.3406,9.98093,1,1,0,0,2,11059200
1080,6,reference,1018,1280,720,1920,1080,11.4534,12.4433,10.0782,1,1,0,0,2,11059200
1080,6,reference,1019,1280,720,1920,1080,11.5384,12.6979,10.1622,1,1,0,0,2,11059200
1080,6,reference,1020,1280,720,1920,1080,11.3715,12.5279,9.99834,1,1,0,0,2,11059200
1080,6,reference,1021,1280,720,1920,1080,11.3541,12.3831,9.98093,1,1,0,0,2,11059200
1080,6,reference,1022,1280,720,1920,1080,11.3172,12.385,9.94406,1,1,0,0,2,11059200
1080,6,reference,1023,1280,720,1920,1080,11.3961,12.4548,10.0219,1,1,0,0,2,11059200
1080,6,reference,1024,1280,720,1920,1080,11.4012,12.447,10.025,1,1,0,0,2,11059200
1080,6,reference,1025,1280,720,1920,1080,11.9337,12.9527,10.3076,1,1,0,0,2,11059200
1080,6,reference,1026,1280,720,1920,1080,11.3521,12.4059,9.97786,1,1,0,0,2,11059200
1080,6,reference,1027,1280,720,1920,1080,11.3695,12.4509,9.99219,1,1,0,0,2,11059200
1080,6,reference,1028,1280,720,1920,1080,11.0838,12.2971,9.70547,1,1,0,0,2,11059200
1080,6,reference,1029,1280,720,1920,1080,11.4903,12.4749,10.113,1,1,0,0,2,11059200
1080,6,reference,1030,1280,720,1920,1080,11.3633,12.335,9.71059,1,1,0,0,2,11059200
1080,6,reference,1031,1280,720,1920,1080,11.3172,12.3553,9.94304,1,1,0,0,2,11059200
1080,6,reference,1032,1280,720,1920,1080,11.3234,12.3648,9.94406,1,1,0,0,2,11059200
1080,6,reference,1033,1280,720,1920,1080,11.4596,12.5135,10.0792,1,1,0,0,2,11059200
1080,6,reference,1034,1280,720,1920,1080,11.5108,12.5866,10.1366,1,1,0,0,2,11059200
1080,6,reference,1035,1280,720,1920,1080,11.5067,12.5619,9.89082,1,1,0,0,2,11059200
1080,6,reference,1036,1280,720,1920,1080,11.3019,12.2166,9.9287,1,1,0,0,2,11059200
1080,6,reference,1037,1280,720,1920,1080,11.518,12.6126,10.1417,1,1,0,0,2,11059200
1080,6,reference,1038,1280,720,1920,1080,11.351,12.4548,9.97581,1,1,0,0,2,11059200
1080,6,reference,1039,1280,720,1920,1080,11.2947,12.4541,9.92051,1,1,0,0,2,11059200
1080,6,reference,1040,1280,720,1920,1080,12.1508,13.2024,10.5196,1,1,0,0,2,11059200
1080,6,reference,1041,1280,720,1920,1080,10.9988,12.1013,9.62458,1,1,0,0,2,11059200
1080,6,reference,1042,1280,720,1920,1080,11.4852,12.5872,10.1079,1,1,0,0,2,11059200
1080,6,reference,1043,1280,720,1920,1080,11.3787,12.4429,10.0014,1,1,0,0,2,11059200
1080,6,reference,1044,1280,720,1920,1080,11.3101,12.3796,9.93485,1,1,0,0,2,11059200
1080,6,reference,1045,1280,720,1920,1080,11.3029,12.3525,9.92666,1,1,0,0,2,11059200
1080,6,reference,1046,1280,720,1920,1080,9.82426,10.7349,8.45005,1,1,0,0,2,11059200
1080,6,reference,1047,1280,720,1920,1080,12.3884,13.4872,11.008,1,1,0,0,2,11059200
1080,6,reference,1048,1280,720,1920,1080,11.4637,12.588,10.0844,1,1,0,0,2,11059200
1080,6,reference,1049,1280,720,1920,1080,11.3725,12.3459,9.99731,1,1,0,0,2,11059200
1080,6,reference,1050,1280,720,1920,1080,11.3428,12.2995,9.96557,1,1,0,0,2,11059200
1080,6,reference,1051,1280,720,1920,1080,11.2241,12.3893,9.84781,1,1,0,0,2,11059200
1080,6,reference,1052,1280,720,1920,1080,11.3951,12.3583,10.0188,1,1,0,0,2,11059200
1080,6,reference,1053,1280,720,1920,1080,11.5528,12.5561,9.90925,1,1,0,0,2,11059200
1080,6,reference,1054,1280,720,1920,1080,11.2456,12.3374,9.86624,1,1,0,0,2,11059200
1080,6,reference,1055,1280,720,1920,1080,11.4944,12.5201,10.1202,1,1,0,0,2,11059200
1080,6,reference,1056,1280,720,1920,1080,11.5651,12.5087,9.91744,1,1,0,0,2,11059200
1080,6,reference,1057,1280,720,1920,1080,11.5364,12.4859,9.88262,1,1,0,0,2,11059200
1080,6,reference,1058,1280,720,1920,1080,10.0188,10.9852,8.64461,1,1,0,0,2,11059200
1080,6,reference,1059,1280,720,1920,1080,12.5563,13.6912,11.1575,1,1,0,0,2,11059200
1080,6,reference,1060,1280,720,1920,1080,11.8313,12.799,10.4397,1,1,0,0,2,11059200
1080,6,reference,1061,1280,720,1920,1080,11.4616,12.5009,10.0854,1,1,0,0,2,11059200
1080,6,reference,1062,1280,720,1920,1080,11.5446,12.5182,9.9031,1,1,0,0,2,11059200
1080,6,reference,1063,1280,720,1920,1080,11.5077,12.6332,9.86931,1,1,0,0,2,11059200
1080,6,reference,1064,1280,720,1920,1080,11.3879,12.457,10.0116,1,1,0,0,2,11059200
1080,6,reference,1065,1280,720,1920,1080,11.3562,12.3298,9.97786,1,1,0,0,2,11059200
1080,6,reference,1066,1280,720,1920,1080,11.564,12.5848,9.92154,1,1,0,0,2,11059200
1080,6,reference,1067,1280,720,1920,1080,11.436,12.5559,9.8816,1,1,0,0,2,11059200
1080,6,reference,1068,1280,720,1920,1080,11.519,12.5534,10.1417,1,1,0,0,2,11059200
1080,6,reference,1069,1280,720,1920,1080,11.3695,12.4342,9.99322,1,1,0,0,2,11059200
1080,6,reference,1070,1280,720,1920,1080,11.349,12.3342,9.97376,1,1,0,0,2,11059200
1080,6,reference,1071,1280,720,1920,1080,11.2548,12.2335,9.87955,1,1,0,0,2,11059200
1080,6,reference,1072,1280,720,1920,1080,11.5313,12.6858,9.88877,1,1,0,0,2,11059200
1080,6,reference,1073,1280,720,1920,1080,11.393,12.4809,10.0168,1,1,0,0,2,11059200
1080,6,reference,1074,1280,720,1920,1080,11.0305,12.1543,9.65325,1,1,0,0,2,11059200
1080,6,reference,1075,1280,720,1920,1080,10.8646,11.9732,9.48736,1,1,0,0,2,11059200
1080,6,reference,1076,1280,720,1920,1080,11.4289,12.5138,9.77613,1,1,0,0,2,11059200
1080,6,reference,1077,1280,720,1920,1080,11.4033,12.3528,9.73824,1,1,0,0,2,11059200
1080,6,reference,1078,1280,720,1920,1080,11.3388,12.3731,9.7024,1,1,0,0,2,11059200
1080,6,reference,1079,1280,720,1920,1080,11.3469,12.3572,9.70854,1,1,0,0,2,11059200
1080,6,reference,1080,1280,720,1920,1080,11.5364,12.5226,9.90106,1,1,0,0,2,11059200
1080,6,reference,1081,1280,720,1920,1080,11.5702,12.6642,9.92768,1,1,0,0,2,11059200
1080,6,reference,1082,1280,720,1920,1080,11.4176,12.4172,9.77101,1,1,0,0,2,11059200
1080,6,reference,1083,1280,720,1920,1080,11.3521,12.2889,9.67782,1,1,0,0,2,11059200
1080,6,reference,1084,1280,720,1920,1080,11.4186,12.4198,9.86931,1,1,0,0,2,11059200
1080,6,reference,1085,1280,720,1920,1080,11.3592,12.3847,9.9799,1,1,0,0,2,11059200
1080,6,reference,1086,1280,720,1920,1080,11.2527,12.6008,9.87648,1,1,0,0,2,11059200
1080,6,reference,1087,1280,720,1920,1080,11.3848,12.3545,9.72493,1,1,0,0,2,11059200
1080,6,reference,1088,1280,720,1920,1080,11.2456,12.4755,9.86931,1,1,0,0,2,11059200
1080,6,reference,1089,1280,720,1920,1080,11.5405,12.5146,9.90822,1,1,0,0,2,11059200
1080,6,reference,1090,1280,720,1920,1080,11.6951,12.7711,10.0383,1,1,0,0,2,11059200
1080,6,reference,1091,1280,720,1920,1080,11.4442,12.5757,9.77306,1,1,0,0,2,11059200
1080,6,reference,1092,1280,720,1920,1080,11.6746,12.9134,10.0332,1,1,0,0,2,11059200
1080,6,reference,1093,1280,720,1920,1080,9.94304,10.9328,8.56986,1,1,0,0,2,11059200
1080,6,reference,1094,1280,720,1920,1080,11.0438,13.7267,9.64915,1,1,0,0,2,11059200
1080,6,reference,1095,1280,720,1920,1080,11.4586,12.5614,10.0823,1,1,0,0,2,11059200
1080,6,reference,1096,1280,720,1920,1080,11.3469,12.2766,9.7024,1,1,0,0,2,11059200
1080,6,reference,1097,1280,720,1920,1080,11.3654,12.3706,9.7239,1,1,0,0,2,11059200
1080,6,reference,1098,1280,720,1920,1080,11.3521,12.3313,9.70854,1,1,0,0,2,11059200
1080,6,reference,1099,1280,720,1920,1080,11.604,12.6589,10.027,1,1,0,0,2,11059200
1080,6,reference,1100,1280,720,1920,1080,11.5046,12.6955,10.1253,1,1,0,0,2,11059200
1080,6,reference,1101,1280,720,1920,1080,11.4033,12.3774,9.70752,1,1,0,0,2,11059200
1080,6,reference,1102,1280,720,1920,1080,11.4115,12.3486,9.77306,1,1,0,0,2,11059200
1080,6,reference,1103,1280,720,1920,1080,11.4268,12.4081,9.79968,1,1,0,0,2,11059200
1080,6,reference,1104,1280,720,1920,1080,11.4299,12.4854,9.79661,1,1,0,0,2,11059200
1080,6,reference,1105,1280,720,1920,1080,11.3654,12.2699,9.73005,1,1,0,0,2,11059200
1080,6,reference,1106,1280,720,1920,1080,11.3295,12.6047,9.95123,1,1,0,0,2,11059200
1080,6,reference,1107,1280,720,1920,1080,11.5681,12.7372,9.93792,1,1,0,0,2,11059200
1080,6,reference,1108,1280,720,1920,1080,11.5661,12.8146,9.92461,1,1,0,0,2,11059200
1080,6,reference,1109,1280,720,1920,1080,11.4964,12.5377,9.86112,1,1,0,0,2,11059200
1080,6,reference,1110,1280,720,1920,1080,11.5302,12.7221,9.89798,1,1,0,0,2,11059200
1080,6,reference,1111,1280,720,1920,1080,11.3142,12.3522,9.93997,1,1,0,0,2,11059200
1080,6,reference,1112,1280,720,1920,1080,11.5538,12.5344,9.91846,1,1,0,0,2,11059200
1080,6,reference,1113,1280,720,1920,1080,11.5866,12.6213,9.95533,1,1,0,0,2,11059200
1080,6,reference,1114,1280,720,1920,1080,11.5528,12.5396,9.90822,1,1,0,0,2,11059200
1080,6,reference,1115,1280,720,1920,1080,11.5507,12.5221,9.92256,1,1,0,0,2,11059200
1080,6,reference,1116,1280,720,1920,1080,11.3244,12.4037,9.94611,1,1,0,0,2,11059200
1080,6,reference,1117,1280,720,1920,1080,11.521,12.5152,9.8816,1,1,0,0,2,11059200
1080,6,reference,1118,1280,720,1920,1080,11.5272,12.5993,9.89491,1,1,0,0,2,11059200
1080,6,reference,1119,1280,720,1920,1080,11.0694,12.3349,9.69421,1,1,0,0,2,11059200
1080,6,reference,1120,1280,720,1920,1080,11.435,12.4096,9.86624,1,1,0,0,2,11059200
1080,6,reference,1121,1280,720,1920,1080,9.94714,10.9357,8.57088,1,1,0,0,2,11059200
1080,6,reference,1122,1280,720,1920,1080,12.8952,13.8955,11.479,1,1,0,0,2,11059200
1080,6,reference,1123,1280,720,1920,1080,11.1145,12.1439,8.42138,1,1,0,0,2,11059200
1080,6,reference,1124,1280,720,1920,1080,11.2497,12.1793,9.87034,1,1,0,0,2,11059200
1080,6,reference,1125,1280,720,1920,1080,11.3705,12.3735,9.99219,1,1,0,0,2,11059200
1080,6,reference,1126,1280,720,1920,1080,11.2374,12.1898,9.6727,1,1,0,0,2,11059200
1080,6,reference,1127,1280,720,1920,1080,11.394,12.4929,10.0168,1,1,0,0,2,11059200
1080,6,reference,1128,1280,720,1920,1080,11.265,12.4754,9.88877,1,1,0,0,2,11059200
1080,6,reference,1129,1280,720,1920,1080,11.4063,12.3989,9.74746,1,1,0,0,2,11059200
1080,6,reference,1130,1280,720,1920,1080,11.2374,12.4745,9.856,1,1,0,0,2,11059200
1080,6,reference,1131,1280,720,1920,1080,11.3265,12.6912,9.95226,1,1,0,0,2,11059200
1080,6,reference,1132,1280,720,1920,1080,11.4852,12.467,10.1069,1,1,0,0,2,11059200
1080,6,reference,1133,1280,720,1920,1080,11.4156,12.4523,9.76691,1,1,0,0,2,11059200
1080,6,reference,1134,1280,720,1920,1080,11.692,12.6992,10.0291,1,1,0,0,2,11059200
1080,6,reference,1135,1280,720,1920,1080,11.2937,12.4297,9.72595,1,1,0,0,2,11059200
1080,6,reference,1136,1280,720,1920,1080,11.3295,12.4268,9.94816,1,1,0,0,2,11059200
1080,6,reference,1137,1280,720,1920,1080,11.4012,12.4311,9.7536,1,1,0,0,2,11059200
1080,6,reference,1138,1280,720,1920,1080,11.4299,12.4247,9.77715,1,1,0,0,2,11059200
1080,6,reference,1139,1280,720,1920,1080,11.2783,12.7627,9.89901,1,1,0,0,2,11059200
1080,6,reference,1140,1280,720,1920,1080,11.394,12.6216,9.73107,1,1,0,0,2,11059200
1080,6,reference,1141,1280,720,1920,1080,11.3623,12.3064,9.71981,1,1,0,0,2,11059200
1080,6,reference,1142,1280,720,1920,1080,11.1258,12.1655,9.74643,1,1,0,0,2,11059200
1080,6,reference,1143,1280,720,1920,1080,11.3613,12.4474,9.98195,1,1,0,0,2,11059200
1080,6,reference,1144,1280,720,1920,1080,11.8856,12.9028,10.2656,1,1,0,0,2,11059200
1080,6,reference,1145,1280,720,1920,1080,11.2978,12.2565,9.74029,1,1,0,0,2,11059200
1080,6,reference,1146,1280,720,1920,1080,11.479,12.4768,10.0997,1,1,0,0,2,11059200
1080,6,reference,1147,1280,720,1920,1080,11.3766,12.3951,9.72698,1,1,0,0,2,11059200
1080,6,reference,1148,1280,720,1920,1080,11.3736,12.4662,9.70342,1,1,0,0,2,11059200
1080,6,reference,1149,1280,720,1920,1080,11.392,12.3844,9.72698,1,1,0,0,2,11059200
1080,6,reference,1150,1280,720,1920,1080,11.5384,12.5802,9.89594,1,1,0,0,2,11059200
1080,6,reference,1151,1280,720,1920,1080,11.4186,12.5714,9.76282,1,1,0,0,2,11059200
1080,6,reference,1152,1280,720,1920,1080,11.3029,12.3769,9.73517,1,1,0,0,2,11059200
1080,6,reference,1153,1280,720,1920,1080,11.5241,12.4906,10.1478,1,1,0,0,2,11059200
1080,6,reference,1154,1280,720,1920,1080,11.3715,12.3535,9.74234,1,1,0,0,2,11059200
1080,6,reference,1155,1280,720,1920,1080,11.6419,12.5979,9.99629,1,1,0,0,2,11059200
1080,6,reference,1156,1280,720,1920,1080,11.4125,12.6987,9.77613,1,1,0,0,2,11059200
1080,6,reference,1157,1280,720,1920,1080,11.4074,12.4529,9.76896,1,1,0,0,2,11059200
1080,6,reference,1158,1280,720,1920,1080,11.3725,12.4167,9.73926,1,1,0,0,2,11059200
1080,6,reference,1159,1280,720,1920,1080,11.3183,12.2419,9.68294,1,1,0,0,2,11059200
1080,6,reference,1160,1280,720,1920,1080,11.5036,12.4586,9.86317,1,1,0,0,2,11059200
1080,6,reference,1161,1280,720,1920,1080,11.3121,12.3969,9.67987,1,1,0,0,2,11059200
1080,6,reference,1162,1280,720,1920,1080,11.3101,12.5683,9.93485,1,1,0,0,2,11059200
1080,6,reference,1163,1280,720,1920,1080,11.5528,12.5206,9.90515,1,1,0,0,2,11059200
1080,6,reference,1164,1280,720,1920,1080,11.5692,12.6678,9.92358,1,1,0,0,2,11059200
1080,6,reference,1165,1280,720,1920,1080,11.3736,12.5003,9.72698,1,1,0,0,2,11059200
1080,6,reference,1166,1280,720,1920,1080,11.3705,12.4213,9.72288,1,1,0,0,2,11059200
1080,6,reference,1167,1280,720,1920,1080,11.3695,12.3725,9.72186,1,1,0,0,2,11059200
1080,6,reference,1168,1280,720,1920,1080,11.3603,12.3269,9.71469,1,1,0,0,2,11059200
1080,6,reference,1169,1280,720,1920,1080,11.3469,12.3307,9.71674,1,1,0,0,2,11059200
1080,6,reference,1170,1280,720,1920,1080,11.3418,12.268,9.68704,1,1,0,0,2,11059200
1080,6,reference,1171,1280,720,1920,1080,11.5425,12.494,9.89798,1,1,0,0,2,11059200
1080,6,reference,1172,1280,720,1920,1080,11.5681,12.6444,9.93075,1,1,0,0,2,11059200
1080,6,reference,1173,1280,720,1920,1080,11.3797,12.3877,9.73414,1,1,0,0,2,11059200
1080,6,reference,1174,1280,720,1920,1080,11.5712,12.675,9.9328,1,1,0,0,2,11059200
1080,6,reference,1175,1280,720,1920,1080,11.3551,12.4389,9.71059,1,1,0,0,2,11059200
1080,6,reference,1176,1280,720,1920,1080,11.3418,12.4326,9.69626,1,1,0,0,2,11059200
1080,6,reference,1177,1280,720,1920,1080,11.3029,12.5238,9.9287,1,1,0,0,2,11059200
1080,6,reference,1178,1280,720,1920,1080,11.2517,12.5751,9.87341,1,1,0,0,2,11059200
1080,6,reference,1179,1280,720,1920,1080,11.2794,12.5448,9.90208,1,1,0,0,2,11059200
1080,6,reference,1180,1280,720,1920,1080,11.5118,12.5199,10.1345,1,1,0,0,2,11059200
1080,6,reference,1181,1280,720,1920,1080,11.2384,12.3043,9.68806,1,1,0,0,2,11059200
1080,6,reference,1182,1280,720,1920,1080,11.3551,12.466,9.98093,1,1,0,0,2,11059200
1080,6,reference,1183,1280,720,1920,1080,11.4176,12.3829,9.77613,1,1,0,0,2,11059200
1080,6,reference,1184,1280,720,1920,1080,11.4985,12.4352,9.85702,1,1,0,0,2,11059200
1080,6,reference,1185,1280,720,1920,1080,11.4258,12.6582,9.71674,1,1,0,0,2,11059200
1080,6,reference,1186,1280,720,1920,1080,11.3992,12.4878,9.7577,1,1,0,0,2,11059200
1080,6,reference,1187,1280,720,1920,1080,11.3254,12.304,9.68192,1,1,0,0,2,11059200
1080,6,reference,1188,1280,720,1920,1080,11.2722,12.4932,9.89696,1,1,0,0,2,11059200
1080,6,reference,1189,1280,720,1920,1080,11.3316,12.282,9.95738,1,1,0,0,2,11059200
1080,6,reference,1190,1280,720,1920,1080,11.2681,12.5491,9.89286,1,1,0,0,2,11059200
1080,6,reference,1191,1280,720,1920,1080,11.3244,12.52,9.90925,1,1,0,0,2,11059200
1080,6,reference,1192,1280,720,1920,1080,11.2538,12.4638,9.87546,1,1,0,0,2,11059200
1080,6,reference,1193,1280,720,1920,1080,11.5302,12.8324,10.1171,1,1,0,0,2,11059200
1080,6,reference,1194,1280,720,1920,1080,11.4022,12.2771,9.8519,1,1,0,0,2,11059200
1080,6,reference,1195,1280,720,1920,1080,11.391,12.3616,10.0157,1,1,0,0,2,11059200
1080,6,reference,1196,1280,720,1920,1080,11.4647,12.4225,9.88979,1,1,0,0,2,11059200
1080,6,reference,1197,1280,720,1920,1080,11.2732,12.5758,9.89798,1,1,0,0,2,11059200
1080,6,reference,1198,1280,720,1920,1080,11.689,12.7653,10.0301,1,1,0,0,2,11059200
1080,6,reference,1199,1280,720,1920,1080,11.3377,12.6751,9.96557,1,1,0,0,2,11059200
