height,repeat,variant,frame,input_width,input_height,output_width,output_height,ngx_evaluation_gpu_ms,frame_wall_ms,nr_gpu_ms,nr_passes,nr_successes,nvapi_kernels,nvapi_chains,guide_copies,guide_copy_bytes
1080,1,reference,300,1280,720,1920,1080,11.518,12.5025,10.1437,1,1,0,0,2,11059200
1080,1,reference,301,1280,720,1920,1080,11.4637,12.5113,10.0895,1,1,0,0,2,11059200
1080,1,reference,302,1280,720,1920,1080,11.4627,12.3997,10.0854,1,1,0,0,2,11059200
1080,1,reference,303,1280,720,1920,1080,11.4913,12.442,10.1181,1,1,0,0,2,11059200
1080,1,reference,304,1280,720,1920,1080,11.3562,12.3629,9.9799,1,1,0,0,2,11059200
1080,1,reference,305,1280,720,1920,1080,11.3213,12.3467,9.94714,1,1,0,0,2,11059200
1080,1,reference,306,1280,720,1920,1080,11.5282,12.6022,10.1519,1,1,0,0,2,11059200
1080,1,reference,307,1280,720,1920,1080,11.5159,12.5377,10.1407,1,1,0,0,2,11059200
1080,1,reference,308,1280,720,1920,1080,11.4985,12.4352,10.1243,1,1,0,0,2,11059200
1080,1,reference,309,1280,720,1920,1080,11.4831,12.4559,10.1059,1,1,0,0,2,11059200
1080,1,reference,310,1280,720,1920,1080,11.348,12.2522,9.97274,1,1,0,0,2,11059200
1080,1,reference,311,1280,720,1920,1080,11.3121,12.2454,9.9369,1,1,0,0,2,11059200
1080,1,reference,312,1280,720,1920,1080,11.5538,12.5283,9.91642,1,1,0,0,2,11059200
1080,1,reference,313,1280,720,1920,1080,11.3981,12.5087,10.0219,1,1,0,0,2,11059200
1080,1,reference,314,1280,720,1920,1080,11.3091,12.2869,9.93587,1,1,0,0,2,11059200
1080,1,reference,315,1280,720,1920,1080,11.348,12.4552,9.97069,1,1,0,0,2,11059200
1080,1,reference,316,1280,720,1920,1080,11.5272,12.69,9.88672,1,1,0,0,2,11059200
1080,1,reference,317,1280,720,1920,1080,11.518,12.6923,9.88672,1,1,0,0,2,11059200
1080,1,reference,318,1280,720,1920,1080,11.3654,12.4131,9.99014,1,1,0,0,2,11059200
1080,1,reference,319,1280,720,1920,1080,11.3807,12.3965,10.0045,1,1,0,0,2,11059200
1080,1,reference,320,1280,720,1920,1080,11.3633,12.32,9.9881,1,1,0,0,2,11059200
1080,1,reference,321,1280,720,1920,1080,11.519,12.5469,9.89184,1,1,0,0,2,11059200
1080,1,reference,322,1280,720,1920,1080,11.3889,12.3856,10.0137,1,1,0,0,2,11059200
1080,1,reference,323,1280,720,1920,1080,11.3613,12.3451,9.98605,1,1,0,0,2,11059200
1080,1,reference,324,1280,720,1920,1080,11.3295,12.4531,9.9543,1,1,0,0,2,11059200
1080,1,reference,325,1280,720,1920,1080,11.5333,12.5804,9.89901,1,1,0,0,2,11059200
1080,1,reference,326,1280,720,1920,1080,11.3162,12.4644,9.93997,1,1,0,0,2,11059200
1080,1,reference,327,1280,720,1920,1080,11.5384,12.6535,9.91437,1,1,0,0,2,11059200
1080,1,reference,328,1280,720,1920,1080,11.3715,12.5839,9.99936,1,1,0,0,2,11059200
1080,1,reference,329,1280,720,1920,1080,11.3572,12.5549,9.98195,1,1,0,0,2,11059200
1080,1,reference,330,1280,720,1920,1080,11.3582,12.2793,9.98195,1,1,0,0,2,11059200
1080,1,reference,331,1280,720,1920,1080,11.4995,12.5682,10.1233,1,1,0,0,2,11059200
1080,1,reference,332,1280,720,1920,1080,11.3531,12.3131,9.9799,1,1,0,0,2,11059200
1080,1,reference,333,1280,720,1920,1080,12.2143,13.1742,10.5789,1,1,0,0,2,11059200
1080,1,reference,334,1280,720,1920,1080,11.3234,12.3426,9.94816,1,1,0,0,2,11059200
1080,1,reference,335,1280,720,1920,1080,11.3275,12.4465,9.95226,1,1,0,0,2,11059200
1080,1,reference,336,1280,720,1920,1080,11.6603,12.6983,10.283,1,1,0,0,2,11059200
1080,1,reference,337,1280,720,1920,1080,11.4381,12.5007,10.0639,1,1,0,0,2,11059200
1080,1,reference,338,1280,720,1920,1080,11.3193,12.3295,9.94509,1,1,0,0,2,11059200
1080,1,reference,339,1280,720,1920,1080,11.5251,12.7077,10.1499,1,1,0,0,2,11059200
1080,1,reference,340,1280,720,1920,1080,11.5098,12.5435,10.1335,1,1,0,0,2,11059200
1080,1,reference,341,1280,720,1920,1080,11.2886,12.3693,9.91232,1,1,0,0,2,11059200
1080,1,reference,342,1280,720,1920,1080,11.6664,12.9075,10.2861,1,1,0,0,2,11059200
1080,1,reference,343,1280,720,1920,1080,11.0203,12.1379,9.64506,1,1,0,0,2,11059200
1080,1,reference,344,1280,720,1920,1080,11.5231,12.5,10.153,1,1,0,0,2,11059200
1080,1,reference,345,1280,720,1920,1080,11.2988,12.2405,9.92461,1,1,0,0,2,11059200
1080,1,reference,346,1280,720,1920,1080,11.3162,12.2751,9.93997,1,1,0,0,2,11059200
1080,1,reference,347,1280,720,1920,1080,11.7842,12.7634,10.2257,1,1,0,0,2,11059200
1080,1,reference,348,1280,720,1920,1080,11.3193,12.2356,9.68909,1,1,0,0,2,11059200
1080,1,reference,349,1280,720,1920,1080,9.97171,11.0231,8.60058,1,1,0,0,2,11059200
1080,1,reference,350,1280,720,1920,1080,13.1123,14.238,11.6849,1,1,0,0,2,11059200
1080,1,reference,351,1280,720,1920,1080,11.7299,12.676,10.1018,1,1,0,0,2,11059200
1080,1,reference,352,1280,720,1920,1080,11.3562,12.3968,9.98093,1,1,0,0,2,11059200
1080,1,reference,353,1280,720,1920,1080,11.391,12.3232,10.0147,1,1,0,0,2,11059200
1080,1,reference,354,1280,720,1920,1080,11.3203,12.3601,9.94509,1,1,0,0,2,11059200
1080,1,reference,355,1280,720,1920,1080,11.3213,12.2483,9.94714,1,1,0,0,2,11059200
1080,1,reference,356,1280,720,1920,1080,11.5405,12.4676,10.1663,1,1,0,0,2,11059200
1080,1,reference,357,1280,720,1920,1080,11.3818,12.3987,10.0024,1,1,0,0,2,11059200
1080,1,reference,358,1280,720,1920,1080,11.3541,12.3196,9.97683,1,1,0,0,2,11059200
1080,1,reference,359,1280,720,1920,1080,11.3121,12.3549,9.93485,1,1,0,0,2,11059200
1080,1,reference,360,1280,720,1920,1080,11.3592,12.3718,9.98502,1,1,0,0,2,11059200
1080,1,reference,361,1280,720,1920,1080,11.3613,12.3953,9.98605,1,1,0,0,2,11059200
1080,1,reference,362,1280,720,1920,1080,11.39,12.4721,10.0147,1,1,0,0,2,11059200
1080,1,reference,363,1280,720,1920,1080,11.3275,12.395,9.95021,1,1,0,0,2,11059200
1080,1,reference,364,1280,720,1920,1080,11.0787,12.1704,9.70445,1,1,0,0,2,11059200
1080,1,reference,365,1280,720,1920,1080,11.01,12.125,9.63174,1,1,0,0,2,11059200
1080,1,reference,366,1280,720,1920,1080,11.179,12.331,9.80173,1,1,0,0,2,11059200
1080,1,reference,367,1280,720,1920,1080,9.77715,10.6622,8.40397,1,1,0,0,2,11059200
1080,1,reference,368,1280,720,1920,1080,11.349,12.2908,9.97274,1,1,0,0,2,11059200
1080,1,reference,369,1280,720,1920,1080,11.3828,12.438,10.0065,1,1,0,0,2,11059200
1080,1,reference,370,1280,720,1920,1080,11.3039,12.2893,9.92973,1,1,0,0,2,11059200
1080,1,reference,371,1280,720,1920,1080,11.3398,12.2972,9.96147,1,1,0,0,2,11059200
1080,1,reference,372,1280,720,1920,1080,11.308,12.4655,9.93178,1,1,0,0,2,11059200
1080,1,reference,373,1280,720,1920,1080,11.3295,12.3178,9.95328,1,1,0,0,2,11059200
1080,1,reference,374,1280,720,1920,1080,11.006,12.1583,9.63174,1,1,0,0,2,11059200
1080,1,reference,375,1280,720,1920,1080,11.5661,12.5658,10.1929,1,1,0,0,2,11059200
1080,1,reference,376,1280,720,1920,1080,11.477,12.6053,10.1048,1,1,0,0,2,11059200
1080,1,reference,377,1280,720,1920,1080,11.477,12.5826,10.1028,1,1,0,0,2,11059200
1080,1,reference,378,1280,720,1920,1080,11.4463,12.5434,10.071,1,1,0,0,2,11059200
1080,1,reference,379,1280,720,1920,1080,11.4135,12.4313,10.0413,1,1,0,0,2,11059200
1080,1,reference,380,1280,720,1920,1080,11.3347,12.451,9.96045,1,1,0,0,2,11059200
1080,1,reference,381,1280,720,1920,1080,11.2394,12.455,9.8601,1,1,0,0,2,11059200
1080,1,reference,382,1280,720,1920,1080,11.607,12.61,10.2308,1,1,0,0,2,11059200
1080,1,reference,383,1280,720,1920,1080,11.3254,12.4144,9.95328,1,1,0,0,2,11059200
1080,1,reference,384,1280,720,1920,1080,11.3715,12.3836,9.99629,1,1,0,0,2,11059200
1080,1,reference,385,1280,720,1920,1080,11.3541,12.463,9.98093,1,1,0,0,2,11059200
1080,1,reference,386,1280,720,1920,1080,11.5067,12.479,10.1315,1,1,0,0,2,11059200
1080,1,reference,387,1280,720,1920,1080,11.5825,12.5412,10.2072,1,1,0,0,2,11059200
1080,1,reference,388,1280,720,1920,1080,11.5302,12.7145,10.1519,1,1,0,0,2,11059200
1080,1,reference,389,1280,720,1920,1080,11.2855,12.3,9.91027,1,1,0,0,2,11059200
1080,1,reference,390,1280,720,1920,1080,11.3254,12.3159,9.94918,1,1,0,0,2,11059200
1080,1,reference,391,1280,720,1920,1080,11.4852,12.4357,10.11,1,1,0,0,2,11059200
1080,1,reference,392,1280,720,1920,1080,11.478,12.4623,10.1028,1,1,0,0,2,11059200
1080,1,reference,393,1280,720,1920,1080,11.5579,12.4809,10.1806,1,1,0,0,2,11059200
1080,1,reference,394,1280,720,1920,1080,11.4493,12.3908,10.0741,1,1,0,0,2,11059200
1080,1,reference,395,1280,720,1920,1080,11.5149,12.4891,10.1417,1,1,0,0,2,11059200
1080,1,reference,396,1280,720,1920,1080,11.4606,12.7076,10.0854,1,1,0,0,2,11059200
1080,1,reference,397,1280,720,1920,1080,11.4166,12.4755,10.0424,1,1,0,0,2,11059200
1080,1,reference,398,1280,720,1920,1080,11.4565,12.5427,10.0833,1,1,0,0,2,11059200
1080,1,reference,399,1280,720,1920,1080,9.81402,10.7385,8.44083,1,1,0,0,2,11059200
1080,1,reference,400,1280,720,1920,1080,12.7693,13.7869,11.3736,1,1,0,0,2,11059200
1080,1,reference,401,1280,720,1920,1080,11.8313,12.7553,10.2738,1,1,0,0,2,11059200
1080,1,reference,402,1280,720,1920,1080,11.7381,12.6247,10.1202,1,1,0,0,2,11059200
1080,1,reference,403,1280,720,1920,1080,11.4432,12.3199,9.88877,1,1,0,0,2,11059200
1080,1,reference,404,1280,720,1920,1080,11.4627,12.4225,10.0884,1,1,0,0,2,11059200
1080,1,reference,405,1280,720,1920,1080,11.4944,12.4661,10.1151,1,1,0,0,2,11059200
1080,1,reference,406,1280,720,1920,1080,11.522,12.6447,10.1478,1,1,0,0,2,11059200
1080,1,reference,407,1280,720,1920,1080,11.5538,12.4644,10.2031,1,1,0,0,2,11059200
1080,1,reference,408,1280,720,1920,1080,11.5476,12.5711,10.1755,1,1,0,0,2,11059200
1080,1,reference,409,1280,720,1920,1080,11.4504,12.3847,10.0762,1,1,0,0,2,11059200
1080,1,reference,410,1280,720,1920,1080,11.5896,12.7571,10.2164,1,1,0,0,2,11059200
1080,1,reference,411,1280,720,1920,1080,11.3224,12.5314,9.94816,1,1,0,0,2,11059200
1080,1,reference,412,1280,720,1920,1080,11.3674,12.3518,9.99117,1,1,0,0,2,11059200
1080,1,reference,413,1280,720,1920,1080,11.308,12.2686,9.69421,1,1,0,0,2,11059200
1080,1,reference,414,1280,720,1920,1080,11.7023,12.6419,10.1509,1,1,0,0,2,11059200
1080,1,reference,415,1280,720,1920,1080,11.3336,12.3267,9.95738,1,1,0,0,2,11059200
1080,1,reference,416,1280,720,1920,1080,11.3582,12.4918,9.98298,1,1,0,0,2,11059200
1080,1,reference,417,1280,720,1920,1080,11.3172,12.3061,9.94509,1,1,0,0,2,11059200
1080,1,reference,418,1280,720,1920,1080,11.5077,12.5936,10.1345,1,1,0,0,2,11059200
1080,1,reference,419,1280,720,1920,1080,11.6726,12.7252,10.2994,1,1,0,0,2,11059200
1080,1,reference,420,1280,720,1920,1080,11.522,12.8766,10.1356,1,1,0,0,2,11059200
1080,1,reference,421,1280,720,1920,1080,11.2947,12.4164,9.92051,1,1,0,0,2,11059200
1080,1,reference,422,1280,720,1920,1080,11.6449,12.6687,10.2595,1,1,0,0,2,11059200
1080,1,reference,423,1280,720,1920,1080,11.3674,12.2845,9.75872,1,1,0,0,2,11059200
1080,1,reference,424,1280,720,1920,1080,11.0326,12.0811,9.65734,1,1,0,0,2,11059200
1080,1,reference,425,1280,720,1920,1080,11.4412,12.3537,10.0659,1,1,0,0,2,11059200
1080,1,reference,426,1280,720,1920,1080,11.3541,12.2769,9.9799,1,1,0,0,2,11059200
1080,1,reference,427,1280,720,1920,1080,11.5036,12.4602,10.1304,1,1,0,0,2,11059200
1080,1,reference,428,1280,720,1920,1080,11.4883,12.7324,10.1161,1,1,0,0,2,11059200
1080,1,reference,429,1280,720,1920,1080,11.3091,12.3695,9.93382,1,1,0,0,2,11059200
1080,1,reference,430,1280,720,1920,1080,11.4053,12.4078,10.028,1,1,0,0,2,11059200
1080,1,reference,431,1280,720,1920,1080,11.2312,12.2826,8.6016,1,1,0,0,2,11059200
1080,1,reference,432,1280,720,1920,1080,11.4012,12.3801,10.027,1,1,0,0,2,11059200
1080,1,reference,433,1280,720,1920,1080,11.0807,12.1002,9.70752,1,1,0,0,2,11059200
1080,1,reference,434,1280,720,1920,1080,11.3367,12.2466,9.96147,1,1,0,0,2,11059200
1080,1,reference,435,1280,720,1920,1080,11.5415,12.5246,9.89594,1,1,0,0,2,11059200
1080,1,reference,436,1280,720,1920,1080,11.2845,12.2572,9.9113,1,1,0,0,2,11059200
1080,1,reference,437,1280,720,1920,1080,11.5251,12.5663,9.88877,1,1,0,0,2,11059200
1080,1,reference,438,1280,720,1920,1080,11.348,12.3571,9.97171,1,1,0,0,2,11059200
1080,1,reference,439,1280,720,1920,1080,11.5681,12.5225,9.94099,1,1,0,0,2,11059200
1080,1,reference,440,1280,720,1920,1080,11.3244,12.5078,9.94918,1,1,0,0,2,11059200
1080,1,reference,441,1280,720,1920,1080,11.5732,12.4803,9.92256,1,1,0,0,2,11059200
1080,1,reference,442,1280,720,1920,1080,11.5958,12.5747,9.95635,1,1,0,0,2,11059200
1080,1,reference,443,1280,720,1920,1080,11.521,12.4346,9.88262,1,1,0,0,2,11059200
1080,1,reference,444,1280,720,1920,1080,11.4084,12.4356,9.85088,1,1,0,0,2,11059200
1080,1,reference,445,1280,720,1920,1080,11.3285,12.3425,9.9543,1,1,0,0,2,11059200
1080,1,reference,446,1280,720,1920,1080,11.5323,12.4698,9.88672,1,1,0,0,2,11059200
1080,1,reference,447,1280,720,1920,1080,11.563,12.5705,9.91846,1,1,0,0,2,11059200
1080,1,reference,448,1280,720,1920,1080,11.1063,12.4522,9.73312,1,1,0,0,2,11059200
1080,1,reference,449,1280,720,1920,1080,11.2722,12.3763,9.89491,1,1,0,0,2,11059200
1080,1,reference,450,1280,720,1920,1080,11.3306,12.3588,9.95738,1,1,0,0,2,11059200
1080,1,reference,451,1280,720,1920,1080,11.3828,12.3845,9.73414,1,1,0,0,2,11059200
1080,1,reference,452,1280,720,1920,1080,11.3388,12.2728,9.68909,1,1,0,0,2,11059200
1080,1,reference,453,1280,720,1920,1080,11.3674,12.3182,9.72288,1,1,0,0,2,11059200
1080,1,reference,454,1280,720,1920,1080,11.3756,12.5028,9.72902,1,1,0,0,2,11059200
1080,1,reference,455,1280,720,1920,1080,11.4586,12.5883,9.81606,1,1,0,0,2,11059200
1080,1,reference,456,1280,720,1920,1080,11.4094,12.5755,9.76794,1,1,0,0,2,11059200
1080,1,reference,457,1280,720,1920,1080,11.3715,12.3125,9.73107,1,1,0,0,2,11059200
1080,1,reference,458,1280,720,1920,1080,11.3172,12.2922,9.7024,1,1,0,0,2,11059200
1080,1,reference,459,1280,720,1920,1080,11.3828,12.4054,9.74029,1,1,0,0,2,11059200
1080,1,reference,460,1280,720,1920,1080,11.3797,13.0205,10.0035,1,1,0,0,2,11059200
1080,1,reference,461,1280,720,1920,1080,11.52,12.6239,9.90413,1,1,0,0,2,11059200
1080,1,reference,462,1280,720,1920,1080,11.35,12.3201,9.97274,1,1,0,0,2,11059200
1080,1,reference,463,1280,720,1920,1080,11.3562,12.5003,9.984,1,1,0,0,2,11059200
1080,1,reference,464,1280,720,1920,1080,11.5046,12.3873,10.1294,1,1,0,0,2,11059200
1080,1,reference,465,1280,720,1920,1080,11.3234,12.3836,9.68602,1,1,0,0,2,11059200
1080,1,reference,466,1280,720,1920,1080,11.3623,12.3057,9.72083,1,1,0,0,2,11059200
1080,1,reference,467,1280,720,1920,1080,11.2138,12.5407,9.83962,1,1,0,0,2,11059200
1080,1,reference,468,1280,720,1920,1080,11.3029,12.4144,9.65018,1,1,0,0,2,11059200
1080,1,reference,469,1280,720,1920,1080,11.7443,12.6966,10.0956,1,1,0,0,2,11059200
1080,1,reference,470,1280,720,1920,1080,11.3224,12.4699,9.68499,1,1,0,0,2,11059200
1080,1,reference,471,1280,720,1920,1080,11.2835,12.293,9.64608,1,1,0,0,2,11059200
1080,1,reference,472,1280,720,1920,1080,11.4883,12.5255,9.84883,1,1,0,0,2,11059200
1080,1,reference,473,1280,720,1920,1080,11.3807,12.5007,9.73619,1,1,0,0,2,11059200
1080,1,reference,474,1280,720,1920,1080,11.646,12.6416,10.0014,1,1,0,0,2,11059200
1080,1,reference,475,1280,720,1920,1080,11.5139,12.7517,9.87034,1,1,0,0,2,11059200
1080,1,reference,476,1280,720,1920,1080,11.5169,12.4952,9.87341,1,1,0,0,2,11059200
1080,1,reference,477,1280,720,1920,1080,11.3838,12.4749,9.74234,1,1,0,0,2,11059200
1080,1,reference,478,1280,720,1920,1080,11.5343,12.4783,9.89491,1,1,0,0,2,11059200
1080,1,reference,479,1280,720,1920,1080,11.5374,12.5673,9.88058,1,1,0,0,2,11059200
1080,1,reference,480,1280,720,1920,1080,11.5476,12.8441,9.90106,1,1,0,0,2,11059200
1080,1,reference,481,1280,720,1920,1080,11.3664,12.4197,9.99219,1,1,0,0,2,11059200
1080,1,reference,482,1280,720,1920,1080,11.5466,12.5658,9.89184,1,1,0,0,2,11059200
1080,1,reference,483,1280,720,1920,1080,11.3756,12.4313,10.0014,1,1,0,0,2,11059200
1080,1,reference,484,1280,720,1920,1080,11.3603,12.3488,9.984,1,1,0,0,2,11059200
1080,1,reference,485,1280,720,1920,1080,11.564,12.5498,9.91642,1,1,0,0,2,11059200
1080,1,reference,486,1280,720,1920,1080,11.3254,12.4228,9.95123,1,1,0,0,2,11059200
1080,1,reference,487,1280,720,1920,1080,11.5773,12.6657,9.93587,1,1,0,0,2,11059200
1080,1,reference,488,1280,720,1920,1080,11.5988,12.7923,9.9584,1,1,0,0,2,11059200
1080,1,reference,489,1280,720,1920,1080,11.5313,12.5865,10.154,1,1,0,0,2,11059200
1080,1,reference,490,1280,720,1920,1080,11.3367,12.4495,9.96147,1,1,0,0,2,11059200
1080,1,reference,491,1280,720,1920,1080,11.5057,12.6081,10.1335,1,1,0,0,2,11059200
1080,1,reference,492,1280,720,1920,1080,11.5046,12.4432,10.1304,1,1,0,0,2,11059200
1080,1,reference,493,1280,720,1920,1080,11.4985,12.5478,10.1222,1,1,0,0,2,11059200
1080,1,reference,494,1280,720,1920,1080,11.518,12.5544,10.1448,1,1,0,0,2,11059200
1080,1,reference,495,1280,720,1920,1080,11.5436,12.8004,10.1704,1,1,0,0,2,11059200
1080,1,reference,496,1280,720,1920,1080,11.1124,12.2046,9.71469,1,1,0,0,2,11059200
1080,1,reference,497,1280,720,1920,1080,11.0019,12.0528,9.62765,1,1,0,0,2,11059200
1080,1,reference,498,1280,720,1920,1080,11.2916,12.2406,9.89082,1,1,0,0,2,11059200
1080,1,reference,499,1280,720,1920,1080,11.3244,12.4616,9.95123,1,1,0,0,2,11059200
1080,1,reference,500,1280,720,1920,1080,11.3531,12.2646,9.97888,1,1,0,0,2,11059200
1080,1,reference,501,1280,720,1920,1080,11.3428,12.4386,9.96864,1,1,0,0,2,11059200
1080,1,reference,502,1280,720,1920,1080,11.692,12.6559,9.98707,1,1,0,0,2,11059200
1080,1,reference,503,1280,720,1920,1080,11.4842,12.5924,10.1007,1,1,0,0,2,11059200
1080,1,reference,504,1280,720,1920,1080,11.3797,12.3679,10.0045,1,1,0,0,2,11059200
1080,1,reference,505,1280,720,1920,1080,11.3746,12.3973,10.0014,1,1,0,0,2,11059200
1080,1,reference,506,1280,720,1920,1080,11.4463,12.4468,10.071,1,1,0,0,2,11059200
1080,1,reference,507,1280,720,1920,1080,11.2609,12.2918,9.88467,1,1,0,0,2,11059200
1080,1,reference,508,1280,720,1920,1080,11.4944,12.4878,9.85088,1,1,0,0,2,11059200
1080,1,reference,509,1280,720,1920,1080,11.1759,12.3686,9.80173,1,1,0,0,2,11059200
1080,1,reference,510,1280,720,1920,1080,12.0095,12.8861,10.624,1,1,0,0,2,11059200
1080,1,reference,511,1280,720,1920,1080,11.3879,12.3745,10.0116,1,1,0,0,2,11059200
1080,1,reference,512,1280,720,1920,1080,11.4012,12.4155,9.70854,1,1,0,0,2,11059200
1080,1,reference,513,1280,720,1920,1080,11.5732,12.6091,9.88365,1,1,0,0,2,11059200
1080,1,reference,514,1280,720,1920,1080,11.6214,12.7431,9.93485,1,1,0,0,2,11059200
1080,1,reference,515,1280,720,1920,1080,11.3828,12.4089,10.0096,1,1,0,0,2,11059200
1080,1,reference,516,1280,720,1920,1080,11.4063,12.4546,10.0321,1,1,0,0,2,11059200
1080,1,reference,517,1280,720,1920,1080,11.3736,12.4808,9.99731,1,1,0,0,2,11059200
1080,1,reference,518,1280,720,1920,1080,11.5108,12.5345,10.0844,1,1,0,0,2,11059200
1080,1,reference,519,1280,720,1920,1080,11.3705,12.5368,9.99526,1,1,0,0,2,11059200
1080,1,reference,520,1280,720,1920,1080,11.4575,12.5231,10.0751,1,1,0,0,2,11059200
1080,1,reference,521,1280,720,1920,1080,11.3869,12.4059,9.71162,1,1,0,0,2,11059200
1080,1,reference,522,1280,720,1920,1080,11.3541,12.3514,9.9799,1,1,0,0,2,11059200
1080,1,reference,523,1280,720,1920,1080,11.4678,12.5563,10.0936,1,1,0,0,2,11059200
1080,1,reference,524,1280,720,1920,1080,11.6398,12.9781,9.95123,1,1,0,0,2,11059200
1080,1,reference,525,1280,720,1920,1080,11.5374,12.6818,10.1612,1,1,0,0,2,11059200
1080,1,reference,526,1280,720,1920,1080,11.3234,12.3757,9.95123,1,1,0,0,2,11059200
1080,1,reference,527,1280,720,1920,1080,11.3828,12.4304,10.0045,1,1,0,0,2,11059200
1080,1,reference,528,1280,720,1920,1080,11.3828,12.4596,10.0076,1,1,0,0,2,11059200
1080,1,reference,529,1280,720,1920,1080,11.6091,12.6906,10.2359,1,1,0,0,2,11059200
1080,1,reference,530,1280,720,1920,1080,11.3551,12.4124,10.0106,1,1,0,0,2,11059200
1080,1,reference,531,1280,720,1920,1080,11.3828,12.3831,10.0076,1,1,0,0,2,11059200
1080,1,reference,532,1280,720,1920,1080,11.3787,12.4141,10.0024,1,1,0,0,2,11059200
1080,1,reference,533,1280,720,1920,1080,9.94099,10.9004,8.56883,1,1,0,0,2,11059200
1080,1,reference,534,1280,720,1920,1080,12.588,13.62,11.1862,1,1,0,0,2,11059200
1080,1,reference,535,1280,720,1920,1080,11.6009,12.5942,10.2226,1,1,0,0,2,11059200
1080,1,reference,536,1280,720,1920,1080,11.3725,12.4011,10.0004,1,1,0,0,2,11059200
1080,1,reference,537,1280,720,1920,1080,11.3306,12.2429,9.9543,1,1,0,0,2,11059200
1080,1,reference,538,1280,720,1920,1080,11.4002,12.4073,10.027,1,1,0,0,2,11059200
1080,1,reference,539,1280,720,1920,1080,11.6255,13.1651,9.984,1,1,0,0,2,11059200
1080,1,reference,540,1280,720,1920,1080,11.5036,12.5379,10.1294,1,1,0,0,2,11059200
1080,1,reference,541,1280,720,1920,1080,11.179,12.2586,9.78739,1,1,0,0,2,11059200
1080,1,reference,542,1280,720,1920,1080,11.522,12.6567,10.1489,1,1,0,0,2,11059200
1080,1,reference,543,1280,720,1920,1080,11.5292,12.5435,10.155,1,1,0,0,2,11059200
1080,1,reference,544,1280,720,1920,1080,11.2282,12.4212,9.84474,1,1,0,0,2,11059200
1080,1,reference,545,1280,720,1920,1080,11.6531,12.687,10.2769,1,1,0,0,2,11059200
1080,1,reference,546,1280,720,1920,1080,11.35,12.3602,9.97478,1,1,0,0,2,11059200
1080,1,reference,547,1280,720,1920,1080,11.2968,12.3044,9.92256,1,1,0,0,2,11059200
1080,1,reference,548,1280,720,1920,1080,11.263,12.2838,9.86829,1,1,0,0,2,11059200
1080,1,reference,549,1280,720,1920,1080,12.1037,13.083,10.7172,1,1,0,0,2,11059200
1080,1,reference,550,1280,720,1920,1080,11.3295,12.3568,9.95533,1,1,0,0,2,11059200
1080,1,reference,551,1280,720,1920,1080,11.305,12.436,9.9287,1,1,0,0,2,11059200
1080,1,reference,552,1280,720,1920,1080,9.80275,10.7637,8.43162,1,1,0,0,2,11059200
1080,1,reference,553,1280,720,1920,1080,12.7386,13.7562,11.3213,1,1,0,0,2,11059200
1080,1,reference,554,1280,720,1920,1080,11.4708,12.4897,9.92051,1,1,0,0,2,11059200
1080,1,reference,555,1280,720,1920,1080,11.3326,12.3024,9.96045,1,1,0,0,2,11059200
1080,1,reference,556,1280,720,1920,1080,11.3551,12.3091,9.98298,1,1,0,0,2,11059200
1080,1,reference,557,1280,720,1920,1080,11.3213,12.3,9.94714,1,1,0,0,2,11059200
1080,1,reference,558,1280,720,1920,1080,11.5507,12.4882,9.91027,1,1,0,0,2,11059200
1080,1,reference,559,1280,720,1920,1080,11.6285,12.5916,9.98093,1,1,0,0,2,11059200
1080,1,reference,560,1280,720,1920,1080,11.307,12.3448,9.9328,1,1,0,0,2,11059200
1080,1,reference,561,1280,720,1920,1080,11.4985,12.4537,9.87341,1,1,0,0,2,11059200
1080,1,reference,562,1280,720,1920,1080,11.5128,12.5809,9.87853,1,1,0,0,2,11059200
1080,1,reference,563,1280,720,1920,1080,11.3695,12.4031,9.99526,1,1,0,0,2,11059200
1080,1,reference,564,1280,720,1920,1080,11.4934,12.4736,9.86829,1,1,0,0,2,11059200
1080,1,reference,565,1280,720,1920,1080,11.5405,12.5278,9.91846,1,1,0,0,2,11059200
1080,1,reference,566,1280,720,1920,1080,11.5528,12.6353,9.90003,1,1,0,0,2,11059200
1080,1,reference,567,1280,720,1920,1080,11.3439,12.4596,9.96864,1,1,0,0,2,11059200
1080,1,reference,568,1280,720,1920,1080,11.3541,12.4324,9.97888,1,1,0,0,2,11059200
1080,1,reference,569,1280,720,1920,1080,11.4033,12.5045,10.0291,1,1,0,0,2,11059200
1080,1,reference,570,1280,720,1920,1080,11.4862,12.4459,9.84678,1,1,0,0,2,11059200
1080,1,reference,571,1280,720,1920,1080,11.307,12.2715,9.93382,1,1,0,0,2,11059200
1080,1,reference,572,1280,720,1920,1080,11.5395,12.4996,9.89389,1,1,0,0,2,11059200
1080,1,reference,573,1280,720,1920,1080,11.5702,12.5418,9.92973,1,1,0,0,2,11059200
1080,1,reference,574,1280,720,1920,1080,11.4954,12.462,9.86214,1,1,0,0,2,11059200
1080,1,reference,575,1280,720,1920,1080,11.3603,12.8257,9.98912,1,1,0,0,2,11059200
1080,1,reference,576,1280,720,1920,1080,11.5005,12.5102,10.1274,1,1,0,0,2,11059200
1080,1,reference,577,1280,720,1920,1080,11.4913,12.5165,10.1161,1,1,0,0,2,11059200
1080,1,reference,578,1280,720,1920,1080,11.4555,12.5061,10.0813,1,1,0,0,2,11059200
1080,1,reference,579,1280,720,1920,1080,11.3725,12.3192,9.99834,1,1,0,0,2,11059200
1080,1,reference,580,1280,720,1920,1080,11.4749,12.5342,10.1007,1,1,0,0,2,11059200
1080,1,reference,581,1280,720,1920,1080,11.3428,12.3936,9.96966,1,1,0,0,2,11059200
1080,1,reference,582,1280,720,1920,1080,11.4708,12.4531,10.0977,1,1,0,0,2,11059200
1080,1,reference,583,1280,720,1920,1080,11.3132,12.355,9.93894,1,1,0,0,2,11059200
1080,1,reference,584,1280,720,1920,1080,11.3265,12.455,9.94816,1,1,0,0,2,11059200
1080,1,reference,585,1280,720,1920,1080,11.5139,12.5348,9.88877,1,1,0,0,2,11059200
1080,1,reference,586,1280,720,1920,1080,11.3183,12.3248,9.94202,1,1,0,0,2,11059200
1080,1,reference,587,1280,720,1920,1080,11.3725,12.4279,9.99731,1,1,0,0,2,11059200
1080,1,reference,588,1280,720,1920,1080,11.3377,12.4476,9.9625,1,1,0,0,2,11059200
1080,1,reference,589,1280,720,1920,1080,11.5057,12.4919,9.85293,1,1,0,0,2,11059200
1080,1,reference,590,1280,720,1920,1080,11.3213,12.6712,9.94816,1,1,0,0,2,11059200
1080,1,reference,591,1280,720,1920,1080,11.3613,12.4128,9.9881,1,1,0,0,2,11059200
1080,1,reference,592,1280,720,1920,1080,11.3418,12.5874,9.96864,1,1,0,0,2,11059200
1080,1,reference,593,1280,720,1920,1080,11.3705,12.4004,9.99731,1,1,0,0,2,11059200
1080,1,reference,594,1280,720,1920,1080,11.351,12.2902,9.97888,1,1,0,0,2,11059200
1080,1,reference,595,1280,720,1920,1080,11.5415,12.5043,9.90925,1,1,0,0,2,11059200
1080,1,reference,596,1280,720,1920,1080,11.5599,12.5185,9.92973,1,1,0,0,2,11059200
1080,1,reference,597,1280,720,1920,1080,11.3357,12.3074,9.96352,1,1,0,0,2,11059200
1080,1,reference,598,1280,720,1920,1080,11.4002,12.5301,10.026,1,1,0,0,2,11059200
1080,1,reference,599,1280,720,1920,1080,11.521,12.6094,9.89491,1,1,0,0,2,11059200
1080,1,reference,600,1280,720,1920,1080,11.3316,12.3843,9.9584,1,1,0,0,2,11059200
1080,1,reference,601,1280,720,1920,1080,11.3295,12.352,9.95738,1,1,0,0,2,11059200
1080,1,reference,602,1280,720,1920,1080,11.349,12.4739,9.97581,1,1,0,0,2,11059200
1080,1,reference,603,1280,720,1920,1080,11.5251,12.637,9.8816,1,1,0,0,2,11059200
1080,1,reference,604,1280,720,1920,1080,11.2579,12.2843,9.88365,1,1,0,0,2,11059200
1080,1,reference,605,1280,720,1920,1080,11.5589,12.6593,10.1847,1,1,0,0,2,11059200
1080,1,reference,606,1280,720,1920,1080,11.5128,12.4659,10.1386,1,1,0,0,2,11059200
1080,1,reference,607,1280,720,1920,1080,11.3551,12.2945,9.98298,1,1,0,0,2,11059200
1080,1,reference,608,1280,720,1920,1080,11.5958,12.6969,9.87034,1,1,0,0,2,11059200
1080,1,reference,609,1280,720,1920,1080,11.4104,12.5044,10.0372,1,1,0,0,2,11059200
1080,1,reference,610,1280,720,1920,1080,11.3428,12.4059,9.96864,1,1,0,0,2,11059200
1080,1,reference,611,1280,720,1920,1080,11.3633,12.4197,9.9881,1,1,0,0,2,11059200
1080,1,reference,612,1280,720,1920,1080,11.3695,12.4386,9.99936,1,1,0,0,2,11059200
1080,1,reference,613,1280,720,1920,1080,11.3807,12.4547,10.0076,1,1,0,0,2,11059200
1080,1,reference,614,1280,720,1920,1080,11.3603,12.5711,9.98502,1,1,0,0,2,11059200
1080,1,reference,615,1280,720,1920,1080,11.3736,12.3924,10.0014,1,1,0,0,2,11059200
1080,1,reference,616,1280,720,1920,1080,11.5364,12.5446,9.89184,1,1,0,0,2,11059200
1080,1,reference,617,1280,720,1920,1080,11.0316,12.0643,9.65939,1,1,0,0,2,11059200
1080,1,reference,618,1280,720,1920,1080,10.9117,11.9859,9.53344,1,1,0,0,2,11059200
1080,1,reference,619,1280,720,1920,1080,9.78842,10.7016,8.41626,1,1,0,0,2,11059200
1080,1,reference,620,1280,720,1920,1080,12.8911,13.9761,11.4647,1,1,0,0,2,11059200
1080,1,reference,621,1280,720,1920,1080,9.81606,10.8439,8.448,1,1,0,0,2,11059200
1080,1,reference,622,1280,720,1920,1080,12.5174,13.5658,10.2267,1,1,0,0,2,11059200
1080,1,reference,623,1280,720,1920,1080,11.6204,12.7128,9.96352,1,1,0,0,2,11059200
1080,1,reference,624,1280,720,1920,1080,11.2835,12.579,9.91334,1,1,0,0,2,11059200
1080,1,reference,625,1280,720,1920,1080,11.3562,12.3643,9.984,1,1,0,0,2,11059200
1080,1,reference,626,1280,720,1920,1080,11.4647,12.5079,9.90003,1,1,0,0,2,11059200
1080,1,reference,627,1280,720,1920,1080,11.5384,12.6784,10.1632,1,1,0,0,2,11059200
1080,1,reference,628,1280,720,1920,1080,11.2507,12.4406,9.87546,1,1,0,0,2,11059200
1080,1,reference,629,1280,720,1920,1080,11.5866,12.6759,9.9113,1,1,0,0,2,11059200
1080,1,reference,630,1280,720,1920,1080,11.3838,12.6733,9.71469,1,1,0,0,2,11059200
1080,1,reference,631,1280,720,1920,1080,11.1309,12.2242,8.47872,1,1,0,0,2,11059200
1080,1,reference,632,1280,720,1920,1080,11.095,12.1145,9.72186,1,1,0,0,2,11059200
1080,1,reference,633,1280,720,1920,1080,11.4954,12.4585,10.1212,1,1,0,0,2,11059200
1080,1,reference,634,1280,720,1920,1080,11.1882,12.2785,9.81402,1,1,0,0,2,11059200
1080,1,reference,635,1280,720,1920,1080,11.7156,12.6739,10.3414,1,1,0,0,2,11059200
1080,1,reference,636,1280,720,1920,1080,11.3367,12.4827,9.96659,1,1,0,0,2,11059200
1080,1,reference,637,1280,720,1920,1080,11.2681,12.3996,9.89389,1,1,0,0,2,11059200
1080,1,reference,638,1280,720,1920,1080,11.5456,12.4783,9.89798,1,1,0,0,2,11059200
1080,1,reference,639,1280,720,1920,1080,11.4227,12.4567,9.76794,1,1,0,0,2,11059200
1080,1,reference,640,1280,720,1920,1080,11.3357,12.4545,9.75565,1,1,0,0,2,11059200
1080,1,reference,641,1280,720,1920,1080,11.3705,12.4195,9.99834,1,1,0,0,2,11059200
1080,1,reference,642,1280,720,1920,1080,11.2517,12.5882,9.87853,1,1,0,0,2,11059200
1080,1,reference,643,1280,720,1920,1080,11.308,13.2552,9.9369,1,1,0,0,2,11059200
1080,1,reference,644,1280,720,1920,1080,11.3695,12.4586,9.99834,1,1,0,0,2,11059200
1080,1,reference,645,1280,720,1920,1080,11.4913,12.5213,9.84781,1,1,0,0,2,11059200
1080,1,reference,646,1280,720,1920,1080,11.0459,12.1744,8.42138,1,1,0,0,2,11059200
1080,1,reference,647,1280,720,1920,1080,10.8708,11.926,9.50067,1,1,0,0,2,11059200
1080,1,reference,648,1280,720,1920,1080,11.3684,12.3171,9.99526,1,1,0,0,2,11059200
1080,1,reference,649,1280,720,1920,1080,11.0848,12.2174,9.71366,1,1,0,0,2,11059200
1080,1,reference,650,1280,720,1920,1080,11.3408,12.3289,9.96659,1,1,0,0,2,11059200
1080,1,reference,651,1280,720,1920,1080,11.5374,12.5459,10.1642,1,1,0,0,2,11059200
1080,1,reference,652,1280,720,1920,1080,11.2261,12.2172,9.66656,1,1,0,0,2,11059200
1080,1,reference,653,1280,720,1920,1080,11.3654,12.2795,9.99014,1,1,0,0,2,11059200
1080,1,reference,654,1280,720,1920,1080,11.3316,12.2646,9.95738,1,1,0,0,2,11059200
1080,1,reference,655,1280,720,1920,1080,10.9793,12.0599,9.61024,1,1,0,0,2,11059200
1080,1,reference,656,1280,720,1920,1080,11.2865,12.4,9.91539,1,1,0,0,2,11059200
1080,1,reference,657,1280,720,1920,1080,11.5282,12.5365,10.156,1,1,0,0,2,11059200
1080,1,reference,658,1280,720,1920,1080,11.4616,12.5191,10.0905,1,1,0,0,2,11059200
1080,1,reference,659,1280,720,1920,1080,9.78534,10.7801,8.41523,1,1,0,0,2,11059200
1080,1,reference,660,1280,720,1920,1080,11.2722,12.9931,9.87955,1,1,0,0,2,11059200
1080,1,reference,661,1280,720,1920,1080,11.2271,12.5119,9.85498,1,1,0,0,2,11059200
1080,1,reference,662,1280,720,1920,1080,11.0807,12.1771,9.70445,1,1,0,0,2,11059200
1080,1,reference,663,1280,720,1920,1080,11.3459,12.2768,9.97478,1,1,0,0,2,11059200
1080,1,reference,664,1280,720,1920,1080,9.98912,10.9772,8.61901,1,1,0,0,2,11059200
1080,1,reference,665,1280,720,1920,1080,11.1319,13.169,9.7495,1,1,0,0,2,11059200
1080,1,reference,666,1280,720,1920,1080,11.5169,12.5108,10.1437,1,1,0,0,2,11059200
1080,1,reference,667,1280,720,1920,1080,11.2445,12.4115,9.87136,1,1,0,0,2,11059200
1080,1,reference,668,1280,720,1920,1080,11.3347,12.4553,9.9625,1,1,0,0,2,11059200
1080,1,reference,669,1280,720,1920,1080,11.2947,12.6716,9.92051,1,1,0,0,2,11059200
1080,1,reference,670,1280,720,1920,1080,11.3859,12.4917,9.83347,1,1,0,0,2,11059200
1080,1,reference,671,1280,720,1920,1080,11.4534,12.4677,10.0844,1,1,0,0,2,11059200
1080,1,reference,672,1280,720,1920,1080,11.2916,12.7455,9.92051,1,1,0,0,2,11059200
1080,1,reference,673,1280,720,1920,1080,11.3449,12.5307,9.69011,1,1,0,0,2,11059200
1080,1,reference,674,1280,720,1920,1080,11.2753,12.479,9.63891,1,1,0,0,2,11059200
1080,1,reference,675,1280,720,1920,1080,11.3418,12.3252,9.69626,1,1,0,0,2,11059200
1080,1,reference,676,1280,720,1920,1080,11.648,12.6353,10.0065,1,1,0,0,2,11059200
1080,1,reference,677,1280,720,1920,1080,11.3725,12.6252,9.73619,1,1,0,0,2,11059200
1080,1,reference,678,1280,720,1920,1080,11.5118,12.5734,9.86726,1,1,0,0,2,11059200
1080,1,reference,679,1280,720,1920,1080,11.3449,12.3669,9.70752,1,1,0,0,2,11059200
1080,1,reference,680,1280,720,1920,1080,11.4504,12.6218,9.80173,1,1,0,0,2,11059200
1080,1,reference,681,1280,720,1920,1080,11.3336,12.3927,9.69626,1,1,0,0,2,11059200
1080,1,reference,682,1280,720,1920,1080,11.521,12.5271,9.89082,1,1,0,0,2,11059200
1080,1,reference,683,1280,720,1920,1080,11.5497,12.5442,9.90106,1,1,0,0,2,11059200
1080,1,reference,684,1280,720,1920,1080,11.3377,12.2994,9.6983,1,1,0,0,2,11059200
1080,1,reference,685,1280,720,1920,1080,11.3797,12.4034,9.71776,1,1,0,0,2,11059200
1080,1,reference,686,1280,720,1920,1080,11.3572,12.3404,9.6983,1,1,0,0,2,11059200
1080,1,reference,687,1280,720,1920,1080,11.2108,12.4575,9.84269,1,1,0,0,2,11059200
1080,1,reference,688,1280,720,1920,1080,9.80787,10.767,8.43776,1,1,0,0,2,11059200
1080,1,reference,689,1280,720,1920,1080,12.4795,13.528,10.1745,1,1,0,0,2,11059200
1080,1,reference,690,1280,720,1920,1080,11.1288,12.2678,9.7577,1,1,0,0,2,11059200
1080,1,reference,691,1280,720,1920,1080,11.3265,12.3253,9.95226,1,1,0,0,2,11059200
1080,1,reference,692,1280,720,1920,1080,11.1831,12.5756,9.81094,1,1,0,0,2,11059200
1080,1,reference,693,1280,720,1920,1080,11.3377,12.3195,9.96557,1,1,0,0,2,11059200
1080,1,reference,694,1280,720,1920,1080,11.0121,12.2571,9.63994,1,1,0,0,2,11059200
1080,1,reference,695,1280,720,1920,1080,11.2753,12.3419,9.90208,1,1,0,0,2,11059200
1080,1,reference,696,1280,720,1920,1080,11.3336,12.3866,9.96045,1,1,0,0,2,11059200
1080,1,reference,697,1280,720,1920,1080,11.3326,12.4188,9.95123,1,1,0,0,2,11059200
1080,1,reference,698,1280,720,1920,1080,11.2814,12.5656,9.91027,1,1,0,0,2,11059200
1080,1,reference,699,1280,720,1920,1080,11.6941,13.3278,10.3219,1,1,0,0,2,11059200
1080,1,reference,700,1280,720,1920,1080,10.1007,11.2759,8.73062,1,1,0,0,2,11059200
1080,1,reference,701,1280,720,1920,1080,11.0602,13.5435,9.66963,1,1,0,0,2,11059200
1080,1,reference,702,1280,720,1920,1080,11.4668,12.4701,10.0946,1,1,0,0,2,11059200
1080,1,reference,703,1280,720,1920,1080,11.3418,12.281,9.96864,1,1,0,0,2,11059200
1080,1,reference,704,1280,720,1920,1080,9.96966,10.9143,8.59955,1,1,0,0,2,11059200
1080,1,reference,705,1280,720,1920,1080,12.4846,13.4474,11.0899,1,1,0,0,2,11059200
1080,1,reference,706,1280,720,1920,1080,11.777,12.7906,10.3967,1,1,0,0,2,11059200
1080,1,reference,707,1280,720,1920,1080,9.98605,10.8993,8.61696,1,1,0,0,2,11059200
1080,1,reference,708,1280,720,1920,1080,12.3955,13.4844,11.0029,1,1,0,0,2,11059200
1080,1,reference,709,1280,720,1920,1080,11.3818,12.3253,10.0076,1,1,0,0,2,11059200
1080,1,reference,710,1280,720,1920,1080,12.0873,13.0071,10.4684,1,1,0,0,2,11059200
1080,1,reference,711,1280,720,1920,1080,11.3439,12.4022,9.97376,1,1,0,0,2,11059200
1080,1,reference,712,1280,720,1920,1080,11.3562,12.2701,9.98502,1,1,0,0,2,11059200
1080,1,reference,713,1280,720,1920,1080,10.9507,12.0833,9.57747,1,1,0,0,2,11059200
1080,1,reference,714,1280,720,1920,1080,11.519,12.5512,10.1489,1,1,0,0,2,11059200
1080,1,reference,715,1280,720,1920,1080,11.3377,12.365,9.96659,1,1,0,0,2,11059200
1080,1,reference,716,1280,720,1920,1080,11.262,12.2561,9.89184,1,1,0,0,2,11059200
1080,1,reference,717,1280,720,1920,1080,11.3152,12.4038,9.93894,1,1,0,0,2,11059200
1080,1,reference,718,1280,720,1920,1080,11.5026,12.5837,10.1284,1,1,0,0,2,11059200
1080,1,reference,719,1280,720,1920,1080,11.3254,12.3922,9.95328,1,1,0,0,2,11059200
1080,1,reference,720,1280,720,1920,1080,11.4534,12.6462,10.0823,1,1,0,0,2,11059200
1080,1,reference,721,1280,720,1920,1080,11.3142,12.3805,9.93894,1,1,0,0,2,11059200
1080,1,reference,722,1280,720,1920,1080,11.3295,12.4343,9.9584,1,1,0,0,2,11059200
1080,1,reference,723,1280,720,1920,1080,11.3039,12.2785,9.92973,1,1,0,0,2,11059200
1080,1,reference,724,1280,720,1920,1080,11.6163,12.8501,10.2287,1,1,0,0,2,11059200
1080,1,reference,725,1280,720,1920,1080,11.3019,12.4547,9.92973,1,1,0,0,2,11059200
1080,1,reference,726,1280,720,1920,1080,11.2753,12.3885,9.9031,1,1,0,0,2,11059200
1080,1,reference,727,1280,720,1920,1080,11.2773,12.395,9.9072,1,1,0,0,2,11059200
1080,1,reference,728,1280,720,1920,1080,11.4831,12.5281,10.113,1,1,0,0,2,11059200
1080,1,reference,729,1280,720,1920,1080,11.0572,12.2084,9.67066,1,1,0,0,2,11059200
1080,1,reference,730,1280,720,1920,1080,11.6572,12.6471,10.284,1,1,0,0,2,11059200
1080,1,reference,731,1280,720,1920,1080,11.4565,12.5489,10.0844,1,1,0,0,2,11059200
1080,1,reference,732,1280,720,1920,1080,11.4719,12.6931,10.0997,1,1,0,0,2,11059200
1080,1,reference,733,1280,720,1920,1080,11.2845,12.3028,9.9113,1,1,0,0,2,11059200
1080,1,reference,734,1280,720,1920,1080,11.2886,12.2564,9.91232,1,1,0,0,2,11059200
1080,1,reference,735,1280,720,1920,1080,11.4903,12.4439,10.1192,1,1,0,0,2,11059200
1080,1,reference,736,1280,720,1920,1080,11.563,12.5739,10.1888,1,1,0,0,2,11059200
1080,1,reference,737,1280,720,1920,1080,11.5108,12.5972,10.1366,1,1,0,0,2,11059200
1080,1,reference,738,1280,720,1920,1080,11.4831,12.6407,10.11,1,1,0,0,2,11059200
1080,1,reference,739,1280,720,1920,1080,11.3357,12.3288,9.96454,1,1,0,0,2,11059200
1080,1,reference,740,1280,720,1920,1080,11.3132,12.2716,9.94202,1,1,0,0,2,11059200
1080,1,reference,741,1280,720,1920,1080,11.5661,12.5197,10.1919,1,1,0,0,2,11059200
1080,1,reference,742,1280,720,1920,1080,11.4985,12.5551,10.1263,1,1,0,0,2,11059200
1080,1,reference,743,1280,720,1920,1080,11.5282,12.5559,10.156,1,1,0,0,2,11059200
1080,1,reference,744,1280,720,1920,1080,11.3562,12.5017,9.98195,1,1,0,0,2,11059200
1080,1,reference,745,1280,720,1920,1080,11.3746,12.4416,10.0045,1,1,0,0,2,11059200
1080,1,reference,746,1280,720,1920,1080,11.3142,12.3773,9.94099,1,1,0,0,2,11059200
1080,1,reference,747,1280,720,1920,1080,11.5313,12.5338,10.1581,1,1,0,0,2,11059200
1080,1,reference,748,1280,720,1920,1080,11.5456,12.6359,10.1755,1,1,0,0,2,11059200
1080,1,reference,749,1280,720,1920,1080,11.5712,12.8383,10.1786,1,1,0,0,2,11059200
1080,1,reference,750,1280,720,1920,1080,11.01,12.0207,9.62867,1,1,0,0,2,11059200
1080,1,reference,751,1280,720,1920,1080,11.3541,12.2496,9.98707,1,1,0,0,2,11059200
1080,1,reference,752,1280,720,1920,1080,11.5159,12.784,10.1448,1,1,0,0,2,11059200
1080,1,reference,753,1280,720,1920,1080,11.3408,12.2995,9.96966,1,1,0,0,2,11059200
1080,1,reference,754,1280,720,1920,1080,11.39,12.4112,10.0188,1,1,0,0,2,11059200
1080,1,reference,755,1280,720,1920,1080,11.5507,12.9253,10.1765,1,1,0,0,2,11059200
1080,1,reference,756,1280,720,1920,1080,11.3418,12.4712,9.71059,1,1,0,0,2,11059200
1080,1,reference,757,1280,720,1920,1080,11.3562,12.2804,9.7239,1,1,0,0,2,11059200
1080,1,reference,758,1280,720,1920,1080,11.3521,12.3016,9.9799,1,1,0,0,2,11059200
1080,1,reference,759,1280,720,1920,1080,11.5159,12.4988,10.1448,1,1,0,0,2,11059200
1080,1,reference,760,1280,720,1920,1080,11.4739,12.4162,10.1007,1,1,0,0,2,11059200
1080,1,reference,761,1280,720,1920,1080,11.4729,12.5518,10.0987,1,1,0,0,2,11059200
1080,1,reference,762,1280,720,1920,1080,11.4995,12.6779,10.1294,1,1,0,0,2,11059200
1080,1,reference,763,1280,720,1920,1080,11.3459,12.5745,9.97581,1,1,0,0,2,11059200
1080,1,reference,764,1280,720,1920,1080,11.2548,12.3259,9.88365,1,1,0,0,2,11059200
1080,1,reference,765,1280,720,1920,1080,11.2998,12.2281,9.92563,1,1,0,0,2,11059200
1080,1,reference,766,1280,720,1920,1080,11.3572,12.3619,9.98298,1,1,0,0,2,11059200
1080,1,reference,767,1280,720,1920,1080,11.5712,12.8719,10.2011,1,1,0,0,2,11059200
1080,1,reference,768,1280,720,1920,1080,11.3029,12.4438,9.93178,1,1,0,0,2,11059200
1080,1,reference,769,1280,720,1920,1080,11.3439,12.3801,9.71571,1,1,0,0,2,11059200
1080,1,reference,770,1280,720,1920,1080,11.5118,12.4622,9.88979,1,1,0,0,2,11059200
1080,1,reference,771,1280,720,1920,1080,11.4217,12.33,10.0495,1,1,0,0,2,11059200
1080,1,reference,772,1280,720,1920,1080,11.4534,12.4813,10.0782,1,1,0,0,2,11059200
1080,1,reference,773,1280,720,1920,1080,11.3736,12.4313,10.0014,1,1,0,0,2,11059200
1080,1,reference,774,1280,720,1920,1080,11.4616,12.4017,10.0905,1,1,0,0,2,11059200
1080,1,reference,775,1280,720,1920,1080,11.4893,12.5345,10.1202,1,1,0,0,2,11059200
1080,1,reference,776,1280,720,1920,1080,11.4545,12.4534,10.0854,1,1,0,0,2,11059200
1080,1,reference,777,1280,720,1920,1080,11.5712,12.6078,10.198,1,1,0,0,2,11059200
1080,1,reference,778,1280,720,1920,1080,11.4616,12.4565,10.0895,1,1,0,0,2,11059200
1080,1,reference,779,1280,720,1920,1080,11.5046,12.5704,10.1335,1,1,0,0,2,11059200
1080,1,reference,780,1280,720,1920,1080,11.4289,12.4824,10.0567,1,1,0,0,2,11059200
1080,1,reference,781,1280,720,1920,1080,11.4463,12.4684,10.0762,1,1,0,0,2,11059200
1080,1,reference,782,1280,720,1920,1080,11.4371,12.5318,10.0639,1,1,0,0,2,11059200
1080,1,reference,783,1280,720,1920,1080,11.3193,12.4831,9.95123,1,1,0,0,2,11059200
1080,1,reference,784,1280,720,1920,1080,11.5067,12.5366,10.1315,1,1,0,0,2,11059200
1080,1,reference,785,1280,720,1920,1080,11.2753,12.3181,9.90413,1,1,0,0,2,11059200
1080,1,reference,786,1280,720,1920,1080,11.478,12.433,10.1059,1,1,0,0,2,11059200
1080,1,reference,787,1280,720,1920,1080,11.4309,12.5782,10.0588,1,1,0,0,2,11059200
1080,1,reference,788,1280,720,1920,1080,11.4903,12.5242,10.1161,1,1,0,0,2,11059200
1080,1,reference,789,1280,720,1920,1080,11.2558,12.2192,9.8857,1,1,0,0,2,11059200
1080,1,reference,790,1280,720,1920,1080,9.9881,11.0253,8.62003,1,1,0,0,2,11059200
1080,1,reference,791,1280,720,1920,1080,12.7908,13.9254,11.4084,1,1,0,0,2,11059200
1080,1,reference,792,1280,720,1920,1080,11.4074,12.3635,9.8519,1,1,0,0,2,11059200
1080,1,reference,793,1280,720,1920,1080,11.649,12.6742,10.0188,1,1,0,0,2,11059200
1080,1,reference,794,1280,720,1920,1080,11.2906,12.3429,9.91846,1,1,0,0,2,11059200
1080,1,reference,795,1280,720,1920,1080,11.3265,12.2864,9.9543,1,1,0,0,2,11059200
1080,1,reference,796,1280,720,1920,1080,11.2968,12.2101,9.92256,1,1,0,0,2,11059200
1080,1,reference,797,1280,720,1920,1080,11.4647,12.5768,10.0925,1,1,0,0,2,11059200
1080,1,reference,798,1280,720,1920,1080,11.4063,12.4352,10.0321,1,1,0,0,2,11059200
1080,1,reference,799,1280,720,1920,1080,11.3111,12.3557,9.94099,1,1,0,0,2,11059200
1080,1,reference,800,1280,720,1920,1080,11.3295,12.3856,9.9584,1,1,0,0,2,11059200
1080,1,reference,801,1280,720,1920,1080,11.3695,12.546,9.99526,1,1,0,0,2,11059200
1080,1,reference,802,1280,720,1920,1080,11.3285,12.4877,9.95635,1,1,0,0,2,11059200
1080,1,reference,803,1280,720,1920,1080,11.4842,12.5399,9.86317,1,1,0,0,2,11059200
1080,1,reference,804,1280,720,1920,1080,11.3295,12.4351,9.95738,1,1,0,0,2,11059200
1080,1,reference,805,1280,720,1920,1080,11.39,12.5284,10.0188,1,1,0,0,2,11059200
1080,1,reference,806,1280,720,1920,1080,11.3213,12.4814,9.95021,1,1,0,0,2,11059200
1080,1,reference,807,1280,720,1920,1080,11.5046,13.4045,10.1294,1,1,0,0,2,11059200
1080,1,reference,808,1280,720,1920,1080,11.2763,12.2825,9.90515,1,1,0,0,2,11059200
1080,1,reference,809,1280,720,1920,1080,11.3336,12.2821,9.96147,1,1,0,0,2,11059200
1080,1,reference,810,1280,720,1920,1080,11.3254,12.2349,9.9543,1,1,0,0,2,11059200
1080,1,reference,811,1280,720,1920,1080,11.3132,12.3114,9.94202,1,1,0,0,2,11059200
1080,1,reference,812,1280,720,1920,1080,11.2579,12.307,9.88672,1,1,0,0,2,11059200
1080,1,reference,813,1280,720,1920,1080,11.4145,12.4688,10.0454,1,1,0,0,2,11059200
1080,1,reference,814,1280,720,1920,1080,11.4524,12.4731,9.82528,1,1,0,0,2,11059200
1080,1,reference,815,1280,720,1920,1080,11.4821,12.3973,9.8519,1,1,0,0,2,11059200
1080,1,reference,816,1280,720,1920,1080,11.4811,12.6109,9.85498,1,1,0,0,2,11059200
1080,1,reference,817,1280,720,1920,1080,11.4545,12.5247,9.83245,1,1,0,0,2,11059200
1080,1,reference,818,1280,720,1920,1080,11.2589,12.4201,9.8857,1,1,0,0,2,11059200
1080,1,reference,819,1280,720,1920,1080,9.84166,10.8332,8.47462,1,1,0,0,2,11059200
1080,1,reference,820,1280,720,1920,1080,9.43616,10.3402,8.06707,1,1,0,0,2,11059200
1080,1,reference,821,1280,720,1920,1080,12.3259,13.2817,10.9076,1,1,0,0,2,11059200
1080,1,reference,822,1280,720,1920,1080,11.4944,12.5368,9.85498,1,1,0,0,2,11059200
1080,1,reference,823,1280,720,1920,1080,11.4934,12.6632,10.1151,1,1,0,0,2,11059200
1080,1,reference,824,1280,720,1920,1080,11.2558,12.2668,9.88365,1,1,0,0,2,11059200
1080,1,reference,825,1280,720,1920,1080,11.4391,12.4396,10.0669,1,1,0,0,2,11059200
1080,1,reference,826,1280,720,1920,1080,11.3101,12.2866,9.93587,1,1,0,0,2,11059200
1080,1,reference,827,1280,720,1920,1080,11.2988,12.3257,9.92461,1,1,0,0,2,11059200
1080,1,reference,828,1280,720,1920,1080,11.3449,12.3998,9.97171,1,1,0,0,2,11059200
1080,1,reference,829,1280,720,1920,1080,11.4985,12.4431,10.1243,1,1,0,0,2,11059200
1080,1,reference,830,1280,720,1920,1080,11.5118,12.7481,10.1396,1,1,0,0,2,11059200
1080,1,reference,831,1280,720,1920,1080,11.2947,12.2674,9.92358,1,1,0,0,2,11059200
1080,1,reference,832,1280,720,1920,1080,11.3213,12.4196,9.94816,1,1,0,0,2,11059200
1080,1,reference,833,1280,720,1920,1080,11.1882,12.3204,9.79558,1,1,0,0,2,11059200
1080,1,reference,834,1280,720,1920,1080,11.5343,12.7037,10.154,1,1,0,0,2,11059200
1080,1,reference,835,1280,720,1920,1080,11.351,12.3764,9.97376,1,1,0,0,2,11059200
1080,1,reference,836,1280,720,1920,1080,11.4708,12.4598,10.0987,1,1,0,0,2,11059200
1080,1,reference,837,1280,720,1920,1080,11.4545,12.4471,10.0833,1,1,0,0,2,11059200
1080,1,reference,838,1280,720,1920,1080,11.521,12.9696,10.1468,1,1,0,0,2,11059200
1080,1,reference,839,1280,720,1920,1080,11.3091,12.4158,9.93792,1,1,0,0,2,11059200
1080,1,reference,840,1280,720,1920,1080,11.2742,12.3473,9.90208,1,1,0,0,2,11059200
1080,1,reference,841,1280,720,1920,1080,11.3172,12.2782,9.94611,1,1,0,0,2,11059200
1080,1,reference,842,1280,720,1920,1080,11.3818,12.3784,10.0086,1,1,0,0,2,11059200
1080,1,reference,843,1280,720,1920,1080,11.5784,12.6545,10.2031,1,1,0,0,2,11059200
1080,1,reference,844,1280,720,1920,1080,11.4975,12.5176,10.1263,1,1,0,0,2,11059200
1080,1,reference,845,1280,720,1920,1080,11.3644,12.3449,9.99117,1,1,0,0,2,11059200
1080,1,reference,846,1280,720,1920,1080,11.4852,12.8055,10.112,1,1,0,0,2,11059200
1080,1,reference,847,1280,720,1920,1080,11.3101,12.3705,9.9369,1,1,0,0,2,11059200
1080,1,reference,848,1280,720,1920,1080,11.3101,12.2943,9.93587,1,1,0,0,2,11059200
1080,1,reference,849,1280,720,1920,1080,11.2978,12.3513,9.92461,1,1,0,0,2,11059200
1080,1,reference,850,1280,720,1920,1080,11.4934,12.4934,10.1222,1,1,0,0,2,11059200
1080,1,reference,851,1280,720,1920,1080,11.4473,12.4867,10.0741,1,1,0,0,2,11059200
1080,1,reference,852,1280,720,1920,1080,11.518,12.5054,10.1468,1,1,0,0,2,11059200
1080,1,reference,853,1280,720,1920,1080,11.4821,12.5737,10.11,1,1,0,0,2,11059200
1080,1,reference,854,1280,720,1920,1080,11.5128,12.5199,10.1396,1,1,0,0,2,11059200
1080,1,reference,855,1280,720,1920,1080,11.2056,12.4702,9.81811,1,1,0,0,2,11059200
1080,1,reference,856,1280,720,1920,1080,11.5313,12.6173,10.1591,1,1,0,0,2,11059200
1080,1,reference,857,1280,720,1920,1080,11.2896,12.3411,9.91539,1,1,0,0,2,11059200
1080,1,reference,858,1280,720,1920,1080,11.3142,12.2992,9.94099,1,1,0,0,2,11059200
1080,1,reference,859,1280,720,1920,1080,11.2292,12.5575,9.856,1,1,0,0,2,11059200
1080,1,reference,860,1280,720,1920,1080,11.4749,12.6244,10.1018,1,1,0,0,2,11059200
1080,1,reference,861,1280,720,1920,1080,11.3715,12.4383,9.73722,1,1,0,0,2,11059200
1080,1,reference,862,1280,720,1920,1080,11.2957,12.1996,9.92256,1,1,0,0,2,11059200
1080,1,reference,863,1280,720,1920,1080,11.4432,12.4602,10.069,1,1,0,0,2,11059200
1080,1,reference,864,1280,720,1920,1080,11.394,12.539,10.0229,1,1,0,0,2,11059200
1080,1,reference,865,1280,720,1920,1080,11.4575,12.5177,10.0823,1,1,0,0,2,11059200
1080,1,reference,866,1280,720,1920,1080,11.4412,12.4267,10.069,1,1,0,0,2,11059200
1080,1,reference,867,1280,720,1920,1080,11.436,12.4899,10.0628,1,1,0,0,2,11059200
1080,1,reference,868,1280,720,1920,1080,11.4852,12.6016,10.11,1,1,0,0,2,11059200
1080,1,reference,869,1280,720,1920,1080,11.3009,12.3704,9.92768,1,1,0,0,2,11059200
1080,1,reference,870,1280,720,1920,1080,11.4678,12.4342,10.0925,1,1,0,0,2,11059200
1080,1,reference,871,1280,720,1920,1080,11.477,12.43,10.1048,1,1,0,0,2,11059200
1080,1,reference,872,1280,720,1920,1080,11.4586,12.3842,10.0854,1,1,0,0,2,11059200
1080,1,reference,873,1280,720,1920,1080,11.4995,12.5056,10.1243,1,1,0,0,2,11059200
1080,1,reference,874,1280,720,1920,1080,11.479,12.7297,10.1059,1,1,0,0,2,11059200
1080,1,reference,875,1280,720,1920,1080,11.2445,12.3725,9.85702,1,1,0,0,2,11059200
1080,1,reference,876,1280,720,1920,1080,11.564,12.7574,10.1888,1,1,0,0,2,11059200
1080,1,reference,877,1280,720,1920,1080,11.3265,12.3411,9.7024,1,1,0,0,2,11059200
1080,1,reference,878,1280,720,1920,1080,11.2374,12.1778,9.86419,1,1,0,0,2,11059200
1080,1,reference,879,1280,720,1920,1080,11.3367,12.2867,9.96045,1,1,0,0,2,11059200
1080,1,reference,880,1280,720,1920,1080,9.91744,10.8633,8.54733,1,1,0,0,2,11059200
1080,1,reference,881,1280,720,1920,1080,12.6669,13.6692,10.07,1,1,0,0,2,11059200
1080,1,reference,882,1280,720,1920,1080,11.2302,12.3515,9.85805,1,1,0,0,2,11059200
1080,1,reference,883,1280,720,1920,1080,11.0254,12.0761,9.65222,1,1,0,0,2,11059200
1080,1,reference,884,1280,720,1920,1080,11.4924,12.4299,9.87136,1,1,0,0,2,11059200
1080,1,reference,885,1280,720,1920,1080,11.3531,12.454,9.70035,1,1,0,0,2,11059200
1080,1,reference,886,1280,720,1920,1080,11.3183,12.3093,9.67782,1,1,0,0,2,11059200
1080,1,reference,887,1280,720,1920,1080,11.3388,12.3109,9.67885,1,1,0,0,2,11059200
1080,1,reference,888,1280,720,1920,1080,11.5139,12.6984,9.86624,1,1,0,0,2,11059200
1080,1,reference,889,1280,720,1920,1080,11.4944,12.4569,9.92666,1,1,0,0,2,11059200
1080,1,reference,890,1280,720,1920,1080,11.348,12.4127,9.97274,1,1,0,0,2,11059200
1080,1,reference,891,1280,720,1920,1080,11.3162,12.3376,9.67987,1,1,0,0,2,11059200
1080,1,reference,892,1280,720,1920,1080,11.2835,12.9357,9.9072,1,1,0,0,2,11059200
1080,1,reference,893,1280,720,1920,1080,11.5364,12.691,9.89491,1,1,0,0,2,11059200
1080,1,reference,894,1280,720,1920,1080,11.4842,12.6134,9.85088,1,1,0,0,2,11059200
1080,1,reference,895,1280,720,1920,1080,11.3562,12.3607,9.98195,1,1,0,0,2,11059200
1080,1,reference,896,1280,720,1920,1080,11.3521,12.4164,9.97888,1,1,0,0,2,11059200
1080,1,reference,897,1280,720,1920,1080,11.52,12.599,9.87853,1,1,0,0,2,11059200
1080,1,reference,898,1280,720,1920,1080,11.3203,12.4311,9.94509,1,1,0,0,2,11059200
1080,1,reference,899,1280,720,1920,1080,11.3275,12.308,9.94918,1,1,0,0,2,11059200
1080,1,reference,900,1280,720,1920,1080,11.5149,12.6097,9.86726,1,1,0,0,2,11059200
1080,1,reference,901,1280,720,1920,1080,11.6009,12.7435,9.96352,1,1,0,0,2,11059200
1080,1,reference,902,1280,720,1920,1080,11.35,12.4282,9.97683,1,1,0,0,2,11059200
1080,1,reference,903,1280,720,1920,1080,11.3213,12.3313,9.94816,1,1,0,0,2,11059200
1080,1,reference,904,1280,720,1920,1080,11.3326,12.4315,9.95738,1,1,0,0,2,11059200
1080,1,reference,905,1280,720,1920,1080,11.3183,12.3616,9.94509,1,1,0,0,2,11059200
1080,1,reference,906,1280,720,1920,1080,11.3633,12.4467,9.98707,1,1,0,0,2,11059200
1080,1,reference,907,1280,720,1920,1080,11.5374,12.55,9.9031,1,1,0,0,2,11059200
1080,1,reference,908,1280,720,1920,1080,11.3572,12.3301,9.71981,1,1,0,0,2,11059200
1080,1,reference,909,1280,720,1920,1080,11.4872,12.4174,9.84883,1,1,0,0,2,11059200
1080,1,reference,910,1280,720,1920,1080,11.5558,12.5422,9.91334,1,1,0,0,2,11059200
1080,1,reference,911,1280,720,1920,1080,11.5046,12.6452,9.87034,1,1,0,0,2,11059200
1080,1,reference,912,1280,720,1920,1080,11.349,12.5393,9.97171,1,1,0,0,2,11059200
1080,1,reference,913,1280,720,1920,1080,11.3132,12.3836,9.93997,1,1,0,0,2,11059200
1080,1,reference,914,1280,720,1920,1080,11.3469,12.4309,9.97478,1,1,0,0,2,11059200
1080,1,reference,915,1280,720,1920,1080,11.2835,12.2957,9.90822,1,1,0,0,2,11059200
1080,1,reference,916,1280,720,1920,1080,11.5569,12.7155,9.90618,1,1,0,0,2,11059200
1080,1,reference,917,1280,720,1920,1080,11.349,12.4087,9.97171,1,1,0,0,2,11059200
1080,1,reference,918,1280,720,1920,1080,11.3357,12.4164,9.9625,1,1,0,0,2,11059200
1080,1,reference,919,1280,720,1920,1080,11.5425,12.5432,9.88262,1,1,0,0,2,11059200
1080,1,reference,920,1280,720,1920,1080,11.3469,12.5352,9.97376,1,1,0,0,2,11059200
1080,1,reference,921,1280,720,1920,1080,11.3019,12.4097,9.9287,1,1,0,0,2,11059200
1080,1,reference,922,1280,720,1920,1080,11.35,12.3828,9.97683,1,1,0,0,2,11059200
1080,1,reference,923,1280,720,1920,1080,11.306,12.3554,9.93178,1,1,0,0,2,11059200
1080,1,reference,924,1280,720,1920,1080,11.3367,12.4035,9.96147,1,1,0,0,2,11059200
1080,1,reference,925,1280,720,1920,1080,11.4893,12.5155,9.84678,1,1,0,0,2,11059200
1080,1,reference,926,1280,720,1920,1080,11.3183,12.3281,9.94202,1,1,0,0,2,11059200
1080,1,reference,927,1280,720,1920,1080,11.4637,12.4822,9.82221,1,1,0,0,2,11059200
1080,1,reference,928,1280,720,1920,1080,11.5302,12.5776,9.87238,1,1,0,0,2,11059200
1080,1,reference,929,1280,720,1920,1080,11.4964,12.536,9.85702,1,1,0,0,2,11059200
1080,1,reference,930,1280,720,1920,1080,11.3172,12.6055,9.6809,1,1,0,0,2,11059200
1080,1,reference,931,1280,720,1920,1080,11.5907,12.9306,9.94406,1,1,0,0,2,11059200
1080,1,reference,932,1280,720,1920,1080,11.5814,12.8081,10.2175,1,1,0,0,2,11059200
1080,1,reference,933,1280,720,1920,1080,9.9881,10.9793,8.61594,1,1,0,0,2,11059200
1080,1,reference,934,1280,720,1920,1080,9.45152,10.3686,8.08038,1,1,0,0,2,11059200
1080,1,reference,935,1280,720,1920,1080,9.30611,11.8616,7.92269,1,1,0,0,2,11059200
1080,1,reference,936,1280,720,1920,1080,12.8778,13.9502,11.4831,1,1,0,0,2,11059200
1080,1,reference,937,1280,720,1920,1080,11.4002,12.3635,10.0219,1,1,0,0,2,11059200
1080,1,reference,938,1280,720,1920,1080,11.5241,12.6577,10.1509,1,1,0,0,2,11059200
1080,1,reference,939,1280,720,1920,1080,11.0408,12.3012,9.66656,1,1,0,0,2,11059200
1080,1,reference,940,1280,720,1920,1080,11.1493,12.4437,9.77408,1,1,0,0,2,11059200
1080,1,reference,941,1280,720,1920,1080,10.0352,10.9934,8.65997,1,1,0,0,2,11059200
1080,1,reference,942,1280,720,1920,1080,9.4679,10.3424,8.09574,1,1,0,0,2,11059200
1080,1,reference,943,1280,720,1920,1080,12.3228,13.2534,10.9251,1,1,0,0,2,11059200
1080,1,reference,944,1280,720,1920,1080,11.4237,12.4486,9.87341,1,1,0,0,2,11059200
1080,1,reference,945,1280,720,1920,1080,11.3408,12.5278,9.63994,1,1,0,0,2,11059200
1080,1,reference,946,1280,720,1920,1080,11.5128,12.4337,9.86726,1,1,0,0,2,11059200
1080,1,reference,947,1280,720,1920,1080,11.391,12.5216,9.74746,1,1,0,0,2,11059200
1080,1,reference,948,1280,720,1920,1080,11.5466,12.5025,9.90618,1,1,0,0,2,11059200
1080,1,reference,949,1280,720,1920,1080,11.4668,12.6305,9.82323,1,1,0,0,2,11059200
1080,1,reference,950,1280,720,1920,1080,11.522,12.574,9.87955,1,1,0,0,2,11059200
1080,1,reference,951,1280,720,1920,1080,11.5436,12.7754,9.89798,1,1,0,0,2,11059200
1080,1,reference,952,1280,720,1920,1080,11.5231,12.5661,9.85805,1,1,0,0,2,11059200
1080,1,reference,953,1280,720,1920,1080,11.2292,12.1963,9.85395,1,1,0,0,2,11059200
1080,1,reference,954,1280,720,1920,1080,11.4719,12.5857,10.1007,1,1,0,0,2,11059200
1080,1,reference,955,1280,720,1920,1080,11.4924,12.4425,9.8519,1,1,0,0,2,11059200
1080,1,reference,956,1280,720,1920,1080,11.5978,12.6115,9.95021,1,1,0,0,2,11059200
1080,1,reference,957,1280,720,1920,1080,11.4954,12.5662,9.85293,1,1,0,0,2,11059200
1080,1,reference,958,1280,720,1920,1080,11.521,12.4564,9.87648,1,1,0,0,2,11059200
1080,1,reference,959,1280,720,1920,1080,11.519,12.5415,9.86214,1,1,0,0,2,11059200
1080,1,reference,960,1280,720,1920,1080,11.3459,12.3212,9.97069,1,1,0,0,2,11059200
1080,1,reference,961,1280,720,1920,1080,11.2394,12.2483,9.86726,1,1,0,0,2,11059200
1080,1,reference,962,1280,720,1920,1080,10.8616,11.9894,9.48634,1,1,0,0,2,11059200
1080,1,reference,963,1280,720,1920,1080,11.3623,12.3125,9.71571,1,1,0,0,2,11059200
1080,1,reference,964,1280,720,1920,1080,11.6644,12.6192,10.0004,1,1,0,0,2,11059200
1080,1,reference,965,1280,720,1920,1080,11.4688,12.6987,9.79558,1,1,0,0,2,11059200
1080,1,reference,966,1280,720,1920,1080,11.3213,12.32,9.68397,1,1,0,0,2,11059200
1080,1,reference,967,1280,720,1920,1080,11.2394,12.2569,9.69011,1,1,0,0,2,11059200
1080,1,reference,968,1280,720,1920,1080,11.3562,12.3563,9.98298,1,1,0,0,2,11059200
1080,1,reference,969,1280,720,1920,1080,11.2353,12.6106,9.85702,1,1,0,0,2,11059200
1080,1,reference,970,1280,720,1920,1080,11.3664,12.4666,9.71264,1,1,0,0,2,11059200
1080,1,reference,971,1280,720,1920,1080,11.3633,12.3844,9.70957,1,1,0,0,2,11059200
1080,1,reference,972,1280,720,1920,1080,11.6224,12.562,9.98195,1,1,0,0,2,11059200
1080,1,reference,973,1280,720,1920,1080,11.2548,12.5918,9.87853,1,1,0,0,2,11059200
1080,1,reference,974,1280,720,1920,1080,11.5272,12.4796,9.89491,1,1,0,0,2,11059200
1080,1,reference,975,1280,720,1920,1080,11.5896,12.6466,9.94611,1,1,0,0,2,11059200
1080,1,reference,976,1280,720,1920,1080,11.3132,12.431,9.6768,1,1,0,0,2,11059200
1080,1,reference,977,1280,720,1920,1080,11.3971,12.3402,9.75155,1,1,0,0,2,11059200
1080,1,reference,978,1280,720,1920,1080,11.6634,12.6501,10.0229,1,1,0,0,2,11059200
1080,1,reference,979,1280,720,1920,1080,11.6644,12.7132,10.026,1,1,0,0,2,11059200
1080,1,reference,980,1280,720,1920,1080,11.4053,12.6213,9.76282,1,1,0,0,2,11059200
1080,1,reference,981,1280,720,1920,1080,11.3674,12.3851,9.72595,1,1,0,0,2,11059200
1080,1,reference,982,1280,720,1920,1080,11.35,12.3728,9.71366,1,1,0,0,2,11059200
1080,1,reference,983,1280,720,1920,1080,11.3275,12.3854,9.68704,1,1,0,0,2,11059200
1080,1,reference,984,1280,720,1920,1080,11.4483,12.5086,9.80378,1,1,0,0,2,11059200
1080,1,reference,985,1280,720,1920,1080,11.1688,12.4052,9.77408,1,1,0,0,2,11059200
1080,1,reference,986,1280,720,1920,1080,11.4319,12.3927,8.76851,1,1,0,0,2,11059200
1080,1,reference,987,1280,720,1920,1080,11.264,12.2176,9.88774,1,1,0,0,2,11059200
1080,1,reference,988,1280,720,1920,1080,11.3316,12.3033,9.95738,1,1,0,0,2,11059200
1080,1,reference,989,1280,720,1920,1080,11.435,12.4412,8.77363,1,1,0,0,2,11059200
1080,1,reference,990,1280,720,1920,1080,11.2364,12.4454,9.8601,1,1,0,0,2,11059200
1080,1,reference,991,1280,720,1920,1080,11.3132,12.8647,9.94099,1,1,0,0,2,11059200
1080,1,reference,992,1280,720,1920,1080,11.3746,12.3862,9.7239,1,1,0,0,2,11059200
1080,1,reference,993,1280,720,1920,1080,11.5456,12.504,9.9031,1,1,0,0,2,11059200
1080,1,reference,994,1280,720,1920,1080,11.5139,12.4338,9.86522,1,1,0,0,2,11059200
1080,1,reference,995,1280,720,1920,1080,11.3029,12.7594,9.9287,1,1,0,0,2,11059200
1080,1,reference,996,1280,720,1920,1080,11.3992,12.4954,9.75053,1,1,0,0,2,11059200
1080,1,reference,997,1280,720,1920,1080,11.5169,12.4739,9.88365,1,1,0,0,2,11059200
1080,1,reference,998,1280,720,1920,1080,11.3316,12.4316,9.66656,1,1,0,0,2,11059200
1080,1,reference,999,1280,720,1920,1080,11.4063,12.3779,9.7536,1,1,0,0,2,11059200
1080,1,reference,1000,1280,720,1920,1080,11.6859,12.6002,10.0536,1,1,0,0,2,11059200
1080,1,reference,1001,1280,720,1920,1080,11.2753,12.5741,9.90413,1,1,0,0,2,11059200
1080,1,reference,1002,1280,720,1920,1080,11.3316,12.2541,9.9584,1,1,0,0,2,11059200
1080,1,reference,1003,1280,720,1920,1080,11.3398,12.2546,9.69523,1,1,0,0,2,11059200
1080,1,reference,1004,1280,720,1920,1080,11.6101,12.5625,9.97683,1,1,0,0,2,11059200
1080,1,reference,1005,1280,720,1920,1080,11.3746,12.4491,9.73312,1,1,0,0,2,11059200
1080,1,reference,1006,1280,720,1920,1080,11.5712,12.708,9.91232,1,1,0,0,2,11059200
1080,1,reference,1007,1280,720,1920,1080,11.3613,12.3347,9.71059,1,1,0,0,2,11059200
1080,1,reference,1008,1280,720,1920,1080,11.7033,12.7794,10.0495,1,1,0,0,2,11059200
1080,1,reference,1009,1280,720,1920,1080,11.4053,12.6123,9.75155,1,1,0,0,2,11059200
1080,1,reference,1010,1280,720,1920,1080,11.3869,12.3771,9.74336,1,1,0,0,2,11059200
1080,1,reference,1011,1280,720,1920,1080,11.3797,12.5476,9.73824,1,1,0,0,2,11059200
1080,1,reference,1012,1280,720,1920,1080,11.5712,12.5902,9.92666,1,1,0,0,2,11059200
1080,1,reference,1013,1280,720,1920,1080,11.5476,12.5632,9.90925,1,1,0,0,2,11059200
1080,1,reference,1014,1280,720,1920,1080,11.5487,12.5599,9.90925,1,1,0,0,2,11059200
1080,1,reference,1015,1280,720,1920,1080,11.5057,12.5528,9.85088,1,1,0,0,2,11059200
1080,1,reference,1016,1280,720,1920,1080,11.4842,12.4552,9.84678,1,1,0,0,2,11059200
1080,1,reference,1017,1280,720,1920,1080,11.5589,12.6021,9.89901,1,1,0,0,2,11059200
1080,1,reference,1018,1280,720,1920,1080,11.5374,12.5275,9.89389,1,1,0,0,2,11059200
1080,1,reference,1019,1280,720,1920,1080,11.5108,12.4679,9.87341,1,1,0,0,2,11059200
1080,1,reference,1020,1280,720,1920,1080,11.5016,12.44,9.86624,1,1,0,0,2,11059200
1080,1,reference,1021,1280,720,1920,1080,11.4924,12.5249,9.856,1,1,0,0,2,11059200
1080,1,reference,1022,1280,720,1920,1080,11.3807,12.4573,10.0065,1,1,0,0,2,11059200
1080,1,reference,1023,1280,720,1920,1080,11.6009,12.5763,9.96557,1,1,0,0,2,11059200
1080,1,reference,1024,1280,720,1920,1080,11.5272,12.5445,9.88058,1,1,0,0,2,11059200
1080,1,reference,1025,1280,720,1920,1080,11.5538,12.5812,9.91027,1,1,0,0,2,11059200
1080,1,reference,1026,1280,720,1920,1080,11.4258,12.4536,10.0516,1,1,0,0,2,11059200
1080,1,reference,1027,1280,720,1920,1080,11.2251,12.3815,8.56576,1,1,0,0,2,11059200
1080,1,reference,1028,1280,720,1920,1080,12.0484,12.9879,10.666,1,1,0,0,2,11059200
1080,1,reference,1029,1280,720,1920,1080,11.477,12.4118,10.1028,1,1,0,0,2,11059200
1080,1,reference,1030,1280,720,1920,1080,11.3449,12.3996,9.96864,1,1,0,0,2,11059200
1080,1,reference,1031,1280,720,1920,1080,11.3603,12.3215,9.98707,1,1,0,0,2,11059200
1080,1,reference,1032,1280,720,1920,1080,11.3705,12.354,9.99322,1,1,0,0,2,11059200
1080,1,reference,1033,1280,720,1920,1080,11.3265,12.4632,9.94816,1,1,0,0,2,11059200
1080,1,reference,1034,1280,720,1920,1080,11.3316,12.3527,9.95738,1,1,0,0,2,11059200
1080,1,reference,1035,1280,720,1920,1080,11.3623,12.3382,9.98707,1,1,0,0,2,11059200
1080,1,reference,1036,1280,720,1920,1080,11.3644,12.4231,9.99014,1,1,0,0,2,11059200
1080,1,reference,1037,1280,720,1920,1080,11.5845,12.7434,9.93997,1,1,0,0,2,11059200
1080,1,reference,1038,1280,720,1920,1080,11.4944,12.5222,9.86112,1,1,0,0,2,11059200
1080,1,reference,1039,1280,720,1920,1080,11.3664,12.5083,9.99219,1,1,0,0,2,11059200
1080,1,reference,1040,1280,720,1920,1080,11.3428,12.3051,9.96557,1,1,0,0,2,11059200
1080,1,reference,1041,1280,720,1920,1080,11.2968,12.4772,9.92051,1,1,0,0,2,11059200
1080,1,reference,1042,1280,720,1920,1080,11.3961,12.3243,10.0188,1,1,0,0,2,11059200
1080,1,reference,1043,1280,720,1920,1080,11.2968,12.2624,9.92256,1,1,0,0,2,11059200
1080,1,reference,1044,1280,720,1920,1080,11.2292,12.3733,9.85293,1,1,0,0,2,11059200
1080,1,reference,1045,1280,720,1920,1080,11.2425,12.3199,9.86726,1,1,0,0,2,11059200
1080,1,reference,1046,1280,720,1920,1080,11.4729,12.4531,10.0987,1,1,0,0,2,11059200
1080,1,reference,1047,1280,720,1920,1080,11.4237,12.5187,10.0055,1,1,0,0,2,11059200
1080,1,reference,1048,1280,720,1920,1080,11.0961,12.1375,9.71981,1,1,0,0,2,11059200
1080,1,reference,1049,1280,720,1920,1080,11.0295,12.1619,9.65427,1,1,0,0,2,11059200
1080,1,reference,1050,1280,720,1920,1080,11.4422,12.3655,10.068,1,1,0,0,2,11059200
1080,1,reference,1051,1280,720,1920,1080,11.5169,12.5711,10.1417,1,1,0,0,2,11059200
1080,1,reference,1052,1280,720,1920,1080,11.2138,12.4016,9.83757,1,1,0,0,2,11059200
1080,1,reference,1053,1280,720,1920,1080,11.2497,12.3404,9.87341,1,1,0,0,2,11059200
1080,1,reference,1054,1280,720,1920,1080,10.0116,10.9285,8.63539,1,1,0,0,2,11059200
1080,1,reference,1055,1280,720,1920,1080,11.1247,13.1494,9.74746,1,1,0,0,2,11059200
1080,1,reference,1056,1280,720,1920,1080,11.2374,12.2019,9.85907,1,1,0,0,2,11059200
1080,1,reference,1057,1280,720,1920,1080,11.1124,12.0761,9.73926,1,1,0,0,2,11059200
1080,1,reference,1058,1280,720,1920,1080,11.5098,12.4467,9.9543,1,1,0,0,2,11059200
1080,1,reference,1059,1280,720,1920,1080,11.4391,12.4062,9.82938,1,1,0,0,2,11059200
1080,1,reference,1060,1280,720,1920,1080,11.9419,12.8667,10.5585,1,1,0,0,2,11059200
1080,1,reference,1061,1280,720,1920,1080,11.0264,12.0793,9.64915,1,1,0,0,2,11059200
1080,1,reference,1062,1280,720,1920,1080,11.6214,12.679,10.2339,1,1,0,0,2,11059200
1080,1,reference,1063,1280,720,1920,1080,11.3869,12.5017,9.76486,1,1,0,0,2,11059200
1080,1,reference,1064,1280,720,1920,1080,11.05,12.1729,9.6727,1,1,0,0,2,11059200
1080,1,reference,1065,1280,720,1920,1080,11.5364,12.506,10.1601,1,1,0,0,2,11059200
1080,1,reference,1066,1280,720,1920,1080,11.3326,12.3454,9.95738,1,1,0,0,2,11059200
1080,1,reference,1067,1280,720,1920,1080,11.5825,12.5416,10.1878,1,1,0,0,2,11059200
1080,1,reference,1068,1280,720,1920,1080,11.3797,12.4225,10.0014,1,1,0,0,2,11059200
1080,1,reference,1069,1280,720,1920,1080,11.6081,12.8785,10.2298,1,1,0,0,2,11059200
1080,1,reference,1070,1280,720,1920,1080,11.3541,12.4649,9.97786,1,1,0,0,2,11059200
1080,1,reference,1071,1280,720,1920,1080,11.1329,12.2865,9.7577,1,1,0,0,2,11059200
1080,1,reference,1072,1280,720,1920,1080,12.3965,13.3457,11.0213,1,1,0,0,2,11059200
1080,1,reference,1073,1280,720,1920,1080,11.3224,12.3621,9.94714,1,1,0,0,2,11059200
1080,1,reference,1074,1280,720,1920,1080,11.0981,12.1732,9.7239,1,1,0,0,2,11059200
1080,1,reference,1075,1280,720,1920,1080,11.4944,12.5287,10.1202,1,1,0,0,2,11059200
1080,1,reference,1076,1280,720,1920,1080,11.1247,12.2734,9.74746,1,1,0,0,2,11059200
1080,1,reference,1077,1280,720,1920,1080,11.3428,12.3035,9.71776,1,1,0,0,2,11059200
1080,1,reference,1078,1280,720,1920,1080,11.3541,12.3385,9.97786,1,1,0,0,2,11059200
1080,1,reference,1079,1280,720,1920,1080,11.3981,12.3777,9.7751,1,1,0,0,2,11059200
1080,1,reference,1080,1280,720,1920,1080,12.0166,12.9337,10.4417,1,1,0,0,2,11059200
1080,1,reference,1081,1280,720,1920,1080,11.3521,12.3071,9.73824,1,1,0,0,2,11059200
1080,1,reference,1082,1280,720,1920,1080,11.0909,12.0797,9.67987,1,1,0,0,2,11059200
1080,1,reference,1083,1280,720,1920,1080,11.5569,12.5147,9.91744,1,1,0,0,2,11059200
1080,1,reference,1084,1280,720,1920,1080,11.4309,12.3443,10.0547,1,1,0,0,2,11059200
1080,1,reference,1085,1280,720,1920,1080,11.5384,12.4776,10.1622,1,1,0,0,2,11059200
1080,1,reference,1086,1280,720,1920,1080,11.5098,12.4417,10.1345,1,1,0,0,2,11059200
1080,1,reference,1087,1280,720,1920,1080,11.4739,12.4706,10.0946,1,1,0,0,2,11059200
1080,1,reference,1088,1280,720,1920,1080,11.349,12.8475,9.97069,1,1,0,0,2,11059200
1080,1,reference,1089,1280,720,1920,1080,11.349,12.3868,9.96864,1,1,0,0,2,11059200
1080,1,reference,1090,1280,720,1920,1080,11.2988,12.2541,9.92461,1,1,0,0,2,11059200
1080,1,reference,1091,1280,720,1920,1080,11.5005,12.4257,10.1243,1,1,0,0,2,11059200
1080,1,reference,1092,1280,720,1920,1080,11.2466,12.4063,9.86829,1,1,0,0,2,11059200
1080,1,reference,1093,1280,720,1920,1080,9.97581,10.9684,8.59853,1,1,0,0,2,11059200
1080,1,reference,1094,1280,720,1920,1080,12.6351,13.6921,11.2046,1,1,0,0,2,11059200
1080,1,reference,1095,1280,720,1920,1080,11.4166,12.4262,9.86419,1,1,0,0,2,11059200
1080,1,reference,1096,1280,720,1920,1080,11.4022,12.3507,10.0229,1,1,0,0,2,11059200
1080,1,reference,1097,1280,720,1920,1080,11.0684,12.0903,9.69114,1,1,0,0,2,11059200
1080,1,reference,1098,1280,720,1920,1080,11.4074,12.4739,10.0301,1,1,0,0,2,11059200
1080,1,reference,1099,1280,720,1920,1080,11.0234,12.0173,9.64915,1,1,0,0,2,11059200
1080,1,reference,1100,1280,720,1920,1080,11.3807,12.2716,10.0035,1,1,0,0,2,11059200
1080,1,reference,1101,1280,720,1920,1080,11.4104,12.4961,9.77203,1,1,0,0,2,11059200
1080,1,reference,1102,1280,720,1920,1080,11.2005,12.17,9.64813,1,1,0,0,2,11059200
1080,1,reference,1103,1280,720,1920,1080,11.4893,12.5969,10.113,1,1,0,0,2,11059200
1080,1,reference,1104,1280,720,1920,1080,11.6695,12.6458,10.0413,1,1,0,0,2,11059200
1080,1,reference,1105,1280,720,1920,1080,11.3613,12.4874,9.73107,1,1,0,0,2,11059200
1080,1,reference,1106,1280,720,1920,1080,11.4883,12.6612,9.86419,1,1,0,0,2,11059200
1080,1,reference,1107,1280,720,1920,1080,11.4207,13.0112,9.79354,1,1,0,0,2,11059200
1080,1,reference,1108,1280,720,1920,1080,11.6306,12.7701,9.92256,1,1,0,0,2,11059200
1080,1,reference,1109,1280,720,1920,1080,11.3439,12.4724,9.96557,1,1,0,0,2,11059200
1080,1,reference,1110,1280,720,1920,1080,11.348,12.2758,9.96966,1,1,0,0,2,11059200
1080,1,reference,1111,1280,720,1920,1080,11.5261,12.6203,9.88365,1,1,0,0,2,11059200
1080,1,reference,1112,1280,720,1920,1080,11.4647,12.4529,9.83654,1,1,0,0,2,11059200
1080,1,reference,1113,1280,720,1920,1080,11.604,12.5666,10.0444,1,1,0,0,2,11059200
1080,1,reference,1114,1280,720,1920,1080,11.3981,12.3757,10.0198,1,1,0,0,2,11059200
1080,1,reference,1115,1280,720,1920,1080,11.477,12.3906,9.84064,1,1,0,0,2,11059200
1080,1,reference,1116,1280,720,1920,1080,11.5538,12.4796,9.92256,1,1,0,0,2,11059200
1080,1,reference,1117,1280,720,1920,1080,11.5517,12.5773,9.91232,1,1,0,0,2,11059200
1080,1,reference,1118,1280,720,1920,1080,11.5517,12.6322,9.9113,1,1,0,0,2,11059200
1080,1,reference,1119,1280,720,1920,1080,11.3562,12.5134,9.98093,1,1,0,0,2,11059200
1080,1,reference,1120,1280,720,1920,1080,11.5671,12.5997,9.91027,1,1,0,0,2,11059200
1080,1,reference,1121,1280,720,1920,1080,11.3859,12.4421,10.0065,1,1,0,0,2,11059200
1080,1,reference,1122,1280,720,1920,1080,11.3234,12.3621,9.94816,1,1,0,0,2,11059200
1080,1,reference,1123,1280,720,1920,1080,11.3889,12.6641,10.0096,1,1,0,0,2,11059200
1080,1,reference,1124,1280,720,1920,1080,11.3408,12.3166,9.96147,1,1,0,0,2,11059200
1080,1,reference,1125,1280,720,1920,1080,11.5057,12.6889,10.1274,1,1,0,0,2,11059200
1080,1,reference,1126,1280,720,1920,1080,11.3603,12.4232,9.98195,1,1,0,0,2,11059200
1080,1,reference,1127,1280,720,1920,1080,11.3623,12.3466,9.98707,1,1,0,0,2,11059200
1080,1,reference,1128,1280,720,1920,1080,11.4842,12.445,9.84678,1,1,0,0,2,11059200
1080,1,reference,1129,1280,720,1920,1080,11.4401,12.6306,9.78125,1,1,0,0,2,11059200
1080,1,reference,1130,1280,720,1920,1080,11.3623,12.4218,9.984,1,1,0,0,2,11059200
1080,1,reference,1131,1280,720,1920,1080,11.4166,12.4665,10.0301,1,1,0,0,2,11059200
1080,1,reference,1132,1280,720,1920,1080,9.9584,10.9066,8.58522,1,1,0,0,2,11059200
1080,1,reference,1133,1280,720,1920,1080,12.4979,13.5012,11.0694,1,1,0,0,2,11059200
1080,1,reference,1134,1280,720,1920,1080,11.7688,12.7951,10.2154,1,1,0,0,2,11059200
1080,1,reference,1135,1280,720,1920,1080,11.1483,12.2744,9.77101,1,1,0,0,2,11059200
1080,1,reference,1136,1280,720,1920,1080,9.9113,10.8756,8.53709,1,1,0,0,2,11059200
1080,1,reference,1137,1280,720,1920,1080,9.40749,11.9675,8.02918,1,1,0,0,2,11059200
1080,1,reference,1138,1280,720,1920,1080,10.0332,10.926,8.6569,1,1,0,0,2,11059200
1080,1,reference,1139,1280,720,1920,1080,11.2773,12.3848,9.45152,1,1,0,0,2,11059200
1080,1,reference,1140,1280,720,1920,1080,11.6951,12.7743,10.3035,1,1,0,0,2,11059200
1080,1,reference,1141,1280,720,1920,1080,11.5968,12.712,10.2113,1,1,0,0,2,11059200
1080,1,reference,1142,1280,720,1920,1080,11.5456,12.5252,10.1683,1,1,0,0,2,11059200
1080,1,reference,1143,1280,720,1920,1080,13.012,14.2117,11.6337,1,1,0,0,2,11059200
1080,1,reference,1144,1280,720,1920,1080,11.5149,12.7108,10.1356,1,1,0,0,2,11059200
1080,1,reference,1145,1280,720,1920,1080,12.075,13.0633,10.454,1,1,0,0,2,11059200
1080,1,reference,1146,1280,720,1920,1080,11.2783,12.3383,9.728,1,1,0,0,2,11059200
1080,1,reference,1147,1280,720,1920,1080,11.3449,12.3831,9.96659,1,1,0,0,2,11059200
1080,1,reference,1148,1280,720,1920,1080,11.39,12.3693,9.7495,1,1,0,0,2,11059200
1080,1,reference,1149,1280,720,1920,1080,11.3459,12.6592,9.96864,1,1,0,0,2,11059200
1080,1,reference,1150,1280,720,1920,1080,11.3408,12.3147,9.68602,1,1,0,0,2,11059200
1080,1,reference,1151,1280,720,1920,1080,11.3295,12.4339,9.95021,1,1,0,0,2,11059200
1080,1,reference,1152,1280,720,1920,1080,11.5272,12.6606,10.1489,1,1,0,0,2,11059200
1080,1,reference,1153,1280,720,1920,1080,11.3613,12.3706,9.7024,1,1,0,0,2,11059200
1080,1,reference,1154,1280,720,1920,1080,11.4084,12.3546,9.74131,1,1,0,0,2,11059200
1080,1,reference,1155,1280,720,1920,1080,11.5794,12.506,9.92256,1,1,0,0,2,11059200
1080,1,reference,1156,1280,720,1920,1080,11.5937,12.5137,9.95635,1,1,0,0,2,11059200
1080,1,reference,1157,1280,720,1920,1080,11.307,12.4913,8.62925,1,1,0,0,2,11059200
1080,1,reference,1158,1280,720,1920,1080,11.2364,12.3046,9.8601,1,1,0,0,2,11059200
1080,1,reference,1159,1280,720,1920,1080,11.3428,12.2912,9.96864,1,1,0,0,2,11059200
1080,1,reference,1160,1280,720,1920,1080,11.3326,12.3676,9.9328,1,1,0,0,2,11059200
1080,1,reference,1161,1280,720,1920,1080,9.83859,10.7337,8.46438,1,1,0,0,2,11059200
1080,1,reference,1162,1280,720,1920,1080,12.9526,13.9819,11.5323,1,1,0,0,2,11059200
1080,1,reference,1163,1280,720,1920,1080,11.5671,12.5443,9.92154,1,1,0,0,2,11059200
1080,1,reference,1164,1280,720,1920,1080,11.3388,12.4439,9.96147,1,1,0,0,2,11059200
1080,1,reference,1165,1280,720,1920,1080,11.3521,12.349,9.97171,1,1,0,0,2,11059200
1080,1,reference,1166,1280,720,1920,1080,11.0029,12.0647,9.62458,1,1,0,0,2,11059200
1080,1,reference,1167,1280,720,1920,1080,11.4545,12.4829,10.0813,1,1,0,0,2,11059200
1080,1,reference,1168,1280,720,1920,1080,11.2998,12.2989,9.92154,1,1,0,0,2,11059200
1080,1,reference,1169,1280,720,1920,1080,10.9353,12.0064,9.56109,1,1,0,0,2,11059200
1080,1,reference,1170,1280,720,1920,1080,11.4319,12.3479,10.0536,1,1,0,0,2,11059200
1080,1,reference,1171,1280,720,1920,1080,11.9716,12.908,10.5871,1,1,0,0,2,11059200
1080,1,reference,1172,1280,720,1920,1080,11.0223,12.0762,9.64506,1,1,0,0,2,11059200
1080,1,reference,1173,1280,720,1920,1080,11.4258,12.4448,10.0485,1,1,0,0,2,11059200
1080,1,reference,1174,1280,720,1920,1080,11.306,12.2936,9.92973,1,1,0,0,2,11059200
1080,1,reference,1175,1280,720,1920,1080,10.0045,10.9483,8.62822,1,1,0,0,2,11059200
1080,1,reference,1176,1280,720,1920,1080,11.4125,12.372,10.0362,1,1,0,0,2,11059200
1080,1,reference,1177,1280,720,1920,1080,9.45562,10.41,8.08141,1,1,0,0,2,11059200
1080,1,reference,1178,1280,720,1920,1080,11.561,12.506,10.0076,1,1,0,0,2,11059200
1080,1,reference,1179,1280,720,1920,1080,11.3961,12.4039,9.77408,1,1,0,0,2,11059200
1080,1,reference,1180,1280,720,1920,1080,11.0387,12.103,9.66349,1,1,0,0,2,11059200
1080,1,reference,1181,1280,720,1920,1080,11.5169,12.5147,10.1407,1,1,0,0,2,11059200
1080,1,reference,1182,1280,720,1920,1080,11.5149,12.5048,10.1396,1,1,0,0,2,11059200
1080,1,reference,1183,1280,720,1920,1080,11.2763,12.2857,9.88467,1,1,0,0,2,11059200
1080,1,reference,1184,1280,720,1920,1080,11.5517,12.5531,10.1734,1,1,0,0,2,11059200
1080,1,reference,1185,1280,720,1920,1080,11.4831,12.5726,9.86214,1,1,0,0,2,11059200
1080,1,reference,1186,1280,720,1920,1080,11.3592,12.2495,9.98502,1,1,0,0,2,11059200
1080,1,reference,1187,1280,720,1920,1080,11.5343,12.4742,10.1591,1,1,0,0,2,11059200
1080,1,reference,1188,1280,720,1920,1080,11.394,12.3602,10.0157,1,1,0,0,2,11059200
1080,1,reference,1189,1280,720,1920,1080,11.5845,12.6072,10.2103,1,1,0,0,2,11059200
1080,1,reference,1190,1280,720,1920,1080,11.5937,12.5944,10.1652,1,1,0,0,2,11059200
1080,1,reference,1191,1280,720,1920,1080,11.3091,12.3254,9.93485,1,1,0,0,2,11059200
1080,1,reference,1192,1280,720,1920,1080,11.4442,12.4816,10.068,1,1,0,0,2,11059200
1080,1,reference,1193,1280,720,1920,1080,11.2753,12.3434,9.90208,1,1,0,0,2,11059200
1080,1,reference,1194,1280,720,1920,1080,11.3889,12.4639,10.0137,1,1,0,0,2,11059200
1080,1,reference,1195,1280,720,1920,1080,11.3684,12.3519,9.99526,1,1,0,0,2,11059200
1080,1,reference,1196,1280,720,1920,1080,11.3695,12.3034,9.99526,1,1,0,0,2,11059200
1080,1,reference,1197,1280,720,1920,1080,11.3592,12.3369,9.98195,1,1,0,0,2,11059200
1080,1,reference,1198,1280,720,1920,1080,11.394,12.3405,10.0198,1,1,0,0,2,11059200
1080,1,reference,1199,1280,720,1920,1080,11.5261,13.2344,9.88774,1,1,0,0,2,11059200
1080,1,candidate,300,1280,720,1920,1080,11.4893,12.5145,10.111,1,1,0,0,0,0
1080,1,candidate,301,1280,720,1920,1080,11.093,12.1366,9.69318,1,1,0,0,0,0
1080,1,candidate,302,1280,720,1920,1080,9.89491,10.8808,8.51866,1,1,0,0,0,0
1080,1,candidate,303,1280,720,1920,1080,12.7119,13.8142,11.2998,1,1,0,0,0,0
1080,1,candidate,304,1280,720,1920,1080,11.3869,12.3543,9.83859,1,1,0,0,0,0
1080,1,candidate,305,1280,720,1920,1080,11.3029,12.2692,9.92358,1,1,0,0,0,0
1080,1,candidate,306,1280,720,1920,1080,11.2128,12.2291,9.83347,1,1,0,0,0,0
1080,1,candidate,307,1280,720,1920,1080,11.4514,12.5036,10.0751,1,1,0,0,0,0
1080,1,candidate,308,1280,720,1920,1080,11.3828,12.3143,9.82733,1,1,0,0,0,0
1080,1,candidate,309,1280,720,1920,1080,11.2927,12.3112,9.91232,1,1,0,0,0,0
1080,1,candidate,310,1280,720,1920,1080,11.3162,12.5168,9.68704,1,1,0,0,0,0
1080,1,candidate,311,1280,720,1920,1080,11.2691,12.3308,9.63994,1,1,0,0,0,0
1080,1,candidate,312,1280,720,1920,1080,11.2845,12.3049,9.65734,1,1,0,0,0,0
1080,1,candidate,313,1280,720,1920,1080,11.3132,12.3513,9.68192,1,1,0,0,0,0
1080,1,candidate,314,1280,720,1920,1080,11.521,12.5744,9.89491,1,1,0,0,0,0
1080,1,candidate,315,1280,720,1920,1080,11.3162,12.3307,9.68602,1,1,0,0,0,0
1080,1,candidate,316,1280,720,1920,1080,11.307,12.5259,9.68294,1,1,0,0,0,0
1080,1,candidate,317,1280,720,1920,1080,11.2824,12.237,9.65427,1,1,0,0,0,0
1080,1,candidate,318,1280,720,1920,1080,11.5415,12.4949,9.92154,1,1,0,0,0,0
1080,1,candidate,319,1280,720,1920,1080,11.1606,12.5038,9.78227,1,1,0,0,0,0
1080,1,candidate,320,1280,720,1920,1080,11.2046,12.681,9.82426,1,1,0,0,0,0
1080,1,candidate,321,1280,720,1920,1080,11.265,12.51,9.69216,1,1,0,0,0,0
1080,1,candidate,322,1280,720,1920,1080,11.348,12.4462,9.97171,1,1,0,0,0,0
1080,1,candidate,323,1280,720,1920,1080,11.2824,12.2384,9.64813,1,1,0,0,0,0
1080,1,candidate,324,1280,720,1920,1080,11.561,12.7397,9.92666,1,1,0,0,0,0
1080,1,candidate,325,1280,720,1920,1080,11.3551,12.529,9.70445,1,1,0,0,0,0
1080,1,candidate,326,1280,720,1920,1080,9.75667,10.7665,8.38246,1,1,0,0,0,0
1080,1,candidate,327,1280,720,1920,1080,12.5635,13.6127,11.1575,1,1,0,0,0,0
1080,1,candidate,328,1280,720,1920,1080,11.3521,12.3898,9.9625,1,1,0,0,0,0
1080,1,candidate,329,1280,720,1920,1080,11.2558,12.248,9.87853,1,1,0,0,0,0
1080,1,candidate,330,1280,720,1920,1080,11.3848,12.4532,9.98912,1,1,0,0,0,0
1080,1,candidate,331,1280,720,1920,1080,11.52,12.4857,9.8263,1,1,0,0,0,0
1080,1,candidate,332,1280,720,1920,1080,11.3848,12.3523,9.73722,1,1,0,0,0,0
1080,1,candidate,333,1280,720,1920,1080,11.1073,12.4841,9.728,1,1,0,0,0,0
1080,1,candidate,334,1280,720,1920,1080,11.3428,12.4964,9.76384,1,1,0,0,0,0
1080,1,candidate,335,1280,720,1920,1080,11.2425,12.4644,9.86317,1,1,0,0,0,0
1080,1,candidate,336,1280,720,1920,1080,11.2005,12.7,9.82528,1,1,0,0,0,0
1080,1,candidate,337,1280,720,1920,1080,11.1176,12.4142,9.73926,1,1,0,0,0,0
1080,1,candidate,338,1280,720,1920,1080,11.008,12.1754,9.62867,1,1,0,0,0,0
1080,1,candidate,339,1280,720,1920,1080,11.4176,12.5471,10.0362,1,1,0,0,0,0
1080,1,candidate,340,1280,720,1920,1080,9.75155,10.8221,8.37427,1,1,0,0,0,0
1080,1,candidate,341,1280,720,1920,1080,12.7662,13.8114,9.99834,1,1,0,0,0,0
1080,1,candidate,342,1280,720,1920,1080,11.2353,12.3894,9.85805,1,1,0,0,0,0
1080,1,candidate,343,1280,720,1920,1080,11.3234,12.3374,9.94304,1,1,0,0,0,0
1080,1,candidate,344,1280,720,1920,1080,11.3132,12.2879,9.93485,1,1,0,0,0,0
1080,1,candidate,345,1280,720,1920,1080,11.2589,12.3506,9.88262,1,1,0,0,0,0
1080,1,candidate,346,1280,720,1920,1080,11.0346,12.2692,9.65734,1,1,0,0,0,0
1080,1,candidate,347,1280,720,1920,1080,11.0111,12.1795,9.63379,1,1,0,0,0,0
1080,1,candidate,348,1280,720,1920,1080,11.3531,12.3928,9.97683,1,1,0,0,0,0
1080,1,candidate,349,1280,720,1920,1080,11.3101,12.2763,9.93075,1,1,0,0,0,0
1080,1,candidate,350,1280,720,1920,1080,11.4647,12.5433,10.0844,1,1,0,0,0,0
1080,1,candidate,351,1280,720,1920,1080,11.4801,12.6651,10.0997,1,1,0,0,0,0
1080,1,candidate,352,1280,720,1920,1080,11.4842,12.7314,10.1069,1,1,0,0,0,0
1080,1,candidate,353,1280,720,1920,1080,11.3111,12.3288,9.9328,1,1,0,0,0,0
1080,1,candidate,354,1280,720,1920,1080,11.2527,12.2067,9.87341,1,1,0,0,0,0
1080,1,candidate,355,1280,720,1920,1080,11.5169,12.4809,10.1345,1,1,0,0,0,0
1080,1,candidate,356,1280,720,1920,1080,11.3725,12.4569,9.99424,1,1,0,0,0,0
1080,1,candidate,357,1280,720,1920,1080,11.519,12.5556,10.1366,1,1,0,0,0,0
1080,1,candidate,358,1280,720,1920,1080,11.4422,12.5114,10.0659,1,1,0,0,0,0
1080,1,candidate,359,1280,720,1920,1080,11.4565,12.5009,10.0782,1,1,0,0,0,0
1080,1,candidate,360,1280,720,1920,1080,11.3449,12.4357,9.96557,1,1,0,0,0,0
1080,1,candidate,361,1280,720,1920,1080,11.6163,12.8112,10.2359,1,1,0,0,0,0
1080,1,candidate,362,1280,720,1920,1080,11.4872,12.5094,10.1089,1,1,0,0,0,0
1080,1,candidate,363,1280,720,1920,1080,11.049,12.3146,9.66349,1,1,0,0,0,0
1080,1,candidate,364,1280,720,1920,1080,11.1391,12.1225,8.47565,1,1,0,0,0,0
1080,1,candidate,365,1280,720,1920,1080,10.4653,11.4238,9.08698,1,1,0,0,0,0
1080,1,candidate,366,1280,720,1920,1080,11.306,12.9532,9.92768,1,1,0,0,0,0
1080,1,candidate,367,1280,720,1920,1080,11.5005,12.5135,9.83757,1,1,0,0,0,0
1080,1,candidate,368,1280,720,1920,1080,11.2886,12.3581,9.9113,1,1,0,0,0,0
1080,1,candidate,369,1280,720,1920,1080,11.4954,12.5328,9.8304,1,1,0,0,0,0
1080,1,candidate,370,1280,720,1920,1080,11.5476,12.5676,9.88467,1,1,0,0,0,0
1080,1,candidate,371,1280,720,1920,1080,11.307,12.428,9.92768,1,1,0,0,0,0
1080,1,candidate,372,1280,720,1920,1080,11.3254,12.3453,9.94611,1,1,0,0,0,0
1080,1,candidate,373,1280,720,1920,1080,11.5108,12.4346,9.84166,1,1,0,0,0,0
1080,1,candidate,374,1280,720,1920,1080,11.3132,12.3189,9.93382,1,1,0,0,0,0
1080,1,candidate,375,1280,720,1920,1080,11.4883,12.5103,9.84064,1,1,0,0,0,0
1080,1,candidate,376,1280,720,1920,1080,11.4319,12.4198,9.78637,1,1,0,0,0,0
1080,1,candidate,377,1280,720,1920,1080,11.4319,12.7656,10.0526,1,1,0,0,0,0
1080,1,candidate,378,1280,720,1920,1080,11.3705,12.4802,9.99322,1,1,0,0,0,0
1080,1,candidate,379,1280,720,1920,1080,11.3101,12.3818,9.93075,1,1,0,0,0,0
1080,1,candidate,380,1280,720,1920,1080,11.476,12.4994,9.81811,1,1,0,0,0,0
1080,1,candidate,381,1280,720,1920,1080,11.5517,12.5967,9.90208,1,1,0,0,0,0
1080,1,candidate,382,1280,720,1920,1080,11.4616,12.4702,9.80582,1,1,0,0,0,0
1080,1,candidate,383,1280,720,1920,1080,11.4575,12.4667,9.8048,1,1,0,0,0,0
1080,1,candidate,384,1280,720,1920,1080,11.1524,12.2702,9.77408,1,1,0,0,0,0
1080,1,candidate,385,1280,720,1920,1080,11.4268,12.4751,10.0465,1,1,0,0,0,0
1080,1,candidate,386,1280,720,1920,1080,11.264,12.3303,9.88365,1,1,0,0,0,0
1080,1,candidate,387,1280,720,1920,1080,11.8282,12.987,10.4489,1,1,0,0,0,0
1080,1,candidate,388,1280,720,1920,1080,11.3869,12.3933,10.0065,1,1,0,0,0,0
1080,1,candidate,389,1280,720,1920,1080,11.519,12.5438,9.87853,1,1,0,0,0,0
1080,1,candidate,390,1280,720,1920,1080,11.4852,12.4909,9.84678,1,1,0,0,0,0
1080,1,candidate,391,1280,720,1920,1080,11.3152,12.2971,9.93587,1,1,0,0,0,0
1080,1,candidate,392,1280,720,1920,1080,11.3428,12.3124,9.96454,1,1,0,0,0,0
1080,1,candidate,393,1280,720,1920,1080,11.4811,12.6659,9.84269,1,1,0,0,0,0
1080,1,candidate,394,1280,720,1920,1080,11.2845,12.399,9.90515,1,1,0,0,0,0
1080,1,candidate,395,1280,720,1920,1080,11.2865,12.3805,9.9113,1,1,0,0,0,0
1080,1,candidate,396,1280,720,1920,1080,11.2486,12.3709,9.85395,1,1,0,0,0,0
1080,1,candidate,397,1280,720,1920,1080,11.4534,12.4311,10.0762,1,1,0,0,0,0
1080,1,candidate,398,1280,720,1920,1080,11.4668,12.5656,9.82835,1,1,0,0,0,0
1080,1,candidate,399,1280,720,1920,1080,11.4903,12.4376,9.84883,1,1,0,0,0,0
1080,1,candidate,400,1280,720,1920,1080,11.4852,12.465,9.84269,1,1,0,0,0,0
1080,1,candidate,401,1280,720,1920,1080,11.4749,12.4182,9.81402,1,1,0,0,0,0
1080,1,candidate,402,1280,720,1920,1080,11.434,12.4929,9.81709,1,1,0,0,0,0
1080,1,candidate,403,1280,720,1920,1080,10.9916,12.2226,9.61229,1,1,0,0,0,0
1080,1,candidate,404,1280,720,1920,1080,11.4545,12.4005,9.90106,1,1,0,0,0,0
1080,1,candidate,405,1280,720,1920,1080,11.4831,12.4648,10.1038,1,1,0,0,0,0
1080,1,candidate,406,1280,720,1920,1080,11.3306,12.2951,9.68909,1,1,0,0,0,0
1080,1,candidate,407,1280,720,1920,1080,11.1759,12.5946,9.79968,1,1,0,0,0,0
1080,1,candidate,408,1280,720,1920,1080,11.3582,12.4998,9.71981,1,1,0,0,0,0
1080,1,candidate,409,1280,720,1920,1080,11.307,12.3908,9.65939,1,1,0,0,0,0
1080,1,candidate,410,1280,720,1920,1080,11.3633,12.4618,9.71162,1,1,0,0,0,0
1080,1,candidate,411,1280,720,1920,1080,11.3408,12.4125,9.69523,1,1,0,0,0,0
1080,1,candidate,412,1280,720,1920,1080,11.2896,12.7727,9.91232,1,1,0,0,0,0
1080,1,candidate,413,1280,720,1920,1080,10.9978,12.2422,9.61946,1,1,0,0,0,0
1080,1,candidate,414,1280,720,1920,1080,11.2343,12.2001,9.856,1,1,0,0,0,0
1080,1,candidate,415,1280,720,1920,1080,11.3603,12.3911,9.71264,1,1,0,0,0,0
1080,1,candidate,416,1280,720,1920,1080,11.2097,12.5896,9.8304,1,1,0,0,0,0
1080,1,candidate,417,1280,720,1920,1080,11.3091,12.4781,9.66861,1,1,0,0,0,0
1080,1,candidate,418,1280,720,1920,1080,11.2476,12.5498,9.86829,1,1,0,0,0,0
1080,1,candidate,419,1280,720,1920,1080,11.2753,12.889,9.89798,1,1,0,0,0,0
1080,1,candidate,420,1280,720,1920,1080,11.35,12.4826,9.70138,1,1,0,0,0,0
1080,1,candidate,421,1280,720,1920,1080,11.3091,12.4811,9.66246,1,1,0,0,0,0
1080,1,candidate,422,1280,720,1920,1080,11.4831,12.5956,9.82323,1,1,0,0,0,0
1080,1,candidate,423,1280,720,1920,1080,11.479,12.4316,9.79763,1,1,0,0,0,0
1080,1,candidate,424,1280,720,1920,1080,11.3132,12.2841,9.66349,1,1,0,0,0,0
1080,1,candidate,425,1280,720,1920,1080,11.2773,12.2102,9.63482,1,1,0,0,0,0
1080,1,candidate,426,1280,720,1920,1080,11.1923,12.4206,9.81606,1,1,0,0,0,0
1080,1,candidate,427,1280,720,1920,1080,11.5384,12.5332,10.1591,1,1,0,0,0,0
1080,1,candidate,428,1280,720,1920,1080,11.266,12.2918,9.62765,1,1,0,0,0,0
1080,1,candidate,429,1280,720,1920,1080,11.2097,12.7085,9.83347,1,1,0,0,0,0
1080,1,candidate,430,1280,720,1920,1080,11.3449,12.5087,9.71878,1,1,0,0,0,0
1080,1,candidate,431,1280,720,1920,1080,11.308,12.5268,9.68499,1,1,0,0,0,0
1080,1,candidate,432,1280,720,1920,1080,11.2056,12.4961,9.8304,1,1,0,0,0,0
1080,1,candidate,433,1280,720,1920,1080,11.3623,12.5159,9.70445,1,1,0,0,0,0
1080,1,candidate,434,1280,720,1920,1080,11.2067,12.5097,9.8304,1,1,0,0,0,0
1080,1,candidate,435,1280,720,1920,1080,11.3633,12.3548,9.80275,1,1,0,0,0,0
1080,1,candidate,436,1280,720,1920,1080,11.2814,12.59,9.90618,1,1,0,0,0,0
1080,1,candidate,437,1280,720,1920,1080,11.3039,12.3718,9.66758,1,1,0,0,0,0
1080,1,candidate,438,1280,720,1920,1080,11.2968,12.3451,9.65734,1,1,0,0,0,0
1080,1,candidate,439,1280,720,1920,1080,11.3203,12.2869,9.6809,1,1,0,0,0,0
1080,1,candidate,440,1280,720,1920,1080,11.2732,12.5357,9.89696,1,1,0,0,0,0
1080,1,candidate,441,1280,720,1920,1080,11.2886,12.4978,9.63174,1,1,0,0,0,0
1080,1,candidate,442,1280,720,1920,1080,11.3234,12.4409,9.65427,1,1,0,0,0,0
1080,1,candidate,443,1280,720,1920,1080,11.3275,12.2804,9.68397,1,1,0,0,0,0
1080,1,candidate,444,1280,720,1920,1080,11.2056,12.6644,9.82938,1,1,0,0,0,0
1080,1,candidate,445,1280,720,1920,1080,11.3357,12.4333,9.66349,1,1,0,0,0,0
1080,1,candidate,446,1280,720,1920,1080,11.3295,12.8732,9.95021,1,1,0,0,0,0
1080,1,candidate,447,1280,720,1920,1080,11.4739,12.8047,9.80582,1,1,0,0,0,0
1080,1,candidate,448,1280,720,1920,1080,11.2271,12.3774,9.8519,1,1,0,0,0,0
1080,1,candidate,449,1280,720,1920,1080,11.4555,12.5763,9.81709,1,1,0,0,0,0
1080,1,candidate,450,1280,720,1920,1080,11.4708,12.4782,9.80378,1,1,0,0,0,0
1080,1,candidate,451,1280,720,1920,1080,11.4227,12.4637,9.84678,1,1,0,0,0,0
1080,1,candidate,452,1280,720,1920,1080,11.3336,12.4907,9.95738,1,1,0,0,0,0
1080,1,candidate,453,1280,720,1920,1080,11.4534,12.5564,9.81606,1,1,0,0,0,0
1080,1,candidate,454,1280,720,1920,1080,11.5292,12.5239,9.88058,1,1,0,0,0,0
1080,1,candidate,455,1280,720,1920,1080,11.5087,12.518,9.87136,1,1,0,0,0,0
1080,1,candidate,456,1280,720,1920,1080,11.4586,12.5339,9.81606,1,1,0,0,0,0
1080,1,candidate,457,1280,720,1920,1080,11.2794,12.3144,9.90003,1,1,0,0,0,0
1080,1,candidate,458,1280,720,1920,1080,11.5005,12.552,9.8519,1,1,0,0,0,0
1080,1,candidate,459,1280,720,1920,1080,11.5374,12.6295,9.88262,1,1,0,0,0,0
1080,1,candidate,460,1280,720,1920,1080,11.3172,12.3081,9.9369,1,1,0,0,0,0
1080,1,candidate,461,1280,720,1920,1080,11.4903,12.5729,9.84678,1,1,0,0,0,0
1080,1,candidate,462,1280,720,1920,1080,11.2988,12.3919,9.92358,1,1,0,0,0,0
1080,1,candidate,463,1280,720,1920,1080,11.4729,12.5875,9.83757,1,1,0,0,0,0
1080,1,candidate,464,1280,720,1920,1080,11.4719,12.6499,9.82835,1,1,0,0,0,0
1080,1,candidate,465,1280,720,1920,1080,11.4227,12.3915,9.76896,1,1,0,0,0,0
1080,1,candidate,466,1280,720,1920,1080,11.478,12.7474,9.84371,1,1,0,0,0,0
1080,1,candidate,467,1280,720,1920,1080,11.3828,12.4595,10.0055,1,1,0,0,0,0
1080,1,candidate,468,1280,720,1920,1080,11.306,12.3358,9.92666,1,1,0,0,0,0
1080,1,candidate,469,1280,720,1920,1080,11.3746,12.3752,9.8048,1,1,0,0,0,0
1080,1,candidate,470,1280,720,1920,1080,11.393,12.4768,10.0157,1,1,0,0,0,0
1080,1,candidate,471,1280,720,1920,1080,11.1811,12.2122,8.54528,1,1,0,0,0,0
1080,1,candidate,472,1280,720,1920,1080,11.433,12.5011,9.79558,1,1,0,0,0,0
1080,1,candidate,473,1280,720,1920,1080,11.1626,12.1875,9.78432,1,1,0,0,0,0
1080,1,candidate,474,1280,720,1920,1080,11.3951,12.3937,9.83962,1,1,0,0,0,0
1080,1,candidate,475,1280,720,1920,1080,11.0612,12.2389,9.67782,1,1,0,0,0,0
1080,1,candidate,476,1280,720,1920,1080,9.74643,10.7103,8.36813,1,1,0,0,0,0
1080,1,candidate,477,1280,720,1920,1080,13.3315,14.376,11.9542,1,1,0,0,0,0
1080,1,candidate,478,1280,720,1920,1080,9.73107,12.155,8.35277,1,1,0,0,0,0
1080,1,candidate,479,1280,720,1920,1080,11.2466,12.45,9.85498,1,1,0,0,0,0
1080,1,candidate,480,1280,720,1920,1080,11.4708,12.4938,10.0936,1,1,0,0,0,0
1080,1,candidate,481,1280,720,1920,1080,11.4094,12.5263,9.99322,1,1,0,0,0,0
1080,1,candidate,482,1280,720,1920,1080,11.2916,12.382,9.91334,1,1,0,0,0,0
1080,1,candidate,483,1280,720,1920,1080,11.394,12.5468,10.0147,1,1,0,0,0,0
1080,1,candidate,484,1280,720,1920,1080,11.0326,12.2293,8.40294,1,1,0,0,0,0
1080,1,candidate,485,1280,720,1920,1080,11.4391,12.6348,10.0403,1,1,0,0,0,0
1080,1,candidate,486,1280,720,1920,1080,11.3551,12.3778,9.66042,1,1,0,0,0,0
1080,1,candidate,487,1280,720,1920,1080,11.0223,12.2076,9.64506,1,1,0,0,0,0
1080,1,candidate,488,1280,720,1920,1080,11.477,12.7401,10.1007,1,1,0,0,0,0
1080,1,candidate,489,1280,720,1920,1080,11.3859,12.4362,9.69318,1,1,0,0,0,0
1080,1,candidate,490,1280,720,1920,1080,11.2568,12.5828,9.87955,1,1,0,0,0,0
1080,1,candidate,491,1280,720,1920,1080,11.5292,12.6528,9.85293,1,1,0,0,0,0
1080,1,candidate,492,1280,720,1920,1080,11.351,12.5089,9.66861,1,1,0,0,0,0
1080,1,candidate,493,1280,720,1920,1080,11.3285,12.3361,9.64096,1,1,0,0,0,0
1080,1,candidate,494,1280,720,1920,1080,11.2005,12.4649,9.82528,1,1,0,0,0,0
1080,1,candidate,495,1280,720,1920,1080,11.0397,12.0767,9.66246,1,1,0,0,0,0
1080,1,candidate,496,1280,720,1920,1080,11.3162,12.3181,9.94099,1,1,0,0,0,0
1080,1,candidate,497,1280,720,1920,1080,11.3111,12.2931,9.92666,1,1,0,0,0,0
1080,1,candidate,498,1280,720,1920,1080,11.0643,12.1251,9.68397,1,1,0,0,0,0
1080,1,candidate,499,1280,720,1920,1080,11.3172,12.2979,9.94099,1,1,0,0,0,0
1080,1,candidate,500,1280,720,1920,1080,11.3142,12.3889,9.93587,1,1,0,0,0,0
1080,1,candidate,501,1280,720,1920,1080,11.3162,12.2747,9.93792,1,1,0,0,0,0
1080,1,candidate,502,1280,720,1920,1080,11.1729,12.3429,9.79149,1,1,0,0,0,0
1080,1,candidate,503,1280,720,1920,1080,11.4995,12.5876,10.1222,1,1,0,0,0,0
1080,1,candidate,504,1280,720,1920,1080,11.3582,12.3357,9.9799,1,1,0,0,0,0
1080,1,candidate,505,1280,720,1920,1080,11.051,12.3887,9.66963,1,1,0,0,0,0
1080,1,candidate,506,1280,720,1920,1080,11.4862,12.391,10.1069,1,1,0,0,0,0
1080,1,candidate,507,1280,720,1920,1080,11.3213,12.3377,9.94304,1,1,0,0,0,0
1080,1,candidate,508,1280,720,1920,1080,11.3469,12.378,9.96762,1,1,0,0,0,0
1080,1,candidate,509,1280,720,1920,1080,11.5302,12.6489,10.1509,1,1,0,0,0,0
1080,1,candidate,510,1280,720,1920,1080,11.1729,12.3338,9.75872,1,1,0,0,0,0
1080,1,candidate,511,1280,720,1920,1080,11.4903,12.5456,9.80787,1,1,0,0,0,0
1080,1,candidate,512,1280,720,1920,1080,11.2773,12.4662,9.90208,1,1,0,0,0,0
1080,1,candidate,513,1280,720,1920,1080,11.3172,12.3735,9.9369,1,1,0,0,0,0
1080,1,candidate,514,1280,720,1920,1080,11.4893,12.5195,10.111,1,1,0,0,0,0
1080,1,candidate,515,1280,720,1920,1080,11.1596,12.6412,9.76691,1,1,0,0,0,0
1080,1,candidate,516,1280,720,1920,1080,11.4534,12.5541,10.0751,1,1,0,0,0,0
1080,1,candidate,517,1280,720,1920,1080,11.3244,12.4709,9.94816,1,1,0,0,0,0
1080,1,candidate,518,1280,720,1920,1080,11.5077,12.4026,10.1304,1,1,0,0,0,0
1080,1,candidate,519,1280,720,1920,1080,11.2671,12.3584,9.88979,1,1,0,0,0,0
1080,1,candidate,520,1280,720,1920,1080,11.5292,12.5832,9.90515,1,1,0,0,0,0
1080,1,candidate,521,1280,720,1920,1080,11.2876,12.3312,9.9113,1,1,0,0,0,0
1080,1,candidate,522,1280,720,1920,1080,11.4514,12.6804,10.0762,1,1,0,0,0,0
1080,1,candidate,523,1280,720,1920,1080,11.2548,12.3483,9.87341,1,1,0,0,0,0
1080,1,candidate,524,1280,720,1920,1080,11.2323,12.3203,9.85498,1,1,0,0,0,0
1080,1,candidate,525,1280,720,1920,1080,11.3019,12.4966,9.92461,1,1,0,0,0,0
1080,1,candidate,526,1280,720,1920,1080,11.39,12.3424,10.0116,1,1,0,0,0,0
1080,1,candidate,527,1280,720,1920,1080,11.4688,12.5978,9.83552,1,1,0,0,0,0
1080,1,candidate,528,1280,720,1920,1080,11.4319,12.4076,10.0547,1,1,0,0,0,0
1080,1,candidate,529,1280,720,1920,1080,11.3172,12.3067,9.93894,1,1,0,0,0,0
1080,1,candidate,530,1280,720,1920,1080,11.2978,12.278,9.91642,1,1,0,0,0,0
1080,1,candidate,531,1280,720,1920,1080,11.2947,12.3575,9.91846,1,1,0,0,0,0
1080,1,candidate,532,1280,720,1920,1080,11.306,12.263,9.92666,1,1,0,0,0,0
1080,1,candidate,533,1280,720,1920,1080,11.18,12.2821,9.8007,1,1,0,0,0,0
1080,1,candidate,534,1280,720,1920,1080,11.0049,12.1158,9.62662,1,1,0,0,0,0
1080,1,candidate,535,1280,720,1920,1080,11.0479,12.2249,9.66656,1,1,0,0,0,0
1080,1,candidate,536,1280,720,1920,1080,11.3695,12.3421,9.98605,1,1,0,0,0,0
1080,1,candidate,537,1280,720,1920,1080,11.4606,12.4996,10.0803,1,1,0,0,0,0
1080,1,candidate,538,1280,720,1920,1080,11.7412,12.9631,10.0997,1,1,0,0,0,0
1080,1,candidate,539,1280,720,1920,1080,11.1391,12.4051,9.76179,1,1,0,0,0,0
1080,1,candidate,540,1280,720,1920,1080,11.5087,12.5738,10.1274,1,1,0,0,0,0
1080,1,candidate,541,1280,720,1920,1080,12.0494,13.2207,10.4038,1,1,0,0,0,0
1080,1,candidate,542,1280,720,1920,1080,11.3132,12.3924,9.93587,1,1,0,0,0,0
1080,1,candidate,543,1280,720,1920,1080,11.3183,12.5015,9.93997,1,1,0,0,0,0
1080,1,candidate,544,1280,720,1920,1080,11.863,13.0726,10.4868,1,1,0,0,0,0
1080,1,candidate,545,1280,720,1920,1080,11.6972,13.2986,10.0844,1,1,0,0,0,0
1080,1,candidate,546,1280,720,1920,1080,9.90208,10.9704,8.52685,1,1,0,0,0,0
1080,1,candidate,547,1280,720,1920,1080,12.6894,13.8879,11.262,1,1,0,0,0,0
1080,1,candidate,548,1280,720,1920,1080,11.4964,12.6635,9.96045,1,1,0,0,0,0
1080,1,candidate,549,1280,720,1920,1080,11.4514,12.5985,10.0741,1,1,0,0,0,0
1080,1,candidate,550,1280,720,1920,1080,11.0213,12.3778,9.64506,1,1,0,0,0,0
1080,1,candidate,551,1280,720,1920,1080,12.2337,13.3544,10.8575,1,1,0,0,0,0
1080,1,candidate,552,1280,720,1920,1080,10.1304,11.3275,8.75213,1,1,0,0,0,0
1080,1,candidate,553,1280,720,1920,1080,12.5829,13.8811,10.2298,1,1,0,0,0,0
1080,1,candidate,554,1280,720,1920,1080,11.8067,12.8764,10.1632,1,1,0,0,0,0
1080,1,candidate,555,1280,720,1920,1080,11.3162,12.642,9.93894,1,1,0,0,0,0
1080,1,candidate,556,1280,720,1920,1080,11.3357,12.4739,9.7065,1,1,0,0,0,0
1080,1,candidate,557,1280,720,1920,1080,11.2497,12.5533,9.87238,1,1,0,0,0,0
1080,1,candidate,558,1280,720,1920,1080,11.4852,12.5707,9.83347,1,1,0,0,0,0
1080,1,candidate,559,1280,720,1920,1080,11.3521,12.9608,9.97274,1,1,0,0,0,0
1080,1,candidate,560,1280,720,1920,1080,11.4985,12.5949,9.85088,1,1,0,0,0,0
1080,1,candidate,561,1280,720,1920,1080,11.2527,12.5177,9.8775,1,1,0,0,0,0
1080,1,candidate,562,1280,720,1920,1080,11.3101,12.4794,9.93382,1,1,0,0,0,0
1080,1,candidate,563,1280,720,1920,1080,11.4125,12.5439,9.76691,1,1,0,0,0,0
1080,1,candidate,564,1280,720,1920,1080,11.1944,12.3767,9.78227,1,1,0,0,0,0
1080,1,candidate,565,1280,720,1920,1080,12.2296,14.4543,10.8503,1,1,0,0,0,0
1080,1,candidate,566,1280,720,1920,1080,11.4934,12.6978,10.1161,1,1,0,0,0,0
1080,1,candidate,567,1280,720,1920,1080,11.0305,12.0877,9.6512,1,1,0,0,0,0
1080,1,candidate,568,1280,720,1920,1080,11.2865,12.4903,9.90925,1,1,0,0,0,0
1080,1,candidate,569,1280,720,1920,1080,11.4811,12.6531,10.1028,1,1,0,0,0,0
1080,1,candidate,570,1280,720,1920,1080,11.1565,12.3453,8.5207,1,1,0,0,0,0
1080,1,candidate,571,1280,720,1920,1080,11.1718,12.5088,8.55552,1,1,0,0,0,0
1080,1,candidate,572,1280,720,1920,1080,11.5231,12.5557,10.1396,1,1,0,0,0,0
1080,1,candidate,573,1280,720,1920,1080,9.87955,10.8222,8.50227,1,1,0,0,0,0
1080,1,candidate,574,1280,720,1920,1080,10.8257,12.9964,9.44026,1,1,0,0,0,0
1080,1,candidate,575,1280,720,1920,1080,11.4719,12.4849,10.0946,1,1,0,0,0,0
1080,1,candidate,576,1280,720,1920,1080,11.434,12.4349,9.81606,1,1,0,0,0,0
1080,1,candidate,577,1280,720,1920,1080,11.2671,12.1701,9.88877,1,1,0,0,0,0
1080,1,candidate,578,1280,720,1920,1080,11.4473,12.5443,10.07,1,1,0,0,0,0
1080,1,candidate,579,1280,720,1920,1080,11.4135,12.3621,10.0362,1,1,0,0,0,0
1080,1,candidate,580,1280,720,1920,1080,11.2579,12.2926,9.8816,1,1,0,0,0,0
1080,1,candidate,581,1280,720,1920,1080,11.518,12.7962,10.1284,1,1,0,0,0,0
1080,1,candidate,582,1280,720,1920,1080,11.4145,12.4828,10.0372,1,1,0,0,0,0
1080,1,candidate,583,1280,720,1920,1080,11.3807,12.3757,10.0035,1,1,0,0,0,0
1080,1,candidate,584,1280,720,1920,1080,11.3193,12.313,9.93997,1,1,0,0,0,0
1080,1,candidate,585,1280,720,1920,1080,11.4708,12.4481,10.0936,1,1,0,0,0,0
1080,1,candidate,586,1280,720,1920,1080,11.3613,12.4788,9.98605,1,1,0,0,0,0
1080,1,candidate,587,1280,720,1920,1080,11.434,12.453,10.0588,1,1,0,0,0,0
1080,1,candidate,588,1280,720,1920,1080,11.2783,12.4371,9.90208,1,1,0,0,0,0
1080,1,candidate,589,1280,720,1920,1080,11.477,12.5236,10.0987,1,1,0,0,0,0
1080,1,candidate,590,1280,720,1920,1080,11.4954,12.815,10.1161,1,1,0,0,0,0
1080,1,candidate,591,1280,720,1920,1080,11.479,12.6569,10.1018,1,1,0,0,0,0
1080,1,candidate,592,1280,720,1920,1080,11.5487,12.5561,9.87136,1,1,0,0,0,0
1080,1,candidate,593,1280,720,1920,1080,11.0428,12.173,9.66758,1,1,0,0,0,0
1080,1,candidate,594,1280,720,1920,1080,11.4708,12.5098,10.0915,1,1,0,0,0,0
1080,1,candidate,595,1280,720,1920,1080,11.564,12.7397,10.1857,1,1,0,0,0,0
1080,1,candidate,596,1280,720,1920,1080,11.1053,12.4142,9.70957,1,1,0,0,0,0
1080,1,candidate,597,1280,720,1920,1080,11.1421,12.248,9.74848,1,1,0,0,0,0
1080,1,candidate,598,1280,720,1920,1080,11.4371,12.4195,9.8007,1,1,0,0,0,0
1080,1,candidate,599,1280,720,1920,1080,11.4534,12.3935,10.0741,1,1,0,0,0,0
1080,1,candidate,600,1280,720,1920,1080,11.4883,12.4772,10.111,1,1,0,0,0,0
1080,1,candidate,601,1280,720,1920,1080,11.3521,12.2886,9.97581,1,1,0,0,0,0
1080,1,candidate,602,1280,720,1920,1080,11.3295,12.4135,9.95226,1,1,0,0,0,0
1080,1,candidate,603,1280,720,1920,1080,11.262,12.2836,9.88058,1,1,0,0,0,0
1080,1,candidate,604,1280,720,1920,1080,10.8022,11.8924,9.42694,1,1,0,0,0,0
1080,1,candidate,605,1280,720,1920,1080,15.0764,16.1989,13.7001,1,1,0,0,0,0
1080,1,candidate,606,1280,720,1920,1080,11.2497,12.2759,9.87341,1,1,0,0,0,0
1080,1,candidate,607,1280,720,1920,1080,11.307,12.3498,9.93178,1,1,0,0,0,0
1080,1,candidate,608,1280,720,1920,1080,11.2189,12.3998,9.84269,1,1,0,0,0,0
1080,1,candidate,609,1280,720,1920,1080,11.2486,12.5594,9.87341,1,1,0,0,0,0
1080,1,candidate,610,1280,720,1920,1080,11.6163,12.9235,10.242,1,1,0,0,0,0
1080,1,candidate,611,1280,720,1920,1080,11.5763,12.9601,10.197,1,1,0,0,0,0
1080,1,candidate,612,1280,720,1920,1080,11.5364,12.6319,9.8816,1,1,0,0,0,0
1080,1,candidate,613,1280,720,1920,1080,11.5077,12.5465,9.83347,1,1,0,0,0,0
1080,1,candidate,614,1280,720,1920,1080,11.3572,12.4151,9.98195,1,1,0,0,0,0
1080,1,candidate,615,1280,720,1920,1080,11.4872,12.4657,9.8263,1,1,0,0,0,0
1080,1,candidate,616,1280,720,1920,1080,11.4831,12.5691,9.82016,1,1,0,0,0,0
1080,1,candidate,617,1280,720,1920,1080,11.4842,12.4813,9.81606,1,1,0,0,0,0
1080,1,candidate,618,1280,720,1920,1080,11.3234,12.4465,9.94714,1,1,0,0,0,0
1080,1,candidate,619,1280,720,1920,1080,11.9757,13.051,10.5871,1,1,0,0,0,0
1080,1,candidate,620,1280,720,1920,1080,9.88877,10.8953,8.51456,1,1,0,0,0,0
1080,1,candidate,621,1280,720,1920,1080,11.2374,12.2256,9.86112,1,1,0,0,0,0
1080,1,candidate,622,1280,720,1920,1080,11.3244,12.3575,9.63891,1,1,0,0,0,0
1080,1,candidate,623,1280,720,1920,1080,11.18,12.4293,9.80685,1,1,0,0,0,0
1080,1,candidate,624,1280,720,1920,1080,11.262,12.5078,9.88672,1,1,0,0,0,0
1080,1,candidate,625,1280,720,1920,1080,11.0203,12.2537,9.64301,1,1,0,0,0,0
1080,1,candidate,626,1280,720,1920,1080,11.3592,12.3556,9.98298,1,1,0,0,0,0
1080,1,candidate,627,1280,720,1920,1080,11.2732,12.3745,9.89696,1,1,0,0,0,0
1080,1,candidate,628,1280,720,1920,1080,11.0899,12.6082,9.71366,1,1,0,0,0,0
1080,1,candidate,629,1280,720,1920,1080,10.8728,12.3409,9.49555,1,1,0,0,0,0
1080,1,candidate,630,1280,720,1920,1080,11.3101,12.5121,9.93587,1,1,0,0,0,0
1080,1,candidate,631,1280,720,1920,1080,11.2456,12.2056,9.86829,1,1,0,0,0,0
1080,1,candidate,632,1280,720,1920,1080,10.9865,12.1143,9.60922,1,1,0,0,0,0
1080,1,candidate,633,1280,720,1920,1080,11.5282,12.4667,10.1509,1,1,0,0,0,0
1080,1,candidate,634,1280,720,1920,1080,11.1145,12.265,9.73619,1,1,0,0,0,0
1080,1,candidate,635,1280,720,1920,1080,11.3879,12.5176,10.0106,1,1,0,0,0,0
1080,1,candidate,636,1280,720,1920,1080,11.3244,12.4666,9.94714,1,1,0,0,0,0
1080,1,candidate,637,1280,720,1920,1080,11.0285,12.2014,9.65222,1,1,0,0,0,0
1080,1,candidate,638,1280,720,1920,1080,9.67885,10.5933,8.30464,1,1,0,0,0,0
1080,1,candidate,639,1280,720,1920,1080,11.3244,13.2707,9.9287,1,1,0,0,0,0
1080,1,candidate,640,1280,720,1920,1080,11.4422,12.3832,9.90515,1,1,0,0,0,0
1080,1,candidate,641,1280,720,1920,1080,12.1313,13.1107,10.7377,1,1,0,0,0,0
1080,1,candidate,642,1280,720,1920,1080,11.4668,12.3901,10.0874,1,1,0,0,0,0
1080,1,candidate,643,1280,720,1920,1080,11.4606,12.4593,10.0854,1,1,0,0,0,0
1080,1,candidate,644,1280,720,1920,1080,11.4596,12.4544,10.0813,1,1,0,0,0,0
1080,1,candidate,645,1280,720,1920,1080,11.4412,12.4189,10.0639,1,1,0,0,0,0
1080,1,candidate,646,1280,720,1920,1080,11.4657,12.4354,10.0884,1,1,0,0,0,0
1080,1,candidate,647,1280,720,1920,1080,11.2282,12.3666,9.82528,1,1,0,0,0,0
1080,1,candidate,648,1280,720,1920,1080,11.3623,12.3772,9.79661,1,1,0,0,0,0
1080,1,candidate,649,1280,720,1920,1080,9.91232,10.8438,8.53811,1,1,0,0,0,0
1080,1,candidate,650,1280,720,1920,1080,11.4196,12.3494,10.0424,1,1,0,0,0,0
1080,1,candidate,651,1280,720,1920,1080,12.3535,13.4474,10.0413,1,1,0,0,0,0
1080,1,candidate,652,1280,720,1920,1080,11.4719,12.5869,10.0956,1,1,0,0,0,0
1080,1,candidate,653,1280,720,1920,1080,9.72698,10.7116,8.35379,1,1,0,0,0,0
1080,1,candidate,654,1280,720,1920,1080,12.6239,13.5699,11.1974,1,1,0,0,0,0
1080,1,candidate,655,1280,720,1920,1080,10.9066,12.0831,9.53242,1,1,0,0,0,0
1080,1,candidate,656,1280,720,1920,1080,10.9281,11.9795,9.55392,1,1,0,0,0,0
1080,1,candidate,657,1280,720,1920,1080,11.2947,12.4665,9.91642,1,1,0,0,0,0
1080,1,candidate,658,1280,720,1920,1080,11.3275,12.3987,9.95328,1,1,0,0,0,0
1080,1,candidate,659,1280,720,1920,1080,11.2589,12.4192,9.87853,1,1,0,0,0,0
1080,1,candidate,660,1280,720,1920,1080,11.3121,12.3833,9.93792,1,1,0,0,0,0
1080,1,candidate,661,1280,720,1920,1080,10.9752,12.113,9.59795,1,1,0,0,0,0
1080,1,candidate,662,1280,720,1920,1080,11.3101,12.2116,9.9328,1,1,0,0,0,0
1080,1,candidate,663,1280,720,1920,1080,11.2804,12.3152,9.9031,1,1,0,0,0,0
1080,1,candidate,664,1280,720,1920,1080,11.05,12.319,9.66861,1,1,0,0,0,0
1080,1,candidate,665,1280,720,1920,1080,11.4412,12.4561,10.0618,1,1,0,0,0,0
1080,1,candidate,666,1280,720,1920,1080,11.223,12.2808,9.84781,1,1,0,0,0,0
1080,1,candidate,667,1280,720,1920,1080,11.2394,12.3852,9.86522,1,1,0,0,0,0
1080,1,candidate,668,1280,720,1920,1080,11.3367,12.3544,9.95942,1,1,0,0,0,0
1080,1,candidate,669,1280,720,1920,1080,11.3562,12.5156,9.9799,1,1,0,0,0,0
1080,1,candidate,670,1280,720,1920,1080,11.4534,12.5423,10.0782,1,1,0,0,0,0
1080,1,candidate,671,1280,720,1920,1080,11.4831,12.4499,10.1069,1,1,0,0,0,0
1080,1,candidate,672,1280,720,1920,1080,11.4012,12.3962,10.025,1,1,0,0,0,0
1080,1,candidate,673,1280,720,1920,1080,11.2005,12.4331,9.8263,1,1,0,0,0,0
1080,1,candidate,674,1280,720,1920,1080,11.2015,12.5247,9.80787,1,1,0,0,0,0
1080,1,candidate,675,1280,720,1920,1080,11.8221,12.8369,10.4458,1,1,0,0,0,0
1080,1,candidate,676,1280,720,1920,1080,11.2722,12.2996,9.89286,1,1,0,0,0,0
1080,1,candidate,677,1280,720,1920,1080,11.436,12.3932,10.0577,1,1,0,0,0,0
1080,1,candidate,678,1280,720,1920,1080,11.4258,12.4406,10.0526,1,1,0,0,0,0
1080,1,candidate,679,1280,720,1920,1080,11.2916,12.288,9.91539,1,1,0,0,0,0
1080,1,candidate,680,1280,720,1920,1080,11.266,12.3659,9.89082,1,1,0,0,0,0
1080,1,candidate,681,1280,720,1920,1080,11.2742,12.3005,9.89491,1,1,0,0,0,0
1080,1,candidate,682,1280,720,1920,1080,11.306,12.3627,9.9328,1,1,0,0,0,0
1080,1,candidate,683,1280,720,1920,1080,11.2599,12.3675,9.88262,1,1,0,0,0,0
1080,1,candidate,684,1280,720,1920,1080,11.4268,12.5232,9.78739,1,1,0,0,0,0
1080,1,candidate,685,1280,720,1920,1080,11.4616,12.5421,9.81504,1,1,0,0,0,0
1080,1,candidate,686,1280,720,1920,1080,11.5159,12.6877,9.86317,1,1,0,0,0,0
1080,1,candidate,687,1280,720,1920,1080,11.2026,12.3514,9.79763,1,1,0,0,0,0
1080,1,candidate,688,1280,720,1920,1080,11.5732,12.6013,9.93485,1,1,0,0,0,0
1080,1,candidate,689,1280,720,1920,1080,11.266,12.2644,9.88979,1,1,0,0,0,0
1080,1,candidate,690,1280,720,1920,1080,11.2589,12.211,9.88262,1,1,0,0,0,0
1080,1,candidate,691,1280,720,1920,1080,11.3469,12.2843,9.79046,1,1,0,0,0,0
1080,1,candidate,692,1280,720,1920,1080,11.3244,12.47,9.95021,1,1,0,0,0,0
1080,1,candidate,693,1280,720,1920,1080,11.4422,12.468,9.79968,1,1,0,0,0,0
1080,1,candidate,694,1280,720,1920,1080,11.4463,12.4604,9.82426,1,1,0,0,0,0
1080,1,candidate,695,1280,720,1920,1080,11.4452,12.4917,9.81299,1,1,0,0,0,0
1080,1,candidate,696,1280,720,1920,1080,11.4022,12.4978,9.78125,1,1,0,0,0,0
1080,1,candidate,697,1280,720,1920,1080,11.4381,12.5612,9.8089,1,1,0,0,0,0
1080,1,candidate,698,1280,720,1920,1080,11.2476,12.3325,9.87341,1,1,0,0,0,0
1080,1,candidate,699,1280,720,1920,1080,11.2384,12.377,9.86214,1,1,0,0,0,0
1080,1,candidate,700,1280,720,1920,1080,11.4401,12.3934,9.81402,1,1,0,0,0,0
1080,1,candidate,701,1280,720,1920,1080,11.2568,12.3469,9.62253,1,1,0,0,0,0
1080,1,candidate,702,1280,720,1920,1080,11.3992,12.4074,9.77715,1,1,0,0,0,0
1080,1,candidate,703,1280,720,1920,1080,11.4156,12.4334,9.79354,1,1,0,0,0,0
1080,1,candidate,704,1280,720,1920,1080,11.2671,12.2713,9.63072,1,1,0,0,0,0
1080,1,candidate,705,1280,720,1920,1080,11.2732,12.568,9.89491,1,1,0,0,0,0
1080,1,candidate,706,1280,720,1920,1080,11.2343,12.383,9.60819,1,1,0,0,0,0
1080,1,candidate,707,1280,720,1920,1080,11.307,12.2785,9.67373,1,1,0,0,0,0
1080,1,candidate,708,1280,720,1920,1080,11.2435,12.3118,9.62048,1,1,0,0,0,0
1080,1,candidate,709,1280,720,1920,1080,11.1698,12.5723,9.79354,1,1,0,0,0,0
1080,1,candidate,710,1280,720,1920,1080,11.1585,12.6076,9.78534,1,1,0,0,0,0
1080,1,candidate,711,1280,720,1920,1080,11.1626,12.4661,9.78432,1,1,0,0,0,0
1080,1,candidate,712,1280,720,1920,1080,11.2773,12.4774,9.9031,1,1,0,0,0,0
1080,1,candidate,713,1280,720,1920,1080,11.5804,12.6275,9.9543,1,1,0,0,0,0
1080,1,candidate,714,1280,720,1920,1080,11.348,12.3373,9.71674,1,1,0,0,0,0
1080,1,candidate,715,1280,720,1920,1080,11.2015,12.4792,9.82528,1,1,0,0,0,0
1080,1,candidate,716,1280,720,1920,1080,11.2548,12.2916,9.62765,1,1,0,0,0,0
1080,1,candidate,717,1280,720,1920,1080,11.1483,12.5325,9.77306,1,1,0,0,0,0
1080,1,candidate,718,1280,720,1920,1080,11.3009,12.3532,9.67373,1,1,0,0,0,0
1080,1,candidate,719,1280,720,1920,1080,11.1985,12.5558,9.82118,1,1,0,0,0,0
1080,1,candidate,720,1280,720,1920,1080,11.1882,12.8305,9.81299,1,1,0,0,0,0
1080,1,candidate,721,1280,720,1920,1080,11.4135,12.7336,9.78739,1,1,0,0,0,0
1080,1,candidate,722,1280,720,1920,1080,11.3869,12.3338,9.76282,1,1,0,0,0,0
1080,1,candidate,723,1280,720,1920,1080,11.2681,12.249,9.63891,1,1,0,0,0,0
1080,1,candidate,724,1280,720,1920,1080,11.2937,12.4604,9.66246,1,1,0,0,0,0
1080,1,candidate,725,1280,720,1920,1080,11.2742,12.8494,9.89798,1,1,0,0,0,0
1080,1,candidate,726,1280,720,1920,1080,11.2794,12.5034,9.65325,1,1,0,0,0,0
1080,1,candidate,727,1280,720,1920,1080,11.4135,12.4357,9.7751,1,1,0,0,0,0
1080,1,candidate,728,1280,720,1920,1080,11.5231,12.6102,9.87648,1,1,0,0,0,0
1080,1,candidate,729,1280,720,1920,1080,11.4442,12.5071,9.80275,1,1,0,0,0,0
1080,1,candidate,730,1280,720,1920,1080,11.4565,12.4267,9.82118,1,1,0,0,0,0
1080,1,candidate,731,1280,720,1920,1080,11.4893,12.583,9.83962,1,1,0,0,0,0
1080,1,candidate,732,1280,720,1920,1080,11.4442,12.4271,9.8007,1,1,0,0,0,0
1080,1,candidate,733,1280,720,1920,1080,11.2384,12.3526,9.60307,1,1,0,0,0,0
1080,1,candidate,734,1280,720,1920,1080,11.1186,12.2644,9.74438,1,1,0,0,0,0
1080,1,candidate,735,1280,720,1920,1080,11.0356,12.1732,9.65837,1,1,0,0,0,0
1080,1,candidate,736,1280,720,1920,1080,11.3756,12.5482,8.70707,1,1,0,0,0,0
1080,1,candidate,737,1280,720,1920,1080,10.8278,11.8087,9.45357,1,1,0,0,0,0
1080,1,candidate,738,1280,720,1920,1080,11.2609,12.227,9.88467,1,1,0,0,0,0
1080,1,candidate,739,1280,720,1920,1080,10.9855,12.1246,9.61024,1,1,0,0,0,0
1080,1,candidate,740,1280,720,1920,1080,11.2589,12.1852,9.88058,1,1,0,0,0,0
1080,1,candidate,741,1280,720,1920,1080,11.6224,12.6469,9.99936,1,1,0,0,0,0
1080,1,candidate,742,1280,720,1920,1080,11.1186,12.2696,9.74336,1,1,0,0,0,0
1080,1,candidate,743,1280,720,1920,1080,11.2394,12.1744,9.86317,1,1,0,0,0,0
1080,1,candidate,744,1280,720,1920,1080,11.2896,12.2659,9.66861,1,1,0,0,0,0
1080,1,candidate,745,1280,720,1920,1080,11.2886,12.2338,9.91027,1,1,0,0,0,0
1080,1,candidate,746,1280,720,1920,1080,11.4616,12.5252,10.0864,1,1,0,0,0,0
1080,1,candidate,747,1280,720,1920,1080,11.1913,12.3256,9.78125,1,1,0,0,0,0
1080,1,candidate,748,1280,720,1920,1080,11.5415,12.5605,9.90925,1,1,0,0,0,0
1080,1,candidate,749,1280,720,1920,1080,11.2271,12.1897,9.85293,1,1,0,0,0,0
1080,1,candidate,750,1280,720,1920,1080,11.2671,12.2358,9.88979,1,1,0,0,0,0
1080,1,candidate,751,1280,720,1920,1080,11.264,12.2177,9.88877,1,1,0,0,0,0
1080,1,candidate,752,1280,720,1920,1080,11.2343,12.1722,9.85907,1,1,0,0,0,0
1080,1,candidate,753,1280,720,1920,1080,11.4381,12.5055,9.80787,1,1,0,0,0,0
1080,1,candidate,754,1280,720,1920,1080,11.4872,12.518,9.85702,1,1,0,0,0,0
1080,1,candidate,755,1280,720,1920,1080,11.39,12.3892,9.76794,1,1,0,0,0,0
1080,1,candidate,756,1280,720,1920,1080,11.4299,12.505,9.80582,1,1,0,0,0,0
1080,1,candidate,757,1280,720,1920,1080,11.4504,12.4741,9.8089,1,1,0,0,0,0
1080,1,candidate,758,1280,720,1920,1080,11.4166,12.5929,9.79251,1,1,0,0,0,0
1080,1,candidate,759,1280,720,1920,1080,11.3859,12.4465,9.76179,1,1,0,0,0,0
1080,1,candidate,760,1280,720,1920,1080,11.4268,12.4728,9.8007,1,1,0,0,0,0
1080,1,candidate,761,1280,720,1920,1080,11.4401,12.4016,9.81504,1,1,0,0,0,0
1080,1,candidate,762,1280,720,1920,1080,11.4627,12.4441,9.82835,1,1,0,0,0,0
1080,1,candidate,763,1280,720,1920,1080,11.434,12.5352,9.80173,1,1,0,0,0,0
1080,1,candidate,764,1280,720,1920,1080,11.4575,12.3744,9.82938,1,1,0,0,0,0
1080,1,candidate,765,1280,720,1920,1080,11.4012,12.3555,9.77306,1,1,0,0,0,0
1080,1,candidate,766,1280,720,1920,1080,11.4483,12.4895,9.8263,1,1,0,0,0,0
1080,1,candidate,767,1280,720,1920,1080,11.4534,12.4668,9.82528,1,1,0,0,0,0
1080,1,candidate,768,1280,720,1920,1080,11.2568,12.4411,9.61229,1,1,0,0,0,0
1080,1,candidate,769,1280,720,1920,1080,11.2148,12.1613,9.58464,1,1,0,0,0,0
1080,1,candidate,770,1280,720,1920,1080,11.3224,12.3458,9.68909,1,1,0,0,0,0
1080,1,candidate,771,1280,720,1920,1080,11.2886,12.4233,9.6553,1,1,0,0,0,0
1080,1,candidate,772,1280,720,1920,1080,11.2251,12.6428,9.8519,1,1,0,0,0,0
1080,1,candidate,773,1280,720,1920,1080,11.4309,12.5522,9.78637,1,1,0,0,0,0
1080,1,candidate,774,1280,720,1920,1080,11.2599,12.3912,9.63174,1,1,0,0,0,0
1080,1,candidate,775,1280,720,1920,1080,11.22,12.2583,9.58259,1,1,0,0,0,0
1080,1,candidate,776,1280,720,1920,1080,11.262,12.2869,9.61638,1,1,0,0,0,0
1080,1,candidate,777,1280,720,1920,1080,11.5323,12.7465,9.9072,1,1,0,0,0,0
1080,1,candidate,778,1280,720,1920,1080,11.2015,12.5818,9.8304,1,1,0,0,0,0
1080,1,candidate,779,1280,720,1920,1080,11.2988,12.3799,9.66451,1,1,0,0,0,0
1080,1,candidate,780,1280,720,1920,1080,11.1442,12.5582,9.76998,1,1,0,0,0,0
1080,1,candidate,781,1280,720,1920,1080,11.2773,12.2948,9.63584,1,1,0,0,0,0
1080,1,candidate,782,1280,720,1920,1080,11.2538,12.5066,9.63379,1,1,0,0,0,0
1080,1,candidate,783,1280,720,1920,1080,11.1647,12.422,9.78842,1,1,0,0,0,0
1080,1,candidate,784,1280,720,1920,1080,11.1749,12.3814,9.8007,1,1,0,0,0,0
1080,1,candidate,785,1280,720,1920,1080,11.2906,12.5252,9.9113,1,1,0,0,0,0
1080,1,candidate,786,1280,720,1920,1080,11.4074,12.5058,10.0311,1,1,0,0,0,0
1080,1,candidate,787,1280,720,1920,1080,11.2773,12.2364,9.63686,1,1,0,0,0,0
1080,1,candidate,788,1280,720,1920,1080,11.3142,12.3536,9.66963,1,1,0,0,0,0
1080,1,candidate,789,1280,720,1920,1080,11.2701,12.3671,9.63174,1,1,0,0,0,0
1080,1,candidate,790,1280,720,1920,1080,11.0664,12.4516,9.69216,1,1,0,0,0,0
1080,1,candidate,791,1280,720,1920,1080,11.1821,12.359,9.80275,1,1,0,0,0,0
1080,1,candidate,792,1280,720,1920,1080,11.2804,12.2587,9.9072,1,1,0,0,0,0
1080,1,candidate,793,1280,720,1920,1080,11.2456,12.2529,9.87034,1,1,0,0,0,0
1080,1,candidate,794,1280,720,1920,1080,11.0459,12.2921,9.6727,1,1,0,0,0,0
1080,1,candidate,795,1280,720,1920,1080,11.1124,12.4961,9.73619,1,1,0,0,0,0
1080,1,candidate,796,1280,720,1920,1080,11.2896,12.482,9.91539,1,1,0,0,0,0
1080,1,candidate,797,1280,720,1920,1080,11.3193,12.2472,9.94611,1,1,0,0,0,0
1080,1,candidate,798,1280,720,1920,1080,11.2978,12.3078,9.92358,1,1,0,0,0,0
1080,1,candidate,799,1280,720,1920,1080,10.9763,12.12,9.60307,1,1,0,0,0,0
1080,1,candidate,800,1280,720,1920,1080,11.3736,12.2544,10.0004,1,1,0,0,0,0
1080,1,candidate,801,1280,720,1920,1080,11.5313,12.5603,10.155,1,1,0,0,0,0
1080,1,candidate,802,1280,720,1920,1080,11.0356,12.2368,9.66349,1,1,0,0,0,0
1080,1,candidate,803,1280,720,1920,1080,11.5364,12.507,9.90208,1,1,0,0,0,0
1080,1,candidate,804,1280,720,1920,1080,11.4063,12.3048,10.0332,1,1,0,0,0,0
1080,1,candidate,805,1280,720,1920,1080,11.2343,12.1955,9.86112,1,1,0,0,0,0
1080,1,candidate,806,1280,720,1920,1080,11.2712,12.2581,9.89798,1,1,0,0,0,0
1080,1,candidate,807,1280,720,1920,1080,11.4627,12.4865,9.82938,1,1,0,0,0,0
1080,1,candidate,808,1280,720,1920,1080,11.4412,13.2508,10.0598,1,1,0,0,0,0
1080,1,candidate,809,1280,720,1920,1080,11.4186,12.5014,10.0393,1,1,0,0,0,0
1080,1,candidate,810,1280,720,1920,1080,11.2312,12.2772,9.85702,1,1,0,0,0,0
1080,1,candidate,811,1280,720,1920,1080,11.4115,12.4202,10.0332,1,1,0,0,0,0
1080,1,candidate,812,1280,720,1920,1080,11.2302,12.2821,9.856,1,1,0,0,0,0
1080,1,candidate,813,1280,720,1920,1080,11.2609,12.3562,9.88467,1,1,0,0,0,0
1080,1,candidate,814,1280,720,1920,1080,11.4278,12.5596,10.0567,1,1,0,0,0,0
1080,1,candidate,815,1280,720,1920,1080,11.263,12.2823,9.88774,1,1,0,0,0,0
1080,1,candidate,816,1280,720,1920,1080,11.264,12.1912,9.88774,1,1,0,0,0,0
1080,1,candidate,817,1280,720,1920,1080,11.5036,12.5889,9.85702,1,1,0,0,0,0
1080,1,candidate,818,1280,720,1920,1080,11.4534,12.5033,9.8048,1,1,0,0,0,0
1080,1,candidate,819,1280,720,1920,1080,11.4668,12.5288,9.83347,1,1,0,0,0,0
1080,1,candidate,820,1280,720,1920,1080,11.3172,12.3212,9.94099,1,1,0,0,0,0
1080,1,candidate,821,1280,720,1920,1080,11.2589,12.3254,9.8816,1,1,0,0,0,0
1080,1,candidate,822,1280,720,1920,1080,11.4975,12.583,9.84986,1,1,0,0,0,0
1080,1,candidate,823,1280,720,1920,1080,11.4801,12.5775,9.84166,1,1,0,0,0,0
1080,1,candidate,824,1280,720,1920,1080,11.4227,12.6748,9.79661,1,1,0,0,0,0
1080,1,candidate,825,1280,720,1920,1080,11.2435,12.5575,9.86931,1,1,0,0,0,0
1080,1,candidate,826,1280,720,1920,1080,11.2742,12.3243,9.89491,1,1,0,0,0,0
1080,1,candidate,827,1280,720,1920,1080,11.2835,12.2735,9.90822,1,1,0,0,0,0
1080,1,candidate,828,1280,720,1920,1080,11.4657,12.4658,9.82221,1,1,0,0,0,0
1080,1,candidate,829,1280,720,1920,1080,11.2732,12.4341,9.89491,1,1,0,0,0,0
1080,1,candidate,830,1280,720,1920,1080,11.4401,12.6309,9.81402,1,1,0,0,0,0
1080,1,candidate,831,1280,720,1920,1080,11.266,12.5325,9.88877,1,1,0,0,0,0
1080,1,candidate,832,1280,720,1920,1080,11.1913,12.1743,9.81197,1,1,0,0,0,0
1080,1,candidate,833,1280,720,1920,1080,11.479,12.5281,9.84781,1,1,0,0,0,0
1080,1,candidate,834,1280,720,1920,1080,11.4268,12.4633,9.79968,1,1,0,0,0,0
1080,1,candidate,835,1280,720,1920,1080,11.2343,12.3245,9.85702,1,1,0,0,0,0
1080,1,candidate,836,1280,720,1920,1080,11.4483,12.4156,9.81811,1,1,0,0,0,0
1080,1,candidate,837,1280,720,1920,1080,11.4319,12.4241,9.80582,1,1,0,0,0,0
1080,1,candidate,838,1280,720,1920,1080,11.4524,12.5689,9.8048,1,1,0,0,0,0
1080,1,candidate,839,1280,720,1920,1080,11.4749,12.5062,9.7321,1,1,0,0,0,0
1080,1,candidate,840,1280,720,1920,1080,11.4432,12.575,9.81299,1,1,0,0,0,0
1080,1,candidate,841,1280,720,1920,1080,11.4227,12.3738,9.79456,1,1,0,0,0,0
1080,1,candidate,842,1280,720,1920,1080,11.4166,12.3426,9.79149,1,1,0,0,0,0
1080,1,candidate,843,1280,720,1920,1080,11.2794,12.4212,9.6512,1,1,0,0,0,0
1080,1,candidate,844,1280,720,1920,1080,11.221,12.4104,9.58976,1,1,0,0,0,0
1080,1,candidate,845,1280,720,1920,1080,11.4156,12.3966,9.78637,1,1,0,0,0,0
1080,1,candidate,846,1280,720,1920,1080,11.433,12.4103,9.8089,1,1,0,0,0,0
1080,1,candidate,847,1280,720,1920,1080,11.2937,12.4396,9.67066,1,1,0,0,0,0
1080,1,candidate,848,1280,720,1920,1080,11.2794,12.3143,9.65427,1,1,0,0,0,0
1080,1,candidate,849,1280,720,1920,1080,11.3316,12.3201,9.68294,1,1,0,0,0,0
1080,1,candidate,850,1280,720,1920,1080,11.1647,12.4705,9.78944,1,1,0,0,0,0
1080,1,candidate,851,1280,720,1920,1080,11.2691,12.5849,9.89082,1,1,0,0,0,0
1080,1,candidate,852,1280,720,1920,1080,11.4545,12.9071,10.0772,1,1,0,0,0,0
1080,1,candidate,853,1280,720,1920,1080,11.4688,12.5927,9.81402,1,1,0,0,0,0
1080,1,candidate,854,1280,720,1920,1080,11.4565,12.4763,9.82221,1,1,0,0,0,0
1080,1,candidate,855,1280,720,1920,1080,11.4022,12.4132,9.76486,1,1,0,0,0,0
1080,1,candidate,856,1280,720,1920,1080,11.4545,12.5394,9.81709,1,1,0,0,0,0
1080,1,candidate,857,1280,720,1920,1080,11.4452,12.4709,9.79251,1,1,0,0,0,0
1080,1,candidate,858,1280,720,1920,1080,11.4483,12.418,9.80787,1,1,0,0,0,0
1080,1,candidate,859,1280,720,1920,1080,11.4647,12.576,9.82221,1,1,0,0,0,0
1080,1,candidate,860,1280,720,1920,1080,11.4289,12.4881,9.78842,1,1,0,0,0,0
1080,1,candidate,861,1280,720,1920,1080,11.4729,12.5451,9.82221,1,1,0,0,0,0
1080,1,candidate,862,1280,720,1920,1080,11.306,12.3729,9.92973,1,1,0,0,0,0
1080,1,candidate,863,1280,720,1920,1080,11.2722,12.3385,9.63379,1,1,0,0,0,0
1080,1,candidate,864,1280,720,1920,1080,11.4719,12.4895,9.82938,1,1,0,0,0,0
1080,1,candidate,865,1280,720,1920,1080,11.3695,12.6484,9.73107,1,1,0,0,0,0
1080,1,candidate,866,1280,720,1920,1080,11.3981,12.4948,9.76077,1,1,0,0,0,0
1080,1,candidate,867,1280,720,1920,1080,11.5722,12.6355,9.92973,1,1,0,0,0,0
1080,1,candidate,868,1280,720,1920,1080,11.2783,12.2619,9.90208,1,1,0,0,0,0
1080,1,candidate,869,1280,720,1920,1080,11.4371,12.4222,9.79661,1,1,0,0,0,0
1080,1,candidate,870,1280,720,1920,1080,11.4207,12.4921,9.78227,1,1,0,0,0,0
1080,1,candidate,871,1280,720,1920,1080,11.4565,12.6199,9.81299,1,1,0,0,0,0
1080,1,candidate,872,1280,720,1920,1080,11.4463,12.4955,9.8007,1,1,0,0,0,0
1080,1,candidate,873,1280,720,1920,1080,11.4565,12.5419,9.81504,1,1,0,0,0,0
1080,1,candidate,874,1280,720,1920,1080,11.4125,12.359,9.77408,1,1,0,0,0,0
1080,1,candidate,875,1280,720,1920,1080,11.4534,12.4462,9.81606,1,1,0,0,0,0
1080,1,candidate,876,1280,720,1920,1080,11.4842,12.6708,9.84883,1,1,0,0,0,0
1080,1,candidate,877,1280,720,1920,1080,11.2763,12.3471,9.89798,1,1,0,0,0,0
1080,1,candidate,878,1280,720,1920,1080,11.4565,12.4652,9.81914,1,1,0,0,0,0
1080,1,candidate,879,1280,720,1920,1080,11.4514,12.592,9.81402,1,1,0,0,0,0
1080,1,candidate,880,1280,720,1920,1080,11.4637,12.4939,9.80173,1,1,0,0,0,0
1080,1,candidate,881,1280,720,1920,1080,11.3664,12.4541,9.98707,1,1,0,0,0,0
1080,1,candidate,882,1280,720,1920,1080,11.3992,12.4673,9.76282,1,1,0,0,0,0
1080,1,candidate,883,1280,720,1920,1080,11.4657,12.5282,9.81914,1,1,0,0,0,0
1080,1,candidate,884,1280,720,1920,1080,11.2558,12.3801,9.88058,1,1,0,0,0,0
1080,1,candidate,885,1280,720,1920,1080,11.4586,12.5204,9.81606,1,1,0,0,0,0
1080,1,candidate,886,1280,720,1920,1080,11.3121,12.3915,9.93382,1,1,0,0,0,0
1080,1,candidate,887,1280,720,1920,1080,11.5784,12.6482,9.93792,1,1,0,0,0,0
1080,1,candidate,888,1280,720,1920,1080,11.4903,12.5752,9.84883,1,1,0,0,0,0
1080,1,candidate,889,1280,720,1920,1080,11.264,12.4979,9.88672,1,1,0,0,0,0
1080,1,candidate,890,1280,720,1920,1080,11.2036,12.2875,9.78432,1,1,0,0,0,0
1080,1,candidate,891,1280,720,1920,1080,11.4473,12.3766,9.82528,1,1,0,0,0,0
1080,1,candidate,892,1280,720,1920,1080,11.3009,12.305,9.92461,1,1,0,0,0,0
1080,1,candidate,893,1280,720,1920,1080,10.8554,11.9231,9.48019,1,1,0,0,0,0
1080,1,candidate,894,1280,720,1920,1080,9.82118,10.7833,8.44595,1,1,0,0,0,0
1080,1,candidate,895,1280,720,1920,1080,12.5235,13.6019,11.1165,1,1,0,0,0,0
1080,1,candidate,896,1280,720,1920,1080,9.9072,10.8912,8.53299,1,1,0,0,0,0
1080,1,candidate,897,1280,720,1920,1080,9.40134,10.4097,8.02509,1,1,0,0,0,0
1080,1,candidate,898,1280,720,1920,1080,12.4293,13.4422,9.79763,1,1,0,0,0,0
1080,1,candidate,899,1280,720,1920,1080,11.0254,12.2059,9.64608,1,1,0,0,0,0
1080,1,candidate,900,1280,720,1920,1080,11.5077,12.504,9.86522,1,1,0,0,0,0
1080,1,candidate,901,1280,720,1920,1080,11.4115,12.3812,9.76998,1,1,0,0,0,0
1080,1,candidate,902,1280,720,1920,1080,11.4401,12.3957,9.79251,1,1,0,0,0,0
1080,1,candidate,903,1280,720,1920,1080,10.9076,11.9684,9.53037,1,1,0,0,0,0
1080,1,candidate,904,1280,720,1920,1080,11.392,12.3695,10.0188,1,1,0,0,0,0
1080,1,candidate,905,1280,720,1920,1080,11.4708,12.5004,9.8304,1,1,0,0,0,0
1080,1,candidate,906,1280,720,1920,1080,11.2517,12.564,9.87443,1,1,0,0,0,0
1080,1,candidate,907,1280,720,1920,1080,11.3388,12.6218,9.78842,1,1,0,0,0,0
1080,1,candidate,908,1280,720,1920,1080,11.4053,12.457,10.0311,1,1,0,0,0,0
1080,1,candidate,909,1280,720,1920,1080,11.1811,12.5872,9.8048,1,1,0,0,0,0
1080,1,candidate,910,1280,720,1920,1080,11.4309,12.5052,10.0526,1,1,0,0,0,0
1080,1,candidate,911,1280,720,1920,1080,11.0275,12.1411,9.61843,1,1,0,0,0,0
1080,1,candidate,912,1280,720,1920,1080,11.0152,12.1416,9.63994,1,1,0,0,0,0
1080,1,candidate,913,1280,720,1920,1080,11.308,12.324,9.93075,1,1,0,0,0,0
1080,1,candidate,914,1280,720,1920,1080,11.3326,12.2369,9.95328,1,1,0,0,0,0
1080,1,candidate,915,1280,720,1920,1080,11.0469,12.195,9.66963,1,1,0,0,0,0
1080,1,candidate,916,1280,720,1920,1080,11.5169,12.5569,10.1396,1,1,0,0,0,0
1080,1,candidate,917,1280,720,1920,1080,11.1596,12.3019,9.7792,1,1,0,0,0,0
1080,1,candidate,918,1280,720,1920,1080,11.5354,12.5419,10.1478,1,1,0,0,0,0
1080,1,candidate,919,1280,720,1920,1080,9.91437,10.8993,8.53914,1,1,0,0,0,0
1080,1,candidate,920,1280,720,1920,1080,10.9609,13.4493,9.56621,1,1,0,0,0,0
1080,1,candidate,921,1280,720,1920,1080,11.4555,12.4894,10.0782,1,1,0,0,0,0
1080,1,candidate,922,1280,720,1920,1080,11.2763,12.2514,9.89798,1,1,0,0,0,0
1080,1,candidate,923,1280,720,1920,1080,11.2425,12.2269,9.86214,1,1,0,0,0,0
1080,1,candidate,924,1280,720,1920,1080,11.223,12.1307,9.84678,1,1,0,0,0,0
1080,1,candidate,925,1280,720,1920,1080,11.2927,12.2479,9.89798,1,1,0,0,0,0
1080,1,candidate,926,1280,720,1920,1080,11.4534,12.4609,10.0772,1,1,0,0,0,0
1080,1,candidate,927,1280,720,1920,1080,11.4442,12.4691,10.0659,1,1,0,0,0,0
1080,1,candidate,928,1280,720,1920,1080,11.4924,12.476,10.114,1,1,0,0,0,0
1080,1,candidate,929,1280,720,1920,1080,11.4258,12.4033,9.78022,1,1,0,0,0,0
1080,1,candidate,930,1280,720,1920,1080,11.478,12.6023,10.0997,1,1,0,0,0,0
1080,1,candidate,931,1280,720,1920,1080,12.074,12.9967,10.6824,1,1,0,0,0,0
1080,1,candidate,932,1280,720,1920,1080,11.2579,12.3449,9.87955,1,1,0,0,0,0
1080,1,candidate,933,1280,720,1920,1080,11.8682,12.8499,10.4847,1,1,0,0,0,0
1080,1,candidate,934,1280,720,1920,1080,11.4606,12.4126,10.0844,1,1,0,0,0,0
1080,1,candidate,935,1280,720,1920,1080,11.2302,12.2404,9.85293,1,1,0,0,0,0
1080,1,candidate,936,1280,720,1920,1080,11.5251,12.5408,9.89184,1,1,0,0,0,0
1080,1,candidate,937,1280,720,1920,1080,11.2722,12.2022,9.89184,1,1,0,0,0,0
1080,1,candidate,938,1280,720,1920,1080,11.3613,12.3391,9.73414,1,1,0,0,0,0
1080,1,candidate,939,1280,720,1920,1080,11.2527,12.2035,9.87443,1,1,0,0,0,0
1080,1,candidate,940,1280,720,1920,1080,11.4719,12.4334,10.0936,1,1,0,0,0,0
1080,1,candidate,941,1280,720,1920,1080,11.266,12.2763,9.88774,1,1,0,0,0,0
1080,1,candidate,942,1280,720,1920,1080,11.4964,12.4298,9.83962,1,1,0,0,0,0
1080,1,candidate,943,1280,720,1920,1080,11.0572,12.2796,9.67782,1,1,0,0,0,0
1080,1,candidate,944,1280,720,1920,1080,11.4299,12.3964,9.78637,1,1,0,0,0,0
1080,1,candidate,945,1280,720,1920,1080,11.4248,12.4023,9.77101,1,1,0,0,0,0
1080,1,candidate,946,1280,720,1920,1080,11.435,12.4802,9.78842,1,1,0,0,0,0
1080,1,candidate,947,1280,720,1920,1080,11.4924,12.5498,9.84371,1,1,0,0,0,0
1080,1,candidate,948,1280,720,1920,1080,11.4852,12.477,9.84269,1,1,0,0,0,0
1080,1,candidate,949,1280,720,1920,1080,11.4534,12.4096,9.80685,1,1,0,0,0,0
1080,1,candidate,950,1280,720,1920,1080,11.4258,12.3823,9.78637,1,1,0,0,0,0
1080,1,candidate,951,1280,720,1920,1080,11.4289,12.4424,9.79149,1,1,0,0,0,0
1080,1,candidate,952,1280,720,1920,1080,11.4432,12.5053,9.80378,1,1,0,0,0,0
1080,1,candidate,953,1280,720,1920,1080,11.4883,12.7285,9.85088,1,1,0,0,0,0
1080,1,candidate,954,1280,720,1920,1080,11.306,12.417,9.9287,1,1,0,0,0,0
1080,1,candidate,955,1280,720,1920,1080,11.4934,12.4811,9.84474,1,1,0,0,0,0
1080,1,candidate,956,1280,720,1920,1080,11.2855,12.3725,9.9072,1,1,0,0,0,0
1080,1,candidate,957,1280,720,1920,1080,11.4862,12.6364,9.84678,1,1,0,0,0,0
1080,1,candidate,958,1280,720,1920,1080,11.3193,12.6116,9.94304,1,1,0,0,0,0
1080,1,candidate,959,1280,720,1920,1080,11.2609,12.2794,9.8816,1,1,0,0,0,0
1080,1,candidate,960,1280,720,1920,1080,11.4647,12.4918,9.82938,1,1,0,0,0,0
1080,1,candidate,961,1280,720,1920,1080,11.4883,12.4926,9.84474,1,1,0,0,0,0
1080,1,candidate,962,1280,720,1920,1080,11.4862,12.4528,9.84474,1,1,0,0,0,0
1080,1,candidate,963,1280,720,1920,1080,11.2855,12.3778,9.90618,1,1,0,0,0,0
1080,1,candidate,964,1280,720,1920,1080,11.5374,12.6178,9.82426,1,1,0,0,0,0
1080,1,candidate,965,1280,720,1920,1080,11.3244,12.3351,9.94611,1,1,0,0,0,0
1080,1,candidate,966,1280,720,1920,1080,11.4698,12.4341,9.82426,1,1,0,0,0,0
1080,1,candidate,967,1280,720,1920,1080,11.4555,12.4805,9.81504,1,1,0,0,0,0
1080,1,candidate,968,1280,720,1920,1080,11.4555,12.4353,9.80787,1,1,0,0,0,0
1080,1,candidate,969,1280,720,1920,1080,11.266,12.2711,9.61229,1,1,0,0,0,0
1080,1,candidate,970,1280,720,1920,1080,11.4647,12.5173,9.82221,1,1,0,0,0,0
1080,1,candidate,971,1280,720,1920,1080,11.4831,12.5093,9.81709,1,1,0,0,0,0
1080,1,candidate,972,1280,720,1920,1080,11.4606,12.3986,9.80378,1,1,0,0,0,0
1080,1,candidate,973,1280,720,1920,1080,11.3019,12.3073,9.66042,1,1,0,0,0,0
1080,1,candidate,974,1280,720,1920,1080,11.3797,12.3818,9.71162,1,1,0,0,0,0
1080,1,candidate,975,1280,720,1920,1080,11.4258,12.441,9.77203,1,1,0,0,0,0
1080,1,candidate,976,1280,720,1920,1080,11.3388,12.5209,9.68397,1,1,0,0,0,0
1080,1,candidate,977,1280,720,1920,1080,11.3183,12.4608,9.66861,1,1,0,0,0,0
1080,1,candidate,978,1280,720,1920,1080,11.308,12.4185,9.65837,1,1,0,0,0,0
1080,1,candidate,979,1280,720,1920,1080,11.3541,12.3242,9.68602,1,1,0,0,0,0
1080,1,candidate,980,1280,720,1920,1080,11.2558,12.1946,9.61741,1,1,0,0,0,0
1080,1,candidate,981,1280,720,1920,1080,11.1882,12.5369,9.81094,1,1,0,0,0,0
1080,1,candidate,982,1280,720,1920,1080,11.2118,12.3624,9.83245,1,1,0,0,0,0
1080,1,candidate,983,1280,720,1920,1080,11.2947,12.3876,9.91642,1,1,0,0,0,0
1080,1,candidate,984,1280,720,1920,1080,11.2456,12.5865,9.86829,1,1,0,0,0,0
1080,1,candidate,985,1280,720,1920,1080,11.2026,12.6239,9.82221,1,1,0,0,0,0
1080,1,candidate,986,1280,720,1920,1080,11.305,12.9173,9.92666,1,1,0,0,0,0
1080,1,candidate,987,1280,720,1920,1080,9.76794,10.8561,8.3927,1,1,0,0,0,0
1080,1,candidate,988,1280,720,1920,1080,12.8584,13.957,10.2257,1,1,0,0,0,0
1080,1,candidate,989,1280,720,1920,1080,11.4575,12.4402,10.0762,1,1,0,0,0,0
1080,1,candidate,990,1280,720,1920,1080,11.7463,12.687,10.0905,1,1,0,0,0,0
1080,1,candidate,991,1280,720,1920,1080,11.0725,12.1563,9.69626,1,1,0,0,0,0
1080,1,candidate,992,1280,720,1920,1080,9.72595,10.7494,8.3497,1,1,0,0,0,0
1080,1,candidate,993,1280,720,1920,1080,11.5917,12.4282,10.2134,1,1,0,0,0,0
1080,1,candidate,994,1280,720,1920,1080,13.0703,14.2643,11.4053,1,1,0,0,0,0
1080,1,candidate,995,1280,720,1920,1080,11.2916,12.4529,9.65018,1,1,0,0,0,0
1080,1,candidate,996,1280,720,1920,1080,11.2998,12.3188,9.65939,1,1,0,0,0,0
1080,1,candidate,997,1280,720,1920,1080,11.18,12.6237,9.8007,1,1,0,0,0,0
1080,1,candidate,998,1280,720,1920,1080,11.5692,12.7104,9.91949,1,1,0,0,0,0
1080,1,candidate,999,1280,720,1920,1080,11.435,12.5139,9.79046,1,1,0,0,0,0
1080,1,candidate,1000,1280,720,1920,1080,11.3029,12.2381,9.66349,1,1,0,0,0,0
1080,1,candidate,1001,1280,720,1920,1080,11.1636,12.4584,9.78534,1,1,0,0,0,0
1080,1,candidate,1002,1280,720,1920,1080,9.9543,10.9157,8.57702,1,1,0,0,0,0
1080,1,candidate,1003,1280,720,1920,1080,9.40442,10.3609,8.02918,1,1,0,0,0,0
1080,1,candidate,1004,1280,720,1920,1080,12.4631,13.4875,9.82118,1,1,0,0,0,0
1080,1,candidate,1005,1280,720,1920,1080,11.1145,12.212,9.73722,1,1,0,0,0,0
1080,1,candidate,1006,1280,720,1920,1080,11.4258,12.4492,10.0444,1,1,0,0,0,0
1080,1,candidate,1007,1280,720,1920,1080,11.2957,12.2664,9.91642,1,1,0,0,0,0
1080,1,candidate,1008,1280,720,1920,1080,11.3152,12.3001,9.9369,1,1,0,0,0,0
1080,1,candidate,1009,1280,720,1920,1080,11.2804,12.4525,9.90106,1,1,0,0,0,0
1080,1,candidate,1010,1280,720,1920,1080,11.4534,12.5259,9.8816,1,1,0,0,0,0
1080,1,candidate,1011,1280,720,1920,1080,11.3541,12.4488,9.97683,1,1,0,0,0,0
1080,1,candidate,1012,1280,720,1920,1080,11.2998,12.3048,9.91949,1,1,0,0,0,0
1080,1,candidate,1013,1280,720,1920,1080,11.4862,12.5263,9.83654,1,1,0,0,0,0
1080,1,candidate,1014,1280,720,1920,1080,11.3019,12.417,9.91949,1,1,0,0,0,0
1080,1,candidate,1015,1280,720,1920,1080,11.4739,12.7227,9.8345,1,1,0,0,0,0
1080,1,candidate,1016,1280,720,1920,1080,11.4145,12.4656,10.0342,1,1,0,0,0,0
1080,1,candidate,1017,1280,720,1920,1080,11.4913,12.5043,9.83245,1,1,0,0,0,0
1080,1,candidate,1018,1280,720,1920,1080,11.2876,12.3681,9.9072,1,1,0,0,0,0
1080,1,candidate,1019,1280,720,1920,1080,11.349,12.4748,9.96147,1,1,0,0,0,0
1080,1,candidate,1020,1280,720,1920,1080,11.2906,12.3102,9.9113,1,1,0,0,0,0
1080,1,candidate,1021,1280,720,1920,1080,11.4156,12.5238,9.77408,1,1,0,0,0,0
1080,1,candidate,1022,1280,720,1920,1080,9.73005,10.7963,8.35072,1,1,0,0,0,0
1080,1,candidate,1023,1280,720,1920,1080,9.45152,10.4989,8.07424,1,1,0,0,0,0
1080,1,candidate,1024,1280,720,1920,1080,12.3658,13.57,10.9875,1,1,0,0,0,0
1080,1,candidate,1025,1280,720,1920,1080,11.4729,12.5108,10.0905,1,1,0,0,0,0
1080,1,candidate,1026,1280,720,1920,1080,11.2968,12.2536,9.68294,1,1,0,0,0,0
1080,1,candidate,1027,1280,720,1920,1080,10.9967,12.076,9.61638,1,1,0,0,0,0
1080,1,candidate,1028,1280,720,1920,1080,11.5415,12.7304,9.79968,1,1,0,0,0,0
1080,1,candidate,1029,1280,720,1920,1080,11.2722,12.4514,9.89184,1,1,0,0,0,0
1080,1,candidate,1030,1280,720,1920,1080,11.2763,12.2732,9.89491,1,1,0,0,0,0
1080,1,candidate,1031,1280,720,1920,1080,11.4248,12.4311,10.0444,1,1,0,0,0,0
1080,1,candidate,1032,1280,720,1920,1080,11.4278,12.5346,10.0485,1,1,0,0,0,0
1080,1,candidate,1033,1280,720,1920,1080,11.4309,12.5939,10.0506,1,1,0,0,0,0
1080,1,candidate,1034,1280,720,1920,1080,11.5005,12.8002,10.1202,1,1,0,0,0,0
1080,1,candidate,1035,1280,720,1920,1080,11.3111,12.4249,9.93075,1,1,0,0,0,0
1080,1,candidate,1036,1280,720,1920,1080,11.0838,12.3542,9.70445,1,1,0,0,0,0
1080,1,candidate,1037,1280,720,1920,1080,11.4115,12.2742,10.0311,1,1,0,0,0,0
1080,1,candidate,1038,1280,720,1920,1080,11.2916,12.2005,9.90822,1,1,0,0,0,0
1080,1,candidate,1039,1280,720,1920,1080,11.435,12.4432,10.0536,1,1,0,0,0,0
1080,1,candidate,1040,1280,720,1920,1080,11.433,12.4252,10.0506,1,1,0,0,0,0
1080,1,candidate,1041,1280,720,1920,1080,11.4422,12.4743,10.0598,1,1,0,0,0,0
1080,1,candidate,1042,1280,720,1920,1080,11.3101,12.364,9.92768,1,1,0,0,0,0
1080,1,candidate,1043,1280,720,1920,1080,11.2712,12.557,9.89184,1,1,0,0,0,0
1080,1,candidate,1044,1280,720,1920,1080,11.2507,12.435,9.87034,1,1,0,0,0,0
1080,1,candidate,1045,1280,720,1920,1080,11.2804,12.2555,9.90106,1,1,0,0,0,0
1080,1,candidate,1046,1280,720,1920,1080,11.5333,12.7315,10.1519,1,1,0,0,0,0
1080,1,candidate,1047,1280,720,1920,1080,11.2865,12.3624,9.9072,1,1,0,0,0,0
1080,1,candidate,1048,1280,720,1920,1080,11.2722,12.2872,9.88979,1,1,0,0,0,0
1080,1,candidate,1049,1280,720,1920,1080,11.3388,12.3652,9.8007,1,1,0,0,0,0
1080,1,candidate,1050,1280,720,1920,1080,11.4135,12.5159,10.0332,1,1,0,0,0,0
1080,1,candidate,1051,1280,720,1920,1080,11.4586,12.4185,9.81197,1,1,0,0,0,0
1080,1,candidate,1052,1280,720,1920,1080,11.2701,12.3354,9.89286,1,1,0,0,0,0
1080,1,candidate,1053,1280,720,1920,1080,11.4913,12.5895,9.83654,1,1,0,0,0,0
1080,1,candidate,1054,1280,720,1920,1080,11.4719,12.5091,9.82835,1,1,0,0,0,0
1080,1,candidate,1055,1280,720,1920,1080,11.4657,12.5764,9.8089,1,1,0,0,0,0
1080,1,candidate,1056,1280,720,1920,1080,9.73005,10.8172,8.34867,1,1,0,0,0,0
1080,1,candidate,1057,1280,720,1920,1080,9.37267,10.3733,7.99437,1,1,0,0,0,0
1080,1,candidate,1058,1280,720,1920,1080,11.8538,13.8377,10.4673,1,1,0,0,0,0
1080,1,candidate,1059,1280,720,1920,1080,11.4668,12.6238,10.0833,1,1,0,0,0,0
1080,1,candidate,1060,1280,720,1920,1080,11.1206,12.292,9.74029,1,1,0,0,0,0
1080,1,candidate,1061,1280,720,1920,1080,11.348,12.3602,9.96864,1,1,0,0,0,0
1080,1,candidate,1062,1280,720,1920,1080,11.6265,12.627,10.0076,1,1,0,0,0,0
1080,1,candidate,1063,1280,720,1920,1080,11.3695,12.4257,9.73414,1,1,0,0,0,0
1080,1,candidate,1064,1280,720,1920,1080,11.1268,12.2908,9.74438,1,1,0,0,0,0
1080,1,candidate,1065,1280,720,1920,1080,11.2364,12.2572,9.85293,1,1,0,0,0,0
1080,1,candidate,1066,1280,720,1920,1080,11.349,12.3633,9.71981,1,1,0,0,0,0
1080,1,candidate,1067,1280,720,1920,1080,11.2906,12.403,9.91027,1,1,0,0,0,0
1080,1,candidate,1068,1280,720,1920,1080,11.2251,12.223,9.84576,1,1,0,0,0,0
1080,1,candidate,1069,1280,720,1920,1080,11.2671,12.3361,9.88774,1,1,0,0,0,0
1080,1,candidate,1070,1280,720,1920,1080,11.4637,12.4826,10.0833,1,1,0,0,0,0
1080,1,candidate,1071,1280,720,1920,1080,11.2814,12.4193,9.9031,1,1,0,0,0,0
1080,1,candidate,1072,1280,720,1920,1080,11.4719,12.5159,10.0895,1,1,0,0,0,0
1080,1,candidate,1073,1280,720,1920,1080,11.2732,12.4273,9.89286,1,1,0,0,0,0
1080,1,candidate,1074,1280,720,1920,1080,11.3316,12.355,9.95021,1,1,0,0,0,0
1080,1,candidate,1075,1280,720,1920,1080,11.4719,12.4804,10.0895,1,1,0,0,0,0
1080,1,candidate,1076,1280,720,1920,1080,11.4115,12.4302,10.0301,1,1,0,0,0,0
1080,1,candidate,1077,1280,720,1920,1080,9.89798,10.8489,8.5207,1,1,0,0,0,0
1080,1,candidate,1078,1280,720,1920,1080,12.929,13.949,11.5118,1,1,0,0,0,0
1080,1,candidate,1079,1280,720,1920,1080,11.4534,12.5692,8.91904,1,1,0,0,0,0
1080,1,candidate,1080,1280,720,1920,1080,11.3838,12.4348,10.0024,1,1,0,0,0,0
1080,1,candidate,1081,1280,720,1920,1080,11.3377,12.3338,9.95942,1,1,0,0,0,0
1080,1,candidate,1082,1280,720,1920,1080,11.2773,12.3403,9.72186,1,1,0,0,0,0
1080,1,candidate,1083,1280,720,1920,1080,11.2445,12.4001,9.82323,1,1,0,0,0,0
1080,1,candidate,1084,1280,720,1920,1080,11.5313,12.5472,9.90106,1,1,0,0,0,0
1080,1,candidate,1085,1280,720,1920,1080,11.0797,12.2806,8.41421,1,1,0,0,0,0
1080,1,candidate,1086,1280,720,1920,1080,11.3705,12.3583,9.78944,1,1,0,0,0,0
1080,1,candidate,1087,1280,720,1920,1080,10.9998,12.1229,9.62048,1,1,0,0,0,0
1080,1,candidate,1088,1280,720,1920,1080,11.69,12.7557,8.54733,1,1,0,0,0,0
1080,1,candidate,1089,1280,720,1920,1080,11.2845,12.545,9.90413,1,1,0,0,0,0
1080,1,candidate,1090,1280,720,1920,1080,11.7074,12.6607,9.95635,1,1,0,0,0,0
1080,1,candidate,1091,1280,720,1920,1080,11.4452,12.4274,9.74438,1,1,0,0,0,0
1080,1,candidate,1092,1280,720,1920,1080,11.4627,12.5445,9.80378,1,1,0,0,0,0
1080,1,candidate,1093,1280,720,1920,1080,11.4555,12.3985,9.80787,1,1,0,0,0,0
1080,1,candidate,1094,1280,720,1920,1080,11.4749,12.472,9.78432,1,1,0,0,0,0
1080,1,candidate,1095,1280,720,1920,1080,11.177,12.3563,9.79661,1,1,0,0,0,0
1080,1,candidate,1096,1280,720,1920,1080,11.2394,12.2994,8.56474,1,1,0,0,0,0
1080,1,candidate,1097,1280,720,1920,1080,11.2271,12.2535,9.84781,1,1,0,0,0,0
1080,1,candidate,1098,1280,720,1920,1080,11.3562,12.3213,9.97376,1,1,0,0,0,0
1080,1,candidate,1099,1280,720,1920,1080,11.2374,12.3203,9.85805,1,1,0,0,0,0
1080,1,candidate,1100,1280,720,1920,1080,11.4432,12.3529,10.0628,1,1,0,0,0,0
1080,1,candidate,1101,1280,720,1920,1080,11.7453,12.7686,10.0506,1,1,0,0,0,0
1080,1,candidate,1102,1280,720,1920,1080,11.3285,12.9954,9.94714,1,1,0,0,0,0
1080,1,candidate,1103,1280,720,1920,1080,11.5098,12.5935,9.82426,1,1,0,0,0,0
1080,1,candidate,1104,1280,720,1920,1080,11.5866,12.5982,9.88774,1,1,0,0,0,0
1080,1,candidate,1105,1280,720,1920,1080,11.5507,12.6302,9.8601,1,1,0,0,0,0
1080,1,candidate,1106,1280,720,1920,1080,11.3777,12.4015,9.99219,1,1,0,0,0,0
1080,1,candidate,1107,1280,720,1920,1080,11.351,12.4335,9.96966,1,1,0,0,0,0
1080,1,candidate,1108,1280,720,1920,1080,11.562,12.5777,9.9031,1,1,0,0,0,0
1080,1,candidate,1109,1280,720,1920,1080,11.5098,12.4751,9.8263,1,1,0,0,0,0
1080,1,candidate,1110,1280,720,1920,1080,11.5077,12.6194,9.84269,1,1,0,0,0,0
1080,1,candidate,1111,1280,720,1920,1080,11.4698,12.7564,10.0096,1,1,0,0,0,0
1080,1,candidate,1112,1280,720,1920,1080,11.4842,12.5001,10.0649,1,1,0,0,0,0
1080,1,candidate,1113,1280,720,1920,1080,11.349,12.3845,9.96659,1,1,0,0,0,0
1080,1,candidate,1114,1280,720,1920,1080,11.3275,12.3619,9.94304,1,1,0,0,0,0
1080,1,candidate,1115,1280,720,1920,1080,11.5681,12.6107,9.90925,1,1,0,0,0,0
1080,1,candidate,1116,1280,720,1920,1080,11.5005,12.4621,10.1171,1,1,0,0,0,0
1080,1,candidate,1117,1280,720,1920,1080,11.3091,12.3351,9.92666,1,1,0,0,0,0
1080,1,candidate,1118,1280,720,1920,1080,11.3357,12.3103,9.95328,1,1,0,0,0,0
1080,1,candidate,1119,1280,720,1920,1080,11.5732,12.7577,9.91539,1,1,0,0,0,0
1080,1,candidate,1120,1280,720,1920,1080,11.4442,12.4655,10.0598,1,1,0,0,0,0
1080,1,candidate,1121,1280,720,1920,1080,11.3623,12.3521,9.97683,1,1,0,0,0,0
1080,1,candidate,1122,1280,720,1920,1080,11.3879,12.5941,10.0045,1,1,0,0,0,0
1080,1,candidate,1123,1280,720,1920,1080,11.2886,12.3166,9.9072,1,1,0,0,0,0
1080,1,candidate,1124,1280,720,1920,1080,11.3428,12.4057,9.96045,1,1,0,0,0,0
1080,1,candidate,1125,1280,720,1920,1080,11.3275,12.4505,9.94611,1,1,0,0,0,0
1080,1,candidate,1126,1280,720,1920,1080,11.3459,12.4599,9.96045,1,1,0,0,0,0
1080,1,candidate,1127,1280,720,1920,1080,11.2681,12.3202,9.88979,1,1,0,0,0,0
1080,1,candidate,1128,1280,720,1920,1080,11.3306,12.3239,9.94611,1,1,0,0,0,0
1080,1,candidate,1129,1280,720,1920,1080,11.5118,12.7166,9.87034,1,1,0,0,0,0
1080,1,candidate,1130,1280,720,1920,1080,11.7524,12.7915,10.026,1,1,0,0,0,0
1080,1,candidate,1131,1280,720,1920,1080,11.2814,12.212,9.90003,1,1,0,0,0,0
1080,1,candidate,1132,1280,720,1920,1080,11.8661,12.8178,10.2932,1,1,0,0,0,0
1080,1,candidate,1133,1280,720,1920,1080,11.4647,12.4651,10.0813,1,1,0,0,0,0
1080,1,candidate,1134,1280,720,1920,1080,11.5016,12.5462,10.1181,1,1,0,0,0,0
1080,1,candidate,1135,1280,720,1920,1080,11.4862,12.4995,10.1059,1,1,0,0,0,0
1080,1,candidate,1136,1280,720,1920,1080,11.2753,12.3031,9.88979,1,1,0,0,0,0
1080,1,candidate,1137,1280,720,1920,1080,11.2456,12.3051,9.86112,1,1,0,0,0,0
1080,1,candidate,1138,1280,720,1920,1080,11.433,12.6142,10.0485,1,1,0,0,0,0
1080,1,candidate,1139,1280,720,1920,1080,11.3091,12.2743,9.92666,1,1,0,0,0,0
1080,1,candidate,1140,1280,720,1920,1080,11.4586,12.4213,9.81914,1,1,0,0,0,0
1080,1,candidate,1141,1280,720,1920,1080,11.0356,12.1493,9.6256,1,1,0,0,0,0
1080,1,candidate,1142,1280,720,1920,1080,11.4627,12.4398,9.89901,1,1,0,0,0,0
1080,1,candidate,1143,1280,720,1920,1080,11.2794,12.3111,9.89491,1,1,0,0,0,0
1080,1,candidate,1144,1280,720,1920,1080,10.9875,11.9961,9.60307,1,1,0,0,0,0
1080,1,candidate,1145,1280,720,1920,1080,11.3224,12.2716,9.93997,1,1,0,0,0,0
1080,1,candidate,1146,1280,720,1920,1080,11.2251,12.2483,9.66861,1,1,0,0,0,0
1080,1,candidate,1147,1280,720,1920,1080,11.5057,12.7591,10.1263,1,1,0,0,0,0
1080,1,candidate,1148,1280,720,1920,1080,11.3234,12.3909,9.67885,1,1,0,0,0,0
1080,1,candidate,1149,1280,720,1920,1080,11.3244,12.3896,9.69011,1,1,0,0,0,0
1080,1,candidate,1150,1280,720,1920,1080,11.2323,12.5362,9.84986,1,1,0,0,0,0
1080,1,candidate,1151,1280,720,1920,1080,11.22,12.3977,9.84064,1,1,0,0,0,0
1080,1,candidate,1152,1280,720,1920,1080,11.5395,12.4655,9.8345,1,1,0,0,0,0
1080,1,candidate,1153,1280,720,1920,1080,11.2435,12.6079,9.86214,1,1,0,0,0,0
1080,1,candidate,1154,1280,720,1920,1080,11.5016,12.7912,9.85088,1,1,0,0,0,0
1080,1,candidate,1155,1280,720,1920,1080,11.2671,12.6332,9.88672,1,1,0,0,0,0
1080,1,candidate,1156,1280,720,1920,1080,11.3142,12.5566,9.65939,1,1,0,0,0,0
1080,1,candidate,1157,1280,720,1920,1080,11.3388,12.458,9.69421,1,1,0,0,0,0
1080,1,candidate,1158,1280,720,1920,1080,11.3265,12.4031,9.67987,1,1,0,0,0,0
1080,1,candidate,1159,1280,720,1920,1080,11.2671,12.2699,9.62765,1,1,0,0,0,0
1080,1,candidate,1160,1280,720,1920,1080,11.3193,12.4502,9.67578,1,1,0,0,0,0
1080,1,candidate,1161,1280,720,1920,1080,11.2742,12.5431,9.89082,1,1,0,0,0,0
1080,1,candidate,1162,1280,720,1920,1080,11.3132,12.5185,9.65939,1,1,0,0,0,0
1080,1,candidate,1163,1280,720,1920,1080,11.2763,12.3306,9.63174,1,1,0,0,0,0
1080,1,candidate,1164,1280,720,1920,1080,11.1555,12.5738,9.7751,1,1,0,0,0,0
1080,1,candidate,1165,1280,720,1920,1080,11.3224,12.2918,9.66042,1,1,0,0,0,0
1080,1,candidate,1166,1280,720,1920,1080,11.3459,12.414,9.96659,1,1,0,0,0,0
1080,1,candidate,1167,1280,720,1920,1080,9.7577,10.7859,8.38042,1,1,0,0,0,0
1080,1,candidate,1168,1280,720,1920,1080,12.843,13.8363,11.4227,1,1,0,0,0,0
1080,1,candidate,1169,1280,720,1920,1080,11.5292,12.5811,9.86214,1,1,0,0,0,0
1080,1,candidate,1170,1280,720,1920,1080,11.2435,12.5143,9.86112,1,1,0,0,0,0
1080,1,candidate,1171,1280,720,1920,1080,11.2957,12.301,9.64915,1,1,0,0,0,0
1080,1,candidate,1172,1280,720,1920,1080,11.3869,12.3485,9.75155,1,1,0,0,0,0
1080,1,candidate,1173,1280,720,1920,1080,11.2087,12.4626,9.83142,1,1,0,0,0,0
1080,1,candidate,1174,1280,720,1920,1080,11.052,12.4753,9.67373,1,1,0,0,0,0
1080,1,candidate,1175,1280,720,1920,1080,11.1831,12.5215,9.80275,1,1,0,0,0,0
1080,1,candidate,1176,1280,720,1920,1080,11.2138,12.4079,9.83245,1,1,0,0,0,0
1080,1,candidate,1177,1280,720,1920,1080,11.3162,12.3085,9.93382,1,1,0,0,0,0
1080,1,candidate,1178,1280,720,1920,1080,10.8657,12.042,9.48531,1,1,0,0,0,0
1080,1,candidate,1179,1280,720,1920,1080,11.4463,12.3388,10.0639,1,1,0,0,0,0
1080,1,candidate,1180,1280,720,1920,1080,11.2998,12.2781,9.92051,1,1,0,0,0,0
1080,1,candidate,1181,1280,720,1920,1080,11.1309,12.3191,9.7495,1,1,0,0,0,0
1080,1,candidate,1182,1280,720,1920,1080,11.3603,12.3425,9.98093,1,1,0,0,0,0
1080,1,candidate,1183,1280,720,1920,1080,11.0152,12.1428,9.63174,1,1,0,0,0,0
1080,1,candidate,1184,1280,720,1920,1080,11.3326,12.4076,9.71059,1,1,0,0,0,0
1080,1,candidate,1185,1280,720,1920,1080,11.3295,12.322,9.69933,1,1,0,0,0,0
1080,1,candidate,1186,1280,720,1920,1080,11.2374,12.191,9.85805,1,1,0,0,0,0
1080,1,candidate,1187,1280,720,1920,1080,11.2906,12.3098,9.9113,1,1,0,0,0,0
1080,1,candidate,1188,1280,720,1920,1080,11.2957,12.4818,9.91232,1,1,0,0,0,0
1080,1,candidate,1189,1280,720,1920,1080,11.4657,12.5336,10.0803,1,1,0,0,0,0
1080,1,candidate,1190,1280,720,1920,1080,11.2957,12.2885,9.91232,1,1,0,0,0,0
1080,1,candidate,1191,1280,720,1920,1080,11.2701,12.2564,9.88979,1,1,0,0,0,0
1080,1,candidate,1192,1280,720,1920,1080,11.433,12.5127,9.80275,1,1,0,0,0,0
1080,1,candidate,1193,1280,720,1920,1080,11.5046,12.5697,10.1263,1,1,0,0,0,0
1080,1,candidate,1194,1280,720,1920,1080,11.3183,12.6853,9.93485,1,1,0,0,0,0
1080,1,candidate,1195,1280,720,1920,1080,11.3541,12.3932,9.97478,1,1,0,0,0,0
1080,1,candidate,1196,1280,720,1920,1080,11.2978,12.2751,9.91642,1,1,0,0,0,0
1080,1,candidate,1197,1280,720,1920,1080,11.3418,12.2871,9.96147,1,1,0,0,0,0
1080,1,candidate,1198,1280,720,1920,1080,11.4964,12.4973,9.83654,1,1,0,0,0,0
1080,1,candidate,1199,1280,720,1920,1080,11.3213,12.9951,9.94611,1,1,0,0,0,0
1080,2,candidate,300,1280,720,1920,1080,11.2087,12.2245,9.81504,1,1,0,0,0,0
1080,2,candidate,301,1280,720,1920,1080,11.3715,12.3539,9.99629,1,1,0,0,0,0
1080,2,candidate,302,1280,720,1920,1080,11.8426,12.8988,10.196,1,1,0,0,0,0
1080,2,candidate,303,1280,720,1920,1080,11.4606,12.4445,10.0844,1,1,0,0,0,0
1080,2,candidate,304,1280,720,1920,1080,11.4975,12.466,10.1161,1,1,0,0,0,0
1080,2,candidate,305,1280,720,1920,1080,11.4452,12.4022,10.07,1,1,0,0,0,0
1080,2,candidate,306,1280,720,1920,1080,11.4862,12.6262,9.85907,1,1,0,0,0,0
1080,2,candidate,307,1280,720,1920,1080,11.2527,12.2821,9.87853,1,1,0,0,0,0
1080,2,candidate,308,1280,720,1920,1080,11.3121,12.3133,9.9328,1,1,0,0,0,0
1080,2,candidate,309,1280,720,1920,1080,11.2445,12.2693,9.85805,1,1,0,0,0,0
1080,2,candidate,310,1280,720,1920,1080,11.4524,12.3946,9.82528,1,1,0,0,0,0
1080,2,candidate,311,1280,720,1920,1080,11.2927,12.5897,9.91846,1,1,0,0,0,0
1080,2,candidate,312,1280,720,1920,1080,11.2978,12.3568,9.91846,1,1,0,0,0,0
1080,2,candidate,313,1280,720,1920,1080,11.4964,12.5336,9.85088,1,1,0,0,0,0
1080,2,candidate,314,1280,720,1920,1080,11.2968,12.2451,9.91642,1,1,0,0,0,0
1080,2,candidate,315,1280,720,1920,1080,11.4381,12.4065,9.81299,1,1,0,0,0,0
1080,2,candidate,316,1280,720,1920,1080,11.4381,12.3845,9.81914,1,1,0,0,0,0
1080,2,candidate,317,1280,720,1920,1080,11.3039,12.4231,9.66451,1,1,0,0,0,0
1080,2,candidate,318,1280,720,1920,1080,11.4412,12.5003,9.80275,1,1,0,0,0,0
1080,2,candidate,319,1280,720,1920,1080,11.2988,12.3665,9.66451,1,1,0,0,0,0
1080,2,candidate,320,1280,720,1920,1080,11.3234,12.3207,9.67782,1,1,0,0,0,0
1080,2,candidate,321,1280,720,1920,1080,11.5364,12.4871,9.8857,1,1,0,0,0,0
1080,2,candidate,322,1280,720,1920,1080,11.3766,12.4539,9.72698,1,1,0,0,0,0
1080,2,candidate,323,1280,720,1920,1080,11.3684,12.4169,9.7321,1,1,0,0,0,0
1080,2,candidate,324,1280,720,1920,1080,10.9834,12.0714,9.60512,1,1,0,0,0,0
1080,2,candidate,325,1280,720,1920,1080,11.4442,12.4942,10.069,1,1,0,0,0,0
1080,2,candidate,326,1280,720,1920,1080,11.2937,12.2282,9.64301,1,1,0,0,0,0
1080,2,candidate,327,1280,720,1920,1080,11.3183,12.5334,9.94406,1,1,0,0,0,0
1080,2,candidate,328,1280,720,1920,1080,10.0936,11.0574,8.71629,1,1,0,0,0,0
1080,2,candidate,329,1280,720,1920,1080,12.5993,13.6696,11.1872,1,1,0,0,0,0
1080,2,candidate,330,1280,720,1920,1080,11.0879,12.1013,9.70752,1,1,0,0,0,0
1080,2,candidate,331,1280,720,1920,1080,10.9793,12.1729,9.60307,1,1,0,0,0,0
1080,2,candidate,332,1280,720,1920,1080,11.1503,12.3892,9.77203,1,1,0,0,0,0
1080,2,candidate,333,1280,720,1920,1080,11.2425,12.3389,9.86829,1,1,0,0,0,0
1080,2,candidate,334,1280,720,1920,1080,11.2374,12.2185,9.85907,1,1,0,0,0,0
1080,2,candidate,335,1280,720,1920,1080,12.1016,13.2331,10.7284,1,1,0,0,0,0
1080,2,candidate,336,1280,720,1920,1080,11.134,12.2983,9.7536,1,1,0,0,0,0
1080,2,candidate,337,1280,720,1920,1080,11.3388,12.3633,9.96147,1,1,0,0,0,0
1080,2,candidate,338,1280,720,1920,1080,11.0572,12.1369,9.67782,1,1,0,0,0,0
1080,2,candidate,339,1280,720,1920,1080,11.4504,12.3376,10.0751,1,1,0,0,0,0
1080,2,candidate,340,1280,720,1920,1080,11.2691,12.2603,9.89082,1,1,0,0,0,0
1080,2,candidate,341,1280,720,1920,1080,11.0049,12.1122,9.61024,1,1,0,0,0,0
1080,2,candidate,342,1280,720,1920,1080,11.0131,11.9828,9.63379,1,1,0,0,0,0
1080,2,candidate,343,1280,720,1920,1080,11.4033,12.3514,10.027,1,1,0,0,0,0
1080,2,candidate,344,1280,720,1920,1080,11.2824,12.318,9.90413,1,1,0,0,0,0
1080,2,candidate,345,1280,720,1920,1080,11.263,12.1987,9.88365,1,1,0,0,0,0
1080,2,candidate,346,1280,720,1920,1080,11.436,12.384,9.79866,1,1,0,0,0,0
1080,2,candidate,347,1280,720,1920,1080,11.479,12.4877,9.8519,1,1,0,0,0,0
1080,2,candidate,348,1280,720,1920,1080,11.4473,12.3791,9.81914,1,1,0,0,0,0
1080,2,candidate,349,1280,720,1920,1080,11.5016,12.5955,9.8775,1,1,0,0,0,0
1080,2,candidate,350,1280,720,1920,1080,11.5302,12.4967,9.90106,1,1,0,0,0,0
1080,2,candidate,351,1280,720,1920,1080,11.5087,12.7804,9.8857,1,1,0,0,0,0
1080,2,candidate,352,1280,720,1920,1080,11.2517,12.2625,9.87546,1,1,0,0,0,0
1080,2,candidate,353,1280,720,1920,1080,11.3213,12.3628,9.94509,1,1,0,0,0,0
1080,2,candidate,354,1280,720,1920,1080,11.5067,12.4548,9.8775,1,1,0,0,0,0
1080,2,candidate,355,1280,720,1920,1080,11.4975,12.4667,9.86317,1,1,0,0,0,0
1080,2,candidate,356,1280,720,1920,1080,11.4442,12.4514,9.82016,1,1,0,0,0,0
1080,2,candidate,357,1280,720,1920,1080,11.393,12.6333,9.83757,1,1,0,0,0,0
1080,2,candidate,358,1280,720,1920,1080,11.2957,12.3578,9.91539,1,1,0,0,0,0
1080,2,candidate,359,1280,720,1920,1080,11.478,12.4243,9.84064,1,1,0,0,0,0
1080,2,candidate,360,1280,720,1920,1080,11.4729,12.5589,9.82118,1,1,0,0,0,0
1080,2,candidate,361,1280,720,1920,1080,11.4647,12.387,9.82733,1,1,0,0,0,0
1080,2,candidate,362,1280,720,1920,1080,11.351,12.3792,9.70752,1,1,0,0,0,0
1080,2,candidate,363,1280,720,1920,1080,11.435,12.3607,9.79968,1,1,0,0,0,0
1080,2,candidate,364,1280,720,1920,1080,11.2824,12.3831,9.64301,1,1,0,0,0,0
1080,2,candidate,365,1280,720,1920,1080,11.2415,12.4687,9.86419,1,1,0,0,0,0
1080,2,candidate,366,1280,720,1920,1080,11.1944,12.2606,9.63277,1,1,0,0,0,0
1080,2,candidate,367,1280,720,1920,1080,11.2435,12.2506,9.86829,1,1,0,0,0,0
1080,2,candidate,368,1280,720,1920,1080,11.8764,12.8052,10.4847,1,1,0,0,0,0
1080,2,candidate,369,1280,720,1920,1080,11.263,12.2605,9.88365,1,1,0,0,0,0
1080,2,candidate,370,1280,720,1920,1080,11.308,12.288,9.6512,1,1,0,0,0,0
1080,2,candidate,371,1280,720,1920,1080,11.3203,12.365,9.68192,1,1,0,0,0,0
1080,2,candidate,372,1280,720,1920,1080,11.223,12.4709,9.84371,1,1,0,0,0,0
1080,2,candidate,373,1280,720,1920,1080,11.3336,12.7755,9.95942,1,1,0,0,0,0
1080,2,candidate,374,1280,720,1920,1080,11.2773,12.3831,9.89594,1,1,0,0,0,0
1080,2,candidate,375,1280,720,1920,1080,11.2957,12.3187,9.65734,1,1,0,0,0,0
1080,2,candidate,376,1280,720,1920,1080,11.2568,12.5137,9.87648,1,1,0,0,0,0
1080,2,candidate,377,1280,720,1920,1080,11.2497,12.4374,9.87341,1,1,0,0,0,0
1080,2,candidate,378,1280,720,1920,1080,11.3541,12.3217,9.97683,1,1,0,0,0,0
1080,2,candidate,379,1280,720,1920,1080,11.2794,12.7136,9.90413,1,1,0,0,0,0
1080,2,candidate,380,1280,720,1920,1080,11.3357,12.3346,9.78944,1,1,0,0,0,0
1080,2,candidate,381,1280,720,1920,1080,11.3213,12.4609,9.94406,1,1,0,0,0,0
1080,2,candidate,382,1280,720,1920,1080,11.5773,12.6198,9.93997,1,1,0,0,0,0
1080,2,candidate,383,1280,720,1920,1080,11.5722,12.7377,9.91949,1,1,0,0,0,0
1080,2,candidate,384,1280,720,1920,1080,11.4975,12.4627,9.86317,1,1,0,0,0,0
1080,2,candidate,385,1280,720,1920,1080,11.1872,12.5056,9.81197,1,1,0,0,0,0
1080,2,candidate,386,1280,720,1920,1080,11.2067,12.3105,9.66861,1,1,0,0,0,0
1080,2,candidate,387,1280,720,1920,1080,9.75872,10.7206,8.38246,1,1,0,0,0,0
1080,2,candidate,388,1280,720,1920,1080,11.2835,12.1253,9.90413,1,1,0,0,0,0
1080,2,candidate,389,1280,720,1920,1080,11.1923,13.1434,9.81402,1,1,0,0,0,0
1080,2,candidate,390,1280,720,1920,1080,11.2896,12.2914,9.91027,1,1,0,0,0,0
1080,2,candidate,391,1280,720,1920,1080,11.0633,12.2169,9.68704,1,1,0,0,0,0
1080,2,candidate,392,1280,720,1920,1080,11.4227,12.4446,10.0413,1,1,0,0,0,0
1080,2,candidate,393,1280,720,1920,1080,11.2845,12.3059,9.90822,1,1,0,0,0,0
1080,2,candidate,394,1280,720,1920,1080,11.2486,12.1889,9.87034,1,1,0,0,0,0
1080,2,candidate,395,1280,720,1920,1080,11.4852,12.4154,10.1089,1,1,0,0,0,0
1080,2,candidate,396,1280,720,1920,1080,11.4627,12.434,10.0844,1,1,0,0,0,0
1080,2,candidate,397,1280,720,1920,1080,11.4278,12.4819,10.0516,1,1,0,0,0,0
1080,2,candidate,398,1280,720,1920,1080,11.2886,12.2307,9.9072,1,1,0,0,0,0
1080,2,candidate,399,1280,720,1920,1080,11.5046,12.5792,9.87955,1,1,0,0,0,0
1080,2,candidate,400,1280,720,1920,1080,11.306,12.2735,9.92461,1,1,0,0,0,0
1080,2,candidate,401,1280,720,1920,1080,11.2814,12.4278,9.90515,1,1,0,0,0,0
1080,2,candidate,402,1280,720,1920,1080,11.2814,12.2633,9.90208,1,1,0,0,0,0
1080,2,candidate,403,1280,720,1920,1080,11.5005,12.5163,9.86726,1,1,0,0,0,0
1080,2,candidate,404,1280,720,1920,1080,11.2845,12.2749,9.90208,1,1,0,0,0,0
1080,2,candidate,405,1280,720,1920,1080,11.3347,12.4133,9.9584,1,1,0,0,0,0
1080,2,candidate,406,1280,720,1920,1080,11.5231,12.5379,9.88877,1,1,0,0,0,0
1080,2,candidate,407,1280,720,1920,1080,11.6122,12.7023,9.98605,1,1,0,0,0,0
1080,2,candidate,408,1280,720,1920,1080,11.2476,12.2391,9.87034,1,1,0,0,0,0
1080,2,candidate,409,1280,720,1920,1080,11.4473,12.5735,9.8263,1,1,0,0,0,0
1080,2,candidate,410,1280,720,1920,1080,11.5436,12.5115,9.84576,1,1,0,0,0,0
1080,2,candidate,411,1280,720,1920,1080,11.2855,12.3929,9.91027,1,1,0,0,0,0
1080,2,candidate,412,1280,720,1920,1080,9.94816,10.8981,8.56781,1,1,0,0,0,0
1080,2,candidate,413,1280,720,1920,1080,12.6116,13.5739,11.2118,1,1,0,0,0,0
1080,2,candidate,414,1280,720,1920,1080,11.2568,12.3914,9.87853,1,1,0,0,0,0
1080,2,candidate,415,1280,720,1920,1080,11.3224,12.2938,9.69728,1,1,0,0,0,0
1080,2,candidate,416,1280,720,1920,1080,9.77408,10.7766,8.39885,1,1,0,0,0,0
1080,2,candidate,417,1280,720,1920,1080,12.3986,13.5017,11.0213,1,1,0,0,0,0
1080,2,candidate,418,1280,720,1920,1080,11.3091,12.3186,9.92973,1,1,0,0,0,0
1080,2,candidate,419,1280,720,1920,1080,11.2671,12.2474,9.88979,1,1,0,0,0,0
1080,2,candidate,420,1280,720,1920,1080,10.9978,12.0831,9.61741,1,1,0,0,0,0
1080,2,candidate,421,1280,720,1920,1080,11.306,12.2445,9.93075,1,1,0,0,0,0
1080,2,candidate,422,1280,720,1920,1080,11.3367,12.28,9.95738,1,1,0,0,0,0
1080,2,candidate,423,1280,720,1920,1080,10.9384,12.0363,9.56416,1,1,0,0,0,0
1080,2,candidate,424,1280,720,1920,1080,11.0817,12.1418,9.68397,1,1,0,0,0,0
1080,2,candidate,425,1280,720,1920,1080,11.0971,12.3165,9.72083,1,1,0,0,0,0
1080,2,candidate,426,1280,720,1920,1080,11.4504,12.4284,10.07,1,1,0,0,0,0
1080,2,candidate,427,1280,720,1920,1080,11.223,12.2189,9.84576,1,1,0,0,0,0
1080,2,candidate,428,1280,720,1920,1080,11.2333,12.2046,9.84986,1,1,0,0,0,0
1080,2,candidate,429,1280,720,1920,1080,11.4483,12.397,9.83245,1,1,0,0,0,0
1080,2,candidate,430,1280,720,1920,1080,11.3152,12.4822,9.93792,1,1,0,0,0,0
1080,2,candidate,431,1280,720,1920,1080,11.4616,12.6948,9.82528,1,1,0,0,0,0
1080,2,candidate,432,1280,720,1920,1080,11.4985,12.4328,9.83347,1,1,0,0,0,0
1080,2,candidate,433,1280,720,1920,1080,11.4985,12.4642,9.85702,1,1,0,0,0,0
1080,2,candidate,434,1280,720,1920,1080,11.4995,12.6246,9.84781,1,1,0,0,0,0
1080,2,candidate,435,1280,720,1920,1080,11.5016,12.7825,9.85088,1,1,0,0,0,0
1080,2,candidate,436,1280,720,1920,1080,11.4637,12.5129,10.0823,1,1,0,0,0,0
1080,2,candidate,437,1280,720,1920,1080,11.4053,12.4095,10.0311,1,1,0,0,0,0
1080,2,candidate,438,1280,720,1920,1080,11.4995,12.5316,10.1202,1,1,0,0,0,0
1080,2,candidate,439,1280,720,1920,1080,11.4893,12.6837,10.1161,1,1,0,0,0,0
1080,2,candidate,440,1280,720,1920,1080,11.306,12.3815,9.92768,1,1,0,0,0,0
1080,2,candidate,441,1280,720,1920,1080,11.1698,12.1747,9.79354,1,1,0,0,0,0
1080,2,candidate,442,1280,720,1920,1080,11.4483,12.4331,10.07,1,1,0,0,0,0
1080,2,candidate,443,1280,720,1920,1080,11.4104,12.3509,10.0362,1,1,0,0,0,0
1080,2,candidate,444,1280,720,1920,1080,11.2937,12.2445,9.91437,1,1,0,0,0,0
1080,2,candidate,445,1280,720,1920,1080,11.4944,12.6787,9.8601,1,1,0,0,0,0
1080,2,candidate,446,1280,720,1920,1080,11.6716,12.6158,10.0393,1,1,0,0,0,0
1080,2,candidate,447,1280,720,1920,1080,11.4452,12.5073,9.8007,1,1,0,0,0,0
1080,2,candidate,448,1280,720,1920,1080,11.3367,12.3221,9.96045,1,1,0,0,0,0
1080,2,candidate,449,1280,720,1920,1080,11.2271,12.1691,9.85293,1,1,0,0,0,0
1080,2,candidate,450,1280,720,1920,1080,11.4606,12.4071,9.82426,1,1,0,0,0,0
1080,2,candidate,451,1280,720,1920,1080,11.4381,12.5663,9.79661,1,1,0,0,0,0
1080,2,candidate,452,1280,720,1920,1080,11.5476,12.6527,9.82835,1,1,0,0,0,0
1080,2,candidate,453,1280,720,1920,1080,11.5436,12.6762,9.89798,1,1,0,0,0,0
1080,2,candidate,454,1280,720,1920,1080,11.2906,12.442,9.91539,1,1,0,0,0,0
1080,2,candidate,455,1280,720,1920,1080,11.2814,12.3204,9.90822,1,1,0,0,0,0
1080,2,candidate,456,1280,720,1920,1080,11.0828,12.292,9.6553,1,1,0,0,0,0
1080,2,candidate,457,1280,720,1920,1080,11.947,12.9814,10.326,1,1,0,0,0,0
1080,2,candidate,458,1280,720,1920,1080,11.349,12.3049,9.96966,1,1,0,0,0,0
1080,2,candidate,459,1280,720,1920,1080,11.4565,12.4173,10.0813,1,1,0,0,0,0
1080,2,candidate,460,1280,720,1920,1080,11.2527,12.339,9.87443,1,1,0,0,0,0
1080,2,candidate,461,1280,720,1920,1080,11.3347,12.4154,9.95942,1,1,0,0,0,0
1080,2,candidate,462,1280,720,1920,1080,11.4268,12.4726,9.78227,1,1,0,0,0,0
1080,2,candidate,463,1280,720,1920,1080,11.518,12.5268,9.8775,1,1,0,0,0,0
1080,2,candidate,464,1280,720,1920,1080,11.2886,12.3885,9.90618,1,1,0,0,0,0
1080,2,candidate,465,1280,720,1920,1080,11.5507,12.5654,9.90413,1,1,0,0,0,0
1080,2,candidate,466,1280,720,1920,1080,11.3582,12.5323,9.97683,1,1,0,0,0,0
1080,2,candidate,467,1280,720,1920,1080,11.5313,12.5065,9.87955,1,1,0,0,0,0
1080,2,candidate,468,1280,720,1920,1080,11.4575,12.4772,9.81811,1,1,0,0,0,0
1080,2,candidate,469,1280,720,1920,1080,11.4627,12.4487,9.81197,1,1,0,0,0,0
1080,2,candidate,470,1280,720,1920,1080,11.2988,12.3159,9.92051,1,1,0,0,0,0
1080,2,candidate,471,1280,720,1920,1080,11.522,12.6021,9.86522,1,1,0,0,0,0
1080,2,candidate,472,1280,720,1920,1080,11.4688,12.4987,9.80992,1,1,0,0,0,0
1080,2,candidate,473,1280,720,1920,1080,11.4995,12.5803,9.85293,1,1,0,0,0,0
1080,2,candidate,474,1280,720,1920,1080,11.3275,12.434,9.94509,1,1,0,0,0,0
1080,2,candidate,475,1280,720,1920,1080,11.2824,12.3078,9.90925,1,1,0,0,0,0
1080,2,candidate,476,1280,720,1920,1080,11.4811,12.5411,9.83347,1,1,0,0,0,0
1080,2,candidate,477,1280,720,1920,1080,11.4647,12.4189,9.82835,1,1,0,0,0,0
1080,2,candidate,478,1280,720,1920,1080,11.4534,12.4053,9.80992,1,1,0,0,0,0
1080,2,candidate,479,1280,720,1920,1080,11.433,12.4059,9.79763,1,1,0,0,0,0
1080,2,candidate,480,1280,720,1920,1080,11.4862,12.4531,9.83654,1,1,0,0,0,0
1080,2,candidate,481,1280,720,1920,1080,11.3756,12.3997,9.73926,1,1,0,0,0,0
1080,2,candidate,482,1280,720,1920,1080,9.90515,10.8377,8.5248,1,1,0,0,0,0
1080,2,candidate,483,1280,720,1920,1080,11.1258,12.0012,9.74848,1,1,0,0,0,0
1080,2,candidate,484,1280,720,1920,1080,11.1124,12.194,9.7321,1,1,0,0,0,0
1080,2,candidate,485,1280,720,1920,1080,9.71776,10.6142,8.33946,1,1,0,0,0,0
1080,2,candidate,486,1280,720,1920,1080,10.4796,13.1643,9.10131,1,1,0,0,0,0
1080,2,candidate,487,1280,720,1920,1080,11.3009,12.3894,9.92768,1,1,0,0,0,0
1080,2,candidate,488,1280,720,1920,1080,11.0264,12.0946,9.64915,1,1,0,0,0,0
1080,2,candidate,489,1280,720,1920,1080,10.965,12.0979,9.58771,1,1,0,0,0,0
1080,2,candidate,490,1280,720,1920,1080,9.73722,10.6295,8.36096,1,1,0,0,0,0
1080,2,candidate,491,1280,720,1920,1080,12.629,13.6108,11.2374,1,1,0,0,0,0
1080,2,candidate,492,1280,720,1920,1080,11.4637,12.5365,10.0844,1,1,0,0,0,0
1080,2,candidate,493,1280,720,1920,1080,10.1386,11.1069,8.76646,1,1,0,0,0,0
1080,2,candidate,494,1280,720,1920,1080,9.24979,11.7626,7.87149,1,1,0,0,0,0
1080,2,candidate,495,1280,720,1920,1080,11.5988,12.5768,9.90515,1,1,0,0,0,0
1080,2,candidate,496,1280,720,1920,1080,11.2947,12.2407,9.91539,1,1,0,0,0,0
1080,2,candidate,497,1280,720,1920,1080,11.2988,12.2922,9.92256,1,1,0,0,0,0
1080,2,candidate,498,1280,720,1920,1080,11.3766,12.3525,9.99629,1,1,0,0,0,0
1080,2,candidate,499,1280,720,1920,1080,9.76384,10.726,8.39066,1,1,0,0,0,0
1080,2,candidate,500,1280,720,1920,1080,12.7611,13.8709,10.154,1,1,0,0,0,0
1080,2,candidate,501,1280,720,1920,1080,9.71264,10.6776,8.3415,1,1,0,0,0,0
1080,2,candidate,502,1280,720,1920,1080,9.41056,10.4328,8.03226,1,1,0,0,0,0
1080,2,candidate,503,1280,720,1920,1080,12.4529,13.4323,11.0346,1,1,0,0,0,0
1080,2,candidate,504,1280,720,1920,1080,11.6931,12.7691,10.0434,1,1,0,0,0,0
1080,2,candidate,505,1280,720,1920,1080,11.3265,12.3112,9.9543,1,1,0,0,0,0
1080,2,candidate,506,1280,720,1920,1080,11.2845,12.2582,9.65427,1,1,0,0,0,0
1080,2,candidate,507,1280,720,1920,1080,11.2896,12.2442,9.91334,1,1,0,0,0,0
1080,2,candidate,508,1280,720,1920,1080,11.2568,12.1955,9.87648,1,1,0,0,0,0
1080,2,candidate,509,1280,720,1920,1080,11.4975,12.4756,10.1202,1,1,0,0,0,0
1080,2,candidate,510,1280,720,1920,1080,11.6122,12.5726,10.2328,1,1,0,0,0,0
1080,2,candidate,511,1280,720,1920,1080,11.4565,12.4893,10.0823,1,1,0,0,0,0
1080,2,candidate,512,1280,720,1920,1080,11.4022,12.3787,10.0219,1,1,0,0,0,0
1080,2,candidate,513,1280,720,1920,1080,11.3428,12.3409,9.96864,1,1,0,0,0,0
1080,2,candidate,514,1280,720,1920,1080,11.8897,12.8881,10.2451,1,1,0,0,0,0
1080,2,candidate,515,1280,720,1920,1080,11.3121,12.2696,9.9369,1,1,0,0,0,0
1080,2,candidate,516,1280,720,1920,1080,11.2732,12.2396,9.89491,1,1,0,0,0,0
1080,2,candidate,517,1280,720,1920,1080,11.2456,12.2265,9.86931,1,1,0,0,0,0
1080,2,candidate,518,1280,720,1920,1080,11.2998,12.2814,9.91949,1,1,0,0,0,0
1080,2,candidate,519,1280,720,1920,1080,11.2435,12.2243,9.86726,1,1,0,0,0,0
1080,2,candidate,520,1280,720,1920,1080,11.7156,12.7257,10.0833,1,1,0,0,0,0
1080,2,candidate,521,1280,720,1920,1080,11.518,12.5032,9.88262,1,1,0,0,0,0
1080,2,candidate,522,1280,720,1920,1080,11.2763,12.293,9.89594,1,1,0,0,0,0
1080,2,candidate,523,1280,720,1920,1080,11.5087,12.5255,9.87238,1,1,0,0,0,0
1080,2,candidate,524,1280,720,1920,1080,11.4698,12.5125,9.83859,1,1,0,0,0,0
1080,2,candidate,525,1280,720,1920,1080,11.2906,12.3314,9.91846,1,1,0,0,0,0
1080,2,candidate,526,1280,720,1920,1080,11.5098,12.4828,9.88058,1,1,0,0,0,0
1080,2,candidate,527,1280,720,1920,1080,11.436,12.4051,9.81197,1,1,0,0,0,0
1080,2,candidate,528,1280,720,1920,1080,11.4319,12.6042,9.8048,1,1,0,0,0,0
1080,2,candidate,529,1280,720,1920,1080,11.5507,12.5641,9.92154,1,1,0,0,0,0
1080,2,candidate,530,1280,720,1920,1080,10.8319,12.0543,9.45357,1,1,0,0,0,0
1080,2,candidate,531,1280,720,1920,1080,11.3367,12.3815,9.95942,1,1,0,0,0,0
1080,2,candidate,532,1280,720,1920,1080,11.3592,12.4251,9.71674,1,1,0,0,0,0
1080,2,candidate,533,1280,720,1920,1080,11.3326,12.3306,9.68602,1,1,0,0,0,0
1080,2,candidate,534,1280,720,1920,1080,11.3428,12.3606,9.70035,1,1,0,0,0,0
1080,2,candidate,535,1280,720,1920,1080,11.306,12.3466,9.67373,1,1,0,0,0,0
1080,2,candidate,536,1280,720,1920,1080,11.819,12.9793,10.1202,1,1,0,0,0,0
1080,2,candidate,537,1280,720,1920,1080,11.3551,12.5556,9.71059,1,1,0,0,0,0
1080,2,candidate,538,1280,720,1920,1080,11.4924,12.5697,9.84166,1,1,0,0,0,0
1080,2,candidate,539,1280,720,1920,1080,11.4463,12.5396,9.80787,1,1,0,0,0,0
1080,2,candidate,540,1280,720,1920,1080,11.4678,12.416,9.82835,1,1,0,0,0,0
1080,2,candidate,541,1280,720,1920,1080,11.4821,12.5134,9.84371,1,1,0,0,0,0
1080,2,candidate,542,1280,720,1920,1080,11.4668,12.6672,9.82323,1,1,0,0,0,0
1080,2,candidate,543,1280,720,1920,1080,11.5651,12.5761,9.90515,1,1,0,0,0,0
1080,2,candidate,544,1280,720,1920,1080,11.478,12.4587,9.83962,1,1,0,0,0,0
1080,2,candidate,545,1280,720,1920,1080,11.6163,12.9338,9.98195,1,1,0,0,0,0
1080,2,candidate,546,1280,720,1920,1080,11.2517,12.2808,9.87034,1,1,0,0,0,0
1080,2,candidate,547,1280,720,1920,1080,11.266,12.216,9.89286,1,1,0,0,0,0
1080,2,candidate,548,1280,720,1920,1080,11.4248,12.4514,9.76794,1,1,0,0,0,0
1080,2,candidate,549,1280,720,1920,1080,11.4586,12.5385,9.82118,1,1,0,0,0,0
1080,2,candidate,550,1280,720,1920,1080,11.5005,12.4588,9.85907,1,1,0,0,0,0
1080,2,candidate,551,1280,720,1920,1080,11.5149,12.5325,9.84986,1,1,0,0,0,0
1080,2,candidate,552,1280,720,1920,1080,11.3152,12.397,9.93587,1,1,0,0,0,0
1080,2,candidate,553,1280,720,1920,1080,11.5569,13.0169,9.91846,1,1,0,0,0,0
1080,2,candidate,554,1280,720,1920,1080,11.2753,12.3983,9.89594,1,1,0,0,0,0
1080,2,candidate,555,1280,720,1920,1080,11.3408,12.4252,9.96557,1,1,0,0,0,0
1080,2,candidate,556,1280,720,1920,1080,11.2865,12.2943,9.91027,1,1,0,0,0,0
1080,2,candidate,557,1280,720,1920,1080,11.5784,12.7371,9.94202,1,1,0,0,0,0
1080,2,candidate,558,1280,720,1920,1080,11.1002,12.1355,9.6983,1,1,0,0,0,0
1080,2,candidate,559,1280,720,1920,1080,11.5159,12.3865,9.97069,1,1,0,0,0,0
1080,2,candidate,560,1280,720,1920,1080,11.2302,12.2131,9.85293,1,1,0,0,0,0
1080,2,candidate,561,1280,720,1920,1080,11.4401,12.4456,9.79558,1,1,0,0,0,0
1080,2,candidate,562,1280,720,1920,1080,11.4811,12.561,9.83552,1,1,0,0,0,0
1080,2,candidate,563,1280,720,1920,1080,11.4504,12.4493,9.81709,1,1,0,0,0,0
1080,2,candidate,564,1280,720,1920,1080,11.4708,12.6545,9.81299,1,1,0,0,0,0
1080,2,candidate,565,1280,720,1920,1080,11.4412,12.4489,9.8089,1,1,0,0,0,0
1080,2,candidate,566,1280,720,1920,1080,11.2835,12.5172,9.90413,1,1,0,0,0,0
1080,2,candidate,567,1280,720,1920,1080,11.4493,12.5016,10.0741,1,1,0,0,0,0
1080,2,candidate,568,1280,720,1920,1080,11.4995,12.8104,10.1192,1,1,0,0,0,0
1080,2,candidate,569,1280,720,1920,1080,11.307,12.3764,9.93075,1,1,0,0,0,0
1080,2,candidate,570,1280,720,1920,1080,11.3326,12.4016,9.9543,1,1,0,0,0,0
1080,2,candidate,571,1280,720,1920,1080,11.2589,12.2904,9.88262,1,1,0,0,0,0
1080,2,candidate,572,1280,720,1920,1080,11.2886,12.3265,9.91027,1,1,0,0,0,0
1080,2,candidate,573,1280,720,1920,1080,11.3193,12.3784,9.94509,1,1,0,0,0,0
1080,2,candidate,574,1280,720,1920,1080,11.4565,12.398,9.80992,1,1,0,0,0,0
1080,2,candidate,575,1280,720,1920,1080,11.4473,12.4467,9.81299,1,1,0,0,0,0
1080,2,candidate,576,1280,720,1920,1080,11.2937,12.4738,9.91642,1,1,0,0,0,0
1080,2,candidate,577,1280,720,1920,1080,11.4207,12.5488,9.71059,1,1,0,0,0,0
1080,2,candidate,578,1280,720,1920,1080,11.4801,12.5799,9.82426,1,1,0,0,0,0
1080,2,candidate,579,1280,720,1920,1080,11.2835,12.3267,9.91027,1,1,0,0,0,0
1080,2,candidate,580,1280,720,1920,1080,11.3193,12.3005,9.93997,1,1,0,0,0,0
1080,2,candidate,581,1280,720,1920,1080,11.2763,12.2073,9.6215,1,1,0,0,0,0
1080,2,candidate,582,1280,720,1920,1080,11.2681,12.229,9.6297,1,1,0,0,0,0
1080,2,candidate,583,1280,720,1920,1080,11.349,12.3545,9.69011,1,1,0,0,0,0
1080,2,candidate,584,1280,720,1920,1080,11.4063,12.8605,10.028,1,1,0,0,0,0
1080,2,candidate,585,1280,720,1920,1080,11.4637,12.4845,9.82016,1,1,0,0,0,0
1080,2,candidate,586,1280,720,1920,1080,11.4401,12.4892,9.79968,1,1,0,0,0,0
1080,2,candidate,587,1280,720,1920,1080,11.3295,12.3814,9.68602,1,1,0,0,0,0
1080,2,candidate,588,1280,720,1920,1080,11.9593,13.1507,10.5728,1,1,0,0,0,0
1080,2,candidate,589,1280,720,1920,1080,11.4995,12.4943,9.85907,1,1,0,0,0,0
1080,2,candidate,590,1280,720,1920,1080,11.3172,12.4068,9.93894,1,1,0,0,0,0
1080,2,candidate,591,1280,720,1920,1080,11.4954,12.5262,9.8601,1,1,0,0,0,0
1080,2,candidate,592,1280,720,1920,1080,11.4371,12.4466,9.79558,1,1,0,0,0,0
1080,2,candidate,593,1280,720,1920,1080,11.563,12.571,9.91027,1,1,0,0,0,0
1080,2,candidate,594,1280,720,1920,1080,11.4237,12.4605,9.78227,1,1,0,0,0,0
1080,2,candidate,595,1280,720,1920,1080,11.5313,12.6941,9.87034,1,1,0,0,0,0
1080,2,candidate,596,1280,720,1920,1080,11.2978,12.2557,9.91949,1,1,0,0,0,0
1080,2,candidate,597,1280,720,1920,1080,11.4637,12.5305,9.8089,1,1,0,0,0,0
1080,2,candidate,598,1280,720,1920,1080,11.563,12.6508,9.90413,1,1,0,0,0,0
1080,2,candidate,599,1280,720,1920,1080,11.2742,12.3658,9.89798,1,1,0,0,0,0
1080,2,candidate,600,1280,720,1920,1080,11.5231,12.5624,9.86419,1,1,0,0,0,0
1080,2,candidate,601,1280,720,1920,1080,11.3469,12.3131,9.97274,1,1,0,0,0,0
1080,2,candidate,602,1280,720,1920,1080,11.2865,12.2645,9.91027,1,1,0,0,0,0
1080,2,candidate,603,1280,720,1920,1080,11.4883,12.6624,9.8519,1,1,0,0,0,0
1080,2,candidate,604,1280,720,1920,1080,11.4606,12.4826,9.81094,1,1,0,0,0,0
1080,2,candidate,605,1280,720,1920,1080,11.3101,12.2836,9.9328,1,1,0,0,0,0
1080,2,candidate,606,1280,720,1920,1080,11.521,12.4853,9.88058,1,1,0,0,0,0
1080,2,candidate,607,1280,720,1920,1080,11.3316,12.3683,9.95635,1,1,0,0,0,0
1080,2,candidate,608,1280,720,1920,1080,11.4698,12.5845,9.83142,1,1,0,0,0,0
1080,2,candidate,609,1280,720,1920,1080,11.3408,12.4244,9.96659,1,1,0,0,0,0
1080,2,candidate,610,1280,720,1920,1080,11.4473,12.427,9.80582,1,1,0,0,0,0
1080,2,candidate,611,1280,720,1920,1080,11.4688,12.5977,9.83245,1,1,0,0,0,0
1080,2,candidate,612,1280,720,1920,1080,11.4463,12.42,9.80787,1,1,0,0,0,0
1080,2,candidate,613,1280,720,1920,1080,11.2783,12.209,9.63584,1,1,0,0,0,0
1080,2,candidate,614,1280,720,1920,1080,11.349,12.2787,9.70752,1,1,0,0,0,0
1080,2,candidate,615,1280,720,1920,1080,11.3101,12.3149,9.67168,1,1,0,0,0,0
1080,2,candidate,616,1280,720,1920,1080,11.3725,12.4765,9.72083,1,1,0,0,0,0
1080,2,candidate,617,1280,720,1920,1080,11.3009,12.2719,9.66451,1,1,0,0,0,0
1080,2,candidate,618,1280,720,1920,1080,10.0219,11.1788,8.64768,1,1,0,0,0,0
1080,2,candidate,619,1280,720,1920,1080,12.545,13.759,10.2554,1,1,0,0,0,0
1080,2,candidate,620,1280,720,1920,1080,11.2681,12.5077,9.89184,1,1,0,0,0,0
1080,2,candidate,621,1280,720,1920,1080,11.1913,12.4078,9.81709,1,1,0,0,0,0
1080,2,candidate,622,1280,720,1920,1080,11.2988,12.297,9.92051,1,1,0,0,0,0
1080,2,candidate,623,1280,720,1920,1080,11.3674,12.4077,9.99424,1,1,0,0,0,0
1080,2,candidate,624,1280,720,1920,1080,9.76691,10.7988,8.39168,1,1,0,0,0,0
1080,2,candidate,625,1280,720,1920,1080,12.842,13.8158,11.4493,1,1,0,0,0,0
1080,2,candidate,626,1280,720,1920,1080,11.4647,12.461,10.0844,1,1,0,0,0,0
1080,2,candidate,627,1280,720,1920,1080,11.0797,12.2094,9.7065,1,1,0,0,0,0
1080,2,candidate,628,1280,720,1920,1080,11.4586,12.4287,10.0792,1,1,0,0,0,0
1080,2,candidate,629,1280,720,1920,1080,10.9885,12.0471,9.61434,1,1,0,0,0,0
1080,2,candidate,630,1280,720,1920,1080,11.392,12.2897,10.0137,1,1,0,0,0,0
1080,2,candidate,631,1280,720,1920,1080,11.2415,12.2644,9.86829,1,1,0,0,0,0
1080,2,candidate,632,1280,720,1920,1080,11.1268,12.5917,9.74848,1,1,0,0,0,0
1080,2,candidate,633,1280,720,1920,1080,11.1012,12.1942,9.73005,1,1,0,0,0,0
1080,2,candidate,634,1280,720,1920,1080,11.6378,12.7599,10.2492,1,1,0,0,0,0
1080,2,candidate,635,1280,720,1920,1080,11.1995,12.2651,9.82835,1,1,0,0,0,0
1080,2,candidate,636,1280,720,1920,1080,11.4104,12.5047,10.0332,1,1,0,0,0,0
1080,2,candidate,637,1280,720,1920,1080,11.2486,12.2023,9.87341,1,1,0,0,0,0
1080,2,candidate,638,1280,720,1920,1080,11.2855,12.2908,9.90822,1,1,0,0,0,0
1080,2,candidate,639,1280,720,1920,1080,11.522,12.5936,10.1478,1,1,0,0,0,0
1080,2,candidate,640,1280,720,1920,1080,11.2906,12.3379,9.91334,1,1,0,0,0,0
1080,2,candidate,641,1280,720,1920,1080,11.4053,12.3744,10.0321,1,1,0,0,0,0
1080,2,candidate,642,1280,720,1920,1080,11.4555,12.6139,10.0782,1,1,0,0,0,0
1080,2,candidate,643,1280,720,1920,1080,11.2599,12.4054,9.8857,1,1,0,0,0,0
1080,2,candidate,644,1280,720,1920,1080,11.3951,12.3675,10.0178,1,1,0,0,0,0
1080,2,candidate,645,1280,720,1920,1080,11.4504,12.414,10.0751,1,1,0,0,0,0
1080,2,candidate,646,1280,720,1920,1080,11.4145,12.5901,10.0372,1,1,0,0,0,0
1080,2,candidate,647,1280,720,1920,1080,11.4084,12.4903,10.0352,1,1,0,0,0,0
1080,2,candidate,648,1280,720,1920,1080,11.4493,12.481,10.0721,1,1,0,0,0,0
1080,2,candidate,649,1280,720,1920,1080,11.1401,12.3666,9.74746,1,1,0,0,0,0
1080,2,candidate,650,1280,720,1920,1080,11.0182,12.0589,8.41011,1,1,0,0,0,0
1080,2,candidate,651,1280,720,1920,1080,11.4954,12.5959,10.11,1,1,0,0,0,0
1080,2,candidate,652,1280,720,1920,1080,11.4555,12.3322,9.80685,1,1,0,0,0,0
1080,2,candidate,653,1280,720,1920,1080,11.2968,12.1625,9.74234,1,1,0,0,0,0
1080,2,candidate,654,1280,720,1920,1080,11.3142,12.2969,9.94099,1,1,0,0,0,0
1080,2,candidate,655,1280,720,1920,1080,11.0899,12.1548,8.43264,1,1,0,0,0,0
1080,2,candidate,656,1280,720,1920,1080,11.5896,12.5459,9.94816,1,1,0,0,0,0
1080,2,candidate,657,1280,720,1920,1080,11.3162,12.3269,9.66758,1,1,0,0,0,0
1080,2,candidate,658,1280,720,1920,1080,11.2927,12.3063,9.6553,1,1,0,0,0,0
1080,2,candidate,659,1280,720,1920,1080,11.2988,12.3283,9.66349,1,1,0,0,0,0
1080,2,candidate,660,1280,720,1920,1080,11.1933,12.6425,9.81606,1,1,0,0,0,0
1080,2,candidate,661,1280,720,1920,1080,11.3019,12.2998,9.65939,1,1,0,0,0,0
1080,2,candidate,662,1280,720,1920,1080,11.2251,12.4159,9.84986,1,1,0,0,0,0
1080,2,candidate,663,1280,720,1920,1080,11.1575,12.3936,9.78637,1,1,0,0,0,0
1080,2,candidate,664,1280,720,1920,1080,11.5272,12.916,10.1519,1,1,0,0,0,0
1080,2,candidate,665,1280,720,1920,1080,11.263,12.3577,9.64301,1,1,0,0,0,0
1080,2,candidate,666,1280,720,1920,1080,11.3746,12.2868,9.73722,1,1,0,0,0,0
1080,2,candidate,667,1280,720,1920,1080,11.478,12.4081,9.84064,1,1,0,0,0,0
1080,2,candidate,668,1280,720,1920,1080,11.2609,12.3002,9.62867,1,1,0,0,0,0
1080,2,candidate,669,1280,720,1920,1080,11.264,12.4588,9.89594,1,1,0,0,0,0
1080,2,candidate,670,1280,720,1920,1080,10.0178,11.0568,8.64461,1,1,0,0,0,0
1080,2,candidate,671,1280,720,1920,1080,12.4447,13.6126,10.0997,1,1,0,0,0,0
1080,2,candidate,672,1280,720,1920,1080,11.6101,12.6729,9.96557,1,1,0,0,0,0
1080,2,candidate,673,1280,720,1920,1080,11.266,12.6753,9.89491,1,1,0,0,0,0
1080,2,candidate,674,1280,720,1920,1080,10.0628,11.038,8.68966,1,1,0,0,0,0
1080,2,candidate,675,1280,720,1920,1080,9.43616,10.4714,8.06502,1,1,0,0,0,0
1080,2,candidate,676,1280,720,1920,1080,12.5297,13.5284,11.1524,1,1,0,0,0,0
1080,2,candidate,677,1280,720,1920,1080,11.4801,12.4343,10.1089,1,1,0,0,0,0
1080,2,candidate,678,1280,720,1920,1080,11.477,12.4754,10.0997,1,1,0,0,0,0
1080,2,candidate,679,1280,720,1920,1080,11.4268,12.4415,10.0526,1,1,0,0,0,0
1080,2,candidate,680,1280,720,1920,1080,11.2773,12.2593,9.90003,1,1,0,0,0,0
1080,2,candidate,681,1280,720,1920,1080,11.2691,12.3368,9.89491,1,1,0,0,0,0
1080,2,candidate,682,1280,720,1920,1080,11.306,12.2785,9.9287,1,1,0,0,0,0
1080,2,candidate,683,1280,720,1920,1080,11.4821,12.4994,9.84371,1,1,0,0,0,0
1080,2,candidate,684,1280,720,1920,1080,11.4514,12.5635,9.79046,1,1,0,0,0,0
1080,2,candidate,685,1280,720,1920,1080,11.2947,12.6439,9.91846,1,1,0,0,0,0
1080,2,candidate,686,1280,720,1920,1080,11.4237,12.4501,10.0475,1,1,0,0,0,0
1080,2,candidate,687,1280,720,1920,1080,11.2343,12.2045,9.86214,1,1,0,0,0,0
1080,2,candidate,688,1280,720,1920,1080,11.4637,12.4896,9.81709,1,1,0,0,0,0
1080,2,candidate,689,1280,720,1920,1080,11.4545,12.4691,9.81811,1,1,0,0,0,0
1080,2,candidate,690,1280,720,1920,1080,11.4258,12.5252,9.78739,1,1,0,0,0,0
1080,2,candidate,691,1280,720,1920,1080,11.4299,12.5084,9.79558,1,1,0,0,0,0
1080,2,candidate,692,1280,720,1920,1080,11.2865,12.4674,9.91334,1,1,0,0,0,0
1080,2,candidate,693,1280,720,1920,1080,11.2589,12.2149,9.88262,1,1,0,0,0,0
1080,2,candidate,694,1280,720,1920,1080,11.479,12.5405,9.8345,1,1,0,0,0,0
1080,2,candidate,695,1280,720,1920,1080,11.1831,12.3264,9.77613,1,1,0,0,0,0
1080,2,candidate,696,1280,720,1920,1080,11.3664,12.3237,9.7495,1,1,0,0,0,0
1080,2,candidate,697,1280,720,1920,1080,11.4678,12.3827,9.8263,1,1,0,0,0,0
1080,2,candidate,698,1280,720,1920,1080,11.2783,12.24,9.63891,1,1,0,0,0,0
1080,2,candidate,699,1280,720,1920,1080,11.2558,12.2909,9.62048,1,1,0,0,0,0
1080,2,candidate,700,1280,720,1920,1080,11.2937,12.2929,9.64813,1,1,0,0,0,0
1080,2,candidate,701,1280,720,1920,1080,11.2302,12.8768,9.8601,1,1,0,0,0,0
1080,2,candidate,702,1280,720,1920,1080,11.394,12.4345,9.68704,1,1,0,0,0,0
1080,2,candidate,703,1280,720,1920,1080,11.2927,12.3195,9.64403,1,1,0,0,0,0
1080,2,candidate,704,1280,720,1920,1080,11.1401,12.3762,9.76589,1,1,0,0,0,0
1080,2,candidate,705,1280,720,1920,1080,11.2374,12.3784,9.67066,1,1,0,0,0,0
1080,2,candidate,706,1280,720,1920,1080,11.2763,12.4245,9.89901,1,1,0,0,0,0
1080,2,candidate,707,1280,720,1920,1080,10.1212,11.0836,8.75213,1,1,0,0,0,0
1080,2,candidate,708,1280,720,1920,1080,11.5896,12.4985,10.2134,1,1,0,0,0,0
1080,2,candidate,709,1280,720,1920,1080,11.6849,12.7373,10.3107,1,1,0,0,0,0
1080,2,candidate,710,1280,720,1920,1080,11.2937,13.2559,8.98662,1,1,0,0,0,0
1080,2,candidate,711,1280,720,1920,1080,11.009,12.0101,9.63174,1,1,0,0,0,0
1080,2,candidate,712,1280,720,1920,1080,11.2824,12.309,9.90618,1,1,0,0,0,0
1080,2,candidate,713,1280,720,1920,1080,11.3142,12.3547,9.94202,1,1,0,0,0,0
1080,2,candidate,714,1280,720,1920,1080,11.2323,12.3092,9.856,1,1,0,0,0,0
1080,2,candidate,715,1280,720,1920,1080,11.3613,12.3914,9.98605,1,1,0,0,0,0
1080,2,candidate,716,1280,720,1920,1080,11.7463,12.8531,10.0915,1,1,0,0,0,0
1080,2,candidate,717,1280,720,1920,1080,10.9865,12.2018,9.61434,1,1,0,0,0,0
1080,2,candidate,718,1280,720,1920,1080,11.3644,12.4948,9.98707,1,1,0,0,0,0
1080,2,candidate,719,1280,720,1920,1080,11.262,12.2573,9.88467,1,1,0,0,0,0
1080,2,candidate,720,1280,720,1920,1080,9.91744,10.988,8.54221,1,1,0,0,0,0
1080,2,candidate,721,1280,720,1920,1080,12.1825,13.4381,9.89389,1,1,0,0,0,0
1080,2,candidate,722,1280,720,1920,1080,11.3254,12.5909,9.94509,1,1,0,0,0,0
1080,2,candidate,723,1280,720,1920,1080,11.0193,12.0103,9.61536,1,1,0,0,0,0
1080,2,candidate,724,1280,720,1920,1080,9.91437,10.8792,8.54221,1,1,0,0,0,0
1080,2,candidate,725,1280,720,1920,1080,12.7457,13.6079,11.1186,1,1,0,0,0,0
1080,2,candidate,726,1280,720,1920,1080,11.2742,12.3,9.89798,1,1,0,0,0,0
1080,2,candidate,727,1280,720,1920,1080,11.2701,12.4434,9.89901,1,1,0,0,0,0
1080,2,candidate,728,1280,720,1920,1080,11.2681,12.2734,9.89082,1,1,0,0,0,0
1080,2,candidate,729,1280,720,1920,1080,11.5517,12.8096,9.91744,1,1,0,0,0,0
1080,2,candidate,730,1280,720,1920,1080,11.476,12.5797,9.83859,1,1,0,0,0,0
1080,2,candidate,731,1280,720,1920,1080,11.2425,12.2229,9.86829,1,1,0,0,0,0
1080,2,candidate,732,1280,720,1920,1080,11.4729,12.5279,9.8304,1,1,0,0,0,0
1080,2,candidate,733,1280,720,1920,1080,11.265,12.2695,9.89184,1,1,0,0,0,0
1080,2,candidate,734,1280,720,1920,1080,11.434,12.4514,9.80173,1,1,0,0,0,0
1080,2,candidate,735,1280,720,1920,1080,11.2763,12.2205,9.90208,1,1,0,0,0,0
1080,2,candidate,736,1280,720,1920,1080,11.4657,12.4707,9.80685,1,1,0,0,0,0
1080,2,candidate,737,1280,720,1920,1080,11.9142,13.1774,10.2676,1,1,0,0,0,0
1080,2,candidate,738,1280,720,1920,1080,11.265,12.354,9.88979,1,1,0,0,0,0
1080,2,candidate,739,1280,720,1920,1080,11.3838,12.3076,9.81914,1,1,0,0,0,0
1080,2,candidate,740,1280,720,1920,1080,11.392,12.3764,10.0157,1,1,0,0,0,0
1080,2,candidate,741,1280,720,1920,1080,11.4033,12.2887,9.7577,1,1,0,0,0,0
1080,2,candidate,742,1280,720,1920,1080,11.4872,12.4065,9.83142,1,1,0,0,0,0
1080,2,candidate,743,1280,720,1920,1080,11.562,12.6486,9.8007,1,1,0,0,0,0
1080,2,candidate,744,1280,720,1920,1080,11.4493,12.4913,9.79661,1,1,0,0,0,0
1080,2,candidate,745,1280,720,1920,1080,11.4104,12.5397,9.77715,1,1,0,0,0,0
1080,2,candidate,746,1280,720,1920,1080,11.4668,12.4281,9.81811,1,1,0,0,0,0
1080,2,candidate,747,1280,720,1920,1080,11.4186,12.4739,9.78022,1,1,0,0,0,0
1080,2,candidate,748,1280,720,1920,1080,11.4207,12.4938,9.76384,1,1,0,0,0,0
1080,2,candidate,749,1280,720,1920,1080,11.5077,12.7685,9.87546,1,1,0,0,0,0
1080,2,candidate,750,1280,720,1920,1080,11.2712,12.2984,9.89389,1,1,0,0,0,0
1080,2,candidate,751,1280,720,1920,1080,11.4074,12.4042,9.77306,1,1,0,0,0,0
1080,2,candidate,752,1280,720,1920,1080,11.5098,12.6715,9.83859,1,1,0,0,0,0
1080,2,candidate,753,1280,720,1920,1080,11.4493,12.4352,9.81402,1,1,0,0,0,0
1080,2,candidate,754,1280,720,1920,1080,11.4842,12.5612,9.80787,1,1,0,0,0,0
1080,2,candidate,755,1280,720,1920,1080,11.2712,12.2557,9.89901,1,1,0,0,0,0
1080,2,candidate,756,1280,720,1920,1080,11.1084,12.2274,9.73107,1,1,0,0,0,0
1080,2,candidate,757,1280,720,1920,1080,11.2937,12.1793,9.92358,1,1,0,0,0,0
1080,2,candidate,758,1280,720,1920,1080,11.2394,12.1618,9.86419,1,1,0,0,0,0
1080,2,candidate,759,1280,720,1920,1080,11.1411,12.1142,9.58464,1,1,0,0,0,0
1080,2,candidate,760,1280,720,1920,1080,11.179,12.3285,9.78637,1,1,0,0,0,0
1080,2,candidate,761,1280,720,1920,1080,11.7023,12.7432,10.327,1,1,0,0,0,0
1080,2,candidate,762,1280,720,1920,1080,11.0172,12.011,9.64096,1,1,0,0,0,0
1080,2,candidate,763,1280,720,1920,1080,11.521,12.4571,10.1335,1,1,0,0,0,0
1080,2,candidate,764,1280,720,1920,1080,11.2568,12.2773,9.88058,1,1,0,0,0,0
1080,2,candidate,765,1280,720,1920,1080,10.7971,11.9389,9.42387,1,1,0,0,0,0
1080,2,candidate,766,1280,720,1920,1080,11.2906,12.3714,9.91539,1,1,0,0,0,0
1080,2,candidate,767,1280,720,1920,1080,9.78739,10.7517,8.41626,1,1,0,0,0,0
1080,2,candidate,768,1280,720,1920,1080,11.8211,13.9472,10.4428,1,1,0,0,0,0
1080,2,candidate,769,1280,720,1920,1080,11.2517,12.1965,9.87853,1,1,0,0,0,0
1080,2,candidate,770,1280,720,1920,1080,11.2466,12.1455,9.87341,1,1,0,0,0,0
1080,2,candidate,771,1280,720,1920,1080,11.2404,12.1826,9.86829,1,1,0,0,0,0
1080,2,candidate,772,1280,720,1920,1080,11.3019,12.3514,9.91949,1,1,0,0,0,0
1080,2,candidate,773,1280,720,1920,1080,11.5528,12.7524,9.91334,1,1,0,0,0,0
1080,2,candidate,774,1280,720,1920,1080,11.5046,12.7376,10.1294,1,1,0,0,0,0
1080,2,candidate,775,1280,720,1920,1080,11.4647,12.6137,10.0936,1,1,0,0,0,0
1080,2,candidate,776,1280,720,1920,1080,11.2691,12.4247,9.89389,1,1,0,0,0,0
1080,2,candidate,777,1280,720,1920,1080,11.4473,12.5664,10.0721,1,1,0,0,0,0
1080,2,candidate,778,1280,720,1920,1080,11.1729,12.2034,9.77715,1,1,0,0,0,0
1080,2,candidate,779,1280,720,1920,1080,11.604,12.5375,10.2287,1,1,0,0,0,0
1080,2,candidate,780,1280,720,1920,1080,11.2128,12.2685,9.81811,1,1,0,0,0,0
1080,2,candidate,781,1280,720,1920,1080,11.4115,12.3187,9.7833,1,1,0,0,0,0
1080,2,candidate,782,1280,720,1920,1080,9.91334,10.8794,8.53914,1,1,0,0,0,0
1080,2,candidate,783,1280,720,1920,1080,11.2814,12.1205,9.91027,1,1,0,0,0,0
1080,2,candidate,784,1280,720,1920,1080,12.4037,13.531,11.0264,1,1,0,0,0,0
1080,2,candidate,785,1280,720,1920,1080,9.76589,10.7059,8.39475,1,1,0,0,0,0
1080,2,candidate,786,1280,720,1920,1080,11.4657,12.3976,10.0884,1,1,0,0,0,0
1080,2,candidate,787,1280,720,1920,1080,12.5112,13.5198,11.135,1,1,0,0,0,0
1080,2,candidate,788,1280,720,1920,1080,11.1831,12.5432,9.80685,1,1,0,0,0,0
1080,2,candidate,789,1280,720,1920,1080,11.263,12.5215,9.88979,1,1,0,0,0,0
1080,2,candidate,790,1280,720,1920,1080,11.2097,12.5347,9.8345,1,1,0,0,0,0
1080,2,candidate,791,1280,720,1920,1080,11.2742,12.3554,9.61229,1,1,0,0,0,0
1080,2,candidate,792,1280,720,1920,1080,11.2056,12.4252,9.8304,1,1,0,0,0,0
1080,2,candidate,793,1280,720,1920,1080,11.2333,12.6948,9.8601,1,1,0,0,0,0
1080,2,candidate,794,1280,720,1920,1080,11.1759,12.4318,9.79968,1,1,0,0,0,0
1080,2,candidate,795,1280,720,1920,1080,11.3367,12.4686,9.67885,1,1,0,0,0,0
1080,2,candidate,796,1280,720,1920,1080,11.4872,12.3992,9.84576,1,1,0,0,0,0
1080,2,candidate,797,1280,720,1920,1080,11.1575,12.6358,9.78739,1,1,0,0,0,0
1080,2,candidate,798,1280,720,1920,1080,11.135,12.3478,9.75974,1,1,0,0,0,0
1080,2,candidate,799,1280,720,1920,1080,11.2804,12.2646,9.65222,1,1,0,0,0,0
1080,2,candidate,800,1280,720,1920,1080,11.3244,12.8244,9.94918,1,1,0,0,0,0
1080,2,candidate,801,1280,720,1920,1080,11.2384,12.3625,9.61331,1,1,0,0,0,0
1080,2,candidate,802,1280,720,1920,1080,11.3224,12.4885,9.68909,1,1,0,0,0,0
1080,2,candidate,803,1280,720,1920,1080,11.477,12.6845,9.84986,1,1,0,0,0,0
1080,2,candidate,804,1280,720,1920,1080,11.1708,12.424,9.79558,1,1,0,0,0,0
1080,2,candidate,805,1280,720,1920,1080,11.2742,12.8038,9.9031,1,1,0,0,0,0
1080,2,candidate,806,1280,720,1920,1080,11.2855,12.569,9.63072,1,1,0,0,0,0
1080,2,candidate,807,1280,720,1920,1080,11.2568,12.2922,9.62355,1,1,0,0,0,0
1080,2,candidate,808,1280,720,1920,1080,11.2916,12.3456,9.65325,1,1,0,0,0,0
1080,2,candidate,809,1280,720,1920,1080,11.8999,12.9048,10.5165,1,1,0,0,0,0
1080,2,candidate,810,1280,720,1920,1080,11.3582,13.5805,9.97683,1,1,0,0,0,0
1080,2,candidate,811,1280,720,1920,1080,11.4575,12.4837,10.0833,1,1,0,0,0,0
1080,2,candidate,812,1280,720,1920,1080,11.4268,12.3362,10.0506,1,1,0,0,0,0
1080,2,candidate,813,1280,720,1920,1080,11.4227,12.4306,10.0475,1,1,0,0,0,0
1080,2,candidate,814,1280,720,1920,1080,11.2794,12.4882,9.90618,1,1,0,0,0,0
1080,2,candidate,815,1280,720,1920,1080,11.2538,12.2275,9.88262,1,1,0,0,0,0
1080,2,candidate,816,1280,720,1920,1080,11.2609,12.3327,9.88672,1,1,0,0,0,0
1080,2,candidate,817,1280,720,1920,1080,11.2712,12.215,9.89594,1,1,0,0,0,0
1080,2,candidate,818,1280,720,1920,1080,11.4289,12.4758,9.78432,1,1,0,0,0,0
1080,2,candidate,819,1280,720,1920,1080,11.4852,12.6544,9.84781,1,1,0,0,0,0
1080,2,candidate,820,1280,720,1920,1080,11.2732,12.38,9.89696,1,1,0,0,0,0
1080,2,candidate,821,1280,720,1920,1080,11.4299,12.4403,9.79354,1,1,0,0,0,0
1080,2,candidate,822,1280,720,1920,1080,11.4534,12.402,9.81606,1,1,0,0,0,0
1080,2,candidate,823,1280,720,1920,1080,11.3859,12.3929,9.74848,1,1,0,0,0,0
1080,2,candidate,824,1280,720,1920,1080,11.4719,12.6891,9.83552,1,1,0,0,0,0
1080,2,candidate,825,1280,720,1920,1080,11.265,12.3414,9.89286,1,1,0,0,0,0
1080,2,candidate,826,1280,720,1920,1080,11.5948,12.5679,9.81811,1,1,0,0,0,0
1080,2,candidate,827,1280,720,1920,1080,11.4319,12.4816,9.77203,1,1,0,0,0,0
1080,2,candidate,828,1280,720,1920,1080,11.4524,12.4513,9.81504,1,1,0,0,0,0
1080,2,candidate,829,1280,720,1920,1080,12.1303,13.3905,10.75,1,1,0,0,0,0
1080,2,candidate,830,1280,720,1920,1080,11.4872,12.7644,10.1069,1,1,0,0,0,0
1080,2,candidate,831,1280,720,1920,1080,11.008,12.1965,9.58976,1,1,0,0,0,0
1080,2,candidate,832,1280,720,1920,1080,11.2425,12.281,9.86829,1,1,0,0,0,0
1080,2,candidate,833,1280,720,1920,1080,11.4412,12.3636,10.069,1,1,0,0,0,0
1080,2,candidate,834,1280,720,1920,1080,11.4668,12.4206,10.0895,1,1,0,0,0,0
1080,2,candidate,835,1280,720,1920,1080,11.4422,12.4819,10.07,1,1,0,0,0,0
1080,2,candidate,836,1280,720,1920,1080,11.2824,12.292,9.90925,1,1,0,0,0,0
1080,2,candidate,837,1280,720,1920,1080,11.4227,12.5003,9.76179,1,1,0,0,0,0
1080,2,candidate,838,1280,720,1920,1080,11.2896,12.3252,9.91437,1,1,0,0,0,0
1080,2,candidate,839,1280,720,1920,1080,11.265,12.3461,9.89184,1,1,0,0,0,0
1080,2,candidate,840,1280,720,1920,1080,11.4729,12.5037,9.82733,1,1,0,0,0,0
1080,2,candidate,841,1280,720,1920,1080,11.2855,12.337,9.9113,1,1,0,0,0,0
1080,2,candidate,842,1280,720,1920,1080,11.4944,12.4786,9.8345,1,1,0,0,0,0
1080,2,candidate,843,1280,720,1920,1080,11.3193,12.3706,9.94509,1,1,0,0,0,0
1080,2,candidate,844,1280,720,1920,1080,11.2855,12.4861,9.90925,1,1,0,0,0,0
1080,2,candidate,845,1280,720,1920,1080,11.3756,12.4524,9.74131,1,1,0,0,0,0
1080,2,candidate,846,1280,720,1920,1080,11.4719,12.4831,9.8263,1,1,0,0,0,0
1080,2,candidate,847,1280,720,1920,1080,11.4125,12.4282,9.76589,1,1,0,0,0,0
1080,2,candidate,848,1280,720,1920,1080,11.2384,12.4203,9.86214,1,1,0,0,0,0
1080,2,candidate,849,1280,720,1920,1080,11.5282,12.577,9.89286,1,1,0,0,0,0
1080,2,candidate,850,1280,720,1920,1080,9.8775,10.9645,8.50227,1,1,0,0,0,0
1080,2,candidate,851,1280,720,1920,1080,12.1364,13.2499,10.7223,1,1,0,0,0,0
1080,2,candidate,852,1280,720,1920,1080,12.2112,13.3075,10.8206,1,1,0,0,0,0
1080,2,candidate,853,1280,720,1920,1080,11.4473,12.4715,9.8048,1,1,0,0,0,0
1080,2,candidate,854,1280,720,1920,1080,11.519,12.8134,9.87955,1,1,0,0,0,0
1080,2,candidate,855,1280,720,1920,1080,11.4289,12.5701,9.79046,1,1,0,0,0,0
1080,2,candidate,856,1280,720,1920,1080,11.4104,12.4864,10.0342,1,1,0,0,0,0
1080,2,candidate,857,1280,720,1920,1080,11.4647,12.401,10.0915,1,1,0,0,0,0
1080,2,candidate,858,1280,720,1920,1080,11.4688,12.658,10.0905,1,1,0,0,0,0
1080,2,candidate,859,1280,720,1920,1080,11.479,12.5157,10.1059,1,1,0,0,0,0
1080,2,candidate,860,1280,720,1920,1080,11.4616,12.4674,10.0884,1,1,0,0,0,0
1080,2,candidate,861,1280,720,1920,1080,11.4473,12.4409,10.0731,1,1,0,0,0,0
1080,2,candidate,862,1280,720,1920,1080,11.4801,12.4889,10.1048,1,1,0,0,0,0
1080,2,candidate,863,1280,720,1920,1080,11.0592,12.4484,9.66451,1,1,0,0,0,0
1080,2,candidate,864,1280,720,1920,1080,11.39,12.3821,10.0127,1,1,0,0,0,0
1080,2,candidate,865,1280,720,1920,1080,11.4452,12.3978,10.07,1,1,0,0,0,0
1080,2,candidate,866,1280,720,1920,1080,11.2845,12.1973,9.90618,1,1,0,0,0,0
1080,2,candidate,867,1280,720,1920,1080,11.6214,12.5923,9.88979,1,1,0,0,0,0
1080,2,candidate,868,1280,720,1920,1080,10.9926,12.1746,9.56723,1,1,0,0,0,0
1080,2,candidate,869,1280,720,1920,1080,11.3541,12.2509,9.79968,1,1,0,0,0,0
1080,2,candidate,870,1280,720,1920,1080,11.2425,12.2468,9.86419,1,1,0,0,0,0
1080,2,candidate,871,1280,720,1920,1080,11.4156,12.4491,9.7792,1,1,0,0,0,0
1080,2,candidate,872,1280,720,1920,1080,11.266,12.2669,9.6256,1,1,0,0,0,0
1080,2,candidate,873,1280,720,1920,1080,11.391,12.5228,9.72595,1,1,0,0,0,0
1080,2,candidate,874,1280,720,1920,1080,11.3224,12.2968,9.67373,1,1,0,0,0,0
1080,2,candidate,875,1280,720,1920,1080,11.1944,12.431,9.82118,1,1,0,0,0,0
1080,2,candidate,876,1280,720,1920,1080,11.3254,12.3871,9.66144,1,1,0,0,0,0
1080,2,candidate,877,1280,720,1920,1080,11.2732,12.2982,9.63891,1,1,0,0,0,0
1080,2,candidate,878,1280,720,1920,1080,11.0162,12.2953,9.63891,1,1,0,0,0,0
1080,2,candidate,879,1280,720,1920,1080,11.3971,12.5919,9.73824,1,1,0,0,0,0
1080,2,candidate,880,1280,720,1920,1080,11.2128,12.8464,9.83654,1,1,0,0,0,0
1080,2,candidate,881,1280,720,1920,1080,11.1227,12.0782,9.58976,1,1,0,0,0,0
1080,2,candidate,882,1280,720,1920,1080,11.4606,12.4817,10.0813,1,1,0,0,0,0
1080,2,candidate,883,1280,720,1920,1080,11.3039,12.3654,9.93075,1,1,0,0,0,0
1080,2,candidate,884,1280,720,1920,1080,11.2681,12.183,9.89389,1,1,0,0,0,0
1080,2,candidate,885,1280,720,1920,1080,11.0223,12.1715,9.6512,1,1,0,0,0,0
1080,2,candidate,886,1280,720,1920,1080,11.3428,12.3234,9.96454,1,1,0,0,0,0
1080,2,candidate,887,1280,720,1920,1080,10.9783,12.0808,9.6041,1,1,0,0,0,0
1080,2,candidate,888,1280,720,1920,1080,11.4934,12.5797,10.1151,1,1,0,0,0,0
1080,2,candidate,889,1280,720,1920,1080,11.3889,12.3518,9.76896,1,1,0,0,0,0
1080,2,candidate,890,1280,720,1920,1080,11.0961,12.1362,9.71878,1,1,0,0,0,0
1080,2,candidate,891,1280,720,1920,1080,11.3961,12.4088,10.0219,1,1,0,0,0,0
1080,2,candidate,892,1280,720,1920,1080,11.0275,12.2412,9.64608,1,1,0,0,0,0
1080,2,candidate,893,1280,720,1920,1080,11.3818,12.2722,10.0086,1,1,0,0,0,0
1080,2,candidate,894,1280,720,1920,1080,11.4596,12.6174,10.0792,1,1,0,0,0,0
1080,2,candidate,895,1280,720,1920,1080,11.4371,12.5311,10.0639,1,1,0,0,0,0
1080,2,candidate,896,1280,720,1920,1080,11.4504,12.5283,10.0751,1,1,0,0,0,0
1080,2,candidate,897,1280,720,1920,1080,11.2579,12.4748,9.88262,1,1,0,0,0,0
1080,2,candidate,898,1280,720,1920,1080,11.6419,12.6404,10.2646,1,1,0,0,0,0
1080,2,candidate,899,1280,720,1920,1080,11.2865,12.323,9.91027,1,1,0,0,0,0
1080,2,candidate,900,1280,720,1920,1080,11.4872,12.4397,10.1079,1,1,0,0,0,0
1080,2,candidate,901,1280,720,1920,1080,11.4514,12.4376,10.0772,1,1,0,0,0,0
1080,2,candidate,902,1280,720,1920,1080,11.5057,12.5176,10.1253,1,1,0,0,0,0
1080,2,candidate,903,1280,720,1920,1080,11.4319,12.3874,10.0567,1,1,0,0,0,0
1080,2,candidate,904,1280,720,1920,1080,11.4053,12.4315,10.027,1,1,0,0,0,0
1080,2,candidate,905,1280,720,1920,1080,11.434,12.599,10.0598,1,1,0,0,0,0
1080,2,candidate,906,1280,720,1920,1080,11.4145,12.4246,10.0362,1,1,0,0,0,0
1080,2,candidate,907,1280,720,1920,1080,11.4473,12.6034,10.0721,1,1,0,0,0,0
1080,2,candidate,908,1280,720,1920,1080,11.2835,12.3139,9.90925,1,1,0,0,0,0
1080,2,candidate,909,1280,720,1920,1080,11.5333,12.4938,10.1601,1,1,0,0,0,0
1080,2,candidate,910,1280,720,1920,1080,11.4627,12.5475,10.0854,1,1,0,0,0,0
1080,2,candidate,911,1280,720,1920,1080,11.3224,12.456,9.95021,1,1,0,0,0,0
1080,2,candidate,912,1280,720,1920,1080,11.5763,12.7384,9.95226,1,1,0,0,0,0
1080,2,candidate,913,1280,720,1920,1080,11.2763,12.2637,9.65325,1,1,0,0,0,0
1080,2,candidate,914,1280,720,1920,1080,11.2579,12.193,9.8816,1,1,0,0,0,0
1080,2,candidate,915,1280,720,1920,1080,11.3838,12.4203,10.0106,1,1,0,0,0,0
1080,2,candidate,916,1280,720,1920,1080,11.2579,12.1642,9.88058,1,1,0,0,0,0
1080,2,candidate,917,1280,720,1920,1080,11.2364,12.1772,9.86112,1,1,0,0,0,0
1080,2,candidate,918,1280,720,1920,1080,11.2783,12.2028,9.64608,1,1,0,0,0,0
1080,2,candidate,919,1280,720,1920,1080,11.4381,12.445,9.80275,1,1,0,0,0,0
1080,2,candidate,920,1280,720,1920,1080,11.2876,12.2096,9.6512,1,1,0,0,0,0
1080,2,candidate,921,1280,720,1920,1080,11.2445,12.226,9.61024,1,1,0,0,0,0
1080,2,candidate,922,1280,720,1920,1080,11.2097,12.4381,9.83142,1,1,0,0,0,0
1080,2,candidate,923,1280,720,1920,1080,11.1923,12.4155,9.81811,1,1,0,0,0,0
1080,2,candidate,924,1280,720,1920,1080,11.305,12.5245,9.92768,1,1,0,0,0,0
1080,2,candidate,925,1280,720,1920,1080,11.2876,12.3613,9.91334,1,1,0,0,0,0
1080,2,candidate,926,1280,720,1920,1080,9.73005,10.6362,8.35686,1,1,0,0,0,0
1080,2,candidate,927,1280,720,1920,1080,13.0652,14.0582,11.6593,1,1,0,0,0,0
1080,2,candidate,928,1280,720,1920,1080,11.4964,12.4237,9.84166,1,1,0,0,0,0
1080,2,candidate,929,1280,720,1920,1080,11.1032,12.604,9.73005,1,1,0,0,0,0
1080,2,candidate,930,1280,720,1920,1080,11.2353,12.639,9.85702,1,1,0,0,0,0
1080,2,candidate,931,1280,720,1920,1080,11.3152,12.5002,9.66861,1,1,0,0,0,0
1080,2,candidate,932,1280,720,1920,1080,11.1391,12.3522,9.76077,1,1,0,0,0,0
1080,2,candidate,933,1280,720,1920,1080,11.2599,12.4823,9.88672,1,1,0,0,0,0
1080,2,candidate,934,1280,720,1920,1080,9.99424,11.0681,8.61798,1,1,0,0,0,0
1080,2,candidate,935,1280,720,1920,1080,9.36346,10.4275,7.98925,1,1,0,0,0,0
1080,2,candidate,936,1280,720,1920,1080,12.7273,13.7897,9.95226,1,1,0,0,0,0
1080,2,candidate,937,1280,720,1920,1080,11.1442,12.2693,9.76998,1,1,0,0,0,0
1080,2,candidate,938,1280,720,1920,1080,11.392,12.4013,10.0127,1,1,0,0,0,0
1080,2,candidate,939,1280,720,1920,1080,11.392,12.3217,10.0157,1,1,0,0,0,0
1080,2,candidate,940,1280,720,1920,1080,11.2568,12.1883,9.8775,1,1,0,0,0,0
1080,2,candidate,941,1280,720,1920,1080,11.2804,12.3784,9.90618,1,1,0,0,0,0
1080,2,candidate,942,1280,720,1920,1080,11.4647,12.4911,9.80992,1,1,0,0,0,0
1080,2,candidate,943,1280,720,1920,1080,11.4964,12.5142,9.856,1,1,0,0,0,0
1080,2,candidate,944,1280,720,1920,1080,11.2384,12.2135,9.856,1,1,0,0,0,0
1080,2,candidate,945,1280,720,1920,1080,11.5343,12.4612,9.8775,1,1,0,0,0,0
1080,2,candidate,946,1280,720,1920,1080,11.4811,12.5187,9.82835,1,1,0,0,0,0
1080,2,candidate,947,1280,720,1920,1080,11.436,12.3809,9.78022,1,1,0,0,0,0
1080,2,candidate,948,1280,720,1920,1080,11.4627,12.4404,9.81197,1,1,0,0,0,0
1080,2,candidate,949,1280,720,1920,1080,11.4565,12.4219,9.81504,1,1,0,0,0,0
1080,2,candidate,950,1280,720,1920,1080,11.6756,12.64,9.81504,1,1,0,0,0,0
1080,2,candidate,951,1280,720,1920,1080,11.3111,12.5248,9.9369,1,1,0,0,0,0
1080,2,candidate,952,1280,720,1920,1080,11.4545,12.4042,9.79763,1,1,0,0,0,0
1080,2,candidate,953,1280,720,1920,1080,11.4596,12.4107,9.78842,1,1,0,0,0,0
1080,2,candidate,954,1280,720,1920,1080,11.5067,12.5685,9.84781,1,1,0,0,0,0
1080,2,candidate,955,1280,720,1920,1080,11.4821,12.448,9.8263,1,1,0,0,0,0
1080,2,candidate,956,1280,720,1920,1080,11.2916,12.5785,9.91437,1,1,0,0,0,0
1080,2,candidate,957,1280,720,1920,1080,11.4831,12.5001,9.80685,1,1,0,0,0,0
1080,2,candidate,958,1280,720,1920,1080,11.4924,12.5567,9.84064,1,1,0,0,0,0
1080,2,candidate,959,1280,720,1920,1080,11.4852,12.5206,9.83142,1,1,0,0,0,0
1080,2,candidate,960,1280,720,1920,1080,11.5405,12.4997,9.81094,1,1,0,0,0,0
1080,2,candidate,961,1280,720,1920,1080,11.4954,12.5575,9.8304,1,1,0,0,0,0
1080,2,candidate,962,1280,720,1920,1080,11.2957,12.3243,9.91744,1,1,0,0,0,0
1080,2,candidate,963,1280,720,1920,1080,11.4729,12.5057,9.82118,1,1,0,0,0,0
1080,2,candidate,964,1280,720,1920,1080,11.5077,12.5638,9.83347,1,1,0,0,0,0
1080,2,candidate,965,1280,720,1920,1080,11.2947,12.4477,9.91539,1,1,0,0,0,0
1080,2,candidate,966,1280,720,1920,1080,11.4299,12.4195,9.76589,1,1,0,0,0,0
1080,2,candidate,967,1280,720,1920,1080,11.3766,12.532,10.0014,1,1,0,0,0,0
1080,2,candidate,968,1280,720,1920,1080,11.4893,12.5676,9.81504,1,1,0,0,0,0
1080,2,candidate,969,1280,720,1920,1080,11.2579,12.2736,9.8816,1,1,0,0,0,0
1080,2,candidate,970,1280,720,1920,1080,11.348,12.3307,9.96659,1,1,0,0,0,0
1080,2,candidate,971,1280,720,1920,1080,11.5292,12.6121,9.81606,1,1,0,0,0,0
1080,2,candidate,972,1280,720,1920,1080,11.392,12.5322,10.0116,1,1,0,0,0,0
1080,2,candidate,973,1280,720,1920,1080,11.351,12.3935,9.97683,1,1,0,0,0,0
1080,2,candidate,974,1280,720,1920,1080,11.2824,12.2426,9.9031,1,1,0,0,0,0
1080,2,candidate,975,1280,720,1920,1080,11.5589,12.6577,9.88467,1,1,0,0,0,0
1080,2,candidate,976,1280,720,1920,1080,11.4278,12.6571,10.0485,1,1,0,0,0,0
1080,2,candidate,977,1280,720,1920,1080,11.4688,12.6014,9.81504,1,1,0,0,0,0
1080,2,candidate,978,1280,720,1920,1080,11.8876,12.9257,10.5073,1,1,0,0,0,0
1080,2,candidate,979,1280,720,1920,1080,11.2916,12.2819,9.91642,1,1,0,0,0,0
1080,2,candidate,980,1280,720,1920,1080,11.3193,12.3605,9.8816,1,1,0,0,0,0
1080,2,candidate,981,1280,720,1920,1080,11.3285,12.3937,9.95328,1,1,0,0,0,0
1080,2,candidate,982,1280,720,1920,1080,11.3091,12.355,9.92973,1,1,0,0,0,0
1080,2,candidate,983,1280,720,1920,1080,12.0678,13.2188,10.6854,1,1,0,0,0,0
1080,2,candidate,984,1280,720,1920,1080,11.2916,12.2996,9.91334,1,1,0,0,0,0
1080,2,candidate,985,1280,720,1920,1080,11.4852,12.4085,10.1069,1,1,0,0,0,0
1080,2,candidate,986,1280,720,1920,1080,11.9552,13.0759,10.5748,1,1,0,0,0,0
1080,2,candidate,987,1280,720,1920,1080,11.266,12.3721,9.88877,1,1,0,0,0,0
1080,2,candidate,988,1280,720,1920,1080,11.3674,12.2768,9.73517,1,1,0,0,0,0
1080,2,candidate,989,1280,720,1920,1080,11.306,12.2756,9.68192,1,1,0,0,0,0
1080,2,candidate,990,1280,720,1920,1080,11.4698,12.3659,10.0895,1,1,0,0,0,0
1080,2,candidate,991,1280,720,1920,1080,11.2671,12.3344,9.89082,1,1,0,0,0,0
1080,2,candidate,992,1280,720,1920,1080,11.3132,12.3034,9.9287,1,1,0,0,0,0
1080,2,candidate,993,1280,720,1920,1080,11.4493,12.6772,9.79046,1,1,0,0,0,0
1080,2,candidate,994,1280,720,1920,1080,11.264,12.2782,9.8857,1,1,0,0,0,0
1080,2,candidate,995,1280,720,1920,1080,11.8006,12.8335,10.4233,1,1,0,0,0,0
1080,2,candidate,996,1280,720,1920,1080,11.4176,12.3928,10.0393,1,1,0,0,0,0
1080,2,candidate,997,1280,720,1920,1080,11.4545,12.4273,10.0782,1,1,0,0,0,0
1080,2,candidate,998,1280,720,1920,1080,11.2824,12.2006,9.90106,1,1,0,0,0,0
1080,2,candidate,999,1280,720,1920,1080,12.1477,13.2657,10.7704,1,1,0,0,0,0
1080,2,candidate,1000,1280,720,1920,1080,13.225,14.6218,10.8902,1,1,0,0,0,0
1080,2,candidate,1001,1280,720,1920,1080,12.2583,13.8214,10.881,1,1,0,0,0,0
1080,2,candidate,1002,1280,720,1920,1080,12.1078,14.5347,10.7284,1,1,0,0,0,0
1080,2,candidate,1003,1280,720,1920,1080,12.6474,13.7672,11.2282,1,1,0,0,0,0
1080,2,candidate,1004,1280,720,1920,1080,11.1718,12.2816,9.79251,1,1,0,0,0,0
1080,2,candidate,1005,1280,720,1920,1080,13.8506,14.9422,10.7356,1,1,0,0,0,0
1080,2,candidate,1006,1280,720,1920,1080,12.9802,14.3383,10.3711,1,1,0,0,0,0
1080,2,candidate,1007,1280,720,1920,1080,11.4545,12.8885,9.90413,1,1,0,0,0,0
1080,2,candidate,1008,1280,720,1920,1080,12.2726,13.3356,10.8728,1,1,0,0,0,0
1080,2,candidate,1009,1280,720,1920,1080,13.355,14.6395,11.0346,1,1,0,0,0,0
1080,2,candidate,1010,1280,720,1920,1080,11.1094,12.5838,9.73005,1,1,0,0,0,0
1080,2,candidate,1011,1280,720,1920,1080,11.308,12.2389,9.93382,1,1,0,0,0,0
1080,2,candidate,1012,1280,720,1920,1080,11.1636,12.5473,9.78534,1,1,0,0,0,0
1080,2,candidate,1013,1280,720,1920,1080,11.4903,12.4424,10.114,1,1,0,0,0,0
1080,2,candidate,1014,1280,720,1920,1080,11.0438,12.2545,9.66554,1,1,0,0,0,0
1080,2,candidate,1015,1280,720,1920,1080,11.4657,12.5241,10.0884,1,1,0,0,0,0
1080,2,candidate,1016,1280,720,1920,1080,11.6367,12.6764,9.12282,1,1,0,0,0,0
1080,2,candidate,1017,1280,720,1920,1080,11.092,12.2295,9.71571,1,1,0,0,0,0
1080,2,candidate,1018,1280,720,1920,1080,11.3306,12.3456,9.95021,1,1,0,0,0,0
1080,2,candidate,1019,1280,720,1920,1080,11.3459,12.515,9.97171,1,1,0,0,0,0
1080,2,candidate,1020,1280,720,1920,1080,11.4135,12.4549,10.0352,1,1,0,0,0,0
1080,2,candidate,1021,1280,720,1920,1080,11.8395,13.7074,10.4612,1,1,0,0,0,0
1080,2,candidate,1022,1280,720,1920,1080,17.0824,18.3093,13.9909,1,1,0,0,0,0
1080,2,candidate,1023,1280,720,1920,1080,14.5469,17.1764,12.7048,1,1,0,0,0,0
1080,2,candidate,1024,1280,720,1920,1080,15.5064,16.6419,12.6566,1,1,0,0,0,0
1080,2,candidate,1025,1280,720,1920,1080,14.9443,16.5515,12.4692,1,1,0,0,0,0
1080,2,candidate,1026,1280,720,1920,1080,13.1318,14.6013,11.7504,1,1,0,0,0,0
1080,2,candidate,1027,1280,720,1920,1080,13.7871,15.7779,12.0474,1,1,0,0,0,0
1080,2,candidate,1028,1280,720,1920,1080,15.3702,16.666,13.5977,1,1,0,0,0,0
1080,2,candidate,1029,1280,720,1920,1080,18.1402,19.3845,15.5556,1,1,0,0,0,0
1080,2,candidate,1030,1280,720,1920,1080,14.207,15.9392,12.8225,1,1,0,0,0,0
1080,2,candidate,1031,1280,720,1920,1080,14.3309,15.7173,11.902,1,1,0,0,0,0
1080,2,candidate,1032,1280,720,1920,1080,14.1865,16.1045,12.7969,1,1,0,0,0,0
1080,2,candidate,1033,1280,720,1920,1080,14.5787,17.0136,12.418,1,1,0,0,0,0
1080,2,candidate,1034,1280,720,1920,1080,15.2648,17.1137,13.098,1,1,0,0,0,0
1080,2,candidate,1035,1280,720,1920,1080,14.292,15.4248,12.9024,1,1,0,0,0,0
1080,2,candidate,1036,1280,720,1920,1080,11.7914,14.0958,10.1734,1,1,0,0,0,0
1080,2,candidate,1037,1280,720,1920,1080,12.2429,13.158,10.4499,1,1,0,0,0,0
1080,2,candidate,1038,1280,720,1920,1080,12.5389,13.4872,10.9804,1,1,0,0,0,0
1080,2,candidate,1039,1280,720,1920,1080,14.5684,15.4906,11.266,1,1,0,0,0,0
1080,2,candidate,1040,1280,720,1920,1080,12.7478,13.7073,11.3582,1,1,0,0,0,0
1080,2,candidate,1041,1280,720,1920,1080,12.2931,13.2165,10.9158,1,1,0,0,0,0
1080,2,candidate,1042,1280,720,1920,1080,12.2051,13.2876,10.8247,1,1,0,0,0,0
1080,2,candidate,1043,1280,720,1920,1080,12.8061,13.7779,11.1749,1,1,0,0,0,0
1080,2,candidate,1044,1280,720,1920,1080,12.1211,13.0243,10.3229,1,1,0,0,0,0
1080,2,candidate,1045,1280,720,1920,1080,12.7273,13.6638,11.3459,1,1,0,0,0,0
1080,2,candidate,1046,1280,720,1920,1080,14.7507,15.6631,12.1897,1,1,0,0,0,0
1080,2,candidate,1047,1280,720,1920,1080,12.5583,13.4579,11.1821,1,1,0,0,0,0
1080,2,candidate,1048,1280,720,1920,1080,12.3249,13.2183,10.9425,1,1,0,0,0,0
1080,2,candidate,1049,1280,720,1920,1080,12.1446,13.3712,10.7684,1,1,0,0,0,0
1080,2,candidate,1050,1280,720,1920,1080,12.7365,13.8907,11.179,1,1,0,0,0,0
1080,2,candidate,1051,1280,720,1920,1080,12.6054,13.5395,11.2292,1,1,0,0,0,0
1080,2,candidate,1052,1280,720,1920,1080,12.3566,13.3024,10.9752,1,1,0,0,0,0
1080,2,candidate,1053,1280,720,1920,1080,14.6668,15.9113,13.2905,1,1,0,0,0,0
1080,2,candidate,1054,1280,720,1920,1080,12.4549,13.5827,11.0756,1,1,0,0,0,0
1080,2,candidate,1055,1280,720,1920,1080,12.5389,13.6188,10.7469,1,1,0,0,0,0
1080,2,candidate,1056,1280,720,1920,1080,13.0888,13.9959,11.5292,1,1,0,0,0,0
1080,2,candidate,1057,1280,720,1920,1080,14.4988,15.4398,11.2282,1,1,0,0,0,0
1080,2,candidate,1058,1280,720,1920,1080,14.8726,15.7387,11.4985,1,1,0,0,0,0
1080,2,candidate,1059,1280,720,1920,1080,12.2296,13.171,10.5912,1,1,0,0,0,0
1080,2,candidate,1060,1280,720,1920,1080,14.4333,15.5007,10.794,1,1,0,0,0,0
1080,2,candidate,1061,1280,720,1920,1080,11.8129,13.0473,10.4346,1,1,0,0,0,0
1080,2,candidate,1062,1280,720,1920,1080,12.119,13.1153,10.3414,1,1,0,0,0,0
1080,2,candidate,1063,1280,720,1920,1080,12.6321,13.5445,11.0961,1,1,0,0,0,0
1080,2,candidate,1064,1280,720,1920,1080,12.414,13.3256,11.0336,1,1,0,0,0,0
1080,2,candidate,1065,1280,720,1920,1080,12.0566,13.4164,10.6813,1,1,0,0,0,0
1080,2,candidate,1066,1280,720,1920,1080,12.4989,13.4762,10.7981,1,1,0,0,0,0
1080,2,candidate,1067,1280,720,1920,1080,15.2504,16.151,11.3449,1,1,0,0,0,0
1080,2,candidate,1068,1280,720,1920,1080,12.0484,13.1698,10.4305,1,1,0,0,0,0
1080,2,candidate,1069,1280,720,1920,1080,14.6063,15.6403,11.1278,1,1,0,0,0,0
1080,2,candidate,1070,1280,720,1920,1080,12.0361,13.0044,10.4059,1,1,0,0,0,0
1080,2,candidate,1071,1280,720,1920,1080,12.0668,12.9975,10.4253,1,1,0,0,0,0
1080,2,candidate,1072,1280,720,1920,1080,12.6863,13.6575,11.305,1,1,0,0,0,0
1080,2,candidate,1073,1280,720,1920,1080,12.2685,13.13,10.8892,1,1,0,0,0,0
1080,2,candidate,1074,1280,720,1920,1080,11.8313,13.4282,10.4489,1,1,0,0,0,0
1080,2,candidate,1075,1280,720,1920,1080,13.6059,14.7239,12.0556,1,1,0,0,0,0
1080,2,candidate,1076,1280,720,1920,1080,13.6397,14.6476,12.2583,1,1,0,0,0,0
1080,2,candidate,1077,1280,720,1920,1080,12.0105,13.0378,10.3803,1,1,0,0,0,0
1080,2,candidate,1078,1280,720,1920,1080,14.8838,15.9032,11.2558,1,1,0,0,0,0
1080,2,candidate,1079,1280,720,1920,1080,12.1702,13.3525,10.5595,1,1,0,0,0,0
1080,2,candidate,1080,1280,720,1920,1080,12.1272,13.072,10.497,1,1,0,0,0,0
1080,2,candidate,1081,1280,720,1920,1080,12.6003,13.5095,11.2128,1,1,0,0,0,0
1080,2,candidate,1082,1280,720,1920,1080,12.3423,13.2519,10.964,1,1,0,0,0,0
1080,2,candidate,1083,1280,720,1920,1080,11.9439,12.9507,10.5636,1,1,0,0,0,0
1080,2,candidate,1084,1280,720,1920,1080,12.2061,13.2201,10.5902,1,1,0,0,0,0
1080,2,candidate,1085,1280,720,1920,1080,12.289,13.3851,10.4673,1,1,0,0,0,0
1080,2,candidate,1086,1280,720,1920,1080,11.9869,13.5114,10.6056,1,1,0,0,0,0
1080,2,candidate,1087,1280,720,1920,1080,12.3628,13.2177,10.9865,1,1,0,0,0,0
1080,2,candidate,1088,1280,720,1920,1080,12.0699,12.9937,10.6906,1,1,0,0,0,0
1080,2,candidate,1089,1280,720,1920,1080,11.8528,13.2224,10.4776,1,1,0,0,0,0
1080,2,candidate,1090,1280,720,1920,1080,13.2823,14.2025,11.4913,1,1,0,0,0,0
1080,2,candidate,1091,1280,720,1920,1080,13.6878,14.7342,12.3136,1,1,0,0,0,0
1080,2,candidate,1092,1280,720,1920,1080,12.4293,13.6098,10.6301,1,1,0,0,0,0
1080,2,candidate,1093,1280,720,1920,1080,12.8154,13.9786,10.7489,1,1,0,0,0,0
1080,2,candidate,1094,1280,720,1920,1080,11.0797,12.6682,9.6983,1,1,0,0,0,0
1080,2,candidate,1095,1280,720,1920,1080,12.0074,12.9599,10.6301,1,1,0,0,0,0
1080,2,candidate,1096,1280,720,1920,1080,12.0596,12.9277,10.6772,1,1,0,0,0,0
1080,2,candidate,1097,1280,720,1920,1080,14.5736,15.72,13.1891,1,1,0,0,0,0
1080,2,candidate,1098,1280,720,1920,1080,14.8951,15.8303,13.2352,1,1,0,0,0,0
1080,2,candidate,1099,1280,720,1920,1080,12.4795,13.3588,11.1012,1,1,0,0,0,0
1080,2,candidate,1100,1280,720,1920,1080,14.5306,15.4591,12.8881,1,1,0,0,0,0
1080,2,candidate,1101,1280,720,1920,1080,11.9951,12.866,10.6117,1,1,0,0,0,0
1080,2,candidate,1102,1280,720,1920,1080,11.6224,12.5356,10.2359,1,1,0,0,0,0
1080,2,candidate,1103,1280,720,1920,1080,12.3709,13.2948,10.9937,1,1,0,0,0,0
1080,2,candidate,1104,1280,720,1920,1080,12.2778,13.2565,10.8964,1,1,0,0,0,0
1080,2,candidate,1105,1280,720,1920,1080,12.1764,13.424,10.5626,1,1,0,0,0,0
1080,2,candidate,1106,1280,720,1920,1080,12.2092,13.1292,10.58,1,1,0,0,0,0
1080,2,candidate,1107,1280,720,1920,1080,12.1426,13.1358,10.5124,1,1,0,0,0,0
1080,2,candidate,1108,1280,720,1920,1080,14.5203,15.4289,10.8452,1,1,0,0,0,0
1080,2,candidate,1109,1280,720,1920,1080,12.5614,13.4813,10.7766,1,1,0,0,0,0
1080,2,candidate,1110,1280,720,1920,1080,12.2931,13.2672,10.9056,1,1,0,0,0,0
1080,2,candidate,1111,1280,720,1920,1080,12.3484,13.2362,10.9701,1,1,0,0,0,0
1080,2,candidate,1112,1280,720,1920,1080,12.1774,13.1166,10.796,1,1,0,0,0,0
1080,2,candidate,1113,1280,720,1920,1080,11.8159,13.1791,10.4366,1,1,0,0,0,0
1080,2,candidate,1114,1280,720,1920,1080,12.2153,13.2187,10.3997,1,1,0,0,0,0
1080,2,candidate,1115,1280,720,1920,1080,14.121,15.0529,11.8252,1,1,0,0,0,0
1080,2,candidate,1116,1280,720,1920,1080,11.7146,13.0729,10.3311,1,1,0,0,0,0
1080,2,candidate,1117,1280,720,1920,1080,12.2655,13.1787,10.6404,1,1,0,0,0,0
1080,2,candidate,1118,1280,720,1920,1080,12.7293,13.9401,10.4991,1,1,0,0,0,0
1080,2,candidate,1119,1280,720,1920,1080,10.9629,12.5584,9.58157,1,1,0,0,0,0
1080,2,candidate,1120,1280,720,1920,1080,12.4867,13.3162,11.1032,1,1,0,0,0,0
1080,2,candidate,1121,1280,720,1920,1080,12.0545,12.9313,10.6772,1,1,0,0,0,0
1080,2,candidate,1122,1280,720,1920,1080,14.6053,15.6846,13.1994,1,1,0,0,0,0
1080,2,candidate,1123,1280,720,1920,1080,12.031,12.9883,10.6516,1,1,0,0,0,0
1080,2,candidate,1124,1280,720,1920,1080,11.991,12.8896,10.6066,1,1,0,0,0,0
1080,2,candidate,1125,1280,720,1920,1080,11.8661,13.6485,10.4878,1,1,0,0,0,0
1080,2,candidate,1126,1280,720,1920,1080,12.544,13.423,10.6516,1,1,0,0,0,0
1080,2,candidate,1127,1280,720,1920,1080,11.3019,13.5939,9.92051,1,1,0,0,0,0
1080,2,candidate,1128,1280,720,1920,1080,12.6013,13.501,11.2169,1,1,0,0,0,0
1080,2,candidate,1129,1280,720,1920,1080,12.3494,13.3891,10.9732,1,1,0,0,0,0
1080,2,candidate,1130,1280,720,1920,1080,12.9331,13.9009,11.3132,1,1,0,0,0,0
1080,2,candidate,1131,1280,720,1920,1080,12.2501,13.1737,10.8739,1,1,0,0,0,0
1080,2,candidate,1132,1280,720,1920,1080,12.1958,13.0677,10.8124,1,1,0,0,0,0
1080,2,candidate,1133,1280,720,1920,1080,12.0197,13.1582,10.6424,1,1,0,0,0,0
1080,2,candidate,1134,1280,720,1920,1080,12.2245,13.2211,10.6056,1,1,0,0,0,0
1080,2,candidate,1135,1280,720,1920,1080,12.2522,13.2869,10.6025,1,1,0,0,0,0
1080,2,candidate,1136,1280,720,1920,1080,12.031,12.9431,10.3936,1,1,0,0,0,0
1080,2,candidate,1137,1280,720,1920,1080,14.5838,15.659,12.2481,1,1,0,0,0,0
1080,2,candidate,1138,1280,720,1920,1080,13.4083,14.4243,12.0228,1,1,0,0,0,0
1080,2,candidate,1139,1280,720,1920,1080,12.1293,13.0716,10.751,1,1,0,0,0,0
1080,2,candidate,1140,1280,720,1920,1080,14.848,15.7322,13.2669,1,1,0,0,0,0
1080,2,candidate,1141,1280,720,1920,1080,12.4856,13.4305,11.1063,1,1,0,0,0,0
1080,2,candidate,1142,1280,720,1920,1080,12.1559,13.0374,10.7745,1,1,0,0,0,0
1080,2,candidate,1143,1280,720,1920,1080,11.5907,12.7928,10.2134,1,1,0,0,0,0
1080,2,candidate,1144,1280,720,1920,1080,11.9091,12.9359,10.284,1,1,0,0,0,0
1080,2,candidate,1145,1280,720,1920,1080,12.5491,13.4467,10.8954,1,1,0,0,0,0
1080,2,candidate,1146,1280,720,1920,1080,12.1764,13.0239,10.3926,1,1,0,0,0,0
1080,2,candidate,1147,1280,720,1920,1080,12.329,13.1955,10.9466,1,1,0,0,0,0
1080,2,candidate,1148,1280,720,1920,1080,14.6135,15.497,11.2169,1,1,0,0,0,0
1080,2,candidate,1149,1280,720,1920,1080,12.4191,13.289,11.0377,1,1,0,0,0,0
1080,2,candidate,1150,1280,720,1920,1080,12.1252,13.067,10.7407,1,1,0,0,0,0
1080,2,candidate,1151,1280,720,1920,1080,12.2962,13.2083,10.9189,1,1,0,0,0,0
1080,2,candidate,1152,1280,720,1920,1080,14.9535,16.0777,13.5711,1,1,0,0,0,0
1080,2,candidate,1153,1280,720,1920,1080,12.0177,12.8899,10.6404,1,1,0,0,0,0
1080,2,candidate,1154,1280,720,1920,1080,12.1897,13.4373,10.5738,1,1,0,0,0,0
1080,2,candidate,1155,1280,720,1920,1080,13.438,14.3209,11.8262,1,1,0,0,0,0
1080,2,candidate,1156,1280,720,1920,1080,12.4846,13.8423,11.1002,1,1,0,0,0,0
1080,2,candidate,1157,1280,720,1920,1080,12.244,13.1583,10.8636,1,1,0,0,0,0
1080,2,candidate,1158,1280,720,1920,1080,12.6546,13.7087,10.837,1,1,0,0,0,0
1080,2,candidate,1159,1280,720,1920,1080,11.1514,13.6159,9.7751,1,1,0,0,0,0
1080,2,candidate,1160,1280,720,1920,1080,12.1907,13.1717,10.8073,1,1,0,0,0,0
1080,2,candidate,1161,1280,720,1920,1080,12.0986,13.024,10.7192,1,1,0,0,0,0
1080,2,candidate,1162,1280,720,1920,1080,12.1825,13.3547,10.5615,1,1,0,0,0,0
1080,2,candidate,1163,1280,720,1920,1080,12.7314,13.6667,11.1022,1,1,0,0,0,0
1080,2,candidate,1164,1280,720,1920,1080,12.1395,13.0565,10.6004,1,1,0,0,0,0
1080,2,candidate,1165,1280,720,1920,1080,12.5266,13.4584,11.1473,1,1,0,0,0,0
1080,2,candidate,1166,1280,720,1920,1080,12.2522,13.2157,10.8728,1,1,0,0,0,0
1080,2,candidate,1167,1280,720,1920,1080,13.015,14.0321,11.4012,1,1,0,0,0,0
1080,2,candidate,1168,1280,720,1920,1080,12.1897,13.2517,10.4008,1,1,0,0,0,0
1080,2,candidate,1169,1280,720,1920,1080,12.6362,13.5494,11.2589,1,1,0,0,0,0
1080,2,candidate,1170,1280,720,1920,1080,15.1429,16.1679,13.7605,1,1,0,0,0,0
1080,2,candidate,1171,1280,720,1920,1080,12.1436,13.0497,10.7643,1,1,0,0,0,0
1080,2,candidate,1172,1280,720,1920,1080,11.9982,12.9133,10.6138,1,1,0,0,0,0
1080,2,candidate,1173,1280,720,1920,1080,12.5358,13.4697,10.922,1,1,0,0,0,0
1080,2,candidate,1174,1280,720,1920,1080,12.5164,13.7037,10.7223,1,1,0,0,0,0
1080,2,candidate,1175,1280,720,1920,1080,12.5676,13.4565,11.1852,1,1,0,0,0,0
1080,2,candidate,1176,1280,720,1920,1080,12.0146,12.913,10.6322,1,1,0,0,0,0
1080,2,candidate,1177,1280,720,1920,1080,15.4778,16.3204,14.1005,1,1,0,0,0,0
1080,2,candidate,1178,1280,720,1920,1080,13.3827,14.4587,11.7668,1,1,0,0,0,0
1080,2,candidate,1179,1280,720,1920,1080,12.4436,13.3205,10.583,1,1,0,0,0,0
1080,2,candidate,1180,1280,720,1920,1080,12.1354,13.0175,10.5912,1,1,0,0,0,0
1080,2,candidate,1181,1280,720,1920,1080,14.3882,15.2641,10.6353,1,1,0,0,0,0
1080,2,candidate,1182,1280,720,1920,1080,12.329,13.2011,10.5472,1,1,0,0,0,0
1080,2,candidate,1183,1280,720,1920,1080,12.5256,13.4013,10.9066,1,1,0,0,0,0
1080,2,candidate,1184,1280,720,1920,1080,12.247,13.1836,10.8667,1,1,0,0,0,0
1080,2,candidate,1185,1280,720,1920,1080,12.5123,13.3741,11.136,1,1,0,0,0,0
1080,2,candidate,1186,1280,720,1920,1080,11.6367,12.9947,10.2574,1,1,0,0,0,0
1080,2,candidate,1187,1280,720,1920,1080,11.9951,12.9463,10.3731,1,1,0,0,0,0
1080,2,candidate,1188,1280,720,1920,1080,12.2706,13.1938,10.4458,1,1,0,0,0,0
1080,2,candidate,1189,1280,720,1920,1080,11.0582,13.3344,9.67987,1,1,0,0,0,0
1080,2,candidate,1190,1280,720,1920,1080,12.0648,12.9501,10.6854,1,1,0,0,0,0
1080,2,candidate,1191,1280,720,1920,1080,12.0627,12.9325,10.6875,1,1,0,0,0,0
1080,2,candidate,1192,1280,720,1920,1080,15.1327,16.1955,13.7462,1,1,0,0,0,0
1080,2,candidate,1193,1280,720,1920,1080,12.1057,13.1563,10.7284,1,1,0,0,0,0
1080,2,candidate,1194,1280,720,1920,1080,12.0166,12.9211,10.6363,1,1,0,0,0,0
1080,2,candidate,1195,1280,720,1920,1080,13.1144,14.1761,11.4606,1,1,0,0,0,0
1080,2,candidate,1196,1280,720,1920,1080,13.2372,14.1941,11.8569,1,1,0,0,0,0
1080,2,candidate,1197,1280,720,1920,1080,12.2696,13.1843,10.8923,1,1,0,0,0,0
1080,2,candidate,1198,1280,720,1920,1080,11.9122,13.2818,10.5318,1,1,0,0,0,0
1080,2,candidate,1199,1280,720,1920,1080,12.372,13.3202,10.5902,1,1,0,0,0,0
1080,2,reference,300,1280,720,1920,1080,11.1391,12.2707,9.76077,1,1,0,0,2,11059200
1080,2,reference,301,1280,720,1920,1080,11.6808,12.6289,9.86726,1,1,0,0,2,11059200
1080,2,reference,302,1280,720,1920,1080,9.46483,10.7406,8.08755,1,1,0,0,2,11059200
1080,2,reference,303,1280,720,1920,1080,12.4815,13.565,9.84781,1,1,0,0,2,11059200
1080,2,reference,304,1280,720,1920,1080,9.97274,10.996,8.59546,1,1,0,0,2,11059200
1080,2,reference,305,1280,720,1920,1080,10.7653,11.7582,9.38496,1,1,0,0,2,11059200
1080,2,reference,306,1280,720,1920,1080,11.7903,12.9592,10.409,1,1,0,0,2,11059200
1080,2,reference,307,1280,720,1920,1080,9.38598,11.9086,8.00768,1,1,0,0,2,11059200
1080,2,reference,308,1280,720,1920,1080,11.3408,12.3822,9.95942,1,1,0,0,2,11059200
1080,2,reference,309,1280,720,1920,1080,13.2864,14.5405,10.6353,1,1,0,0,2,11059200
1080,2,reference,310,1280,720,1920,1080,11.1677,12.3169,9.7536,1,1,0,0,2,11059200
1080,2,reference,311,1280,720,1920,1080,12.0607,13.09,10.4356,1,1,0,0,2,11059200
1080,2,reference,312,1280,720,1920,1080,11.4924,12.4786,10.112,1,1,0,0,2,11059200
1080,2,reference,313,1280,720,1920,1080,12.2552,13.2556,10.8739,1,1,0,0,2,11059200
1080,2,reference,314,1280,720,1920,1080,12.757,14.0486,11.3695,1,1,0,0,2,11059200
1080,2,reference,315,1280,720,1920,1080,11.5118,12.6793,9.728,1,1,0,0,2,11059200
1080,2,reference,316,1280,720,1920,1080,11.4135,12.411,9.76486,1,1,0,0,2,11059200
1080,2,reference,317,1280,720,1920,1080,11.6009,12.5997,9.86419,1,1,0,0,2,11059200
1080,2,reference,318,1280,720,1920,1080,11.8221,12.9193,10.4417,1,1,0,0,2,11059200
1080,2,reference,319,1280,720,1920,1080,11.5026,12.536,9.87136,1,1,0,0,2,11059200
1080,2,reference,320,1280,720,1920,1080,11.5896,12.9776,9.93894,1,1,0,0,2,11059200
1080,2,reference,321,1280,720,1920,1080,13.4205,14.7703,11.1196,1,1,0,0,2,11059200
1080,2,reference,322,1280,720,1920,1080,11.4831,12.5383,9.83859,1,1,0,0,2,11059200
1080,2,reference,323,1280,720,1920,1080,11.3254,12.6643,9.94611,1,1,0,0,2,11059200
1080,2,reference,324,1280,720,1920,1080,12.2399,13.6398,10.5134,1,1,0,0,2,11059200
1080,2,reference,325,1280,720,1920,1080,13.5301,16.2878,11.99,1,1,0,0,2,11059200
1080,2,reference,326,1280,720,1920,1080,12.9833,14.6465,11.604,1,1,0,0,2,11059200
1080,2,reference,327,1280,720,1920,1080,14.0687,15.5184,11.6019,1,1,0,0,2,11059200
1080,2,reference,328,1280,720,1920,1080,14.8603,16.3784,12.6382,1,1,0,0,2,11059200
1080,2,reference,329,1280,720,1920,1080,14.5961,15.708,13.0161,1,1,0,0,2,11059200
1080,2,reference,330,1280,720,1920,1080,14.2858,15.5366,10.54,1,1,0,0,2,11059200
1080,2,reference,331,1280,720,1920,1080,12.3044,13.9748,10.5411,1,1,0,0,2,11059200
1080,2,reference,332,1280,720,1920,1080,13.4554,15.291,11.5292,1,1,0,0,2,11059200
1080,2,reference,333,1280,720,1920,1080,13.996,15.1663,12.6177,1,1,0,0,2,11059200
1080,2,reference,334,1280,720,1920,1080,13.6387,15.3241,11.5149,1,1,0,0,2,11059200
1080,2,reference,335,1280,720,1920,1080,14.4138,15.6869,12.8236,1,1,0,0,2,11059200
1080,2,reference,336,1280,720,1920,1080,14.5603,15.7714,10.8268,1,1,0,0,2,11059200
1080,2,reference,337,1280,720,1920,1080,12.0945,13.1414,10.7131,1,1,0,0,2,11059200
1080,2,reference,338,1280,720,1920,1080,12.2798,13.5632,10.882,1,1,0,0,2,11059200
1080,2,reference,339,1280,720,1920,1080,11.5108,12.6667,10.1304,1,1,0,0,2,11059200
1080,2,reference,340,1280,720,1920,1080,11.3838,12.4092,9.7239,1,1,0,0,2,11059200
1080,2,reference,341,1280,720,1920,1080,11.5958,12.8411,9.94918,1,1,0,0,2,11059200
1080,2,reference,342,1280,720,1920,1080,11.5251,12.6228,9.87443,1,1,0,0,2,11059200
1080,2,reference,343,1280,720,1920,1080,11.3244,12.3845,9.94611,1,1,0,0,2,11059200
1080,2,reference,344,1280,720,1920,1080,11.3654,12.4413,9.98298,1,1,0,0,2,11059200
1080,2,reference,345,1280,720,1920,1080,11.5323,12.6353,10.1519,1,1,0,0,2,11059200
1080,2,reference,346,1280,720,1920,1080,11.3254,12.4872,9.94406,1,1,0,0,2,11059200
1080,2,reference,347,1280,720,1920,1080,11.351,12.3924,9.96966,1,1,0,0,2,11059200
1080,2,reference,348,1280,720,1920,1080,11.5702,12.9375,10.1908,1,1,0,0,2,11059200
1080,2,reference,349,1280,720,1920,1080,11.5159,12.5419,10.1366,1,1,0,0,2,11059200
1080,2,reference,350,1280,720,1920,1080,11.478,12.5048,10.0987,1,1,0,0,2,11059200
1080,2,reference,351,1280,720,1920,1080,11.3091,12.3666,9.9287,1,1,0,0,2,11059200
1080,2,reference,352,1280,720,1920,1080,11.2497,12.2644,9.7065,1,1,0,0,2,11059200
1080,2,reference,353,1280,720,1920,1080,11.2732,12.4486,9.89389,1,1,0,0,2,11059200
1080,2,reference,354,1280,720,1920,1080,12.1559,13.0791,10.452,1,1,0,0,2,11059200
1080,2,reference,355,1280,720,1920,1080,11.351,12.5313,9.97171,1,1,0,0,2,11059200
1080,2,reference,356,1280,720,1920,1080,11.3172,12.3071,9.9369,1,1,0,0,2,11059200
1080,2,reference,357,1280,720,1920,1080,11.3162,12.3789,9.93485,1,1,0,0,2,11059200
1080,2,reference,358,1280,720,1920,1080,11.308,12.5024,9.92768,1,1,0,0,2,11059200
1080,2,reference,359,1280,720,1920,1080,11.2773,12.4828,9.88262,1,1,0,0,2,11059200
1080,2,reference,360,1280,720,1920,1080,11.2804,12.3716,9.86419,1,1,0,0,2,11059200
1080,2,reference,361,1280,720,1920,1080,11.2046,12.2183,9.82426,1,1,0,0,2,11059200
1080,2,reference,362,1280,720,1920,1080,11.3234,12.3651,9.94099,1,1,0,0,2,11059200
1080,2,reference,363,1280,720,1920,1080,11.5712,12.6273,10.1898,1,1,0,0,2,11059200
1080,2,reference,364,1280,720,1920,1080,11.4811,12.4975,10.0977,1,1,0,0,2,11059200
1080,2,reference,365,1280,720,1920,1080,11.2998,12.3897,9.90413,1,1,0,0,2,11059200
1080,2,reference,366,1280,720,1920,1080,11.2558,12.4476,9.87443,1,1,0,0,2,11059200
1080,2,reference,367,1280,720,1920,1080,11.7832,12.7289,10.114,1,1,0,0,2,11059200
1080,2,reference,368,1280,720,1920,1080,11.4125,12.4418,10.0311,1,1,0,0,2,11059200
1080,2,reference,369,1280,720,1920,1080,11.7975,12.7953,10.1652,1,1,0,0,2,11059200
1080,2,reference,370,1280,720,1920,1080,11.3265,12.2968,9.94714,1,1,0,0,2,11059200
1080,2,reference,371,1280,720,1920,1080,11.2957,12.3399,9.91642,1,1,0,0,2,11059200
1080,2,reference,372,1280,720,1920,1080,11.3193,12.3846,9.9369,1,1,0,0,2,11059200
1080,2,reference,373,1280,720,1920,1080,11.5005,12.5575,10.1212,1,1,0,0,2,11059200
1080,2,reference,374,1280,720,1920,1080,11.476,12.5532,10.0946,1,1,0,0,2,11059200
1080,2,reference,375,1280,720,1920,1080,11.2558,12.379,9.86829,1,1,0,0,2,11059200
1080,2,reference,376,1280,720,1920,1080,11.5282,12.6151,10.1478,1,1,0,0,2,11059200
1080,2,reference,377,1280,720,1920,1080,11.3019,12.3279,9.92256,1,1,0,0,2,11059200
1080,2,reference,378,1280,720,1920,1080,11.5702,12.8337,10.1919,1,1,0,0,2,11059200
1080,2,reference,379,1280,720,1920,1080,11.6593,12.7703,10.2636,1,1,0,0,2,11059200
1080,2,reference,380,1280,720,1920,1080,11.0295,12.1667,9.6512,1,1,0,0,2,11059200
1080,2,reference,381,1280,720,1920,1080,11.3265,12.2988,9.94611,1,1,0,0,2,11059200
1080,2,reference,382,1280,720,1920,1080,11.3551,12.3615,9.97478,1,1,0,0,2,11059200
1080,2,reference,383,1280,720,1920,1080,11.4545,12.3902,10.0741,1,1,0,0,2,11059200
1080,2,reference,384,1280,720,1920,1080,11.4934,12.5051,10.114,1,1,0,0,2,11059200
1080,2,reference,385,1280,720,1920,1080,11.5487,12.5192,10.1673,1,1,0,0,2,11059200
1080,2,reference,386,1280,720,1920,1080,11.4473,12.3916,10.0669,1,1,0,0,2,11059200
1080,2,reference,387,1280,720,1920,1080,11.4627,12.4926,10.0813,1,1,0,0,2,11059200
1080,2,reference,388,1280,720,1920,1080,11.3613,12.3561,9.9799,1,1,0,0,2,11059200
1080,2,reference,389,1280,720,1920,1080,11.522,12.7575,10.1427,1,1,0,0,2,11059200
1080,2,reference,390,1280,720,1920,1080,11.4995,12.6712,10.1161,1,1,0,0,2,11059200
1080,2,reference,391,1280,720,1920,1080,11.3234,12.3598,9.94406,1,1,0,0,2,11059200
1080,2,reference,392,1280,720,1920,1080,11.3459,12.377,9.96659,1,1,0,0,2,11059200
1080,2,reference,393,1280,720,1920,1080,11.522,12.4457,10.1396,1,1,0,0,2,11059200
1080,2,reference,394,1280,720,1920,1080,11.5743,12.5644,10.1878,1,1,0,0,2,11059200
1080,2,reference,395,1280,720,1920,1080,11.3357,12.2885,9.95226,1,1,0,0,2,11059200
1080,2,reference,396,1280,720,1920,1080,12.1231,13.1952,10.7448,1,1,0,0,2,11059200
1080,2,reference,397,1280,720,1920,1080,12.4959,13.8933,11.0664,1,1,0,0,2,11059200
1080,2,reference,398,1280,720,1920,1080,11.7064,12.772,10.0495,1,1,0,0,2,11059200
1080,2,reference,399,1280,720,1920,1080,11.7033,12.6553,10.0495,1,1,0,0,2,11059200
1080,2,reference,400,1280,720,1920,1080,11.5569,12.8363,9.91437,1,1,0,0,2,11059200
1080,2,reference,401,1280,720,1920,1080,11.5814,12.6079,9.92768,1,1,0,0,2,11059200
1080,2,reference,402,1280,720,1920,1080,11.5374,12.5758,9.8816,1,1,0,0,2,11059200
1080,2,reference,403,1280,720,1920,1080,11.6736,13.3254,9.99014,1,1,0,0,2,11059200
1080,2,reference,404,1280,720,1920,1080,11.562,12.6005,10.1796,1,1,0,0,2,11059200
1080,2,reference,405,1280,720,1920,1080,11.3603,12.3975,9.97888,1,1,0,0,2,11059200
1080,2,reference,406,1280,720,1920,1080,11.4749,12.6952,10.0936,1,1,0,0,2,11059200
1080,2,reference,407,1280,720,1920,1080,11.5405,12.7707,9.92461,1,1,0,0,2,11059200
1080,2,reference,408,1280,720,1920,1080,11.1155,12.1705,9.71981,1,1,0,0,2,11059200
1080,2,reference,409,1280,720,1920,1080,11.5528,12.5718,9.90106,1,1,0,0,2,11059200
1080,2,reference,410,1280,720,1920,1080,11.3848,12.3858,10.0055,1,1,0,0,2,11059200
1080,2,reference,411,1280,720,1920,1080,11.5036,12.5094,10.1233,1,1,0,0,2,11059200
1080,2,reference,412,1280,720,1920,1080,11.1073,12.2669,9.71674,1,1,0,0,2,11059200
1080,2,reference,413,1280,720,1920,1080,11.607,12.7874,10.2308,1,1,0,0,2,11059200
1080,2,reference,414,1280,720,1920,1080,11.3459,12.6922,9.96352,1,1,0,0,2,11059200
1080,2,reference,415,1280,720,1920,1080,11.3009,12.2706,9.92154,1,1,0,0,2,11059200
1080,2,reference,416,1280,720,1920,1080,11.3254,12.4048,9.94714,1,1,0,0,2,11059200
1080,2,reference,417,1280,720,1920,1080,11.3807,12.4079,10.0004,1,1,0,0,2,11059200
1080,2,reference,418,1280,720,1920,1080,11.5384,12.6631,10.1581,1,1,0,0,2,11059200
1080,2,reference,419,1280,720,1920,1080,11.3521,12.5085,9.97274,1,1,0,0,2,11059200
1080,2,reference,420,1280,720,1920,1080,11.3981,12.3561,10.0147,1,1,0,0,2,11059200
1080,2,reference,421,1280,720,1920,1080,11.3244,12.3182,9.94816,1,1,0,0,2,11059200
1080,2,reference,422,1280,720,1920,1080,11.5231,12.5605,10.1417,1,1,0,0,2,11059200
1080,2,reference,423,1280,720,1920,1080,11.3408,12.3733,9.9625,1,1,0,0,2,11059200
1080,2,reference,424,1280,720,1920,1080,11.3459,12.4046,9.96966,1,1,0,0,2,11059200
1080,2,reference,425,1280,720,1920,1080,11.6009,12.5615,10.1478,1,1,0,0,2,11059200
1080,2,reference,426,1280,720,1920,1080,11.5497,12.8145,10.1704,1,1,0,0,2,11059200
1080,2,reference,427,1280,720,1920,1080,11.3418,12.4759,9.9625,1,1,0,0,2,11059200
1080,2,reference,428,1280,720,1920,1080,11.1462,12.3149,9.74848,1,1,0,0,2,11059200
1080,2,reference,429,1280,720,1920,1080,11.5118,12.6263,10.1315,1,1,0,0,2,11059200
1080,2,reference,430,1280,720,1920,1080,11.4033,12.5781,10.025,1,1,0,0,2,11059200
1080,2,reference,431,1280,720,1920,1080,11.35,12.4765,9.97171,1,1,0,0,2,11059200
1080,2,reference,432,1280,720,1920,1080,11.3449,12.3851,9.96147,1,1,0,0,2,11059200
1080,2,reference,433,1280,720,1920,1080,11.5661,13.0633,10.1878,1,1,0,0,2,11059200
1080,2,reference,434,1280,720,1920,1080,11.4176,12.8378,10.0383,1,1,0,0,2,11059200
1080,2,reference,435,1280,720,1920,1080,11.6992,12.7261,10.3229,1,1,0,0,2,11059200
1080,2,reference,436,1280,720,1920,1080,11.3388,12.4176,9.74029,1,1,0,0,2,11059200
1080,2,reference,437,1280,720,1920,1080,11.3777,12.5482,9.99731,1,1,0,0,2,11059200
1080,2,reference,438,1280,720,1920,1080,11.5487,12.5903,10.1693,1,1,0,0,2,11059200
1080,2,reference,439,1280,720,1920,1080,11.3234,12.3946,9.66861,1,1,0,0,2,11059200
1080,2,reference,440,1280,720,1920,1080,11.3449,12.3944,9.7024,1,1,0,0,2,11059200
1080,2,reference,441,1280,720,1920,1080,11.3879,12.5404,9.71162,1,1,0,0,2,11059200
1080,2,reference,442,1280,720,1920,1080,11.1432,12.5843,9.76589,1,1,0,0,2,11059200
1080,2,reference,443,1280,720,1920,1080,11.4227,12.6585,10.0444,1,1,0,0,2,11059200
1080,2,reference,444,1280,720,1920,1080,11.3654,12.4217,9.98502,1,1,0,0,2,11059200
1080,2,reference,445,1280,720,1920,1080,11.0971,12.2542,9.71674,1,1,0,0,2,11059200
1080,2,reference,446,1280,720,1920,1080,11.1596,12.3874,9.78227,1,1,0,0,2,11059200
1080,2,reference,447,1280,720,1920,1080,11.4401,12.3902,10.0639,1,1,0,0,2,11059200
1080,2,reference,448,1280,720,1920,1080,10.9855,12.1167,9.60717,1,1,0,0,2,11059200
1080,2,reference,449,1280,720,1920,1080,11.4084,12.4289,10.0311,1,1,0,0,2,11059200
1080,2,reference,450,1280,720,1920,1080,11.3469,12.2511,9.96864,1,1,0,0,2,11059200
1080,2,reference,451,1280,720,1920,1080,11.3367,12.3777,9.95533,1,1,0,0,2,11059200
1080,2,reference,452,1280,720,1920,1080,11.4442,12.5208,10.0577,1,1,0,0,2,11059200
1080,2,reference,453,1280,720,1920,1080,11.3838,12.4505,10.0004,1,1,0,0,2,11059200
1080,2,reference,454,1280,720,1920,1080,11.3541,12.393,9.73005,1,1,0,0,2,11059200
1080,2,reference,455,1280,720,1920,1080,11.3633,12.374,9.98298,1,1,0,0,2,11059200
1080,2,reference,456,1280,720,1920,1080,11.4196,12.3822,9.79558,1,1,0,0,2,11059200
1080,2,reference,457,1280,720,1920,1080,11.0469,12.1728,9.66554,1,1,0,0,2,11059200
1080,2,reference,458,1280,720,1920,1080,11.6306,12.738,9.97888,1,1,0,0,2,11059200
1080,2,reference,459,1280,720,1920,1080,11.436,12.5416,10.0577,1,1,0,0,2,11059200
1080,2,reference,460,1280,720,1920,1080,11.351,12.4385,9.97069,1,1,0,0,2,11059200
1080,2,reference,461,1280,720,1920,1080,11.3234,12.3067,9.94202,1,1,0,0,2,11059200
1080,2,reference,462,1280,720,1920,1080,11.3715,12.5097,9.99014,1,1,0,0,2,11059200
1080,2,reference,463,1280,720,1920,1080,11.3367,12.5393,9.95942,1,1,0,0,2,11059200
1080,2,reference,464,1280,720,1920,1080,11.3213,12.3378,9.94509,1,1,0,0,2,11059200
1080,2,reference,465,1280,720,1920,1080,11.5292,12.4957,10.1509,1,1,0,0,2,11059200
1080,2,reference,466,1280,720,1920,1080,11.3746,12.4677,9.99526,1,1,0,0,2,11059200
1080,2,reference,467,1280,720,1920,1080,11.2998,12.4364,9.74643,1,1,0,0,2,11059200
1080,2,reference,468,1280,720,1920,1080,11.5036,12.5267,10.1243,1,1,0,0,2,11059200
1080,2,reference,469,1280,720,1920,1080,11.518,12.5711,10.1376,1,1,0,0,2,11059200
1080,2,reference,470,1280,720,1920,1080,11.3459,12.4167,9.96762,1,1,0,0,2,11059200
1080,2,reference,471,1280,720,1920,1080,11.3684,12.369,9.99014,1,1,0,0,2,11059200
1080,2,reference,472,1280,720,1920,1080,11.3521,12.4414,9.97069,1,1,0,0,2,11059200
1080,2,reference,473,1280,720,1920,1080,11.3388,12.3544,9.96147,1,1,0,0,2,11059200
1080,2,reference,474,1280,720,1920,1080,11.4575,12.4976,10.0782,1,1,0,0,2,11059200
1080,2,reference,475,1280,720,1920,1080,11.6746,12.7276,10.1775,1,1,0,0,2,11059200
1080,2,reference,476,1280,720,1920,1080,11.2927,12.4896,9.90106,1,1,0,0,2,11059200
1080,2,reference,477,1280,720,1920,1080,11.5661,12.6212,10.1868,1,1,0,0,2,11059200
1080,2,reference,478,1280,720,1920,1080,11.3244,12.3825,9.94509,1,1,0,0,2,11059200
1080,2,reference,479,1280,720,1920,1080,11.3336,12.5091,9.95635,1,1,0,0,2,11059200
1080,2,reference,480,1280,720,1920,1080,11.4033,12.5114,9.78534,1,1,0,0,2,11059200
1080,2,reference,481,1280,720,1920,1080,11.3736,12.3916,9.73722,1,1,0,0,2,11059200
1080,2,reference,482,1280,720,1920,1080,11.3582,12.3795,9.97786,1,1,0,0,2,11059200
1080,2,reference,483,1280,720,1920,1080,11.5302,12.5115,10.1499,1,1,0,0,2,11059200
1080,2,reference,484,1280,720,1920,1080,11.3265,12.4833,9.94816,1,1,0,0,2,11059200
1080,2,reference,485,1280,720,1920,1080,11.5046,12.5178,10.1253,1,1,0,0,2,11059200
1080,2,reference,486,1280,720,1920,1080,11.4524,12.5465,10.0741,1,1,0,0,2,11059200
1080,2,reference,487,1280,720,1920,1080,11.2988,12.2811,9.91949,1,1,0,0,2,11059200
1080,2,reference,488,1280,720,1920,1080,11.4934,12.5368,10.1089,1,1,0,0,2,11059200
1080,2,reference,489,1280,720,1920,1080,11.5323,12.6044,10.153,1,1,0,0,2,11059200
1080,2,reference,490,1280,720,1920,1080,11.3674,12.4344,9.98605,1,1,0,0,2,11059200
1080,2,reference,491,1280,720,1920,1080,11.3572,12.543,9.97786,1,1,0,0,2,11059200
1080,2,reference,492,1280,720,1920,1080,11.3766,12.5592,9.99731,1,1,0,0,2,11059200
1080,2,reference,493,1280,720,1920,1080,11.4176,12.4199,9.79763,1,1,0,0,2,11059200
1080,2,reference,494,1280,720,1920,1080,11.2957,12.3049,9.73619,1,1,0,0,2,11059200
1080,2,reference,495,1280,720,1920,1080,11.3623,12.2999,9.98605,1,1,0,0,2,11059200
1080,2,reference,496,1280,720,1920,1080,11.3848,12.3933,10.0065,1,1,0,0,2,11059200
1080,2,reference,497,1280,720,1920,1080,11.3551,12.4371,9.95738,1,1,0,0,2,11059200
1080,2,reference,498,1280,720,1920,1080,12.0883,13.053,10.4684,1,1,0,0,2,11059200
1080,2,reference,499,1280,720,1920,1080,11.9132,12.9509,10.2912,1,1,0,0,2,11059200
1080,2,reference,500,1280,720,1920,1080,11.0367,12.3633,9.65325,1,1,0,0,2,11059200
1080,2,reference,501,1280,720,1920,1080,11.3818,12.392,10.0004,1,1,0,0,2,11059200
1080,2,reference,502,1280,720,1920,1080,11.3797,12.5004,10.0014,1,1,0,0,2,11059200
1080,2,reference,503,1280,720,1920,1080,11.3183,12.4159,9.93178,1,1,0,0,2,11059200
1080,2,reference,504,1280,720,1920,1080,11.0152,12.1223,9.63686,1,1,0,0,2,11059200
1080,2,reference,505,1280,720,1920,1080,11.5507,12.6043,10.1704,1,1,0,0,2,11059200
1080,2,reference,506,1280,720,1920,1080,11.4391,12.5871,10.0526,1,1,0,0,2,11059200
1080,2,reference,507,1280,720,1920,1080,11.3244,12.2753,9.70547,1,1,0,0,2,11059200
1080,2,reference,508,1280,720,1920,1080,11.0008,12.0713,9.62048,1,1,0,0,2,11059200
1080,2,reference,509,1280,720,1920,1080,11.3797,12.538,9.99629,1,1,0,0,2,11059200
1080,2,reference,510,1280,720,1920,1080,11.3869,12.3833,10.0055,1,1,0,0,2,11059200
1080,2,reference,511,1280,720,1920,1080,11.4237,12.4657,10.0434,1,1,0,0,2,11059200
1080,2,reference,512,1280,720,1920,1080,11.4248,12.4685,10.0454,1,1,0,0,2,11059200
1080,2,reference,513,1280,720,1920,1080,11.5425,12.5077,10.1622,1,1,0,0,2,11059200
1080,2,reference,514,1280,720,1920,1080,11.3695,12.6058,9.98707,1,1,0,0,2,11059200
1080,2,reference,515,1280,720,1920,1080,11.5313,12.5945,10.153,1,1,0,0,2,11059200
1080,2,reference,516,1280,720,1920,1080,11.3275,12.3594,9.94714,1,1,0,0,2,11059200
1080,2,reference,517,1280,720,1920,1080,11.6869,12.9983,10.3076,1,1,0,0,2,11059200
1080,2,reference,518,1280,720,1920,1080,11.5702,12.7545,10.1908,1,1,0,0,2,11059200
1080,2,reference,519,1280,720,1920,1080,11.2968,12.7041,9.91949,1,1,0,0,2,11059200
1080,2,reference,520,1280,720,1920,1080,11.2906,12.5804,9.90925,1,1,0,0,2,11059200
1080,2,reference,521,1280,720,1920,1080,11.3613,12.3375,9.98093,1,1,0,0,2,11059200
1080,2,reference,522,1280,720,1920,1080,11.3347,12.4169,9.9543,1,1,0,0,2,11059200
1080,2,reference,523,1280,720,1920,1080,11.4995,12.5429,10.1222,1,1,0,0,2,11059200
1080,2,reference,524,1280,720,1920,1080,9.83347,10.8416,8.45619,1,1,0,0,2,11059200
1080,2,reference,525,1280,720,1920,1080,11.265,12.1867,9.8857,1,1,0,0,2,11059200
1080,2,reference,526,1280,720,1920,1080,11.5436,12.6093,9.89389,1,1,0,0,2,11059200
1080,2,reference,527,1280,720,1920,1080,11.3859,12.4519,10.0096,1,1,0,0,2,11059200
1080,2,reference,528,1280,720,1920,1080,11.3244,12.3522,9.94304,1,1,0,0,2,11059200
1080,2,reference,529,1280,720,1920,1080,11.5261,12.6888,9.88672,1,1,0,0,2,11059200
1080,2,reference,530,1280,720,1920,1080,11.3244,12.344,9.94406,1,1,0,0,2,11059200
1080,2,reference,531,1280,720,1920,1080,11.562,12.575,9.92563,1,1,0,0,2,11059200
1080,2,reference,532,1280,720,1920,1080,11.5712,12.7848,9.93792,1,1,0,0,2,11059200
1080,2,reference,533,1280,720,1920,1080,11.3859,12.6277,10.0045,1,1,0,0,2,11059200
1080,2,reference,534,1280,720,1920,1080,9.95226,10.9686,8.576,1,1,0,0,2,11059200
1080,2,reference,535,1280,720,1920,1080,11.4237,12.4586,10.0434,1,1,0,0,2,11059200
1080,2,reference,536,1280,720,1920,1080,11.3172,13.3352,9.92358,1,1,0,0,2,11059200
1080,2,reference,537,1280,720,1920,1080,11.2568,12.6089,8.6313,1,1,0,0,2,11059200
1080,2,reference,538,1280,720,1920,1080,11.2128,12.297,9.83245,1,1,0,0,2,11059200
1080,2,reference,539,1280,720,1920,1080,11.3203,12.3025,9.94099,1,1,0,0,2,11059200
1080,2,reference,540,1280,720,1920,1080,11.392,12.4165,10.0116,1,1,0,0,2,11059200
1080,2,reference,541,1280,720,1920,1080,11.52,12.5095,9.87443,1,1,0,0,2,11059200
1080,2,reference,542,1280,720,1920,1080,11.3377,12.4083,9.69728,1,1,0,0,2,11059200
1080,2,reference,543,1280,720,1920,1080,11.3684,12.4028,9.71981,1,1,0,0,2,11059200
1080,2,reference,544,1280,720,1920,1080,11.5558,12.7146,9.90515,1,1,0,0,2,11059200
1080,2,reference,545,1280,720,1920,1080,11.5384,12.7093,9.89491,1,1,0,0,2,11059200
1080,2,reference,546,1280,720,1920,1080,11.5773,12.8315,9.91744,1,1,0,0,2,11059200
1080,2,reference,547,1280,720,1920,1080,11.3838,12.5915,10.0055,1,1,0,0,2,11059200
1080,2,reference,548,1280,720,1920,1080,11.3623,12.4784,9.98502,1,1,0,0,2,11059200
1080,2,reference,549,1280,720,1920,1080,11.4002,12.5901,10.0219,1,1,0,0,2,11059200
1080,2,reference,550,1280,720,1920,1080,11.3777,12.4027,9.99834,1,1,0,0,2,11059200
1080,2,reference,551,1280,720,1920,1080,11.5251,12.7953,10.1458,1,1,0,0,2,11059200
1080,2,reference,552,1280,720,1920,1080,11.5466,12.7361,10.1642,1,1,0,0,2,11059200
1080,2,reference,553,1280,720,1920,1080,11.1165,12.2931,9.73414,1,1,0,0,2,11059200
1080,2,reference,554,1280,720,1920,1080,11.6316,12.567,10.0649,1,1,0,0,2,11059200
1080,2,reference,555,1280,720,1920,1080,11.2886,12.2917,9.9113,1,1,0,0,2,11059200
1080,2,reference,556,1280,720,1920,1080,11.2763,12.2992,9.90003,1,1,0,0,2,11059200
1080,2,reference,557,1280,720,1920,1080,11.3766,12.4182,9.99834,1,1,0,0,2,11059200
1080,2,reference,558,1280,720,1920,1080,11.5917,12.6541,9.95635,1,1,0,0,2,11059200
1080,2,reference,559,1280,720,1920,1080,11.5016,12.5154,10.1212,1,1,0,0,2,11059200
1080,2,reference,560,1280,720,1920,1080,11.519,12.5453,10.1407,1,1,0,0,2,11059200
1080,2,reference,561,1280,720,1920,1080,11.2415,12.3544,9.86214,1,1,0,0,2,11059200
1080,2,reference,562,1280,720,1920,1080,11.5405,12.5878,9.90003,1,1,0,0,2,11059200
1080,2,reference,563,1280,720,1920,1080,11.5159,12.574,10.1366,1,1,0,0,2,11059200
1080,2,reference,564,1280,720,1920,1080,11.2548,12.3253,9.85702,1,1,0,0,2,11059200
1080,2,reference,565,1280,720,1920,1080,11.562,12.5086,10.1827,1,1,0,0,2,11059200
1080,2,reference,566,1280,720,1920,1080,11.522,12.5332,10.1437,1,1,0,0,2,11059200
1080,2,reference,567,1280,720,1920,1080,11.4668,12.4986,10.0854,1,1,0,0,2,11059200
1080,2,reference,568,1280,720,1920,1080,11.6132,12.6532,10.2328,1,1,0,0,2,11059200
1080,2,reference,569,1280,720,1920,1080,11.3469,12.6104,9.96762,1,1,0,0,2,11059200
1080,2,reference,570,1280,720,1920,1080,11.3203,12.3668,9.94099,1,1,0,0,2,11059200
1080,2,reference,571,1280,720,1920,1080,11.3244,12.3696,9.94714,1,1,0,0,2,11059200
1080,2,reference,572,1280,720,1920,1080,11.5517,12.5099,10.1714,1,1,0,0,2,11059200
1080,2,reference,573,1280,720,1920,1080,11.2794,12.3512,9.90003,1,1,0,0,2,11059200
1080,2,reference,574,1280,720,1920,1080,11.436,12.5145,10.0557,1,1,0,0,2,11059200
1080,2,reference,575,1280,720,1920,1080,11.5149,12.6272,10.1376,1,1,0,0,2,11059200
1080,2,reference,576,1280,720,1920,1080,11.3449,12.683,9.96659,1,1,0,0,2,11059200
1080,2,reference,577,1280,720,1920,1080,11.4698,12.475,10.0905,1,1,0,0,2,11059200
1080,2,reference,578,1280,720,1920,1080,11.2599,12.2586,9.87955,1,1,0,0,2,11059200
1080,2,reference,579,1280,720,1920,1080,11.435,12.4165,9.8089,1,1,0,0,2,11059200
1080,2,reference,580,1280,720,1920,1080,11.3254,12.3065,9.94406,1,1,0,0,2,11059200
1080,2,reference,581,1280,720,1920,1080,11.3848,12.347,10.0086,1,1,0,0,2,11059200
1080,2,reference,582,1280,720,1920,1080,11.5016,12.5461,10.1222,1,1,0,0,2,11059200
1080,2,reference,583,1280,720,1920,1080,11.4719,12.4452,10.0925,1,1,0,0,2,11059200
1080,2,reference,584,1280,720,1920,1080,11.4964,12.5568,10.1171,1,1,0,0,2,11059200
1080,2,reference,585,1280,720,1920,1080,11.478,12.4332,10.0997,1,1,0,0,2,11059200
1080,2,reference,586,1280,720,1920,1080,11.5354,12.9456,10.155,1,1,0,0,2,11059200
1080,2,reference,587,1280,720,1920,1080,11.2957,12.383,9.91744,1,1,0,0,2,11059200
1080,2,reference,588,1280,720,1920,1080,11.3275,12.3455,9.94509,1,1,0,0,2,11059200
1080,2,reference,589,1280,720,1920,1080,11.3357,12.329,9.9584,1,1,0,0,2,11059200
1080,2,reference,590,1280,720,1920,1080,11.521,12.7233,10.1407,1,1,0,0,2,11059200
1080,2,reference,591,1280,720,1920,1080,11.2783,12.3415,9.89901,1,1,0,0,2,11059200
1080,2,reference,592,1280,720,1920,1080,11.5405,12.5587,10.1591,1,1,0,0,2,11059200
1080,2,reference,593,1280,720,1920,1080,11.5415,12.6672,10.1622,1,1,0,0,2,11059200
1080,2,reference,594,1280,720,1920,1080,11.2814,12.3771,9.90413,1,1,0,0,2,11059200
1080,2,reference,595,1280,720,1920,1080,11.2916,12.3944,9.91232,1,1,0,0,2,11059200
1080,2,reference,596,1280,720,1920,1080,11.3265,12.4094,9.94714,1,1,0,0,2,11059200
1080,2,reference,597,1280,720,1920,1080,11.5067,12.4707,10.1284,1,1,0,0,2,11059200
1080,2,reference,598,1280,720,1920,1080,11.5169,12.5521,10.1376,1,1,0,0,2,11059200
1080,2,reference,599,1280,720,1920,1080,11.3367,12.5823,9.9584,1,1,0,0,2,11059200
1080,2,reference,600,1280,720,1920,1080,11.5261,12.789,10.1458,1,1,0,0,2,11059200
1080,2,reference,601,1280,720,1920,1080,11.3449,12.6159,9.94816,1,1,0,0,2,11059200
1080,2,reference,602,1280,720,1920,1080,11.5272,12.4857,10.1468,1,1,0,0,2,11059200
1080,2,reference,603,1280,720,1920,1080,11.3674,12.4957,9.9799,1,1,0,0,2,11059200
1080,2,reference,604,1280,720,1920,1080,11.3295,12.3432,9.71264,1,1,0,0,2,11059200
1080,2,reference,605,1280,720,1920,1080,9.74438,10.7186,8.3671,1,1,0,0,2,11059200
1080,2,reference,606,1280,720,1920,1080,12.6771,13.7729,11.2558,1,1,0,0,2,11059200
1080,2,reference,607,1280,720,1920,1080,11.4186,12.4644,9.79046,1,1,0,0,2,11059200
1080,2,reference,608,1280,720,1920,1080,11.3019,12.3958,9.92461,1,1,0,0,2,11059200
1080,2,reference,609,1280,720,1920,1080,11.4422,12.4306,10.0639,1,1,0,0,2,11059200
1080,2,reference,610,1280,720,1920,1080,11.5128,12.4878,10.1335,1,1,0,0,2,11059200
1080,2,reference,611,1280,720,1920,1080,11.5425,12.5583,10.1622,1,1,0,0,2,11059200
1080,2,reference,612,1280,720,1920,1080,11.4913,12.6612,10.112,1,1,0,0,2,11059200
1080,2,reference,613,1280,720,1920,1080,11.2824,12.3513,9.90413,1,1,0,0,2,11059200
1080,2,reference,614,1280,720,1920,1080,11.3756,12.393,9.99526,1,1,0,0,2,11059200
1080,2,reference,615,1280,720,1920,1080,11.7565,12.7481,10.1868,1,1,0,0,2,11059200
1080,2,reference,616,1280,720,1920,1080,11.3203,12.4236,9.94202,1,1,0,0,2,11059200
1080,2,reference,617,1280,720,1920,1080,11.2855,12.3611,9.90925,1,1,0,0,2,11059200
1080,2,reference,618,1280,720,1920,1080,11.5098,12.6261,10.1315,1,1,0,0,2,11059200
1080,2,reference,619,1280,720,1920,1080,11.3142,12.3478,9.93485,1,1,0,0,2,11059200
1080,2,reference,620,1280,720,1920,1080,11.2906,12.2672,9.90925,1,1,0,0,2,11059200
1080,2,reference,621,1280,720,1920,1080,11.4688,12.4505,10.0925,1,1,0,0,2,11059200
1080,2,reference,622,1280,720,1920,1080,11.2507,12.336,9.87238,1,1,0,0,2,11059200
1080,2,reference,623,1280,720,1920,1080,11.3777,12.513,10.0014,1,1,0,0,2,11059200
1080,2,reference,624,1280,720,1920,1080,11.9419,12.8736,10.3076,1,1,0,0,2,11059200
1080,2,reference,625,1280,720,1920,1080,11.2456,12.3037,9.86624,1,1,0,0,2,11059200
1080,2,reference,626,1280,720,1920,1080,11.3449,12.35,9.96557,1,1,0,0,2,11059200
1080,2,reference,627,1280,720,1920,1080,11.3357,12.3784,9.95635,1,1,0,0,2,11059200
1080,2,reference,628,1280,720,1920,1080,11.3275,12.3882,9.95021,1,1,0,0,2,11059200
1080,2,reference,629,1280,720,1920,1080,11.6122,12.8034,10.2339,1,1,0,0,2,11059200
1080,2,reference,630,1280,720,1920,1080,12.2706,13.3802,10.8943,1,1,0,0,2,11059200
1080,2,reference,631,1280,720,1920,1080,11.348,12.3754,9.96966,1,1,0,0,2,11059200
1080,2,reference,632,1280,720,1920,1080,11.3592,12.4386,9.73824,1,1,0,0,2,11059200
1080,2,reference,633,1280,720,1920,1080,11.2886,12.4516,9.9113,1,1,0,0,2,11059200
1080,2,reference,634,1280,720,1920,1080,11.3316,12.3833,9.9543,1,1,0,0,2,11059200
1080,2,reference,635,1280,720,1920,1080,11.134,12.3224,9.75155,1,1,0,0,2,11059200
1080,2,reference,636,1280,720,1920,1080,11.5139,12.5513,10.1315,1,1,0,0,2,11059200
1080,2,reference,637,1280,720,1920,1080,11.3172,12.3682,9.93894,1,1,0,0,2,11059200
1080,2,reference,638,1280,720,1920,1080,11.1227,12.2597,9.73619,1,1,0,0,2,11059200
1080,2,reference,639,1280,720,1920,1080,11.4575,12.4215,10.0792,1,1,0,0,2,11059200
1080,2,reference,640,1280,720,1920,1080,11.2916,12.3782,9.91232,1,1,0,0,2,11059200
1080,2,reference,641,1280,720,1920,1080,11.5005,12.5294,10.1212,1,1,0,0,2,11059200
1080,2,reference,642,1280,720,1920,1080,11.2906,12.4595,9.91232,1,1,0,0,2,11059200
1080,2,reference,643,1280,720,1920,1080,11.4248,12.5038,9.86931,1,1,0,0,2,11059200
1080,2,reference,644,1280,720,1920,1080,11.2968,12.3251,9.91949,1,1,0,0,2,11059200
1080,2,reference,645,1280,720,1920,1080,9.8089,10.7538,8.43469,1,1,0,0,2,11059200
1080,2,reference,646,1280,720,1920,1080,11.3654,12.3597,9.9881,1,1,0,0,2,11059200
1080,2,reference,647,1280,720,1920,1080,12.119,13.3554,10.7448,1,1,0,0,2,11059200
1080,2,reference,648,1280,720,1920,1080,10.9814,12.0496,9.60205,1,1,0,0,2,11059200
1080,2,reference,649,1280,720,1920,1080,10.9312,11.991,9.55392,1,1,0,0,2,11059200
1080,2,reference,650,1280,720,1920,1080,11.6716,12.5964,10.0198,1,1,0,0,2,11059200
1080,2,reference,651,1280,720,1920,1080,11.3582,12.5281,9.69114,1,1,0,0,2,11059200
1080,2,reference,652,1280,720,1920,1080,11.476,12.449,9.84166,1,1,0,0,2,11059200
1080,2,reference,653,1280,720,1920,1080,11.2947,12.3084,9.65018,1,1,0,0,2,11059200
1080,2,reference,654,1280,720,1920,1080,11.3203,12.7341,9.94202,1,1,0,0,2,11059200
1080,2,reference,655,1280,720,1920,1080,11.4084,12.3661,9.76794,1,1,0,0,2,11059200
1080,2,reference,656,1280,720,1920,1080,11.3551,12.4191,9.71059,1,1,0,0,2,11059200
1080,2,reference,657,1280,720,1920,1080,11.4196,12.6431,9.7536,1,1,0,0,2,11059200
1080,2,reference,658,1280,720,1920,1080,11.5589,12.7721,9.9113,1,1,0,0,2,11059200
1080,2,reference,659,1280,720,1920,1080,11.392,12.4658,9.74029,1,1,0,0,2,11059200
1080,2,reference,660,1280,720,1920,1080,11.3469,12.3568,9.68909,1,1,0,0,2,11059200
1080,2,reference,661,1280,720,1920,1080,11.3562,12.3227,9.70854,1,1,0,0,2,11059200
1080,2,reference,662,1280,720,1920,1080,11.6818,12.7799,10.0311,1,1,0,0,2,11059200
1080,2,reference,663,1280,720,1920,1080,11.3316,12.5109,9.68704,1,1,0,0,2,11059200
1080,2,reference,664,1280,720,1920,1080,11.3695,12.4405,9.72493,1,1,0,0,2,11059200
1080,2,reference,665,1280,720,1920,1080,11.5057,12.5024,9.86317,1,1,0,0,2,11059200
1080,2,reference,666,1280,720,1920,1080,11.5261,12.5285,9.87955,1,1,0,0,2,11059200
1080,2,reference,667,1280,720,1920,1080,11.3869,12.4495,9.74234,1,1,0,0,2,11059200
1080,2,reference,668,1280,720,1920,1080,11.5599,12.5895,9.9072,1,1,0,0,2,11059200
1080,2,reference,669,1280,720,1920,1080,11.6019,12.8618,9.95226,1,1,0,0,2,11059200
1080,2,reference,670,1280,720,1920,1080,11.4985,12.6885,9.85907,1,1,0,0,2,11059200
1080,2,reference,671,1280,720,1920,1080,11.3459,12.4646,9.96966,1,1,0,0,2,11059200
1080,2,reference,672,1280,720,1920,1080,11.3654,12.3654,9.98605,1,1,0,0,2,11059200
1080,2,reference,673,1280,720,1920,1080,11.52,12.6061,9.86419,1,1,0,0,2,11059200
1080,2,reference,674,1280,720,1920,1080,11.521,12.6093,9.85907,1,1,0,0,2,11059200
1080,2,reference,675,1280,720,1920,1080,11.5087,12.5419,10.1315,1,1,0,0,2,11059200
1080,2,reference,676,1280,720,1920,1080,11.4944,12.6011,10.1171,1,1,0,0,2,11059200
1080,2,reference,677,1280,720,1920,1080,11.2968,12.4917,9.91949,1,1,0,0,2,11059200
1080,2,reference,678,1280,720,1920,1080,11.5323,12.688,9.8857,1,1,0,0,2,11059200
1080,2,reference,679,1280,720,1920,1080,11.4883,12.5797,10.111,1,1,0,0,2,11059200
1080,2,reference,680,1280,720,1920,1080,11.2824,12.3944,9.9031,1,1,0,0,2,11059200
1080,2,reference,681,1280,720,1920,1080,11.4442,12.4848,10.068,1,1,0,0,2,11059200
1080,2,reference,682,1280,720,1920,1080,11.6562,12.944,10.2789,1,1,0,0,2,11059200
1080,2,reference,683,1280,720,1920,1080,11.3459,12.4896,9.96966,1,1,0,0,2,11059200
1080,2,reference,684,1280,720,1920,1080,11.3213,12.359,9.94406,1,1,0,0,2,11059200
1080,2,reference,685,1280,720,1920,1080,11.3408,12.3552,9.96352,1,1,0,0,2,11059200
1080,2,reference,686,1280,720,1920,1080,11.3428,12.3727,9.96557,1,1,0,0,2,11059200
1080,2,reference,687,1280,720,1920,1080,11.2364,12.4856,9.84166,1,1,0,0,2,11059200
1080,2,reference,688,1280,720,1920,1080,11.5753,12.5975,10.198,1,1,0,0,2,11059200
1080,2,reference,689,1280,720,1920,1080,11.3009,12.3632,9.92256,1,1,0,0,2,11059200
1080,2,reference,690,1280,720,1920,1080,11.5087,12.4708,10.1325,1,1,0,0,2,11059200
1080,2,reference,691,1280,720,1920,1080,11.5405,12.7129,10.1642,1,1,0,0,2,11059200
1080,2,reference,692,1280,720,1920,1080,11.3736,12.5497,9.99629,1,1,0,0,2,11059200
1080,2,reference,693,1280,720,1920,1080,11.3777,12.4874,9.74643,1,1,0,0,2,11059200
1080,2,reference,694,1280,720,1920,1080,11.4207,12.4677,9.79558,1,1,0,0,2,11059200
1080,2,reference,695,1280,720,1920,1080,11.01,12.1834,9.63174,1,1,0,0,2,11059200
1080,2,reference,696,1280,720,1920,1080,11.5487,12.5416,10.1724,1,1,0,0,2,11059200
1080,2,reference,697,1280,720,1920,1080,11.095,12.3235,9.71469,1,1,0,0,2,11059200
1080,2,reference,698,1280,720,1920,1080,11.3336,12.296,9.7024,1,1,0,0,2,11059200
1080,2,reference,699,1280,720,1920,1080,11.5077,12.5252,10.1304,1,1,0,0,2,11059200
1080,2,reference,700,1280,720,1920,1080,11.4862,12.4552,10.1069,1,1,0,0,2,11059200
1080,2,reference,701,1280,720,1920,1080,11.4627,12.6102,10.0833,1,1,0,0,2,11059200
1080,2,reference,702,1280,720,1920,1080,11.8794,12.8463,10.3158,1,1,0,0,2,11059200
1080,2,reference,703,1280,720,1920,1080,11.5558,12.653,9.93587,1,1,0,0,2,11059200
1080,2,reference,704,1280,720,1920,1080,10.9885,12.1203,9.61331,1,1,0,0,2,11059200
1080,2,reference,705,1280,720,1920,1080,11.3797,12.4166,10.0004,1,1,0,0,2,11059200
1080,2,reference,706,1280,720,1920,1080,11.4964,12.4809,10.1181,1,1,0,0,2,11059200
1080,2,reference,707,1280,720,1920,1080,11.3367,12.6504,9.9584,1,1,0,0,2,11059200
1080,2,reference,708,1280,720,1920,1080,11.3439,12.3372,9.73005,1,1,0,0,2,11059200
1080,2,reference,709,1280,720,1920,1080,11.5261,12.515,10.1458,1,1,0,0,2,11059200
1080,2,reference,710,1280,720,1920,1080,12.0197,12.9915,10.6435,1,1,0,0,2,11059200
1080,2,reference,711,1280,720,1920,1080,11.3193,12.343,9.68909,1,1,0,0,2,11059200
1080,2,reference,712,1280,720,1920,1080,11.008,12.2295,9.62765,1,1,0,0,2,11059200
1080,2,reference,713,1280,720,1920,1080,11.2118,12.194,9.83552,1,1,0,0,2,11059200
1080,2,reference,714,1280,720,1920,1080,11.3603,12.4449,9.98093,1,1,0,0,2,11059200
1080,2,reference,715,1280,720,1920,1080,11.3551,12.3135,9.97786,1,1,0,0,2,11059200
1080,2,reference,716,1280,720,1920,1080,10.8861,11.9793,9.51194,1,1,0,0,2,11059200
1080,2,reference,717,1280,720,1920,1080,11.2865,12.3055,9.90822,1,1,0,0,2,11059200
1080,2,reference,718,1280,720,1920,1080,11.5118,12.509,9.85907,1,1,0,0,2,11059200
1080,2,reference,719,1280,720,1920,1080,11.4944,12.8389,9.84064,1,1,0,0,2,11059200
1080,2,reference,720,1280,720,1920,1080,11.3193,12.3182,9.93894,1,1,0,0,2,11059200
1080,2,reference,721,1280,720,1920,1080,11.4637,12.5332,9.90618,1,1,0,0,2,11059200
1080,2,reference,722,1280,720,1920,1080,11.4196,12.4932,10.0413,1,1,0,0,2,11059200
1080,2,reference,723,1280,720,1920,1080,11.5333,12.4982,9.86829,1,1,0,0,2,11059200
1080,2,reference,724,1280,720,1920,1080,11.4534,12.561,10.0782,1,1,0,0,2,11059200
1080,2,reference,725,1280,720,1920,1080,11.3633,12.3872,9.98195,1,1,0,0,2,11059200
1080,2,reference,726,1280,720,1920,1080,11.5538,12.6821,9.87546,1,1,0,0,2,11059200
1080,2,reference,727,1280,720,1920,1080,11.3623,12.4927,9.98707,1,1,0,0,2,11059200
1080,2,reference,728,1280,720,1920,1080,11.3777,12.5095,10.0035,1,1,0,0,2,11059200
1080,2,reference,729,1280,720,1920,1080,11.3715,12.5921,9.99117,1,1,0,0,2,11059200
1080,2,reference,730,1280,720,1920,1080,11.4125,12.443,10.0372,1,1,0,0,2,11059200
1080,2,reference,731,1280,720,1920,1080,11.349,12.6478,9.97069,1,1,0,0,2,11059200
1080,2,reference,732,1280,720,1920,1080,11.4852,12.6154,10.1069,1,1,0,0,2,11059200
1080,2,reference,733,1280,720,1920,1080,11.3336,12.3395,9.95635,1,1,0,0,2,11059200
1080,2,reference,734,1280,720,1920,1080,11.3572,12.3591,9.9799,1,1,0,0,2,11059200
1080,2,reference,735,1280,720,1920,1080,11.5384,12.5435,10.1581,1,1,0,0,2,11059200
1080,2,reference,736,1280,720,1920,1080,11.4698,12.4316,9.90106,1,1,0,0,2,11059200
1080,2,reference,737,1280,720,1920,1080,10.0096,11.0444,8.63437,1,1,0,0,2,11059200
1080,2,reference,738,1280,720,1920,1080,12.4744,13.5509,11.0531,1,1,0,0,2,11059200
1080,2,reference,739,1280,720,1920,1080,11.6808,12.6055,10.0444,1,1,0,0,2,11059200
1080,2,reference,740,1280,720,1920,1080,11.4637,12.4447,10.0884,1,1,0,0,2,11059200
1080,2,reference,741,1280,720,1920,1080,11.3449,12.3144,9.96454,1,1,0,0,2,11059200
1080,2,reference,742,1280,720,1920,1080,10.9629,12.0825,9.58464,1,1,0,0,2,11059200
1080,2,reference,743,1280,720,1920,1080,11.0602,12.1711,9.68499,1,1,0,0,2,11059200
1080,2,reference,744,1280,720,1920,1080,11.4555,12.368,9.79763,1,1,0,0,2,11059200
1080,2,reference,745,1280,720,1920,1080,11.3521,12.3856,9.70752,1,1,0,0,2,11059200
1080,2,reference,746,1280,720,1920,1080,11.3306,12.3422,9.68294,1,1,0,0,2,11059200
1080,2,reference,747,1280,720,1920,1080,11.2876,12.5896,9.9113,1,1,0,0,2,11059200
1080,2,reference,748,1280,720,1920,1080,11.2179,12.3668,9.68294,1,1,0,0,2,11059200
1080,2,reference,749,1280,720,1920,1080,11.3633,12.4047,9.98707,1,1,0,0,2,11059200
1080,2,reference,750,1280,720,1920,1080,11.308,12.3934,9.65734,1,1,0,0,2,11059200
1080,2,reference,751,1280,720,1920,1080,11.5907,12.8942,9.94918,1,1,0,0,2,11059200
1080,2,reference,752,1280,720,1920,1080,11.5446,12.586,9.8816,1,1,0,0,2,11059200
1080,2,reference,753,1280,720,1920,1080,11.3756,12.4819,9.72083,1,1,0,0,2,11059200
1080,2,reference,754,1280,720,1920,1080,11.479,12.4687,9.84166,1,1,0,0,2,11059200
1080,2,reference,755,1280,720,1920,1080,11.3408,12.5675,9.69728,1,1,0,0,2,11059200
1080,2,reference,756,1280,720,1920,1080,11.4883,12.5394,9.8304,1,1,0,0,2,11059200
1080,2,reference,757,1280,720,1920,1080,11.4934,12.585,9.84883,1,1,0,0,2,11059200
1080,2,reference,758,1280,720,1920,1080,11.2302,12.4787,9.80992,1,1,0,0,2,11059200
1080,2,reference,759,1280,720,1920,1080,11.0397,12.138,9.66451,1,1,0,0,2,11059200
1080,2,reference,760,1280,720,1920,1080,11.0346,12.1652,9.65837,1,1,0,0,2,11059200
1080,2,reference,761,1280,720,1920,1080,11.0397,12.0419,9.66246,1,1,0,0,2,11059200
1080,2,reference,762,1280,720,1920,1080,11.2292,12.4395,9.8519,1,1,0,0,2,11059200
1080,2,reference,763,1280,720,1920,1080,11.4002,12.348,9.86214,1,1,0,0,2,11059200
1080,2,reference,764,1280,720,1920,1080,11.3019,12.2325,9.92358,1,1,0,0,2,11059200
1080,2,reference,765,1280,720,1920,1080,9.9543,10.9073,8.5801,1,1,0,0,2,11059200
1080,2,reference,766,1280,720,1920,1080,9.46688,10.4239,8.09472,1,1,0,0,2,11059200
1080,2,reference,767,1280,720,1920,1080,12.8317,13.8436,11.4084,1,1,0,0,2,11059200
1080,2,reference,768,1280,720,1920,1080,11.0643,12.2279,8.45005,1,1,0,0,2,11059200
1080,2,reference,769,1280,720,1920,1080,11.3244,12.3197,9.68294,1,1,0,0,2,11059200
1080,2,reference,770,1280,720,1920,1080,11.5139,12.4788,9.86931,1,1,0,0,2,11059200
1080,2,reference,771,1280,720,1920,1080,11.5784,12.7212,9.92666,1,1,0,0,2,11059200
1080,2,reference,772,1280,720,1920,1080,11.2783,12.2999,9.90413,1,1,0,0,2,11059200
1080,2,reference,773,1280,720,1920,1080,11.5384,12.5484,9.90618,1,1,0,0,2,11059200
1080,2,reference,774,1280,720,1920,1080,11.3644,12.3907,9.82323,1,1,0,0,2,11059200
1080,2,reference,775,1280,720,1920,1080,11.2814,12.5266,9.90413,1,1,0,0,2,11059200
1080,2,reference,776,1280,720,1920,1080,11.6132,12.693,9.95635,1,1,0,0,2,11059200
1080,2,reference,777,1280,720,1920,1080,11.5087,12.533,9.86522,1,1,0,0,2,11059200
1080,2,reference,778,1280,720,1920,1080,11.3367,12.4608,9.95942,1,1,0,0,2,11059200
1080,2,reference,779,1280,720,1920,1080,11.3132,12.3004,9.93485,1,1,0,0,2,11059200
1080,2,reference,780,1280,720,1920,1080,11.4749,12.5862,9.81504,1,1,0,0,2,11059200
1080,2,reference,781,1280,720,1920,1080,11.4903,12.5235,9.85293,1,1,0,0,2,11059200
1080,2,reference,782,1280,720,1920,1080,11.3562,12.4683,9.97683,1,1,0,0,2,11059200
1080,2,reference,783,1280,720,1920,1080,11.305,12.3771,9.9287,1,1,0,0,2,11059200
1080,2,reference,784,1280,720,1920,1080,11.5026,12.525,9.86419,1,1,0,0,2,11059200
1080,2,reference,785,1280,720,1920,1080,11.3418,12.3718,9.96352,1,1,0,0,2,11059200
1080,2,reference,786,1280,720,1920,1080,11.4801,13.3574,10.1018,1,1,0,0,2,11059200
1080,2,reference,787,1280,720,1920,1080,11.4534,12.6363,10.0772,1,1,0,0,2,11059200
1080,2,reference,788,1280,720,1920,1080,11.4002,12.4312,10.0229,1,1,0,0,2,11059200
1080,2,reference,789,1280,720,1920,1080,11.4422,12.5452,10.0649,1,1,0,0,2,11059200
1080,2,reference,790,1280,720,1920,1080,10.8605,11.9793,9.48224,1,1,0,0,2,11059200
1080,2,reference,791,1280,720,1920,1080,11.5016,12.4273,9.87136,1,1,0,0,2,11059200
1080,2,reference,792,1280,720,1920,1080,11.3039,12.2953,9.92666,1,1,0,0,2,11059200
1080,2,reference,793,1280,720,1920,1080,11.394,12.4524,9.85395,1,1,0,0,2,11059200
1080,2,reference,794,1280,720,1920,1080,11.3377,12.457,9.96045,1,1,0,0,2,11059200
1080,2,reference,795,1280,720,1920,1080,11.3101,12.3084,9.93178,1,1,0,0,2,11059200
1080,2,reference,796,1280,720,1920,1080,11.4534,12.448,9.82426,1,1,0,0,2,11059200
1080,2,reference,797,1280,720,1920,1080,11.3101,12.3772,9.93382,1,1,0,0,2,11059200
1080,2,reference,798,1280,720,1920,1080,11.4975,12.5793,9.87034,1,1,0,0,2,11059200
1080,2,reference,799,1280,720,1920,1080,11.4964,12.4347,9.85498,1,1,0,0,2,11059200
1080,2,reference,800,1280,720,1920,1080,11.5497,12.6097,9.91334,1,1,0,0,2,11059200
1080,2,reference,801,1280,720,1920,1080,11.2998,12.3553,9.92358,1,1,0,0,2,11059200
1080,2,reference,802,1280,720,1920,1080,11.5374,12.4945,9.89901,1,1,0,0,2,11059200
1080,2,reference,803,1280,720,1920,1080,11.2947,12.3199,9.91846,1,1,0,0,2,11059200
1080,2,reference,804,1280,720,1920,1080,11.5251,12.4964,9.88979,1,1,0,0,2,11059200
1080,2,reference,805,1280,720,1920,1080,11.4278,12.5273,9.88058,1,1,0,0,2,11059200
1080,2,reference,806,1280,720,1920,1080,11.5599,12.8481,10.1837,1,1,0,0,2,11059200
1080,2,reference,807,1280,720,1920,1080,11.5763,12.7564,9.7751,1,1,0,0,2,11059200
1080,2,reference,808,1280,720,1920,1080,11.4719,12.5054,10.0956,1,1,0,0,2,11059200
1080,2,reference,809,1280,720,1920,1080,11.4924,12.4749,10.1161,1,1,0,0,2,11059200
1080,2,reference,810,1280,720,1920,1080,11.6634,12.87,10.2892,1,1,0,0,2,11059200
1080,2,reference,811,1280,720,1920,1080,11.1063,12.3631,9.7239,1,1,0,0,2,11059200
1080,2,reference,812,1280,720,1920,1080,11.477,12.4892,10.0997,1,1,0,0,2,11059200
1080,2,reference,813,1280,720,1920,1080,11.3531,12.4402,9.97581,1,1,0,0,2,11059200
1080,2,reference,814,1280,720,1920,1080,11.3254,12.3241,9.94918,1,1,0,0,2,11059200
1080,2,reference,815,1280,720,1920,1080,11.4811,12.7359,10.1018,1,1,0,0,2,11059200
1080,2,reference,816,1280,720,1920,1080,11.4903,12.5773,10.113,1,1,0,0,2,11059200
1080,2,reference,817,1280,720,1920,1080,11.305,12.4486,9.9287,1,1,0,0,2,11059200
1080,2,reference,818,1280,720,1920,1080,11.3705,12.3815,9.99322,1,1,0,0,2,11059200
1080,2,reference,819,1280,720,1920,1080,11.2476,12.3066,9.87238,1,1,0,0,2,11059200
1080,2,reference,820,1280,720,1920,1080,12.0904,13.1903,10.708,1,1,0,0,2,11059200
1080,2,reference,821,1280,720,1920,1080,11.0797,12.2854,9.68704,1,1,0,0,2,11059200
1080,2,reference,822,1280,720,1920,1080,11.3797,12.488,9.76282,1,1,0,0,2,11059200
1080,2,reference,823,1280,720,1920,1080,11.0356,12.1387,9.66042,1,1,0,0,2,11059200
1080,2,reference,824,1280,720,1920,1080,11.5128,12.6534,10.1366,1,1,0,0,2,11059200
1080,2,reference,825,1280,720,1920,1080,11.3142,12.3448,9.9369,1,1,0,0,2,11059200
1080,2,reference,826,1280,720,1920,1080,11.3521,12.3892,9.97581,1,1,0,0,2,11059200
1080,2,reference,827,1280,720,1920,1080,11.4975,12.5855,10.1192,1,1,0,0,2,11059200
1080,2,reference,828,1280,720,1920,1080,11.6572,13.1168,10.2799,1,1,0,0,2,11059200
1080,2,reference,829,1280,720,1920,1080,11.3551,12.3725,9.97581,1,1,0,0,2,11059200
1080,2,reference,830,1280,720,1920,1080,10.9476,12.1072,9.5703,1,1,0,0,2,11059200
1080,2,reference,831,1280,720,1920,1080,11.2998,12.2021,9.92256,1,1,0,0,2,11059200
1080,2,reference,832,1280,720,1920,1080,11.4555,12.4995,10.0772,1,1,0,0,2,11059200
1080,2,reference,833,1280,720,1920,1080,11.479,12.4502,10.1028,1,1,0,0,2,11059200
1080,2,reference,834,1280,720,1920,1080,11.4412,12.4355,10.0628,1,1,0,0,2,11059200
1080,2,reference,835,1280,720,1920,1080,11.433,12.6599,10.0536,1,1,0,0,2,11059200
1080,2,reference,836,1280,720,1920,1080,11.308,12.4159,9.93075,1,1,0,0,2,11059200
1080,2,reference,837,1280,720,1920,1080,11.479,12.5169,10.1018,1,1,0,0,2,11059200
1080,2,reference,838,1280,720,1920,1080,11.4237,12.461,10.0444,1,1,0,0,2,11059200
1080,2,reference,839,1280,720,1920,1080,11.4995,12.4522,10.1212,1,1,0,0,2,11059200
1080,2,reference,840,1280,720,1920,1080,11.477,12.4653,10.0987,1,1,0,0,2,11059200
1080,2,reference,841,1280,720,1920,1080,11.5538,12.7841,10.1745,1,1,0,0,2,11059200
1080,2,reference,842,1280,720,1920,1080,11.3654,12.3532,9.7321,1,1,0,0,2,11059200
1080,2,reference,843,1280,720,1920,1080,11.2886,12.2208,9.91232,1,1,0,0,2,11059200
1080,2,reference,844,1280,720,1920,1080,11.4852,12.4908,10.11,1,1,0,0,2,11059200
1080,2,reference,845,1280,720,1920,1080,11.5466,12.7441,10.1704,1,1,0,0,2,11059200
1080,2,reference,846,1280,720,1920,1080,11.3254,12.4312,9.94918,1,1,0,0,2,11059200
1080,2,reference,847,1280,720,1920,1080,11.3213,12.3402,9.94714,1,1,0,0,2,11059200
1080,2,reference,848,1280,720,1920,1080,11.3213,12.3323,9.93997,1,1,0,0,2,11059200
1080,2,reference,849,1280,720,1920,1080,11.2773,12.3185,9.89798,1,1,0,0,2,11059200
1080,2,reference,850,1280,720,1920,1080,11.2804,12.3527,9.90208,1,1,0,0,2,11059200
1080,2,reference,851,1280,720,1920,1080,11.394,12.6127,10.0178,1,1,0,0,2,11059200
1080,2,reference,852,1280,720,1920,1080,9.81811,10.8641,8.44493,1,1,0,0,2,11059200
1080,2,reference,853,1280,720,1920,1080,12.6218,13.76,11.2241,1,1,0,0,2,11059200
1080,2,reference,854,1280,720,1920,1080,11.6705,12.6457,10.283,1,1,0,0,2,11059200
1080,2,reference,855,1280,720,1920,1080,11.4964,12.4905,10.1181,1,1,0,0,2,11059200
1080,2,reference,856,1280,720,1920,1080,11.3582,12.457,9.97888,1,1,0,0,2,11059200
1080,2,reference,857,1280,720,1920,1080,11.3306,12.3429,9.95226,1,1,0,0,2,11059200
1080,2,reference,858,1280,720,1920,1080,11.3818,12.3802,10.0045,1,1,0,0,2,11059200
1080,2,reference,859,1280,720,1920,1080,11.5139,12.5911,9.86112,1,1,0,0,2,11059200
1080,2,reference,860,1280,720,1920,1080,11.3388,12.557,9.96045,1,1,0,0,2,11059200
1080,2,reference,861,1280,720,1920,1080,11.3091,12.3477,9.93075,1,1,0,0,2,11059200
1080,2,reference,862,1280,720,1920,1080,12.3382,13.4979,10.9507,1,1,0,0,2,11059200
1080,2,reference,863,1280,720,1920,1080,11.3582,12.4669,9.98093,1,1,0,0,2,11059200
1080,2,reference,864,1280,720,1920,1080,11.2896,12.3512,9.91232,1,1,0,0,2,11059200
1080,2,reference,865,1280,720,1920,1080,11.3091,12.3634,9.9328,1,1,0,0,2,11059200
1080,2,reference,866,1280,720,1920,1080,11.351,12.3696,9.97069,1,1,0,0,2,11059200
1080,2,reference,867,1280,720,1920,1080,11.4258,12.4905,10.0485,1,1,0,0,2,11059200
1080,2,reference,868,1280,720,1920,1080,11.349,12.3804,9.97274,1,1,0,0,2,11059200
1080,2,reference,869,1280,720,1920,1080,11.3818,12.4092,10.0014,1,1,0,0,2,11059200
1080,2,reference,870,1280,720,1920,1080,11.4821,12.5186,10.1048,1,1,0,0,2,11059200
1080,2,reference,871,1280,720,1920,1080,11.519,12.5146,10.1386,1,1,0,0,2,11059200
1080,2,reference,872,1280,720,1920,1080,11.4125,12.3993,10.0321,1,1,0,0,2,11059200
1080,2,reference,873,1280,720,1920,1080,11.3951,12.4422,10.0168,1,1,0,0,2,11059200
1080,2,reference,874,1280,720,1920,1080,11.3162,12.3071,9.93485,1,1,0,0,2,11059200
1080,2,reference,875,1280,720,1920,1080,9.80378,10.8305,8.42752,1,1,0,0,2,11059200
1080,2,reference,876,1280,720,1920,1080,11.3244,12.2064,9.94714,1,1,0,0,2,11059200
1080,2,reference,877,1280,720,1920,1080,10.0547,12.0441,8.67942,1,1,0,0,2,11059200
1080,2,reference,878,1280,720,1920,1080,12.7109,13.8547,11.3091,1,1,0,0,2,11059200
1080,2,reference,879,1280,720,1920,1080,11.3992,12.3879,9.74541,1,1,0,0,2,11059200
1080,2,reference,880,1280,720,1920,1080,9.96557,10.9369,8.59034,1,1,0,0,2,11059200
1080,2,reference,881,1280,720,1920,1080,12.7007,13.8295,10.0014,1,1,0,0,2,11059200
1080,2,reference,882,1280,720,1920,1080,11.4545,12.4474,9.81299,1,1,0,0,2,11059200
1080,2,reference,883,1280,720,1920,1080,11.2323,12.2425,9.68499,1,1,0,0,2,11059200
1080,2,reference,884,1280,720,1920,1080,11.3603,12.3478,9.98195,1,1,0,0,2,11059200
1080,2,reference,885,1280,720,1920,1080,11.2845,12.6108,9.90925,1,1,0,0,2,11059200
1080,2,reference,886,1280,720,1920,1080,11.3562,12.705,9.97581,1,1,0,0,2,11059200
1080,2,reference,887,1280,720,1920,1080,11.1165,12.4158,8.46848,1,1,0,0,2,11059200
1080,2,reference,888,1280,720,1920,1080,11.4125,12.3901,9.86829,1,1,0,0,2,11059200
1080,2,reference,889,1280,720,1920,1080,11.3439,12.3457,9.96557,1,1,0,0,2,11059200
1080,2,reference,890,1280,720,1920,1080,11.5436,12.4832,9.87648,1,1,0,0,2,11059200
1080,2,reference,891,1280,720,1920,1080,11.2333,12.3948,9.856,1,1,0,0,2,11059200
1080,2,reference,892,1280,720,1920,1080,11.5835,12.6816,10.2062,1,1,0,0,2,11059200
1080,2,reference,893,1280,720,1920,1080,11.3408,12.4098,9.69626,1,1,0,0,2,11059200
1080,2,reference,894,1280,720,1920,1080,11.5425,12.6683,9.88774,1,1,0,0,2,11059200
1080,2,reference,895,1280,720,1920,1080,11.3418,12.3514,9.69011,1,1,0,0,2,11059200
1080,2,reference,896,1280,720,1920,1080,11.2712,12.6715,9.89286,1,1,0,0,2,11059200
1080,2,reference,897,1280,720,1920,1080,11.2527,12.5072,9.87546,1,1,0,0,2,11059200
1080,2,reference,898,1280,720,1920,1080,10.9865,12.0192,9.6041,1,1,0,0,2,11059200
1080,2,reference,899,1280,720,1920,1080,11.35,12.294,9.7024,1,1,0,0,2,11059200
1080,2,reference,900,1280,720,1920,1080,11.5907,12.6061,9.94816,1,1,0,0,2,11059200
1080,2,reference,901,1280,720,1920,1080,11.265,12.6175,9.88467,1,1,0,0,2,11059200
1080,2,reference,902,1280,720,1920,1080,11.5241,12.6499,9.87238,1,1,0,0,2,11059200
1080,2,reference,903,1280,720,1920,1080,9.80173,12.1835,8.42957,1,1,0,0,2,11059200
1080,2,reference,904,1280,720,1920,1080,9.8345,10.9635,8.45824,1,1,0,0,2,11059200
1080,2,reference,905,1280,720,1920,1080,12.4611,13.5545,10.1806,1,1,0,0,2,11059200
1080,2,reference,906,1280,720,1920,1080,11.094,12.3983,9.71469,1,1,0,0,2,11059200
1080,2,reference,907,1280,720,1920,1080,11.3674,12.407,9.98605,1,1,0,0,2,11059200
1080,2,reference,908,1280,720,1920,1080,11.3152,12.338,9.93587,1,1,0,0,2,11059200
1080,2,reference,909,1280,720,1920,1080,11.308,12.3352,9.68499,1,1,0,0,2,11059200
1080,2,reference,910,1280,720,1920,1080,11.1462,12.3384,9.76794,1,1,0,0,2,11059200
1080,2,reference,911,1280,720,1920,1080,11.2957,12.3814,9.92051,1,1,0,0,2,11059200
1080,2,reference,912,1280,720,1920,1080,11.3336,12.324,9.95328,1,1,0,0,2,11059200
1080,2,reference,913,1280,720,1920,1080,11.2476,12.4336,9.86931,1,1,0,0,2,11059200
1080,2,reference,914,1280,720,1920,1080,11.222,12.2188,9.83552,1,1,0,0,2,11059200
1080,2,reference,915,1280,720,1920,1080,11.3326,12.3603,9.70957,1,1,0,0,2,11059200
1080,2,reference,916,1280,720,1920,1080,11.3162,12.3174,9.69421,1,1,0,0,2,11059200
1080,2,reference,917,1280,720,1920,1080,11.3664,12.343,9.74131,1,1,0,0,2,11059200
1080,2,reference,918,1280,720,1920,1080,11.3562,12.3737,9.97786,1,1,0,0,2,11059200
1080,2,reference,919,1280,720,1920,1080,11.4903,12.5112,10.112,1,1,0,0,2,11059200
1080,2,reference,920,1280,720,1920,1080,11.3572,12.3957,9.9799,1,1,0,0,2,11059200
1080,2,reference,921,1280,720,1920,1080,11.4749,12.4652,10.0977,1,1,0,0,2,11059200
1080,2,reference,922,1280,720,1920,1080,11.5057,12.7514,10.1253,1,1,0,0,2,11059200
1080,2,reference,923,1280,720,1920,1080,11.2906,12.2685,9.91027,1,1,0,0,2,11059200
1080,2,reference,924,1280,720,1920,1080,11.2824,12.2758,9.90413,1,1,0,0,2,11059200
1080,2,reference,925,1280,720,1920,1080,11.4493,12.517,10.068,1,1,0,0,2,11059200
1080,2,reference,926,1280,720,1920,1080,11.5405,12.66,10.1612,1,1,0,0,2,11059200
1080,2,reference,927,1280,720,1920,1080,11.5057,12.5239,10.1274,1,1,0,0,2,11059200
1080,2,reference,928,1280,720,1920,1080,11.4862,12.458,10.1059,1,1,0,0,2,11059200
1080,2,reference,929,1280,720,1920,1080,11.3357,12.361,9.9543,1,1,0,0,2,11059200
1080,2,reference,930,1280,720,1920,1080,11.6634,12.8618,10.2758,1,1,0,0,2,11059200
1080,2,reference,931,1280,720,1920,1080,11.3193,12.3595,9.94099,1,1,0,0,2,11059200
1080,2,reference,932,1280,720,1920,1080,11.5087,12.5357,10.1284,1,1,0,0,2,11059200
1080,2,reference,933,1280,720,1920,1080,11.2824,12.2815,9.9072,1,1,0,0,2,11059200
1080,2,reference,934,1280,720,1920,1080,11.3121,12.3164,9.92973,1,1,0,0,2,11059200
1080,2,reference,935,1280,720,1920,1080,11.4412,12.4429,10.0649,1,1,0,0,2,11059200
1080,2,reference,936,1280,720,1920,1080,11.4586,12.4461,10.0782,1,1,0,0,2,11059200
1080,2,reference,937,1280,720,1920,1080,11.5057,12.7123,10.1284,1,1,0,0,2,11059200
1080,2,reference,938,1280,720,1920,1080,11.4934,12.5599,10.114,1,1,0,0,2,11059200
1080,2,reference,939,1280,720,1920,1080,11.3101,12.3355,9.93178,1,1,0,0,2,11059200
1080,2,reference,940,1280,720,1920,1080,11.4749,12.5011,10.0915,1,1,0,0,2,11059200
1080,2,reference,941,1280,720,1920,1080,11.5159,12.6652,10.1345,1,1,0,0,2,11059200
1080,2,reference,942,1280,720,1920,1080,11.2691,12.3815,9.88979,1,1,0,0,2,11059200
1080,2,reference,943,1280,720,1920,1080,11.3224,12.3446,9.94509,1,1,0,0,2,11059200
1080,2,reference,944,1280,720,1920,1080,11.3388,12.353,9.96045,1,1,0,0,2,11059200
1080,2,reference,945,1280,720,1920,1080,11.5016,12.6304,10.1212,1,1,0,0,2,11059200
1080,2,reference,946,1280,720,1920,1080,11.5302,12.7523,10.1499,1,1,0,0,2,11059200
1080,2,reference,947,1280,720,1920,1080,11.2681,12.3443,9.88979,1,1,0,0,2,11059200
1080,2,reference,948,1280,720,1920,1080,11.3039,12.3538,9.92666,1,1,0,0,2,11059200
1080,2,reference,949,1280,720,1920,1080,11.4954,12.5103,10.114,1,1,0,0,2,11059200
1080,2,reference,950,1280,720,1920,1080,11.3869,12.4061,10.0076,1,1,0,0,2,11059200
1080,2,reference,951,1280,720,1920,1080,11.4872,12.5777,10.11,1,1,0,0,2,11059200
1080,2,reference,952,1280,720,1920,1080,11.4483,12.6211,10.069,1,1,0,0,2,11059200
1080,2,reference,953,1280,720,1920,1080,11.2845,12.3309,9.90515,1,1,0,0,2,11059200
1080,2,reference,954,1280,720,1920,1080,11.3439,12.3507,9.96147,1,1,0,0,2,11059200
1080,2,reference,955,1280,720,1920,1080,11.5087,12.4695,10.1294,1,1,0,0,2,11059200
1080,2,reference,956,1280,720,1920,1080,11.478,12.7443,10.0997,1,1,0,0,2,11059200
1080,2,reference,957,1280,720,1920,1080,11.3142,12.3672,9.93485,1,1,0,0,2,11059200
1080,2,reference,958,1280,720,1920,1080,11.4934,12.5052,10.113,1,1,0,0,2,11059200
1080,2,reference,959,1280,720,1920,1080,11.5395,12.6802,10.1601,1,1,0,0,2,11059200
1080,2,reference,960,1280,720,1920,1080,11.5589,12.7139,10.1796,1,1,0,0,2,11059200
1080,2,reference,961,1280,720,1920,1080,11.2732,12.3796,9.89594,1,1,0,0,2,11059200
1080,2,reference,962,1280,720,1920,1080,11.2804,12.3936,9.90208,1,1,0,0,2,11059200
1080,2,reference,963,1280,720,1920,1080,11.3357,12.3979,9.95328,1,1,0,0,2,11059200
1080,2,reference,964,1280,720,1920,1080,11.3316,12.3852,9.95021,1,1,0,0,2,11059200
1080,2,reference,965,1280,720,1920,1080,11.3275,12.4169,9.94816,1,1,0,0,2,11059200
1080,2,reference,966,1280,720,1920,1080,11.4995,12.5633,10.1192,1,1,0,0,2,11059200
1080,2,reference,967,1280,720,1920,1080,11.2732,12.3298,9.89389,1,1,0,0,2,11059200
1080,2,reference,968,1280,720,1920,1080,11.5261,12.5225,10.1448,1,1,0,0,2,11059200
1080,2,reference,969,1280,720,1920,1080,11.0674,12.2176,9.68704,1,1,0,0,2,11059200
1080,2,reference,970,1280,720,1920,1080,11.5087,12.4987,10.1284,1,1,0,0,2,11059200
1080,2,reference,971,1280,720,1920,1080,11.3306,12.3491,9.94816,1,1,0,0,2,11059200
1080,2,reference,972,1280,720,1920,1080,11.6378,12.6738,10.2574,1,1,0,0,2,11059200
1080,2,reference,973,1280,720,1920,1080,11.561,12.5462,10.1816,1,1,0,0,2,11059200
1080,2,reference,974,1280,720,1920,1080,11.3367,12.3218,9.9543,1,1,0,0,2,11059200
1080,2,reference,975,1280,720,1920,1080,11.3838,12.4096,10.0055,1,1,0,0,2,11059200
1080,2,reference,976,1280,720,1920,1080,11.349,12.406,9.96864,1,1,0,0,2,11059200
1080,2,reference,977,1280,720,1920,1080,11.35,12.3996,9.96864,1,1,0,0,2,11059200
1080,2,reference,978,1280,720,1920,1080,11.6787,12.8923,10.2881,1,1,0,0,2,11059200
1080,2,reference,979,1280,720,1920,1080,11.4934,12.5293,10.112,1,1,0,0,2,11059200
1080,2,reference,980,1280,720,1920,1080,11.5139,12.5112,10.1335,1,1,0,0,2,11059200
1080,2,reference,981,1280,720,1920,1080,11.5661,12.612,10.1847,1,1,0,0,2,11059200
1080,2,reference,982,1280,720,1920,1080,11.3848,12.3895,10.0055,1,1,0,0,2,11059200
1080,2,reference,983,1280,720,1920,1080,11.3613,12.5225,9.97683,1,1,0,0,2,11059200
1080,2,reference,984,1280,720,1920,1080,11.3295,12.3391,9.94611,1,1,0,0,2,11059200
1080,2,reference,985,1280,720,1920,1080,11.3623,12.371,9.984,1,1,0,0,2,11059200
1080,2,reference,986,1280,720,1920,1080,11.5077,12.6755,10.1284,1,1,0,0,2,11059200
1080,2,reference,987,1280,720,1920,1080,11.3029,12.3355,9.92461,1,1,0,0,2,11059200
1080,2,reference,988,1280,720,1920,1080,11.3459,12.3895,9.96557,1,1,0,0,2,11059200
1080,2,reference,989,1280,720,1920,1080,11.5507,12.7312,10.1714,1,1,0,0,2,11059200
1080,2,reference,990,1280,720,1920,1080,11.3183,12.4403,9.94099,1,1,0,0,2,11059200
1080,2,reference,991,1280,720,1920,1080,11.3029,12.2665,9.92563,1,1,0,0,2,11059200
1080,2,reference,992,1280,720,1920,1080,9.95738,11.0036,8.58112,1,1,0,0,2,11059200
1080,2,reference,993,1280,720,1920,1080,11.1636,12.1891,9.7833,1,1,0,0,2,11059200
1080,2,reference,994,1280,720,1920,1080,11.3705,12.3464,9.99117,1,1,0,0,2,11059200
1080,2,reference,995,1280,720,1920,1080,11.4176,12.4698,9.76794,1,1,0,0,2,11059200
1080,2,reference,996,1280,720,1920,1080,11.05,12.1227,8.43366,1,1,0,0,2,11059200
1080,2,reference,997,1280,720,1920,1080,12.0279,13.0661,10.3567,1,1,0,0,2,11059200
1080,2,reference,998,1280,720,1920,1080,11.478,12.9189,10.0854,1,1,0,0,2,11059200
1080,2,reference,999,1280,720,1920,1080,9.9328,11.044,8.55654,1,1,0,0,2,11059200
1080,2,reference,1000,1280,720,1920,1080,9.59488,10.5937,8.2176,1,1,0,0,2,11059200
1080,2,reference,1001,1280,720,1920,1080,11.5282,12.4802,10.1468,1,1,0,0,2,11059200
1080,2,reference,1002,1280,720,1920,1080,11.3623,12.3963,9.97888,1,1,0,0,2,11059200
1080,2,reference,1003,1280,720,1920,1080,9.78842,10.7765,8.41011,1,1,0,0,2,11059200
1080,2,reference,1004,1280,720,1920,1080,11.2517,12.1783,9.86829,1,1,0,0,2,11059200
1080,2,reference,1005,1280,720,1920,1080,13.313,14.4025,11.6818,1,1,0,0,2,11059200
1080,2,reference,1006,1280,720,1920,1080,9.9625,10.9544,8.58419,1,1,0,0,2,11059200
1080,2,reference,1007,1280,720,1920,1080,11.1524,13.1607,8.52378,1,1,0,0,2,11059200
1080,2,reference,1008,1280,720,1920,1080,10.0516,10.9976,8.6743,1,1,0,0,2,11059200
1080,2,reference,1009,1280,720,1920,1080,12.5553,13.6543,11.1534,1,1,0,0,2,11059200
1080,2,reference,1010,1280,720,1920,1080,10.0966,11.1354,8.71834,1,1,0,0,2,11059200
1080,2,reference,1011,1280,720,1920,1080,12.8819,13.9942,11.4964,1,1,0,0,2,11059200
1080,2,reference,1012,1280,720,1920,1080,11.4483,12.482,10.0628,1,1,0,0,2,11059200
1080,2,reference,1013,1280,720,1920,1080,10.9814,12.1535,9.60205,1,1,0,0,2,11059200
1080,2,reference,1014,1280,720,1920,1080,11.305,12.5935,9.92358,1,1,0,0,2,11059200
1080,2,reference,1015,1280,720,1920,1080,11.0141,12.2027,9.63277,1,1,0,0,2,11059200
1080,2,reference,1016,1280,720,1920,1080,9.83859,10.8449,8.46029,1,1,0,0,2,11059200
1080,2,reference,1017,1280,720,1920,1080,11.9286,12.7954,10.5482,1,1,0,0,2,11059200
1080,2,reference,1018,1280,720,1920,1080,12.8829,13.9482,11.5005,1,1,0,0,2,11059200
1080,2,reference,1019,1280,720,1920,1080,11.5272,12.5609,10.1356,1,1,0,0,2,11059200
1080,2,reference,1020,1280,720,1920,1080,10.1253,11.0691,8.74803,1,1,0,0,2,11059200
1080,2,reference,1021,1280,720,1920,1080,11.1473,12.3631,9.76384,1,1,0,0,2,11059200
1080,2,reference,1022,1280,720,1920,1080,12.8512,14.0142,11.4596,1,1,0,0,2,11059200
1080,2,reference,1023,1280,720,1920,1080,9.80275,10.8411,8.42547,1,1,0,0,2,11059200
1080,2,reference,1024,1280,720,1920,1080,12.8164,13.8122,11.4166,1,1,0,0,2,11059200
1080,2,reference,1025,1280,720,1920,1080,11.5374,12.58,10.155,1,1,0,0,2,11059200
1080,2,reference,1026,1280,720,1920,1080,11.4422,12.5701,10.0598,1,1,0,0,2,11059200
1080,2,reference,1027,1280,720,1920,1080,9.93485,10.951,8.55654,1,1,0,0,2,11059200
1080,2,reference,1028,1280,720,1920,1080,12.5071,13.6532,11.0981,1,1,0,0,2,11059200
1080,2,reference,1029,1280,720,1920,1080,9.85805,10.8915,8.47974,1,1,0,0,2,11059200
1080,2,reference,1030,1280,720,1920,1080,11.3234,12.2491,9.94099,1,1,0,0,2,11059200
1080,2,reference,1031,1280,720,1920,1080,11.5169,12.5888,9.89184,1,1,0,0,2,11059200
1080,2,reference,1032,1280,720,1920,1080,11.308,12.349,9.74029,1,1,0,0,2,11059200
1080,2,reference,1033,1280,720,1920,1080,11.3736,12.4543,9.99322,1,1,0,0,2,11059200
1080,2,reference,1034,1280,720,1920,1080,11.2896,12.4633,9.90822,1,1,0,0,2,11059200
1080,2,reference,1035,1280,720,1920,1080,11.5098,12.6108,10.1263,1,1,0,0,2,11059200
1080,2,reference,1036,1280,720,1920,1080,11.4985,12.503,10.1161,1,1,0,0,2,11059200
1080,2,reference,1037,1280,720,1920,1080,11.3326,12.3886,9.95226,1,1,0,0,2,11059200
1080,2,reference,1038,1280,720,1920,1080,11.3439,12.3539,9.96352,1,1,0,0,2,11059200
1080,2,reference,1039,1280,720,1920,1080,11.477,12.6209,10.0966,1,1,0,0,2,11059200
1080,2,reference,1040,1280,720,1920,1080,11.3439,12.3709,9.96045,1,1,0,0,2,11059200
1080,2,reference,1041,1280,720,1920,1080,11.5313,12.643,10.1468,1,1,0,0,2,11059200
1080,2,reference,1042,1280,720,1920,1080,11.3285,12.3104,9.94509,1,1,0,0,2,11059200
1080,2,reference,1043,1280,720,1920,1080,11.4821,12.6365,10.0997,1,1,0,0,2,11059200
1080,2,reference,1044,1280,720,1920,1080,11.5077,12.4723,10.1253,1,1,0,0,2,11059200
1080,2,reference,1045,1280,720,1920,1080,11.4616,12.6625,9.89082,1,1,0,0,2,11059200
1080,2,reference,1046,1280,720,1920,1080,11.3132,12.3744,9.9328,1,1,0,0,2,11059200
1080,2,reference,1047,1280,720,1920,1080,11.3572,12.3397,9.97786,1,1,0,0,2,11059200
1080,2,reference,1048,1280,720,1920,1080,11.3347,12.3516,9.95328,1,1,0,0,2,11059200
1080,2,reference,1049,1280,720,1920,1080,11.4903,12.4852,10.1079,1,1,0,0,2,11059200
1080,2,reference,1050,1280,720,1920,1080,11.5476,12.5014,10.1663,1,1,0,0,2,11059200
1080,2,reference,1051,1280,720,1920,1080,9.93894,10.9066,8.56064,1,1,0,0,2,11059200
1080,2,reference,1052,1280,720,1920,1080,9.45971,10.4059,8.08038,1,1,0,0,2,11059200
1080,2,reference,1053,1280,720,1920,1080,10.5564,13.2521,9.16173,1,1,0,0,2,11059200
1080,2,reference,1054,1280,720,1920,1080,11.4196,12.4299,10.027,1,1,0,0,2,11059200
1080,2,reference,1055,1280,720,1920,1080,11.4319,12.3998,10.0465,1,1,0,0,2,11059200
1080,2,reference,1056,1280,720,1920,1080,11.3357,12.4405,9.95226,1,1,0,0,2,11059200
1080,2,reference,1057,1280,720,1920,1080,11.3695,12.3265,9.98912,1,1,0,0,2,11059200
1080,2,reference,1058,1280,720,1920,1080,11.0971,12.2594,9.71469,1,1,0,0,2,11059200
1080,2,reference,1059,1280,720,1920,1080,11.4483,12.3788,10.0659,1,1,0,0,2,11059200
1080,2,reference,1060,1280,720,1920,1080,11.3336,12.4095,9.93792,1,1,0,0,2,11059200
1080,2,reference,1061,1280,720,1920,1080,11.4534,12.5231,10.07,1,1,0,0,2,11059200
1080,2,reference,1062,1280,720,1920,1080,11.3725,12.4175,9.98502,1,1,0,0,2,11059200
1080,2,reference,1063,1280,720,1920,1080,9.82835,11.2384,8.45107,1,1,0,0,2,11059200
1080,2,reference,1064,1280,720,1920,1080,12.4764,13.4533,11.093,1,1,0,0,2,11059200
1080,2,reference,1065,1280,720,1920,1080,11.4688,12.4301,10.0844,1,1,0,0,2,11059200
1080,2,reference,1066,1280,720,1920,1080,11.3152,12.4579,9.9328,1,1,0,0,2,11059200
1080,2,reference,1067,1280,720,1920,1080,11.351,12.3123,9.97069,1,1,0,0,2,11059200
1080,2,reference,1068,1280,720,1920,1080,11.4391,12.5313,10.0588,1,1,0,0,2,11059200
1080,2,reference,1069,1280,720,1920,1080,11.5579,12.6031,10.1734,1,1,0,0,2,11059200
1080,2,reference,1070,1280,720,1920,1080,11.3265,12.426,9.94611,1,1,0,0,2,11059200
1080,2,reference,1071,1280,720,1920,1080,11.3521,12.5103,9.96659,1,1,0,0,2,11059200
1080,2,reference,1072,1280,720,1920,1080,11.4268,12.5793,10.0434,1,1,0,0,2,11059200
1080,2,reference,1073,1280,720,1920,1080,11.3224,12.3953,9.93997,1,1,0,0,2,11059200
1080,2,reference,1074,1280,720,1920,1080,11.3203,12.3595,9.93792,1,1,0,0,2,11059200
1080,2,reference,1075,1280,720,1920,1080,11.3142,12.3751,9.9328,1,1,0,0,2,11059200
1080,2,reference,1076,1280,720,1920,1080,11.5476,12.6869,10.1663,1,1,0,0,2,11059200
1080,2,reference,1077,1280,720,1920,1080,11.3582,12.3874,9.97786,1,1,0,0,2,11059200
1080,2,reference,1078,1280,720,1920,1080,9.82733,10.8517,8.44698,1,1,0,0,2,11059200
1080,2,reference,1079,1280,720,1920,1080,11.6644,12.6757,10.281,1,1,0,0,2,11059200
1080,2,reference,1080,1280,720,1920,1080,12.1477,13.4541,10.7428,1,1,0,0,2,11059200
1080,2,reference,1081,1280,720,1920,1080,11.9624,12.9484,10.3895,1,1,0,0,2,11059200
1080,2,reference,1082,1280,720,1920,1080,11.3193,12.348,9.93485,1,1,0,0,2,11059200
1080,2,reference,1083,1280,720,1920,1080,11.6101,12.6435,10.2277,1,1,0,0,2,11059200
1080,2,reference,1084,1280,720,1920,1080,11.4248,12.4727,10.0403,1,1,0,0,2,11059200
1080,2,reference,1085,1280,720,1920,1080,11.3818,12.4644,9.99936,1,1,0,0,2,11059200
1080,2,reference,1086,1280,720,1920,1080,11.3449,12.4623,9.96045,1,1,0,0,2,11059200
1080,2,reference,1087,1280,720,1920,1080,11.5231,12.6013,10.1376,1,1,0,0,2,11059200
1080,2,reference,1088,1280,720,1920,1080,11.4299,12.578,10.0475,1,1,0,0,2,11059200
1080,2,reference,1089,1280,720,1920,1080,11.3531,12.3868,9.97274,1,1,0,0,2,11059200
1080,2,reference,1090,1280,720,1920,1080,11.3347,12.3841,9.94918,1,1,0,0,2,11059200
1080,2,reference,1091,1280,720,1920,1080,11.2773,12.4732,9.89491,1,1,0,0,2,11059200
1080,2,reference,1092,1280,720,1920,1080,11.3336,12.4828,9.93997,1,1,0,0,2,11059200
1080,2,reference,1093,1280,720,1920,1080,11.2712,12.2596,9.71264,1,1,0,0,2,11059200
1080,2,reference,1094,1280,720,1920,1080,11.391,12.3727,10.0076,1,1,0,0,2,11059200
1080,2,reference,1095,1280,720,1920,1080,11.5139,12.4482,10.1304,1,1,0,0,2,11059200
1080,2,reference,1096,1280,720,1920,1080,11.646,12.8324,10.2605,1,1,0,0,2,11059200
1080,2,reference,1097,1280,720,1920,1080,11.5425,12.6366,10.156,1,1,0,0,2,11059200
1080,2,reference,1098,1280,720,1920,1080,11.3562,12.5516,9.97069,1,1,0,0,2,11059200
1080,2,reference,1099,1280,720,1920,1080,11.1084,12.2558,9.71981,1,1,0,0,2,11059200
1080,2,reference,1100,1280,720,1920,1080,11.479,12.5521,10.0946,1,1,0,0,2,11059200
1080,2,reference,1101,1280,720,1920,1080,11.2435,12.2337,9.8601,1,1,0,0,2,11059200
1080,2,reference,1102,1280,720,1920,1080,11.4964,12.5108,10.114,1,1,0,0,2,11059200
1080,2,reference,1103,1280,720,1920,1080,11.5436,12.539,10.1571,1,1,0,0,2,11059200
1080,2,reference,1104,1280,720,1920,1080,11.5231,12.53,10.1407,1,1,0,0,2,11059200
1080,2,reference,1105,1280,720,1920,1080,11.4893,12.6062,10.1059,1,1,0,0,2,11059200
1080,2,reference,1106,1280,720,1920,1080,11.3521,12.4606,9.96966,1,1,0,0,2,11059200
1080,2,reference,1107,1280,720,1920,1080,11.4995,12.5301,10.1151,1,1,0,0,2,11059200
1080,2,reference,1108,1280,720,1920,1080,9.83142,10.8153,8.44902,1,1,0,0,2,11059200
1080,2,reference,1109,1280,720,1920,1080,12.4508,13.5439,11.0408,1,1,0,0,2,11059200
1080,2,reference,1110,1280,720,1920,1080,9.95123,10.9414,8.56986,1,1,0,0,2,11059200
1080,2,reference,1111,1280,720,1920,1080,12.9915,14.0707,11.5845,1,1,0,0,2,11059200
1080,2,reference,1112,1280,720,1920,1080,11.3592,12.3088,9.71571,1,1,0,0,2,11059200
1080,2,reference,1113,1280,720,1920,1080,11.3367,12.3094,9.70957,1,1,0,0,2,11059200
1080,2,reference,1114,1280,720,1920,1080,11.305,12.4927,9.91949,1,1,0,0,2,11059200
1080,2,reference,1115,1280,720,1920,1080,11.4575,12.5691,10.0741,1,1,0,0,2,11059200
1080,2,reference,1116,1280,720,1920,1080,11.2271,12.2703,9.84064,1,1,0,0,2,11059200
1080,2,reference,1117,1280,720,1920,1080,11.4688,12.5651,10.0823,1,1,0,0,2,11059200
1080,2,reference,1118,1280,720,1920,1080,10.882,12.0013,9.49555,1,1,0,0,2,11059200
1080,2,reference,1119,1280,720,1920,1080,11.3562,12.373,9.97171,1,1,0,0,2,11059200
1080,2,reference,1120,1280,720,1920,1080,11.3633,12.3132,9.71981,1,1,0,0,2,11059200
1080,2,reference,1121,1280,720,1920,1080,11.434,12.4546,9.76896,1,1,0,0,2,11059200
1080,2,reference,1122,1280,720,1920,1080,11.5835,12.589,9.9287,1,1,0,0,2,11059200
1080,2,reference,1123,1280,720,1920,1080,11.5517,12.7344,9.90208,1,1,0,0,2,11059200
1080,2,reference,1124,1280,720,1920,1080,11.5886,12.7799,9.92461,1,1,0,0,2,11059200
1080,2,reference,1125,1280,720,1920,1080,11.5692,12.6536,9.9072,1,1,0,0,2,11059200
1080,2,reference,1126,1280,720,1920,1080,11.3418,12.3807,9.95635,1,1,0,0,2,11059200
1080,2,reference,1127,1280,720,1920,1080,11.39,12.4321,10.0055,1,1,0,0,2,11059200
1080,2,reference,1128,1280,720,1920,1080,11.1626,12.2664,9.73312,1,1,0,0,2,11059200
1080,2,reference,1129,1280,720,1920,1080,11.4893,12.408,9.93997,1,1,0,0,2,11059200
1080,2,reference,1130,1280,720,1920,1080,11.1452,12.3077,9.74131,1,1,0,0,2,11059200
1080,2,reference,1131,1280,720,1920,1080,11.2435,12.2661,8.56986,1,1,0,0,2,11059200
1080,2,reference,1132,1280,720,1920,1080,11.4012,12.3872,10.0178,1,1,0,0,2,11059200
1080,2,reference,1133,1280,720,1920,1080,11.0848,12.279,8.44698,1,1,0,0,2,11059200
1080,2,reference,1134,1280,720,1920,1080,11.2845,12.4406,9.89798,1,1,0,0,2,11059200
1080,2,reference,1135,1280,720,1920,1080,11.0776,12.1183,9.69626,1,1,0,0,2,11059200
1080,2,reference,1136,1280,720,1920,1080,11.3725,12.2965,9.98605,1,1,0,0,2,11059200
1080,2,reference,1137,1280,720,1920,1080,10.025,10.9908,8.64358,1,1,0,0,2,11059200
1080,2,reference,1138,1280,720,1920,1080,10.9261,12.2082,9.53242,1,1,0,0,2,11059200
1080,2,reference,1139,1280,720,1920,1080,12.801,13.845,11.3603,1,1,0,0,2,11059200
1080,2,reference,1140,1280,720,1920,1080,11.5159,12.4486,9.94406,1,1,0,0,2,11059200
1080,2,reference,1141,1280,720,1920,1080,11.3828,12.3916,9.99834,1,1,0,0,2,11059200
1080,2,reference,1142,1280,720,1920,1080,11.3541,12.5321,9.96864,1,1,0,0,2,11059200
1080,2,reference,1143,1280,720,1920,1080,11.4094,12.4727,10.027,1,1,0,0,2,11059200
1080,2,reference,1144,1280,720,1920,1080,11.1094,12.2708,9.72493,1,1,0,0,2,11059200
1080,2,reference,1145,1280,720,1920,1080,11.476,12.5363,10.0925,1,1,0,0,2,11059200
1080,2,reference,1146,1280,720,1920,1080,11.4063,12.3729,10.0198,1,1,0,0,2,11059200
1080,2,reference,1147,1280,720,1920,1080,11.1196,12.3459,9.73517,1,1,0,0,2,11059200
1080,2,reference,1148,1280,720,1920,1080,11.0623,12.4406,9.67782,1,1,0,0,2,11059200
1080,2,reference,1149,1280,720,1920,1080,11.478,12.5352,10.0936,1,1,0,0,2,11059200
1080,2,reference,1150,1280,720,1920,1080,11.1104,12.3071,9.72493,1,1,0,0,2,11059200
1080,2,reference,1151,1280,720,1920,1080,11.5651,12.6142,10.1806,1,1,0,0,2,11059200
1080,2,reference,1152,1280,720,1920,1080,11.3132,12.2928,9.92563,1,1,0,0,2,11059200
1080,2,reference,1153,1280,720,1920,1080,11.5343,12.5232,10.1396,1,1,0,0,2,11059200
1080,2,reference,1154,1280,720,1920,1080,11.3572,12.6342,9.97274,1,1,0,0,2,11059200
1080,2,reference,1155,1280,720,1920,1080,11.52,12.5585,10.1345,1,1,0,0,2,11059200
1080,2,reference,1156,1280,720,1920,1080,11.2425,12.5876,9.856,1,1,0,0,2,11059200
1080,2,reference,1157,1280,720,1920,1080,11.0531,12.1668,9.67168,1,1,0,0,2,11059200
1080,2,reference,1158,1280,720,1920,1080,11.4176,12.3598,10.0362,1,1,0,0,2,11059200
1080,2,reference,1159,1280,720,1920,1080,11.1534,12.4016,9.76998,1,1,0,0,2,11059200
1080,2,reference,1160,1280,720,1920,1080,11.6531,12.5828,10.2533,1,1,0,0,2,11059200
1080,2,reference,1161,1280,720,1920,1080,11.3254,12.4014,9.9369,1,1,0,0,2,11059200
1080,2,reference,1162,1280,720,1920,1080,11.1831,12.3318,9.79456,1,1,0,0,2,11059200
1080,2,reference,1163,1280,720,1920,1080,11.4473,12.5133,10.0628,1,1,0,0,2,11059200
1080,2,reference,1164,1280,720,1920,1080,11.35,12.3636,9.96557,1,1,0,0,2,11059200
1080,2,reference,1165,1280,720,1920,1080,11.5825,12.757,10.198,1,1,0,0,2,11059200
1080,2,reference,1166,1280,720,1920,1080,11.134,12.3583,9.72902,1,1,0,0,2,11059200
1080,2,reference,1167,1280,720,1920,1080,11.0623,12.268,9.67885,1,1,0,0,2,11059200
1080,2,reference,1168,1280,720,1920,1080,11.3265,12.4534,9.94406,1,1,0,0,2,11059200
1080,2,reference,1169,1280,720,1920,1080,11.35,12.3865,9.96454,1,1,0,0,2,11059200
1080,2,reference,1170,1280,720,1920,1080,11.2916,12.4411,9.90822,1,1,0,0,2,11059200
1080,2,reference,1171,1280,720,1920,1080,11.3316,12.381,9.94611,1,1,0,0,2,11059200
1080,2,reference,1172,1280,720,1920,1080,11.3705,12.5116,9.98707,1,1,0,0,2,11059200
1080,2,reference,1173,1280,720,1920,1080,11.3101,12.4318,9.92051,1,1,0,0,2,11059200
1080,2,reference,1174,1280,720,1920,1080,11.3684,12.398,9.97786,1,1,0,0,2,11059200
1080,2,reference,1175,1280,720,1920,1080,11.5159,12.483,10.1315,1,1,0,0,2,11059200
1080,2,reference,1176,1280,720,1920,1080,11.4831,12.4553,10.1007,1,1,0,0,2,11059200
1080,2,reference,1177,1280,720,1920,1080,11.5026,12.5163,10.1161,1,1,0,0,2,11059200
1080,2,reference,1178,1280,720,1920,1080,11.4934,12.4873,10.1089,1,1,0,0,2,11059200
1080,2,reference,1179,1280,720,1920,1080,11.6193,12.6997,10.238,1,1,0,0,2,11059200
1080,2,reference,1180,1280,720,1920,1080,11.5159,12.7052,10.1345,1,1,0,0,2,11059200
1080,2,reference,1181,1280,720,1920,1080,9.86829,10.9362,8.48691,1,1,0,0,2,11059200
1080,2,reference,1182,1280,720,1920,1080,11.3664,12.333,9.98298,1,1,0,0,2,11059200
1080,2,reference,1183,1280,720,1920,1080,11.5313,12.4805,9.89594,1,1,0,0,2,11059200
1080,2,reference,1184,1280,720,1920,1080,11.562,12.7211,9.91642,1,1,0,0,2,11059200
1080,2,reference,1185,1280,720,1920,1080,11.5343,12.5167,9.88672,1,1,0,0,2,11059200
1080,2,reference,1186,1280,720,1920,1080,11.5231,13.0719,9.87034,1,1,0,0,2,11059200
1080,2,reference,1187,1280,720,1920,1080,12.3085,14.5787,10.6762,1,1,0,0,2,11059200
1080,2,reference,1188,1280,720,1920,1080,11.2998,12.835,9.91744,1,1,0,0,2,11059200
1080,2,reference,1189,1280,720,1920,1080,11.3469,12.5498,9.69421,1,1,0,0,2,11059200
1080,2,reference,1190,1280,720,1920,1080,11.4278,12.4626,9.77613,1,1,0,0,2,11059200
1080,2,reference,1191,1280,720,1920,1080,11.5886,12.5316,9.95021,1,1,0,0,2,11059200
1080,2,reference,1192,1280,720,1920,1080,11.6111,12.5962,10.0557,1,1,0,0,2,11059200
1080,2,reference,1193,1280,720,1920,1080,11.5466,12.7033,10.1632,1,1,0,0,2,11059200
1080,2,reference,1194,1280,720,1920,1080,11.4524,12.4673,9.79456,1,1,0,0,2,11059200
1080,2,reference,1195,1280,720,1920,1080,11.4022,12.5173,9.7495,1,1,0,0,2,11059200
1080,2,reference,1196,1280,720,1920,1080,11.4104,12.3821,9.72902,1,1,0,0,2,11059200
1080,2,reference,1197,1280,720,1920,1080,11.4739,12.4895,9.90618,1,1,0,0,2,11059200
1080,2,reference,1198,1280,720,1920,1080,11.306,12.6058,9.92461,1,1,0,0,2,11059200
1080,2,reference,1199,1280,720,1920,1080,11.2517,12.8649,9.62765,1,1,0,0,2,11059200
1080,3,reference,300,1280,720,1920,1080,11.1708,12.2991,9.79149,1,1,0,0,2,11059200
1080,3,reference,301,1280,720,1920,1080,11.5139,12.5191,10.1356,1,1,0,0,2,11059200
1080,3,reference,302,1280,720,1920,1080,11.3398,12.3267,9.96557,1,1,0,0,2,11059200
1080,3,reference,303,1280,720,1920,1080,11.1421,12.3792,9.76486,1,1,0,0,2,11059200
1080,3,reference,304,1280,720,1920,1080,10.9896,12.0831,9.61638,1,1,0,0,2,11059200
1080,3,reference,305,1280,720,1920,1080,11.4033,12.5224,10.0229,1,1,0,0,2,11059200
1080,3,reference,306,1280,720,1920,1080,11.6572,12.7146,10.2799,1,1,0,0,2,11059200
1080,3,reference,307,1280,720,1920,1080,11.3224,12.4035,9.94202,1,1,0,0,2,11059200
1080,3,reference,308,1280,720,1920,1080,11.3336,12.3209,9.95635,1,1,0,0,2,11059200
1080,3,reference,309,1280,720,1920,1080,11.4575,12.4317,10.0792,1,1,0,0,2,11059200
1080,3,reference,310,1280,720,1920,1080,11.4719,12.4603,10.0956,1,1,0,0,2,11059200
1080,3,reference,311,1280,720,1920,1080,11.5067,12.4854,10.1294,1,1,0,0,2,11059200
1080,3,reference,312,1280,720,1920,1080,12.0842,13.0875,10.7008,1,1,0,0,2,11059200
1080,3,reference,313,1280,720,1920,1080,11.351,12.3075,9.71571,1,1,0,0,2,11059200
1080,3,reference,314,1280,720,1920,1080,11.0162,12.1405,9.64096,1,1,0,0,2,11059200
1080,3,reference,315,1280,720,1920,1080,11.2364,12.2795,8.58317,1,1,0,0,2,11059200
1080,3,reference,316,1280,720,1920,1080,11.3992,12.4385,10.0229,1,1,0,0,2,11059200
1080,3,reference,317,1280,720,1920,1080,9.95635,10.8976,8.58317,1,1,0,0,2,11059200
1080,3,reference,318,1280,720,1920,1080,12.5553,13.5489,11.1759,1,1,0,0,2,11059200
1080,3,reference,319,1280,720,1920,1080,11.4739,12.4094,10.0977,1,1,0,0,2,11059200
1080,3,reference,320,1280,720,1920,1080,11.3644,12.3716,9.9881,1,1,0,0,2,11059200
1080,3,reference,321,1280,720,1920,1080,11.3377,12.3575,9.95942,1,1,0,0,2,11059200
1080,3,reference,322,1280,720,1920,1080,11.6193,12.7731,9.97171,1,1,0,0,2,11059200
1080,3,reference,323,1280,720,1920,1080,11.2404,12.3003,9.86317,1,1,0,0,2,11059200
1080,3,reference,324,1280,720,1920,1080,11.3326,12.6986,9.92461,1,1,0,0,2,11059200
1080,3,reference,325,1280,720,1920,1080,11.2589,12.3156,9.8816,1,1,0,0,2,11059200
1080,3,reference,326,1280,720,1920,1080,9.98195,11.0396,8.60774,1,1,0,0,2,11059200
1080,3,reference,327,1280,720,1920,1080,11.2681,12.1724,9.88979,1,1,0,0,2,11059200
1080,3,reference,328,1280,720,1920,1080,11.3603,12.41,9.98502,1,1,0,0,2,11059200
1080,3,reference,329,1280,720,1920,1080,11.1442,12.3455,9.76589,1,1,0,0,2,11059200
1080,3,reference,330,1280,720,1920,1080,11.1247,12.3077,9.74848,1,1,0,0,2,11059200
1080,3,reference,331,1280,720,1920,1080,11.3347,12.366,9.95635,1,1,0,0,2,11059200
1080,3,reference,332,1280,720,1920,1080,11.2742,12.2483,9.90003,1,1,0,0,2,11059200
1080,3,reference,333,1280,720,1920,1080,11.1104,12.2413,9.73005,1,1,0,0,2,11059200
1080,3,reference,334,1280,720,1920,1080,11.3265,12.2195,9.95021,1,1,0,0,2,11059200
1080,3,reference,335,1280,720,1920,1080,11.134,12.2839,9.7536,1,1,0,0,2,11059200
1080,3,reference,336,1280,720,1920,1080,11.0152,12.1517,9.63994,1,1,0,0,2,11059200
1080,3,reference,337,1280,720,1920,1080,11.2415,12.3456,9.86522,1,1,0,0,2,11059200
1080,3,reference,338,1280,720,1920,1080,11.2476,12.3216,8.60877,1,1,0,0,2,11059200
1080,3,reference,339,1280,720,1920,1080,11.3285,12.4347,9.95226,1,1,0,0,2,11059200
1080,3,reference,340,1280,720,1920,1080,11.2517,12.192,9.87443,1,1,0,0,2,11059200
1080,3,reference,341,1280,720,1920,1080,11.39,12.3966,10.0116,1,1,0,0,2,11059200
1080,3,reference,342,1280,720,1920,1080,11.2681,12.2968,9.89082,1,1,0,0,2,11059200
1080,3,reference,343,1280,720,1920,1080,11.4207,12.599,8.85965,1,1,0,0,2,11059200
1080,3,reference,344,1280,720,1920,1080,11.6726,12.7181,10.026,1,1,0,0,2,11059200
1080,3,reference,345,1280,720,1920,1080,11.5364,12.5001,9.90925,1,1,0,0,2,11059200
1080,3,reference,346,1280,720,1920,1080,11.3592,12.414,9.98195,1,1,0,0,2,11059200
1080,3,reference,347,1280,720,1920,1080,11.5476,12.5616,9.88979,1,1,0,0,2,11059200
1080,3,reference,348,1280,720,1920,1080,11.3428,12.3266,9.96864,1,1,0,0,2,11059200
1080,3,reference,349,1280,720,1920,1080,11.5548,12.5954,9.90515,1,1,0,0,2,11059200
1080,3,reference,350,1280,720,1920,1080,11.5569,12.5629,9.9072,1,1,0,0,2,11059200
1080,3,reference,351,1280,720,1920,1080,11.4094,12.7143,10.0321,1,1,0,0,2,11059200
1080,3,reference,352,1280,720,1920,1080,9.8048,10.8266,8.42854,1,1,0,0,2,11059200
1080,3,reference,353,1280,720,1920,1080,9.46381,10.3501,8.08653,1,1,0,0,2,11059200
1080,3,reference,354,1280,720,1920,1080,10.625,13.4097,9.23034,1,1,0,0,2,11059200
1080,3,reference,355,1280,720,1920,1080,11.5169,12.5877,10.1315,1,1,0,0,2,11059200
1080,3,reference,356,1280,720,1920,1080,11.35,12.3288,9.97478,1,1,0,0,2,11059200
1080,3,reference,357,1280,720,1920,1080,11.3142,12.4664,9.9369,1,1,0,0,2,11059200
1080,3,reference,358,1280,720,1920,1080,11.3777,12.3577,10.0014,1,1,0,0,2,11059200
1080,3,reference,359,1280,720,1920,1080,11.1698,12.3467,9.79149,1,1,0,0,2,11059200
1080,3,reference,360,1280,720,1920,1080,11.1596,12.2909,9.7751,1,1,0,0,2,11059200
1080,3,reference,361,1280,720,1920,1080,11.435,12.4347,9.82221,1,1,0,0,2,11059200
1080,3,reference,362,1280,720,1920,1080,11.3469,12.3981,9.7321,1,1,0,0,2,11059200
1080,3,reference,363,1280,720,1920,1080,11.3521,12.3581,9.72698,1,1,0,0,2,11059200
1080,3,reference,364,1280,720,1920,1080,11.307,12.3841,9.92973,1,1,0,0,2,11059200
1080,3,reference,365,1280,720,1920,1080,11.3347,12.3382,9.95942,1,1,0,0,2,11059200
1080,3,reference,366,1280,720,1920,1080,11.3213,12.2392,9.94509,1,1,0,0,2,11059200
1080,3,reference,367,1280,720,1920,1080,11.5087,12.4148,10.1325,1,1,0,0,2,11059200
1080,3,reference,368,1280,720,1920,1080,11.9849,13.015,10.4315,1,1,0,0,2,11059200
1080,3,reference,369,1280,720,1920,1080,11.3848,12.3565,9.74643,1,1,0,0,2,11059200
1080,3,reference,370,1280,720,1920,1080,11.4043,12.4429,9.77818,1,1,0,0,2,11059200
1080,3,reference,371,1280,720,1920,1080,11.391,12.4879,9.74643,1,1,0,0,2,11059200
1080,3,reference,372,1280,720,1920,1080,11.3265,12.2836,9.94611,1,1,0,0,2,11059200
1080,3,reference,373,1280,720,1920,1080,11.519,12.4916,10.1417,1,1,0,0,2,11059200
1080,3,reference,374,1280,720,1920,1080,11.5436,12.5643,10.1652,1,1,0,0,2,11059200
1080,3,reference,375,1280,720,1920,1080,11.3039,12.3193,9.9287,1,1,0,0,2,11059200
1080,3,reference,376,1280,720,1920,1080,9.92256,10.8404,8.54938,1,1,0,0,2,11059200
1080,3,reference,377,1280,720,1920,1080,12.2552,13.3347,10.8524,1,1,0,0,2,11059200
1080,3,reference,378,1280,720,1920,1080,11.2794,12.5357,9.89901,1,1,0,0,2,11059200
1080,3,reference,379,1280,720,1920,1080,11.1636,12.3839,9.78637,1,1,0,0,2,11059200
1080,3,reference,380,1280,720,1920,1080,11.1145,12.2656,9.74029,1,1,0,0,2,11059200
1080,3,reference,381,1280,720,1920,1080,11.2988,12.3034,9.92154,1,1,0,0,2,11059200
1080,3,reference,382,1280,720,1920,1080,11.5046,12.5124,9.8601,1,1,0,0,2,11059200
1080,3,reference,383,1280,720,1920,1080,11.4115,12.5359,9.7577,1,1,0,0,2,11059200
1080,3,reference,384,1280,720,1920,1080,11.5476,12.6333,9.9031,1,1,0,0,2,11059200
1080,3,reference,385,1280,720,1920,1080,11.6081,12.5711,9.93997,1,1,0,0,2,11059200
1080,3,reference,386,1280,720,1920,1080,11.5323,12.5415,9.88877,1,1,0,0,2,11059200
1080,3,reference,387,1280,720,1920,1080,11.4012,12.5759,10.025,1,1,0,0,2,11059200
1080,3,reference,388,1280,720,1920,1080,11.4125,12.4662,10.0291,1,1,0,0,2,11059200
1080,3,reference,389,1280,720,1920,1080,11.3347,12.3905,9.95533,1,1,0,0,2,11059200
1080,3,reference,390,1280,720,1920,1080,11.6408,12.6715,9.99936,1,1,0,0,2,11059200
1080,3,reference,391,1280,720,1920,1080,11.3633,12.3712,9.98605,1,1,0,0,2,11059200
1080,3,reference,392,1280,720,1920,1080,11.3971,12.4035,10.0209,1,1,0,0,2,11059200
1080,3,reference,393,1280,720,1920,1080,11.3725,12.492,9.984,1,1,0,0,2,11059200
1080,3,reference,394,1280,720,1920,1080,11.6019,12.6377,9.93894,1,1,0,0,2,11059200
1080,3,reference,395,1280,720,1920,1080,11.3869,12.3858,10.0096,1,1,0,0,2,11059200
1080,3,reference,396,1280,720,1920,1080,11.5722,12.6301,9.92154,1,1,0,0,2,11059200
1080,3,reference,397,1280,720,1920,1080,11.3551,12.4585,9.97786,1,1,0,0,2,11059200
1080,3,reference,398,1280,720,1920,1080,11.564,12.6181,9.92666,1,1,0,0,2,11059200
1080,3,reference,399,1280,720,1920,1080,11.3582,12.5362,9.98093,1,1,0,0,2,11059200
1080,3,reference,400,1280,720,1920,1080,11.3234,12.3378,9.94714,1,1,0,0,2,11059200
1080,3,reference,401,1280,720,1920,1080,11.5558,12.5976,9.9113,1,1,0,0,2,11059200
1080,3,reference,402,1280,720,1920,1080,11.4043,12.6854,10.0291,1,1,0,0,2,11059200
1080,3,reference,403,1280,720,1920,1080,11.3613,12.4343,9.98707,1,1,0,0,2,11059200
1080,3,reference,404,1280,720,1920,1080,11.3224,12.4381,9.94714,1,1,0,0,2,11059200
1080,3,reference,405,1280,720,1920,1080,11.3377,12.4225,9.96147,1,1,0,0,2,11059200
1080,3,reference,406,1280,720,1920,1080,11.4022,12.5109,10.027,1,1,0,0,2,11059200
1080,3,reference,407,1280,720,1920,1080,11.3603,12.404,9.984,1,1,0,0,2,11059200
1080,3,reference,408,1280,720,1920,1080,11.3428,12.3561,9.96762,1,1,0,0,2,11059200
1080,3,reference,409,1280,720,1920,1080,11.1063,12.2007,8.43571,1,1,0,0,2,11059200
1080,3,reference,410,1280,720,1920,1080,11.6214,12.6613,10.239,1,1,0,0,2,11059200
1080,3,reference,411,1280,720,1920,1080,11.4483,12.4298,10.07,1,1,0,0,2,11059200
1080,3,reference,412,1280,720,1920,1080,11.3039,12.3815,9.9287,1,1,0,0,2,11059200
1080,3,reference,413,1280,720,1920,1080,11.5108,12.491,9.86931,1,1,0,0,2,11059200
1080,3,reference,414,1280,720,1920,1080,11.349,12.316,9.97171,1,1,0,0,2,11059200
1080,3,reference,415,1280,720,1920,1080,11.605,12.6153,9.96454,1,1,0,0,2,11059200
1080,3,reference,416,1280,720,1920,1080,9.99629,10.9362,8.61901,1,1,0,0,2,11059200
1080,3,reference,417,1280,720,1920,1080,12.6372,13.7267,9.96864,1,1,0,0,2,11059200
1080,3,reference,418,1280,720,1920,1080,11.5548,12.565,9.90925,1,1,0,0,2,11059200
1080,3,reference,419,1280,720,1920,1080,11.5446,12.5213,9.8816,1,1,0,0,2,11059200
1080,3,reference,420,1280,720,1920,1080,11.5487,12.5874,9.8816,1,1,0,0,2,11059200
1080,3,reference,421,1280,720,1920,1080,11.4903,12.5896,9.84371,1,1,0,0,2,11059200
1080,3,reference,422,1280,720,1920,1080,11.6163,12.9114,9.96454,1,1,0,0,2,11059200
1080,3,reference,423,1280,720,1920,1080,11.3572,12.4155,9.9799,1,1,0,0,2,11059200
1080,3,reference,424,1280,720,1920,1080,11.2609,12.3604,9.83962,1,1,0,0,2,11059200
1080,3,reference,425,1280,720,1920,1080,11.7453,12.6816,10.1919,1,1,0,0,2,11059200
1080,3,reference,426,1280,720,1920,1080,11.3377,12.321,9.96352,1,1,0,0,2,11059200
1080,3,reference,427,1280,720,1920,1080,11.3633,12.3624,9.98605,1,1,0,0,2,11059200
1080,3,reference,428,1280,720,1920,1080,11.3377,12.3083,9.95942,1,1,0,0,2,11059200
1080,3,reference,429,1280,720,1920,1080,11.3449,12.4118,9.96659,1,1,0,0,2,11059200
1080,3,reference,430,1280,720,1920,1080,11.5599,12.7269,9.92461,1,1,0,0,2,11059200
1080,3,reference,431,1280,720,1920,1080,11.3152,12.3751,9.93997,1,1,0,0,2,11059200
1080,3,reference,432,1280,720,1920,1080,11.5333,12.4664,9.89696,1,1,0,0,2,11059200
1080,3,reference,433,1280,720,1920,1080,11.5743,12.5352,9.93075,1,1,0,0,2,11059200
1080,3,reference,434,1280,720,1920,1080,11.35,12.2875,9.97478,1,1,0,0,2,11059200
1080,3,reference,435,1280,720,1920,1080,11.5927,12.5515,9.94099,1,1,0,0,2,11059200
1080,3,reference,436,1280,720,1920,1080,11.5415,12.7644,9.90822,1,1,0,0,2,11059200
1080,3,reference,437,1280,720,1920,1080,11.4022,12.4443,10.026,1,1,0,0,2,11059200
1080,3,reference,438,1280,720,1920,1080,11.348,12.3405,9.97274,1,1,0,0,2,11059200
1080,3,reference,439,1280,720,1920,1080,11.3623,12.4781,9.98912,1,1,0,0,2,11059200
1080,3,reference,440,1280,720,1920,1080,11.3859,12.425,9.99424,1,1,0,0,2,11059200
1080,3,reference,441,1280,720,1920,1080,11.4821,12.4472,9.85088,1,1,0,0,2,11059200
1080,3,reference,442,1280,720,1920,1080,11.3326,12.2491,9.95942,1,1,0,0,2,11059200
1080,3,reference,443,1280,720,1920,1080,11.5569,12.5967,9.92461,1,1,0,0,2,11059200
1080,3,reference,444,1280,720,1920,1080,11.5794,13.0119,9.9543,1,1,0,0,2,11059200
1080,3,reference,445,1280,720,1920,1080,11.4913,12.486,10.114,1,1,0,0,2,11059200
1080,3,reference,446,1280,720,1920,1080,11.5333,12.5764,10.1601,1,1,0,0,2,11059200
1080,3,reference,447,1280,720,1920,1080,11.519,12.5829,10.1437,1,1,0,0,2,11059200
1080,3,reference,448,1280,720,1920,1080,11.4586,12.4465,10.0823,1,1,0,0,2,11059200
1080,3,reference,449,1280,720,1920,1080,10.5708,11.5217,8.94566,1,1,0,0,2,11059200
1080,3,reference,450,1280,720,1920,1080,11.3992,13.1253,10.0198,1,1,0,0,2,11059200
1080,3,reference,451,1280,720,1920,1080,11.4842,12.6542,10.1079,1,1,0,0,2,11059200
1080,3,reference,452,1280,720,1920,1080,11.3848,12.5362,10.0086,1,1,0,0,2,11059200
1080,3,reference,453,1280,720,1920,1080,11.3582,12.2853,9.97683,1,1,0,0,2,11059200
1080,3,reference,454,1280,720,1920,1080,11.4104,12.3799,10.0352,1,1,0,0,2,11059200
1080,3,reference,455,1280,720,1920,1080,11.6142,12.884,9.95328,1,1,0,0,2,11059200
1080,3,reference,456,1280,720,1920,1080,11.5087,12.8901,10.1335,1,1,0,0,2,11059200
1080,3,reference,457,1280,720,1920,1080,11.3777,12.4153,9.99936,1,1,0,0,2,11059200
1080,3,reference,458,1280,720,1920,1080,11.3316,12.4154,9.95635,1,1,0,0,2,11059200
1080,3,reference,459,1280,720,1920,1080,11.3592,12.4211,9.984,1,1,0,0,2,11059200
1080,3,reference,460,1280,720,1920,1080,11.3521,12.3818,9.97683,1,1,0,0,2,11059200
1080,3,reference,461,1280,720,1920,1080,11.3111,12.4118,9.93587,1,1,0,0,2,11059200
1080,3,reference,462,1280,720,1920,1080,11.2466,12.3656,9.86931,1,1,0,0,2,11059200
1080,3,reference,463,1280,720,1920,1080,11.4913,12.6474,10.1151,1,1,0,0,2,11059200
1080,3,reference,464,1280,720,1920,1080,11.3326,12.3823,9.96045,1,1,0,0,2,11059200
1080,3,reference,465,1280,720,1920,1080,11.3316,12.5252,9.95328,1,1,0,0,2,11059200
1080,3,reference,466,1280,720,1920,1080,11.5067,12.4517,10.1274,1,1,0,0,2,11059200
1080,3,reference,467,1280,720,1920,1080,11.5036,12.5891,10.1274,1,1,0,0,2,11059200
1080,3,reference,468,1280,720,1920,1080,11.3848,12.4978,10.0096,1,1,0,0,2,11059200
1080,3,reference,469,1280,720,1920,1080,11.4063,12.4676,9.78842,1,1,0,0,2,11059200
1080,3,reference,470,1280,720,1920,1080,11.3992,12.3554,10.0229,1,1,0,0,2,11059200
1080,3,reference,471,1280,720,1920,1080,11.2742,12.4738,9.89798,1,1,0,0,2,11059200
1080,3,reference,472,1280,720,1920,1080,11.5425,12.7271,9.92973,1,1,0,0,2,11059200
1080,3,reference,473,1280,720,1920,1080,11.2968,12.2382,9.91846,1,1,0,0,2,11059200
1080,3,reference,474,1280,720,1920,1080,11.478,12.5442,10.1018,1,1,0,0,2,11059200
1080,3,reference,475,1280,720,1920,1080,11.3388,12.3269,9.96147,1,1,0,0,2,11059200
1080,3,reference,476,1280,720,1920,1080,11.4586,12.506,10.0823,1,1,0,0,2,11059200
1080,3,reference,477,1280,720,1920,1080,11.4893,12.8048,10.1089,1,1,0,0,2,11059200
1080,3,reference,478,1280,720,1920,1080,11.3828,12.4648,9.75667,1,1,0,0,2,11059200
1080,3,reference,479,1280,720,1920,1080,11.4022,12.3903,10.025,1,1,0,0,2,11059200
1080,3,reference,480,1280,720,1920,1080,11.3623,12.4353,9.98502,1,1,0,0,2,11059200
1080,3,reference,481,1280,720,1920,1080,11.3347,12.5295,9.95533,1,1,0,0,2,11059200
1080,3,reference,482,1280,720,1920,1080,11.3265,12.345,9.94816,1,1,0,0,2,11059200
1080,3,reference,483,1280,720,1920,1080,11.4043,12.5123,10.028,1,1,0,0,2,11059200
1080,3,reference,484,1280,720,1920,1080,11.3367,12.4424,9.95942,1,1,0,0,2,11059200
1080,3,reference,485,1280,720,1920,1080,11.5548,12.5691,10.1765,1,1,0,0,2,11059200
1080,3,reference,486,1280,720,1920,1080,11.3254,12.4431,9.95123,1,1,0,0,2,11059200
1080,3,reference,487,1280,720,1920,1080,11.3449,12.3848,9.96659,1,1,0,0,2,11059200
1080,3,reference,488,1280,720,1920,1080,11.3644,12.7697,9.99117,1,1,0,0,2,11059200
1080,3,reference,489,1280,720,1920,1080,12.1784,13.3137,10.8032,1,1,0,0,2,11059200
1080,3,reference,490,1280,720,1920,1080,11.0879,12.2014,9.71162,1,1,0,0,2,11059200
1080,3,reference,491,1280,720,1920,1080,11.3848,12.275,10.0065,1,1,0,0,2,11059200
1080,3,reference,492,1280,720,1920,1080,11.3469,12.4093,9.97069,1,1,0,0,2,11059200
1080,3,reference,493,1280,720,1920,1080,11.3838,12.6204,10.0065,1,1,0,0,2,11059200
1080,3,reference,494,1280,720,1920,1080,11.3408,12.3533,9.96454,1,1,0,0,2,11059200
1080,3,reference,495,1280,720,1920,1080,11.4412,12.4375,9.82016,1,1,0,0,2,11059200
1080,3,reference,496,1280,720,1920,1080,11.5405,12.5861,9.91027,1,1,0,0,2,11059200
1080,3,reference,497,1280,720,1920,1080,11.3684,12.3063,9.73926,1,1,0,0,2,11059200
1080,3,reference,498,1280,720,1920,1080,11.3633,12.3524,9.73107,1,1,0,0,2,11059200
1080,3,reference,499,1280,720,1920,1080,11.306,12.2817,9.92973,1,1,0,0,2,11059200
1080,3,reference,500,1280,720,1920,1080,11.3172,12.3282,9.94304,1,1,0,0,2,11059200
1080,3,reference,501,1280,720,1920,1080,11.5149,12.4999,10.1366,1,1,0,0,2,11059200
1080,3,reference,502,1280,720,1920,1080,11.3736,12.3979,9.99936,1,1,0,0,2,11059200
1080,3,reference,503,1280,720,1920,1080,11.4657,12.4277,10.0884,1,1,0,0,2,11059200
1080,3,reference,504,1280,720,1920,1080,11.3203,12.294,9.94304,1,1,0,0,2,11059200
1080,3,reference,505,1280,720,1920,1080,11.5395,12.5437,10.1632,1,1,0,0,2,11059200
1080,3,reference,506,1280,720,1920,1080,11.5016,12.5281,10.1274,1,1,0,0,2,11059200
1080,3,reference,507,1280,720,1920,1080,11.4811,12.4565,10.1059,1,1,0,0,2,11059200
1080,3,reference,508,1280,720,1920,1080,11.4821,12.6148,10.1069,1,1,0,0,2,11059200
1080,3,reference,509,1280,720,1920,1080,11.519,12.6104,10.1407,1,1,0,0,2,11059200
1080,3,reference,510,1280,720,1920,1080,11.349,12.2885,9.97581,1,1,0,0,2,11059200
1080,3,reference,511,1280,720,1920,1080,11.6593,12.5941,10.1622,1,1,0,0,2,11059200
1080,3,reference,512,1280,720,1920,1080,11.5098,12.5311,10.1151,1,1,0,0,2,11059200
1080,3,reference,513,1280,720,1920,1080,11.4074,12.4028,9.73824,1,1,0,0,2,11059200
1080,3,reference,514,1280,720,1920,1080,11.4555,12.392,9.89696,1,1,0,0,2,11059200
1080,3,reference,515,1280,720,1920,1080,11.4463,12.4103,9.89082,1,1,0,0,2,11059200
1080,3,reference,516,1280,720,1920,1080,11.5149,12.5437,10.1417,1,1,0,0,2,11059200
1080,3,reference,517,1280,720,1920,1080,11.6726,12.665,10.2932,1,1,0,0,2,11059200
1080,3,reference,518,1280,720,1920,1080,11.2691,12.2698,9.89286,1,1,0,0,2,11059200
1080,3,reference,519,1280,720,1920,1080,11.4319,12.3603,10.0557,1,1,0,0,2,11059200
1080,3,reference,520,1280,720,1920,1080,11.6152,12.6455,9.97683,1,1,0,0,2,11059200
1080,3,reference,521,1280,720,1920,1080,11.307,12.3518,9.9287,1,1,0,0,2,11059200
1080,3,reference,522,1280,720,1920,1080,11.5067,12.5334,10.1304,1,1,0,0,2,11059200
1080,3,reference,523,1280,720,1920,1080,11.4586,12.4741,10.0782,1,1,0,0,2,11059200
1080,3,reference,524,1280,720,1920,1080,11.521,12.6944,10.1468,1,1,0,0,2,11059200
1080,3,reference,525,1280,720,1920,1080,11.5651,12.845,10.1888,1,1,0,0,2,11059200
1080,3,reference,526,1280,720,1920,1080,11.2865,12.3846,9.91027,1,1,0,0,2,11059200
1080,3,reference,527,1280,720,1920,1080,11.5005,12.7325,10.1233,1,1,0,0,2,11059200
1080,3,reference,528,1280,720,1920,1080,11.3613,12.3038,9.98707,1,1,0,0,2,11059200
1080,3,reference,529,1280,720,1920,1080,11.3101,12.3387,9.68704,1,1,0,0,2,11059200
1080,3,reference,530,1280,720,1920,1080,11.3162,12.2672,9.70035,1,1,0,0,2,11059200
1080,3,reference,531,1280,720,1920,1080,11.3521,12.3783,9.97683,1,1,0,0,2,11059200
1080,3,reference,532,1280,720,1920,1080,11.3388,12.3604,9.96454,1,1,0,0,2,11059200
1080,3,reference,533,1280,720,1920,1080,11.5087,12.5813,10.1294,1,1,0,0,2,11059200
1080,3,reference,534,1280,720,1920,1080,11.5026,12.5043,10.1274,1,1,0,0,2,11059200
1080,3,reference,535,1280,720,1920,1080,11.4964,12.5892,10.1202,1,1,0,0,2,11059200
1080,3,reference,536,1280,720,1920,1080,11.2916,12.3542,9.91642,1,1,0,0,2,11059200
1080,3,reference,537,1280,720,1920,1080,11.2517,12.5119,8.56576,1,1,0,0,2,11059200
1080,3,reference,538,1280,720,1920,1080,11.2445,12.5014,9.87136,1,1,0,0,2,11059200
1080,3,reference,539,1280,720,1920,1080,11.4893,12.5222,9.86112,1,1,0,0,2,11059200
1080,3,reference,540,1280,720,1920,1080,11.3469,12.4045,9.96966,1,1,0,0,2,11059200
1080,3,reference,541,1280,720,1920,1080,11.5425,12.6089,10.1673,1,1,0,0,2,11059200
1080,3,reference,542,1280,720,1920,1080,11.3029,12.3593,9.92973,1,1,0,0,2,11059200
1080,3,reference,543,1280,720,1920,1080,11.4913,12.4842,10.114,1,1,0,0,2,11059200
1080,3,reference,544,1280,720,1920,1080,11.5466,12.5424,10.1673,1,1,0,0,2,11059200
1080,3,reference,545,1280,720,1920,1080,11.5343,12.4746,9.90515,1,1,0,0,2,11059200
1080,3,reference,546,1280,720,1920,1080,11.3172,12.4045,9.94099,1,1,0,0,2,11059200
1080,3,reference,547,1280,720,1920,1080,11.5272,12.5071,10.1509,1,1,0,0,2,11059200
1080,3,reference,548,1280,720,1920,1080,11.2876,12.2487,9.91232,1,1,0,0,2,11059200
1080,3,reference,549,1280,720,1920,1080,11.3029,12.3106,9.92461,1,1,0,0,2,11059200
1080,3,reference,550,1280,720,1920,1080,11.3224,12.2709,9.70342,1,1,0,0,2,11059200
1080,3,reference,551,1280,720,1920,1080,11.1534,12.3656,9.78022,1,1,0,0,2,11059200
1080,3,reference,552,1280,720,1920,1080,11.4913,12.4634,9.8519,1,1,0,0,2,11059200
1080,3,reference,553,1280,720,1920,1080,11.3469,12.4665,9.93792,1,1,0,0,2,11059200
1080,3,reference,554,1280,720,1920,1080,11.6603,12.7745,10.2758,1,1,0,0,2,11059200
1080,3,reference,555,1280,720,1920,1080,11.3633,12.431,9.98707,1,1,0,0,2,11059200
1080,3,reference,556,1280,720,1920,1080,11.3183,12.3182,9.94406,1,1,0,0,2,11059200
1080,3,reference,557,1280,720,1920,1080,11.2937,12.2467,9.91744,1,1,0,0,2,11059200
1080,3,reference,558,1280,720,1920,1080,11.5466,12.5419,9.90925,1,1,0,0,2,11059200
1080,3,reference,559,1280,720,1920,1080,11.6777,12.7459,9.95021,1,1,0,0,2,11059200
1080,3,reference,560,1280,720,1920,1080,11.5415,12.6197,9.9031,1,1,0,0,2,11059200
1080,3,reference,561,1280,720,1920,1080,11.5169,12.6464,10.1366,1,1,0,0,2,11059200
1080,3,reference,562,1280,720,1920,1080,11.4924,12.4803,10.1171,1,1,0,0,2,11059200
1080,3,reference,563,1280,720,1920,1080,11.5077,12.494,10.1284,1,1,0,0,2,11059200
1080,3,reference,564,1280,720,1920,1080,11.5169,12.5491,10.1427,1,1,0,0,2,11059200
1080,3,reference,565,1280,720,1920,1080,11.3961,12.4253,10.0188,1,1,0,0,2,11059200
1080,3,reference,566,1280,720,1920,1080,11.519,12.6635,9.89082,1,1,0,0,2,11059200
1080,3,reference,567,1280,720,1920,1080,11.476,12.4913,10.1018,1,1,0,0,2,11059200
1080,3,reference,568,1280,720,1920,1080,11.5272,12.559,10.1509,1,1,0,0,2,11059200
1080,3,reference,569,1280,720,1920,1080,11.3766,12.4068,9.99936,1,1,0,0,2,11059200
1080,3,reference,570,1280,720,1920,1080,11.3531,12.3521,9.98093,1,1,0,0,2,11059200
1080,3,reference,571,1280,720,1920,1080,11.4913,12.4374,10.1161,1,1,0,0,2,11059200
1080,3,reference,572,1280,720,1920,1080,11.3725,12.4184,10.0014,1,1,0,0,2,11059200
1080,3,reference,573,1280,720,1920,1080,11.4903,12.6061,9.92358,1,1,0,0,2,11059200
1080,3,reference,574,1280,720,1920,1080,11.5261,12.5039,10.1468,1,1,0,0,2,11059200
1080,3,reference,575,1280,720,1920,1080,11.4104,12.3356,10.0372,1,1,0,0,2,11059200
1080,3,reference,576,1280,720,1920,1080,11.5681,12.5599,9.93997,1,1,0,0,2,11059200
1080,3,reference,577,1280,720,1920,1080,11.5282,12.5424,10.153,1,1,0,0,2,11059200
1080,3,reference,578,1280,720,1920,1080,11.2476,12.3509,9.84678,1,1,0,0,2,11059200
1080,3,reference,579,1280,720,1920,1080,9.97171,11.0453,8.59853,1,1,0,0,2,11059200
1080,3,reference,580,1280,720,1920,1080,11.3879,13.1731,9.07059,1,1,0,0,2,11059200
1080,3,reference,581,1280,720,1920,1080,11.6183,12.5398,9.98093,1,1,0,0,2,11059200
1080,3,reference,582,1280,720,1920,1080,11.2384,12.3538,9.86112,1,1,0,0,2,11059200
1080,3,reference,583,1280,720,1920,1080,11.3869,12.3109,10.0116,1,1,0,0,2,11059200
1080,3,reference,584,1280,720,1920,1080,11.4227,12.5272,9.86931,1,1,0,0,2,11059200
1080,3,reference,585,1280,720,1920,1080,11.3674,12.3905,9.98912,1,1,0,0,2,11059200
1080,3,reference,586,1280,720,1920,1080,11.5169,12.5657,9.89696,1,1,0,0,2,11059200
1080,3,reference,587,1280,720,1920,1080,11.5354,12.7238,9.89594,1,1,0,0,2,11059200
1080,3,reference,588,1280,720,1920,1080,11.5169,12.5571,9.86522,1,1,0,0,2,11059200
1080,3,reference,589,1280,720,1920,1080,11.3336,12.3884,9.96045,1,1,0,0,2,11059200
1080,3,reference,590,1280,720,1920,1080,11.5466,12.5362,9.88979,1,1,0,0,2,11059200
1080,3,reference,591,1280,720,1920,1080,11.2968,12.3516,9.87238,1,1,0,0,2,11059200
1080,3,reference,592,1280,720,1920,1080,11.2957,12.232,9.74438,1,1,0,0,2,11059200
1080,3,reference,593,1280,720,1920,1080,11.6767,12.6989,10.0383,1,1,0,0,2,11059200
1080,3,reference,594,1280,720,1920,1080,11.5763,12.5644,9.92256,1,1,0,0,2,11059200
1080,3,reference,595,1280,720,1920,1080,11.646,12.8785,10.2666,1,1,0,0,2,11059200
1080,3,reference,596,1280,720,1920,1080,11.2978,12.2817,9.92154,1,1,0,0,2,11059200
1080,3,reference,597,1280,720,1920,1080,11.3654,12.5207,9.9881,1,1,0,0,2,11059200
1080,3,reference,598,1280,720,1920,1080,11.2947,12.393,9.88467,1,1,0,0,2,11059200
1080,3,reference,599,1280,720,1920,1080,11.5036,12.5944,9.95942,1,1,0,0,2,11059200
1080,3,reference,600,1280,720,1920,1080,11.3859,12.3814,10.0332,1,1,0,0,2,11059200
1080,3,reference,601,1280,720,1920,1080,11.0674,12.1116,8.40909,1,1,0,0,2,11059200
1080,3,reference,602,1280,720,1920,1080,11.4842,12.4443,9.8601,1,1,0,0,2,11059200
1080,3,reference,603,1280,720,1920,1080,11.5282,12.6041,10.1581,1,1,0,0,2,11059200
1080,3,reference,604,1280,720,1920,1080,11.862,12.7748,10.4796,1,1,0,0,2,11059200
1080,3,reference,605,1280,720,1920,1080,11.3132,12.3226,9.9369,1,1,0,0,2,11059200
1080,3,reference,606,1280,720,1920,1080,11.3654,12.3798,9.98912,1,1,0,0,2,11059200
1080,3,reference,607,1280,720,1920,1080,11.4954,12.5045,9.856,1,1,0,0,2,11059200
1080,3,reference,608,1280,720,1920,1080,11.3398,12.3463,9.96659,1,1,0,0,2,11059200
1080,3,reference,609,1280,720,1920,1080,11.5436,12.6592,9.90003,1,1,0,0,2,11059200
1080,3,reference,610,1280,720,1920,1080,11.392,12.4941,10.0147,1,1,0,0,2,11059200
1080,3,reference,611,1280,720,1920,1080,11.3398,12.3881,9.96352,1,1,0,0,2,11059200
1080,3,reference,612,1280,720,1920,1080,11.5866,12.6439,9.93894,1,1,0,0,2,11059200
1080,3,reference,613,1280,720,1920,1080,11.3828,12.4191,10.0035,1,1,0,0,2,11059200
1080,3,reference,614,1280,720,1920,1080,11.3019,12.2851,9.92358,1,1,0,0,2,11059200
1080,3,reference,615,1280,720,1920,1080,11.5548,12.6053,9.91232,1,1,0,0,2,11059200
1080,3,reference,616,1280,720,1920,1080,11.3674,12.4296,9.99424,1,1,0,0,2,11059200
1080,3,reference,617,1280,720,1920,1080,11.3162,12.3052,9.93997,1,1,0,0,2,11059200
1080,3,reference,618,1280,720,1920,1080,11.4985,12.5438,9.86317,1,1,0,0,2,11059200
1080,3,reference,619,1280,720,1920,1080,11.5855,12.6995,9.92358,1,1,0,0,2,11059200
1080,3,reference,620,1280,720,1920,1080,11.5763,12.6419,9.95226,1,1,0,0,2,11059200
1080,3,reference,621,1280,720,1920,1080,11.3398,12.3192,9.96352,1,1,0,0,2,11059200
1080,3,reference,622,1280,720,1920,1080,11.5415,12.5823,9.89594,1,1,0,0,2,11059200
1080,3,reference,623,1280,720,1920,1080,11.5671,12.673,9.93075,1,1,0,0,2,11059200
1080,3,reference,624,1280,720,1920,1080,11.3244,12.3405,9.95021,1,1,0,0,2,11059200
1080,3,reference,625,1280,720,1920,1080,11.3121,12.3054,9.93587,1,1,0,0,2,11059200
1080,3,reference,626,1280,720,1920,1080,11.5005,12.5253,9.85293,1,1,0,0,2,11059200
1080,3,reference,627,1280,720,1920,1080,11.3428,12.3551,9.96659,1,1,0,0,2,11059200
1080,3,reference,628,1280,720,1920,1080,11.5773,12.671,9.93587,1,1,0,0,2,11059200
1080,3,reference,629,1280,720,1920,1080,11.3459,12.4054,9.96966,1,1,0,0,2,11059200
1080,3,reference,630,1280,720,1920,1080,11.3582,12.469,9.98502,1,1,0,0,2,11059200
1080,3,reference,631,1280,720,1920,1080,11.5354,12.6714,9.89082,1,1,0,0,2,11059200
1080,3,reference,632,1280,720,1920,1080,11.3388,12.4802,9.9625,1,1,0,0,2,11059200
1080,3,reference,633,1280,720,1920,1080,11.3695,12.4685,9.99219,1,1,0,0,2,11059200
1080,3,reference,634,1280,720,1920,1080,11.3562,12.4563,9.98298,1,1,0,0,2,11059200
1080,3,reference,635,1280,720,1920,1080,11.3132,12.2956,9.9369,1,1,0,0,2,11059200
1080,3,reference,636,1280,720,1920,1080,11.4903,12.4108,9.856,1,1,0,0,2,11059200
1080,3,reference,637,1280,720,1920,1080,11.3377,12.3438,9.96045,1,1,0,0,2,11059200
1080,3,reference,638,1280,720,1920,1080,11.5558,12.6817,9.90925,1,1,0,0,2,11059200
1080,3,reference,639,1280,720,1920,1080,11.3377,12.3812,9.9625,1,1,0,0,2,11059200
1080,3,reference,640,1280,720,1920,1080,11.5692,12.5752,9.92256,1,1,0,0,2,11059200
1080,3,reference,641,1280,720,1920,1080,11.5026,12.5092,10.1263,1,1,0,0,2,11059200
1080,3,reference,642,1280,720,1920,1080,11.348,12.4799,9.97274,1,1,0,0,2,11059200
1080,3,reference,643,1280,720,1920,1080,11.3725,12.4726,9.99834,1,1,0,0,2,11059200
1080,3,reference,644,1280,720,1920,1080,11.3295,12.3793,9.95738,1,1,0,0,2,11059200
1080,3,reference,645,1280,720,1920,1080,11.3521,12.3834,9.97581,1,1,0,0,2,11059200
1080,3,reference,646,1280,720,1920,1080,11.6111,12.8211,9.96659,1,1,0,0,2,11059200
1080,3,reference,647,1280,720,1920,1080,11.308,12.3634,9.93075,1,1,0,0,2,11059200
1080,3,reference,648,1280,720,1920,1080,11.3326,12.3504,9.9584,1,1,0,0,2,11059200
1080,3,reference,649,1280,720,1920,1080,12.0463,13.0314,10.409,1,1,0,0,2,11059200
1080,3,reference,650,1280,720,1920,1080,11.5333,12.8476,10.1612,1,1,0,0,2,11059200
1080,3,reference,651,1280,720,1920,1080,11.3285,12.5166,9.95226,1,1,0,0,2,11059200
1080,3,reference,652,1280,720,1920,1080,11.3244,12.3766,9.95021,1,1,0,0,2,11059200
1080,3,reference,653,1280,720,1920,1080,11.2998,12.3272,9.92256,1,1,0,0,2,11059200
1080,3,reference,654,1280,720,1920,1080,11.3797,12.4854,10.0055,1,1,0,0,2,11059200
1080,3,reference,655,1280,720,1920,1080,11.1094,12.1963,9.73107,1,1,0,0,2,11059200
1080,3,reference,656,1280,720,1920,1080,11.2189,12.1991,9.79661,1,1,0,0,2,11059200
1080,3,reference,657,1280,720,1920,1080,11.4115,12.3754,9.856,1,1,0,0,2,11059200
1080,3,reference,658,1280,720,1920,1080,11.1032,12.2118,9.72698,1,1,0,0,2,11059200
1080,3,reference,659,1280,720,1920,1080,11.0203,12.1715,9.64301,1,1,0,0,2,11059200
1080,3,reference,660,1280,720,1920,1080,11.052,12.191,8.44083,1,1,0,0,2,11059200
1080,3,reference,661,1280,720,1920,1080,11.1196,12.1985,9.72288,1,1,0,0,2,11059200
1080,3,reference,662,1280,720,1920,1080,11.2353,12.4841,9.86419,1,1,0,0,2,11059200
1080,3,reference,663,1280,720,1920,1080,11.3603,12.3404,9.69933,1,1,0,0,2,11059200
1080,3,reference,664,1280,720,1920,1080,11.265,12.5431,9.89184,1,1,0,0,2,11059200
1080,3,reference,665,1280,720,1920,1080,11.3469,12.3823,9.69626,1,1,0,0,2,11059200
1080,3,reference,666,1280,720,1920,1080,11.2046,12.4332,9.82938,1,1,0,0,2,11059200
1080,3,reference,667,1280,720,1920,1080,11.2763,12.8234,9.90106,1,1,0,0,2,11059200
1080,3,reference,668,1280,720,1920,1080,11.2722,12.3838,9.69523,1,1,0,0,2,11059200
1080,3,reference,669,1280,720,1920,1080,11.3633,12.5634,9.98707,1,1,0,0,2,11059200
1080,3,reference,670,1280,720,1920,1080,11.5384,12.5143,9.97581,1,1,0,0,2,11059200
1080,3,reference,671,1280,720,1920,1080,11.4268,12.3512,10.0526,1,1,0,0,2,11059200
1080,3,reference,672,1280,720,1920,1080,11.5579,12.58,9.91744,1,1,0,0,2,11059200
1080,3,reference,673,1280,720,1920,1080,11.3787,12.3807,9.72186,1,1,0,0,2,11059200
1080,3,reference,674,1280,720,1920,1080,11.4135,12.4114,9.75258,1,1,0,0,2,11059200
1080,3,reference,675,1280,720,1920,1080,11.2712,12.4861,9.89594,1,1,0,0,2,11059200
1080,3,reference,676,1280,720,1920,1080,11.4391,12.4439,9.81299,1,1,0,0,2,11059200
1080,3,reference,677,1280,720,1920,1080,11.5261,12.9129,9.95021,1,1,0,0,2,11059200
1080,3,reference,678,1280,720,1920,1080,11.3725,12.4431,9.72902,1,1,0,0,2,11059200
1080,3,reference,679,1280,720,1920,1080,11.3818,12.5273,9.73414,1,1,0,0,2,11059200
1080,3,reference,680,1280,720,1920,1080,11.3725,12.4963,9.73722,1,1,0,0,2,11059200
1080,3,reference,681,1280,720,1920,1080,11.4381,12.497,9.79354,1,1,0,0,2,11059200
1080,3,reference,682,1280,720,1920,1080,11.1852,12.1573,9.66042,1,1,0,0,2,11059200
1080,3,reference,683,1280,720,1920,1080,11.435,12.725,10.0577,1,1,0,0,2,11059200
1080,3,reference,684,1280,720,1920,1080,11.2589,12.1722,9.63379,1,1,0,0,2,11059200
1080,3,reference,685,1280,720,1920,1080,11.6695,12.6354,10.0413,1,1,0,0,2,11059200
1080,3,reference,686,1280,720,1920,1080,11.5702,12.8674,9.95738,1,1,0,0,2,11059200
1080,3,reference,687,1280,720,1920,1080,11.2845,12.4041,9.72698,1,1,0,0,2,11059200
1080,3,reference,688,1280,720,1920,1080,10.9158,12.0101,9.54163,1,1,0,0,2,11059200
1080,3,reference,689,1280,720,1920,1080,11.3623,12.4295,9.73107,1,1,0,0,2,11059200
1080,3,reference,690,1280,720,1920,1080,11.3756,12.4913,9.72698,1,1,0,0,2,11059200
1080,3,reference,691,1280,720,1920,1080,11.0643,12.1555,9.69011,1,1,0,0,2,11059200
1080,3,reference,692,1280,720,1920,1080,11.0725,12.0841,9.70138,1,1,0,0,2,11059200
1080,3,reference,693,1280,720,1920,1080,11.3203,12.3791,9.94202,1,1,0,0,2,11059200
1080,3,reference,694,1280,720,1920,1080,11.0746,12.2127,9.7024,1,1,0,0,2,11059200
1080,3,reference,695,1280,720,1920,1080,11.2978,12.3262,9.92461,1,1,0,0,2,11059200
1080,3,reference,696,1280,720,1920,1080,11.3306,12.4818,9.95942,1,1,0,0,2,11059200
1080,3,reference,697,1280,720,1920,1080,11.1124,12.218,9.71878,1,1,0,0,2,11059200
1080,3,reference,698,1280,720,1920,1080,11.0019,12.1117,9.57952,1,1,0,0,2,11059200
1080,3,reference,699,1280,720,1920,1080,11.1698,12.2426,9.76179,1,1,0,0,2,11059200
1080,3,reference,700,1280,720,1920,1080,11.6838,12.6021,10.2932,1,1,0,0,2,11059200
1080,3,reference,701,1280,720,1920,1080,11.3132,12.3139,9.93894,1,1,0,0,2,11059200
1080,3,reference,702,1280,720,1920,1080,11.2876,12.3035,9.91744,1,1,0,0,2,11059200
1080,3,reference,703,1280,720,1920,1080,11.4924,12.5631,10.1161,1,1,0,0,2,11059200
1080,3,reference,704,1280,720,1920,1080,11.3654,12.424,9.99322,1,1,0,0,2,11059200
1080,3,reference,705,1280,720,1920,1080,11.4586,12.586,10.0823,1,1,0,0,2,11059200
1080,3,reference,706,1280,720,1920,1080,11.2968,12.2687,9.92563,1,1,0,0,2,11059200
1080,3,reference,707,1280,720,1920,1080,11.2835,12.3067,9.9072,1,1,0,0,2,11059200
1080,3,reference,708,1280,720,1920,1080,11.2824,12.3319,9.90925,1,1,0,0,2,11059200
1080,3,reference,709,1280,720,1920,1080,11.2742,12.2526,9.90003,1,1,0,0,2,11059200
1080,3,reference,710,1280,720,1920,1080,11.305,12.3614,9.93587,1,1,0,0,2,11059200
1080,3,reference,711,1280,720,1920,1080,11.4534,12.6337,9.91642,1,1,0,0,2,11059200
1080,3,reference,712,1280,720,1920,1080,11.3869,12.4755,10.0157,1,1,0,0,2,11059200
1080,3,reference,713,1280,720,1920,1080,11.4883,12.5405,9.85498,1,1,0,0,2,11059200
1080,3,reference,714,1280,720,1920,1080,11.3132,12.3943,9.94099,1,1,0,0,2,11059200
1080,3,reference,715,1280,720,1920,1080,11.2353,12.2121,9.85907,1,1,0,0,2,11059200
1080,3,reference,716,1280,720,1920,1080,11.2773,12.2932,9.90413,1,1,0,0,2,11059200
1080,3,reference,717,1280,720,1920,1080,11.3541,12.356,9.98093,1,1,0,0,2,11059200
1080,3,reference,718,1280,720,1920,1080,11.4964,12.5176,9.86829,1,1,0,0,2,11059200
1080,3,reference,719,1280,720,1920,1080,11.3521,12.4303,9.72288,1,1,0,0,2,11059200
1080,3,reference,720,1280,720,1920,1080,11.265,12.3261,9.70342,1,1,0,0,2,11059200
1080,3,reference,721,1280,720,1920,1080,11.4903,12.6079,10.113,1,1,0,0,2,11059200
1080,3,reference,722,1280,720,1920,1080,11.4647,12.4448,9.91232,1,1,0,0,2,11059200
1080,3,reference,723,1280,720,1920,1080,11.5292,12.6112,10.156,1,1,0,0,2,11059200
1080,3,reference,724,1280,720,1920,1080,11.6091,12.6293,9.84269,1,1,0,0,2,11059200
1080,3,reference,725,1280,720,1920,1080,11.4872,12.4348,9.84883,1,1,0,0,2,11059200
1080,3,reference,726,1280,720,1920,1080,11.4954,12.5182,9.85395,1,1,0,0,2,11059200
1080,3,reference,727,1280,720,1920,1080,11.5036,12.4951,9.84986,1,1,0,0,2,11059200
1080,3,reference,728,1280,720,1920,1080,11.5466,12.6473,9.89901,1,1,0,0,2,11059200
1080,3,reference,729,1280,720,1920,1080,11.5098,12.5522,9.8775,1,1,0,0,2,11059200
1080,3,reference,730,1280,720,1920,1080,11.3562,12.45,9.98298,1,1,0,0,2,11059200
1080,3,reference,731,1280,720,1920,1080,11.4422,12.5479,9.88365,1,1,0,0,2,11059200
1080,3,reference,732,1280,720,1920,1080,11.3531,12.5914,9.9799,1,1,0,0,2,11059200
1080,3,reference,733,1280,720,1920,1080,11.0981,12.2173,9.7239,1,1,0,0,2,11059200
1080,3,reference,734,1280,720,1920,1080,9.81299,10.8109,8.44288,1,1,0,0,2,11059200
1080,3,reference,735,1280,720,1920,1080,11.4104,12.3239,10.0362,1,1,0,0,2,11059200
1080,3,reference,736,1280,720,1920,1080,12.7345,13.7739,11.3531,1,1,0,0,2,11059200
1080,3,reference,737,1280,720,1920,1080,11.0152,12.1548,8.39987,1,1,0,0,2,11059200
1080,3,reference,738,1280,720,1920,1080,11.5599,12.6546,10.1868,1,1,0,0,2,11059200
1080,3,reference,739,1280,720,1920,1080,10.9455,11.9694,9.57133,1,1,0,0,2,11059200
1080,3,reference,740,1280,720,1920,1080,11.349,12.2713,9.97683,1,1,0,0,2,11059200
1080,3,reference,741,1280,720,1920,1080,10.1048,11.0798,8.73165,1,1,0,0,2,11059200
1080,3,reference,742,1280,720,1920,1080,9.29382,11.872,7.92064,1,1,0,0,2,11059200
1080,3,reference,743,1280,720,1920,1080,11.4934,12.4342,9.8601,1,1,0,0,2,11059200
1080,3,reference,744,1280,720,1920,1080,11.5548,12.5368,10.1765,1,1,0,0,2,11059200
1080,3,reference,745,1280,720,1920,1080,11.5415,12.6297,10.1601,1,1,0,0,2,11059200
1080,3,reference,746,1280,720,1920,1080,11.3254,12.3748,9.9543,1,1,0,0,2,11059200
1080,3,reference,747,1280,720,1920,1080,11.5241,12.4614,10.1489,1,1,0,0,2,11059200
1080,3,reference,748,1280,720,1920,1080,11.3398,12.4174,9.96966,1,1,0,0,2,11059200
1080,3,reference,749,1280,720,1920,1080,11.3203,12.2965,9.94611,1,1,0,0,2,11059200
1080,3,reference,750,1280,720,1920,1080,11.5046,12.6628,10.1294,1,1,0,0,2,11059200
1080,3,reference,751,1280,720,1920,1080,11.5067,12.5395,10.1315,1,1,0,0,2,11059200
1080,3,reference,752,1280,720,1920,1080,11.4698,12.612,10.0946,1,1,0,0,2,11059200
1080,3,reference,753,1280,720,1920,1080,11.3428,12.36,9.96659,1,1,0,0,2,11059200
1080,3,reference,754,1280,720,1920,1080,11.5026,12.6282,10.1304,1,1,0,0,2,11059200
1080,3,reference,755,1280,720,1920,1080,11.305,12.2927,9.9287,1,1,0,0,2,11059200
1080,3,reference,756,1280,720,1920,1080,9.76486,10.6699,8.39475,1,1,0,0,2,11059200
1080,3,reference,757,1280,720,1920,1080,12.4641,13.4058,11.0725,1,1,0,0,2,11059200
1080,3,reference,758,1280,720,1920,1080,11.0592,12.1665,9.68499,1,1,0,0,2,11059200
1080,3,reference,759,1280,720,1920,1080,11.5425,12.5232,9.89082,1,1,0,0,2,11059200
1080,3,reference,760,1280,720,1920,1080,11.6306,12.9734,9.95635,1,1,0,0,2,11059200
1080,3,reference,761,1280,720,1920,1080,11.5743,12.6292,9.92358,1,1,0,0,2,11059200
1080,3,reference,762,1280,720,1920,1080,11.2978,12.3311,9.92461,1,1,0,0,2,11059200
1080,3,reference,763,1280,720,1920,1080,11.5732,12.5748,9.9287,1,1,0,0,2,11059200
1080,3,reference,764,1280,720,1920,1080,11.3152,12.2762,9.93997,1,1,0,0,2,11059200
1080,3,reference,765,1280,720,1920,1080,11.3777,12.4459,10.0035,1,1,0,0,2,11059200
1080,3,reference,766,1280,720,1920,1080,11.5538,12.5653,9.84269,1,1,0,0,2,11059200
1080,3,reference,767,1280,720,1920,1080,11.4565,12.4557,9.81709,1,1,0,0,2,11059200
1080,3,reference,768,1280,720,1920,1080,11.6326,12.6619,9.98605,1,1,0,0,2,11059200
1080,3,reference,769,1280,720,1920,1080,11.3572,12.5602,9.98502,1,1,0,0,2,11059200
1080,3,reference,770,1280,720,1920,1080,11.3347,12.4057,9.9625,1,1,0,0,2,11059200
1080,3,reference,771,1280,720,1920,1080,11.2845,12.3933,9.90618,1,1,0,0,2,11059200
1080,3,reference,772,1280,720,1920,1080,11.5651,12.695,9.91539,1,1,0,0,2,11059200
1080,3,reference,773,1280,720,1920,1080,11.3674,12.363,9.98912,1,1,0,0,2,11059200
1080,3,reference,774,1280,720,1920,1080,11.2404,12.2625,9.87034,1,1,0,0,2,11059200
1080,3,reference,775,1280,720,1920,1080,11.5948,12.6829,9.95123,1,1,0,0,2,11059200
1080,3,reference,776,1280,720,1920,1080,11.3244,12.3844,9.95226,1,1,0,0,2,11059200
1080,3,reference,777,1280,720,1920,1080,11.2886,12.3128,9.91232,1,1,0,0,2,11059200
1080,3,reference,778,1280,720,1920,1080,11.5855,12.5813,9.93075,1,1,0,0,2,11059200
1080,3,reference,779,1280,720,1920,1080,11.3244,12.4202,9.95021,1,1,0,0,2,11059200
1080,3,reference,780,1280,720,1920,1080,11.3664,12.3279,9.99424,1,1,0,0,2,11059200
1080,3,reference,781,1280,720,1920,1080,11.3787,12.5888,10.0045,1,1,0,0,2,11059200
1080,3,reference,782,1280,720,1920,1080,11.3398,12.4523,9.96454,1,1,0,0,2,11059200
1080,3,reference,783,1280,720,1920,1080,11.351,12.3754,9.81402,1,1,0,0,2,11059200
1080,3,reference,784,1280,720,1920,1080,11.2835,12.4791,9.90925,1,1,0,0,2,11059200
1080,3,reference,785,1280,720,1920,1080,11.5087,12.5416,9.87443,1,1,0,0,2,11059200
1080,3,reference,786,1280,720,1920,1080,11.5507,12.7129,9.91027,1,1,0,0,2,11059200
1080,3,reference,787,1280,720,1920,1080,11.5241,12.5964,9.86419,1,1,0,0,2,11059200
1080,3,reference,788,1280,720,1920,1080,11.4749,12.5424,10.1018,1,1,0,0,2,11059200
1080,3,reference,789,1280,720,1920,1080,11.3275,12.4136,9.9543,1,1,0,0,2,11059200
1080,3,reference,790,1280,720,1920,1080,11.5323,12.5804,9.89491,1,1,0,0,2,11059200
1080,3,reference,791,1280,720,1920,1080,11.3644,12.4046,9.9881,1,1,0,0,2,11059200
1080,3,reference,792,1280,720,1920,1080,11.3398,12.3308,9.96762,1,1,0,0,2,11059200
1080,3,reference,793,1280,720,1920,1080,11.349,12.4246,9.97171,1,1,0,0,2,11059200
1080,3,reference,794,1280,720,1920,1080,11.3347,12.4496,9.96147,1,1,0,0,2,11059200
1080,3,reference,795,1280,720,1920,1080,11.2558,12.3346,9.87648,1,1,0,0,2,11059200
1080,3,reference,796,1280,720,1920,1080,11.4852,12.5612,9.84883,1,1,0,0,2,11059200
1080,3,reference,797,1280,720,1920,1080,11.2681,12.3009,9.89389,1,1,0,0,2,11059200
1080,3,reference,798,1280,720,1920,1080,11.5343,12.6065,9.89491,1,1,0,0,2,11059200
1080,3,reference,799,1280,720,1920,1080,11.5456,12.6399,9.89696,1,1,0,0,2,11059200
1080,3,reference,800,1280,720,1920,1080,11.3367,12.4673,9.9625,1,1,0,0,2,11059200
1080,3,reference,801,1280,720,1920,1080,11.264,12.3807,9.89082,1,1,0,0,2,11059200
1080,3,reference,802,1280,720,1920,1080,11.349,12.3133,9.97786,1,1,0,0,2,11059200
1080,3,reference,803,1280,720,1920,1080,11.5354,12.5289,9.89594,1,1,0,0,2,11059200
1080,3,reference,804,1280,720,1920,1080,11.4852,12.5254,9.84883,1,1,0,0,2,11059200
1080,3,reference,805,1280,720,1920,1080,11.2108,12.2172,9.83757,1,1,0,0,2,11059200
1080,3,reference,806,1280,720,1920,1080,11.6593,13.6163,10.0444,1,1,0,0,2,11059200
1080,3,reference,807,1280,720,1920,1080,11.4371,12.4195,10.0649,1,1,0,0,2,11059200
1080,3,reference,808,1280,720,1920,1080,11.4422,12.4555,10.071,1,1,0,0,2,11059200
1080,3,reference,809,1280,720,1920,1080,11.477,12.4386,10.1038,1,1,0,0,2,11059200
1080,3,reference,810,1280,720,1920,1080,11.4924,12.6614,10.1192,1,1,0,0,2,11059200
1080,3,reference,811,1280,720,1920,1080,10.8943,12.0181,9.52013,1,1,0,0,2,11059200
1080,3,reference,812,1280,720,1920,1080,11.4074,12.5802,9.76282,1,1,0,0,2,11059200
1080,3,reference,813,1280,720,1920,1080,11.4964,12.5708,10.1233,1,1,0,0,2,11059200
1080,3,reference,814,1280,720,1920,1080,11.52,12.5794,10.1478,1,1,0,0,2,11059200
1080,3,reference,815,1280,720,1920,1080,11.4975,12.5063,10.1243,1,1,0,0,2,11059200
1080,3,reference,816,1280,720,1920,1080,11.5753,12.526,10.199,1,1,0,0,2,11059200
1080,3,reference,817,1280,720,1920,1080,11.433,12.4237,10.0557,1,1,0,0,2,11059200
1080,3,reference,818,1280,720,1920,1080,9.92666,10.9115,8.55859,1,1,0,0,2,11059200
1080,3,reference,819,1280,720,1920,1080,11.1442,12.1157,9.76896,1,1,0,0,2,11059200
1080,3,reference,820,1280,720,1920,1080,11.2937,12.3925,9.92051,1,1,0,0,2,11059200
1080,3,reference,821,1280,720,1920,1080,11.3428,12.3582,9.97069,1,1,0,0,2,11059200
1080,3,reference,822,1280,720,1920,1080,11.7699,12.7154,10.3977,1,1,0,0,2,11059200
1080,3,reference,823,1280,720,1920,1080,11.4268,12.4286,10.0485,1,1,0,0,2,11059200
1080,3,reference,824,1280,720,1920,1080,11.0879,12.272,9.71469,1,1,0,0,2,11059200
1080,3,reference,825,1280,720,1920,1080,11.2548,12.4786,9.87853,1,1,0,0,2,11059200
1080,3,reference,826,1280,720,1920,1080,11.2609,12.5354,9.88979,1,1,0,0,2,11059200
1080,3,reference,827,1280,720,1920,1080,11.4934,12.5063,9.84576,1,1,0,0,2,11059200
1080,3,reference,828,1280,720,1920,1080,10.112,11.0815,8.74291,1,1,0,0,2,11059200
1080,3,reference,829,1280,720,1920,1080,11.1391,13.1635,9.7495,1,1,0,0,2,11059200
1080,3,reference,830,1280,720,1920,1080,11.4719,12.5117,10.0854,1,1,0,0,2,11059200
1080,3,reference,831,1280,720,1920,1080,11.3613,12.3105,9.98707,1,1,0,0,2,11059200
1080,3,reference,832,1280,720,1920,1080,11.2353,12.2646,9.8601,1,1,0,0,2,11059200
1080,3,reference,833,1280,720,1920,1080,11.4616,12.4293,10.0833,1,1,0,0,2,11059200
1080,3,reference,834,1280,720,1920,1080,11.0193,12.2697,9.64403,1,1,0,0,2,11059200
1080,3,reference,835,1280,720,1920,1080,11.3388,12.4396,9.93485,1,1,0,0,2,11059200
1080,3,reference,836,1280,720,1920,1080,11.2824,12.2687,9.90822,1,1,0,0,2,11059200
1080,3,reference,837,1280,720,1920,1080,10.9916,12.0985,9.61741,1,1,0,0,2,11059200
1080,3,reference,838,1280,720,1920,1080,11.4452,12.4632,10.0731,1,1,0,0,2,11059200
1080,3,reference,839,1280,720,1920,1080,11.2988,12.3489,9.92154,1,1,0,0,2,11059200
1080,3,reference,840,1280,720,1920,1080,11.3285,12.3302,9.9543,1,1,0,0,2,11059200
1080,3,reference,841,1280,720,1920,1080,11.5231,12.5349,10.1458,1,1,0,0,2,11059200
1080,3,reference,842,1280,720,1920,1080,11.5016,12.4886,10.1304,1,1,0,0,2,11059200
1080,3,reference,843,1280,720,1920,1080,11.3879,12.4406,10.0127,1,1,0,0,2,11059200
1080,3,reference,844,1280,720,1920,1080,11.4924,12.4629,10.1192,1,1,0,0,2,11059200
1080,3,reference,845,1280,720,1920,1080,11.3091,12.3864,9.93178,1,1,0,0,2,11059200
1080,3,reference,846,1280,720,1920,1080,11.3326,12.4268,9.95738,1,1,0,0,2,11059200
1080,3,reference,847,1280,720,1920,1080,11.4545,12.4097,10.0782,1,1,0,0,2,11059200
1080,3,reference,848,1280,720,1920,1080,9.9625,10.9838,8.59136,1,1,0,0,2,11059200
1080,3,reference,849,1280,720,1920,1080,13.1359,14.2466,11.7094,1,1,0,0,2,11059200
1080,3,reference,850,1280,720,1920,1080,9.96557,10.9351,8.59546,1,1,0,0,2,11059200
1080,3,reference,851,1280,720,1920,1080,11.393,12.2329,10.0157,1,1,0,0,2,11059200
1080,3,reference,852,1280,720,1920,1080,13.0089,13.9044,11.3818,1,1,0,0,2,11059200
1080,3,reference,853,1280,720,1920,1080,11.7279,12.7784,10.0966,1,1,0,0,2,11059200
1080,3,reference,854,1280,720,1920,1080,11.4862,12.4067,10.113,1,1,0,0,2,11059200
1080,3,reference,855,1280,720,1920,1080,11.3736,12.4123,9.99834,1,1,0,0,2,11059200
1080,3,reference,856,1280,720,1920,1080,11.3121,12.2807,9.93997,1,1,0,0,2,11059200
1080,3,reference,857,1280,720,1920,1080,11.3582,12.4533,9.98093,1,1,0,0,2,11059200
1080,3,reference,858,1280,720,1920,1080,11.3756,12.5532,10.0004,1,1,0,0,2,11059200
1080,3,reference,859,1280,720,1920,1080,11.3705,12.4733,9.99322,1,1,0,0,2,11059200
1080,3,reference,860,1280,720,1920,1080,11.2333,12.2884,9.85907,1,1,0,0,2,11059200
1080,3,reference,861,1280,720,1920,1080,11.563,12.4963,10.1847,1,1,0,0,2,11059200
1080,3,reference,862,1280,720,1920,1080,11.2998,12.2883,9.92768,1,1,0,0,2,11059200
1080,3,reference,863,1280,720,1920,1080,11.5159,12.4856,9.88365,1,1,0,0,2,11059200
1080,3,reference,864,1280,720,1920,1080,11.3326,12.2989,9.9584,1,1,0,0,2,11059200
1080,3,reference,865,1280,720,1920,1080,11.522,12.6029,9.8775,1,1,0,0,2,11059200
1080,3,reference,866,1280,720,1920,1080,11.3111,12.3252,9.93792,1,1,0,0,2,11059200
1080,3,reference,867,1280,720,1920,1080,11.5415,12.5712,9.90822,1,1,0,0,2,11059200
1080,3,reference,868,1280,720,1920,1080,11.4176,12.6494,10.0321,1,1,0,0,2,11059200
1080,3,reference,869,1280,720,1920,1080,11.2876,12.2478,9.9113,1,1,0,0,2,11059200
1080,3,reference,870,1280,720,1920,1080,11.4964,12.5914,9.86624,1,1,0,0,2,11059200
1080,3,reference,871,1280,720,1920,1080,11.4596,12.4641,9.8304,1,1,0,0,2,11059200
1080,3,reference,872,1280,720,1920,1080,11.4954,12.5279,9.86522,1,1,0,0,2,11059200
1080,3,reference,873,1280,720,1920,1080,11.3183,12.456,9.94202,1,1,0,0,2,11059200
1080,3,reference,874,1280,720,1920,1080,11.5159,12.6588,9.87443,1,1,0,0,2,11059200
1080,3,reference,875,1280,720,1920,1080,11.4637,12.5214,10.0864,1,1,0,0,2,11059200
1080,3,reference,876,1280,720,1920,1080,11.265,12.3947,9.89184,1,1,0,0,2,11059200
1080,3,reference,877,1280,720,1920,1080,11.349,12.3034,9.97069,1,1,0,0,2,11059200
1080,3,reference,878,1280,720,1920,1080,11.4842,12.4993,9.85293,1,1,0,0,2,11059200
1080,3,reference,879,1280,720,1920,1080,11.307,12.366,9.9328,1,1,0,0,2,11059200
1080,3,reference,880,1280,720,1920,1080,11.3347,12.403,9.96045,1,1,0,0,2,11059200
1080,3,reference,881,1280,720,1920,1080,11.5282,12.5456,9.89594,1,1,0,0,2,11059200
1080,3,reference,882,1280,720,1920,1080,11.3357,12.434,9.9625,1,1,0,0,2,11059200
1080,3,reference,883,1280,720,1920,1080,11.2722,12.2295,9.89389,1,1,0,0,2,11059200
1080,3,reference,884,1280,720,1920,1080,11.4422,12.5705,9.81402,1,1,0,0,2,11059200
1080,3,reference,885,1280,720,1920,1080,11.308,12.4574,9.9328,1,1,0,0,2,11059200
1080,3,reference,886,1280,720,1920,1080,11.4985,12.5653,9.87648,1,1,0,0,2,11059200
1080,3,reference,887,1280,720,1920,1080,11.4432,12.5335,9.88774,1,1,0,0,2,11059200
1080,3,reference,888,1280,720,1920,1080,11.3869,12.6229,10.0137,1,1,0,0,2,11059200
1080,3,reference,889,1280,720,1920,1080,11.3326,12.3321,9.95635,1,1,0,0,2,11059200
1080,3,reference,890,1280,720,1920,1080,11.3603,12.4126,9.8263,1,1,0,0,2,11059200
1080,3,reference,891,1280,720,1920,1080,11.478,12.4917,10.0997,1,1,0,0,2,11059200
1080,3,reference,892,1280,720,1920,1080,11.2968,12.3231,9.92461,1,1,0,0,2,11059200
1080,3,reference,893,1280,720,1920,1080,11.6726,12.8954,10.026,1,1,0,0,2,11059200
1080,3,reference,894,1280,720,1920,1080,11.3111,12.376,9.93894,1,1,0,0,2,11059200
1080,3,reference,895,1280,720,1920,1080,11.3183,12.3084,9.94202,1,1,0,0,2,11059200
1080,3,reference,896,1280,720,1920,1080,11.5333,12.5096,9.8816,1,1,0,0,2,11059200
1080,3,reference,897,1280,720,1920,1080,11.4934,12.4863,9.84986,1,1,0,0,2,11059200
1080,3,reference,898,1280,720,1920,1080,11.6111,12.8993,9.9584,1,1,0,0,2,11059200
1080,3,reference,899,1280,720,1920,1080,11.349,12.491,9.96966,1,1,0,0,2,11059200
1080,3,reference,900,1280,720,1920,1080,11.3644,12.3717,9.99322,1,1,0,0,2,11059200
1080,3,reference,901,1280,720,1920,1080,11.3746,12.3994,9.99731,1,1,0,0,2,11059200
1080,3,reference,902,1280,720,1920,1080,11.1043,12.23,9.73005,1,1,0,0,2,11059200
1080,3,reference,903,1280,720,1920,1080,11.4698,12.4241,10.0823,1,1,0,0,2,11059200
1080,3,reference,904,1280,720,1920,1080,11.2968,12.1988,9.92358,1,1,0,0,2,11059200
1080,3,reference,905,1280,720,1920,1080,11.5005,12.5268,9.83962,1,1,0,0,2,11059200
1080,3,reference,906,1280,720,1920,1080,11.5487,12.8197,9.88058,1,1,0,0,2,11059200
1080,3,reference,907,1280,720,1920,1080,11.607,12.7055,9.95123,1,1,0,0,2,11059200
1080,3,reference,908,1280,720,1920,1080,11.3193,12.4691,9.94611,1,1,0,0,2,11059200
1080,3,reference,909,1280,720,1920,1080,11.3172,12.4349,9.93997,1,1,0,0,2,11059200
1080,3,reference,910,1280,720,1920,1080,11.5343,12.569,9.86419,1,1,0,0,2,11059200
1080,3,reference,911,1280,720,1920,1080,11.0766,12.1984,9.66656,1,1,0,0,2,11059200
1080,3,reference,912,1280,720,1920,1080,11.3336,12.4544,9.96045,1,1,0,0,2,11059200
1080,3,reference,913,1280,720,1920,1080,11.0664,12.1955,9.68806,1,1,0,0,2,11059200
1080,3,reference,914,1280,720,1920,1080,9.74541,10.7579,8.3712,1,1,0,0,2,11059200
1080,3,reference,915,1280,720,1920,1080,12.6444,13.8198,10.3076,1,1,0,0,2,11059200
1080,3,reference,916,1280,720,1920,1080,9.97171,11.1009,8.59955,1,1,0,0,2,11059200
1080,3,reference,917,1280,720,1920,1080,12.4529,13.5565,10.1243,1,1,0,0,2,11059200
1080,3,reference,918,1280,720,1920,1080,11.4688,12.5785,9.82426,1,1,0,0,2,11059200
1080,3,reference,919,1280,720,1920,1080,11.262,12.4723,9.88774,1,1,0,0,2,11059200
1080,3,reference,920,1280,720,1920,1080,11.3193,12.3252,9.66042,1,1,0,0,2,11059200
1080,3,reference,921,1280,720,1920,1080,11.5087,12.4457,9.8775,1,1,0,0,2,11059200
1080,3,reference,922,1280,720,1920,1080,11.5579,12.6117,9.89901,1,1,0,0,2,11059200
1080,3,reference,923,1280,720,1920,1080,11.3572,12.7597,9.71162,1,1,0,0,2,11059200
1080,3,reference,924,1280,720,1920,1080,11.2773,12.3446,9.63789,1,1,0,0,2,11059200
1080,3,reference,925,1280,720,1920,1080,11.2855,12.3023,9.72493,1,1,0,0,2,11059200
1080,3,reference,926,1280,720,1920,1080,11.3418,12.4129,9.96659,1,1,0,0,2,11059200
1080,3,reference,927,1280,720,1920,1080,11.4452,12.4531,10.069,1,1,0,0,2,11059200
1080,3,reference,928,1280,720,1920,1080,11.5487,12.4444,10.1765,1,1,0,0,2,11059200
1080,3,reference,929,1280,720,1920,1080,11.3398,12.3399,9.6983,1,1,0,0,2,11059200
1080,3,reference,930,1280,720,1920,1080,11.3357,12.321,9.68192,1,1,0,0,2,11059200
1080,3,reference,931,1280,720,1920,1080,11.4575,12.4725,9.89901,1,1,0,0,2,11059200
1080,3,reference,932,1280,720,1920,1080,11.265,12.3016,9.89082,1,1,0,0,2,11059200
1080,3,reference,933,1280,720,1920,1080,11.3684,12.4069,9.99014,1,1,0,0,2,11059200
1080,3,reference,934,1280,720,1920,1080,11.3869,12.4083,10.0096,1,1,0,0,2,11059200
1080,3,reference,935,1280,720,1920,1080,11.7258,12.6287,10.3485,1,1,0,0,2,11059200
1080,3,reference,936,1280,720,1920,1080,11.2497,12.4387,9.87546,1,1,0,0,2,11059200
1080,3,reference,937,1280,720,1920,1080,11.1196,12.3712,9.74541,1,1,0,0,2,11059200
1080,3,reference,938,1280,720,1920,1080,11.3889,12.5399,9.7321,1,1,0,0,2,11059200
1080,3,reference,939,1280,720,1920,1080,12.2767,13.3139,10.6373,1,1,0,0,2,11059200
1080,3,reference,940,1280,720,1920,1080,11.1483,12.442,9.77408,1,1,0,0,2,11059200
1080,3,reference,941,1280,720,1920,1080,11.5589,12.6357,9.89491,1,1,0,0,2,11059200
1080,3,reference,942,1280,720,1920,1080,11.5466,12.6139,9.88467,1,1,0,0,2,11059200
1080,3,reference,943,1280,720,1920,1080,11.4883,12.5064,9.84781,1,1,0,0,2,11059200
1080,3,reference,944,1280,720,1920,1080,11.5436,12.6859,9.89286,1,1,0,0,2,11059200
1080,3,reference,945,1280,720,1920,1080,11.5405,12.6371,9.89696,1,1,0,0,2,11059200
1080,3,reference,946,1280,720,1920,1080,11.6019,12.7017,9.91949,1,1,0,0,2,11059200
1080,3,reference,947,1280,720,1920,1080,11.3336,12.3875,9.9584,1,1,0,0,2,11059200
1080,3,reference,948,1280,720,1920,1080,11.3306,12.3354,9.95738,1,1,0,0,2,11059200
1080,3,reference,949,1280,720,1920,1080,11.5251,12.5553,9.86419,1,1,0,0,2,11059200
1080,3,reference,950,1280,720,1920,1080,11.4043,12.6627,10.027,1,1,0,0,2,11059200
1080,3,reference,951,1280,720,1920,1080,11.3418,12.3828,9.96352,1,1,0,0,2,11059200
1080,3,reference,952,1280,720,1920,1080,11.3142,12.2795,9.93894,1,1,0,0,2,11059200
1080,3,reference,953,1280,720,1920,1080,11.3295,12.5332,9.95021,1,1,0,0,2,11059200
1080,3,reference,954,1280,720,1920,1080,11.3746,12.4265,9.99731,1,1,0,0,2,11059200
1080,3,reference,955,1280,720,1920,1080,11.5292,12.6196,9.88467,1,1,0,0,2,11059200
1080,3,reference,956,1280,720,1920,1080,11.3377,12.42,9.96454,1,1,0,0,2,11059200
1080,3,reference,957,1280,720,1920,1080,11.5292,12.5491,9.87341,1,1,0,0,2,11059200
1080,3,reference,958,1280,720,1920,1080,11.4596,12.5538,10.0383,1,1,0,0,2,11059200
1080,3,reference,959,1280,720,1920,1080,11.8538,12.9757,10.1888,1,1,0,0,2,11059200
1080,3,reference,960,1280,720,1920,1080,11.6593,12.5784,10.0966,1,1,0,0,2,11059200
1080,3,reference,961,1280,720,1920,1080,11.5722,12.5144,9.93178,1,1,0,0,2,11059200
1080,3,reference,962,1280,720,1920,1080,11.521,12.4754,10.1437,1,1,0,0,2,11059200
1080,3,reference,963,1280,720,1920,1080,11.4483,12.5569,10.07,1,1,0,0,2,11059200
1080,3,reference,964,1280,720,1920,1080,11.4729,12.5498,9.8601,1,1,0,0,2,11059200
1080,3,reference,965,1280,720,1920,1080,11.3254,12.225,9.94816,1,1,0,0,2,11059200
1080,3,reference,966,1280,720,1920,1080,11.3203,12.3029,9.94406,1,1,0,0,2,11059200
1080,3,reference,967,1280,720,1920,1080,11.4647,12.3897,10.0874,1,1,0,0,2,11059200
1080,3,reference,968,1280,720,1920,1080,11.4514,12.5069,10.0762,1,1,0,0,2,11059200
1080,3,reference,969,1280,720,1920,1080,11.2527,12.2384,9.87443,1,1,0,0,2,11059200
1080,3,reference,970,1280,720,1920,1080,11.4463,12.605,10.071,1,1,0,0,2,11059200
1080,3,reference,971,1280,720,1920,1080,11.3193,12.5011,9.94202,1,1,0,0,2,11059200
1080,3,reference,972,1280,720,1920,1080,11.3551,12.4327,9.97274,1,1,0,0,2,11059200
1080,3,reference,973,1280,720,1920,1080,11.4319,12.3812,10.0516,1,1,0,0,2,11059200
1080,3,reference,974,1280,720,1920,1080,11.3091,12.3348,9.93485,1,1,0,0,2,11059200
1080,3,reference,975,1280,720,1920,1080,11.5292,12.6333,9.88365,1,1,0,0,2,11059200
1080,3,reference,976,1280,720,1920,1080,11.5405,12.5552,9.88365,1,1,0,0,2,11059200
1080,3,reference,977,1280,720,1920,1080,11.479,12.5,10.0997,1,1,0,0,2,11059200
1080,3,reference,978,1280,720,1920,1080,11.3295,12.2947,9.95328,1,1,0,0,2,11059200
1080,3,reference,979,1280,720,1920,1080,11.5323,12.8194,9.88774,1,1,0,0,2,11059200
1080,3,reference,980,1280,720,1920,1080,11.2896,12.2524,9.91027,1,1,0,0,2,11059200
1080,3,reference,981,1280,720,1920,1080,11.39,12.5131,10.0096,1,1,0,0,2,11059200
1080,3,reference,982,1280,720,1920,1080,11.4012,12.5723,10.0229,1,1,0,0,2,11059200
1080,3,reference,983,1280,720,1920,1080,11.2251,12.2158,9.84781,1,1,0,0,2,11059200
1080,3,reference,984,1280,720,1920,1080,11.4657,12.5233,10.0905,1,1,0,0,2,11059200
1080,3,reference,985,1280,720,1920,1080,11.3234,12.3634,9.94714,1,1,0,0,2,11059200
1080,3,reference,986,1280,720,1920,1080,11.5016,12.4965,9.85702,1,1,0,0,2,11059200
1080,3,reference,987,1280,720,1920,1080,11.5814,12.6461,9.94611,1,1,0,0,2,11059200
1080,3,reference,988,1280,720,1920,1080,11.3449,12.5482,9.96557,1,1,0,0,2,11059200
1080,3,reference,989,1280,720,1920,1080,11.3295,12.3705,9.95021,1,1,0,0,2,11059200
1080,3,reference,990,1280,720,1920,1080,11.5343,12.4883,9.89798,1,1,0,0,2,11059200
1080,3,reference,991,1280,720,1920,1080,11.3193,12.3256,9.93997,1,1,0,0,2,11059200
1080,3,reference,992,1280,720,1920,1080,11.4514,12.4395,9.88979,1,1,0,0,2,11059200
1080,3,reference,993,1280,720,1920,1080,11.391,12.448,10.0127,1,1,0,0,2,11059200
1080,3,reference,994,1280,720,1920,1080,11.4319,12.4556,10.0516,1,1,0,0,2,11059200
1080,3,reference,995,1280,720,1920,1080,11.561,12.6642,9.91642,1,1,0,0,2,11059200
1080,3,reference,996,1280,720,1920,1080,11.3592,12.3091,9.98502,1,1,0,0,2,11059200
1080,3,reference,997,1280,720,1920,1080,11.5118,12.5253,9.85498,1,1,0,0,2,11059200
1080,3,reference,998,1280,720,1920,1080,11.5753,12.5779,9.91232,1,1,0,0,2,11059200
1080,3,reference,999,1280,720,1920,1080,11.5343,12.6131,9.89082,1,1,0,0,2,11059200
1080,3,reference,1000,1280,720,1920,1080,12.2501,13.4655,10.8626,1,1,0,0,2,11059200
1080,3,reference,1001,1280,720,1920,1080,11.305,12.3347,9.9287,1,1,0,0,2,11059200
1080,3,reference,1002,1280,720,1920,1080,11.3091,12.3429,9.93178,1,1,0,0,2,11059200
1080,3,reference,1003,1280,720,1920,1080,11.3357,12.4448,9.95533,1,1,0,0,2,11059200
1080,3,reference,1004,1280,720,1920,1080,11.223,12.3859,9.84166,1,1,0,0,2,11059200
1080,3,reference,1005,1280,720,1920,1080,11.5241,12.6265,10.1386,1,1,0,0,2,11059200
1080,3,reference,1006,1280,720,1920,1080,11.1821,12.3633,9.78534,1,1,0,0,2,11059200
1080,3,reference,1007,1280,720,1920,1080,11.4452,12.442,9.89696,1,1,0,0,2,11059200
1080,3,reference,1008,1280,720,1920,1080,11.436,12.3346,10.0598,1,1,0,0,2,11059200
1080,3,reference,1009,1280,720,1920,1080,11.478,12.3928,10.0987,1,1,0,0,2,11059200
1080,3,reference,1010,1280,720,1920,1080,11.5323,12.5659,10.1571,1,1,0,0,2,11059200
1080,3,reference,1011,1280,720,1920,1080,11.4555,12.575,10.0772,1,1,0,0,2,11059200
1080,3,reference,1012,1280,720,1920,1080,11.4248,12.5149,10.0495,1,1,0,0,2,11059200
1080,3,reference,1013,1280,720,1920,1080,11.3715,12.3861,9.98912,1,1,0,0,2,11059200
1080,3,reference,1014,1280,720,1920,1080,11.5763,12.6236,10.2021,1,1,0,0,2,11059200
1080,3,reference,1015,1280,720,1920,1080,11.4319,12.4082,10.0536,1,1,0,0,2,11059200
1080,3,reference,1016,1280,720,1920,1080,11.4217,12.3879,10.0454,1,1,0,0,2,11059200
1080,3,reference,1017,1280,720,1920,1080,11.8077,12.7184,10.241,1,1,0,0,2,11059200
1080,3,reference,1018,1280,720,1920,1080,12.3372,13.347,10.9609,1,1,0,0,2,11059200
1080,3,reference,1019,1280,720,1920,1080,11.9808,12.9808,10.5984,1,1,0,0,2,11059200
1080,3,reference,1020,1280,720,1920,1080,11.3469,12.5177,9.91642,1,1,0,0,2,11059200
1080,3,reference,1021,1280,720,1920,1080,11.4862,12.5286,10.1048,1,1,0,0,2,11059200
1080,3,reference,1022,1280,720,1920,1080,11.35,12.3475,9.97581,1,1,0,0,2,11059200
1080,3,reference,1023,1280,720,1920,1080,11.3326,12.3497,9.95328,1,1,0,0,2,11059200
1080,3,reference,1024,1280,720,1920,1080,11.3633,12.2725,9.73824,1,1,0,0,2,11059200
1080,3,reference,1025,1280,720,1920,1080,11.3213,12.4774,9.94304,1,1,0,0,2,11059200
1080,3,reference,1026,1280,720,1920,1080,11.2896,12.2621,9.73107,1,1,0,0,2,11059200
1080,3,reference,1027,1280,720,1920,1080,11.4033,12.3501,10.0035,1,1,0,0,2,11059200
1080,3,reference,1028,1280,720,1920,1080,11.3152,12.3903,9.94202,1,1,0,0,2,11059200
1080,3,reference,1029,1280,720,1920,1080,11.3213,12.2938,9.94202,1,1,0,0,2,11059200
1080,3,reference,1030,1280,720,1920,1080,11.3367,12.3352,9.9625,1,1,0,0,2,11059200
1080,3,reference,1031,1280,720,1920,1080,11.6019,12.808,10.2226,1,1,0,0,2,11059200
1080,3,reference,1032,1280,720,1920,1080,11.2998,12.2743,9.92256,1,1,0,0,2,11059200
1080,3,reference,1033,1280,720,1920,1080,11.3787,12.4161,10.0004,1,1,0,0,2,11059200
1080,3,reference,1034,1280,720,1920,1080,11.3388,12.3997,9.96352,1,1,0,0,2,11059200
1080,3,reference,1035,1280,720,1920,1080,11.3398,12.4047,9.9584,1,1,0,0,2,11059200
1080,3,reference,1036,1280,720,1920,1080,11.2886,12.2827,9.91232,1,1,0,0,2,11059200
1080,3,reference,1037,1280,720,1920,1080,11.3367,12.3975,9.95635,1,1,0,0,2,11059200
1080,3,reference,1038,1280,720,1920,1080,11.564,12.7961,10.1868,1,1,0,0,2,11059200
1080,3,reference,1039,1280,720,1920,1080,11.35,12.4217,9.97171,1,1,0,0,2,11059200
1080,3,reference,1040,1280,720,1920,1080,11.3306,12.3544,9.95328,1,1,0,0,2,11059200
1080,3,reference,1041,1280,720,1920,1080,11.3091,12.2818,9.92973,1,1,0,0,2,11059200
1080,3,reference,1042,1280,720,1920,1080,11.6275,12.9481,10.2441,1,1,0,0,2,11059200
1080,3,reference,1043,1280,720,1920,1080,11.3756,12.4816,9.99322,1,1,0,0,2,11059200
1080,3,reference,1044,1280,720,1920,1080,11.0479,12.2313,9.67066,1,1,0,0,2,11059200
1080,3,reference,1045,1280,720,1920,1080,11.4729,12.5112,10.0772,1,1,0,0,2,11059200
1080,3,reference,1046,1280,720,1920,1080,11.3193,12.2653,9.94099,1,1,0,0,2,11059200
1080,3,reference,1047,1280,720,1920,1080,11.4555,12.5041,10.0762,1,1,0,0,2,11059200
1080,3,reference,1048,1280,720,1920,1080,11.4299,12.3958,10.0526,1,1,0,0,2,11059200
1080,3,reference,1049,1280,720,1920,1080,11.4995,12.5011,10.1192,1,1,0,0,2,11059200
1080,3,reference,1050,1280,720,1920,1080,11.479,12.4919,10.1038,1,1,0,0,2,11059200
1080,3,reference,1051,1280,720,1920,1080,11.5231,12.7217,10.1407,1,1,0,0,2,11059200
1080,3,reference,1052,1280,720,1920,1080,11.3142,12.3494,9.93997,1,1,0,0,2,11059200
1080,3,reference,1053,1280,720,1920,1080,10.9834,12.1505,9.6041,1,1,0,0,2,11059200
1080,3,reference,1054,1280,720,1920,1080,11.5702,12.5562,10.1929,1,1,0,0,2,11059200
1080,3,reference,1055,1280,720,1920,1080,11.5456,12.5513,10.1663,1,1,0,0,2,11059200
1080,3,reference,1056,1280,720,1920,1080,11.5354,12.6943,10.1601,1,1,0,0,2,11059200
1080,3,reference,1057,1280,720,1920,1080,11.3674,12.6508,9.984,1,1,0,0,2,11059200
1080,3,reference,1058,1280,720,1920,1080,11.3265,12.3248,9.94918,1,1,0,0,2,11059200
1080,3,reference,1059,1280,720,1920,1080,11.3623,12.4306,9.98298,1,1,0,0,2,11059200
1080,3,reference,1060,1280,720,1920,1080,11.5517,12.5801,10.1755,1,1,0,0,2,11059200
1080,3,reference,1061,1280,720,1920,1080,11.3357,12.3475,9.95635,1,1,0,0,2,11059200
1080,3,reference,1062,1280,720,1920,1080,11.5169,12.6764,10.1407,1,1,0,0,2,11059200
1080,3,reference,1063,1280,720,1920,1080,11.5282,12.5919,10.1499,1,1,0,0,2,11059200
1080,3,reference,1064,1280,720,1920,1080,11.3183,12.3157,9.94304,1,1,0,0,2,11059200
1080,3,reference,1065,1280,720,1920,1080,11.3224,12.3217,9.94099,1,1,0,0,2,11059200
1080,3,reference,1066,1280,720,1920,1080,11.4432,12.4601,10.0649,1,1,0,0,2,11059200
1080,3,reference,1067,1280,720,1920,1080,11.4237,12.4711,10.0413,1,1,0,0,2,11059200
1080,3,reference,1068,1280,720,1920,1080,11.519,12.4898,10.1417,1,1,0,0,2,11059200
1080,3,reference,1069,1280,720,1920,1080,11.5128,12.526,10.1315,1,1,0,0,2,11059200
1080,3,reference,1070,1280,720,1920,1080,11.4995,12.6302,10.1181,1,1,0,0,2,11059200
1080,3,reference,1071,1280,720,1920,1080,11.2947,12.3602,9.91437,1,1,0,0,2,11059200
1080,3,reference,1072,1280,720,1920,1080,11.5046,12.7766,10.1263,1,1,0,0,2,11059200
1080,3,reference,1073,1280,720,1920,1080,11.3377,12.3913,9.9584,1,1,0,0,2,11059200
1080,3,reference,1074,1280,720,1920,1080,11.3521,12.4258,9.97376,1,1,0,0,2,11059200
1080,3,reference,1075,1280,720,1920,1080,11.3388,12.4162,9.9584,1,1,0,0,2,11059200
1080,3,reference,1076,1280,720,1920,1080,11.3347,12.4418,9.95635,1,1,0,0,2,11059200
1080,3,reference,1077,1280,720,1920,1080,11.306,12.4072,9.92768,1,1,0,0,2,11059200
1080,3,reference,1078,1280,720,1920,1080,11.5558,12.5458,10.1796,1,1,0,0,2,11059200
1080,3,reference,1079,1280,720,1920,1080,11.3684,12.4711,9.9881,1,1,0,0,2,11059200
1080,3,reference,1080,1280,720,1920,1080,11.8733,12.8059,10.2554,1,1,0,0,2,11059200
1080,3,reference,1081,1280,720,1920,1080,11.4135,12.5094,10.0096,1,1,0,0,2,11059200
1080,3,reference,1082,1280,720,1920,1080,11.1954,12.4003,9.76794,1,1,0,0,2,11059200
1080,3,reference,1083,1280,720,1920,1080,11.3684,12.3159,9.98605,1,1,0,0,2,11059200
1080,3,reference,1084,1280,720,1920,1080,11.3357,12.3657,9.9584,1,1,0,0,2,11059200
1080,3,reference,1085,1280,720,1920,1080,11.3377,12.3996,9.9543,1,1,0,0,2,11059200
1080,3,reference,1086,1280,720,1920,1080,11.3439,12.3217,9.96864,1,1,0,0,2,11059200
1080,3,reference,1087,1280,720,1920,1080,11.2968,12.373,9.89491,1,1,0,0,2,11059200
1080,3,reference,1088,1280,720,1920,1080,12.1569,13.0839,10.5277,1,1,0,0,2,11059200
1080,3,reference,1089,1280,720,1920,1080,11.2937,12.3034,9.9113,1,1,0,0,2,11059200
1080,3,reference,1090,1280,720,1920,1080,11.2527,12.2446,9.87443,1,1,0,0,2,11059200
1080,3,reference,1091,1280,720,1920,1080,11.5313,12.508,10.1509,1,1,0,0,2,11059200
1080,3,reference,1092,1280,720,1920,1080,11.5118,12.5195,10.1345,1,1,0,0,2,11059200
1080,3,reference,1093,1280,720,1920,1080,11.5128,12.4962,10.1274,1,1,0,0,2,11059200
1080,3,reference,1094,1280,720,1920,1080,11.5558,12.5394,10.1755,1,1,0,0,2,11059200
1080,3,reference,1095,1280,720,1920,1080,11.3469,12.317,9.96762,1,1,0,0,2,11059200
1080,3,reference,1096,1280,720,1920,1080,11.6429,12.6437,10.2656,1,1,0,0,2,11059200
1080,3,reference,1097,1280,720,1920,1080,11.2527,12.2244,9.87238,1,1,0,0,2,11059200
1080,3,reference,1098,1280,720,1920,1080,11.518,12.6715,10.1407,1,1,0,0,2,11059200
1080,3,reference,1099,1280,720,1920,1080,11.5876,12.5206,9.9543,1,1,0,0,2,11059200
1080,3,reference,1100,1280,720,1920,1080,11.3111,12.4043,9.73926,1,1,0,0,2,11059200
1080,3,reference,1101,1280,720,1920,1080,9.97786,10.8876,8.59648,1,1,0,0,2,11059200
1080,3,reference,1102,1280,720,1920,1080,12.5624,13.581,11.1677,1,1,0,0,2,11059200
1080,3,reference,1103,1280,720,1920,1080,11.4104,12.3675,9.84576,1,1,0,0,2,11059200
1080,3,reference,1104,1280,720,1920,1080,11.5763,12.5182,10.198,1,1,0,0,2,11059200
1080,3,reference,1105,1280,720,1920,1080,11.4852,12.5791,10.1038,1,1,0,0,2,11059200
1080,3,reference,1106,1280,720,1920,1080,11.3541,12.4587,9.97888,1,1,0,0,2,11059200
1080,3,reference,1107,1280,720,1920,1080,11.3695,12.4026,9.99014,1,1,0,0,2,11059200
1080,3,reference,1108,1280,720,1920,1080,11.3203,12.3548,9.94099,1,1,0,0,2,11059200
1080,3,reference,1109,1280,720,1920,1080,11.2763,12.5526,9.89389,1,1,0,0,2,11059200
1080,3,reference,1110,1280,720,1920,1080,11.0889,12.1724,9.66758,1,1,0,0,2,11059200
1080,3,reference,1111,1280,720,1920,1080,11.4708,12.5449,9.9031,1,1,0,0,2,11059200
1080,3,reference,1112,1280,720,1920,1080,9.81197,10.7456,8.43571,1,1,0,0,2,11059200
1080,3,reference,1113,1280,720,1920,1080,11.4616,13.2194,10.0577,1,1,0,0,2,11059200
1080,3,reference,1114,1280,720,1920,1080,11.5743,12.4821,9.92358,1,1,0,0,2,11059200
1080,3,reference,1115,1280,720,1920,1080,11.2896,12.5727,9.90925,1,1,0,0,2,11059200
1080,3,reference,1116,1280,720,1920,1080,11.4207,12.6341,9.75053,1,1,0,0,2,11059200
1080,3,reference,1117,1280,720,1920,1080,11.4033,12.392,9.73722,1,1,0,0,2,11059200
1080,3,reference,1118,1280,720,1920,1080,11.3572,12.2815,9.70854,1,1,0,0,2,11059200
1080,3,reference,1119,1280,720,1920,1080,11.3859,12.3752,9.73414,1,1,0,0,2,11059200
1080,3,reference,1120,1280,720,1920,1080,11.3531,12.3385,9.71366,1,1,0,0,2,11059200
1080,3,reference,1121,1280,720,1920,1080,11.3644,12.3366,9.71264,1,1,0,0,2,11059200
1080,3,reference,1122,1280,720,1920,1080,11.5589,12.8821,9.91846,1,1,0,0,2,11059200
1080,3,reference,1123,1280,720,1920,1080,11.3582,12.4138,9.70854,1,1,0,0,2,11059200
1080,3,reference,1124,1280,720,1920,1080,11.5671,12.5854,10.0045,1,1,0,0,2,11059200
1080,3,reference,1125,1280,720,1920,1080,11.3592,12.5365,9.97786,1,1,0,0,2,11059200
1080,3,reference,1126,1280,720,1920,1080,11.3644,12.4585,9.71366,1,1,0,0,2,11059200
1080,3,reference,1127,1280,720,1920,1080,11.2988,12.635,9.91642,1,1,0,0,2,11059200
1080,3,reference,1128,1280,720,1920,1080,11.4821,12.6681,9.82835,1,1,0,0,2,11059200
1080,3,reference,1129,1280,720,1920,1080,11.3746,12.4688,9.72902,1,1,0,0,2,11059200
1080,3,reference,1130,1280,720,1920,1080,11.4913,12.5375,9.856,1,1,0,0,2,11059200
1080,3,reference,1131,1280,720,1920,1080,11.5886,12.7468,9.92051,1,1,0,0,2,11059200
1080,3,reference,1132,1280,720,1920,1080,11.5487,12.7848,9.91027,1,1,0,0,2,11059200
1080,3,reference,1133,1280,720,1920,1080,11.5476,12.9056,10.1642,1,1,0,0,2,11059200
1080,3,reference,1134,1280,720,1920,1080,11.3449,12.3966,9.96864,1,1,0,0,2,11059200
1080,3,reference,1135,1280,720,1920,1080,11.4043,12.4524,10.0219,1,1,0,0,2,11059200
1080,3,reference,1136,1280,720,1920,1080,11.562,12.7459,10.1816,1,1,0,0,2,11059200
1080,3,reference,1137,1280,720,1920,1080,11.5466,12.6398,10.1642,1,1,0,0,2,11059200
1080,3,reference,1138,1280,720,1920,1080,11.6173,12.7619,10.2369,1,1,0,0,2,11059200
1080,3,reference,1139,1280,720,1920,1080,11.3654,12.3901,9.98298,1,1,0,0,2,11059200
1080,3,reference,1140,1280,720,1920,1080,11.3111,12.3891,9.93587,1,1,0,0,2,11059200
1080,3,reference,1141,1280,720,1920,1080,11.3336,12.2774,9.95226,1,1,0,0,2,11059200
1080,3,reference,1142,1280,720,1920,1080,11.6654,12.7986,10.2851,1,1,0,0,2,11059200
1080,3,reference,1143,1280,720,1920,1080,11.2957,12.4345,9.91437,1,1,0,0,2,11059200
1080,3,reference,1144,1280,720,1920,1080,11.3613,12.4885,9.98195,1,1,0,0,2,11059200
1080,3,reference,1145,1280,720,1920,1080,11.3756,12.4967,9.99526,1,1,0,0,2,11059200
1080,3,reference,1146,1280,720,1920,1080,11.3623,12.4802,9.98195,1,1,0,0,2,11059200
1080,3,reference,1147,1280,720,1920,1080,11.394,12.4325,10.0116,1,1,0,0,2,11059200
1080,3,reference,1148,1280,720,1920,1080,11.308,12.3915,9.92973,1,1,0,0,2,11059200
1080,3,reference,1149,1280,720,1920,1080,11.3418,12.4049,9.9584,1,1,0,0,2,11059200
1080,3,reference,1150,1280,720,1920,1080,11.4749,12.6347,10.0946,1,1,0,0,2,11059200
1080,3,reference,1151,1280,720,1920,1080,11.2538,12.3429,9.87238,1,1,0,0,2,11059200
1080,3,reference,1152,1280,720,1920,1080,11.4944,12.4748,10.1161,1,1,0,0,2,11059200
1080,3,reference,1153,1280,720,1920,1080,11.4995,12.6835,10.1192,1,1,0,0,2,11059200
1080,3,reference,1154,1280,720,1920,1080,11.1473,12.4181,9.75053,1,1,0,0,2,11059200
1080,3,reference,1155,1280,720,1920,1080,11.4268,12.3907,10.0444,1,1,0,0,2,11059200
1080,3,reference,1156,1280,720,1920,1080,11.4903,12.6086,10.114,1,1,0,0,2,11059200
1080,3,reference,1157,1280,720,1920,1080,11.3244,12.3997,9.94304,1,1,0,0,2,11059200
1080,3,reference,1158,1280,720,1920,1080,11.3541,12.3543,9.97274,1,1,0,0,2,11059200
1080,3,reference,1159,1280,720,1920,1080,11.3152,12.3377,9.93587,1,1,0,0,2,11059200
1080,3,reference,1160,1280,720,1920,1080,11.5108,12.5272,10.1335,1,1,0,0,2,11059200
1080,3,reference,1161,1280,720,1920,1080,11.3684,13.1338,9.98605,1,1,0,0,2,11059200
1080,3,reference,1162,1280,720,1920,1080,11.3162,12.3719,9.93997,1,1,0,0,2,11059200
1080,3,reference,1163,1280,720,1920,1080,11.3695,12.4677,9.98502,1,1,0,0,2,11059200
1080,3,reference,1164,1280,720,1920,1080,10.924,12.0865,9.54675,1,1,0,0,2,11059200
1080,3,reference,1165,1280,720,1920,1080,11.4801,12.502,10.0925,1,1,0,0,2,11059200
1080,3,reference,1166,1280,720,1920,1080,11.3152,12.267,9.9369,1,1,0,0,2,11059200
1080,3,reference,1167,1280,720,1920,1080,9.79558,10.8356,8.41728,1,1,0,0,2,11059200
1080,3,reference,1168,1280,720,1920,1080,11.0694,12.0099,9.69011,1,1,0,0,2,11059200
1080,3,reference,1169,1280,720,1920,1080,11.3029,12.2905,9.92358,1,1,0,0,2,11059200
1080,3,reference,1170,1280,720,1920,1080,11.2599,12.5715,9.8816,1,1,0,0,2,11059200
1080,3,reference,1171,1280,720,1920,1080,11.6122,12.7606,9.07366,1,1,0,0,2,11059200
1080,3,reference,1172,1280,720,1920,1080,11.4268,12.378,9.88262,1,1,0,0,2,11059200
1080,3,reference,1173,1280,720,1920,1080,11.4074,12.3596,10.028,1,1,0,0,2,11059200
1080,3,reference,1174,1280,720,1920,1080,11.2005,12.4276,9.8263,1,1,0,0,2,11059200
1080,3,reference,1175,1280,720,1920,1080,11.2937,12.5487,9.9113,1,1,0,0,2,11059200
1080,3,reference,1176,1280,720,1920,1080,11.265,12.5719,9.88672,1,1,0,0,2,11059200
1080,3,reference,1177,1280,720,1920,1080,11.2855,12.9859,9.90413,1,1,0,0,2,11059200
1080,3,reference,1178,1280,720,1920,1080,11.4719,12.5717,9.8345,1,1,0,0,2,11059200
1080,3,reference,1179,1280,720,1920,1080,12.7867,13.7962,11.008,1,1,0,0,2,11059200
1080,3,reference,1180,1280,720,1920,1080,11.2343,12.2393,9.85702,1,1,0,0,2,11059200
1080,3,reference,1181,1280,720,1920,1080,12.0402,13.1772,10.3987,1,1,0,0,2,11059200
1080,3,reference,1182,1280,720,1920,1080,11.3234,12.2226,9.94611,1,1,0,0,2,11059200
1080,3,reference,1183,1280,720,1920,1080,11.308,12.2487,9.9287,1,1,0,0,2,11059200
1080,3,reference,1184,1280,720,1920,1080,11.4852,12.5504,10.1069,1,1,0,0,2,11059200
1080,3,reference,1185,1280,720,1920,1080,9.80275,10.8462,8.42752,1,1,0,0,2,11059200
1080,3,reference,1186,1280,720,1920,1080,11.263,12.2056,9.88774,1,1,0,0,2,11059200
1080,3,reference,1187,1280,720,1920,1080,12.5327,13.6246,11.1514,1,1,0,0,2,11059200
1080,3,reference,1188,1280,720,1920,1080,11.3541,12.3739,9.72902,1,1,0,0,2,11059200
1080,3,reference,1189,1280,720,1920,1080,11.3551,12.3394,9.97786,1,1,0,0,2,11059200
1080,3,reference,1190,1280,720,1920,1080,11.6101,12.7731,9.95021,1,1,0,0,2,11059200
1080,3,reference,1191,1280,720,1920,1080,11.5917,12.5884,9.91846,1,1,0,0,2,11059200
1080,3,reference,1192,1280,720,1920,1080,11.5282,12.5617,9.88058,1,1,0,0,2,11059200
1080,3,reference,1193,1280,720,1920,1080,11.3992,12.569,10.0198,1,1,0,0,2,11059200
1080,3,reference,1194,1280,720,1920,1080,11.52,12.5159,10.1427,1,1,0,0,2,11059200
1080,3,reference,1195,1280,720,1920,1080,11.605,12.7138,9.9625,1,1,0,0,2,11059200
1080,3,reference,1196,1280,720,1920,1080,11.4954,12.5913,10.1212,1,1,0,0,2,11059200
1080,3,reference,1197,1280,720,1920,1080,11.521,12.5948,10.1417,1,1,0,0,2,11059200
1080,3,reference,1198,1280,720,1920,1080,11.3418,12.3594,9.96659,1,1,0,0,2,11059200
1080,3,reference,1199,1280,720,1920,1080,11.4934,12.438,10.1161,1,1,0,0,2,11059200
1080,3,candidate,300,1280,720,1920,1080,11.2978,12.2377,9.92358,1,1,0,0,0,0
1080,3,candidate,301,1280,720,1920,1080,11.305,12.3494,9.92768,1,1,0,0,0,0
1080,3,candidate,302,1280,720,1920,1080,11.2589,12.3183,9.88467,1,1,0,0,0,0
1080,3,candidate,303,1280,720,1920,1080,11.2589,12.2509,9.88467,1,1,0,0,0,0
1080,3,candidate,304,1280,720,1920,1080,11.3388,12.2747,9.69933,1,1,0,0,0,0
1080,3,candidate,305,1280,720,1920,1080,11.266,12.2308,9.89082,1,1,0,0,0,0
1080,3,candidate,306,1280,720,1920,1080,11.8077,12.845,10.4131,1,1,0,0,0,0
1080,3,candidate,307,1280,720,1920,1080,11.6736,12.6093,10.2984,1,1,0,0,0,0
1080,3,candidate,308,1280,720,1920,1080,11.3091,12.3426,9.9328,1,1,0,0,0,0
1080,3,candidate,309,1280,720,1920,1080,11.5333,12.4932,9.92461,1,1,0,0,0,0
1080,3,candidate,310,1280,720,1920,1080,10.9957,12.1074,9.6215,1,1,0,0,0,0
1080,3,candidate,311,1280,720,1920,1080,11.3172,12.3177,9.93997,1,1,0,0,0,0
1080,3,candidate,312,1280,720,1920,1080,11.2087,12.3744,9.8345,1,1,0,0,0,0
1080,3,candidate,313,1280,720,1920,1080,11.4524,12.3662,10.0762,1,1,0,0,0,0
1080,3,candidate,314,1280,720,1920,1080,11.2978,12.2679,9.92256,1,1,0,0,0,0
1080,3,candidate,315,1280,720,1920,1080,11.2189,12.2048,9.84371,1,1,0,0,0,0
1080,3,candidate,316,1280,720,1920,1080,11.2558,12.3458,9.88262,1,1,0,0,0,0
1080,3,candidate,317,1280,720,1920,1080,11.5118,12.615,9.86931,1,1,0,0,0,0
1080,3,candidate,318,1280,720,1920,1080,11.2722,12.2653,9.89798,1,1,0,0,0,0
1080,3,candidate,319,1280,720,1920,1080,11.3582,12.3901,9.69011,1,1,0,0,0,0
1080,3,candidate,320,1280,720,1920,1080,11.4207,12.3649,9.77613,1,1,0,0,0,0
1080,3,candidate,321,1280,720,1920,1080,11.4657,12.4847,9.8304,1,1,0,0,0,0
1080,3,candidate,322,1280,720,1920,1080,11.3326,12.7202,9.69523,1,1,0,0,0,0
1080,3,candidate,323,1280,720,1920,1080,11.3633,12.392,9.81504,1,1,0,0,0,0
1080,3,candidate,324,1280,720,1920,1080,11.4452,12.4027,10.071,1,1,0,0,0,0
1080,3,candidate,325,1280,720,1920,1080,11.2824,12.2455,9.63482,1,1,0,0,0,0
1080,3,candidate,326,1280,720,1920,1080,9.75565,10.7308,8.38349,1,1,0,0,0,0
1080,3,candidate,327,1280,720,1920,1080,9.40134,10.3991,8.02918,1,1,0,0,0,0
1080,3,candidate,328,1280,720,1920,1080,12.7232,13.7348,10.3281,1,1,0,0,0,0
1080,3,candidate,329,1280,720,1920,1080,11.6511,12.5556,9.99322,1,1,0,0,0,0
1080,3,candidate,330,1280,720,1920,1080,11.3152,12.3891,9.93792,1,1,0,0,0,0
1080,3,candidate,331,1280,720,1920,1080,11.2527,12.2398,9.87955,1,1,0,0,0,0
1080,3,candidate,332,1280,720,1920,1080,11.5057,12.4619,9.79558,1,1,0,0,0,0
1080,3,candidate,333,1280,720,1920,1080,11.519,12.471,10.1437,1,1,0,0,0,0
1080,3,candidate,334,1280,720,1920,1080,11.4924,12.4922,10.1171,1,1,0,0,0,0
1080,3,candidate,335,1280,720,1920,1080,10.625,11.8471,8.98048,1,1,0,0,0,0
1080,3,candidate,336,1280,720,1920,1080,12.5706,13.637,11.1749,1,1,0,0,0,0
1080,3,candidate,337,1280,720,1920,1080,11.561,12.519,10.1816,1,1,0,0,0,0
1080,3,candidate,338,1280,720,1920,1080,11.2456,12.2838,9.87034,1,1,0,0,0,0
1080,3,candidate,339,1280,720,1920,1080,11.2323,12.3077,9.8601,1,1,0,0,0,0
1080,3,candidate,340,1280,720,1920,1080,11.5108,12.4187,10.1366,1,1,0,0,0,0
1080,3,candidate,341,1280,720,1920,1080,11.5016,12.4302,10.1253,1,1,0,0,0,0
1080,3,candidate,342,1280,720,1920,1080,11.3879,12.4538,10.0106,1,1,0,0,0,0
1080,3,candidate,343,1280,720,1920,1080,11.3265,12.2795,9.94918,1,1,0,0,0,0
1080,3,candidate,344,1280,720,1920,1080,11.2538,12.2795,9.83962,1,1,0,0,0,0
1080,3,candidate,345,1280,720,1920,1080,11.392,12.264,9.82221,1,1,0,0,0,0
1080,3,candidate,346,1280,720,1920,1080,11.4954,12.3822,9.84678,1,1,0,0,0,0
1080,3,candidate,347,1280,720,1920,1080,11.2968,12.5321,9.91949,1,1,0,0,0,0
1080,3,candidate,348,1280,720,1920,1080,11.4811,12.4912,9.8304,1,1,0,0,0,0
1080,3,candidate,349,1280,720,1920,1080,11.2681,12.2201,9.89184,1,1,0,0,0,0
1080,3,candidate,350,1280,720,1920,1080,11.4852,12.496,9.84474,1,1,0,0,0,0
1080,3,candidate,351,1280,720,1920,1080,11.5108,12.5088,9.85293,1,1,0,0,0,0
1080,3,candidate,352,1280,720,1920,1080,11.476,12.7248,9.83347,1,1,0,0,0,0
1080,3,candidate,353,1280,720,1920,1080,11.2937,12.3772,9.91744,1,1,0,0,0,0
1080,3,candidate,354,1280,720,1920,1080,11.5425,12.5852,9.89184,1,1,0,0,0,0
1080,3,candidate,355,1280,720,1920,1080,11.2548,12.2117,9.87955,1,1,0,0,0,0
1080,3,candidate,356,1280,720,1920,1080,11.5241,12.5402,9.8601,1,1,0,0,0,0
1080,3,candidate,357,1280,720,1920,1080,11.521,12.5305,9.86931,1,1,0,0,0,0
1080,3,candidate,358,1280,720,1920,1080,11.4975,12.4743,9.83962,1,1,0,0,0,0
1080,3,candidate,359,1280,720,1920,1080,11.521,12.5618,9.87034,1,1,0,0,0,0
1080,3,candidate,360,1280,720,1920,1080,11.2701,12.3669,9.89389,1,1,0,0,0,0
1080,3,candidate,361,1280,720,1920,1080,11.4872,12.4417,9.82426,1,1,0,0,0,0
1080,3,candidate,362,1280,720,1920,1080,11.5108,12.7383,9.86624,1,1,0,0,0,0
1080,3,candidate,363,1280,720,1920,1080,11.4811,12.4972,9.83654,1,1,0,0,0,0
1080,3,candidate,364,1280,720,1920,1080,11.3091,12.3733,9.9328,1,1,0,0,0,0
1080,3,candidate,365,1280,720,1920,1080,11.3203,12.244,9.94406,1,1,0,0,0,0
1080,3,candidate,366,1280,720,1920,1080,11.649,12.5955,10.0854,1,1,0,0,0,0
1080,3,candidate,367,1280,720,1920,1080,11.2056,12.2034,9.82733,1,1,0,0,0,0
1080,3,candidate,368,1280,720,1920,1080,9.76896,10.7267,8.39578,1,1,0,0,0,0
1080,3,candidate,369,1280,720,1920,1080,12.5512,13.572,11.1555,1,1,0,0,0,0
1080,3,candidate,370,1280,720,1920,1080,11.1063,12.161,8.40499,1,1,0,0,0,0
1080,3,candidate,371,1280,720,1920,1080,10.0905,10.9623,8.71526,1,1,0,0,0,0
1080,3,candidate,372,1280,720,1920,1080,11.0838,13.0014,9.7065,1,1,0,0,0,0
1080,3,candidate,373,1280,720,1920,1080,11.5261,12.5836,10.1489,1,1,0,0,0,0
1080,3,candidate,374,1280,720,1920,1080,11.3254,12.3363,9.94918,1,1,0,0,0,0
1080,3,candidate,375,1280,720,1920,1080,10.9793,12.0749,9.60512,1,1,0,0,0,0
1080,3,candidate,376,1280,720,1920,1080,11.4412,12.3408,10.0628,1,1,0,0,0,0
1080,3,candidate,377,1280,720,1920,1080,11.2404,12.3282,9.86419,1,1,0,0,0,0
1080,3,candidate,378,1280,720,1920,1080,11.3807,12.6215,10.0065,1,1,0,0,0,0
1080,3,candidate,379,1280,720,1920,1080,11.4903,12.3892,10.114,1,1,0,0,0,0
1080,3,candidate,380,1280,720,1920,1080,11.2722,12.2325,9.89594,1,1,0,0,0,0
1080,3,candidate,381,1280,720,1920,1080,11.3265,12.3482,9.95123,1,1,0,0,0,0
1080,3,candidate,382,1280,720,1920,1080,11.2937,12.2335,9.91846,1,1,0,0,0,0
1080,3,candidate,383,1280,720,1920,1080,11.3347,12.2591,9.96045,1,1,0,0,0,0
1080,3,candidate,384,1280,720,1920,1080,11.2998,12.3023,9.92256,1,1,0,0,0,0
1080,3,candidate,385,1280,720,1920,1080,11.2957,12.3561,9.91539,1,1,0,0,0,0
1080,3,candidate,386,1280,720,1920,1080,11.349,12.3504,9.97171,1,1,0,0,0,0
1080,3,candidate,387,1280,720,1920,1080,11.5558,12.6776,9.89184,1,1,0,0,0,0
1080,3,candidate,388,1280,720,1920,1080,11.3613,12.4445,9.984,1,1,0,0,0,0
1080,3,candidate,389,1280,720,1920,1080,11.39,12.4487,10.0055,1,1,0,0,0,0
1080,3,candidate,390,1280,720,1920,1080,11.3541,12.4303,9.97581,1,1,0,0,0,0
1080,3,candidate,391,1280,720,1920,1080,11.2937,12.4201,9.91539,1,1,0,0,0,0
1080,3,candidate,392,1280,720,1920,1080,11.5057,12.6073,9.86624,1,1,0,0,0,0
1080,3,candidate,393,1280,720,1920,1080,11.3469,12.5004,9.96762,1,1,0,0,0,0
1080,3,candidate,394,1280,720,1920,1080,11.0674,12.2832,8.39168,1,1,0,0,0,0
1080,3,candidate,395,1280,720,1920,1080,11.1299,12.1734,9.7536,1,1,0,0,0,0
1080,3,candidate,396,1280,720,1920,1080,11.2968,12.3918,9.92154,1,1,0,0,0,0
1080,3,candidate,397,1280,720,1920,1080,11.0459,12.2569,9.67373,1,1,0,0,0,0
1080,3,candidate,398,1280,720,1920,1080,11.2333,12.4768,8.54221,1,1,0,0,0,0
1080,3,candidate,399,1280,720,1920,1080,11.007,12.1207,9.6297,1,1,0,0,0,0
1080,3,candidate,400,1280,720,1920,1080,11.2589,12.2991,9.68909,1,1,0,0,0,0
1080,3,candidate,401,1280,720,1920,1080,11.435,12.4892,10.0598,1,1,0,0,0,0
1080,3,candidate,402,1280,720,1920,1080,11.3234,12.2601,9.67782,1,1,0,0,0,0
1080,3,candidate,403,1280,720,1920,1080,11.2722,12.4984,9.89901,1,1,0,0,0,0
1080,3,candidate,404,1280,720,1920,1080,11.2476,12.3608,9.87136,1,1,0,0,0,0
1080,3,candidate,405,1280,720,1920,1080,11.0305,12.3106,9.65837,1,1,0,0,0,0
1080,3,candidate,406,1280,720,1920,1080,11.2292,12.4133,9.85498,1,1,0,0,0,0
1080,3,candidate,407,1280,720,1920,1080,11.3152,12.272,9.94099,1,1,0,0,0,0
1080,3,candidate,408,1280,720,1920,1080,9.74848,10.7115,8.37632,1,1,0,0,0,0
1080,3,candidate,409,1280,720,1920,1080,12.9014,13.9247,11.5067,1,1,0,0,0,0
1080,3,candidate,410,1280,720,1920,1080,9.82733,10.77,8.45619,1,1,0,0,0,0
1080,3,candidate,411,1280,720,1920,1080,10.8524,13.2958,9.44435,1,1,0,0,0,0
1080,3,candidate,412,1280,720,1920,1080,11.1923,12.2399,9.63994,1,1,0,0,0,0
1080,3,candidate,413,1280,720,1920,1080,11.2435,12.1277,9.86931,1,1,0,0,0,0
1080,3,candidate,414,1280,720,1920,1080,11.4739,12.3998,10.0987,1,1,0,0,0,0
1080,3,candidate,415,1280,720,1920,1080,11.3121,12.249,9.93894,1,1,0,0,0,0
1080,3,candidate,416,1280,720,1920,1080,11.3285,12.3141,9.95123,1,1,0,0,0,0
1080,3,candidate,417,1280,720,1920,1080,11.3132,12.3653,9.93997,1,1,0,0,0,0
1080,3,candidate,418,1280,720,1920,1080,11.4289,12.3737,9.80275,1,1,0,0,0,0
1080,3,candidate,419,1280,720,1920,1080,11.5272,12.7695,9.9031,1,1,0,0,0,0
1080,3,candidate,420,1280,720,1920,1080,11.2742,12.2517,9.89798,1,1,0,0,0,0
1080,3,candidate,421,1280,720,1920,1080,11.4596,12.5343,9.83757,1,1,0,0,0,0
1080,3,candidate,422,1280,720,1920,1080,11.5067,12.5198,9.88058,1,1,0,0,0,0
1080,3,candidate,423,1280,720,1920,1080,11.5098,12.524,9.88262,1,1,0,0,0,0
1080,3,candidate,424,1280,720,1920,1080,11.1636,12.1732,9.78739,1,1,0,0,0,0
1080,3,candidate,425,1280,720,1920,1080,11.3603,12.6196,9.94816,1,1,0,0,0,0
1080,3,candidate,426,1280,720,1920,1080,11.8456,12.9186,10.4724,1,1,0,0,0,0
1080,3,candidate,427,1280,720,1920,1080,11.3869,12.3609,10.0137,1,1,0,0,0,0
1080,3,candidate,428,1280,720,1920,1080,11.1186,12.2768,8.48486,1,1,0,0,0,0
1080,3,candidate,429,1280,720,1920,1080,11.0479,12.0319,9.67373,1,1,0,0,0,0
1080,3,candidate,430,1280,720,1920,1080,11.2415,12.1451,9.86829,1,1,0,0,0,0
1080,3,candidate,431,1280,720,1920,1080,11.2722,12.3806,9.90003,1,1,0,0,0,0
1080,3,candidate,432,1280,720,1920,1080,11.307,12.1992,9.93075,1,1,0,0,0,0
1080,3,candidate,433,1280,720,1920,1080,11.2374,12.5153,9.86624,1,1,0,0,0,0
1080,3,candidate,434,1280,720,1920,1080,11.39,12.4385,9.64813,1,1,0,0,0,0
1080,3,candidate,435,1280,720,1920,1080,11.2886,12.2664,9.62355,1,1,0,0,0,0
1080,3,candidate,436,1280,720,1920,1080,11.2937,12.4954,9.91642,1,1,0,0,0,0
1080,3,candidate,437,1280,720,1920,1080,11.2722,12.3993,9.90106,1,1,0,0,0,0
1080,3,candidate,438,1280,720,1920,1080,11.4473,12.4195,10.0731,1,1,0,0,0,0
1080,3,candidate,439,1280,720,1920,1080,11.1811,12.3821,9.80992,1,1,0,0,0,0
1080,3,candidate,440,1280,720,1920,1080,11.2609,12.4044,9.88774,1,1,0,0,0,0
1080,3,candidate,441,1280,720,1920,1080,11.3695,12.5305,9.99424,1,1,0,0,0,0
1080,3,candidate,442,1280,720,1920,1080,11.2671,12.3732,9.89184,1,1,0,0,0,0
1080,3,candidate,443,1280,720,1920,1080,11.2701,12.4759,9.89696,1,1,0,0,0,0
1080,3,candidate,444,1280,720,1920,1080,11.4975,12.4923,9.93382,1,1,0,0,0,0
1080,3,candidate,445,1280,720,1920,1080,11.266,12.1968,9.89082,1,1,0,0,0,0
1080,3,candidate,446,1280,720,1920,1080,10.9783,12.2103,9.60819,1,1,0,0,0,0
1080,3,candidate,447,1280,720,1920,1080,11.3623,12.3371,9.98912,1,1,0,0,0,0
1080,3,candidate,448,1280,720,1920,1080,11.2015,12.2063,9.82733,1,1,0,0,0,0
1080,3,candidate,449,1280,720,1920,1080,11.4739,12.3512,10.1018,1,1,0,0,0,0
1080,3,candidate,450,1280,720,1920,1080,9.71059,10.6829,8.34048,1,1,0,0,0,0
1080,3,candidate,451,1280,720,1920,1080,10.796,13.4852,9.41978,1,1,0,0,0,0
1080,3,candidate,452,1280,720,1920,1080,11.6388,12.5287,9.99526,1,1,0,0,0,0
1080,3,candidate,453,1280,720,1920,1080,11.4412,12.3299,10.0659,1,1,0,0,0,0
1080,3,candidate,454,1280,720,1920,1080,11.4258,12.3701,10.0516,1,1,0,0,0,0
1080,3,candidate,455,1280,720,1920,1080,11.5364,12.4506,10.1612,1,1,0,0,0,0
1080,3,candidate,456,1280,720,1920,1080,11.6449,12.6417,10.2687,1,1,0,0,0,0
1080,3,candidate,457,1280,720,1920,1080,11.3326,12.3531,9.95738,1,1,0,0,0,0
1080,3,candidate,458,1280,720,1920,1080,11.2701,12.247,9.89491,1,1,0,0,0,0
1080,3,candidate,459,1280,720,1920,1080,11.2753,12.2607,9.90106,1,1,0,0,0,0
1080,3,candidate,460,1280,720,1920,1080,11.3142,12.3178,9.93997,1,1,0,0,0,0
1080,3,candidate,461,1280,720,1920,1080,11.4708,12.5409,9.84678,1,1,0,0,0,0
1080,3,candidate,462,1280,720,1920,1080,11.3777,12.5612,9.84371,1,1,0,0,0,0
1080,3,candidate,463,1280,720,1920,1080,11.4483,12.3708,10.069,1,1,0,0,0,0
1080,3,candidate,464,1280,720,1920,1080,11.3439,12.3098,9.96966,1,1,0,0,0,0
1080,3,candidate,465,1280,720,1920,1080,11.262,12.1933,9.8857,1,1,0,0,0,0
1080,3,candidate,466,1280,720,1920,1080,11.2968,12.2834,9.65427,1,1,0,0,0,0
1080,3,candidate,467,1280,720,1920,1080,11.2886,12.2325,9.63584,1,1,0,0,0,0
1080,3,candidate,468,1280,720,1920,1080,9.7065,10.6955,8.33331,1,1,0,0,0,0
1080,3,candidate,469,1280,720,1920,1080,9.35117,10.1881,7.98106,1,1,0,0,0,0
1080,3,candidate,470,1280,720,1920,1080,12.3402,13.369,10.9425,1,1,0,0,0,0
1080,3,candidate,471,1280,720,1920,1080,9.79251,10.7601,8.41626,1,1,0,0,0,0
1080,3,candidate,472,1280,720,1920,1080,12.5819,13.682,11.1677,1,1,0,0,0,0
1080,3,candidate,473,1280,720,1920,1080,11.4104,12.3883,9.8519,1,1,0,0,0,0
1080,3,candidate,474,1280,720,1920,1080,11.2906,12.7828,9.91846,1,1,0,0,0,0
1080,3,candidate,475,1280,720,1920,1080,11.4801,12.4468,9.81299,1,1,0,0,0,0
1080,3,candidate,476,1280,720,1920,1080,11.5016,12.5419,9.82221,1,1,0,0,0,0
1080,3,candidate,477,1280,720,1920,1080,11.4657,12.4434,9.8304,1,1,0,0,0,0
1080,3,candidate,478,1280,720,1920,1080,11.2353,13.0493,9.86214,1,1,0,0,0,0
1080,3,candidate,479,1280,720,1920,1080,11.5651,12.5874,9.88979,1,1,0,0,0,0
1080,3,candidate,480,1280,720,1920,1080,11.5159,12.479,10.1417,1,1,0,0,0,0
1080,3,candidate,481,1280,720,1920,1080,11.435,12.4385,9.84166,1,1,0,0,0,0
1080,3,candidate,482,1280,720,1920,1080,11.3265,12.2886,9.95328,1,1,0,0,0,0
1080,3,candidate,483,1280,720,1920,1080,11.5169,12.4435,10.1417,1,1,0,0,0,0
1080,3,candidate,484,1280,720,1920,1080,9.76179,10.6963,8.38758,1,1,0,0,0,0
1080,3,candidate,485,1280,720,1920,1080,12.414,13.3604,11.0029,1,1,0,0,0,0
1080,3,candidate,486,1280,720,1920,1080,11.5149,12.415,9.86624,1,1,0,0,0,0
1080,3,candidate,487,1280,720,1920,1080,11.3562,12.3678,9.68397,1,1,0,0,0,0
1080,3,candidate,488,1280,720,1920,1080,11.3193,12.5841,9.94509,1,1,0,0,0,0
1080,3,candidate,489,1280,720,1920,1080,11.5497,12.5265,9.9072,1,1,0,0,0,0
1080,3,candidate,490,1280,720,1920,1080,9.76077,10.7393,8.38656,1,1,0,0,0,0
1080,3,candidate,491,1280,720,1920,1080,9.37882,10.2849,8.00666,1,1,0,0,0,0
1080,3,candidate,492,1280,720,1920,1080,12.5553,13.5388,9.88979,1,1,0,0,0,0
1080,3,candidate,493,1280,720,1920,1080,11.2189,12.3893,9.83962,1,1,0,0,0,0
1080,3,candidate,494,1280,720,1920,1080,11.3828,12.2884,9.83245,1,1,0,0,0,0
1080,3,candidate,495,1280,720,1920,1080,9.91334,10.8709,8.54221,1,1,0,0,0,0
1080,3,candidate,496,1280,720,1920,1080,11.476,13.7473,10.0844,1,1,0,0,0,0
1080,3,candidate,497,1280,720,1920,1080,11.2026,12.3341,9.82733,1,1,0,0,0,0
1080,3,candidate,498,1280,720,1920,1080,10.9302,11.9996,9.55699,1,1,0,0,0,0
1080,3,candidate,499,1280,720,1920,1080,11.2384,12.4597,8.57907,1,1,0,0,0,0
1080,3,candidate,500,1280,720,1920,1080,11.3295,12.2997,9.66758,1,1,0,0,0,0
1080,3,candidate,501,1280,720,1920,1080,11.5784,12.4971,9.9543,1,1,0,0,0,0
1080,3,candidate,502,1280,720,1920,1080,11.3807,12.4843,9.73619,1,1,0,0,0,0
1080,3,candidate,503,1280,720,1920,1080,11.306,12.353,9.67168,1,1,0,0,0,0
1080,3,candidate,504,1280,720,1920,1080,11.306,12.2721,9.67168,1,1,0,0,0,0
1080,3,candidate,505,1280,720,1920,1080,11.562,12.481,9.91334,1,1,0,0,0,0
1080,3,candidate,506,1280,720,1920,1080,11.2599,12.5878,9.8857,1,1,0,0,0,0
1080,3,candidate,507,1280,720,1920,1080,11.2466,12.5181,9.87136,1,1,0,0,0,0
1080,3,candidate,508,1280,720,1920,1080,11.1585,12.2217,9.78739,1,1,0,0,0,0
1080,3,candidate,509,1280,720,1920,1080,11.2804,12.2698,9.9031,1,1,0,0,0,0
1080,3,candidate,510,1280,720,1920,1080,11.221,12.3172,9.84781,1,1,0,0,0,0
1080,3,candidate,511,1280,720,1920,1080,11.1084,12.3572,9.73722,1,1,0,0,0,0
1080,3,candidate,512,1280,720,1920,1080,11.3736,12.5773,9.73517,1,1,0,0,0,0
1080,3,candidate,513,1280,720,1920,1080,9.9287,10.9231,8.5545,1,1,0,0,0,0
1080,3,candidate,514,1280,720,1920,1080,13.0888,14.161,11.6582,1,1,0,0,0,0
1080,3,candidate,515,1280,720,1920,1080,11.4964,12.5453,9.83859,1,1,0,0,0,0
1080,3,candidate,516,1280,720,1920,1080,11.2241,12.7026,9.84678,1,1,0,0,0,0
1080,3,candidate,517,1280,720,1920,1080,11.2415,12.6247,9.86624,1,1,0,0,0,0
1080,3,candidate,518,1280,720,1920,1080,11.2906,12.4765,9.91437,1,1,0,0,0,0
1080,3,candidate,519,1280,720,1920,1080,11.6879,12.6603,10.028,1,1,0,0,0,0
1080,3,candidate,520,1280,720,1920,1080,11.1923,12.4072,9.81709,1,1,0,0,0,0
1080,3,candidate,521,1280,720,1920,1080,11.2742,12.3146,9.90208,1,1,0,0,0,0
1080,3,candidate,522,1280,720,1920,1080,11.2722,12.7865,9.90003,1,1,0,0,0,0
1080,3,candidate,523,1280,720,1920,1080,11.3326,12.5613,9.67987,1,1,0,0,0,0
1080,3,candidate,524,1280,720,1920,1080,11.2517,12.585,9.87853,1,1,0,0,0,0
1080,3,candidate,525,1280,720,1920,1080,11.2159,12.1681,9.65222,1,1,0,0,0,0
1080,3,candidate,526,1280,720,1920,1080,11.3582,12.281,9.984,1,1,0,0,0,0
1080,3,candidate,527,1280,720,1920,1080,11.0008,12.0352,9.62867,1,1,0,0,0,0
1080,3,candidate,528,1280,720,1920,1080,10.3987,11.3391,9.02144,1,1,0,0,0,0
1080,3,candidate,529,1280,720,1920,1080,10.5155,13.0067,9.12486,1,1,0,0,0,0
1080,3,candidate,530,1280,720,1920,1080,11.3746,12.2597,10.0014,1,1,0,0,0,0
1080,3,candidate,531,1280,720,1920,1080,11.3009,12.393,9.92051,1,1,0,0,0,0
1080,3,candidate,532,1280,720,1920,1080,11.1073,12.1494,9.7321,1,1,0,0,0,0
1080,3,candidate,533,1280,720,1920,1080,11.3582,12.3556,9.98502,1,1,0,0,0,0
1080,3,candidate,534,1280,720,1920,1080,11.2712,12.2923,9.89798,1,1,0,0,0,0
1080,3,candidate,535,1280,720,1920,1080,11.2814,12.3217,9.90822,1,1,0,0,0,0
1080,3,candidate,536,1280,720,1920,1080,11.3408,12.6276,9.96454,1,1,0,0,0,0
1080,3,candidate,537,1280,720,1920,1080,11.2701,12.3213,9.89696,1,1,0,0,0,0
1080,3,candidate,538,1280,720,1920,1080,11.0889,12.1886,9.70342,1,1,0,0,0,0
1080,3,candidate,539,1280,720,1920,1080,11.39,12.4985,10.0178,1,1,0,0,0,0
1080,3,candidate,540,1280,720,1920,1080,11.4166,12.3536,10.0393,1,1,0,0,0,0
1080,3,candidate,541,1280,720,1920,1080,9.9584,10.9474,8.58214,1,1,0,0,0,0
1080,3,candidate,542,1280,720,1920,1080,12.6413,13.6266,10.0045,1,1,0,0,0,0
1080,3,candidate,543,1280,720,1920,1080,11.0203,12.126,9.64813,1,1,0,0,0,0
1080,3,candidate,544,1280,720,1920,1080,11.4125,12.534,10.0383,1,1,0,0,0,0
1080,3,candidate,545,1280,720,1920,1080,11.2671,12.2808,9.89184,1,1,0,0,0,0
1080,3,candidate,546,1280,720,1920,1080,11.4545,12.4815,9.80992,1,1,0,0,0,0
1080,3,candidate,547,1280,720,1920,1080,11.4463,12.3884,9.80378,1,1,0,0,0,0
1080,3,candidate,548,1280,720,1920,1080,11.5087,12.7913,9.86829,1,1,0,0,0,0
1080,3,candidate,549,1280,720,1920,1080,11.4401,12.4423,9.80173,1,1,0,0,0,0
1080,3,candidate,550,1280,720,1920,1080,11.4575,12.4195,9.8007,1,1,0,0,0,0
1080,3,candidate,551,1280,720,1920,1080,11.5374,12.5767,9.89286,1,1,0,0,0,0
1080,3,candidate,552,1280,720,1920,1080,11.4954,12.7289,9.85805,1,1,0,0,0,0
1080,3,candidate,553,1280,720,1920,1080,11.4627,12.4636,9.82733,1,1,0,0,0,0
1080,3,candidate,554,1280,720,1920,1080,11.5251,12.8825,9.8816,1,1,0,0,0,0
1080,3,candidate,555,1280,720,1920,1080,11.3326,12.4877,9.95942,1,1,0,0,0,0
1080,3,candidate,556,1280,720,1920,1080,11.3367,12.3257,9.96147,1,1,0,0,0,0
1080,3,candidate,557,1280,720,1920,1080,9.76384,10.8704,8.39475,1,1,0,0,0,0
1080,3,candidate,558,1280,720,1920,1080,12.6382,13.6635,11.2425,1,1,0,0,0,0
1080,3,candidate,559,1280,720,1920,1080,11.9839,12.9109,10.3537,1,1,0,0,0,0
1080,3,candidate,560,1280,720,1920,1080,11.2701,12.2757,9.89184,1,1,0,0,0,0
1080,3,candidate,561,1280,720,1920,1080,11.3265,12.3669,9.95328,1,1,0,0,0,0
1080,3,candidate,562,1280,720,1920,1080,11.4412,12.4602,9.79046,1,1,0,0,0,0
1080,3,candidate,563,1280,720,1920,1080,11.5087,12.5445,9.84781,1,1,0,0,0,0
1080,3,candidate,564,1280,720,1920,1080,11.5732,12.6943,9.91334,1,1,0,0,0,0
1080,3,candidate,565,1280,720,1920,1080,11.262,12.2937,9.88877,1,1,0,0,0,0
1080,3,candidate,566,1280,720,1920,1080,11.2763,12.2834,9.9031,1,1,0,0,0,0
1080,3,candidate,567,1280,720,1920,1080,11.3213,12.2912,9.78944,1,1,0,0,0,0
1080,3,candidate,568,1280,720,1920,1080,11.2384,12.2292,9.86317,1,1,0,0,0,0
1080,3,candidate,569,1280,720,1920,1080,10.8984,11.9214,9.52627,1,1,0,0,0,0
1080,3,candidate,570,1280,720,1920,1080,11.2845,12.2675,9.9113,1,1,0,0,0,0
1080,3,candidate,571,1280,720,1920,1080,11.2241,12.423,9.84883,1,1,0,0,0,0
1080,3,candidate,572,1280,720,1920,1080,11.5814,12.6414,9.92154,1,1,0,0,0,0
1080,3,candidate,573,1280,720,1920,1080,11.2056,12.3986,9.8345,1,1,0,0,0,0
1080,3,candidate,574,1280,720,1920,1080,11.3213,12.663,9.94611,1,1,0,0,0,0
1080,3,candidate,575,1280,720,1920,1080,11.2507,12.2709,9.87546,1,1,0,0,0,0
1080,3,candidate,576,1280,720,1920,1080,11.5671,12.5235,10.1919,1,1,0,0,0,0
1080,3,candidate,577,1280,720,1920,1080,11.2937,12.2875,9.6553,1,1,0,0,0,0
1080,3,candidate,578,1280,720,1920,1080,11.2896,12.7052,9.91846,1,1,0,0,0,0
1080,3,candidate,579,1280,720,1920,1080,11.3234,12.5784,8.6825,1,1,0,0,0,0
1080,3,candidate,580,1280,720,1920,1080,11.4831,12.5729,9.84986,1,1,0,0,0,0
1080,3,candidate,581,1280,720,1920,1080,11.0725,12.1412,9.65837,1,1,0,0,0,0
1080,3,candidate,582,1280,720,1920,1080,11.2015,12.294,9.82835,1,1,0,0,0,0
1080,3,candidate,583,1280,720,1920,1080,10.0751,11.0174,8.70298,1,1,0,0,0,0
1080,3,candidate,584,1280,720,1920,1080,11.4596,12.2943,10.0844,1,1,0,0,0,0
1080,3,candidate,585,1280,720,1920,1080,12.2214,13.2775,10.8462,1,1,0,0,0,0
1080,3,candidate,586,1280,720,1920,1080,11.4258,12.4438,10.0526,1,1,0,0,0,0
1080,3,candidate,587,1280,720,1920,1080,11.2517,12.4041,9.87648,1,1,0,0,0,0
1080,3,candidate,588,1280,720,1920,1080,11.0295,12.337,9.65734,1,1,0,0,0,0
1080,3,candidate,589,1280,720,1920,1080,11.3121,12.3693,9.93997,1,1,0,0,0,0
1080,3,candidate,590,1280,720,1920,1080,11.2855,12.2277,9.9113,1,1,0,0,0,0
1080,3,candidate,591,1280,720,1920,1080,11.137,12.2341,9.74746,1,1,0,0,0,0
1080,3,candidate,592,1280,720,1920,1080,11.476,12.3792,9.82118,1,1,0,0,0,0
1080,3,candidate,593,1280,720,1920,1080,11.2394,12.3205,9.86522,1,1,0,0,0,0
1080,3,candidate,594,1280,720,1920,1080,11.4299,12.4413,10.0516,1,1,0,0,0,0
1080,3,candidate,595,1280,720,1920,1080,11.4944,12.466,10.1202,1,1,0,0,0,0
1080,3,candidate,596,1280,720,1920,1080,9.91232,10.9089,8.54016,1,1,0,0,0,0
1080,3,candidate,597,1280,720,1920,1080,12.4948,13.5207,10.1827,1,1,0,0,0,0
1080,3,candidate,598,1280,720,1920,1080,9.91539,10.9012,8.54221,1,1,0,0,0,0
1080,3,candidate,599,1280,720,1920,1080,12.5737,13.5789,9.9543,1,1,0,0,0,0
1080,3,candidate,600,1280,720,1920,1080,11.1995,12.3438,9.82528,1,1,0,0,0,0
1080,3,candidate,601,1280,720,1920,1080,9.88979,10.8415,8.51456,1,1,0,0,0,0
1080,3,candidate,602,1280,720,1920,1080,12.6597,13.6787,10.0239,1,1,0,0,0,0
1080,3,candidate,603,1280,720,1920,1080,11.4186,12.3891,9.79251,1,1,0,0,0,0
1080,3,candidate,604,1280,720,1920,1080,11.3213,12.372,9.68192,1,1,0,0,0,0
1080,3,candidate,605,1280,720,1920,1080,11.3377,12.3251,9.69626,1,1,0,0,0,0
1080,3,candidate,606,1280,720,1920,1080,11.1831,12.455,9.81094,1,1,0,0,0,0
1080,3,candidate,607,1280,720,1920,1080,11.4432,12.3977,9.80992,1,1,0,0,0,0
1080,3,candidate,608,1280,720,1920,1080,11.2579,12.298,9.61843,1,1,0,0,0,0
1080,3,candidate,609,1280,720,1920,1080,11.1647,12.7578,9.79251,1,1,0,0,0,0
1080,3,candidate,610,1280,720,1920,1080,11.3316,12.3878,9.66861,1,1,0,0,0,0
1080,3,candidate,611,1280,720,1920,1080,11.4565,12.4371,9.82221,1,1,0,0,0,0
1080,3,candidate,612,1280,720,1920,1080,11.2323,12.7234,9.85907,1,1,0,0,0,0
1080,3,candidate,613,1280,720,1920,1080,11.3756,12.3837,10.0014,1,1,0,0,0,0
1080,3,candidate,614,1280,720,1920,1080,11.2753,12.2556,9.64506,1,1,0,0,0,0
1080,3,candidate,615,1280,720,1920,1080,11.2507,12.6846,9.87853,1,1,0,0,0,0
1080,3,candidate,616,1280,720,1920,1080,11.1534,12.4007,9.78125,1,1,0,0,0,0
1080,3,candidate,617,1280,720,1920,1080,11.3859,12.4868,10.0116,1,1,0,0,0,0
1080,3,candidate,618,1280,720,1920,1080,11.2916,12.2503,9.91744,1,1,0,0,0,0
1080,3,candidate,619,1280,720,1920,1080,11.2087,12.3598,9.83654,1,1,0,0,0,0
1080,3,candidate,620,1280,720,1920,1080,11.094,12.3242,9.72083,1,1,0,0,0,0
1080,3,candidate,621,1280,720,1920,1080,11.009,12.1858,9.63789,1,1,0,0,0,0
1080,3,candidate,622,1280,720,1920,1080,11.4995,12.6208,10.1263,1,1,0,0,0,0
1080,3,candidate,623,1280,720,1920,1080,11.0428,12.3726,9.67373,1,1,0,0,0,0
1080,3,candidate,624,1280,720,1920,1080,11.0961,12.2987,9.72186,1,1,0,0,0,0
1080,3,candidate,625,1280,720,1920,1080,11.2579,12.4315,9.88467,1,1,0,0,0,0
1080,3,candidate,626,1280,720,1920,1080,11.0244,12.1513,9.65325,1,1,0,0,0,0
1080,3,candidate,627,1280,720,1920,1080,11.3388,12.4012,9.96557,1,1,0,0,0,0
1080,3,candidate,628,1280,720,1920,1080,11.3398,12.3589,9.96659,1,1,0,0,0,0
1080,3,candidate,629,1280,720,1920,1080,11.2476,12.1919,9.87238,1,1,0,0,0,0
1080,3,candidate,630,1280,720,1920,1080,11.0244,12.1937,9.64813,1,1,0,0,0,0
1080,3,candidate,631,1280,720,1920,1080,11.266,12.2555,9.89696,1,1,0,0,0,0
1080,3,candidate,632,1280,720,1920,1080,11.4125,12.4031,10.0372,1,1,0,0,0,0
1080,3,candidate,633,1280,720,1920,1080,11.3961,12.4331,10.0229,1,1,0,0,0,0
1080,3,candidate,634,1280,720,1920,1080,11.4319,12.5897,10.0608,1,1,0,0,0,0
1080,3,candidate,635,1280,720,1920,1080,11.4412,12.4797,10.0669,1,1,0,0,0,0
1080,3,candidate,636,1280,720,1920,1080,11.3859,12.3163,10.0137,1,1,0,0,0,0
1080,3,candidate,637,1280,720,1920,1080,11.2814,12.3201,9.91027,1,1,0,0,0,0
1080,3,candidate,638,1280,720,1920,1080,11.2947,12.1981,9.92051,1,1,0,0,0,0
1080,3,candidate,639,1280,720,1920,1080,11.4616,12.3796,9.83757,1,1,0,0,0,0
1080,3,candidate,640,1280,720,1920,1080,9.89184,11.226,8.5207,1,1,0,0,0,0
1080,3,candidate,641,1280,720,1920,1080,11.2036,12.165,9.82938,1,1,0,0,0,0
1080,3,candidate,642,1280,720,1920,1080,11.305,12.3723,9.93075,1,1,0,0,0,0
1080,3,candidate,643,1280,720,1920,1080,11.2292,12.7215,9.85702,1,1,0,0,0,0
1080,3,candidate,644,1280,720,1920,1080,11.2179,12.5768,9.84781,1,1,0,0,0,0
1080,3,candidate,645,1280,720,1920,1080,11.3521,12.3482,9.9799,1,1,0,0,0,0
1080,3,candidate,646,1280,720,1920,1080,11.2773,12.2628,9.9031,1,1,0,0,0,0
1080,3,candidate,647,1280,720,1920,1080,11.3664,12.3472,9.73722,1,1,0,0,0,0
1080,3,candidate,648,1280,720,1920,1080,11.0039,12.3573,9.63174,1,1,0,0,0,0
1080,3,candidate,649,1280,720,1920,1080,11.3428,12.4321,9.97069,1,1,0,0,0,0
1080,3,candidate,650,1280,720,1920,1080,11.0746,12.1896,9.70138,1,1,0,0,0,0
1080,3,candidate,651,1280,720,1920,1080,11.2937,12.14,9.91539,1,1,0,0,0,0
1080,3,candidate,652,1280,720,1920,1080,11.3234,12.2527,9.94406,1,1,0,0,0,0
1080,3,candidate,653,1280,720,1920,1080,10.9906,12.1149,9.62048,1,1,0,0,0,0
1080,3,candidate,654,1280,720,1920,1080,10.9486,12.0954,9.57542,1,1,0,0,0,0
1080,3,candidate,655,1280,720,1920,1080,11.262,12.2097,9.89286,1,1,0,0,0,0
1080,3,candidate,656,1280,720,1920,1080,9.95123,10.9126,8.58214,1,1,0,0,0,0
1080,3,candidate,657,1280,720,1920,1080,12.3771,13.3917,10.9844,1,1,0,0,0,0
1080,3,candidate,658,1280,720,1920,1080,10.9998,12.0714,9.6297,1,1,0,0,0,0
1080,3,candidate,659,1280,720,1920,1080,11.2179,12.3308,8.57805,1,1,0,0,0,0
1080,3,candidate,660,1280,720,1920,1080,11.3029,12.2479,9.77101,1,1,0,0,0,0
1080,3,candidate,661,1280,720,1920,1080,11.2732,12.1902,9.90106,1,1,0,0,0,0
1080,3,candidate,662,1280,720,1920,1080,11.2445,12.3148,9.87136,1,1,0,0,0,0
1080,3,candidate,663,1280,720,1920,1080,11.3316,12.2708,9.96045,1,1,0,0,0,0
1080,3,candidate,664,1280,720,1920,1080,11.2538,12.1942,9.87955,1,1,0,0,0,0
1080,3,candidate,665,1280,720,1920,1080,9.86522,10.7922,8.49203,1,1,0,0,0,0
1080,3,candidate,666,1280,720,1920,1080,10.8134,13.2509,9.43104,1,1,0,0,0,0
1080,3,candidate,667,1280,720,1920,1080,11.2876,12.2162,9.66144,1,1,0,0,0,0
1080,3,candidate,668,1280,720,1920,1080,11.4627,12.4595,10.0895,1,1,0,0,0,0
1080,3,candidate,669,1280,720,1920,1080,11.2353,12.2303,9.86214,1,1,0,0,0,0
1080,3,candidate,670,1280,720,1920,1080,11.4719,12.4734,10.0997,1,1,0,0,0,0
1080,3,candidate,671,1280,720,1920,1080,11.4043,12.4357,10.0311,1,1,0,0,0,0
1080,3,candidate,672,1280,720,1920,1080,11.3265,12.2938,9.95533,1,1,0,0,0,0
1080,3,candidate,673,1280,720,1920,1080,11.8661,12.884,10.2298,1,1,0,0,0,0
1080,3,candidate,674,1280,720,1920,1080,11.4227,12.3955,10.0495,1,1,0,0,0,0
1080,3,candidate,675,1280,720,1920,1080,11.4033,12.4335,10.0321,1,1,0,0,0,0
1080,3,candidate,676,1280,720,1920,1080,11.4012,12.363,10.0291,1,1,0,0,0,0
1080,3,candidate,677,1280,720,1920,1080,11.3193,12.3169,9.94918,1,1,0,0,0,0
1080,3,candidate,678,1280,720,1920,1080,11.2507,12.273,9.87955,1,1,0,0,0,0
1080,3,candidate,679,1280,720,1920,1080,11.4493,12.4055,10.0762,1,1,0,0,0,0
1080,3,candidate,680,1280,720,1920,1080,11.5671,12.4901,9.9287,1,1,0,0,0,0
1080,3,candidate,681,1280,720,1920,1080,11.222,12.166,9.84986,1,1,0,0,0,0
1080,3,candidate,682,1280,720,1920,1080,11.5548,12.5792,9.92666,1,1,0,0,0,0
1080,3,candidate,683,1280,720,1920,1080,11.308,12.3564,9.93485,1,1,0,0,0,0
1080,3,candidate,684,1280,720,1920,1080,11.4985,12.5907,9.86214,1,1,0,0,0,0
1080,3,candidate,685,1280,720,1920,1080,11.4237,12.4178,9.79149,1,1,0,0,0,0
1080,3,candidate,686,1280,720,1920,1080,11.1565,12.2315,9.78022,1,1,0,0,0,0
1080,3,candidate,687,1280,720,1920,1080,11.348,12.415,9.97581,1,1,0,0,0,0
1080,3,candidate,688,1280,720,1920,1080,11.4452,12.4405,9.81299,1,1,0,0,0,0
1080,3,candidate,689,1280,720,1920,1080,11.4289,12.4583,9.86829,1,1,0,0,0,0
1080,3,candidate,690,1280,720,1920,1080,11.2353,12.5531,9.82221,1,1,0,0,0,0
1080,3,candidate,691,1280,720,1920,1080,11.1667,12.2243,8.52275,1,1,0,0,0,0
1080,3,candidate,692,1280,720,1920,1080,11.2896,12.2528,9.91642,1,1,0,0,0,0
1080,3,candidate,693,1280,720,1920,1080,11.1565,12.106,9.61024,1,1,0,0,0,0
1080,3,candidate,694,1280,720,1920,1080,11.1524,12.3458,9.78432,1,1,0,0,0,0
1080,3,candidate,695,1280,720,1920,1080,11.1544,12.339,9.7833,1,1,0,0,0,0
1080,3,candidate,696,1280,720,1920,1080,11.0182,12.0579,9.6471,1,1,0,0,0,0
1080,3,candidate,697,1280,720,1920,1080,11.2251,12.2983,9.85293,1,1,0,0,0,0
1080,3,candidate,698,1280,720,1920,1080,11.4442,12.3883,10.071,1,1,0,0,0,0
1080,3,candidate,699,1280,720,1920,1080,11.0346,12.3344,9.66042,1,1,0,0,0,0
1080,3,candidate,700,1280,720,1920,1080,10.9588,12.116,9.58464,1,1,0,0,0,0
1080,3,candidate,701,1280,720,1920,1080,11.391,12.4715,10.0198,1,1,0,0,0,0
1080,3,candidate,702,1280,720,1920,1080,11.2527,12.2469,9.63277,1,1,0,0,0,0
1080,3,candidate,703,1280,720,1920,1080,11.2497,12.2993,9.87648,1,1,0,0,0,0
1080,3,candidate,704,1280,720,1920,1080,11.2108,12.2558,9.84064,1,1,0,0,0,0
1080,3,candidate,705,1280,720,1920,1080,11.3633,12.3314,9.80685,1,1,0,0,0,0
1080,3,candidate,706,1280,720,1920,1080,11.4391,12.3975,10.068,1,1,0,0,0,0
1080,3,candidate,707,1280,720,1920,1080,11.3213,12.3433,9.70138,1,1,0,0,0,0
1080,3,candidate,708,1280,720,1920,1080,11.0674,12.2153,9.6983,1,1,0,0,0,0
1080,3,candidate,709,1280,720,1920,1080,11.3818,12.3243,10.0045,1,1,0,0,0,0
1080,3,candidate,710,1280,720,1920,1080,11.3367,12.3886,9.96454,1,1,0,0,0,0
1080,3,candidate,711,1280,720,1920,1080,11.4883,12.4557,9.77203,1,1,0,0,0,0
1080,3,candidate,712,1280,720,1920,1080,9.85293,10.854,8.48384,1,1,0,0,0,0
1080,3,candidate,713,1280,720,1920,1080,11.2906,12.2664,9.91846,1,1,0,0,0,0
1080,3,candidate,714,1280,720,1920,1080,11.3756,12.4586,9.76691,1,1,0,0,0,0
1080,3,candidate,715,1280,720,1920,1080,9.96147,10.8938,8.59443,1,1,0,0,0,0
1080,3,candidate,716,1280,720,1920,1080,11.3766,12.2519,9.76589,1,1,0,0,0,0
1080,3,candidate,717,1280,720,1920,1080,12.885,13.976,11.4698,1,1,0,0,0,0
1080,3,candidate,718,1280,720,1920,1080,11.2323,12.4101,9.86112,1,1,0,0,0,0
1080,3,candidate,719,1280,720,1920,1080,11.223,12.4297,9.82016,1,1,0,0,0,0
1080,3,candidate,720,1280,720,1920,1080,11.0664,12.057,9.67373,1,1,0,0,0,0
1080,3,candidate,721,1280,720,1920,1080,11.3418,12.2904,9.96966,1,1,0,0,0,0
1080,3,candidate,722,1280,720,1920,1080,11.2886,12.231,9.91539,1,1,0,0,0,0
1080,3,candidate,723,1280,720,1920,1080,11.2466,12.2248,9.87341,1,1,0,0,0,0
1080,3,candidate,724,1280,720,1920,1080,11.4074,12.4365,10.0332,1,1,0,0,0,0
1080,3,candidate,725,1280,720,1920,1080,11.4606,12.5118,10.0884,1,1,0,0,0,0
1080,3,candidate,726,1280,720,1920,1080,11.4637,12.4365,10.0905,1,1,0,0,0,0
1080,3,candidate,727,1280,720,1920,1080,11.4688,12.539,10.0977,1,1,0,0,0,0
1080,3,candidate,728,1280,720,1920,1080,11.4463,12.5478,10.0751,1,1,0,0,0,0
1080,3,candidate,729,1280,720,1920,1080,11.4944,12.4349,10.1202,1,1,0,0,0,0
1080,3,candidate,730,1280,720,1920,1080,11.4903,12.5166,10.1192,1,1,0,0,0,0
1080,3,candidate,731,1280,720,1920,1080,11.4964,12.8837,10.1233,1,1,0,0,0,0
1080,3,candidate,732,1280,720,1920,1080,11.2445,12.3085,9.87136,1,1,0,0,0,0
1080,3,candidate,733,1280,720,1920,1080,11.2159,12.1827,9.84269,1,1,0,0,0,0
1080,3,candidate,734,1280,720,1920,1080,11.7934,12.7782,10.4131,1,1,0,0,0,0
1080,3,candidate,735,1280,720,1920,1080,11.4801,12.4418,9.8519,1,1,0,0,0,0
1080,3,candidate,736,1280,720,1920,1080,11.2445,12.1568,9.87136,1,1,0,0,0,0
1080,3,candidate,737,1280,720,1920,1080,11.3961,12.4738,10.0239,1,1,0,0,0,0
1080,3,candidate,738,1280,720,1920,1080,11.3336,12.4029,9.96147,1,1,0,0,0,0
1080,3,candidate,739,1280,720,1920,1080,11.3715,12.514,9.99834,1,1,0,0,0,0
1080,3,candidate,740,1280,720,1920,1080,11.4668,12.4357,10.0925,1,1,0,0,0,0
1080,3,candidate,741,1280,720,1920,1080,11.4371,12.4843,10.0649,1,1,0,0,0,0
1080,3,candidate,742,1280,720,1920,1080,11.436,12.4007,10.0608,1,1,0,0,0,0
1080,3,candidate,743,1280,720,1920,1080,11.3213,12.5033,9.94816,1,1,0,0,0,0
1080,3,candidate,744,1280,720,1920,1080,11.2804,12.3388,9.90618,1,1,0,0,0,0
1080,3,candidate,745,1280,720,1920,1080,11.2855,12.2657,9.91437,1,1,0,0,0,0
1080,3,candidate,746,1280,720,1920,1080,11.4555,12.6646,9.82118,1,1,0,0,0,0
1080,3,candidate,747,1280,720,1920,1080,11.4278,12.4064,10.0557,1,1,0,0,0,0
1080,3,candidate,748,1280,720,1920,1080,11.2599,12.246,9.88774,1,1,0,0,0,0
1080,3,candidate,749,1280,720,1920,1080,11.4381,12.3872,9.8048,1,1,0,0,0,0
1080,3,candidate,750,1280,720,1920,1080,11.4176,12.3924,9.77408,1,1,0,0,0,0
1080,3,candidate,751,1280,720,1920,1080,11.4985,12.6435,9.76998,1,1,0,0,0,0
1080,3,candidate,752,1280,720,1920,1080,11.2179,12.1392,9.64506,1,1,0,0,0,0
1080,3,candidate,753,1280,720,1920,1080,11.4227,12.4604,10.0506,1,1,0,0,0,0
1080,3,candidate,754,1280,720,1920,1080,11.4627,12.476,9.81709,1,1,0,0,0,0
1080,3,candidate,755,1280,720,1920,1080,11.4811,12.462,9.8345,1,1,0,0,0,0
1080,3,candidate,756,1280,720,1920,1080,11.4248,12.4295,9.79354,1,1,0,0,0,0
1080,3,candidate,757,1280,720,1920,1080,11.4545,12.3635,9.82323,1,1,0,0,0,0
1080,3,candidate,758,1280,720,1920,1080,11.4893,12.7943,9.85498,1,1,0,0,0,0
1080,3,candidate,759,1280,720,1920,1080,10.9394,12.0518,9.56723,1,1,0,0,0,0
1080,3,candidate,760,1280,720,1920,1080,11.4463,12.3645,10.0741,1,1,0,0,0,0
1080,3,candidate,761,1280,720,1920,1080,11.3336,12.427,9.67987,1,1,0,0,0,0
1080,3,candidate,762,1280,720,1920,1080,11.2783,12.3175,9.63789,1,1,0,0,0,0
1080,3,candidate,763,1280,720,1920,1080,11.2046,12.1619,9.56416,1,1,0,0,0,0
1080,3,candidate,764,1280,720,1920,1080,11.1155,12.2696,9.74643,1,1,0,0,0,0
1080,3,candidate,765,1280,720,1920,1080,11.2783,12.2098,9.90618,1,1,0,0,0,0
1080,3,candidate,766,1280,720,1920,1080,11.2118,12.2254,9.82016,1,1,0,0,0,0
1080,3,candidate,767,1280,720,1920,1080,11.1473,12.2528,9.7792,1,1,0,0,0,0
1080,3,candidate,768,1280,720,1920,1080,11.0438,12.2957,9.67475,1,1,0,0,0,0
1080,3,candidate,769,1280,720,1920,1080,11.0991,12.1566,9.72595,1,1,0,0,0,0
1080,3,candidate,770,1280,720,1920,1080,11.266,12.2614,9.89389,1,1,0,0,0,0
1080,3,candidate,771,1280,720,1920,1080,11.3254,12.3003,9.95328,1,1,0,0,0,0
1080,3,candidate,772,1280,720,1920,1080,11.2486,12.2218,9.8775,1,1,0,0,0,0
1080,3,candidate,773,1280,720,1920,1080,11.2558,12.1775,9.88262,1,1,0,0,0,0
1080,3,candidate,774,1280,720,1920,1080,11.3029,12.2774,9.93178,1,1,0,0,0,0
1080,3,candidate,775,1280,720,1920,1080,11.434,12.4837,9.79968,1,1,0,0,0,0
1080,3,candidate,776,1280,720,1920,1080,11.1933,12.3176,9.79661,1,1,0,0,0,0
1080,3,candidate,777,1280,720,1920,1080,11.0367,12.1832,9.66656,1,1,0,0,0,0
1080,3,candidate,778,1280,720,1920,1080,11.0592,12.0554,9.68909,1,1,0,0,0,0
1080,3,candidate,779,1280,720,1920,1080,10.9967,12.0302,9.6297,1,1,0,0,0,0
1080,3,candidate,780,1280,720,1920,1080,11.1841,12.3689,9.81299,1,1,0,0,0,0
1080,3,candidate,781,1280,720,1920,1080,11.5415,12.5551,9.89901,1,1,0,0,0,0
1080,3,candidate,782,1280,720,1920,1080,11.2548,12.2664,9.61843,1,1,0,0,0,0
1080,3,candidate,783,1280,720,1920,1080,11.2333,12.4776,9.86214,1,1,0,0,0,0
1080,3,candidate,784,1280,720,1920,1080,11.1288,12.3959,9.75667,1,1,0,0,0,0
1080,3,candidate,785,1280,720,1920,1080,11.2374,12.3689,9.86624,1,1,0,0,0,0
1080,3,candidate,786,1280,720,1920,1080,11.2497,12.4233,9.87853,1,1,0,0,0,0
1080,3,candidate,787,1280,720,1920,1080,11.2271,12.4255,9.85805,1,1,0,0,0,0
1080,3,candidate,788,1280,720,1920,1080,11.2056,12.5732,9.83552,1,1,0,0,0,0
1080,3,candidate,789,1280,720,1920,1080,11.2722,12.222,9.90106,1,1,0,0,0,0
1080,3,candidate,790,1280,720,1920,1080,11.0275,12.2526,9.65427,1,1,0,0,0,0
1080,3,candidate,791,1280,720,1920,1080,11.0141,12.3502,9.64198,1,1,0,0,0,0
1080,3,candidate,792,1280,720,1920,1080,11.0981,12.2833,9.72595,1,1,0,0,0,0
1080,3,candidate,793,1280,720,1920,1080,11.4166,12.3944,10.0434,1,1,0,0,0,0
1080,3,candidate,794,1280,720,1920,1080,11.1176,12.2064,9.74746,1,1,0,0,0,0
1080,3,candidate,795,1280,720,1920,1080,11.2435,12.2594,9.87238,1,1,0,0,0,0
1080,3,candidate,796,1280,720,1920,1080,11.2435,12.2668,9.87136,1,1,0,0,0,0
1080,3,candidate,797,1280,720,1920,1080,11.0541,12.1579,9.67782,1,1,0,0,0,0
1080,3,candidate,798,1280,720,1920,1080,11.264,12.1186,9.68909,1,1,0,0,0,0
1080,3,candidate,799,1280,720,1920,1080,11.4156,12.2976,10.0454,1,1,0,0,0,0
1080,3,candidate,800,1280,720,1920,1080,11.2906,12.2837,9.91949,1,1,0,0,0,0
1080,3,candidate,801,1280,720,1920,1080,11.5466,12.6587,9.89696,1,1,0,0,0,0
1080,3,candidate,802,1280,720,1920,1080,11.5282,12.6152,9.87955,1,1,0,0,0,0
1080,3,candidate,803,1280,720,1920,1080,11.4248,12.9032,10.0547,1,1,0,0,0,0
1080,3,candidate,804,1280,720,1920,1080,11.2364,12.1867,9.86419,1,1,0,0,0,0
1080,3,candidate,805,1280,720,1920,1080,11.2814,12.2495,9.90822,1,1,0,0,0,0
1080,3,candidate,806,1280,720,1920,1080,11.2763,12.2102,9.90413,1,1,0,0,0,0
1080,3,candidate,807,1280,720,1920,1080,11.2241,12.202,9.85293,1,1,0,0,0,0
1080,3,candidate,808,1280,720,1920,1080,11.4944,12.4719,9.85907,1,1,0,0,0,0
1080,3,candidate,809,1280,720,1920,1080,11.308,12.3604,9.93587,1,1,0,0,0,0
1080,3,candidate,810,1280,720,1920,1080,11.4801,12.3978,9.84678,1,1,0,0,0,0
1080,3,candidate,811,1280,720,1920,1080,11.4452,12.4055,9.81094,1,1,0,0,0,0
1080,3,candidate,812,1280,720,1920,1080,11.4606,13.2445,10.0854,1,1,0,0,0,0
1080,3,candidate,813,1280,720,1920,1080,11.4668,12.4873,10.0925,1,1,0,0,0,0
1080,3,candidate,814,1280,720,1920,1080,11.3889,12.4628,10.0168,1,1,0,0,0,0
1080,3,candidate,815,1280,720,1920,1080,11.5313,12.5273,9.8775,1,1,0,0,0,0
1080,3,candidate,816,1280,720,1920,1080,11.4145,12.3822,10.0434,1,1,0,0,0,0
1080,3,candidate,817,1280,720,1920,1080,11.4227,12.4115,10.0475,1,1,0,0,0,0
1080,3,candidate,818,1280,720,1920,1080,11.3428,12.3598,9.97069,1,1,0,0,0,0
1080,3,candidate,819,1280,720,1920,1080,11.2486,12.1864,9.87443,1,1,0,0,0,0
1080,3,candidate,820,1280,720,1920,1080,11.2609,12.2244,9.88877,1,1,0,0,0,0
1080,3,candidate,821,1280,720,1920,1080,11.2374,12.1858,9.60512,1,1,0,0,0,0
1080,3,candidate,822,1280,720,1920,1080,11.2568,12.2612,9.62048,1,1,0,0,0,0
1080,3,candidate,823,1280,720,1920,1080,11.3275,12.4269,9.68806,1,1,0,0,0,0
1080,3,candidate,824,1280,720,1920,1080,11.2026,12.6162,9.83142,1,1,0,0,0,0
1080,3,candidate,825,1280,720,1920,1080,11.1923,12.4726,9.82016,1,1,0,0,0,0
1080,3,candidate,826,1280,720,1920,1080,11.1698,12.2075,9.63174,1,1,0,0,0,0
1080,3,candidate,827,1280,720,1920,1080,10.9855,12.1438,9.56723,1,1,0,0,0,0
1080,3,candidate,828,1280,720,1920,1080,11.1964,12.3189,9.82323,1,1,0,0,0,0
1080,3,candidate,829,1280,720,1920,1080,10.8974,11.9275,9.52525,1,1,0,0,0,0
1080,3,candidate,830,1280,720,1920,1080,11.2876,12.2972,9.91437,1,1,0,0,0,0
1080,3,candidate,831,1280,720,1920,1080,11.2609,12.4041,9.88877,1,1,0,0,0,0
1080,3,candidate,832,1280,720,1920,1080,10.9885,12.1617,9.61638,1,1,0,0,0,0
1080,3,candidate,833,1280,720,1920,1080,10.9251,12.0279,9.5488,1,1,0,0,0,0
1080,3,candidate,834,1280,720,1920,1080,11.2118,12.0682,9.63891,1,1,0,0,0,0
1080,3,candidate,835,1280,720,1920,1080,11.5343,12.4722,10.1622,1,1,0,0,0,0
1080,3,candidate,836,1280,720,1920,1080,11.2415,12.2319,9.86931,1,1,0,0,0,0
1080,3,candidate,837,1280,720,1920,1080,11.3838,12.3936,9.99117,1,1,0,0,0,0
1080,3,candidate,838,1280,720,1920,1080,9.69318,10.6305,8.32205,1,1,0,0,0,0
1080,3,candidate,839,1280,720,1920,1080,12.4191,13.4156,10.9998,1,1,0,0,0,0
1080,3,candidate,840,1280,720,1920,1080,11.4964,12.449,9.83859,1,1,0,0,0,0
1080,3,candidate,841,1280,720,1920,1080,9.90208,10.9476,8.53402,1,1,0,0,0,0
1080,3,candidate,842,1280,720,1920,1080,9.40032,10.4256,8.02918,1,1,0,0,0,0
1080,3,candidate,843,1280,720,1920,1080,9.39725,10.2424,8.02611,1,1,0,0,0,0
1080,3,candidate,844,1280,720,1920,1080,12.8963,13.8678,10.5533,1,1,0,0,0,0
1080,3,candidate,845,1280,720,1920,1080,12.0095,12.9575,10.3537,1,1,0,0,0,0
1080,3,candidate,846,1280,720,1920,1080,11.5292,12.4703,9.8775,1,1,0,0,0,0
1080,3,candidate,847,1280,720,1920,1080,11.4452,12.377,9.7833,1,1,0,0,0,0
1080,3,candidate,848,1280,720,1920,1080,11.3388,12.2914,9.67066,1,1,0,0,0,0
1080,3,candidate,849,1280,720,1920,1080,11.4893,12.4835,9.85088,1,1,0,0,0,0
1080,3,candidate,850,1280,720,1920,1080,11.2148,12.5549,9.84371,1,1,0,0,0,0
1080,3,candidate,851,1280,720,1920,1080,11.2067,12.3066,9.8345,1,1,0,0,0,0
1080,3,candidate,852,1280,720,1920,1080,11.4647,12.4645,9.83757,1,1,0,0,0,0
1080,3,candidate,853,1280,720,1920,1080,11.2159,12.6052,9.84166,1,1,0,0,0,0
1080,3,candidate,854,1280,720,1920,1080,11.3439,12.8343,9.97069,1,1,0,0,0,0
1080,3,candidate,855,1280,720,1920,1080,11.2445,12.3957,9.6,1,1,0,0,0,0
1080,3,candidate,856,1280,720,1920,1080,11.4391,12.4771,9.80685,1,1,0,0,0,0
1080,3,candidate,857,1280,720,1920,1080,11.4811,12.5015,9.82733,1,1,0,0,0,0
1080,3,candidate,858,1280,720,1920,1080,11.1995,12.1474,9.64096,1,1,0,0,0,0
1080,3,candidate,859,1280,720,1920,1080,11.266,12.1896,9.89286,1,1,0,0,0,0
1080,3,candidate,860,1280,720,1920,1080,11.2292,12.1664,9.67168,1,1,0,0,0,0
1080,3,candidate,861,1280,720,1920,1080,11.392,12.3645,10.0198,1,1,0,0,0,0
1080,3,candidate,862,1280,720,1920,1080,11.1872,12.2931,9.81299,1,1,0,0,0,0
1080,3,candidate,863,1280,720,1920,1080,11.393,12.3313,10.0198,1,1,0,0,0,0
1080,3,candidate,864,1280,720,1920,1080,10.9507,12.071,9.57747,1,1,0,0,0,0
1080,3,candidate,865,1280,720,1920,1080,11.4156,12.4045,10.0383,1,1,0,0,0,0
1080,3,candidate,866,1280,720,1920,1080,11.2456,12.297,9.87136,1,1,0,0,0,0
1080,3,candidate,867,1280,720,1920,1080,11.2558,12.5223,9.8816,1,1,0,0,0,0
1080,3,candidate,868,1280,720,1920,1080,11.522,12.529,9.90515,1,1,0,0,0,0
1080,3,candidate,869,1280,720,1920,1080,11.1217,12.1989,9.74848,1,1,0,0,0,0
1080,3,candidate,870,1280,720,1920,1080,11.394,12.3697,10.0219,1,1,0,0,0,0
1080,3,candidate,871,1280,720,1920,1080,11.263,12.1993,9.88979,1,1,0,0,0,0
1080,3,candidate,872,1280,720,1920,1080,11.051,12.133,9.66554,1,1,0,0,0,0
1080,3,candidate,873,1280,720,1920,1080,11.4473,12.2991,9.79866,1,1,0,0,0,0
1080,3,candidate,874,1280,720,1920,1080,11.4688,12.4509,10.0956,1,1,0,0,0,0
1080,3,candidate,875,1280,720,1920,1080,11.4412,12.3842,10.07,1,1,0,0,0,0
1080,3,candidate,876,1280,720,1920,1080,11.2548,12.2513,9.8775,1,1,0,0,0,0
1080,3,candidate,877,1280,720,1920,1080,11.3439,12.4078,9.97171,1,1,0,0,0,0
1080,3,candidate,878,1280,720,1920,1080,11.4688,12.4627,9.81811,1,1,0,0,0,0
1080,3,candidate,879,1280,720,1920,1080,11.5118,12.6033,9.85702,1,1,0,0,0,0
1080,3,candidate,880,1280,720,1920,1080,11.3183,12.4891,9.94406,1,1,0,0,0,0
1080,3,candidate,881,1280,720,1920,1080,11.3644,12.7474,9.98912,1,1,0,0,0,0
1080,3,candidate,882,1280,720,1920,1080,11.3254,12.4443,9.95123,1,1,0,0,0,0
1080,3,candidate,883,1280,720,1920,1080,12.0678,13.099,10.412,1,1,0,0,0,0
1080,3,candidate,884,1280,720,1920,1080,11.2394,12.2047,9.86624,1,1,0,0,0,0
1080,3,candidate,885,1280,720,1920,1080,11.3039,12.4636,9.9328,1,1,0,0,0,0
1080,3,candidate,886,1280,720,1920,1080,11.2312,12.2581,9.85702,1,1,0,0,0,0
1080,3,candidate,887,1280,720,1920,1080,11.4657,12.4314,10.0936,1,1,0,0,0,0
1080,3,candidate,888,1280,720,1920,1080,11.4473,12.4003,10.07,1,1,0,0,0,0
1080,3,candidate,889,1280,720,1920,1080,11.4289,12.3889,10.0567,1,1,0,0,0,0
1080,3,candidate,890,1280,720,1920,1080,11.2323,12.1772,9.85702,1,1,0,0,0,0
1080,3,candidate,891,1280,720,1920,1080,11.5732,12.6221,9.94918,1,1,0,0,0,0
1080,3,candidate,892,1280,720,1920,1080,11.2794,12.2704,9.90618,1,1,0,0,0,0
1080,3,candidate,893,1280,720,1920,1080,9.77306,10.7347,8.40602,1,1,0,0,0,0
1080,3,candidate,894,1280,720,1920,1080,11.2404,12.2183,9.86726,1,1,0,0,0,0
1080,3,candidate,895,1280,720,1920,1080,11.0316,12.1699,9.66144,1,1,0,0,0,0
1080,3,candidate,896,1280,720,1920,1080,11.3521,12.2903,9.98093,1,1,0,0,0,0
1080,3,candidate,897,1280,720,1920,1080,11.2691,12.3012,9.89286,1,1,0,0,0,0
1080,3,candidate,898,1280,720,1920,1080,11.0971,12.2686,9.72288,1,1,0,0,0,0
1080,3,candidate,899,1280,720,1920,1080,11.4463,12.4424,10.0731,1,1,0,0,0,0
1080,3,candidate,900,1280,720,1920,1080,10.9691,12.037,9.59386,1,1,0,0,0,0
1080,3,candidate,901,1280,720,1920,1080,11.3388,12.3396,9.9625,1,1,0,0,0,0
1080,3,candidate,902,1280,720,1920,1080,11.4278,12.5691,10.0516,1,1,0,0,0,0
1080,3,candidate,903,1280,720,1920,1080,11.2681,12.2892,9.89696,1,1,0,0,0,0
1080,3,candidate,904,1280,720,1920,1080,11.4596,12.5697,10.0844,1,1,0,0,0,0
1080,3,candidate,905,1280,720,1920,1080,11.2333,12.4326,9.85907,1,1,0,0,0,0
1080,3,candidate,906,1280,720,1920,1080,11.4647,12.5879,10.0905,1,1,0,0,0,0
1080,3,candidate,907,1280,720,1920,1080,11.2916,12.301,9.91949,1,1,0,0,0,0
1080,3,candidate,908,1280,720,1920,1080,11.4207,12.3664,10.0444,1,1,0,0,0,0
1080,3,candidate,909,1280,720,1920,1080,11.2783,12.325,9.90515,1,1,0,0,0,0
1080,3,candidate,910,1280,720,1920,1080,11.2599,12.2586,9.88672,1,1,0,0,0,0
1080,3,candidate,911,1280,720,1920,1080,11.2968,12.3528,9.91846,1,1,0,0,0,0
1080,3,candidate,912,1280,720,1920,1080,11.4043,12.4532,9.77203,1,1,0,0,0,0
1080,3,candidate,913,1280,720,1920,1080,11.262,12.1802,9.88774,1,1,0,0,0,0
1080,3,candidate,914,1280,720,1920,1080,11.4934,12.4314,9.86726,1,1,0,0,0,0
1080,3,candidate,915,1280,720,1920,1080,10.9732,12.0135,9.6,1,1,0,0,0,0
1080,3,candidate,916,1280,720,1920,1080,11.1667,12.0924,9.79149,1,1,0,0,0,0
1080,3,candidate,917,1280,720,1920,1080,11.263,12.2285,9.88365,1,1,0,0,0,0
1080,3,candidate,918,1280,720,1920,1080,11.1493,12.1859,9.7751,1,1,0,0,0,0
1080,3,candidate,919,1280,720,1920,1080,11.3316,12.2456,9.95942,1,1,0,0,0,0
1080,3,candidate,920,1280,720,1920,1080,9.75053,12.2254,8.38144,1,1,0,0,0,0
1080,3,candidate,921,1280,720,1920,1080,11.1626,12.1899,9.78944,1,1,0,0,0,0
1080,3,candidate,922,1280,720,1920,1080,11.1421,12.265,9.76691,1,1,0,0,0,0
1080,3,candidate,923,1280,720,1920,1080,11.2558,12.3452,9.87955,1,1,0,0,0,0
1080,3,candidate,924,1280,720,1920,1080,11.2671,12.2022,9.6297,1,1,0,0,0,0
1080,3,candidate,925,1280,720,1920,1080,11.2896,12.1835,9.91539,1,1,0,0,0,0
1080,3,candidate,926,1280,720,1920,1080,11.435,12.4114,10.0577,1,1,0,0,0,0
1080,3,candidate,927,1280,720,1920,1080,11.4954,12.5741,10.1222,1,1,0,0,0,0
1080,3,candidate,928,1280,720,1920,1080,11.392,12.3035,10.0178,1,1,0,0,0,0
1080,3,candidate,929,1280,720,1920,1080,11.3172,12.3271,9.94304,1,1,0,0,0,0
1080,3,candidate,930,1280,720,1920,1080,11.2835,12.192,9.6471,1,1,0,0,0,0
1080,3,candidate,931,1280,720,1920,1080,11.2701,12.3502,9.89696,1,1,0,0,0,0
1080,3,candidate,932,1280,720,1920,1080,11.5016,12.552,9.84166,1,1,0,0,0,0
1080,3,candidate,933,1280,720,1920,1080,11.4463,12.5558,9.80787,1,1,0,0,0,0
1080,3,candidate,934,1280,720,1920,1080,11.4565,12.5561,9.81504,1,1,0,0,0,0
1080,3,candidate,935,1280,720,1920,1080,11.2701,12.421,9.89696,1,1,0,0,0,0
1080,3,candidate,936,1280,720,1920,1080,11.2968,12.3844,9.92256,1,1,0,0,0,0
1080,3,candidate,937,1280,720,1920,1080,11.3275,12.3431,9.95123,1,1,0,0,0,0
1080,3,candidate,938,1280,720,1920,1080,11.4483,12.4419,9.79866,1,1,0,0,0,0
1080,3,candidate,939,1280,720,1920,1080,11.3388,12.2616,9.7833,1,1,0,0,0,0
1080,3,candidate,940,1280,720,1920,1080,11.3336,12.3306,9.96045,1,1,0,0,0,0
1080,3,candidate,941,1280,720,1920,1080,11.1524,12.183,9.7792,1,1,0,0,0,0
1080,3,candidate,942,1280,720,1920,1080,11.3807,12.2628,10.0055,1,1,0,0,0,0
1080,3,candidate,943,1280,720,1920,1080,11.3224,12.3134,9.67987,1,1,0,0,0,0
1080,3,candidate,944,1280,720,1920,1080,11.3777,12.7122,10.0045,1,1,0,0,0,0
1080,3,candidate,945,1280,720,1920,1080,11.2753,12.5498,9.90208,1,1,0,0,0,0
1080,3,candidate,946,1280,720,1920,1080,11.3521,12.365,9.97786,1,1,0,0,0,0
1080,3,candidate,947,1280,720,1920,1080,11.2957,12.2266,9.65632,1,1,0,0,0,0
1080,3,candidate,948,1280,720,1920,1080,11.1974,12.4302,9.82528,1,1,0,0,0,0
1080,3,candidate,949,1280,720,1920,1080,11.2067,12.5172,9.8345,1,1,0,0,0,0
1080,3,candidate,950,1280,720,1920,1080,11.2456,12.7215,9.87136,1,1,0,0,0,0
1080,3,candidate,951,1280,720,1920,1080,11.3132,12.8237,9.93894,1,1,0,0,0,0
1080,3,candidate,952,1280,720,1920,1080,11.2886,12.3451,9.91334,1,1,0,0,0,0
1080,3,candidate,953,1280,720,1920,1080,11.3797,12.353,9.8304,1,1,0,0,0,0
1080,3,candidate,954,1280,720,1920,1080,11.1718,12.3128,8.54733,1,1,0,0,0,0
1080,3,candidate,955,1280,720,1920,1080,10.9199,11.9196,9.5447,1,1,0,0,0,0
1080,3,candidate,956,1280,720,1920,1080,11.2671,12.3069,9.89491,1,1,0,0,0,0
1080,3,candidate,957,1280,720,1920,1080,11.179,12.2995,9.8089,1,1,0,0,0,0
1080,3,candidate,958,1280,720,1920,1080,11.263,12.334,9.88877,1,1,0,0,0,0
1080,3,candidate,959,1280,720,1920,1080,11.4893,12.7134,10.1161,1,1,0,0,0,0
1080,3,candidate,960,1280,720,1920,1080,11.2404,12.4642,9.86624,1,1,0,0,0,0
1080,3,candidate,961,1280,720,1920,1080,11.4504,12.3373,10.0762,1,1,0,0,0,0
1080,3,candidate,962,1280,720,1920,1080,11.0356,12.1252,9.66144,1,1,0,0,0,0
1080,3,candidate,963,1280,720,1920,1080,11.4493,12.3392,10.0792,1,1,0,0,0,0
1080,3,candidate,964,1280,720,1920,1080,11.0367,12.142,9.66246,1,1,0,0,0,0
1080,3,candidate,965,1280,720,1920,1080,11.4381,12.4037,10.0588,1,1,0,0,0,0
1080,3,candidate,966,1280,720,1920,1080,11.2466,12.294,9.87034,1,1,0,0,0,0
1080,3,candidate,967,1280,720,1920,1080,11.2896,12.246,9.91437,1,1,0,0,0,0
1080,3,candidate,968,1280,720,1920,1080,11.2753,12.2491,9.90106,1,1,0,0,0,0
1080,3,candidate,969,1280,720,1920,1080,11.0387,12.0077,9.63174,1,1,0,0,0,0
1080,3,candidate,970,1280,720,1920,1080,11.5487,12.4142,9.90618,1,1,0,0,0,0
1080,3,candidate,971,1280,720,1920,1080,11.2599,12.1818,9.88672,1,1,0,0,0,0
1080,3,candidate,972,1280,720,1920,1080,11.2712,12.3926,9.89491,1,1,0,0,0,0
1080,3,candidate,973,1280,720,1920,1080,11.5016,12.4792,9.83552,1,1,0,0,0,0
1080,3,candidate,974,1280,720,1920,1080,11.4442,12.4456,9.80787,1,1,0,0,0,0
1080,3,candidate,975,1280,720,1920,1080,11.5046,12.4891,9.82733,1,1,0,0,0,0
1080,3,candidate,976,1280,720,1920,1080,11.4268,12.3351,9.7833,1,1,0,0,0,0
1080,3,candidate,977,1280,720,1920,1080,11.4657,12.397,9.79149,1,1,0,0,0,0
1080,3,candidate,978,1280,720,1920,1080,11.4227,12.3861,9.78637,1,1,0,0,0,0
1080,3,candidate,979,1280,720,1920,1080,11.4954,12.4419,9.84883,1,1,0,0,0,0
1080,3,candidate,980,1280,720,1920,1080,11.3193,12.5258,9.68704,1,1,0,0,0,0
1080,3,candidate,981,1280,720,1920,1080,11.4821,12.4809,9.84474,1,1,0,0,0,0
1080,3,candidate,982,1280,720,1920,1080,11.4074,12.3297,9.77306,1,1,0,0,0,0
1080,3,candidate,983,1280,720,1920,1080,11.2097,12.1837,9.57747,1,1,0,0,0,0
1080,3,candidate,984,1280,720,1920,1080,11.2507,12.4923,9.87443,1,1,0,0,0,0
1080,3,candidate,985,1280,720,1920,1080,9.75053,10.6586,8.37939,1,1,0,0,0,0
1080,3,candidate,986,1280,720,1920,1080,9.40442,10.3309,8.0343,1,1,0,0,0,0
1080,3,candidate,987,1280,720,1920,1080,12.2542,13.2048,9.9287,1,1,0,0,0,0
1080,3,candidate,988,1280,720,1920,1080,11.138,12.3357,9.76282,1,1,0,0,0,0
1080,3,candidate,989,1280,720,1920,1080,11.1718,12.2737,9.79661,1,1,0,0,0,0
1080,3,candidate,990,1280,720,1920,1080,11.4545,12.3468,9.8304,1,1,0,0,0,0
1080,3,candidate,991,1280,720,1920,1080,11.4391,12.3949,9.79661,1,1,0,0,0,0
1080,3,candidate,992,1280,720,1920,1080,11.4381,12.6074,9.8007,1,1,0,0,0,0
1080,3,candidate,993,1280,720,1920,1080,12.3136,13.3035,10.922,1,1,0,0,0,0
1080,3,candidate,994,1280,720,1920,1080,11.3695,12.4045,9.99219,1,1,0,0,0,0
1080,3,candidate,995,1280,720,1920,1080,11.4104,12.3065,9.8519,1,1,0,0,0,0
1080,3,candidate,996,1280,720,1920,1080,11.3838,12.4344,10.0055,1,1,0,0,0,0
1080,3,candidate,997,1280,720,1920,1080,11.2957,12.2855,9.92051,1,1,0,0,0,0
1080,3,candidate,998,1280,720,1920,1080,11.4412,12.4265,9.79251,1,1,0,0,0,0
1080,3,candidate,999,1280,720,1920,1080,11.2425,12.3191,9.87034,1,1,0,0,0,0
1080,3,candidate,1000,1280,720,1920,1080,11.4739,12.4816,9.82118,1,1,0,0,0,0
1080,3,candidate,1001,1280,720,1920,1080,11.4524,12.5219,9.67373,1,1,0,0,0,0
1080,3,candidate,1002,1280,720,1920,1080,11.3623,12.4451,9.8007,1,1,0,0,0,0
1080,3,candidate,1003,1280,720,1920,1080,11.3592,12.4196,9.98707,1,1,0,0,0,0
1080,3,candidate,1004,1280,720,1920,1080,11.2845,12.2586,9.90925,1,1,0,0,0,0
1080,3,candidate,1005,1280,720,1920,1080,11.478,12.525,9.83859,1,1,0,0,0,0
1080,3,candidate,1006,1280,720,1920,1080,11.4668,12.5694,9.81504,1,1,0,0,0,0
1080,3,candidate,1007,1280,720,1920,1080,11.4842,12.4294,9.83245,1,1,0,0,0,0
1080,3,candidate,1008,1280,720,1920,1080,11.5497,12.5922,9.89286,1,1,0,0,0,0
1080,3,candidate,1009,1280,720,1920,1080,11.008,12.0602,9.63482,1,1,0,0,0,0
1080,3,candidate,1010,1280,720,1920,1080,11.4289,12.3904,10.0536,1,1,0,0,0,0
1080,3,candidate,1011,1280,720,1920,1080,11.4975,12.4591,9.83654,1,1,0,0,0,0
1080,3,candidate,1012,1280,720,1920,1080,11.2527,12.6423,9.8775,1,1,0,0,0,0
1080,3,candidate,1013,1280,720,1920,1080,11.1862,12.2371,9.63277,1,1,0,0,0,0
1080,3,candidate,1014,1280,720,1920,1080,11.262,12.1976,9.88672,1,1,0,0,0,0
1080,3,candidate,1015,1280,720,1920,1080,11.305,12.516,9.93382,1,1,0,0,0,0
1080,3,candidate,1016,1280,720,1920,1080,11.2169,12.5173,9.84166,1,1,0,0,0,0
1080,3,candidate,1017,1280,720,1920,1080,11.1852,12.2515,9.81299,1,1,0,0,0,0
1080,3,candidate,1018,1280,720,1920,1080,11.2753,12.2806,9.90208,1,1,0,0,0,0
1080,3,candidate,1019,1280,720,1920,1080,11.2486,12.4891,9.87341,1,1,0,0,0,0
1080,3,candidate,1020,1280,720,1920,1080,11.3992,12.5736,10.0168,1,1,0,0,0,0
1080,3,candidate,1021,1280,720,1920,1080,11.5354,12.5294,10.155,1,1,0,0,0,0
1080,3,candidate,1022,1280,720,1920,1080,11.6204,12.5721,10.0444,1,1,0,0,0,0
1080,3,candidate,1023,1280,720,1920,1080,11.4452,12.5937,10.0721,1,1,0,0,0,0
1080,3,candidate,1024,1280,720,1920,1080,11.4831,12.5471,9.83859,1,1,0,0,0,0
1080,3,candidate,1025,1280,720,1920,1080,11.1616,12.5628,9.78637,1,1,0,0,0,0
1080,3,candidate,1026,1280,720,1920,1080,11.1954,12.4378,9.82016,1,1,0,0,0,0
1080,3,candidate,1027,1280,720,1920,1080,11.2538,12.5867,9.88058,1,1,0,0,0,0
1080,3,candidate,1028,1280,720,1920,1080,11.6316,13.1882,10.2431,1,1,0,0,0,0
1080,3,candidate,1029,1280,720,1920,1080,11.4831,12.6103,9.82426,1,1,0,0,0,0
1080,3,candidate,1030,1280,720,1920,1080,11.0889,12.1396,9.6256,1,1,0,0,0,0
1080,3,candidate,1031,1280,720,1920,1080,10.9722,12.0135,9.6,1,1,0,0,0,0
1080,3,candidate,1032,1280,720,1920,1080,11.2957,12.1968,9.91744,1,1,0,0,0,0
1080,3,candidate,1033,1280,720,1920,1080,11.3562,12.4285,9.98093,1,1,0,0,0,0
1080,3,candidate,1034,1280,720,1920,1080,9.76794,10.6737,8.39373,1,1,0,0,0,0
1080,3,candidate,1035,1280,720,1920,1080,9.38394,10.2453,8.01075,1,1,0,0,0,0
1080,3,candidate,1036,1280,720,1920,1080,12.545,13.493,11.1247,1,1,0,0,0,0
1080,3,candidate,1037,1280,720,1920,1080,11.5712,12.5732,9.9113,1,1,0,0,0,0
1080,3,candidate,1038,1280,720,1920,1080,11.4135,12.365,10.0393,1,1,0,0,0,0
1080,3,candidate,1039,1280,720,1920,1080,11.2609,12.1827,9.88774,1,1,0,0,0,0
1080,3,candidate,1040,1280,720,1920,1080,11.4504,12.4455,9.80378,1,1,0,0,0,0
1080,3,candidate,1041,1280,720,1920,1080,9.86522,10.8686,8.49203,1,1,0,0,0,0
1080,3,candidate,1042,1280,720,1920,1080,11.0715,13.0696,9.69114,1,1,0,0,0,0
1080,3,candidate,1043,1280,720,1920,1080,11.1124,12.1287,8.42342,1,1,0,0,0,0
1080,3,candidate,1044,1280,720,1920,1080,11.5374,12.7607,8.74086,1,1,0,0,0,0
1080,3,candidate,1045,1280,720,1920,1080,11.2241,12.4166,9.84781,1,1,0,0,0,0
1080,3,candidate,1046,1280,720,1920,1080,11.4668,12.5046,10.0895,1,1,0,0,0,0
1080,3,candidate,1047,1280,720,1920,1080,11.3265,12.2683,9.6809,1,1,0,0,0,0
1080,3,candidate,1048,1280,720,1920,1080,11.2179,12.5168,9.84371,1,1,0,0,0,0
1080,3,candidate,1049,1280,720,1920,1080,11.5057,12.4781,9.87238,1,1,0,0,0,0
1080,3,candidate,1050,1280,720,1920,1080,11.1718,12.4763,9.79558,1,1,0,0,0,0
1080,3,candidate,1051,1280,720,1920,1080,11.4043,12.4148,9.76486,1,1,0,0,0,0
1080,3,candidate,1052,1280,720,1920,1080,11.2947,12.4352,9.91744,1,1,0,0,0,0
1080,3,candidate,1053,1280,720,1920,1080,11.264,12.3,9.88774,1,1,0,0,0,0
1080,3,candidate,1054,1280,720,1920,1080,9.7024,10.7242,8.32819,1,1,0,0,0,0
1080,3,candidate,1055,1280,720,1920,1080,12.8338,13.8257,11.4278,1,1,0,0,0,0
1080,3,candidate,1056,1280,720,1920,1080,11.52,12.4249,9.87955,1,1,0,0,0,0
1080,3,candidate,1057,1280,720,1920,1080,11.138,12.2357,9.76384,1,1,0,0,0,0
1080,3,candidate,1058,1280,720,1920,1080,11.7043,12.6661,10.3188,1,1,0,0,0,0
1080,3,candidate,1059,1280,720,1920,1080,11.1401,12.2223,9.76282,1,1,0,0,0,0
1080,3,candidate,1060,1280,720,1920,1080,11.3992,12.3593,10.0219,1,1,0,0,0,0
1080,3,candidate,1061,1280,720,1920,1080,11.2507,12.2909,9.87443,1,1,0,0,0,0
1080,3,candidate,1062,1280,720,1920,1080,11.4575,12.4036,10.068,1,1,0,0,0,0
1080,3,candidate,1063,1280,720,1920,1080,11.008,12.095,9.6256,1,1,0,0,0,0
1080,3,candidate,1064,1280,720,1920,1080,11.4268,12.3917,10.0506,1,1,0,0,0,0
1080,3,candidate,1065,1280,720,1920,1080,11.4811,12.4909,10.1038,1,1,0,0,0,0
1080,3,candidate,1066,1280,720,1920,1080,11.4555,12.4701,10.0823,1,1,0,0,0,0
1080,3,candidate,1067,1280,720,1920,1080,11.2906,12.4415,9.91437,1,1,0,0,0,0
1080,3,candidate,1068,1280,720,1920,1080,11.4831,12.4116,10.1059,1,1,0,0,0,0
1080,3,candidate,1069,1280,720,1920,1080,11.3971,12.3971,10.0178,1,1,0,0,0,0
1080,3,candidate,1070,1280,720,1920,1080,11.348,12.4096,9.97171,1,1,0,0,0,0
1080,3,candidate,1071,1280,720,1920,1080,11.4268,12.5528,10.0434,1,1,0,0,0,0
1080,3,candidate,1072,1280,720,1920,1080,11.4862,12.6593,10.1089,1,1,0,0,0,0
1080,3,candidate,1073,1280,720,1920,1080,11.2927,12.3829,9.91642,1,1,0,0,0,0
1080,3,candidate,1074,1280,720,1920,1080,11.5292,12.5597,10.1519,1,1,0,0,0,0
1080,3,candidate,1075,1280,720,1920,1080,11.2701,12.184,9.89594,1,1,0,0,0,0
1080,3,candidate,1076,1280,720,1920,1080,11.4678,12.347,9.91334,1,1,0,0,0,0
1080,3,candidate,1077,1280,720,1920,1080,11.3449,12.2799,9.96864,1,1,0,0,0,0
1080,3,candidate,1078,1280,720,1920,1080,9.74029,10.6566,8.36608,1,1,0,0,0,0
1080,3,candidate,1079,1280,720,1920,1080,12.3699,13.3753,10.9425,1,1,0,0,0,0
1080,3,candidate,1080,1280,720,1920,1080,11.094,12.205,9.70957,1,1,0,0,0,0
1080,3,candidate,1081,1280,720,1920,1080,11.051,12.0549,8.38246,1,1,0,0,0,0
1080,3,candidate,1082,1280,720,1920,1080,11.9419,12.9054,10.3741,1,1,0,0,0,0
1080,3,candidate,1083,1280,720,1920,1080,11.2845,12.2215,9.9072,1,1,0,0,0,0
1080,3,candidate,1084,1280,720,1920,1080,11.134,12.2362,9.75872,1,1,0,0,0,0
1080,3,candidate,1085,1280,720,1920,1080,11.1985,12.1942,9.81914,1,1,0,0,0,0
1080,3,candidate,1086,1280,720,1920,1080,11.4022,12.4282,10.025,1,1,0,0,0,0
1080,3,candidate,1087,1280,720,1920,1080,11.4954,12.445,9.84576,1,1,0,0,0,0
1080,3,candidate,1088,1280,720,1920,1080,11.0684,12.3101,9.69011,1,1,0,0,0,0
1080,3,candidate,1089,1280,720,1920,1080,11.137,12.3059,9.76077,1,1,0,0,0,0
1080,3,candidate,1090,1280,720,1920,1080,11.2077,12.199,9.8304,1,1,0,0,0,0
1080,3,candidate,1091,1280,720,1920,1080,11.0336,12.1745,9.65939,1,1,0,0,0,0
1080,3,candidate,1092,1280,720,1920,1080,11.2896,12.2212,9.91232,1,1,0,0,0,0
1080,3,candidate,1093,1280,720,1920,1080,11.0438,12.2413,9.64506,1,1,0,0,0,0
1080,3,candidate,1094,1280,720,1920,1080,11.4575,12.4068,10.0813,1,1,0,0,0,0
1080,3,candidate,1095,1280,720,1920,1080,11.2517,12.2304,9.8775,1,1,0,0,0,0
1080,3,candidate,1096,1280,720,1920,1080,11.3377,12.3238,9.9543,1,1,0,0,0,0
1080,3,candidate,1097,1280,720,1920,1080,11.5149,12.4925,10.1315,1,1,0,0,0,0
1080,3,candidate,1098,1280,720,1920,1080,11.3439,12.3568,9.96762,1,1,0,0,0,0
1080,3,candidate,1099,1280,720,1920,1080,11.2906,12.3085,9.9113,1,1,0,0,0,0
1080,3,candidate,1100,1280,720,1920,1080,11.3336,12.3571,9.95635,1,1,0,0,0,0
1080,3,candidate,1101,1280,720,1920,1080,11.3705,12.4601,9.99424,1,1,0,0,0,0
1080,3,candidate,1102,1280,720,1920,1080,11.2691,12.2062,9.89184,1,1,0,0,0,0
1080,3,candidate,1103,1280,720,1920,1080,11.266,12.3355,9.88877,1,1,0,0,0,0
1080,3,candidate,1104,1280,720,1920,1080,12.1334,13.122,10.7407,1,1,0,0,0,0
1080,3,candidate,1105,1280,720,1920,1080,11.2835,12.3656,9.9031,1,1,0,0,0,0
1080,3,candidate,1106,1280,720,1920,1080,11.5855,12.5722,9.9584,1,1,0,0,0,0
1080,3,candidate,1107,1280,720,1920,1080,11.2794,12.1819,9.90208,1,1,0,0,0,0
1080,3,candidate,1108,1280,720,1920,1080,11.4473,12.3968,9.82016,1,1,0,0,0,0
1080,3,candidate,1109,1280,720,1920,1080,11.5046,12.658,9.87955,1,1,0,0,0,0
1080,3,candidate,1110,1280,720,1920,1080,11.4483,12.4434,9.82016,1,1,0,0,0,0
1080,3,candidate,1111,1280,720,1920,1080,11.5108,12.6242,9.87546,1,1,0,0,0,0
1080,3,candidate,1112,1280,720,1920,1080,11.3316,12.3128,9.95328,1,1,0,0,0,0
1080,3,candidate,1113,1280,720,1920,1080,11.4442,12.3553,9.82016,1,1,0,0,0,0
1080,3,candidate,1114,1280,720,1920,1080,11.2824,12.2799,9.90413,1,1,0,0,0,0
1080,3,candidate,1115,1280,720,1920,1080,11.4719,12.5041,9.84064,1,1,0,0,0,0
1080,3,candidate,1116,1280,720,1920,1080,11.4739,12.4437,9.83552,1,1,0,0,0,0
1080,3,candidate,1117,1280,720,1920,1080,11.4811,12.4729,9.84576,1,1,0,0,0,0
1080,3,candidate,1118,1280,720,1920,1080,11.5067,12.7589,9.86214,1,1,0,0,0,0
1080,3,candidate,1119,1280,720,1920,1080,11.2988,12.2928,9.91744,1,1,0,0,0,0
1080,3,candidate,1120,1280,720,1920,1080,11.3766,12.3383,9.74643,1,1,0,0,0,0
1080,3,candidate,1121,1280,720,1920,1080,11.2865,12.2429,9.65632,1,1,0,0,0,0
1080,3,candidate,1122,1280,720,1920,1080,11.3275,12.2395,9.6809,1,1,0,0,0,0
1080,3,candidate,1123,1280,720,1920,1080,11.2251,12.4035,9.84883,1,1,0,0,0,0
1080,3,candidate,1124,1280,720,1920,1080,11.3213,12.3212,9.67578,1,1,0,0,0,0
1080,3,candidate,1125,1280,720,1920,1080,11.5876,12.7705,10.2083,1,1,0,0,0,0
1080,3,candidate,1126,1280,720,1920,1080,9.79661,10.7235,8.41933,1,1,0,0,0,0
1080,3,candidate,1127,1280,720,1920,1080,11.1974,12.233,9.82016,1,1,0,0,0,0
1080,3,candidate,1128,1280,720,1920,1080,11.4893,12.5257,10.1038,1,1,0,0,0,0
1080,3,candidate,1129,1280,720,1920,1080,11.2773,12.3777,9.90208,1,1,0,0,0,0
1080,3,candidate,1130,1280,720,1920,1080,11.2916,12.3065,9.91334,1,1,0,0,0,0
1080,3,candidate,1131,1280,720,1920,1080,11.3152,12.4289,9.93894,1,1,0,0,0,0
1080,3,candidate,1132,1280,720,1920,1080,11.266,12.3244,9.88979,1,1,0,0,0,0
1080,3,candidate,1133,1280,720,1920,1080,11.307,12.2938,9.92973,1,1,0,0,0,0
1080,3,candidate,1134,1280,720,1920,1080,11.3142,12.2291,9.93382,1,1,0,0,0,0
1080,3,candidate,1135,1280,720,1920,1080,11.4452,12.4015,10.068,1,1,0,0,0,0
1080,3,candidate,1136,1280,720,1920,1080,11.5016,12.5141,10.1222,1,1,0,0,0,0
1080,3,candidate,1137,1280,720,1920,1080,11.4852,12.5178,10.1048,1,1,0,0,0,0
1080,3,candidate,1138,1280,720,1920,1080,11.4463,12.6054,10.0598,1,1,0,0,0,0
1080,3,candidate,1139,1280,720,1920,1080,11.3582,12.3548,9.97888,1,1,0,0,0,0
1080,3,candidate,1140,1280,720,1920,1080,11.4975,12.6748,10.1181,1,1,0,0,0,0
1080,3,candidate,1141,1280,720,1920,1080,11.4995,12.4716,10.1202,1,1,0,0,0,0
1080,3,candidate,1142,1280,720,1920,1080,11.4913,12.5545,10.112,1,1,0,0,0,0
1080,3,candidate,1143,1280,720,1920,1080,11.3531,12.4348,9.97888,1,1,0,0,0,0
1080,3,candidate,1144,1280,720,1920,1080,11.4739,12.5089,10.0936,1,1,0,0,0,0
1080,3,candidate,1145,1280,720,1920,1080,11.01,12.1632,9.61331,1,1,0,0,0,0
1080,3,candidate,1146,1280,720,1920,1080,11.5046,12.551,10.1274,1,1,0,0,0,0
1080,3,candidate,1147,1280,720,1920,1080,11.4893,12.4191,10.1089,1,1,0,0,0,0
1080,3,candidate,1148,1280,720,1920,1080,11.3582,12.4007,9.8089,1,1,0,0,0,0
1080,3,candidate,1149,1280,720,1920,1080,11.2159,12.296,9.82118,1,1,0,0,0,0
1080,3,candidate,1150,1280,720,1920,1080,11.3787,12.3374,9.8263,1,1,0,0,0,0
1080,3,candidate,1151,1280,720,1920,1080,9.89696,10.845,8.5207,1,1,0,0,0,0
1080,3,candidate,1152,1280,720,1920,1080,11.3162,12.1684,9.9369,1,1,0,0,0,0
1080,3,candidate,1153,1280,720,1920,1080,12.4426,13.548,11.0633,1,1,0,0,0,0
1080,3,candidate,1154,1280,720,1920,1080,11.3377,12.3901,9.95942,1,1,0,0,0,0
1080,3,candidate,1155,1280,720,1920,1080,11.2988,12.2363,9.65632,1,1,0,0,0,0
1080,3,candidate,1156,1280,720,1920,1080,11.2507,12.4862,9.87136,1,1,0,0,0,0
1080,3,candidate,1157,1280,720,1920,1080,11.2343,12.5386,9.856,1,1,0,0,0,0
1080,3,candidate,1158,1280,720,1920,1080,11.4708,12.5588,10.0915,1,1,0,0,0,0
1080,3,candidate,1159,1280,720,1920,1080,11.2937,12.2514,9.65222,1,1,0,0,0,0
1080,3,candidate,1160,1280,720,1920,1080,11.2876,12.25,9.63994,1,1,0,0,0,0
1080,3,candidate,1161,1280,720,1920,1080,11.265,12.6813,9.88774,1,1,0,0,0,0
1080,3,candidate,1162,1280,720,1920,1080,10.9025,12.0946,9.52218,1,1,0,0,0,0
1080,3,candidate,1163,1280,720,1920,1080,11.3234,12.3191,9.94714,1,1,0,0,0,0
1080,3,candidate,1164,1280,720,1920,1080,10.9896,12.2468,9.61024,1,1,0,0,0,0
1080,3,candidate,1165,1280,720,1920,1080,11.1186,12.2706,9.74131,1,1,0,0,0,0
1080,3,candidate,1166,1280,720,1920,1080,11.3101,12.184,9.93382,1,1,0,0,0,0
1080,3,candidate,1167,1280,720,1920,1080,11.2456,12.3628,9.86829,1,1,0,0,0,0
1080,3,candidate,1168,1280,720,1920,1080,11.2763,12.3912,9.63482,1,1,0,0,0,0
1080,3,candidate,1169,1280,720,1920,1080,10.9701,12.1567,9.59283,1,1,0,0,0,0
1080,3,candidate,1170,1280,720,1920,1080,11.2056,12.4049,9.81094,1,1,0,0,0,0
1080,3,candidate,1171,1280,720,1920,1080,11.4033,12.4007,10.028,1,1,0,0,0,0
1080,3,candidate,1172,1280,720,1920,1080,11.2507,12.3521,9.63379,1,1,0,0,0,0
1080,3,candidate,1173,1280,720,1920,1080,11.4688,12.3557,10.0915,1,1,0,0,0,0
1080,3,candidate,1174,1280,720,1920,1080,11.4452,12.3893,10.07,1,1,0,0,0,0
1080,3,candidate,1175,1280,720,1920,1080,11.4033,12.3512,10.028,1,1,0,0,0,0
1080,3,candidate,1176,1280,720,1920,1080,9.9113,10.8434,8.53504,1,1,0,0,0,0
1080,3,candidate,1177,1280,720,1920,1080,12.4488,13.5267,10.1417,1,1,0,0,0,0
1080,3,candidate,1178,1280,720,1920,1080,11.305,12.4069,9.90925,1,1,0,0,0,0
1080,3,candidate,1179,1280,720,1920,1080,10.9537,12.0711,9.57952,1,1,0,0,0,0
1080,3,candidate,1180,1280,720,1920,1080,11.4422,12.3914,10.0669,1,1,0,0,0,0
1080,3,candidate,1181,1280,720,1920,1080,11.3142,12.2703,9.69421,1,1,0,0,0,0
1080,3,candidate,1182,1280,720,1920,1080,11.3521,12.3428,9.69318,1,1,0,0,0,0
1080,3,candidate,1183,1280,720,1920,1080,11.3357,12.4229,9.69114,1,1,0,0,0,0
1080,3,candidate,1184,1280,720,1920,1080,11.1923,12.6209,9.81504,1,1,0,0,0,0
1080,3,candidate,1185,1280,720,1920,1080,11.1503,12.3795,9.77101,1,1,0,0,0,0
1080,3,candidate,1186,1280,720,1920,1080,11.3613,12.3659,9.98502,1,1,0,0,0,0
1080,3,candidate,1187,1280,720,1920,1080,11.1841,12.5568,9.81197,1,1,0,0,0,0
1080,3,candidate,1188,1280,720,1920,1080,11.3316,12.4918,9.95328,1,1,0,0,0,0
1080,3,candidate,1189,1280,720,1920,1080,11.3398,12.3368,9.9584,1,1,0,0,0,0
1080,3,candidate,1190,1280,720,1920,1080,10.0301,10.934,8.65792,1,1,0,0,0,0
1080,3,candidate,1191,1280,720,1920,1080,11.0879,12.1956,9.71571,1,1,0,0,0,0
1080,3,candidate,1192,1280,720,1920,1080,12.5932,13.6696,10.281,1,1,0,0,0,0
1080,3,candidate,1193,1280,720,1920,1080,11.1329,12.2397,9.75565,1,1,0,0,0,0
1080,3,candidate,1194,1280,720,1920,1080,11.3203,12.2812,9.94304,1,1,0,0,0,0
1080,3,candidate,1195,1280,720,1920,1080,11.2394,12.1834,9.86214,1,1,0,0,0,0
1080,3,candidate,1196,1280,720,1920,1080,10.922,12.0379,9.54675,1,1,0,0,0,0
1080,3,candidate,1197,1280,720,1920,1080,10.967,12.0638,9.59078,1,1,0,0,0,0
1080,3,candidate,1198,1280,720,1920,1080,11.2384,12.1943,9.86317,1,1,0,0,0,0
1080,3,candidate,1199,1280,720,1920,1080,11.2292,12.3372,8.53402,1,1,0,0,0,0
1080,4,candidate,300,1280,720,1920,1080,11.4586,12.46,10.0864,1,1,0,0,0,0
1080,4,candidate,301,1280,720,1920,1080,11.436,12.4122,10.0608,1,1,0,0,0,0
1080,4,candidate,302,1280,720,1920,1080,11.2527,12.2612,9.87955,1,1,0,0,0,0
1080,4,candidate,303,1280,720,1920,1080,11.4237,12.511,10.0495,1,1,0,0,0,0
1080,4,candidate,304,1280,720,1920,1080,11.4248,12.4109,10.0506,1,1,0,0,0,0
1080,4,candidate,305,1280,720,1920,1080,11.3316,12.2932,9.9543,1,1,0,0,0,0
1080,4,candidate,306,1280,720,1920,1080,11.2886,12.2127,9.91334,1,1,0,0,0,0
1080,4,candidate,307,1280,720,1920,1080,11.4586,12.4044,9.8345,1,1,0,0,0,0
1080,4,candidate,308,1280,720,1920,1080,11.4156,12.5725,9.85907,1,1,0,0,0,0
1080,4,candidate,309,1280,720,1920,1080,11.6756,12.7472,10.3004,1,1,0,0,0,0
1080,4,candidate,310,1280,720,1920,1080,11.4063,12.58,10.0342,1,1,0,0,0,0
1080,4,candidate,311,1280,720,1920,1080,11.3531,12.4255,9.97888,1,1,0,0,0,0
1080,4,candidate,312,1280,720,1920,1080,11.3162,12.2681,9.94202,1,1,0,0,0,0
1080,4,candidate,313,1280,720,1920,1080,11.265,12.2227,9.8857,1,1,0,0,0,0
1080,4,candidate,314,1280,720,1920,1080,11.4821,12.4419,9.84883,1,1,0,0,0,0
1080,4,candidate,315,1280,720,1920,1080,11.4811,12.4464,9.83962,1,1,0,0,0,0
1080,4,candidate,316,1280,720,1920,1080,11.3183,12.4849,9.94406,1,1,0,0,0,0
1080,4,candidate,317,1280,720,1920,1080,11.3009,12.1933,9.66861,1,1,0,0,0,0
1080,4,candidate,318,1280,720,1920,1080,11.2701,12.2864,9.64608,1,1,0,0,0,0
1080,4,candidate,319,1280,720,1920,1080,11.2773,12.4987,9.90515,1,1,0,0,0,0
1080,4,candidate,320,1280,720,1920,1080,11.2794,12.2627,9.65018,1,1,0,0,0,0
1080,4,candidate,321,1280,720,1920,1080,11.1636,12.2841,9.79149,1,1,0,0,0,0
1080,4,candidate,322,1280,720,1920,1080,11.2722,12.2169,9.89798,1,1,0,0,0,0
1080,4,candidate,323,1280,720,1920,1080,11.2916,12.7003,9.91744,1,1,0,0,0,0
1080,4,candidate,324,1280,720,1920,1080,11.2957,12.3725,9.92154,1,1,0,0,0,0
1080,4,candidate,325,1280,720,1920,1080,11.2783,12.5764,9.90515,1,1,0,0,0,0
1080,4,candidate,326,1280,720,1920,1080,11.1944,12.5491,9.81914,1,1,0,0,0,0
1080,4,candidate,327,1280,720,1920,1080,11.433,12.4705,10.0588,1,1,0,0,0,0
1080,4,candidate,328,1280,720,1920,1080,11.3101,12.3091,9.67168,1,1,0,0,0,0
1080,4,candidate,329,1280,720,1920,1080,11.5405,12.5012,9.90413,1,1,0,0,0,0
1080,4,candidate,330,1280,720,1920,1080,11.2753,12.6363,9.90003,1,1,0,0,0,0
1080,4,candidate,331,1280,720,1920,1080,11.3121,12.7333,9.93587,1,1,0,0,0,0
1080,4,candidate,332,1280,720,1920,1080,11.3234,12.3567,9.6809,1,1,0,0,0,0
1080,4,candidate,333,1280,720,1920,1080,11.1811,12.1122,9.65325,1,1,0,0,0,0
1080,4,candidate,334,1280,720,1920,1080,11.4412,12.4671,10.0669,1,1,0,0,0,0
1080,4,candidate,335,1280,720,1920,1080,11.1872,12.5402,9.81402,1,1,0,0,0,0
1080,4,candidate,336,1280,720,1920,1080,11.3633,12.8048,8.7255,1,1,0,0,0,0
1080,4,candidate,337,1280,720,1920,1080,11.6808,12.6496,10.0588,1,1,0,0,0,0
1080,4,candidate,338,1280,720,1920,1080,11.4104,12.3669,9.76691,1,1,0,0,0,0
1080,4,candidate,339,1280,720,1920,1080,11.4842,12.6196,9.84781,1,1,0,0,0,0
1080,4,candidate,340,1280,720,1920,1080,11.264,12.5667,9.89082,1,1,0,0,0,0
1080,4,candidate,341,1280,720,1920,1080,11.0633,12.2811,8.3712,1,1,0,0,0,0
1080,4,candidate,342,1280,720,1920,1080,10.9834,12.0112,9.61024,1,1,0,0,0,0
1080,4,candidate,343,1280,720,1920,1080,11.2179,12.2262,9.84576,1,1,0,0,0,0
1080,4,candidate,344,1280,720,1920,1080,11.5159,12.4925,10.1396,1,1,0,0,0,0
1080,4,candidate,345,1280,720,1920,1080,10.1437,11.0498,8.77261,1,1,0,0,0,0
1080,4,candidate,346,1280,720,1920,1080,11.1032,12.9714,9.72698,1,1,0,0,0,0
1080,4,candidate,347,1280,720,1920,1080,10.8646,11.8225,9.49043,1,1,0,0,0,0
1080,4,candidate,348,1280,720,1920,1080,11.2282,12.1701,9.85395,1,1,0,0,0,0
1080,4,candidate,349,1280,720,1920,1080,11.2906,12.2067,9.91539,1,1,0,0,0,0
1080,4,candidate,350,1280,720,1920,1080,11.1913,12.0851,9.81606,1,1,0,0,0,0
1080,4,candidate,351,1280,720,1920,1080,11.351,12.4201,9.97888,1,1,0,0,0,0
1080,4,candidate,352,1280,720,1920,1080,11.3357,12.2939,9.9543,1,1,0,0,0,0
1080,4,candidate,353,1280,720,1920,1080,11.305,12.3071,9.9287,1,1,0,0,0,0
1080,4,candidate,354,1280,720,1920,1080,11.4401,12.4625,9.80275,1,1,0,0,0,0
1080,4,candidate,355,1280,720,1920,1080,12.0852,13.0161,10.7008,1,1,0,0,0,0
1080,4,candidate,356,1280,720,1920,1080,11.3203,12.2306,9.94611,1,1,0,0,0,0
1080,4,candidate,357,1280,720,1920,1080,11.4463,12.5038,9.79968,1,1,0,0,0,0
1080,4,candidate,358,1280,720,1920,1080,11.2886,12.4614,9.91334,1,1,0,0,0,0
1080,4,candidate,359,1280,720,1920,1080,11.3725,12.5211,9.99731,1,1,0,0,0,0
1080,4,candidate,360,1280,720,1920,1080,11.2916,12.3191,9.91334,1,1,0,0,0,0
1080,4,candidate,361,1280,720,1920,1080,11.2435,12.2483,9.86624,1,1,0,0,0,0
1080,4,candidate,362,1280,720,1920,1080,11.4749,12.5327,9.83347,1,1,0,0,0,0
1080,4,candidate,363,1280,720,1920,1080,11.3633,12.5292,9.8089,1,1,0,0,0,0
1080,4,candidate,364,1280,720,1920,1080,11.263,12.2426,9.88467,1,1,0,0,0,0
1080,4,candidate,365,1280,720,1920,1080,11.4586,12.4075,9.81606,1,1,0,0,0,0
1080,4,candidate,366,1280,720,1920,1080,11.5343,12.5039,9.87853,1,1,0,0,0,0
1080,4,candidate,367,1280,720,1920,1080,11.3818,12.4025,9.66758,1,1,0,0,0,0
1080,4,candidate,368,1280,720,1920,1080,11.4883,12.6999,9.8519,1,1,0,0,0,0
1080,4,candidate,369,1280,720,1920,1080,11.5108,12.437,9.87341,1,1,0,0,0,0
1080,4,candidate,370,1280,720,1920,1080,11.4913,12.5042,9.856,1,1,0,0,0,0
1080,4,candidate,371,1280,720,1920,1080,11.4596,12.4005,9.82528,1,1,0,0,0,0
1080,4,candidate,372,1280,720,1920,1080,11.4964,12.605,9.86317,1,1,0,0,0,0
1080,4,candidate,373,1280,720,1920,1080,11.4944,12.4929,9.85293,1,1,0,0,0,0
1080,4,candidate,374,1280,720,1920,1080,11.2538,12.3983,9.87546,1,1,0,0,0,0
1080,4,candidate,375,1280,720,1920,1080,11.65,12.7445,9.99219,1,1,0,0,0,0
1080,4,candidate,376,1280,720,1920,1080,11.5282,12.499,9.89184,1,1,0,0,0,0
1080,4,candidate,377,1280,720,1920,1080,11.4821,12.6009,9.84166,1,1,0,0,0,0
1080,4,candidate,378,1280,720,1920,1080,11.3019,12.281,9.92973,1,1,0,0,0,0
1080,4,candidate,379,1280,720,1920,1080,11.3562,12.3419,9.98298,1,1,0,0,0,0
1080,4,candidate,380,1280,720,1920,1080,11.4708,12.4677,9.82938,1,1,0,0,0,0
1080,4,candidate,381,1280,720,1920,1080,11.5579,12.6429,9.91846,1,1,0,0,0,0
1080,4,candidate,382,1280,720,1920,1080,11.2548,12.2066,9.88058,1,1,0,0,0,0
1080,4,candidate,383,1280,720,1920,1080,11.3347,12.4764,9.96147,1,1,0,0,0,0
1080,4,candidate,384,1280,720,1920,1080,11.4637,12.4236,9.81811,1,1,0,0,0,0
1080,4,candidate,385,1280,720,1920,1080,11.4811,12.5438,9.83347,1,1,0,0,0,0
1080,4,candidate,386,1280,720,1920,1080,11.4944,12.4934,9.84781,1,1,0,0,0,0
1080,4,candidate,387,1280,720,1920,1080,11.4176,12.3929,9.7792,1,1,0,0,0,0
1080,4,candidate,388,1280,720,1920,1080,11.5087,12.5447,9.87238,1,1,0,0,0,0
1080,4,candidate,389,1280,720,1920,1080,11.4893,12.5331,9.84883,1,1,0,0,0,0
1080,4,candidate,390,1280,720,1920,1080,11.478,12.4518,9.83654,1,1,0,0,0,0
1080,4,candidate,391,1280,720,1920,1080,11.5784,12.5909,9.91949,1,1,0,0,0,0
1080,4,candidate,392,1280,720,1920,1080,11.4749,12.5819,9.8345,1,1,0,0,0,0
1080,4,candidate,393,1280,720,1920,1080,11.4657,12.5474,9.82835,1,1,0,0,0,0
1080,4,candidate,394,1280,720,1920,1080,9.78432,10.7365,8.41114,1,1,0,0,0,0
1080,4,candidate,395,1280,720,1920,1080,12.4457,13.5151,11.0408,1,1,0,0,0,0
1080,4,candidate,396,1280,720,1920,1080,11.008,12.0188,9.63277,1,1,0,0,0,0
1080,4,candidate,397,1280,720,1920,1080,11.0408,12.1664,9.66861,1,1,0,0,0,0
1080,4,candidate,398,1280,720,1920,1080,10.0772,11.062,8.70502,1,1,0,0,0,0
1080,4,candidate,399,1280,720,1920,1080,10.5769,13.1495,9.18528,1,1,0,0,0,0
1080,4,candidate,400,1280,720,1920,1080,11.4606,12.3894,10.0844,1,1,0,0,0,0
1080,4,candidate,401,1280,720,1920,1080,11.2835,12.1791,9.91027,1,1,0,0,0,0
1080,4,candidate,402,1280,720,1920,1080,11.135,12.4585,9.76179,1,1,0,0,0,0
1080,4,candidate,403,1280,720,1920,1080,11.263,12.2359,9.88672,1,1,0,0,0,0
1080,4,candidate,404,1280,720,1920,1080,11.0438,12.1969,9.65427,1,1,0,0,0,0
1080,4,candidate,405,1280,720,1920,1080,11.4719,12.4888,10.0977,1,1,0,0,0,0
1080,4,candidate,406,1280,720,1920,1080,11.3234,12.2622,9.69728,1,1,0,0,0,0
1080,4,candidate,407,1280,720,1920,1080,11.2722,12.1856,9.89696,1,1,0,0,0,0
1080,4,candidate,408,1280,720,1920,1080,11.3357,12.2771,9.95942,1,1,0,0,0,0
1080,4,candidate,409,1280,720,1920,1080,11.2701,12.2257,9.89491,1,1,0,0,0,0
1080,4,candidate,410,1280,720,1920,1080,11.2589,12.1674,9.88467,1,1,0,0,0,0
1080,4,candidate,411,1280,720,1920,1080,11.4811,12.443,9.85702,1,1,0,0,0,0
1080,4,candidate,412,1280,720,1920,1080,11.4924,12.4444,9.86624,1,1,0,0,0,0
1080,4,candidate,413,1280,720,1920,1080,11.4371,12.4372,9.81504,1,1,0,0,0,0
1080,4,candidate,414,1280,720,1920,1080,11.4668,12.4313,9.8263,1,1,0,0,0,0
1080,4,candidate,415,1280,720,1920,1080,11.52,12.4872,9.89082,1,1,0,0,0,0
1080,4,candidate,416,1280,720,1920,1080,9.94816,10.9152,8.57498,1,1,0,0,0,0
1080,4,candidate,417,1280,720,1920,1080,12.5501,13.5732,11.1227,1,1,0,0,0,0
1080,4,candidate,418,1280,720,1920,1080,11.3295,12.4833,9.95635,1,1,0,0,0,0
1080,4,candidate,419,1280,720,1920,1080,9.7833,10.6327,8.41216,1,1,0,0,0,0
1080,4,candidate,420,1280,720,1920,1080,10.9763,11.9762,9.56723,1,1,0,0,0,0
1080,4,candidate,421,1280,720,1920,1080,9.39315,10.4721,8.02304,1,1,0,0,0,0
1080,4,candidate,422,1280,720,1920,1080,12.503,13.4184,11.1053,1,1,0,0,0,0
1080,4,candidate,423,1280,720,1920,1080,11.4801,12.3765,9.81299,1,1,0,0,0,0
1080,4,candidate,424,1280,720,1920,1080,11.4862,12.3978,9.80992,1,1,0,0,0,0
1080,4,candidate,425,1280,720,1920,1080,11.2353,12.2549,9.66758,1,1,0,0,0,0
1080,4,candidate,426,1280,720,1920,1080,11.4678,12.6467,10.0925,1,1,0,0,0,0
1080,4,candidate,427,1280,720,1920,1080,11.4432,12.427,9.8007,1,1,0,0,0,0
1080,4,candidate,428,1280,720,1920,1080,11.0049,12.0605,9.63174,1,1,0,0,0,0
1080,4,candidate,429,1280,720,1920,1080,10.9875,12.0902,9.61638,1,1,0,0,0,0
1080,4,candidate,430,1280,720,1920,1080,11.2691,12.3222,9.89798,1,1,0,0,0,0
1080,4,candidate,431,1280,720,1920,1080,10.8595,11.9496,9.48941,1,1,0,0,0,0
1080,4,candidate,432,1280,720,1920,1080,11.3469,12.3396,9.97274,1,1,0,0,0,0
1080,4,candidate,433,1280,720,1920,1080,11.3111,12.2713,9.67885,1,1,0,0,0,0
1080,4,candidate,434,1280,720,1920,1080,11.22,12.3283,9.84986,1,1,0,0,0,0
1080,4,candidate,435,1280,720,1920,1080,11.5497,12.5758,10.1786,1,1,0,0,0,0
1080,4,candidate,436,1280,720,1920,1080,9.97683,10.9046,8.60877,1,1,0,0,0,0
1080,4,candidate,437,1280,720,1920,1080,10.3465,13.322,8.97126,1,1,0,0,0,0
1080,4,candidate,438,1280,720,1920,1080,11.4412,12.42,10.0659,1,1,0,0,0,0
1080,4,candidate,439,1280,720,1920,1080,11.2466,12.2385,9.87443,1,1,0,0,0,0
1080,4,candidate,440,1280,720,1920,1080,11.2978,12.3846,9.92358,1,1,0,0,0,0
1080,4,candidate,441,1280,720,1920,1080,11.4729,12.4197,10.0977,1,1,0,0,0,0
1080,4,candidate,442,1280,720,1920,1080,11.4964,12.5005,10.1212,1,1,0,0,0,0
1080,4,candidate,443,1280,720,1920,1080,11.4166,12.419,10.0424,1,1,0,0,0,0
1080,4,candidate,444,1280,720,1920,1080,11.4227,12.398,10.0495,1,1,0,0,0,0
1080,4,candidate,445,1280,720,1920,1080,11.478,12.7173,10.1038,1,1,0,0,0,0
1080,4,candidate,446,1280,720,1920,1080,11.3213,12.4246,9.94611,1,1,0,0,0,0
1080,4,candidate,447,1280,720,1920,1080,11.3152,12.3512,9.94099,1,1,0,0,0,0
1080,4,candidate,448,1280,720,1920,1080,11.4596,12.4825,10.0864,1,1,0,0,0,0
1080,4,candidate,449,1280,720,1920,1080,11.4821,12.514,10.1089,1,1,0,0,0,0
1080,4,candidate,450,1280,720,1920,1080,11.5292,12.4809,10.155,1,1,0,0,0,0
1080,4,candidate,451,1280,720,1920,1080,11.435,12.3762,10.0618,1,1,0,0,0,0
1080,4,candidate,452,1280,720,1920,1080,9.91027,11.0911,8.53709,1,1,0,0,0,0
1080,4,candidate,453,1280,720,1920,1080,9.39418,10.3301,8.02304,1,1,0,0,0,0
1080,4,candidate,454,1280,720,1920,1080,11.9378,12.8319,10.5626,1,1,0,0,0,0
1080,4,candidate,455,1280,720,1920,1080,9.87238,11.8173,8.4951,1,1,0,0,0,0
1080,4,candidate,456,1280,720,1920,1080,11.2794,12.1886,9.6553,1,1,0,0,0,0
1080,4,candidate,457,1280,720,1920,1080,11.2886,12.3613,9.87136,1,1,0,0,0,0
1080,4,candidate,458,1280,720,1920,1080,9.9625,10.8996,8.58726,1,1,0,0,0,0
1080,4,candidate,459,1280,720,1920,1080,11.3531,12.247,9.97888,1,1,0,0,0,0
1080,4,candidate,460,1280,720,1920,1080,11.4801,12.4793,10.1048,1,1,0,0,0,0
1080,4,candidate,461,1280,720,1920,1080,13.0396,14.0003,11.6634,1,1,0,0,0,0
1080,4,candidate,462,1280,720,1920,1080,11.2978,12.2929,9.92358,1,1,0,0,0,0
1080,4,candidate,463,1280,720,1920,1080,11.2988,12.2732,9.92358,1,1,0,0,0,0
1080,4,candidate,464,1280,720,1920,1080,11.4708,12.4471,9.82528,1,1,0,0,0,0
1080,4,candidate,465,1280,720,1920,1080,11.4657,12.496,9.81197,1,1,0,0,0,0
1080,4,candidate,466,1280,720,1920,1080,11.5077,12.5461,9.86726,1,1,0,0,0,0
1080,4,candidate,467,1280,720,1920,1080,11.223,12.4526,9.81709,1,1,0,0,0,0
1080,4,candidate,468,1280,720,1920,1080,11.006,12.0224,9.63277,1,1,0,0,0,0
1080,4,candidate,469,1280,720,1920,1080,11.1268,12.0934,8.50227,1,1,0,0,0,0
1080,4,candidate,470,1280,720,1920,1080,11.4964,12.4088,9.86317,1,1,0,0,0,0
1080,4,candidate,471,1280,720,1920,1080,11.3132,12.2425,9.66861,1,1,0,0,0,0
1080,4,candidate,472,1280,720,1920,1080,11.2353,12.3565,9.86214,1,1,0,0,0,0
1080,4,candidate,473,1280,720,1920,1080,11.308,12.3242,9.93178,1,1,0,0,0,0
1080,4,candidate,474,1280,720,1920,1080,11.2835,12.4285,9.64301,1,1,0,0,0,0
1080,4,candidate,475,1280,720,1920,1080,9.79968,10.7717,8.42854,1,1,0,0,0,0
1080,4,candidate,476,1280,720,1920,1080,11.0766,12.9356,9.70445,1,1,0,0,0,0
1080,4,candidate,477,1280,720,1920,1080,11.3213,12.1922,9.94611,1,1,0,0,0,0
1080,4,candidate,478,1280,720,1920,1080,11.0653,12.1842,9.69114,1,1,0,0,0,0
1080,4,candidate,479,1280,720,1920,1080,10.9896,12.1011,9.61741,1,1,0,0,0,0
1080,4,candidate,480,1280,720,1920,1080,11.3398,12.3549,9.96557,1,1,0,0,0,0
1080,4,candidate,481,1280,720,1920,1080,11.3459,12.282,9.97478,1,1,0,0,0,0
1080,4,candidate,482,1280,720,1920,1080,11.3162,12.4071,9.94202,1,1,0,0,0,0
1080,4,candidate,483,1280,720,1920,1080,11.5118,12.7556,9.86829,1,1,0,0,0,0
1080,4,candidate,484,1280,720,1920,1080,11.4268,12.4859,10.0526,1,1,0,0,0,0
1080,4,candidate,485,1280,720,1920,1080,11.434,12.5256,10.0588,1,1,0,0,0,0
1080,4,candidate,486,1280,720,1920,1080,11.3469,12.4941,9.97171,1,1,0,0,0,0
1080,4,candidate,487,1280,720,1920,1080,11.4053,12.3717,10.0342,1,1,0,0,0,0
1080,4,candidate,488,1280,720,1920,1080,11.3644,12.5101,9.99117,1,1,0,0,0,0
1080,4,candidate,489,1280,720,1920,1080,11.433,12.3532,10.0577,1,1,0,0,0,0
1080,4,candidate,490,1280,720,1920,1080,11.2671,12.3525,9.89184,1,1,0,0,0,0
1080,4,candidate,491,1280,720,1920,1080,11.5804,12.8529,10.2083,1,1,0,0,0,0
1080,4,candidate,492,1280,720,1920,1080,11.5354,12.7264,10.1612,1,1,0,0,0,0
1080,4,candidate,493,1280,720,1920,1080,11.2579,12.3167,9.87955,1,1,0,0,0,0
1080,4,candidate,494,1280,720,1920,1080,11.308,12.5922,9.93178,1,1,0,0,0,0
1080,4,candidate,495,1280,720,1920,1080,11.2845,12.253,9.91232,1,1,0,0,0,0
1080,4,candidate,496,1280,720,1920,1080,11.2026,12.226,9.8263,1,1,0,0,0,0
1080,4,candidate,497,1280,720,1920,1080,11.3582,12.3043,9.984,1,1,0,0,0,0
1080,4,candidate,498,1280,720,1920,1080,11.3162,12.2517,9.94099,1,1,0,0,0,0
1080,4,candidate,499,1280,720,1920,1080,11.4237,12.4659,10.0454,1,1,0,0,0,0
1080,4,candidate,500,1280,720,1920,1080,11.2927,12.2039,9.91744,1,1,0,0,0,0
1080,4,candidate,501,1280,720,1920,1080,11.5087,12.4801,9.8601,1,1,0,0,0,0
1080,4,candidate,502,1280,720,1920,1080,11.2906,12.2169,9.91642,1,1,0,0,0,0
1080,4,candidate,503,1280,720,1920,1080,11.5087,12.4706,9.8519,1,1,0,0,0,0
1080,4,candidate,504,1280,720,1920,1080,11.5118,12.644,9.85088,1,1,0,0,0,0
1080,4,candidate,505,1280,720,1920,1080,11.4606,12.4454,9.80378,1,1,0,0,0,0
1080,4,candidate,506,1280,720,1920,1080,11.3377,12.3313,9.69523,1,1,0,0,0,0
1080,4,candidate,507,1280,720,1920,1080,11.6337,12.7239,9.92666,1,1,0,0,0,0
1080,4,candidate,508,1280,720,1920,1080,11.522,12.6104,9.87955,1,1,0,0,0,0
1080,4,candidate,509,1280,720,1920,1080,11.5118,12.7247,9.86522,1,1,0,0,0,0
1080,4,candidate,510,1280,720,1920,1080,11.3531,12.39,9.97581,1,1,0,0,0,0
1080,4,candidate,511,1280,720,1920,1080,11.3684,12.3577,9.99322,1,1,0,0,0,0
1080,4,candidate,512,1280,720,1920,1080,11.351,12.3882,9.97683,1,1,0,0,0,0
1080,4,candidate,513,1280,720,1920,1080,11.2998,12.2983,9.92768,1,1,0,0,0,0
1080,4,candidate,514,1280,720,1920,1080,9.86112,10.7808,8.48794,1,1,0,0,0,0
1080,4,candidate,515,1280,720,1920,1080,12.5757,13.6835,11.1514,1,1,0,0,0,0
1080,4,candidate,516,1280,720,1920,1080,11.2343,12.3847,9.86112,1,1,0,0,0,0
1080,4,candidate,517,1280,720,1920,1080,9.72698,10.6598,8.35584,1,1,0,0,0,0
1080,4,candidate,518,1280,720,1920,1080,12.7498,13.8404,11.3347,1,1,0,0,0,0
1080,4,candidate,519,1280,720,1920,1080,11.0408,12.316,9.66861,1,1,0,0,0,0
1080,4,candidate,520,1280,720,1920,1080,11.2783,12.2754,9.9031,1,1,0,0,0,0
1080,4,candidate,521,1280,720,1920,1080,10.1079,11.0298,8.73677,1,1,0,0,0,0
1080,4,candidate,522,1280,720,1920,1080,13.1082,14.1363,11.6818,1,1,0,0,0,0
1080,4,candidate,523,1280,720,1920,1080,12.0136,13.0945,10.3926,1,1,0,0,0,0
1080,4,candidate,524,1280,720,1920,1080,11.305,12.227,9.67885,1,1,0,0,0,0
1080,4,candidate,525,1280,720,1920,1080,11.2712,12.3793,9.90106,1,1,0,0,0,0
1080,4,candidate,526,1280,720,1920,1080,11.3347,12.6281,9.96147,1,1,0,0,0,0
1080,4,candidate,527,1280,720,1920,1080,11.2937,12.2862,9.66144,1,1,0,0,0,0
1080,4,candidate,528,1280,720,1920,1080,11.307,12.6047,9.93178,1,1,0,0,0,0
1080,4,candidate,529,1280,720,1920,1080,11.222,12.2934,9.69114,1,1,0,0,0,0
1080,4,candidate,530,1280,720,1920,1080,11.3039,12.4318,9.92768,1,1,0,0,0,0
1080,4,candidate,531,1280,720,1920,1080,11.264,12.2876,9.62662,1,1,0,0,0,0
1080,4,candidate,532,1280,720,1920,1080,11.3961,12.4252,10.0024,1,1,0,0,0,0
1080,4,candidate,533,1280,720,1920,1080,11.863,12.7509,10.2031,1,1,0,0,0,0
1080,4,candidate,534,1280,720,1920,1080,12.5338,13.6267,11.1616,1,1,0,0,0,0
1080,4,candidate,535,1280,720,1920,1080,11.3336,12.2293,9.90515,1,1,0,0,0,0
1080,4,candidate,536,1280,720,1920,1080,10.8759,12.0674,9.50272,1,1,0,0,0,0
1080,4,candidate,537,1280,720,1920,1080,11.3408,12.2922,9.69011,1,1,0,0,0,0
1080,4,candidate,538,1280,720,1920,1080,11.306,12.3093,9.71264,1,1,0,0,0,0
1080,4,candidate,539,1280,720,1920,1080,11.3213,12.4549,9.94714,1,1,0,0,0,0
1080,4,candidate,540,1280,720,1920,1080,11.3746,12.3903,9.984,1,1,0,0,0,0
1080,4,candidate,541,1280,720,1920,1080,11.4831,12.4357,9.82016,1,1,0,0,0,0
1080,4,candidate,542,1280,720,1920,1080,11.1892,12.4434,9.81402,1,1,0,0,0,0
1080,4,candidate,543,1280,720,1920,1080,11.0797,12.3525,9.70752,1,1,0,0,0,0
1080,4,candidate,544,1280,720,1920,1080,11.2282,12.7027,9.85498,1,1,0,0,0,0
1080,4,candidate,545,1280,720,1920,1080,11.2783,12.2436,9.9031,1,1,0,0,0,0
1080,4,candidate,546,1280,720,1920,1080,11.3838,12.4211,10.0127,1,1,0,0,0,0
1080,4,candidate,547,1280,720,1920,1080,11.4708,12.3929,10.0977,1,1,0,0,0,0
1080,4,candidate,548,1280,720,1920,1080,11.2814,12.2502,9.90515,1,1,0,0,0,0
1080,4,candidate,549,1280,720,1920,1080,11.3889,12.3951,10.0157,1,1,0,0,0,0
1080,4,candidate,550,1280,720,1920,1080,11.5087,12.4891,10.1335,1,1,0,0,0,0
1080,4,candidate,551,1280,720,1920,1080,11.2435,12.5404,9.87238,1,1,0,0,0,0
1080,4,candidate,552,1280,720,1920,1080,11.1165,12.672,9.74541,1,1,0,0,0,0
1080,4,candidate,553,1280,720,1920,1080,11.4156,12.4732,9.75258,1,1,0,0,0,0
1080,4,candidate,554,1280,720,1920,1080,11.0899,12.4719,9.71878,1,1,0,0,0,0
1080,4,candidate,555,1280,720,1920,1080,11.1503,12.4221,9.77613,1,1,0,0,0,0
1080,4,candidate,556,1280,720,1920,1080,11.0674,12.2993,9.69523,1,1,0,0,0,0
1080,4,candidate,557,1280,720,1920,1080,11.3019,12.3264,9.9287,1,1,0,0,0,0
1080,4,candidate,558,1280,720,1920,1080,11.307,12.3,9.93178,1,1,0,0,0,0
1080,4,candidate,559,1280,720,1920,1080,10.9957,12.1678,9.62458,1,1,0,0,0,0
1080,4,candidate,560,1280,720,1920,1080,11.519,12.4749,10.1458,1,1,0,0,0,0
1080,4,candidate,561,1280,720,1920,1080,11.2742,12.6184,9.90003,1,1,0,0,0,0
1080,4,candidate,562,1280,720,1920,1080,10.9855,12.1728,9.61126,1,1,0,0,0,0
1080,4,candidate,563,1280,720,1920,1080,11.4135,12.5445,10.0413,1,1,0,0,0,0
1080,4,candidate,564,1280,720,1920,1080,11.0387,12.2056,9.66656,1,1,0,0,0,0
1080,4,candidate,565,1280,720,1920,1080,11.4084,12.5187,10.0332,1,1,0,0,0,0
1080,4,candidate,566,1280,720,1920,1080,11.2824,12.33,9.90822,1,1,0,0,0,0
1080,4,candidate,567,1280,720,1920,1080,11.2865,12.2889,9.91539,1,1,0,0,0,0
1080,4,candidate,568,1280,720,1920,1080,11.2691,12.3306,9.89389,1,1,0,0,0,0
1080,4,candidate,569,1280,720,1920,1080,11.2804,12.3279,9.90413,1,1,0,0,0,0
1080,4,candidate,570,1280,720,1920,1080,11.1974,12.4139,9.82528,1,1,0,0,0,0
1080,4,candidate,571,1280,720,1920,1080,9.9328,10.8837,8.56371,1,1,0,0,0,0
1080,4,candidate,572,1280,720,1920,1080,10.9537,11.9515,9.57952,1,1,0,0,0,0
1080,4,candidate,573,1280,720,1920,1080,12.3351,14.1193,10.9169,1,1,0,0,0,0
1080,4,candidate,574,1280,720,1920,1080,11.4524,12.4179,9.80378,1,1,0,0,0,0
1080,4,candidate,575,1280,720,1920,1080,11.5415,12.5092,9.87955,1,1,0,0,0,0
1080,4,candidate,576,1280,720,1920,1080,11.3244,12.3541,9.95226,1,1,0,0,0,0
1080,4,candidate,577,1280,720,1920,1080,11.2804,12.254,9.90618,1,1,0,0,0,0
1080,4,candidate,578,1280,720,1920,1080,11.3828,12.5938,9.82016,1,1,0,0,0,0
1080,4,candidate,579,1280,720,1920,1080,9.9625,10.9731,8.59136,1,1,0,0,0,0
1080,4,candidate,580,1280,720,1920,1080,9.40646,10.39,8.03635,1,1,0,0,0,0
1080,4,candidate,581,1280,720,1920,1080,12.6177,13.5858,11.22,1,1,0,0,0,0
1080,4,candidate,582,1280,720,1920,1080,11.5149,12.5787,10.1233,1,1,0,0,0,0
1080,4,candidate,583,1280,720,1920,1080,11.3183,12.3603,9.94918,1,1,0,0,0,0
1080,4,candidate,584,1280,720,1920,1080,11.0316,12.1063,9.65939,1,1,0,0,0,0
1080,4,candidate,585,1280,720,1920,1080,11.3971,12.3807,10.0229,1,1,0,0,0,0
1080,4,candidate,586,1280,720,1920,1080,11.2835,12.3789,9.9072,1,1,0,0,0,0
1080,4,candidate,587,1280,720,1920,1080,11.3684,12.3336,9.75872,1,1,0,0,0,0
1080,4,candidate,588,1280,720,1920,1080,11.5036,12.4724,10.1304,1,1,0,0,0,0
1080,4,candidate,589,1280,720,1920,1080,11.2179,12.1754,9.84576,1,1,0,0,0,0
1080,4,candidate,590,1280,720,1920,1080,11.4545,12.4117,10.0803,1,1,0,0,0,0
1080,4,candidate,591,1280,720,1920,1080,11.4821,12.4282,10.1079,1,1,0,0,0,0
1080,4,candidate,592,1280,720,1920,1080,11.4493,12.449,10.071,1,1,0,0,0,0
1080,4,candidate,593,1280,720,1920,1080,11.4719,12.5497,10.0966,1,1,0,0,0,0
1080,4,candidate,594,1280,720,1920,1080,11.4217,12.5609,10.0475,1,1,0,0,0,0
1080,4,candidate,595,1280,720,1920,1080,11.4145,12.3861,10.0424,1,1,0,0,0,0
1080,4,candidate,596,1280,720,1920,1080,11.2804,12.336,9.9031,1,1,0,0,0,0
1080,4,candidate,597,1280,720,1920,1080,11.266,12.1938,9.89286,1,1,0,0,0,0
1080,4,candidate,598,1280,720,1920,1080,11.265,12.1752,9.89286,1,1,0,0,0,0
1080,4,candidate,599,1280,720,1920,1080,11.4719,12.3773,9.84371,1,1,0,0,0,0
1080,4,candidate,600,1280,720,1920,1080,11.4708,12.4479,9.82323,1,1,0,0,0,0
1080,4,candidate,601,1280,720,1920,1080,11.3101,12.275,9.6727,1,1,0,0,0,0
1080,4,candidate,602,1280,720,1920,1080,9.74746,10.6529,8.37837,1,1,0,0,0,0
1080,4,candidate,603,1280,720,1920,1080,12.5768,13.7452,11.1514,1,1,0,0,0,0
1080,4,candidate,604,1280,720,1920,1080,9.9113,10.9439,8.54118,1,1,0,0,0,0
1080,4,candidate,605,1280,720,1920,1080,12.3351,13.4066,10.027,1,1,0,0,0,0
1080,4,candidate,606,1280,720,1920,1080,11.5855,12.5819,9.93894,1,1,0,0,0,0
1080,4,candidate,607,1280,720,1920,1080,11.3306,12.4738,8.71424,1,1,0,0,0,0
1080,4,candidate,608,1280,720,1920,1080,11.1206,12.373,9.74746,1,1,0,0,0,0
1080,4,candidate,609,1280,720,1920,1080,10.9855,12.319,9.61434,1,1,0,0,0,0
1080,4,candidate,610,1280,720,1920,1080,11.1411,12.406,9.76998,1,1,0,0,0,0
1080,4,candidate,611,1280,720,1920,1080,11.2824,12.2327,9.9113,1,1,0,0,0,0
1080,4,candidate,612,1280,720,1920,1080,11.0326,12.226,9.64403,1,1,0,0,0,0
1080,4,candidate,613,1280,720,1920,1080,11.2763,12.2628,9.88672,1,1,0,0,0,0
1080,4,candidate,614,1280,720,1920,1080,11.2732,12.2309,9.89696,1,1,0,0,0,0
1080,4,candidate,615,1280,720,1920,1080,11.2609,12.2981,9.88774,1,1,0,0,0,0
1080,4,candidate,616,1280,720,1920,1080,11.2937,12.2861,9.67373,1,1,0,0,0,0
1080,4,candidate,617,1280,720,1920,1080,11.348,12.2966,9.97376,1,1,0,0,0,0
1080,4,candidate,618,1280,720,1920,1080,11.4678,12.443,10.0936,1,1,0,0,0,0
1080,4,candidate,619,1280,720,1920,1080,9.90003,10.7937,8.52992,1,1,0,0,0,0
1080,4,candidate,620,1280,720,1920,1080,9.3655,10.2694,7.99744,1,1,0,0,0,0
1080,4,candidate,621,1280,720,1920,1080,9.26618,11.8298,7.89094,1,1,0,0,0,0
1080,4,candidate,622,1280,720,1920,1080,11.4483,12.3583,10.0741,1,1,0,0,0,0
1080,4,candidate,623,1280,720,1920,1080,11.2538,12.1823,9.87955,1,1,0,0,0,0
1080,4,candidate,624,1280,720,1920,1080,11.4872,12.4238,9.82938,1,1,0,0,0,0
1080,4,candidate,625,1280,720,1920,1080,11.3029,12.2701,9.74029,1,1,0,0,0,0
1080,4,candidate,626,1280,720,1920,1080,11.4975,12.6069,10.1243,1,1,0,0,0,0
1080,4,candidate,627,1280,720,1920,1080,11.3992,12.4148,9.75872,1,1,0,0,0,0
1080,4,candidate,628,1280,720,1920,1080,11.3152,12.3496,9.65734,1,1,0,0,0,0
1080,4,candidate,629,1280,720,1920,1080,11.435,12.6307,9.8007,1,1,0,0,0,0
1080,4,candidate,630,1280,720,1920,1080,11.4719,12.5072,9.81299,1,1,0,0,0,0
1080,4,candidate,631,1280,720,1920,1080,11.4237,12.5841,9.78227,1,1,0,0,0,0
1080,4,candidate,632,1280,720,1920,1080,11.4862,12.6067,9.84883,1,1,0,0,0,0
1080,4,candidate,633,1280,720,1920,1080,11.433,12.417,9.78944,1,1,0,0,0,0
1080,4,candidate,634,1280,720,1920,1080,11.2742,12.4263,9.9031,1,1,0,0,0,0
1080,4,candidate,635,1280,720,1920,1080,11.2937,12.2894,9.92154,1,1,0,0,0,0
1080,4,candidate,636,1280,720,1920,1080,11.4964,12.4925,9.84474,1,1,0,0,0,0
1080,4,candidate,637,1280,720,1920,1080,11.4616,12.4773,9.82733,1,1,0,0,0,0
1080,4,candidate,638,1280,720,1920,1080,11.479,12.455,9.83757,1,1,0,0,0,0
1080,4,candidate,639,1280,720,1920,1080,11.4278,12.4956,9.7792,1,1,0,0,0,0
1080,4,candidate,640,1280,720,1920,1080,11.3306,12.3011,9.77306,1,1,0,0,0,0
1080,4,candidate,641,1280,720,1920,1080,11.2671,12.3149,9.89389,1,1,0,0,0,0
1080,4,candidate,642,1280,720,1920,1080,11.2865,12.2004,9.65018,1,1,0,0,0,0
1080,4,candidate,643,1280,720,1920,1080,11.2456,12.1919,9.63072,1,1,0,0,0,0
1080,4,candidate,644,1280,720,1920,1080,11.2128,12.5489,9.84064,1,1,0,0,0,0
1080,4,candidate,645,1280,720,1920,1080,11.4903,12.5045,9.85088,1,1,0,0,0,0
1080,4,candidate,646,1280,720,1920,1080,11.177,12.3951,9.8048,1,1,0,0,0,0
1080,4,candidate,647,1280,720,1920,1080,11.4575,12.5964,10.0854,1,1,0,0,0,0
1080,4,candidate,648,1280,720,1920,1080,11.1421,12.4471,9.77101,1,1,0,0,0,0
1080,4,candidate,649,1280,720,1920,1080,11.1852,12.2891,9.63584,1,1,0,0,0,0
1080,4,candidate,650,1280,720,1920,1080,11.4002,12.4543,10.0291,1,1,0,0,0,0
1080,4,candidate,651,1280,720,1920,1080,11.2978,12.4835,9.92461,1,1,0,0,0,0
1080,4,candidate,652,1280,720,1920,1080,11.2486,12.5471,9.8775,1,1,0,0,0,0
1080,4,candidate,653,1280,720,1920,1080,11.179,12.6302,8.56474,1,1,0,0,0,0
1080,4,candidate,654,1280,720,1920,1080,11.0029,12.0518,9.63072,1,1,0,0,0,0
1080,4,candidate,655,1280,720,1920,1080,11.0428,12.149,9.67066,1,1,0,0,0,0
1080,4,candidate,656,1280,720,1920,1080,11.2896,12.2642,9.91744,1,1,0,0,0,0
1080,4,candidate,657,1280,720,1920,1080,11.3336,12.3284,9.96045,1,1,0,0,0,0
1080,4,candidate,658,1280,720,1920,1080,9.71059,10.6975,8.34048,1,1,0,0,0,0
1080,4,candidate,659,1280,720,1920,1080,10.9629,13.1351,9.58669,1,1,0,0,0,0
1080,4,candidate,660,1280,720,1920,1080,11.5978,12.544,10.2246,1,1,0,0,0,0
1080,4,candidate,661,1280,720,1920,1080,11.3162,12.3378,9.94406,1,1,0,0,0,0
1080,4,candidate,662,1280,720,1920,1080,11.435,12.3761,10.0608,1,1,0,0,0,0
1080,4,candidate,663,1280,720,1920,1080,11.3234,12.2858,9.95533,1,1,0,0,0,0
1080,4,candidate,664,1280,720,1920,1080,11.4483,12.4456,10.0762,1,1,0,0,0,0
1080,4,candidate,665,1280,720,1920,1080,11.4698,12.5425,10.0977,1,1,0,0,0,0
1080,4,candidate,666,1280,720,1920,1080,11.3981,12.4068,10.0229,1,1,0,0,0,0
1080,4,candidate,667,1280,720,1920,1080,11.4207,12.39,10.0485,1,1,0,0,0,0
1080,4,candidate,668,1280,720,1920,1080,11.262,12.3306,9.88979,1,1,0,0,0,0
1080,4,candidate,669,1280,720,1920,1080,11.4432,12.4744,9.81504,1,1,0,0,0,0
1080,4,candidate,670,1280,720,1920,1080,11.4985,12.4925,9.85805,1,1,0,0,0,0
1080,4,candidate,671,1280,720,1920,1080,11.2548,12.2573,9.88365,1,1,0,0,0,0
1080,4,candidate,672,1280,720,1920,1080,11.2691,12.4113,9.89696,1,1,0,0,0,0
1080,4,candidate,673,1280,720,1920,1080,11.2855,12.3904,9.9113,1,1,0,0,0,0
1080,4,candidate,674,1280,720,1920,1080,11.2916,12.3002,9.91539,1,1,0,0,0,0
1080,4,candidate,675,1280,720,1920,1080,11.2865,12.339,9.65632,1,1,0,0,0,0
1080,4,candidate,676,1280,720,1920,1080,11.4237,12.4585,9.79558,1,1,0,0,0,0
1080,4,candidate,677,1280,720,1920,1080,11.2497,12.2495,9.60819,1,1,0,0,0,0
1080,4,candidate,678,1280,720,1920,1080,11.2824,12.2664,9.6471,1,1,0,0,0,0
1080,4,candidate,679,1280,720,1920,1080,11.137,12.7566,9.76691,1,1,0,0,0,0
1080,4,candidate,680,1280,720,1920,1080,11.1636,12.2651,9.79149,1,1,0,0,0,0
1080,4,candidate,681,1280,720,1920,1080,11.1913,12.2305,8.5545,1,1,0,0,0,0
1080,4,candidate,682,1280,720,1920,1080,10.9568,12.1514,9.58464,1,1,0,0,0,0
1080,4,candidate,683,1280,720,1920,1080,10.9957,12.2502,9.62458,1,1,0,0,0,0
1080,4,candidate,684,1280,720,1920,1080,11.1247,12.4427,9.75667,1,1,0,0,0,0
1080,4,candidate,685,1280,720,1920,1080,10.9814,12.3806,9.61126,1,1,0,0,0,0
1080,4,candidate,686,1280,720,1920,1080,10.9875,12.2132,9.61741,1,1,0,0,0,0
1080,4,candidate,687,1280,720,1920,1080,9.88979,11.1413,8.52173,1,1,0,0,0,0
1080,4,candidate,688,1280,720,1920,1080,11.0633,12.1396,9.6809,1,1,0,0,0,0
1080,4,candidate,689,1280,720,1920,1080,11.2159,12.2631,9.82323,1,1,0,0,0,0
1080,4,candidate,690,1280,720,1920,1080,11.1729,12.143,9.61946,1,1,0,0,0,0
1080,4,candidate,691,1280,720,1920,1080,11.2282,12.1437,9.85907,1,1,0,0,0,0
1080,4,candidate,692,1280,720,1920,1080,9.75667,10.7393,8.38554,1,1,0,0,0,0
1080,4,candidate,693,1280,720,1920,1080,11.2691,12.1522,9.88467,1,1,0,0,0,0
1080,4,candidate,694,1280,720,1920,1080,11.264,12.2705,9.87853,1,1,0,0,0,0
1080,4,candidate,695,1280,720,1920,1080,12.7099,13.8546,11.2835,1,1,0,0,0,0
1080,4,candidate,696,1280,720,1920,1080,13.8404,15.1394,12.4713,1,1,0,0,0,0
1080,4,candidate,697,1280,720,1920,1080,11.393,12.3904,9.78022,1,1,0,0,0,0
1080,4,candidate,698,1280,720,1920,1080,10.9507,12.0307,9.58054,1,1,0,0,0,0
1080,4,candidate,699,1280,720,1920,1080,11.5016,12.4692,10.1304,1,1,0,0,0,0
1080,4,candidate,700,1280,720,1920,1080,11.4719,12.4456,10.0997,1,1,0,0,0,0
1080,4,candidate,701,1280,720,1920,1080,11.4565,12.6112,10.0854,1,1,0,0,0,0
1080,4,candidate,702,1280,720,1920,1080,11.2988,12.3322,9.92666,1,1,0,0,0,0
1080,4,candidate,703,1280,720,1920,1080,11.3644,12.2696,9.82016,1,1,0,0,0,0
1080,4,candidate,704,1280,720,1920,1080,11.4125,12.3911,10.0424,1,1,0,0,0,0
1080,4,candidate,705,1280,720,1920,1080,11.4002,12.2844,10.0291,1,1,0,0,0,0
1080,4,candidate,706,1280,720,1920,1080,11.2886,12.2747,9.91846,1,1,0,0,0,0
1080,4,candidate,707,1280,720,1920,1080,11.2763,12.2963,9.9031,1,1,0,0,0,0
1080,4,candidate,708,1280,720,1920,1080,11.4831,12.4597,9.82733,1,1,0,0,0,0
1080,4,candidate,709,1280,720,1920,1080,11.5139,12.4758,9.86112,1,1,0,0,0,0
1080,4,candidate,710,1280,720,1920,1080,11.4227,12.4501,9.78842,1,1,0,0,0,0
1080,4,candidate,711,1280,720,1920,1080,11.4289,12.487,9.79456,1,1,0,0,0,0
1080,4,candidate,712,1280,720,1920,1080,11.4422,12.3873,9.78534,1,1,0,0,0,0
1080,4,candidate,713,1280,720,1920,1080,11.4207,12.3737,9.78842,1,1,0,0,0,0
1080,4,candidate,714,1280,720,1920,1080,11.4237,12.5246,9.78842,1,1,0,0,0,0
1080,4,candidate,715,1280,720,1920,1080,11.4115,12.4761,9.76384,1,1,0,0,0,0
1080,4,candidate,716,1280,720,1920,1080,11.2599,12.3159,9.86726,1,1,0,0,0,0
1080,4,candidate,717,1280,720,1920,1080,11.606,12.615,10.2205,1,1,0,0,0,0
1080,4,candidate,718,1280,720,1920,1080,11.4463,12.3493,9.81606,1,1,0,0,0,0
1080,4,candidate,719,1280,720,1920,1080,11.262,12.2881,9.62048,1,1,0,0,0,0
1080,4,candidate,720,1280,720,1920,1080,11.308,12.3002,9.6553,1,1,0,0,0,0
1080,4,candidate,721,1280,720,1920,1080,11.2876,12.2626,9.65222,1,1,0,0,0,0
1080,4,candidate,722,1280,720,1920,1080,11.4657,12.4651,9.82938,1,1,0,0,0,0
1080,4,candidate,723,1280,720,1920,1080,11.177,12.385,9.80582,1,1,0,0,0,0
1080,4,candidate,724,1280,720,1920,1080,11.2548,12.2879,9.88467,1,1,0,0,0,0
1080,4,candidate,725,1280,720,1920,1080,11.221,12.553,9.84883,1,1,0,0,0,0
1080,4,candidate,726,1280,720,1920,1080,11.2026,12.4537,9.83142,1,1,0,0,0,0
1080,4,candidate,727,1280,720,1920,1080,11.2876,12.6163,9.91642,1,1,0,0,0,0
1080,4,candidate,728,1280,720,1920,1080,11.3162,12.4588,9.94611,1,1,0,0,0,0
1080,4,candidate,729,1280,720,1920,1080,11.3162,12.325,8.68557,1,1,0,0,0,0
1080,4,candidate,730,1280,720,1920,1080,11.0213,12.1168,9.65018,1,1,0,0,0,0
1080,4,candidate,731,1280,720,1920,1080,11.1688,12.7288,9.79661,1,1,0,0,0,0
1080,4,candidate,732,1280,720,1920,1080,9.71674,10.6858,8.34765,1,1,0,0,0,0
1080,4,candidate,733,1280,720,1920,1080,12.372,13.7171,10.967,1,1,0,0,0,0
1080,4,candidate,734,1280,720,1920,1080,11.4176,12.6596,10.0311,1,1,0,0,0,0
1080,4,candidate,735,1280,720,1920,1080,11.2753,12.3253,9.90208,1,1,0,0,0,0
1080,4,candidate,736,1280,720,1920,1080,10.9957,12.1496,9.62355,1,1,0,0,0,0
1080,4,candidate,737,1280,720,1920,1080,11.4964,12.3918,9.93587,1,1,0,0,0,0
1080,4,candidate,738,1280,720,1920,1080,11.2148,12.2094,9.84576,1,1,0,0,0,0
1080,4,candidate,739,1280,720,1920,1080,11.007,12.1006,9.6297,1,1,0,0,0,0
1080,4,candidate,740,1280,720,1920,1080,11.4053,12.3668,10.0362,1,1,0,0,0,0
1080,4,candidate,741,1280,720,1920,1080,11.2753,12.2253,9.90003,1,1,0,0,0,0
1080,4,candidate,742,1280,720,1920,1080,11.3572,12.3632,9.9881,1,1,0,0,0,0
1080,4,candidate,743,1280,720,1920,1080,11.2824,12.2249,9.90925,1,1,0,0,0,0
1080,4,candidate,744,1280,720,1920,1080,11.2486,12.3084,9.87546,1,1,0,0,0,0
1080,4,candidate,745,1280,720,1920,1080,11.2343,12.3233,9.86419,1,1,0,0,0,0
1080,4,candidate,746,1280,720,1920,1080,11.4739,12.4392,9.83552,1,1,0,0,0,0
1080,4,candidate,747,1280,720,1920,1080,11.4698,12.5755,9.82426,1,1,0,0,0,0
1080,4,candidate,748,1280,720,1920,1080,11.5343,12.6963,9.90106,1,1,0,0,0,0
1080,4,candidate,749,1280,720,1920,1080,12.3372,13.3139,10.964,1,1,0,0,0,0
1080,4,candidate,750,1280,720,1920,1080,11.2118,12.2879,9.83962,1,1,0,0,0,0
1080,4,candidate,751,1280,720,1920,1080,11.221,12.2999,9.84986,1,1,0,0,0,0
1080,4,candidate,752,1280,720,1920,1080,11.2364,12.185,9.86419,1,1,0,0,0,0
1080,4,candidate,753,1280,720,1920,1080,11.4493,12.6501,10.0751,1,1,0,0,0,0
1080,4,candidate,754,1280,720,1920,1080,11.3623,12.273,9.99117,1,1,0,0,0,0
1080,4,candidate,755,1280,720,1920,1080,11.2599,12.1628,9.88979,1,1,0,0,0,0
1080,4,candidate,756,1280,720,1920,1080,11.4616,12.361,9.8304,1,1,0,0,0,0
1080,4,candidate,757,1280,720,1920,1080,11.4391,12.3927,9.81299,1,1,0,0,0,0
1080,4,candidate,758,1280,720,1920,1080,11.5077,12.5112,9.87341,1,1,0,0,0,0
1080,4,candidate,759,1280,720,1920,1080,11.4104,12.4802,9.78739,1,1,0,0,0,0
1080,4,candidate,760,1280,720,1920,1080,11.2005,12.1726,9.82835,1,1,0,0,0,0
1080,4,candidate,761,1280,720,1920,1080,11.4596,12.3896,9.82835,1,1,0,0,0,0
1080,4,candidate,762,1280,720,1920,1080,11.4801,12.5435,9.84166,1,1,0,0,0,0
1080,4,candidate,763,1280,720,1920,1080,11.4545,12.4346,9.82221,1,1,0,0,0,0
1080,4,candidate,764,1280,720,1920,1080,11.305,12.235,9.66861,1,1,0,0,0,0
1080,4,candidate,765,1280,720,1920,1080,11.2241,12.3683,9.60205,1,1,0,0,0,0
1080,4,candidate,766,1280,720,1920,1080,11.5098,12.6272,9.8857,1,1,0,0,0,0
1080,4,candidate,767,1280,720,1920,1080,11.2323,12.528,9.86214,1,1,0,0,0,0
1080,4,candidate,768,1280,720,1920,1080,11.2015,12.3207,8.54835,1,1,0,0,0,0
1080,4,candidate,769,1280,720,1920,1080,11.434,12.325,9.80992,1,1,0,0,0,0
1080,4,candidate,770,1280,720,1920,1080,11.265,12.2449,9.64096,1,1,0,0,0,0
1080,4,candidate,771,1280,720,1920,1080,11.3132,12.2949,9.66656,1,1,0,0,0,0
1080,4,candidate,772,1280,720,1920,1080,11.2865,12.4872,9.91437,1,1,0,0,0,0
1080,4,candidate,773,1280,720,1920,1080,11.1841,12.4641,9.81299,1,1,0,0,0,0
1080,4,candidate,774,1280,720,1920,1080,11.3029,12.4073,9.93178,1,1,0,0,0,0
1080,4,candidate,775,1280,720,1920,1080,11.1514,12.3497,9.78125,1,1,0,0,0,0
1080,4,candidate,776,1280,720,1920,1080,15.0313,16.3924,13.6591,1,1,0,0,0,0
1080,4,candidate,777,1280,720,1920,1080,11.0428,12.0946,9.66861,1,1,0,0,0,0
1080,4,candidate,778,1280,720,1920,1080,11.4893,12.4957,10.1212,1,1,0,0,0,0
1080,4,candidate,779,1280,720,1920,1080,11.1135,12.2843,9.74234,1,1,0,0,0,0
1080,4,candidate,780,1280,720,1920,1080,11.2312,12.2711,9.86112,1,1,0,0,0,0
1080,4,candidate,781,1280,720,1920,1080,11.2138,12.1976,9.84064,1,1,0,0,0,0
1080,4,candidate,782,1280,720,1920,1080,11.1217,12.1273,9.75053,1,1,0,0,0,0
1080,4,candidate,783,1280,720,1920,1080,11.4442,12.4512,10.0731,1,1,0,0,0,0
1080,4,candidate,784,1280,720,1920,1080,9.73312,10.8325,8.36301,1,1,0,0,0,0
1080,4,candidate,785,1280,720,1920,1080,11.1237,11.9888,9.75155,1,1,0,0,0,0
1080,4,candidate,786,1280,720,1920,1080,11.1483,12.0942,9.5232,1,1,0,0,0,0
1080,4,candidate,787,1280,720,1920,1080,11.2056,12.3769,9.83142,1,1,0,0,0,0
1080,4,candidate,788,1280,720,1920,1080,11.2497,12.265,9.87238,1,1,0,0,0,0
1080,4,candidate,789,1280,720,1920,1080,11.2169,12.4453,9.83962,1,1,0,0,0,0
1080,4,candidate,790,1280,720,1920,1080,11.0397,12.1346,9.6471,1,1,0,0,0,0
1080,4,candidate,791,1280,720,1920,1080,10.922,11.9156,9.55187,1,1,0,0,0,0
1080,4,candidate,792,1280,720,1920,1080,11.4022,12.4038,10.0291,1,1,0,0,0,0
1080,4,candidate,793,1280,720,1920,1080,11.2271,12.383,9.85805,1,1,0,0,0,0
1080,4,candidate,794,1280,720,1920,1080,11.433,12.4903,10.0598,1,1,0,0,0,0
1080,4,candidate,795,1280,720,1920,1080,11.2292,12.233,9.85907,1,1,0,0,0,0
1080,4,candidate,796,1280,720,1920,1080,11.1124,12.2539,9.74131,1,1,0,0,0,0
1080,4,candidate,797,1280,720,1920,1080,11.4043,12.4087,10.0332,1,1,0,0,0,0
1080,4,candidate,798,1280,720,1920,1080,11.265,12.1689,9.64608,1,1,0,0,0,0
1080,4,candidate,799,1280,720,1920,1080,11.4248,12.3521,10.0526,1,1,0,0,0,0
1080,4,candidate,800,1280,720,1920,1080,11.4545,12.4646,10.0823,1,1,0,0,0,0
1080,4,candidate,801,1280,720,1920,1080,11.4237,12.3993,10.0506,1,1,0,0,0,0
1080,4,candidate,802,1280,720,1920,1080,11.4309,12.477,10.0608,1,1,0,0,0,0
1080,4,candidate,803,1280,720,1920,1080,11.3644,12.4093,9.99322,1,1,0,0,0,0
1080,4,candidate,804,1280,720,1920,1080,11.3736,12.5815,10.0024,1,1,0,0,0,0
1080,4,candidate,805,1280,720,1920,1080,11.4504,12.4403,10.0803,1,1,0,0,0,0
1080,4,candidate,806,1280,720,1920,1080,11.4196,12.3653,10.0506,1,1,0,0,0,0
1080,4,candidate,807,1280,720,1920,1080,11.2814,12.3041,9.90925,1,1,0,0,0,0
1080,4,candidate,808,1280,720,1920,1080,11.2497,12.278,9.8775,1,1,0,0,0,0
1080,4,candidate,809,1280,720,1920,1080,11.4084,12.3357,9.87341,1,1,0,0,0,0
1080,4,candidate,810,1280,720,1920,1080,11.2015,12.2064,9.82835,1,1,0,0,0,0
1080,4,candidate,811,1280,720,1920,1080,11.2599,12.8172,9.88467,1,1,0,0,0,0
1080,4,candidate,812,1280,720,1920,1080,11.4596,12.3923,9.82118,1,1,0,0,0,0
1080,4,candidate,813,1280,720,1920,1080,11.394,12.317,9.75872,1,1,0,0,0,0
1080,4,candidate,814,1280,720,1920,1080,11.5087,12.5886,9.87238,1,1,0,0,0,0
1080,4,candidate,815,1280,720,1920,1080,11.4811,12.5224,9.84166,1,1,0,0,0,0
1080,4,candidate,816,1280,720,1920,1080,11.518,12.7719,9.88774,1,1,0,0,0,0
1080,4,candidate,817,1280,720,1920,1080,11.2896,12.3085,9.91642,1,1,0,0,0,0
1080,4,candidate,818,1280,720,1920,1080,11.2261,12.2617,9.85395,1,1,0,0,0,0
1080,4,candidate,819,1280,720,1920,1080,11.4299,12.3924,9.79558,1,1,0,0,0,0
1080,4,candidate,820,1280,720,1920,1080,11.4422,12.4612,9.78944,1,1,0,0,0,0
1080,4,candidate,821,1280,720,1920,1080,11.4289,12.5736,9.79354,1,1,0,0,0,0
1080,4,candidate,822,1280,720,1920,1080,11.3889,12.3749,9.75667,1,1,0,0,0,0
1080,4,candidate,823,1280,720,1920,1080,11.4504,12.4759,9.80173,1,1,0,0,0,0
1080,4,candidate,824,1280,720,1920,1080,11.4237,12.3964,9.78739,1,1,0,0,0,0
1080,4,candidate,825,1280,720,1920,1080,11.3306,12.3991,9.61638,1,1,0,0,0,0
1080,4,candidate,826,1280,720,1920,1080,11.9818,13.1756,10.5943,1,1,0,0,0,0
1080,4,candidate,827,1280,720,1920,1080,11.307,12.2984,9.93382,1,1,0,0,0,0
1080,4,candidate,828,1280,720,1920,1080,11.2947,12.4033,9.92154,1,1,0,0,0,0
1080,4,candidate,829,1280,720,1920,1080,11.4094,12.4533,9.77613,1,1,0,0,0,0
1080,4,candidate,830,1280,720,1920,1080,11.5046,12.5831,9.84371,1,1,0,0,0,0
1080,4,candidate,831,1280,720,1920,1080,11.0008,12.037,9.58157,1,1,0,0,0,0
1080,4,candidate,832,1280,720,1920,1080,11.5374,12.5163,9.99424,1,1,0,0,0,0
1080,4,candidate,833,1280,720,1920,1080,11.2599,12.2717,9.88877,1,1,0,0,0,0
1080,4,candidate,834,1280,720,1920,1080,11.4145,12.4221,9.77408,1,1,0,0,0,0
1080,4,candidate,835,1280,720,1920,1080,11.2886,12.4089,9.65222,1,1,0,0,0,0
1080,4,candidate,836,1280,720,1920,1080,11.3162,12.2861,9.68294,1,1,0,0,0,0
1080,4,candidate,837,1280,720,1920,1080,11.2886,12.361,9.65632,1,1,0,0,0,0
1080,4,candidate,838,1280,720,1920,1080,11.262,12.2904,9.62867,1,1,0,0,0,0
1080,4,candidate,839,1280,720,1920,1080,11.1862,12.3816,9.81606,1,1,0,0,0,0
1080,4,candidate,840,1280,720,1920,1080,11.2425,12.5086,9.87238,1,1,0,0,0,0
1080,4,candidate,841,1280,720,1920,1080,11.433,12.5594,10.0608,1,1,0,0,0,0
1080,4,candidate,842,1280,720,1920,1080,11.1759,12.4645,9.80378,1,1,0,0,0,0
1080,4,candidate,843,1280,720,1920,1080,11.2456,12.5148,9.87443,1,1,0,0,0,0
1080,4,candidate,844,1280,720,1920,1080,11.1309,12.5501,9.76179,1,1,0,0,0,0
1080,4,candidate,845,1280,720,1920,1080,11.2763,12.2796,9.63277,1,1,0,0,0,0
1080,4,candidate,846,1280,720,1920,1080,11.2159,12.4322,9.84576,1,1,0,0,0,0
1080,4,candidate,847,1280,720,1920,1080,11.1831,12.555,9.81094,1,1,0,0,0,0
1080,4,candidate,848,1280,720,1920,1080,11.3664,12.2502,9.99526,1,1,0,0,0,0
1080,4,candidate,849,1280,720,1920,1080,11.3992,12.6557,10.026,1,1,0,0,0,0
1080,4,candidate,850,1280,720,1920,1080,11.6777,12.8995,10.0557,1,1,0,0,0,0
1080,4,candidate,851,1280,720,1920,1080,11.2579,12.2834,9.62765,1,1,0,0,0,0
1080,4,candidate,852,1280,720,1920,1080,11.2589,12.4033,9.62253,1,1,0,0,0,0
1080,4,candidate,853,1280,720,1920,1080,11.22,12.4219,9.84781,1,1,0,0,0,0
1080,4,candidate,854,1280,720,1920,1080,11.2824,12.6375,9.91232,1,1,0,0,0,0
1080,4,candidate,855,1280,720,1920,1080,11.3029,12.3872,9.93075,1,1,0,0,0,0
1080,4,candidate,856,1280,720,1920,1080,11.3377,12.2894,9.69318,1,1,0,0,0,0
1080,4,candidate,857,1280,720,1920,1080,11.2435,12.4772,9.87034,1,1,0,0,0,0
1080,4,candidate,858,1280,720,1920,1080,10.0895,11.1553,8.72038,1,1,0,0,0,0
1080,4,candidate,859,1280,720,1920,1080,9.39622,10.3354,8.02509,1,1,0,0,0,0
1080,4,candidate,860,1280,720,1920,1080,9.3911,10.1698,8.01997,1,1,0,0,0,0
1080,4,candidate,861,1280,720,1920,1080,12.4334,13.3247,10.1519,1,1,0,0,0,0
1080,4,candidate,862,1280,720,1920,1080,11.2271,12.268,9.85293,1,1,0,0,0,0
1080,4,candidate,863,1280,720,1920,1080,11.2404,12.2024,9.68192,1,1,0,0,0,0
1080,4,candidate,864,1280,720,1920,1080,10.9875,12.1982,9.61434,1,1,0,0,0,0
1080,4,candidate,865,1280,720,1920,1080,11.4821,12.4556,10.1079,1,1,0,0,0,0
1080,4,candidate,866,1280,720,1920,1080,11.4094,12.5073,9.72288,1,1,0,0,0,0
1080,4,candidate,867,1280,720,1920,1080,11.093,12.2003,9.72083,1,1,0,0,0,0
1080,4,candidate,868,1280,720,1920,1080,11.4237,12.4029,10.0506,1,1,0,0,0,0
1080,4,candidate,869,1280,720,1920,1080,11.2773,12.2367,9.9072,1,1,0,0,0,0
1080,4,candidate,870,1280,720,1920,1080,11.1084,12.2383,9.71571,1,1,0,0,0,0
1080,4,candidate,871,1280,720,1920,1080,11.5476,12.4548,10.1755,1,1,0,0,0,0
1080,4,candidate,872,1280,720,1920,1080,11.4207,12.522,10.0485,1,1,0,0,0,0
1080,4,candidate,873,1280,720,1920,1080,11.4371,12.4224,10.0639,1,1,0,0,0,0
1080,4,candidate,874,1280,720,1920,1080,11.1718,12.1831,9.78227,1,1,0,0,0,0
1080,4,candidate,875,1280,720,1920,1080,11.65,12.5123,10.2758,1,1,0,0,0,0
1080,4,candidate,876,1280,720,1920,1080,11.4319,12.3667,10.0577,1,1,0,0,0,0
1080,4,candidate,877,1280,720,1920,1080,11.2794,12.3591,9.90618,1,1,0,0,0,0
1080,4,candidate,878,1280,720,1920,1080,11.3132,12.5084,9.9369,1,1,0,0,0,0
1080,4,candidate,879,1280,720,1920,1080,11.3828,12.4234,9.82118,1,1,0,0,0,0
1080,4,candidate,880,1280,720,1920,1080,11.4012,12.5941,10.0291,1,1,0,0,0,0
1080,4,candidate,881,1280,720,1920,1080,11.2425,12.1824,9.86931,1,1,0,0,0,0
1080,4,candidate,882,1280,720,1920,1080,11.4186,12.3796,9.77203,1,1,0,0,0,0
1080,4,candidate,883,1280,720,1920,1080,11.4975,12.4996,9.83962,1,1,0,0,0,0
1080,4,candidate,884,1280,720,1920,1080,11.2251,12.161,9.67066,1,1,0,0,0,0
1080,4,candidate,885,1280,720,1920,1080,11.2425,12.2136,9.86931,1,1,0,0,0,0
1080,4,candidate,886,1280,720,1920,1080,11.3439,12.3361,9.70854,1,1,0,0,0,0
1080,4,candidate,887,1280,720,1920,1080,11.4657,12.4921,9.83962,1,1,0,0,0,0
1080,4,candidate,888,1280,720,1920,1080,11.2497,12.4134,9.61946,1,1,0,0,0,0
1080,4,candidate,889,1280,720,1920,1080,11.3766,12.405,9.72902,1,1,0,0,0,0
1080,4,candidate,890,1280,720,1920,1080,11.1974,12.4827,9.82528,1,1,0,0,0,0
1080,4,candidate,891,1280,720,1920,1080,11.2681,12.4358,9.62355,1,1,0,0,0,0
1080,4,candidate,892,1280,720,1920,1080,11.2906,12.4317,9.92051,1,1,0,0,0,0
1080,4,candidate,893,1280,720,1920,1080,11.3254,12.7279,9.95226,1,1,0,0,0,0
1080,4,candidate,894,1280,720,1920,1080,11.2466,12.1785,9.60922,1,1,0,0,0,0
1080,4,candidate,895,1280,720,1920,1080,11.2261,12.232,9.58976,1,1,0,0,0,0
1080,4,candidate,896,1280,720,1920,1080,11.1145,12.4061,9.74131,1,1,0,0,0,0
1080,4,candidate,897,1280,720,1920,1080,11.0817,12.5849,9.70854,1,1,0,0,0,0
1080,4,candidate,898,1280,720,1920,1080,11.2548,12.3663,9.8816,1,1,0,0,0,0
1080,4,candidate,899,1280,720,1920,1080,11.3603,12.344,9.73107,1,1,0,0,0,0
1080,4,candidate,900,1280,720,1920,1080,10.8882,12.021,9.51603,1,1,0,0,0,0
1080,4,candidate,901,1280,720,1920,1080,11.2456,12.299,9.87238,1,1,0,0,0,0
1080,4,candidate,902,1280,720,1920,1080,11.3111,12.4323,9.93792,1,1,0,0,0,0
1080,4,candidate,903,1280,720,1920,1080,11.0336,12.044,9.65325,1,1,0,0,0,0
1080,4,candidate,904,1280,720,1920,1080,11.4524,12.3512,10.0772,1,1,0,0,0,0
1080,4,candidate,905,1280,720,1920,1080,11.2701,12.2403,9.89389,1,1,0,0,0,0
1080,4,candidate,906,1280,720,1920,1080,11.2456,12.3001,9.87238,1,1,0,0,0,0
1080,4,candidate,907,1280,720,1920,1080,11.2763,12.3431,9.9031,1,1,0,0,0,0
1080,4,candidate,908,1280,720,1920,1080,11.5384,12.4781,10.1652,1,1,0,0,0,0
1080,4,candidate,909,1280,720,1920,1080,11.2681,12.4341,9.89491,1,1,0,0,0,0
1080,4,candidate,910,1280,720,1920,1080,11.4074,12.312,10.0362,1,1,0,0,0,0
1080,4,candidate,911,1280,720,1920,1080,11.2568,12.2957,9.8857,1,1,0,0,0,0
1080,4,candidate,912,1280,720,1920,1080,11.3347,12.3038,9.9584,1,1,0,0,0,0
1080,4,candidate,913,1280,720,1920,1080,11.2558,12.2331,9.87955,1,1,0,0,0,0
1080,4,candidate,914,1280,720,1920,1080,11.4821,12.5471,9.82835,1,1,0,0,0,0
1080,4,candidate,915,1280,720,1920,1080,11.3142,12.4152,9.93894,1,1,0,0,0,0
1080,4,candidate,916,1280,720,1920,1080,11.2282,12.238,9.85498,1,1,0,0,0,0
1080,4,candidate,917,1280,720,1920,1080,11.4227,12.3528,9.7833,1,1,0,0,0,0
1080,4,candidate,918,1280,720,1920,1080,11.4565,12.4739,9.82323,1,1,0,0,0,0
1080,4,candidate,919,1280,720,1920,1080,11.8426,12.8473,10.1939,1,1,0,0,0,0
1080,4,candidate,920,1280,720,1920,1080,11.6132,13.1902,9.98093,1,1,0,0,0,0
1080,4,candidate,921,1280,720,1920,1080,11.4033,12.4069,10.0291,1,1,0,0,0,0
1080,4,candidate,922,1280,720,1920,1080,11.2978,12.3214,9.91949,1,1,0,0,0,0
1080,4,candidate,923,1280,720,1920,1080,11.4657,12.6439,10.0915,1,1,0,0,0,0
1080,4,candidate,924,1280,720,1920,1080,11.4913,12.4715,10.1192,1,1,0,0,0,0
1080,4,candidate,925,1280,720,1920,1080,11.3388,12.7424,9.96454,1,1,0,0,0,0
1080,4,candidate,926,1280,720,1920,1080,11.2435,12.2806,9.86829,1,1,0,0,0,0
1080,4,candidate,927,1280,720,1920,1080,11.3029,12.2665,9.9287,1,1,0,0,0,0
1080,4,candidate,928,1280,720,1920,1080,11.4637,12.4559,10.0854,1,1,0,0,0,0
1080,4,candidate,929,1280,720,1920,1080,11.4698,12.4529,10.0895,1,1,0,0,0,0
1080,4,candidate,930,1280,720,1920,1080,11.4883,12.5303,10.113,1,1,0,0,0,0
1080,4,candidate,931,1280,720,1920,1080,11.4493,12.6152,10.0772,1,1,0,0,0,0
1080,4,candidate,932,1280,720,1920,1080,11.4504,12.5645,10.0751,1,1,0,0,0,0
1080,4,candidate,933,1280,720,1920,1080,11.5118,12.7046,10.1376,1,1,0,0,0,0
1080,4,candidate,934,1280,720,1920,1080,11.2435,12.2854,9.87034,1,1,0,0,0,0
1080,4,candidate,935,1280,720,1920,1080,11.4176,12.4181,10.0465,1,1,0,0,0,0
1080,4,candidate,936,1280,720,1920,1080,11.4278,12.3996,10.0526,1,1,0,0,0,0
1080,4,candidate,937,1280,720,1920,1080,11.4719,12.4445,10.0977,1,1,0,0,0,0
1080,4,candidate,938,1280,720,1920,1080,11.3203,12.6106,9.76998,1,1,0,0,0,0
1080,4,candidate,939,1280,720,1920,1080,11.4278,12.4304,10.0526,1,1,0,0,0,0
1080,4,candidate,940,1280,720,1920,1080,11.4463,12.4271,10.071,1,1,0,0,0,0
1080,4,candidate,941,1280,720,1920,1080,11.4022,12.3654,10.0301,1,1,0,0,0,0
1080,4,candidate,942,1280,720,1920,1080,11.479,12.5099,10.1069,1,1,0,0,0,0
1080,4,candidate,943,1280,720,1920,1080,11.2742,12.2107,9.90106,1,1,0,0,0,0
1080,4,candidate,944,1280,720,1920,1080,11.4555,12.6424,10.0803,1,1,0,0,0,0
1080,4,candidate,945,1280,720,1920,1080,11.4371,12.4581,10.0639,1,1,0,0,0,0
1080,4,candidate,946,1280,720,1920,1080,11.2783,12.3304,9.9031,1,1,0,0,0,0
1080,4,candidate,947,1280,720,1920,1080,11.4555,12.4484,10.0813,1,1,0,0,0,0
1080,4,candidate,948,1280,720,1920,1080,11.2589,12.1511,9.88467,1,1,0,0,0,0
1080,4,candidate,949,1280,720,1920,1080,11.2251,12.5201,9.85395,1,1,0,0,0,0
1080,4,candidate,950,1280,720,1920,1080,11.0961,12.3812,9.71981,1,1,0,0,0,0
1080,4,candidate,951,1280,720,1920,1080,9.94509,10.8546,8.57395,1,1,0,0,0,0
1080,4,candidate,952,1280,720,1920,1080,9.72288,12.0874,8.34765,1,1,0,0,0,0
1080,4,candidate,953,1280,720,1920,1080,11.2015,13.3799,9.8263,1,1,0,0,0,0
1080,4,candidate,954,1280,720,1920,1080,11.1985,12.3717,9.82221,1,1,0,0,0,0
1080,4,candidate,955,1280,720,1920,1080,11.3818,12.6787,10.0096,1,1,0,0,0,0
1080,4,candidate,956,1280,720,1920,1080,11.2773,12.2526,9.90106,1,1,0,0,0,0
1080,4,candidate,957,1280,720,1920,1080,11.138,12.48,9.76691,1,1,0,0,0,0
1080,4,candidate,958,1280,720,1920,1080,11.2681,12.492,9.89491,1,1,0,0,0,0
1080,4,candidate,959,1280,720,1920,1080,11.2712,12.6508,9.89696,1,1,0,0,0,0
1080,4,candidate,960,1280,720,1920,1080,11.6726,12.9695,10.0997,1,1,0,0,0,0
1080,4,candidate,961,1280,720,1920,1080,11.4278,12.51,9.8519,1,1,0,0,0,0
1080,4,candidate,962,1280,720,1920,1080,11.2415,12.3776,9.86829,1,1,0,0,0,0
1080,4,candidate,963,1280,720,1920,1080,11.2845,12.3135,9.64506,1,1,0,0,0,0
1080,4,candidate,964,1280,720,1920,1080,11.0592,12.0732,8.40704,1,1,0,0,0,0
1080,4,candidate,965,1280,720,1920,1080,11.4801,12.4115,9.92768,1,1,0,0,0,0
1080,4,candidate,966,1280,720,1920,1080,11.3469,12.2386,9.97274,1,1,0,0,0,0
1080,4,candidate,967,1280,720,1920,1080,11.1892,12.3874,9.81811,1,1,0,0,0,0
1080,4,candidate,968,1280,720,1920,1080,11.262,12.5193,9.88672,1,1,0,0,0,0
1080,4,candidate,969,1280,720,1920,1080,11.0244,12.1772,9.6512,1,1,0,0,0,0
1080,4,candidate,970,1280,720,1920,1080,11.2108,12.2011,9.83552,1,1,0,0,0,0
1080,4,candidate,971,1280,720,1920,1080,11.3388,12.3326,9.96352,1,1,0,0,0,0
1080,4,candidate,972,1280,720,1920,1080,11.0182,12.0974,9.59795,1,1,0,0,0,0
1080,4,candidate,973,1280,720,1920,1080,11.1124,12.3063,9.73824,1,1,0,0,0,0
1080,4,candidate,974,1280,720,1920,1080,11.4043,12.5441,10.028,1,1,0,0,0,0
1080,4,candidate,975,1280,720,1920,1080,11.2753,12.2875,9.90003,1,1,0,0,0,0
1080,4,candidate,976,1280,720,1920,1080,11.2271,12.2452,9.85395,1,1,0,0,0,0
1080,4,candidate,977,1280,720,1920,1080,11.2517,12.2594,9.87648,1,1,0,0,0,0
1080,4,candidate,978,1280,720,1920,1080,11.4258,12.3817,10.0495,1,1,0,0,0,0
1080,4,candidate,979,1280,720,1920,1080,11.2988,12.2819,9.92358,1,1,0,0,0,0
1080,4,candidate,980,1280,720,1920,1080,11.2681,12.4351,9.89286,1,1,0,0,0,0
1080,4,candidate,981,1280,720,1920,1080,11.2824,12.3029,9.90515,1,1,0,0,0,0
1080,4,candidate,982,1280,720,1920,1080,11.3613,12.3136,9.80378,1,1,0,0,0,0
1080,4,candidate,983,1280,720,1920,1080,11.3592,12.4292,9.98298,1,1,0,0,0,0
1080,4,candidate,984,1280,720,1920,1080,11.2599,12.2397,9.70342,1,1,0,0,0,0
1080,4,candidate,985,1280,720,1920,1080,11.2384,12.2118,9.86214,1,1,0,0,0,0
1080,4,candidate,986,1280,720,1920,1080,11.1606,12.324,9.78739,1,1,0,0,0,0
1080,4,candidate,987,1280,720,1920,1080,11.0551,12.0658,9.68192,1,1,0,0,0,0
1080,4,candidate,988,1280,720,1920,1080,11.2404,12.5669,9.86624,1,1,0,0,0,0
1080,4,candidate,989,1280,720,1920,1080,11.5599,12.6545,9.90413,1,1,0,0,0,0
1080,4,candidate,990,1280,720,1920,1080,9.78637,10.8184,8.41421,1,1,0,0,0,0
1080,4,candidate,991,1280,720,1920,1080,10.9906,11.9802,9.61434,1,1,0,0,0,0
1080,4,candidate,992,1280,720,1920,1080,9.44333,10.3895,8.06912,1,1,0,0,0,0
1080,4,candidate,993,1280,720,1920,1080,9.38906,10.2186,8.01792,1,1,0,0,0,0
1080,4,candidate,994,1280,720,1920,1080,9.43718,10.3912,8.06605,1,1,0,0,0,0
1080,4,candidate,995,1280,720,1920,1080,9.42797,10.2303,8.05581,1,1,0,0,0,0
1080,4,candidate,996,1280,720,1920,1080,11.0971,13.5139,9.71059,1,1,0,0,0,0
1080,4,candidate,997,1280,720,1920,1080,11.4401,12.4503,9.81197,1,1,0,0,0,0
1080,4,candidate,998,1280,720,1920,1080,11.2845,12.3801,9.90413,1,1,0,0,0,0
1080,4,candidate,999,1280,720,1920,1080,11.4514,12.4292,10.0813,1,1,0,0,0,0
1080,4,candidate,1000,1280,720,1920,1080,10.9332,12.0888,9.55904,1,1,0,0,0,0
1080,4,candidate,1001,1280,720,1920,1080,11.6787,12.8371,10.0608,1,1,0,0,0,0
1080,4,candidate,1002,1280,720,1920,1080,9.88979,10.9444,8.51968,1,1,0,0,0,0
1080,4,candidate,1003,1280,720,1920,1080,12.8584,13.9488,11.4493,1,1,0,0,0,0
1080,4,candidate,1004,1280,720,1920,1080,11.0152,12.1703,9.61843,1,1,0,0,0,0
1080,4,candidate,1005,1280,720,1920,1080,11.2415,12.3309,9.86931,1,1,0,0,0,0
1080,4,candidate,1006,1280,720,1920,1080,11.2957,12.3539,9.92051,1,1,0,0,0,0
1080,4,candidate,1007,1280,720,1920,1080,11.8159,12.7571,10.1857,1,1,0,0,0,0
1080,4,candidate,1008,1280,720,1920,1080,11.5354,12.5231,9.9113,1,1,0,0,0,0
1080,4,candidate,1009,1280,720,1920,1080,11.2998,12.2976,9.68806,1,1,0,0,0,0
1080,4,candidate,1010,1280,720,1920,1080,11.3818,12.3206,9.76589,1,1,0,0,0,0
1080,4,candidate,1011,1280,720,1920,1080,11.2589,12.2041,9.8857,1,1,0,0,0,0
1080,4,candidate,1012,1280,720,1920,1080,11.2517,12.2508,9.87955,1,1,0,0,0,0
1080,4,candidate,1013,1280,720,1920,1080,11.3029,12.2626,9.92563,1,1,0,0,0,0
1080,4,candidate,1014,1280,720,1920,1080,11.2445,12.1914,9.87034,1,1,0,0,0,0
1080,4,candidate,1015,1280,720,1920,1080,11.2916,12.2443,9.91642,1,1,0,0,0,0
1080,4,candidate,1016,1280,720,1920,1080,11.4801,12.4932,9.85805,1,1,0,0,0,0
1080,4,candidate,1017,1280,720,1920,1080,11.4104,12.3428,9.8601,1,1,0,0,0,0
1080,4,candidate,1018,1280,720,1920,1080,11.4258,12.466,10.0495,1,1,0,0,0,0
1080,4,candidate,1019,1280,720,1920,1080,11.3654,12.5473,9.728,1,1,0,0,0,0
1080,4,candidate,1020,1280,720,1920,1080,11.477,12.4946,9.84371,1,1,0,0,0,0
1080,4,candidate,1021,1280,720,1920,1080,11.5139,12.4743,9.95123,1,1,0,0,0,0
1080,4,candidate,1022,1280,720,1920,1080,11.2466,12.2934,9.86931,1,1,0,0,0,0
1080,4,candidate,1023,1280,720,1920,1080,11.3603,12.2882,9.73926,1,1,0,0,0,0
1080,4,candidate,1024,1280,720,1920,1080,11.4207,12.4327,9.79558,1,1,0,0,0,0
1080,4,candidate,1025,1280,720,1920,1080,11.5958,12.4899,9.97581,1,1,0,0,0,0
1080,4,candidate,1026,1280,720,1920,1080,11.3142,12.4293,9.68499,1,1,0,0,0,0
1080,4,candidate,1027,1280,720,1920,1080,11.3234,12.2228,9.69216,1,1,0,0,0,0
1080,4,candidate,1028,1280,720,1920,1080,11.2189,12.4457,9.84371,1,1,0,0,0,0
1080,4,candidate,1029,1280,720,1920,1080,11.3101,12.5477,9.93485,1,1,0,0,0,0
1080,4,candidate,1030,1280,720,1920,1080,11.177,12.5099,9.80173,1,1,0,0,0,0
1080,4,candidate,1031,1280,720,1920,1080,11.3029,12.4821,9.66656,1,1,0,0,0,0
1080,4,candidate,1032,1280,720,1920,1080,11.7617,12.9869,10.1284,1,1,0,0,0,0
1080,4,candidate,1033,1280,720,1920,1080,11.3265,12.3066,9.62662,1,1,0,0,0,0
1080,4,candidate,1034,1280,720,1920,1080,11.262,12.2086,9.62765,1,1,0,0,0,0
1080,4,candidate,1035,1280,720,1920,1080,11.2742,12.2022,9.63789,1,1,0,0,0,0
1080,4,candidate,1036,1280,720,1920,1080,11.2159,12.5621,9.84166,1,1,0,0,0,0
1080,4,candidate,1037,1280,720,1920,1080,11.3172,12.7521,9.94099,1,1,0,0,0,0
1080,4,candidate,1038,1280,720,1920,1080,11.5558,12.8366,9.9031,1,1,0,0,0,0
1080,4,candidate,1039,1280,720,1920,1080,11.4381,12.409,9.8007,1,1,0,0,0,0
1080,4,candidate,1040,1280,720,1920,1080,11.2773,12.4227,9.63994,1,1,0,0,0,0
1080,4,candidate,1041,1280,720,1920,1080,11.2804,12.2376,9.62662,1,1,0,0,0,0
1080,4,candidate,1042,1280,720,1920,1080,11.2886,12.4399,9.64301,1,1,0,0,0,0
1080,4,candidate,1043,1280,720,1920,1080,11.2722,12.6638,9.89594,1,1,0,0,0,0
1080,4,candidate,1044,1280,720,1920,1080,11.3981,12.7971,9.74438,1,1,0,0,0,0
1080,4,candidate,1045,1280,720,1920,1080,11.4647,12.4628,9.8304,1,1,0,0,0,0
1080,4,candidate,1046,1280,720,1920,1080,11.4944,12.5393,9.85907,1,1,0,0,0,0
1080,4,candidate,1047,1280,720,1920,1080,9.89286,10.9273,8.52275,1,1,0,0,0,0
1080,4,candidate,1048,1280,720,1920,1080,9.38394,10.2541,8.00973,1,1,0,0,0,0
1080,4,candidate,1049,1280,720,1920,1080,11.2005,12.0711,9.82528,1,1,0,0,0,0
1080,4,candidate,1050,1280,720,1920,1080,12.586,13.7182,11.1729,1,1,0,0,0,0
1080,4,candidate,1051,1280,720,1920,1080,11.4412,12.3861,9.81914,1,1,0,0,0,0
1080,4,candidate,1052,1280,720,1920,1080,11.2456,12.2164,9.86829,1,1,0,0,0,0
1080,4,candidate,1053,1280,720,1920,1080,11.2814,12.3254,9.90618,1,1,0,0,0,0
1080,4,candidate,1054,1280,720,1920,1080,11.4596,12.3526,10.0833,1,1,0,0,0,0
1080,4,candidate,1055,1280,720,1920,1080,11.306,12.2774,9.93075,1,1,0,0,0,0
1080,4,candidate,1056,1280,720,1920,1080,11.2701,12.2462,9.89389,1,1,0,0,0,0
1080,4,candidate,1057,1280,720,1920,1080,11.476,12.5059,9.85293,1,1,0,0,0,0
1080,4,candidate,1058,1280,720,1920,1080,11.266,12.2282,9.88979,1,1,0,0,0,0
1080,4,candidate,1059,1280,720,1920,1080,11.4524,12.5975,9.82835,1,1,0,0,0,0
1080,4,candidate,1060,1280,720,1920,1080,11.3347,12.4101,9.70445,1,1,0,0,0,0
1080,4,candidate,1061,1280,720,1920,1080,11.4493,12.4682,9.82221,1,1,0,0,0,0
1080,4,candidate,1062,1280,720,1920,1080,11.476,12.3841,9.84064,1,1,0,0,0,0
1080,4,candidate,1063,1280,720,1920,1080,11.7033,12.6986,10.0721,1,1,0,0,0,0
1080,4,candidate,1064,1280,720,1920,1080,11.4115,12.3732,9.77818,1,1,0,0,0,0
1080,4,candidate,1065,1280,720,1920,1080,11.4627,12.3808,9.8263,1,1,0,0,0,0
1080,4,candidate,1066,1280,720,1920,1080,11.4135,12.4302,9.76896,1,1,0,0,0,0
1080,4,candidate,1067,1280,720,1920,1080,11.4268,12.4073,9.8007,1,1,0,0,0,0
1080,4,candidate,1068,1280,720,1920,1080,11.5067,12.544,9.85907,1,1,0,0,0,0
1080,4,candidate,1069,1280,720,1920,1080,11.521,12.4855,9.88365,1,1,0,0,0,0
1080,4,candidate,1070,1280,720,1920,1080,11.4862,12.7609,9.84474,1,1,0,0,0,0
1080,4,candidate,1071,1280,720,1920,1080,11.2732,12.5833,9.89798,1,1,0,0,0,0
1080,4,candidate,1072,1280,720,1920,1080,11.2835,12.2045,9.90515,1,1,0,0,0,0
1080,4,candidate,1073,1280,720,1920,1080,9.9072,10.868,8.53299,1,1,0,0,0,0
1080,4,candidate,1074,1280,720,1920,1080,9.37984,10.3603,8.00768,1,1,0,0,0,0
1080,4,candidate,1075,1280,720,1920,1080,12.7498,13.8959,11.3111,1,1,0,0,0,0
1080,4,candidate,1076,1280,720,1920,1080,11.3746,12.7422,9.98707,1,1,0,0,0,0
1080,4,candidate,1077,1280,720,1920,1080,11.4596,12.4115,10.0721,1,1,0,0,0,0
1080,4,candidate,1078,1280,720,1920,1080,11.1596,12.2395,9.77306,1,1,0,0,0,0
1080,4,candidate,1079,1280,720,1920,1080,11.478,12.3444,10.1028,1,1,0,0,0,0
1080,4,candidate,1080,1280,720,1920,1080,11.223,12.1912,9.84781,1,1,0,0,0,0
1080,4,candidate,1081,1280,720,1920,1080,11.2845,12.293,9.90925,1,1,0,0,0,0
1080,4,candidate,1082,1280,720,1920,1080,11.0377,12.0809,9.66144,1,1,0,0,0,0
1080,4,candidate,1083,1280,720,1920,1080,11.5098,12.4191,9.88262,1,1,0,0,0,0
1080,4,candidate,1084,1280,720,1920,1080,11.2579,12.2135,9.8816,1,1,0,0,0,0
1080,4,candidate,1085,1280,720,1920,1080,11.4053,12.351,10.028,1,1,0,0,0,0
1080,4,candidate,1086,1280,720,1920,1080,11.3224,12.4121,9.94406,1,1,0,0,0,0
1080,4,candidate,1087,1280,720,1920,1080,11.4964,12.5294,9.86419,1,1,0,0,0,0
1080,4,candidate,1088,1280,720,1920,1080,11.2712,12.2413,9.89389,1,1,0,0,0,0
1080,4,candidate,1089,1280,720,1920,1080,11.2988,12.2359,9.92256,1,1,0,0,0,0
1080,4,candidate,1090,1280,720,1920,1080,11.4504,12.3807,9.82118,1,1,0,0,0,0
1080,4,candidate,1091,1280,720,1920,1080,11.479,12.5684,9.85395,1,1,0,0,0,0
1080,4,candidate,1092,1280,720,1920,1080,11.4852,12.4845,9.85805,1,1,0,0,0,0
1080,4,candidate,1093,1280,720,1920,1080,11.4473,12.4453,9.82118,1,1,0,0,0,0
1080,4,candidate,1094,1280,720,1920,1080,11.2998,12.4466,9.67373,1,1,0,0,0,0
1080,4,candidate,1095,1280,720,1920,1080,11.4371,12.5431,9.81197,1,1,0,0,0,0
1080,4,candidate,1096,1280,720,1920,1080,11.5313,12.4896,9.90413,1,1,0,0,0,0
1080,4,candidate,1097,1280,720,1920,1080,11.5026,12.5779,9.87648,1,1,0,0,0,0
1080,4,candidate,1098,1280,720,1920,1080,11.4391,12.4184,9.88672,1,1,0,0,0,0
1080,4,candidate,1099,1280,720,1920,1080,11.4749,12.4999,10.0977,1,1,0,0,0,0
1080,4,candidate,1100,1280,720,1920,1080,11.4422,12.5076,9.79251,1,1,0,0,0,0
1080,4,candidate,1101,1280,720,1920,1080,11.4749,12.5011,9.8345,1,1,0,0,0,0
1080,4,candidate,1102,1280,720,1920,1080,11.4606,12.4745,9.82426,1,1,0,0,0,0
1080,4,candidate,1103,1280,720,1920,1080,11.2804,12.3102,9.90413,1,1,0,0,0,0
1080,4,candidate,1104,1280,720,1920,1080,11.564,12.6832,9.92666,1,1,0,0,0,0
1080,4,candidate,1105,1280,720,1920,1080,11.4739,12.4134,9.82733,1,1,0,0,0,0
1080,4,candidate,1106,1280,720,1920,1080,11.3766,12.6581,9.73926,1,1,0,0,0,0
1080,4,candidate,1107,1280,720,1920,1080,11.434,12.4879,9.79149,1,1,0,0,0,0
1080,4,candidate,1108,1280,720,1920,1080,11.4688,12.4259,9.82016,1,1,0,0,0,0
1080,4,candidate,1109,1280,720,1920,1080,11.4463,12.3657,9.80787,1,1,0,0,0,0
1080,4,candidate,1110,1280,720,1920,1080,11.5098,12.6299,9.86112,1,1,0,0,0,0
1080,4,candidate,1111,1280,720,1920,1080,11.4995,12.6412,9.85395,1,1,0,0,0,0
1080,4,candidate,1112,1280,720,1920,1080,11.2814,12.321,9.90208,1,1,0,0,0,0
1080,4,candidate,1113,1280,720,1920,1080,11.2804,12.2292,9.90106,1,1,0,0,0,0
1080,4,candidate,1114,1280,720,1920,1080,11.436,12.4468,9.78842,1,1,0,0,0,0
1080,4,candidate,1115,1280,720,1920,1080,11.4995,12.5654,9.85293,1,1,0,0,0,0
1080,4,candidate,1116,1280,720,1920,1080,11.5108,12.4876,9.84986,1,1,0,0,0,0
1080,4,candidate,1117,1280,720,1920,1080,11.5835,12.8872,9.94304,1,1,0,0,0,0
1080,4,candidate,1118,1280,720,1920,1080,11.4975,12.5591,9.85293,1,1,0,0,0,0
1080,4,candidate,1119,1280,720,1920,1080,11.2691,12.3365,9.89184,1,1,0,0,0,0
1080,4,candidate,1120,1280,720,1920,1080,11.2937,12.2372,9.73722,1,1,0,0,0,0
1080,4,candidate,1121,1280,720,1920,1080,11.2742,12.2455,9.89798,1,1,0,0,0,0
1080,4,candidate,1122,1280,720,1920,1080,10.8175,11.8875,9.43821,1,1,0,0,0,0
1080,4,candidate,1123,1280,720,1920,1080,11.3029,12.2539,9.66246,1,1,0,0,0,0
1080,4,candidate,1124,1280,720,1920,1080,11.3183,12.2793,9.6809,1,1,0,0,0,0
1080,4,candidate,1125,1280,720,1920,1080,11.2189,12.4016,9.84371,1,1,0,0,0,0
1080,4,candidate,1126,1280,720,1920,1080,11.2753,12.5273,9.89594,1,1,0,0,0,0
1080,4,candidate,1127,1280,720,1920,1080,11.2865,12.6265,9.9113,1,1,0,0,0,0
1080,4,candidate,1128,1280,720,1920,1080,11.2046,12.4684,9.82733,1,1,0,0,0,0
1080,4,candidate,1129,1280,720,1920,1080,11.3101,12.4847,9.65222,1,1,0,0,0,0
1080,4,candidate,1130,1280,720,1920,1080,11.266,12.6385,9.88774,1,1,0,0,0,0
1080,4,candidate,1131,1280,720,1920,1080,11.1964,12.3759,9.82118,1,1,0,0,0,0
1080,4,candidate,1132,1280,720,1920,1080,11.4586,12.4587,10.0823,1,1,0,0,0,0
1080,4,candidate,1133,1280,720,1920,1080,11.2527,12.1946,9.63482,1,1,0,0,0,0
1080,4,candidate,1134,1280,720,1920,1080,11.1084,12.3248,9.73107,1,1,0,0,0,0
1080,4,candidate,1135,1280,720,1920,1080,11.0725,12.3844,9.69523,1,1,0,0,0,0
1080,4,candidate,1136,1280,720,1920,1080,11.0234,12.3184,9.6471,1,1,0,0,0,0
1080,4,candidate,1137,1280,720,1920,1080,11.4217,12.7283,10.0444,1,1,0,0,0,0
1080,4,candidate,1138,1280,720,1920,1080,11.2599,12.3608,9.88262,1,1,0,0,0,0
1080,4,candidate,1139,1280,720,1920,1080,10.88,11.9559,9.5017,1,1,0,0,0,0
1080,4,candidate,1140,1280,720,1920,1080,11.0316,11.9819,9.65325,1,1,0,0,0,0
1080,4,candidate,1141,1280,720,1920,1080,11.2773,12.2503,9.90106,1,1,0,0,0,0
1080,4,candidate,1142,1280,720,1920,1080,11.0541,12.2135,9.65427,1,1,0,0,0,0
1080,4,candidate,1143,1280,720,1920,1080,11.4575,12.4048,9.82323,1,1,0,0,0,0
1080,4,candidate,1144,1280,720,1920,1080,11.4883,12.4891,10.1048,1,1,0,0,0,0
1080,4,candidate,1145,1280,720,1920,1080,11.3879,12.3609,10.0096,1,1,0,0,0,0
1080,4,candidate,1146,1280,720,1920,1080,11.1555,12.4121,9.77613,1,1,0,0,0,0
1080,4,candidate,1147,1280,720,1920,1080,11.817,12.8449,10.1939,1,1,0,0,0,0
1080,4,candidate,1148,1280,720,1920,1080,11.2988,12.2606,9.92256,1,1,0,0,0,0
1080,4,candidate,1149,1280,720,1920,1080,11.3377,12.3374,9.95942,1,1,0,0,0,0
1080,4,candidate,1150,1280,720,1920,1080,11.4483,12.4445,10.069,1,1,0,0,0,0
1080,4,candidate,1151,1280,720,1920,1080,11.4524,12.4187,10.0772,1,1,0,0,0,0
1080,4,candidate,1152,1280,720,1920,1080,11.2876,12.1992,9.90822,1,1,0,0,0,0
1080,4,candidate,1153,1280,720,1920,1080,11.2691,12.3277,9.89184,1,1,0,0,0,0
1080,4,candidate,1154,1280,720,1920,1080,11.2968,12.2923,9.92051,1,1,0,0,0,0
1080,4,candidate,1155,1280,720,1920,1080,11.3142,12.3035,9.93587,1,1,0,0,0,0
1080,4,candidate,1156,1280,720,1920,1080,11.476,12.4492,9.83757,1,1,0,0,0,0
1080,4,candidate,1157,1280,720,1920,1080,11.6019,12.6768,9.8263,1,1,0,0,0,0
1080,4,candidate,1158,1280,720,1920,1080,11.4883,12.673,9.83347,1,1,0,0,0,0
1080,4,candidate,1159,1280,720,1920,1080,11.2855,12.3314,9.91027,1,1,0,0,0,0
1080,4,candidate,1160,1280,720,1920,1080,11.3244,12.3645,9.94611,1,1,0,0,0,0
1080,4,candidate,1161,1280,720,1920,1080,11.1923,12.2248,9.81606,1,1,0,0,0,0
1080,4,candidate,1162,1280,720,1920,1080,11.1176,12.2168,9.74131,1,1,0,0,0,0
1080,4,candidate,1163,1280,720,1920,1080,11.3275,12.2224,9.67475,1,1,0,0,0,0
1080,4,candidate,1164,1280,720,1920,1080,11.4473,12.3821,9.7833,1,1,0,0,0,0
1080,4,candidate,1165,1280,720,1920,1080,11.3367,12.3542,9.69011,1,1,0,0,0,0
1080,4,candidate,1166,1280,720,1920,1080,11.1708,12.6104,9.79251,1,1,0,0,0,0
1080,4,candidate,1167,1280,720,1920,1080,11.2804,12.477,9.68499,1,1,0,0,0,0
1080,4,candidate,1168,1280,720,1920,1080,11.2906,12.2509,9.64403,1,1,0,0,0,0
1080,4,candidate,1169,1280,720,1920,1080,11.2732,12.2825,9.62662,1,1,0,0,0,0
1080,4,candidate,1170,1280,720,1920,1080,11.2415,12.3335,9.86522,1,1,0,0,0,0
1080,4,candidate,1171,1280,720,1920,1080,11.2988,12.2722,9.92358,1,1,0,0,0,0
1080,4,candidate,1172,1280,720,1920,1080,11.0121,12.1101,9.63174,1,1,0,0,0,0
1080,4,candidate,1173,1280,720,1920,1080,11.1933,12.1763,9.82118,1,1,0,0,0,0
1080,4,candidate,1174,1280,720,1920,1080,11.2538,12.3052,9.87853,1,1,0,0,0,0
1080,4,candidate,1175,1280,720,1920,1080,11.3009,12.3407,9.92358,1,1,0,0,0,0
1080,4,candidate,1176,1280,720,1920,1080,11.2538,12.3315,9.87853,1,1,0,0,0,0
1080,4,candidate,1177,1280,720,1920,1080,10.9537,12.0956,9.57952,1,1,0,0,0,0
1080,4,candidate,1178,1280,720,1920,1080,11.4422,12.4554,10.068,1,1,0,0,0,0
1080,4,candidate,1179,1280,720,1920,1080,11.2845,12.3945,9.90822,1,1,0,0,0,0
1080,4,candidate,1180,1280,720,1920,1080,11.2169,12.2342,9.84269,1,1,0,0,0,0
1080,4,candidate,1181,1280,720,1920,1080,11.4053,12.3503,10.0301,1,1,0,0,0,0
1080,4,candidate,1182,1280,720,1920,1080,11.2916,12.2066,9.91539,1,1,0,0,0,0
1080,4,candidate,1183,1280,720,1920,1080,11.3101,12.2836,9.68499,1,1,0,0,0,0
1080,4,candidate,1184,1280,720,1920,1080,11.2394,12.1612,9.86522,1,1,0,0,0,0
1080,4,candidate,1185,1280,720,1920,1080,11.4053,12.5249,9.78022,1,1,0,0,0,0
1080,4,candidate,1186,1280,720,1920,1080,11.5866,12.7856,9.95021,1,1,0,0,0,0
1080,4,candidate,1187,1280,720,1920,1080,11.4504,12.5759,9.81811,1,1,0,0,0,0
1080,4,candidate,1188,1280,720,1920,1080,11.2701,12.1818,9.89389,1,1,0,0,0,0
1080,4,candidate,1189,1280,720,1920,1080,11.3111,12.2475,9.93485,1,1,0,0,0,0
1080,4,candidate,1190,1280,720,1920,1080,11.4186,12.4242,9.80787,1,1,0,0,0,0
1080,4,candidate,1191,1280,720,1920,1080,11.519,12.4587,9.86726,1,1,0,0,0,0
1080,4,candidate,1192,1280,720,1920,1080,11.2978,12.3786,9.63686,1,1,0,0,0,0
1080,4,candidate,1193,1280,720,1920,1080,11.5036,12.4682,9.85498,1,1,0,0,0,0
1080,4,candidate,1194,1280,720,1920,1080,11.1974,12.2077,9.63789,1,1,0,0,0,0
1080,4,candidate,1195,1280,720,1920,1080,11.2609,12.4891,9.88877,1,1,0,0,0,0
1080,4,candidate,1196,1280,720,1920,1080,11.349,12.2999,9.71878,1,1,0,0,0,0
1080,4,candidate,1197,1280,720,1920,1080,11.3398,12.4731,9.6983,1,1,0,0,0,0
1080,4,candidate,1198,1280,720,1920,1080,11.2794,12.3172,9.64301,1,1,0,0,0,0
1080,4,candidate,1199,1280,720,1920,1080,11.2609,12.6969,9.88774,1,1,0,0,0,0
1080,4,reference,300,1280,720,1920,1080,11.4698,12.6271,10.0731,1,1,0,0,2,11059200
1080,4,reference,301,1280,720,1920,1080,11.1708,12.3348,9.79149,1,1,0,0,2,11059200
1080,4,reference,302,1280,720,1920,1080,11.4289,12.5492,10.0495,1,1,0,0,2,11059200
1080,4,reference,303,1280,720,1920,1080,9.95635,10.9084,8.58112,1,1,0,0,2,11059200
1080,4,reference,304,1280,720,1920,1080,9.64915,10.601,8.27494,1,1,0,0,2,11059200
1080,4,reference,305,1280,720,1920,1080,12.502,13.4614,10.2001,1,1,0,0,2,11059200
1080,4,reference,306,1280,720,1920,1080,11.1022,12.4624,9.72595,1,1,0,0,2,11059200
1080,4,reference,307,1280,720,1920,1080,11.606,12.6133,9.9584,1,1,0,0,2,11059200
1080,4,reference,308,1280,720,1920,1080,13.5844,14.5201,12.2081,1,1,0,0,2,11059200
1080,4,reference,309,1280,720,1920,1080,11.2701,12.2507,9.89082,1,1,0,0,2,11059200
1080,4,reference,310,1280,720,1920,1080,11.3848,12.3995,9.99629,1,1,0,0,2,11059200
1080,4,reference,311,1280,720,1920,1080,9.97069,10.8903,8.59546,1,1,0,0,2,11059200
1080,4,reference,312,1280,720,1920,1080,9.6553,12.0539,8.27085,1,1,0,0,2,11059200
1080,4,reference,313,1280,720,1920,1080,11.5272,12.4826,9.9031,1,1,0,0,2,11059200
1080,4,reference,314,1280,720,1920,1080,11.2916,12.1844,9.91437,1,1,0,0,2,11059200
1080,4,reference,315,1280,720,1920,1080,11.3254,12.2846,9.94714,1,1,0,0,2,11059200
1080,4,reference,316,1280,720,1920,1080,11.5405,12.555,9.89901,1,1,0,0,2,11059200
1080,4,reference,317,1280,720,1920,1080,11.518,12.4583,9.86829,1,1,0,0,2,11059200
1080,4,reference,318,1280,720,1920,1080,11.4924,12.5425,9.83552,1,1,0,0,2,11059200
1080,4,reference,319,1280,720,1920,1080,11.5773,12.8018,9.9369,1,1,0,0,2,11059200
1080,4,reference,320,1280,720,1920,1080,11.3541,12.4354,9.97478,1,1,0,0,2,11059200
1080,4,reference,321,1280,720,1920,1080,11.3746,12.366,9.99629,1,1,0,0,2,11059200
1080,4,reference,322,1280,720,1920,1080,11.3265,12.3106,9.94918,1,1,0,0,2,11059200
1080,4,reference,323,1280,720,1920,1080,11.5876,12.8793,9.93587,1,1,0,0,2,11059200
1080,4,reference,324,1280,720,1920,1080,11.3582,12.3617,9.98298,1,1,0,0,2,11059200
1080,4,reference,325,1280,720,1920,1080,11.3531,12.4768,9.97376,1,1,0,0,2,11059200
1080,4,reference,326,1280,720,1920,1080,11.3644,12.5436,9.98707,1,1,0,0,2,11059200
1080,4,reference,327,1280,720,1920,1080,11.5118,12.5502,10.1356,1,1,0,0,2,11059200
1080,4,reference,328,1280,720,1920,1080,11.5968,12.7053,10.2175,1,1,0,0,2,11059200
1080,4,reference,329,1280,720,1920,1080,11.518,12.4673,10.1386,1,1,0,0,2,11059200
1080,4,reference,330,1280,720,1920,1080,11.3459,12.3145,9.97069,1,1,0,0,2,11059200
1080,4,reference,331,1280,720,1920,1080,11.3306,12.4547,9.95021,1,1,0,0,2,11059200
1080,4,reference,332,1280,720,1920,1080,11.3705,12.4065,9.99014,1,1,0,0,2,11059200
1080,4,reference,333,1280,720,1920,1080,11.5466,12.744,10.1663,1,1,0,0,2,11059200
1080,4,reference,334,1280,720,1920,1080,11.5036,12.5025,10.1243,1,1,0,0,2,11059200
1080,4,reference,335,1280,720,1920,1080,11.519,12.5423,10.1396,1,1,0,0,2,11059200
1080,4,reference,336,1280,720,1920,1080,11.5067,12.4689,10.1263,1,1,0,0,2,11059200
1080,4,reference,337,1280,720,1920,1080,11.5057,12.711,10.1233,1,1,0,0,2,11059200
1080,4,reference,338,1280,720,1920,1080,11.3551,12.312,9.97478,1,1,0,0,2,11059200
1080,4,reference,339,1280,720,1920,1080,11.3644,12.3309,9.98502,1,1,0,0,2,11059200
1080,4,reference,340,1280,720,1920,1080,11.5855,12.8993,10.2031,1,1,0,0,2,11059200
1080,4,reference,341,1280,720,1920,1080,11.3674,12.4897,9.98093,1,1,0,0,2,11059200
1080,4,reference,342,1280,720,1920,1080,11.3295,12.2426,9.94918,1,1,0,0,2,11059200
1080,4,reference,343,1280,720,1920,1080,11.2507,12.294,9.87238,1,1,0,0,2,11059200
1080,4,reference,344,1280,720,1920,1080,11.5005,12.4386,10.1243,1,1,0,0,2,11059200
1080,4,reference,345,1280,720,1920,1080,11.5169,12.4388,10.1376,1,1,0,0,2,11059200
1080,4,reference,346,1280,720,1920,1080,11.5118,12.7021,10.1335,1,1,0,0,2,11059200
1080,4,reference,347,1280,720,1920,1080,11.6081,12.6674,10.2257,1,1,0,0,2,11059200
1080,4,reference,348,1280,720,1920,1080,11.3459,12.3346,9.96557,1,1,0,0,2,11059200
1080,4,reference,349,1280,720,1920,1080,11.4022,12.6739,10.0209,1,1,0,0,2,11059200
1080,4,reference,350,1280,720,1920,1080,11.3347,12.3561,9.95635,1,1,0,0,2,11059200
1080,4,reference,351,1280,720,1920,1080,11.349,12.3983,9.97069,1,1,0,0,2,11059200
1080,4,reference,352,1280,720,1920,1080,11.5579,12.6536,10.1796,1,1,0,0,2,11059200
1080,4,reference,353,1280,720,1920,1080,11.5692,12.7746,10.1878,1,1,0,0,2,11059200
1080,4,reference,354,1280,720,1920,1080,11.4094,12.4868,10.0198,1,1,0,0,2,11059200
1080,4,reference,355,1280,720,1920,1080,11.0264,12.1246,9.6471,1,1,0,0,2,11059200
1080,4,reference,356,1280,720,1920,1080,11.563,12.7164,9.93075,1,1,0,0,2,11059200
1080,4,reference,357,1280,720,1920,1080,11.5098,12.616,10.1233,1,1,0,0,2,11059200
1080,4,reference,358,1280,720,1920,1080,11.3695,12.4163,9.7495,1,1,0,0,2,11059200
1080,4,reference,359,1280,720,1920,1080,11.3572,12.4164,9.97786,1,1,0,0,2,11059200
1080,4,reference,360,1280,720,1920,1080,11.433,12.4239,10.0567,1,1,0,0,2,11059200
1080,4,reference,361,1280,720,1920,1080,11.5538,12.6003,10.1745,1,1,0,0,2,11059200
1080,4,reference,362,1280,720,1920,1080,11.4217,12.4733,10.0444,1,1,0,0,2,11059200
1080,4,reference,363,1280,720,1920,1080,11.1196,12.2442,9.74131,1,1,0,0,2,11059200
1080,4,reference,364,1280,720,1920,1080,11.5026,12.4755,10.1233,1,1,0,0,2,11059200
1080,4,reference,365,1280,720,1920,1080,11.3684,12.3825,9.98707,1,1,0,0,2,11059200
1080,4,reference,366,1280,720,1920,1080,11.3766,12.3367,9.99834,1,1,0,0,2,11059200
1080,4,reference,367,1280,720,1920,1080,11.305,12.2999,9.92563,1,1,0,0,2,11059200
1080,4,reference,368,1280,720,1920,1080,11.5692,12.5382,10.1898,1,1,0,0,2,11059200
1080,4,reference,369,1280,720,1920,1080,11.5599,12.6702,10.1786,1,1,0,0,2,11059200
1080,4,reference,370,1280,720,1920,1080,11.3623,12.5345,9.98298,1,1,0,0,2,11059200
1080,4,reference,371,1280,720,1920,1080,11.3265,12.3098,9.94611,1,1,0,0,2,11059200
1080,4,reference,372,1280,720,1920,1080,11.3367,12.4094,9.95942,1,1,0,0,2,11059200
1080,4,reference,373,1280,720,1920,1080,11.5466,12.6028,10.1663,1,1,0,0,2,11059200
1080,4,reference,374,1280,720,1920,1080,11.3459,12.3295,9.96864,1,1,0,0,2,11059200
1080,4,reference,375,1280,720,1920,1080,11.5436,12.5391,10.1652,1,1,0,0,2,11059200
1080,4,reference,376,1280,720,1920,1080,11.4012,12.3554,10.026,1,1,0,0,2,11059200
1080,4,reference,377,1280,720,1920,1080,11.4995,12.4666,10.1202,1,1,0,0,2,11059200
1080,4,reference,378,1280,720,1920,1080,11.2783,12.4432,9.88365,1,1,0,0,2,11059200
1080,4,reference,379,1280,720,1920,1080,11.4708,12.4022,10.0915,1,1,0,0,2,11059200
1080,4,reference,380,1280,720,1920,1080,11.5241,12.6176,9.8857,1,1,0,0,2,11059200
1080,4,reference,381,1280,720,1920,1080,11.2906,12.3369,9.9113,1,1,0,0,2,11059200
1080,4,reference,382,1280,720,1920,1080,11.5169,12.6376,10.1386,1,1,0,0,2,11059200
1080,4,reference,383,1280,720,1920,1080,11.4401,12.4358,10.0598,1,1,0,0,2,11059200
1080,4,reference,384,1280,720,1920,1080,11.4504,12.3355,10.0731,1,1,0,0,2,11059200
1080,4,reference,385,1280,720,1920,1080,11.5118,12.5085,10.1407,1,1,0,0,2,11059200
1080,4,reference,386,1280,720,1920,1080,11.5261,12.6051,10.1437,1,1,0,0,2,11059200
1080,4,reference,387,1280,720,1920,1080,11.4975,12.5439,10.1192,1,1,0,0,2,11059200
1080,4,reference,388,1280,720,1920,1080,11.7105,13.0354,10.3311,1,1,0,0,2,11059200
1080,4,reference,389,1280,720,1920,1080,11.3244,12.2971,9.94304,1,1,0,0,2,11059200
1080,4,reference,390,1280,720,1920,1080,11.348,12.4785,9.96966,1,1,0,0,2,11059200
1080,4,reference,391,1280,720,1920,1080,11.3828,12.3439,10.0035,1,1,0,0,2,11059200
1080,4,reference,392,1280,720,1920,1080,11.606,12.916,10.2287,1,1,0,0,2,11059200
1080,4,reference,393,1280,720,1920,1080,11.7074,12.7769,10.07,1,1,0,0,2,11059200
1080,4,reference,394,1280,720,1920,1080,10.9978,12.0351,9.61946,1,1,0,0,2,11059200
1080,4,reference,395,1280,720,1920,1080,11.477,12.4288,10.0977,1,1,0,0,2,11059200
1080,4,reference,396,1280,720,1920,1080,11.649,12.6798,10.0157,1,1,0,0,2,11059200
1080,4,reference,397,1280,720,1920,1080,11.3367,12.4146,9.93894,1,1,0,0,2,11059200
1080,4,reference,398,1280,720,1920,1080,11.5139,12.414,9.87136,1,1,0,0,2,11059200
1080,4,reference,399,1280,720,1920,1080,9.78227,10.7542,8.40704,1,1,0,0,2,11059200
1080,4,reference,400,1280,720,1920,1080,11.179,12.0964,9.80275,1,1,0,0,2,11059200
1080,4,reference,401,1280,720,1920,1080,11.3889,12.406,9.74643,1,1,0,0,2,11059200
1080,4,reference,402,1280,720,1920,1080,11.4821,12.4203,9.82528,1,1,0,0,2,11059200
1080,4,reference,403,1280,720,1920,1080,11.2978,12.5744,9.91744,1,1,0,0,2,11059200
1080,4,reference,404,1280,720,1920,1080,11.2015,12.5073,9.82528,1,1,0,0,2,11059200
1080,4,reference,405,1280,720,1920,1080,11.3521,12.2882,9.6983,1,1,0,0,2,11059200
1080,4,reference,406,1280,720,1920,1080,11.39,12.4935,9.74234,1,1,0,0,2,11059200
1080,4,reference,407,1280,720,1920,1080,11.2896,12.2895,9.71571,1,1,0,0,2,11059200
1080,4,reference,408,1280,720,1920,1080,11.3961,12.4653,10.0178,1,1,0,0,2,11059200
1080,4,reference,409,1280,720,1920,1080,11.6193,12.5903,10.0301,1,1,0,0,2,11059200
1080,4,reference,410,1280,720,1920,1080,11.4944,12.4546,10.1171,1,1,0,0,2,11059200
1080,4,reference,411,1280,720,1920,1080,11.3142,12.288,9.66656,1,1,0,0,2,11059200
1080,4,reference,412,1280,720,1920,1080,11.0715,12.4488,9.69523,1,1,0,0,2,11059200
1080,4,reference,413,1280,720,1920,1080,11.39,12.5528,9.74336,1,1,0,0,2,11059200
1080,4,reference,414,1280,720,1920,1080,11.3111,12.475,9.9328,1,1,0,0,2,11059200
1080,4,reference,415,1280,720,1920,1080,11.4545,12.4671,10.0751,1,1,0,0,2,11059200
1080,4,reference,416,1280,720,1920,1080,11.3357,12.2951,9.7065,1,1,0,0,2,11059200
1080,4,reference,417,1280,720,1920,1080,11.5814,12.7662,9.94918,1,1,0,0,2,11059200
1080,4,reference,418,1280,720,1920,1080,11.3244,12.3813,9.75155,1,1,0,0,2,11059200
1080,4,reference,419,1280,720,1920,1080,11.35,12.3327,9.96966,1,1,0,0,2,11059200
1080,4,reference,420,1280,720,1920,1080,11.2824,12.2983,9.7239,1,1,0,0,2,11059200
1080,4,reference,421,1280,720,1920,1080,11.5251,12.5576,10.1458,1,1,0,0,2,11059200
1080,4,reference,422,1280,720,1920,1080,11.2394,12.5771,9.86214,1,1,0,0,2,11059200
1080,4,reference,423,1280,720,1920,1080,11.3039,12.6853,9.92768,1,1,0,0,2,11059200
1080,4,reference,424,1280,720,1920,1080,11.6736,12.7221,10.0557,1,1,0,0,2,11059200
1080,4,reference,425,1280,720,1920,1080,11.2691,12.3293,9.71878,1,1,0,0,2,11059200
1080,4,reference,426,1280,720,1920,1080,11.3172,12.3896,9.93587,1,1,0,0,2,11059200
1080,4,reference,427,1280,720,1920,1080,11.1084,12.1611,9.71162,1,1,0,0,2,11059200
1080,4,reference,428,1280,720,1920,1080,11.2476,12.494,9.87034,1,1,0,0,2,11059200
1080,4,reference,429,1280,720,1920,1080,11.1176,12.4421,9.73824,1,1,0,0,2,11059200
1080,4,reference,430,1280,720,1920,1080,11.2374,12.6502,9.8601,1,1,0,0,2,11059200
1080,4,reference,431,1280,720,1920,1080,12.0791,13.0755,10.4315,1,1,0,0,2,11059200
1080,4,reference,432,1280,720,1920,1080,11.2855,12.3098,9.90413,1,1,0,0,2,11059200
1080,4,reference,433,1280,720,1920,1080,11.5067,12.5006,10.1294,1,1,0,0,2,11059200
1080,4,reference,434,1280,720,1920,1080,11.3777,12.463,9.73722,1,1,0,0,2,11059200
1080,4,reference,435,1280,720,1920,1080,11.4862,12.4698,9.84986,1,1,0,0,2,11059200
1080,4,reference,436,1280,720,1920,1080,9.80787,11.1014,8.43264,1,1,0,0,2,11059200
1080,4,reference,437,1280,720,1920,1080,11.9276,13.1273,10.0669,1,1,0,0,2,11059200
1080,4,reference,438,1280,720,1920,1080,11.4033,13.2331,10.0229,1,1,0,0,2,11059200
1080,4,reference,439,1280,720,1920,1080,11.4872,12.5643,10.11,1,1,0,0,2,11059200
1080,4,reference,440,1280,720,1920,1080,11.3367,12.3936,9.68602,1,1,0,0,2,11059200
1080,4,reference,441,1280,720,1920,1080,11.2415,12.1946,9.6727,1,1,0,0,2,11059200
1080,4,reference,442,1280,720,1920,1080,11.7289,12.6823,10.3496,1,1,0,0,2,11059200
1080,4,reference,443,1280,720,1920,1080,11.4647,12.4577,9.81709,1,1,0,0,2,11059200
1080,4,reference,444,1280,720,1920,1080,11.6439,12.6395,9.97683,1,1,0,0,2,11059200
1080,4,reference,445,1280,720,1920,1080,11.5497,12.9194,9.88877,1,1,0,0,2,11059200
1080,4,reference,446,1280,720,1920,1080,11.518,12.5313,9.86317,1,1,0,0,2,11059200
1080,4,reference,447,1280,720,1920,1080,11.5384,12.5327,9.89798,1,1,0,0,2,11059200
1080,4,reference,448,1280,720,1920,1080,11.6705,12.9149,10.0147,1,1,0,0,2,11059200
1080,4,reference,449,1280,720,1920,1080,11.3388,12.5023,9.9584,1,1,0,0,2,11059200
1080,4,reference,450,1280,720,1920,1080,11.5599,12.6448,10.1806,1,1,0,0,2,11059200
1080,4,reference,451,1280,720,1920,1080,11.5026,12.5024,10.1243,1,1,0,0,2,11059200
1080,4,reference,452,1280,720,1920,1080,11.5497,12.483,10.1734,1,1,0,0,2,11059200
1080,4,reference,453,1280,720,1920,1080,11.3428,12.3718,9.96147,1,1,0,0,2,11059200
1080,4,reference,454,1280,720,1920,1080,11.3807,12.3298,10.0014,1,1,0,0,2,11059200
1080,4,reference,455,1280,720,1920,1080,11.477,12.5022,10.0997,1,1,0,0,2,11059200
1080,4,reference,456,1280,720,1920,1080,11.4237,12.5965,10.0475,1,1,0,0,2,11059200
1080,4,reference,457,1280,720,1920,1080,11.3992,12.4319,10.0209,1,1,0,0,2,11059200
1080,4,reference,458,1280,720,1920,1080,11.3592,12.4592,9.9799,1,1,0,0,2,11059200
1080,4,reference,459,1280,720,1920,1080,11.5282,12.516,10.1489,1,1,0,0,2,11059200
1080,4,reference,460,1280,720,1920,1080,11.4913,12.5055,10.113,1,1,0,0,2,11059200
1080,4,reference,461,1280,720,1920,1080,11.4995,12.4792,10.1212,1,1,0,0,2,11059200
1080,4,reference,462,1280,720,1920,1080,11.5057,12.5806,10.1253,1,1,0,0,2,11059200
1080,4,reference,463,1280,720,1920,1080,11.3879,12.5198,10.0086,1,1,0,0,2,11059200
1080,4,reference,464,1280,720,1920,1080,11.5139,12.5743,10.1345,1,1,0,0,2,11059200
1080,4,reference,465,1280,720,1920,1080,11.5057,12.6459,10.1274,1,1,0,0,2,11059200
1080,4,reference,466,1280,720,1920,1080,11.4739,12.5154,10.0966,1,1,0,0,2,11059200
1080,4,reference,467,1280,720,1920,1080,11.351,12.3779,9.97069,1,1,0,0,2,11059200
1080,4,reference,468,1280,720,1920,1080,11.5712,12.5056,10.1878,1,1,0,0,2,11059200
1080,4,reference,469,1280,720,1920,1080,11.5487,12.589,10.1652,1,1,0,0,2,11059200
1080,4,reference,470,1280,720,1920,1080,11.3306,12.3068,9.95226,1,1,0,0,2,11059200
1080,4,reference,471,1280,720,1920,1080,11.5661,12.5107,10.1868,1,1,0,0,2,11059200
1080,4,reference,472,1280,720,1920,1080,11.5589,12.688,10.1837,1,1,0,0,2,11059200
1080,4,reference,473,1280,720,1920,1080,11.4299,12.4688,10.0506,1,1,0,0,2,11059200
1080,4,reference,474,1280,720,1920,1080,11.307,12.4068,9.93075,1,1,0,0,2,11059200
1080,4,reference,475,1280,720,1920,1080,11.8047,12.8038,10.2492,1,1,0,0,2,11059200
1080,4,reference,476,1280,720,1920,1080,11.5395,12.5291,9.91437,1,1,0,0,2,11059200
1080,4,reference,477,1280,720,1920,1080,11.3408,12.3829,9.70445,1,1,0,0,2,11059200
1080,4,reference,478,1280,720,1920,1080,11.3684,12.3452,9.98707,1,1,0,0,2,11059200
1080,4,reference,479,1280,720,1920,1080,11.3664,12.4066,9.98298,1,1,0,0,2,11059200
1080,4,reference,480,1280,720,1920,1080,11.4975,12.495,10.1192,1,1,0,0,2,11059200
1080,4,reference,481,1280,720,1920,1080,11.3848,12.2978,10.0045,1,1,0,0,2,11059200
1080,4,reference,482,1280,720,1920,1080,11.5046,12.5032,10.1263,1,1,0,0,2,11059200
1080,4,reference,483,1280,720,1920,1080,11.4381,12.4991,10.0618,1,1,0,0,2,11059200
1080,4,reference,484,1280,720,1920,1080,11.5415,12.6004,10.1652,1,1,0,0,2,11059200
1080,4,reference,485,1280,720,1920,1080,11.5087,12.637,10.1304,1,1,0,0,2,11059200
1080,4,reference,486,1280,720,1920,1080,11.3684,12.3324,9.99014,1,1,0,0,2,11059200
1080,4,reference,487,1280,720,1920,1080,11.3367,12.3181,9.9584,1,1,0,0,2,11059200
1080,4,reference,488,1280,720,1920,1080,11.3859,12.3523,9.81094,1,1,0,0,2,11059200
1080,4,reference,489,1280,720,1920,1080,11.5876,12.5894,9.95942,1,1,0,0,2,11059200
1080,4,reference,490,1280,720,1920,1080,11.4801,12.3713,9.90003,1,1,0,0,2,11059200
1080,4,reference,491,1280,720,1920,1080,11.3746,12.3189,9.99629,1,1,0,0,2,11059200
1080,4,reference,492,1280,720,1920,1080,11.6173,12.5199,9.94918,1,1,0,0,2,11059200
1080,4,reference,493,1280,720,1920,1080,11.5046,12.5006,10.1243,1,1,0,0,2,11059200
1080,4,reference,494,1280,720,1920,1080,11.4135,12.32,10.0332,1,1,0,0,2,11059200
1080,4,reference,495,1280,720,1920,1080,11.4135,12.4658,10.0321,1,1,0,0,2,11059200
1080,4,reference,496,1280,720,1920,1080,11.2609,12.239,9.68704,1,1,0,0,2,11059200
1080,4,reference,497,1280,720,1920,1080,9.80275,11.0527,8.42547,1,1,0,0,2,11059200
1080,4,reference,498,1280,720,1920,1080,9.45869,10.3148,8.08448,1,1,0,0,2,11059200
1080,4,reference,499,1280,720,1920,1080,12.8205,13.8312,11.4176,1,1,0,0,2,11059200
1080,4,reference,500,1280,720,1920,1080,11.4166,12.4688,10.0362,1,1,0,0,2,11059200
1080,4,reference,501,1280,720,1920,1080,10.1765,11.1176,8.80128,1,1,0,0,2,11059200
1080,4,reference,502,1280,720,1920,1080,12.8614,13.9106,11.4493,1,1,0,0,2,11059200
1080,4,reference,503,1280,720,1920,1080,11.2927,12.3769,9.90925,1,1,0,0,2,11059200
1080,4,reference,504,1280,720,1920,1080,11.0776,12.1814,8.40909,1,1,0,0,2,11059200
1080,4,reference,505,1280,720,1920,1080,11.1186,12.1138,9.71776,1,1,0,0,2,11059200
1080,4,reference,506,1280,720,1920,1080,11.3306,12.2575,9.95123,1,1,0,0,2,11059200
1080,4,reference,507,1280,720,1920,1080,11.2968,12.2833,9.91642,1,1,0,0,2,11059200
1080,4,reference,508,1280,720,1920,1080,11.349,12.326,9.97069,1,1,0,0,2,11059200
1080,4,reference,509,1280,720,1920,1080,11.2568,12.4633,9.87341,1,1,0,0,2,11059200
1080,4,reference,510,1280,720,1920,1080,11.5364,12.6959,10.1581,1,1,0,0,2,11059200
1080,4,reference,511,1280,720,1920,1080,11.3951,12.3469,10.0137,1,1,0,0,2,11059200
1080,4,reference,512,1280,720,1920,1080,11.9972,12.9782,10.2031,1,1,0,0,2,11059200
1080,4,reference,513,1280,720,1920,1080,11.3265,12.4847,9.94918,1,1,0,0,2,11059200
1080,4,reference,514,1280,720,1920,1080,11.4708,12.8734,10.0925,1,1,0,0,2,11059200
1080,4,reference,515,1280,720,1920,1080,11.3224,12.3235,9.94406,1,1,0,0,2,11059200
1080,4,reference,516,1280,720,1920,1080,11.3428,12.3913,9.71366,1,1,0,0,2,11059200
1080,4,reference,517,1280,720,1920,1080,11.0664,12.0674,9.66349,1,1,0,0,2,11059200
1080,4,reference,518,1280,720,1920,1080,11.4995,12.5346,10.1222,1,1,0,0,2,11059200
1080,4,reference,519,1280,720,1920,1080,11.39,12.4201,10.0035,1,1,0,0,2,11059200
1080,4,reference,520,1280,720,1920,1080,11.0868,12.0821,9.66963,1,1,0,0,2,11059200
1080,4,reference,521,1280,720,1920,1080,11.9757,12.8746,10.3332,1,1,0,0,2,11059200
1080,4,reference,522,1280,720,1920,1080,11.6951,12.6096,10.0588,1,1,0,0,2,11059200
1080,4,reference,523,1280,720,1920,1080,9.76486,10.7822,8.38963,1,1,0,0,2,11059200
1080,4,reference,524,1280,720,1920,1080,12.8481,13.887,11.4412,1,1,0,0,2,11059200
1080,4,reference,525,1280,720,1920,1080,11.4596,12.4429,9.82016,1,1,0,0,2,11059200
1080,4,reference,526,1280,720,1920,1080,11.3388,12.2798,9.96352,1,1,0,0,2,11059200
1080,4,reference,527,1280,720,1920,1080,11.5958,12.5863,10.2175,1,1,0,0,2,11059200
1080,4,reference,528,1280,720,1920,1080,11.5139,12.4983,10.1345,1,1,0,0,2,11059200
1080,4,reference,529,1280,720,1920,1080,11.2701,12.2888,9.88979,1,1,0,0,2,11059200
1080,4,reference,530,1280,720,1920,1080,11.52,12.4468,10.1407,1,1,0,0,2,11059200
1080,4,reference,531,1280,720,1920,1080,11.4995,12.4846,10.1181,1,1,0,0,2,11059200
1080,4,reference,532,1280,720,1920,1080,11.4616,12.4145,10.0844,1,1,0,0,2,11059200
1080,4,reference,533,1280,720,1920,1080,11.5569,12.5938,10.1775,1,1,0,0,2,11059200
1080,4,reference,534,1280,720,1920,1080,11.521,12.6787,10.1427,1,1,0,0,2,11059200
1080,4,reference,535,1280,720,1920,1080,11.522,12.579,10.1437,1,1,0,0,2,11059200
1080,4,reference,536,1280,720,1920,1080,11.2845,12.2698,9.9072,1,1,0,0,2,11059200
1080,4,reference,537,1280,720,1920,1080,11.5487,12.7814,10.1693,1,1,0,0,2,11059200
1080,4,reference,538,1280,720,1920,1080,11.3695,12.4879,9.73722,1,1,0,0,2,11059200
1080,4,reference,539,1280,720,1920,1080,11.3981,12.3731,9.77408,1,1,0,0,2,11059200
1080,4,reference,540,1280,720,1920,1080,11.3551,12.28,9.97683,1,1,0,0,2,11059200
1080,4,reference,541,1280,720,1920,1080,11.5343,12.7266,10.1571,1,1,0,0,2,11059200
1080,4,reference,542,1280,720,1920,1080,11.35,12.3238,9.96966,1,1,0,0,2,11059200
1080,4,reference,543,1280,720,1920,1080,11.3162,12.4033,9.93587,1,1,0,0,2,11059200
1080,4,reference,544,1280,720,1920,1080,11.3234,12.3802,9.94202,1,1,0,0,2,11059200
1080,4,reference,545,1280,720,1920,1080,11.5087,12.405,10.1284,1,1,0,0,2,11059200
1080,4,reference,546,1280,720,1920,1080,11.5753,12.5046,10.1939,1,1,0,0,2,11059200
1080,4,reference,547,1280,720,1920,1080,11.2783,12.4171,9.89798,1,1,0,0,2,11059200
1080,4,reference,548,1280,720,1920,1080,11.4524,12.5666,10.07,1,1,0,0,2,11059200
1080,4,reference,549,1280,720,1920,1080,11.3265,12.2927,9.94611,1,1,0,0,2,11059200
1080,4,reference,550,1280,720,1920,1080,11.2937,12.1802,9.91437,1,1,0,0,2,11059200
1080,4,reference,551,1280,720,1920,1080,11.3859,12.3519,10.0096,1,1,0,0,2,11059200
1080,4,reference,552,1280,720,1920,1080,11.3633,12.3318,9.98605,1,1,0,0,2,11059200
1080,4,reference,553,1280,720,1920,1080,11.4115,12.3704,9.76077,1,1,0,0,2,11059200
1080,4,reference,554,1280,720,1920,1080,11.3828,12.3506,10.0024,1,1,0,0,2,11059200
1080,4,reference,555,1280,720,1920,1080,11.561,12.7164,9.90515,1,1,0,0,2,11059200
1080,4,reference,556,1280,720,1920,1080,11.3203,12.3038,9.94509,1,1,0,0,2,11059200
1080,4,reference,557,1280,720,1920,1080,11.3551,12.3462,9.97478,1,1,0,0,2,11059200
1080,4,reference,558,1280,720,1920,1080,11.5671,12.5241,9.91744,1,1,0,0,2,11059200
1080,4,reference,559,1280,720,1920,1080,11.5067,12.5935,9.84474,1,1,0,0,2,11059200
1080,4,reference,560,1280,720,1920,1080,11.5784,12.7815,9.91744,1,1,0,0,2,11059200
1080,4,reference,561,1280,720,1920,1080,11.5241,12.6446,10.1437,1,1,0,0,2,11059200
1080,4,reference,562,1280,720,1920,1080,11.5364,12.5638,10.1581,1,1,0,0,2,11059200
1080,4,reference,563,1280,720,1920,1080,11.5292,12.6149,10.1499,1,1,0,0,2,11059200
1080,4,reference,564,1280,720,1920,1080,11.2937,12.3065,9.87034,1,1,0,0,2,11059200
1080,4,reference,565,1280,720,1920,1080,11.4708,12.4341,9.90208,1,1,0,0,2,11059200
1080,4,reference,566,1280,720,1920,1080,11.3951,12.3505,10.0198,1,1,0,0,2,11059200
1080,4,reference,567,1280,720,1920,1080,11.3306,12.3057,9.95021,1,1,0,0,2,11059200
1080,4,reference,568,1280,720,1920,1080,11.5313,12.4835,9.90515,1,1,0,0,2,11059200
1080,4,reference,569,1280,720,1920,1080,11.391,12.4828,10.0116,1,1,0,0,2,11059200
1080,4,reference,570,1280,720,1920,1080,11.5354,12.5189,9.90003,1,1,0,0,2,11059200
1080,4,reference,571,1280,720,1920,1080,11.3183,12.2888,9.93792,1,1,0,0,2,11059200
1080,4,reference,572,1280,720,1920,1080,11.5302,12.6315,9.9031,1,1,0,0,2,11059200
1080,4,reference,573,1280,720,1920,1080,11.3398,12.4045,9.96147,1,1,0,0,2,11059200
1080,4,reference,574,1280,720,1920,1080,11.3644,12.4887,9.98707,1,1,0,0,2,11059200
1080,4,reference,575,1280,720,1920,1080,11.4063,12.4109,10.026,1,1,0,0,2,11059200
1080,4,reference,576,1280,720,1920,1080,11.3142,12.3226,9.9369,1,1,0,0,2,11059200
1080,4,reference,577,1280,720,1920,1080,11.5354,12.4914,9.89491,1,1,0,0,2,11059200
1080,4,reference,578,1280,720,1920,1080,11.4924,12.4697,9.85805,1,1,0,0,2,11059200
1080,4,reference,579,1280,720,1920,1080,11.5384,12.526,9.89696,1,1,0,0,2,11059200
1080,4,reference,580,1280,720,1920,1080,11.5098,12.4936,9.8816,1,1,0,0,2,11059200
1080,4,reference,581,1280,720,1920,1080,11.5476,12.717,9.91846,1,1,0,0,2,11059200
1080,4,reference,582,1280,720,1920,1080,11.3746,12.5098,9.99526,1,1,0,0,2,11059200
1080,4,reference,583,1280,720,1920,1080,11.3398,12.3883,9.96147,1,1,0,0,2,11059200
1080,4,reference,584,1280,720,1920,1080,11.3408,12.3733,9.9625,1,1,0,0,2,11059200
1080,4,reference,585,1280,720,1920,1080,11.3398,12.3819,9.9584,1,1,0,0,2,11059200
1080,4,reference,586,1280,720,1920,1080,11.5077,12.4387,9.8601,1,1,0,0,2,11059200
1080,4,reference,587,1280,720,1920,1080,11.5784,12.9104,9.95021,1,1,0,0,2,11059200
1080,4,reference,588,1280,720,1920,1080,11.9091,13.0578,10.2799,1,1,0,0,2,11059200
1080,4,reference,589,1280,720,1920,1080,11.1831,12.3221,9.78534,1,1,0,0,2,11059200
1080,4,reference,590,1280,720,1920,1080,11.5548,12.4823,10.1745,1,1,0,0,2,11059200
1080,4,reference,591,1280,720,1920,1080,11.4237,12.4028,10.0454,1,1,0,0,2,11059200
1080,4,reference,592,1280,720,1920,1080,11.5077,12.4352,10.1325,1,1,0,0,2,11059200
1080,4,reference,593,1280,720,1920,1080,11.5415,12.5267,10.1612,1,1,0,0,2,11059200
1080,4,reference,594,1280,720,1920,1080,11.7821,12.9009,10.4059,1,1,0,0,2,11059200
1080,4,reference,595,1280,720,1920,1080,11.5886,12.6799,10.2093,1,1,0,0,2,11059200
1080,4,reference,596,1280,720,1920,1080,11.2916,12.2172,9.91437,1,1,0,0,2,11059200
1080,4,reference,597,1280,720,1920,1080,11.3142,12.2544,9.93485,1,1,0,0,2,11059200
1080,4,reference,598,1280,720,1920,1080,11.5988,12.7199,10.2205,1,1,0,0,2,11059200
1080,4,reference,599,1280,720,1920,1080,11.3551,12.3565,9.73414,1,1,0,0,2,11059200
1080,4,reference,600,1280,720,1920,1080,11.3295,12.3093,9.71264,1,1,0,0,2,11059200
1080,4,reference,601,1280,720,1920,1080,11.3121,12.3684,9.9328,1,1,0,0,2,11059200
1080,4,reference,602,1280,720,1920,1080,11.5722,12.5191,10.1939,1,1,0,0,2,11059200
1080,4,reference,603,1280,720,1920,1080,11.305,12.3109,9.92768,1,1,0,0,2,11059200
1080,4,reference,604,1280,720,1920,1080,11.4831,12.4417,10.1059,1,1,0,0,2,11059200
1080,4,reference,605,1280,720,1920,1080,11.3797,12.4926,10.0014,1,1,0,0,2,11059200
1080,4,reference,606,1280,720,1920,1080,11.3367,12.2785,9.95635,1,1,0,0,2,11059200
1080,4,reference,607,1280,720,1920,1080,11.3644,12.3022,9.98605,1,1,0,0,2,11059200
1080,4,reference,608,1280,720,1920,1080,11.6101,12.7697,9.96762,1,1,0,0,2,11059200
1080,4,reference,609,1280,720,1920,1080,11.4739,12.4675,9.84166,1,1,0,0,2,11059200
1080,4,reference,610,1280,720,1920,1080,11.775,12.7694,10.1478,1,1,0,0,2,11059200
1080,4,reference,611,1280,720,1920,1080,11.4913,12.572,10.112,1,1,0,0,2,11059200
1080,4,reference,612,1280,720,1920,1080,11.2343,12.3708,9.84166,1,1,0,0,2,11059200
1080,4,reference,613,1280,720,1920,1080,11.5436,12.5217,10.1642,1,1,0,0,2,11059200
1080,4,reference,614,1280,720,1920,1080,11.5313,12.5546,10.154,1,1,0,0,2,11059200
1080,4,reference,615,1280,720,1920,1080,11.3603,12.3278,9.98093,1,1,0,0,2,11059200
1080,4,reference,616,1280,720,1920,1080,11.221,12.3314,9.84371,1,1,0,0,2,11059200
1080,4,reference,617,1280,720,1920,1080,11.3715,12.4068,9.99424,1,1,0,0,2,11059200
1080,4,reference,618,1280,720,1920,1080,11.2753,12.3263,9.86112,1,1,0,0,2,11059200
1080,4,reference,619,1280,720,1920,1080,11.4821,12.4292,9.84781,1,1,0,0,2,11059200
1080,4,reference,620,1280,720,1920,1080,11.4739,12.3617,10.0977,1,1,0,0,2,11059200
1080,4,reference,621,1280,720,1920,1080,11.35,12.2813,9.96762,1,1,0,0,2,11059200
1080,4,reference,622,1280,720,1920,1080,11.5415,12.5031,9.90515,1,1,0,0,2,11059200
1080,4,reference,623,1280,720,1920,1080,11.1114,12.2768,9.71366,1,1,0,0,2,11059200
1080,4,reference,624,1280,720,1920,1080,11.5149,12.4072,10.1407,1,1,0,0,2,11059200
1080,4,reference,625,1280,720,1920,1080,11.4749,12.4276,9.83552,1,1,0,0,2,11059200
1080,4,reference,626,1280,720,1920,1080,9.9799,10.9153,8.60672,1,1,0,0,2,11059200
1080,4,reference,627,1280,720,1920,1080,12.8686,14.0158,11.4698,1,1,0,0,2,11059200
1080,4,reference,628,1280,720,1920,1080,11.5988,12.5492,10.2236,1,1,0,0,2,11059200
1080,4,reference,629,1280,720,1920,1080,11.5712,12.5722,9.93997,1,1,0,0,2,11059200
1080,4,reference,630,1280,720,1920,1080,11.5251,12.5512,9.89594,1,1,0,0,2,11059200
1080,4,reference,631,1280,720,1920,1080,11.5333,12.5565,9.89594,1,1,0,0,2,11059200
1080,4,reference,632,1280,720,1920,1080,11.518,12.4778,9.89184,1,1,0,0,2,11059200
1080,4,reference,633,1280,720,1920,1080,11.5241,12.7173,9.89696,1,1,0,0,2,11059200
1080,4,reference,634,1280,720,1920,1080,11.3306,12.2789,9.9543,1,1,0,0,2,11059200
1080,4,reference,635,1280,720,1920,1080,11.476,12.5365,10.0966,1,1,0,0,2,11059200
1080,4,reference,636,1280,720,1920,1080,11.1319,12.1924,9.71366,1,1,0,0,2,11059200
1080,4,reference,637,1280,720,1920,1080,11.8815,12.7851,10.2605,1,1,0,0,2,11059200
1080,4,reference,638,1280,720,1920,1080,11.3142,12.308,9.93792,1,1,0,0,2,11059200
1080,4,reference,639,1280,720,1920,1080,11.5323,12.4742,9.86931,1,1,0,0,2,11059200
1080,4,reference,640,1280,720,1920,1080,11.5558,12.5654,9.89798,1,1,0,0,2,11059200
1080,4,reference,641,1280,720,1920,1080,11.3521,12.4193,9.97478,1,1,0,0,2,11059200
1080,4,reference,642,1280,720,1920,1080,11.6183,12.5898,9.94714,1,1,0,0,2,11059200
1080,4,reference,643,1280,720,1920,1080,11.5057,12.4793,9.94509,1,1,0,0,2,11059200
1080,4,reference,644,1280,720,1920,1080,11.6685,12.8628,10.0352,1,1,0,0,2,11059200
1080,4,reference,645,1280,720,1920,1080,11.5077,12.4655,10.1294,1,1,0,0,2,11059200
1080,4,reference,646,1280,720,1920,1080,11.3705,12.3707,9.99629,1,1,0,0,2,11059200
1080,4,reference,647,1280,720,1920,1080,11.562,12.5155,10.1847,1,1,0,0,2,11059200
1080,4,reference,648,1280,720,1920,1080,11.3807,12.3507,10.0035,1,1,0,0,2,11059200
1080,4,reference,649,1280,720,1920,1080,11.35,12.3293,9.97376,1,1,0,0,2,11059200
1080,4,reference,650,1280,720,1920,1080,11.4821,12.4977,9.85395,1,1,0,0,2,11059200
1080,4,reference,651,1280,720,1920,1080,11.5425,12.6369,9.91437,1,1,0,0,2,11059200
1080,4,reference,652,1280,720,1920,1080,11.3347,12.3744,9.95738,1,1,0,0,2,11059200
1080,4,reference,653,1280,720,1920,1080,11.3347,12.369,9.95226,1,1,0,0,2,11059200
1080,4,reference,654,1280,720,1920,1080,11.5057,12.4896,9.8775,1,1,0,0,2,11059200
1080,4,reference,655,1280,720,1920,1080,11.5057,12.5433,9.87648,1,1,0,0,2,11059200
1080,4,reference,656,1280,720,1920,1080,11.52,12.4977,9.89184,1,1,0,0,2,11059200
1080,4,reference,657,1280,720,1920,1080,11.4166,12.5138,10.0424,1,1,0,0,2,11059200
1080,4,reference,658,1280,720,1920,1080,11.4903,12.5783,9.86317,1,1,0,0,2,11059200
1080,4,reference,659,1280,720,1920,1080,11.4739,12.6692,10.0966,1,1,0,0,2,11059200
1080,4,reference,660,1280,720,1920,1080,11.4616,12.4812,10.0854,1,1,0,0,2,11059200
1080,4,reference,661,1280,720,1920,1080,11.3377,12.318,9.95942,1,1,0,0,2,11059200
1080,4,reference,662,1280,720,1920,1080,11.5784,12.7538,10.2031,1,1,0,0,2,11059200
1080,4,reference,663,1280,720,1920,1080,11.4637,12.4556,10.0823,1,1,0,0,2,11059200
1080,4,reference,664,1280,720,1920,1080,11.477,12.6231,10.1007,1,1,0,0,2,11059200
1080,4,reference,665,1280,720,1920,1080,11.4831,12.5599,10.1079,1,1,0,0,2,11059200
1080,4,reference,666,1280,720,1920,1080,11.4821,12.7022,10.1048,1,1,0,0,2,11059200
1080,4,reference,667,1280,720,1920,1080,11.2753,12.2335,9.89901,1,1,0,0,2,11059200
1080,4,reference,668,1280,720,1920,1080,9.80173,10.727,8.42957,1,1,0,0,2,11059200
1080,4,reference,669,1280,720,1920,1080,12.2358,13.2937,10.8349,1,1,0,0,2,11059200
1080,4,reference,670,1280,720,1920,1080,11.1299,12.1627,9.70445,1,1,0,0,2,11059200
1080,4,reference,671,1280,720,1920,1080,11.1196,12.1149,9.74336,1,1,0,0,2,11059200
1080,4,reference,672,1280,720,1920,1080,11.5692,12.5507,9.92154,1,1,0,0,2,11059200
1080,4,reference,673,1280,720,1920,1080,11.3265,12.4177,9.68397,1,1,0,0,2,11059200
1080,4,reference,674,1280,720,1920,1080,11.522,12.7312,9.87648,1,1,0,0,2,11059200
1080,4,reference,675,1280,720,1920,1080,11.351,12.4947,9.71162,1,1,0,0,2,11059200
1080,4,reference,676,1280,720,1920,1080,11.6756,12.6782,9.8857,1,1,0,0,2,11059200
1080,4,reference,677,1280,720,1920,1080,11.3705,12.4543,9.99219,1,1,0,0,2,11059200
1080,4,reference,678,1280,720,1920,1080,11.6244,12.9501,9.96864,1,1,0,0,2,11059200
1080,4,reference,679,1280,720,1920,1080,11.5466,12.5309,9.90413,1,1,0,0,2,11059200
1080,4,reference,680,1280,720,1920,1080,11.4913,12.5885,9.86419,1,1,0,0,2,11059200
1080,4,reference,681,1280,720,1920,1080,11.3633,12.3051,9.98502,1,1,0,0,2,11059200
1080,4,reference,682,1280,720,1920,1080,11.3254,12.3097,9.94918,1,1,0,0,2,11059200
1080,4,reference,683,1280,720,1920,1080,11.3162,12.4901,9.9369,1,1,0,0,2,11059200
1080,4,reference,684,1280,720,1920,1080,11.5261,12.4936,9.85702,1,1,0,0,2,11059200
1080,4,reference,685,1280,720,1920,1080,11.5599,12.7143,9.91846,1,1,0,0,2,11059200
1080,4,reference,686,1280,720,1920,1080,11.2876,12.2182,9.90822,1,1,0,0,2,11059200
1080,4,reference,687,1280,720,1920,1080,11.3408,12.2551,9.96352,1,1,0,0,2,11059200
1080,4,reference,688,1280,720,1920,1080,11.5139,12.5983,9.87034,1,1,0,0,2,11059200
1080,4,reference,689,1280,720,1920,1080,11.3541,12.3942,9.97069,1,1,0,0,2,11059200
1080,4,reference,690,1280,720,1920,1080,11.5436,12.6333,9.89491,1,1,0,0,2,11059200
1080,4,reference,691,1280,720,1920,1080,11.39,12.3725,10.0127,1,1,0,0,2,11059200
1080,4,reference,692,1280,720,1920,1080,11.4708,12.4636,10.0956,1,1,0,0,2,11059200
1080,4,reference,693,1280,720,1920,1080,11.4708,12.4806,9.82118,1,1,0,0,2,11059200
1080,4,reference,694,1280,720,1920,1080,11.6275,12.9567,9.98707,1,1,0,0,2,11059200
1080,4,reference,695,1280,720,1920,1080,11.4565,12.5463,10.0833,1,1,0,0,2,11059200
1080,4,reference,696,1280,720,1920,1080,11.3439,12.3294,9.96966,1,1,0,0,2,11059200
1080,4,reference,697,1280,720,1920,1080,11.3684,12.3729,9.99014,1,1,0,0,2,11059200
1080,4,reference,698,1280,720,1920,1080,11.0848,12.1501,9.65939,1,1,0,0,2,11059200
1080,4,reference,699,1280,720,1920,1080,11.3736,12.2558,9.8304,1,1,0,0,2,11059200
1080,4,reference,700,1280,720,1920,1080,11.3439,12.3907,9.96966,1,1,0,0,2,11059200
1080,4,reference,701,1280,720,1920,1080,11.3388,12.4224,9.69114,1,1,0,0,2,11059200
1080,4,reference,702,1280,720,1920,1080,11.3265,12.3165,9.68806,1,1,0,0,2,11059200
1080,4,reference,703,1280,720,1920,1080,11.4074,12.3765,9.75667,1,1,0,0,2,11059200
1080,4,reference,704,1280,720,1920,1080,11.3469,12.4614,9.71264,1,1,0,0,2,11059200
1080,4,reference,705,1280,720,1920,1080,11.391,12.362,9.74541,1,1,0,0,2,11059200
1080,4,reference,706,1280,720,1920,1080,11.1524,12.3568,9.77715,1,1,0,0,2,11059200
1080,4,reference,707,1280,720,1920,1080,11.3756,12.4069,9.72083,1,1,0,0,2,11059200
1080,4,reference,708,1280,720,1920,1080,11.3562,12.3115,9.71981,1,1,0,0,2,11059200
1080,4,reference,709,1280,720,1920,1080,11.4473,12.8256,10.07,1,1,0,0,2,11059200
1080,4,reference,710,1280,720,1920,1080,11.3326,12.4506,9.96147,1,1,0,0,2,11059200
1080,4,reference,711,1280,720,1920,1080,11.3244,12.285,9.68294,1,1,0,0,2,11059200
1080,4,reference,712,1280,720,1920,1080,11.3224,12.8131,9.94816,1,1,0,0,2,11059200
1080,4,reference,713,1280,720,1920,1080,11.3469,12.677,9.70547,1,1,0,0,2,11059200
1080,4,reference,714,1280,720,1920,1080,11.522,12.6572,9.9031,1,1,0,0,2,11059200
1080,4,reference,715,1280,720,1920,1080,11.5743,12.5999,9.93485,1,1,0,0,2,11059200
1080,4,reference,716,1280,720,1920,1080,11.5169,12.4888,9.8816,1,1,0,0,2,11059200
1080,4,reference,717,1280,720,1920,1080,11.69,12.6967,9.86317,1,1,0,0,2,11059200
1080,4,reference,718,1280,720,1920,1080,11.5057,12.6229,9.86214,1,1,0,0,2,11059200
1080,4,reference,719,1280,720,1920,1080,11.6675,12.611,10.0116,1,1,0,0,2,11059200
1080,4,reference,720,1280,720,1920,1080,11.349,12.4255,9.97274,1,1,0,0,2,11059200
1080,4,reference,721,1280,720,1920,1080,11.307,12.4888,9.92768,1,1,0,0,2,11059200
1080,4,reference,722,1280,720,1920,1080,11.3398,12.4143,9.96557,1,1,0,0,2,11059200
1080,4,reference,723,1280,720,1920,1080,11.3992,12.5002,10.0229,1,1,0,0,2,11059200
1080,4,reference,724,1280,720,1920,1080,11.3285,12.2772,9.9543,1,1,0,0,2,11059200
1080,4,reference,725,1280,720,1920,1080,11.3347,12.404,9.95533,1,1,0,0,2,11059200
1080,4,reference,726,1280,720,1920,1080,11.3152,12.2969,9.93894,1,1,0,0,2,11059200
1080,4,reference,727,1280,720,1920,1080,9.92768,10.9945,8.5545,1,1,0,0,2,11059200
1080,4,reference,728,1280,720,1920,1080,12.4529,13.4952,10.1325,1,1,0,0,2,11059200
1080,4,reference,729,1280,720,1920,1080,11.1503,12.1906,9.77408,1,1,0,0,2,11059200
1080,4,reference,730,1280,720,1920,1080,11.5743,12.5716,10.198,1,1,0,0,2,11059200
1080,4,reference,731,1280,720,1920,1080,11.3336,12.4523,9.7536,1,1,0,0,2,11059200
1080,4,reference,732,1280,720,1920,1080,11.1995,12.5247,8.59034,1,1,0,0,2,11059200
1080,4,reference,733,1280,720,1920,1080,11.1503,12.2395,9.77715,1,1,0,0,2,11059200
1080,4,reference,734,1280,720,1920,1080,11.2988,12.207,9.92461,1,1,0,0,2,11059200
1080,4,reference,735,1280,720,1920,1080,11.5487,12.7288,9.9113,1,1,0,0,2,11059200
1080,4,reference,736,1280,720,1920,1080,11.2701,12.5386,9.89491,1,1,0,0,2,11059200
1080,4,reference,737,1280,720,1920,1080,11.3592,12.514,9.71162,1,1,0,0,2,11059200
1080,4,reference,738,1280,720,1920,1080,11.2169,12.4546,9.84166,1,1,0,0,2,11059200
1080,4,reference,739,1280,720,1920,1080,11.138,12.2774,9.75667,1,1,0,0,2,11059200
1080,4,reference,740,1280,720,1920,1080,11.1268,12.1333,9.70752,1,1,0,0,2,11059200
1080,4,reference,741,1280,720,1920,1080,11.2712,12.2505,9.89491,1,1,0,0,2,11059200
1080,4,reference,742,1280,720,1920,1080,11.0909,12.1408,9.71366,1,1,0,0,2,11059200
1080,4,reference,743,1280,720,1920,1080,11.5415,12.405,10.1642,1,1,0,0,2,11059200
1080,4,reference,744,1280,720,1920,1080,11.3039,12.3657,9.92973,1,1,0,0,2,11059200
1080,4,reference,745,1280,720,1920,1080,11.3582,12.3888,9.97888,1,1,0,0,2,11059200
1080,4,reference,746,1280,720,1920,1080,11.4688,12.4599,10.0751,1,1,0,0,2,11059200
1080,4,reference,747,1280,720,1920,1080,11.4739,12.4355,10.0956,1,1,0,0,2,11059200
1080,4,reference,748,1280,720,1920,1080,11.3295,12.3321,9.95226,1,1,0,0,2,11059200
1080,4,reference,749,1280,720,1920,1080,10.9875,12.0906,9.60922,1,1,0,0,2,11059200
1080,4,reference,750,1280,720,1920,1080,11.3869,12.3698,10.0127,1,1,0,0,2,11059200
1080,4,reference,751,1280,720,1920,1080,11.306,12.2843,9.92768,1,1,0,0,2,11059200
1080,4,reference,752,1280,720,1920,1080,11.4903,12.4719,10.1181,1,1,0,0,2,11059200
1080,4,reference,753,1280,720,1920,1080,11.5507,12.5014,10.1693,1,1,0,0,2,11059200
1080,4,reference,754,1280,720,1920,1080,11.4708,12.5949,10.0956,1,1,0,0,2,11059200
1080,4,reference,755,1280,720,1920,1080,11.135,12.1715,9.73824,1,1,0,0,2,11059200
1080,4,reference,756,1280,720,1920,1080,11.8917,12.9014,10.5093,1,1,0,0,2,11059200
1080,4,reference,757,1280,720,1920,1080,11.391,12.3754,9.76282,1,1,0,0,2,11059200
1080,4,reference,758,1280,720,1920,1080,11.5866,12.5248,10.2093,1,1,0,0,2,11059200
1080,4,reference,759,1280,720,1920,1080,11.4473,12.3959,10.068,1,1,0,0,2,11059200
1080,4,reference,760,1280,720,1920,1080,11.2824,12.2611,9.90925,1,1,0,0,2,11059200
1080,4,reference,761,1280,720,1920,1080,11.3623,12.4488,9.98195,1,1,0,0,2,11059200
1080,4,reference,762,1280,720,1920,1080,11.3254,12.3453,9.95123,1,1,0,0,2,11059200
1080,4,reference,763,1280,720,1920,1080,11.3531,12.3712,9.97683,1,1,0,0,2,11059200
1080,4,reference,764,1280,720,1920,1080,11.3254,12.3324,9.94918,1,1,0,0,2,11059200
1080,4,reference,765,1280,720,1920,1080,11.3152,12.3822,9.93894,1,1,0,0,2,11059200
1080,4,reference,766,1280,720,1920,1080,11.3295,12.3318,9.95226,1,1,0,0,2,11059200
1080,4,reference,767,1280,720,1920,1080,11.3961,12.3549,10.0188,1,1,0,0,2,11059200
1080,4,reference,768,1280,720,1920,1080,11.5436,12.5883,9.9072,1,1,0,0,2,11059200
1080,4,reference,769,1280,720,1920,1080,11.4637,12.4846,9.82528,1,1,0,0,2,11059200
1080,4,reference,770,1280,720,1920,1080,11.4934,12.4564,9.86522,1,1,0,0,2,11059200
1080,4,reference,771,1280,720,1920,1080,11.5814,12.6218,9.9543,1,1,0,0,2,11059200
1080,4,reference,772,1280,720,1920,1080,11.4862,12.4582,9.85907,1,1,0,0,2,11059200
1080,4,reference,773,1280,720,1920,1080,11.5794,12.5714,9.93587,1,1,0,0,2,11059200
1080,4,reference,774,1280,720,1920,1080,11.4125,12.4098,9.8601,1,1,0,0,2,11059200
1080,4,reference,775,1280,720,1920,1080,10.8319,12.0935,9.45562,1,1,0,0,2,11059200
1080,4,reference,776,1280,720,1920,1080,9.98707,11.0485,8.61594,1,1,0,0,2,11059200
1080,4,reference,777,1280,720,1920,1080,12.4887,13.6315,11.0858,1,1,0,0,2,11059200
1080,4,reference,778,1280,720,1920,1080,11.3981,12.3304,9.8601,1,1,0,0,2,11059200
1080,4,reference,779,1280,720,1920,1080,11.3306,12.3786,9.95533,1,1,0,0,2,11059200
1080,4,reference,780,1280,720,1920,1080,11.2353,12.2272,9.66656,1,1,0,0,2,11059200
1080,4,reference,781,1280,720,1920,1080,11.3695,12.387,9.99219,1,1,0,0,2,11059200
1080,4,reference,782,1280,720,1920,1080,11.3367,12.3413,9.96045,1,1,0,0,2,11059200
1080,4,reference,783,1280,720,1920,1080,11.3336,12.2348,9.9584,1,1,0,0,2,11059200
1080,4,reference,784,1280,720,1920,1080,10.9179,12.0989,9.54368,1,1,0,0,2,11059200
1080,4,reference,785,1280,720,1920,1080,11.3572,12.3676,9.98093,1,1,0,0,2,11059200
1080,4,reference,786,1280,720,1920,1080,11.0776,12.2122,9.7024,1,1,0,0,2,11059200
1080,4,reference,787,1280,720,1920,1080,11.3152,12.3001,9.93792,1,1,0,0,2,11059200
1080,4,reference,788,1280,720,1920,1080,11.2722,12.2652,9.89696,1,1,0,0,2,11059200
1080,4,reference,789,1280,720,1920,1080,11.1237,12.2047,9.74234,1,1,0,0,2,11059200
1080,4,reference,790,1280,720,1920,1080,11.4903,12.6699,10.114,1,1,0,0,2,11059200
1080,4,reference,791,1280,720,1920,1080,11.2476,12.6229,9.85088,1,1,0,0,2,11059200
1080,4,reference,792,1280,720,1920,1080,10.9855,12.0768,9.60819,1,1,0,0,2,11059200
1080,4,reference,793,1280,720,1920,1080,11.3019,12.5197,9.68806,1,1,0,0,2,11059200
1080,4,reference,794,1280,720,1920,1080,11.0449,12.1627,9.67168,1,1,0,0,2,11059200
1080,4,reference,795,1280,720,1920,1080,11.5364,12.4583,10.1591,1,1,0,0,2,11059200
1080,4,reference,796,1280,720,1920,1080,11.4555,12.4405,10.0803,1,1,0,0,2,11059200
1080,4,reference,797,1280,720,1920,1080,11.5354,12.903,10.156,1,1,0,0,2,11059200
1080,4,reference,798,1280,720,1920,1080,11.2876,12.3494,9.91027,1,1,0,0,2,11059200
1080,4,reference,799,1280,720,1920,1080,11.4555,12.6525,10.07,1,1,0,0,2,11059200
1080,4,reference,800,1280,720,1920,1080,11.0889,12.2833,9.71264,1,1,0,0,2,11059200
1080,4,reference,801,1280,720,1920,1080,11.5005,12.4515,9.88262,1,1,0,0,2,11059200
1080,4,reference,802,1280,720,1920,1080,11.3152,12.3716,9.93894,1,1,0,0,2,11059200
1080,4,reference,803,1280,720,1920,1080,11.307,12.4095,9.93178,1,1,0,0,2,11059200
1080,4,reference,804,1280,720,1920,1080,11.2865,12.2918,9.91232,1,1,0,0,2,11059200
1080,4,reference,805,1280,720,1920,1080,11.5343,12.6119,10.156,1,1,0,0,2,11059200
1080,4,reference,806,1280,720,1920,1080,11.1729,12.9855,9.79354,1,1,0,0,2,11059200
1080,4,reference,807,1280,720,1920,1080,11.3357,12.3053,9.9584,1,1,0,0,2,11059200
1080,4,reference,808,1280,720,1920,1080,11.351,12.3184,9.72186,1,1,0,0,2,11059200
1080,4,reference,809,1280,720,1920,1080,11.3623,12.3217,9.7321,1,1,0,0,2,11059200
1080,4,reference,810,1280,720,1920,1080,11.3265,12.3825,9.95226,1,1,0,0,2,11059200
1080,4,reference,811,1280,720,1920,1080,11.5128,12.526,10.1386,1,1,0,0,2,11059200
1080,4,reference,812,1280,720,1920,1080,11.734,12.785,10.3588,1,1,0,0,2,11059200
1080,4,reference,813,1280,720,1920,1080,11.3746,12.4957,9.99936,1,1,0,0,2,11059200
1080,4,reference,814,1280,720,1920,1080,11.0909,12.2618,9.7065,1,1,0,0,2,11059200
1080,4,reference,815,1280,720,1920,1080,11.3244,12.2055,9.73926,1,1,0,0,2,11059200
1080,4,reference,816,1280,720,1920,1080,11.9327,13.0035,10.539,1,1,0,0,2,11059200
1080,4,reference,817,1280,720,1920,1080,11.4821,12.3637,9.8304,1,1,0,0,2,11059200
1080,4,reference,818,1280,720,1920,1080,11.3152,12.3701,9.93894,1,1,0,0,2,11059200
1080,4,reference,819,1280,720,1920,1080,11.3367,12.3282,9.95942,1,1,0,0,2,11059200
1080,4,reference,820,1280,720,1920,1080,11.4975,12.536,10.1202,1,1,0,0,2,11059200
1080,4,reference,821,1280,720,1920,1080,11.2845,12.3091,9.88877,1,1,0,0,2,11059200
1080,4,reference,822,1280,720,1920,1080,11.4084,12.3242,10.0332,1,1,0,0,2,11059200
1080,4,reference,823,1280,720,1920,1080,10.9824,12.1438,9.60717,1,1,0,0,2,11059200
1080,4,reference,824,1280,720,1920,1080,11.2445,12.2117,9.82835,1,1,0,0,2,11059200
1080,4,reference,825,1280,720,1920,1080,11.4749,12.3341,9.84371,1,1,0,0,2,11059200
1080,4,reference,826,1280,720,1920,1080,11.3295,12.4485,9.95328,1,1,0,0,2,11059200
1080,4,reference,827,1280,720,1920,1080,11.5476,12.5204,9.89901,1,1,0,0,2,11059200
1080,4,reference,828,1280,720,1920,1080,11.4708,12.4465,9.8345,1,1,0,0,2,11059200
1080,4,reference,829,1280,720,1920,1080,11.5927,12.8458,9.95123,1,1,0,0,2,11059200
1080,4,reference,830,1280,720,1920,1080,11.307,12.3446,9.92973,1,1,0,0,2,11059200
1080,4,reference,831,1280,720,1920,1080,11.5988,12.6742,9.9584,1,1,0,0,2,11059200
1080,4,reference,832,1280,720,1920,1080,11.3224,12.3457,9.94714,1,1,0,0,2,11059200
1080,4,reference,833,1280,720,1920,1080,11.5558,12.7596,9.9113,1,1,0,0,2,11059200
1080,4,reference,834,1280,720,1920,1080,11.307,12.4047,9.93178,1,1,0,0,2,11059200
1080,4,reference,835,1280,720,1920,1080,11.5087,12.566,9.86931,1,1,0,0,2,11059200
1080,4,reference,836,1280,720,1920,1080,11.5692,12.536,10.1929,1,1,0,0,2,11059200
1080,4,reference,837,1280,720,1920,1080,11.5108,12.4625,10.1335,1,1,0,0,2,11059200
1080,4,reference,838,1280,720,1920,1080,11.3531,12.3156,9.97888,1,1,0,0,2,11059200
1080,4,reference,839,1280,720,1920,1080,11.3398,12.3375,9.9625,1,1,0,0,2,11059200
1080,4,reference,840,1280,720,1920,1080,11.4975,12.4637,10.1181,1,1,0,0,2,11059200
1080,4,reference,841,1280,720,1920,1080,11.6357,12.7042,9.99117,1,1,0,0,2,11059200
1080,4,reference,842,1280,720,1920,1080,11.4913,12.502,9.84166,1,1,0,0,2,11059200
1080,4,reference,843,1280,720,1920,1080,11.4657,12.3899,10.0864,1,1,0,0,2,11059200
1080,4,reference,844,1280,720,1920,1080,11.3275,12.331,9.95533,1,1,0,0,2,11059200
1080,4,reference,845,1280,720,1920,1080,11.5845,12.7243,9.93792,1,1,0,0,2,11059200
1080,4,reference,846,1280,720,1920,1080,11.5159,12.5242,10.1417,1,1,0,0,2,11059200
1080,4,reference,847,1280,720,1920,1080,11.5036,12.4363,10.1284,1,1,0,0,2,11059200
1080,4,reference,848,1280,720,1920,1080,11.3336,12.3649,9.95738,1,1,0,0,2,11059200
1080,4,reference,849,1280,720,1920,1080,11.3357,12.2601,9.95738,1,1,0,0,2,11059200
1080,4,reference,850,1280,720,1920,1080,11.5302,12.4984,9.88058,1,1,0,0,2,11059200
1080,4,reference,851,1280,720,1920,1080,11.5589,12.7295,9.91437,1,1,0,0,2,11059200
1080,4,reference,852,1280,720,1920,1080,11.3367,12.3072,9.96147,1,1,0,0,2,11059200
1080,4,reference,853,1280,720,1920,1080,11.3613,12.4275,9.98502,1,1,0,0,2,11059200
1080,4,reference,854,1280,720,1920,1080,11.519,12.6507,9.88365,1,1,0,0,2,11059200
1080,4,reference,855,1280,720,1920,1080,11.5671,12.5462,9.91949,1,1,0,0,2,11059200
1080,4,reference,856,1280,720,1920,1080,11.5026,12.6376,10.1294,1,1,0,0,2,11059200
1080,4,reference,857,1280,720,1920,1080,11.3408,12.3362,9.96147,1,1,0,0,2,11059200
1080,4,reference,858,1280,720,1920,1080,11.5292,12.721,10.1519,1,1,0,0,2,11059200
1080,4,reference,859,1280,720,1920,1080,11.5077,12.6948,10.1274,1,1,0,0,2,11059200
1080,4,reference,860,1280,720,1920,1080,11.5497,12.6257,10.1755,1,1,0,0,2,11059200
1080,4,reference,861,1280,720,1920,1080,11.391,12.4063,10.0106,1,1,0,0,2,11059200
1080,4,reference,862,1280,720,1920,1080,11.138,12.3447,9.74438,1,1,0,0,2,11059200
1080,4,reference,863,1280,720,1920,1080,11.4053,12.3907,9.86317,1,1,0,0,2,11059200
1080,4,reference,864,1280,720,1920,1080,11.4831,12.5725,10.1059,1,1,0,0,2,11059200
1080,4,reference,865,1280,720,1920,1080,11.4954,12.4674,10.1151,1,1,0,0,2,11059200
1080,4,reference,866,1280,720,1920,1080,11.4596,12.4567,10.0792,1,1,0,0,2,11059200
1080,4,reference,867,1280,720,1920,1080,11.4698,12.5361,10.0936,1,1,0,0,2,11059200
1080,4,reference,868,1280,720,1920,1080,11.3306,12.3797,9.95533,1,1,0,0,2,11059200
1080,4,reference,869,1280,720,1920,1080,11.5118,12.495,10.1335,1,1,0,0,2,11059200
1080,4,reference,870,1280,720,1920,1080,11.4862,12.5944,10.11,1,1,0,0,2,11059200
1080,4,reference,871,1280,720,1920,1080,11.522,12.5375,10.1437,1,1,0,0,2,11059200
1080,4,reference,872,1280,720,1920,1080,10.9834,12.3695,9.61024,1,1,0,0,2,11059200
1080,4,reference,873,1280,720,1920,1080,11.6634,12.68,10.2851,1,1,0,0,2,11059200
1080,4,reference,874,1280,720,1920,1080,11.3664,12.4801,9.98912,1,1,0,0,2,11059200
1080,4,reference,875,1280,720,1920,1080,11.3347,12.3795,9.95635,1,1,0,0,2,11059200
1080,4,reference,876,1280,720,1920,1080,11.2425,12.2456,9.86522,1,1,0,0,2,11059200
1080,4,reference,877,1280,720,1920,1080,11.4555,12.3696,10.0772,1,1,0,0,2,11059200
1080,4,reference,878,1280,720,1920,1080,10.9087,11.942,9.53242,1,1,0,0,2,11059200
1080,4,reference,879,1280,720,1920,1080,11.1759,12.1834,9.76282,1,1,0,0,2,11059200
1080,4,reference,880,1280,720,1920,1080,9.94202,10.8549,8.56986,1,1,0,0,2,11059200
1080,4,reference,881,1280,720,1920,1080,12.5614,13.5309,11.1278,1,1,0,0,2,11059200
1080,4,reference,882,1280,720,1920,1080,11.8784,12.886,10.242,1,1,0,0,2,11059200
1080,4,reference,883,1280,720,1920,1080,11.4371,12.3246,9.88774,1,1,0,0,2,11059200
1080,4,reference,884,1280,720,1920,1080,11.3347,12.3046,9.95635,1,1,0,0,2,11059200
1080,4,reference,885,1280,720,1920,1080,11.4248,12.3969,9.77101,1,1,0,0,2,11059200
1080,4,reference,886,1280,720,1920,1080,11.3992,12.4627,9.75462,1,1,0,0,2,11059200
1080,4,reference,887,1280,720,1920,1080,11.3971,12.3558,9.75155,1,1,0,0,2,11059200
1080,4,reference,888,1280,720,1920,1080,11.4217,12.377,9.76589,1,1,0,0,2,11059200
1080,4,reference,889,1280,720,1920,1080,11.5159,12.553,9.85088,1,1,0,0,2,11059200
1080,4,reference,890,1280,720,1920,1080,11.3357,12.5076,9.70547,1,1,0,0,2,11059200
1080,4,reference,891,1280,720,1920,1080,11.2947,12.7174,9.91846,1,1,0,0,2,11059200
1080,4,reference,892,1280,720,1920,1080,11.3091,12.2728,9.66349,1,1,0,0,2,11059200
1080,4,reference,893,1280,720,1920,1080,12.1948,13.1358,10.5544,1,1,0,0,2,11059200
1080,4,reference,894,1280,720,1920,1080,11.5651,12.5676,9.91437,1,1,0,0,2,11059200
1080,4,reference,895,1280,720,1920,1080,11.5364,12.4967,9.86522,1,1,0,0,2,11059200
1080,4,reference,896,1280,720,1920,1080,11.4678,12.4116,9.82016,1,1,0,0,2,11059200
1080,4,reference,897,1280,720,1920,1080,11.3879,12.3992,9.73414,1,1,0,0,2,11059200
1080,4,reference,898,1280,720,1920,1080,11.5149,12.5878,9.87853,1,1,0,0,2,11059200
1080,4,reference,899,1280,720,1920,1080,11.5036,12.5387,9.86112,1,1,0,0,2,11059200
1080,4,reference,900,1280,720,1920,1080,11.4842,12.4246,9.83757,1,1,0,0,2,11059200
1080,4,reference,901,1280,720,1920,1080,11.4975,12.5683,9.85805,1,1,0,0,2,11059200
1080,4,reference,902,1280,720,1920,1080,11.2998,12.3058,9.92256,1,1,0,0,2,11059200
1080,4,reference,903,1280,720,1920,1080,11.4964,12.4824,9.84883,1,1,0,0,2,11059200
1080,4,reference,904,1280,720,1920,1080,11.5579,12.9649,9.91949,1,1,0,0,2,11059200
1080,4,reference,905,1280,720,1920,1080,11.5292,12.6731,9.88877,1,1,0,0,2,11059200
1080,4,reference,906,1280,720,1920,1080,11.5272,12.6314,10.1478,1,1,0,0,2,11059200
1080,4,reference,907,1280,720,1920,1080,11.3193,12.441,9.94304,1,1,0,0,2,11059200
1080,4,reference,908,1280,720,1920,1080,11.4975,12.5304,10.1202,1,1,0,0,2,11059200
1080,4,reference,909,1280,720,1920,1080,11.5405,12.5612,10.1591,1,1,0,0,2,11059200
1080,4,reference,910,1280,720,1920,1080,11.4872,12.5255,10.1089,1,1,0,0,2,11059200
1080,4,reference,911,1280,720,1920,1080,11.5251,12.4719,10.1448,1,1,0,0,2,11059200
1080,4,reference,912,1280,720,1920,1080,11.2517,12.3027,9.87341,1,1,0,0,2,11059200
1080,4,reference,913,1280,720,1920,1080,11.3756,12.3999,9.99834,1,1,0,0,2,11059200
1080,4,reference,914,1280,720,1920,1080,12.1457,13.1643,10.7571,1,1,0,0,2,11059200
1080,4,reference,915,1280,720,1920,1080,11.9368,12.903,10.5503,1,1,0,0,2,11059200
1080,4,reference,916,1280,720,1920,1080,11.2742,12.3524,9.89798,1,1,0,0,2,11059200
1080,4,reference,917,1280,720,1920,1080,11.5302,12.5838,9.89594,1,1,0,0,2,11059200
1080,4,reference,918,1280,720,1920,1080,11.3398,12.3559,9.96454,1,1,0,0,2,11059200
1080,4,reference,919,1280,720,1920,1080,10.9496,12.0372,9.5703,1,1,0,0,2,11059200
1080,4,reference,920,1280,720,1920,1080,11.2763,12.2284,9.90003,1,1,0,0,2,11059200
1080,4,reference,921,1280,720,1920,1080,11.3019,12.2532,9.92358,1,1,0,0,2,11059200
1080,4,reference,922,1280,720,1920,1080,11.4555,12.5667,10.0803,1,1,0,0,2,11059200
1080,4,reference,923,1280,720,1920,1080,11.3531,12.4047,9.97478,1,1,0,0,2,11059200
1080,4,reference,924,1280,720,1920,1080,11.2968,12.2581,9.91949,1,1,0,0,2,11059200
1080,4,reference,925,1280,720,1920,1080,11.3603,12.3288,9.97888,1,1,0,0,2,11059200
1080,4,reference,926,1280,720,1920,1080,11.3459,12.3882,9.96864,1,1,0,0,2,11059200
1080,4,reference,927,1280,720,1920,1080,11.3121,12.3178,9.93587,1,1,0,0,2,11059200
1080,4,reference,928,1280,720,1920,1080,11.4944,12.5888,9.87136,1,1,0,0,2,11059200
1080,4,reference,929,1280,720,1920,1080,11.3295,12.3292,9.94918,1,1,0,0,2,11059200
1080,4,reference,930,1280,720,1920,1080,11.4801,12.4056,9.84166,1,1,0,0,2,11059200
1080,4,reference,931,1280,720,1920,1080,11.3326,12.3523,9.95328,1,1,0,0,2,11059200
1080,4,reference,932,1280,720,1920,1080,11.5261,12.6055,9.89696,1,1,0,0,2,11059200
1080,4,reference,933,1280,720,1920,1080,11.5825,12.6508,9.93587,1,1,0,0,2,11059200
1080,4,reference,934,1280,720,1920,1080,11.3019,12.3121,9.92461,1,1,0,0,2,11059200
1080,4,reference,935,1280,720,1920,1080,11.2773,12.2417,9.89798,1,1,0,0,2,11059200
1080,4,reference,936,1280,720,1920,1080,11.5046,12.5574,9.87341,1,1,0,0,2,11059200
1080,4,reference,937,1280,720,1920,1080,11.479,12.5466,9.84986,1,1,0,0,2,11059200
1080,4,reference,938,1280,720,1920,1080,11.4975,12.514,9.86829,1,1,0,0,2,11059200
1080,4,reference,939,1280,720,1920,1080,11.5149,12.5743,9.87136,1,1,0,0,2,11059200
1080,4,reference,940,1280,720,1920,1080,11.305,12.4029,9.92666,1,1,0,0,2,11059200
1080,4,reference,941,1280,720,1920,1080,11.5067,12.4279,9.86317,1,1,0,0,2,11059200
1080,4,reference,942,1280,720,1920,1080,11.5169,12.4493,9.88262,1,1,0,0,2,11059200
1080,4,reference,943,1280,720,1920,1080,11.4749,12.4007,9.84371,1,1,0,0,2,11059200
1080,4,reference,944,1280,720,1920,1080,11.5763,12.6013,9.94611,1,1,0,0,2,11059200
1080,4,reference,945,1280,720,1920,1080,11.5261,12.5447,9.88672,1,1,0,0,2,11059200
1080,4,reference,946,1280,720,1920,1080,11.5159,12.4955,9.89184,1,1,0,0,2,11059200
1080,4,reference,947,1280,720,1920,1080,11.5681,12.9675,9.92154,1,1,0,0,2,11059200
1080,4,reference,948,1280,720,1920,1080,11.4739,12.5103,10.0966,1,1,0,0,2,11059200
1080,4,reference,949,1280,720,1920,1080,11.3613,12.4898,9.98298,1,1,0,0,2,11059200
1080,4,reference,950,1280,720,1920,1080,11.4412,12.4478,10.0639,1,1,0,0,2,11059200
1080,4,reference,951,1280,720,1920,1080,11.0623,12.1631,9.63174,1,1,0,0,2,11059200
1080,4,reference,952,1280,720,1920,1080,11.1565,12.1704,9.7751,1,1,0,0,2,11059200
1080,4,reference,953,1280,720,1920,1080,11.2712,12.352,8.61184,1,1,0,0,2,11059200
1080,4,reference,954,1280,720,1920,1080,10.9066,11.8719,9.52934,1,1,0,0,2,11059200
1080,4,reference,955,1280,720,1920,1080,11.3654,12.7273,8.79821,1,1,0,0,2,11059200
1080,4,reference,956,1280,720,1920,1080,12.3955,13.3597,10.7622,1,1,0,0,2,11059200
1080,4,reference,957,1280,720,1920,1080,11.5917,12.5673,9.9328,1,1,0,0,2,11059200
1080,4,reference,958,1280,720,1920,1080,11.5241,12.8084,9.88365,1,1,0,0,2,11059200
1080,4,reference,959,1280,720,1920,1080,11.3592,12.5441,9.97888,1,1,0,0,2,11059200
1080,4,reference,960,1280,720,1920,1080,11.5599,12.569,10.1816,1,1,0,0,2,11059200
1080,4,reference,961,1280,720,1920,1080,11.5405,12.5691,10.1591,1,1,0,0,2,11059200
1080,4,reference,962,1280,720,1920,1080,11.5589,12.5249,10.1796,1,1,0,0,2,11059200
1080,4,reference,963,1280,720,1920,1080,11.5415,12.576,10.1612,1,1,0,0,2,11059200
1080,4,reference,964,1280,720,1920,1080,11.606,12.7099,10.2287,1,1,0,0,2,11059200
1080,4,reference,965,1280,720,1920,1080,11.3469,12.2744,9.96659,1,1,0,0,2,11059200
1080,4,reference,966,1280,720,1920,1080,11.3398,12.32,9.96147,1,1,0,0,2,11059200
1080,4,reference,967,1280,720,1920,1080,11.5333,12.5784,10.1499,1,1,0,0,2,11059200
1080,4,reference,968,1280,720,1920,1080,11.39,12.3361,10.0106,1,1,0,0,2,11059200
1080,4,reference,969,1280,720,1920,1080,11.3818,12.3143,10.0055,1,1,0,0,2,11059200
1080,4,reference,970,1280,720,1920,1080,11.0705,12.2513,9.69216,1,1,0,0,2,11059200
1080,4,reference,971,1280,720,1920,1080,11.1688,12.3651,9.78944,1,1,0,0,2,11059200
1080,4,reference,972,1280,720,1920,1080,11.3183,12.3547,9.93997,1,1,0,0,2,11059200
1080,4,reference,973,1280,720,1920,1080,11.5333,12.4684,9.90925,1,1,0,0,2,11059200
1080,4,reference,974,1280,720,1920,1080,11.2148,12.3159,9.83654,1,1,0,0,2,11059200
1080,4,reference,975,1280,720,1920,1080,9.93792,10.8528,8.56064,1,1,0,0,2,11059200
1080,4,reference,976,1280,720,1920,1080,12.3341,13.2897,10.9179,1,1,0,0,2,11059200
1080,4,reference,977,1280,720,1920,1080,11.4606,12.3988,9.80582,1,1,0,0,2,11059200
1080,4,reference,978,1280,720,1920,1080,11.3961,12.3779,9.75462,1,1,0,0,2,11059200
1080,4,reference,979,1280,720,1920,1080,11.1462,12.3671,9.76589,1,1,0,0,2,11059200
1080,4,reference,980,1280,720,1920,1080,11.6029,12.6993,9.9543,1,1,0,0,2,11059200
1080,4,reference,981,1280,720,1920,1080,11.3613,12.4807,9.7065,1,1,0,0,2,11059200
1080,4,reference,982,1280,720,1920,1080,11.3746,12.4315,9.72902,1,1,0,0,2,11059200
1080,4,reference,983,1280,720,1920,1080,11.2978,12.2121,9.65632,1,1,0,0,2,11059200
1080,4,reference,984,1280,720,1920,1080,11.2824,12.4589,9.9031,1,1,0,0,2,11059200
1080,4,reference,985,1280,720,1920,1080,11.262,12.508,9.87955,1,1,0,0,2,11059200
1080,4,reference,986,1280,720,1920,1080,11.2548,12.463,9.70752,1,1,0,0,2,11059200
1080,4,reference,987,1280,720,1920,1080,11.4504,12.3981,10.071,1,1,0,0,2,11059200
1080,4,reference,988,1280,720,1920,1080,11.2712,12.2919,9.71571,1,1,0,0,2,11059200
1080,4,reference,989,1280,720,1920,1080,11.3285,12.2879,9.94714,1,1,0,0,2,11059200
1080,4,reference,990,1280,720,1920,1080,11.6623,12.5885,10.0301,1,1,0,0,2,11059200
1080,4,reference,991,1280,720,1920,1080,11.2732,12.7468,9.89082,1,1,0,0,2,11059200
1080,4,reference,992,1280,720,1920,1080,11.39,12.599,10.0137,1,1,0,0,2,11059200
1080,4,reference,993,1280,720,1920,1080,11.3592,12.5072,9.70445,1,1,0,0,2,11059200
1080,4,reference,994,1280,720,1920,1080,11.3644,12.4003,9.70342,1,1,0,0,2,11059200
1080,4,reference,995,1280,720,1920,1080,11.6234,12.6276,9.97171,1,1,0,0,2,11059200
1080,4,reference,996,1280,720,1920,1080,11.3951,12.9389,9.7321,1,1,0,0,2,11059200
1080,4,reference,997,1280,720,1920,1080,11.5272,12.5732,9.87238,1,1,0,0,2,11059200
1080,4,reference,998,1280,720,1920,1080,11.4954,12.5995,9.84269,1,1,0,0,2,11059200
1080,4,reference,999,1280,720,1920,1080,11.436,12.5112,9.85702,1,1,0,0,2,11059200
1080,4,reference,1000,1280,720,1920,1080,11.902,12.928,10.2574,1,1,0,0,2,11059200
1080,4,reference,1001,1280,720,1920,1080,9.8089,10.6787,8.43059,1,1,0,0,2,11059200
1080,4,reference,1002,1280,720,1920,1080,12.6136,13.6253,9.93997,1,1,0,0,2,11059200
1080,4,reference,1003,1280,720,1920,1080,11.604,12.6857,9.9369,1,1,0,0,2,11059200
1080,4,reference,1004,1280,720,1920,1080,11.5036,12.4866,9.85395,1,1,0,0,2,11059200
1080,4,reference,1005,1280,720,1920,1080,11.6756,12.695,9.87443,1,1,0,0,2,11059200
1080,4,reference,1006,1280,720,1920,1080,11.3009,12.2562,9.92358,1,1,0,0,2,11059200
1080,4,reference,1007,1280,720,1920,1080,11.563,12.6578,9.91846,1,1,0,0,2,11059200
1080,4,reference,1008,1280,720,1920,1080,11.3336,12.4028,9.95533,1,1,0,0,2,11059200
1080,4,reference,1009,1280,720,1920,1080,11.5651,12.5297,9.90618,1,1,0,0,2,11059200
1080,4,reference,1010,1280,720,1920,1080,11.5937,12.9314,9.9369,1,1,0,0,2,11059200
1080,4,reference,1011,1280,720,1920,1080,11.3572,12.532,9.97581,1,1,0,0,2,11059200
1080,4,reference,1012,1280,720,1920,1080,11.3449,12.5012,9.96454,1,1,0,0,2,11059200
1080,4,reference,1013,1280,720,1920,1080,11.3807,12.4033,9.99936,1,1,0,0,2,11059200
1080,4,reference,1014,1280,720,1920,1080,11.3807,12.323,10.0014,1,1,0,0,2,11059200
1080,4,reference,1015,1280,720,1920,1080,11.5773,12.5238,9.92563,1,1,0,0,2,11059200
1080,4,reference,1016,1280,720,1920,1080,11.521,12.5654,9.87238,1,1,0,0,2,11059200
1080,4,reference,1017,1280,720,1920,1080,11.3633,12.5117,9.98195,1,1,0,0,2,11059200
1080,4,reference,1018,1280,720,1920,1080,11.348,12.3152,9.96864,1,1,0,0,2,11059200
1080,4,reference,1019,1280,720,1920,1080,11.5497,12.5245,9.90106,1,1,0,0,2,11059200
1080,4,reference,1020,1280,720,1920,1080,11.3766,12.4021,9.99731,1,1,0,0,2,11059200
1080,4,reference,1021,1280,720,1920,1080,11.476,12.5613,9.83142,1,1,0,0,2,11059200
1080,4,reference,1022,1280,720,1920,1080,11.3674,12.5005,9.9881,1,1,0,0,2,11059200
1080,4,reference,1023,1280,720,1920,1080,11.3613,12.3509,9.98093,1,1,0,0,2,11059200
1080,4,reference,1024,1280,720,1920,1080,11.5302,12.5232,9.88877,1,1,0,0,2,11059200
1080,4,reference,1025,1280,720,1920,1080,11.3306,12.4407,9.94918,1,1,0,0,2,11059200
1080,4,reference,1026,1280,720,1920,1080,11.3818,12.3979,10.0014,1,1,0,0,2,11059200
1080,4,reference,1027,1280,720,1920,1080,11.5763,12.555,9.92051,1,1,0,0,2,11059200
1080,4,reference,1028,1280,720,1920,1080,11.3807,12.3399,10.0024,1,1,0,0,2,11059200
1080,4,reference,1029,1280,720,1920,1080,11.5999,12.5802,9.95328,1,1,0,0,2,11059200
1080,4,reference,1030,1280,720,1920,1080,11.4872,12.5573,10.1069,1,1,0,0,2,11059200
1080,4,reference,1031,1280,720,1920,1080,11.5661,12.5926,9.91437,1,1,0,0,2,11059200
1080,4,reference,1032,1280,720,1920,1080,11.6972,12.928,10.0342,1,1,0,0,2,11059200
1080,4,reference,1033,1280,720,1920,1080,11.3398,12.447,9.9584,1,1,0,0,2,11059200
1080,4,reference,1034,1280,720,1920,1080,11.5364,12.6171,10.1571,1,1,0,0,2,11059200
1080,4,reference,1035,1280,720,1920,1080,11.52,12.5773,10.1356,1,1,0,0,2,11059200
1080,4,reference,1036,1280,720,1920,1080,11.6132,12.8135,10.2318,1,1,0,0,2,11059200
1080,4,reference,1037,1280,720,1920,1080,11.3418,12.3432,9.9584,1,1,0,0,2,11059200
1080,4,reference,1038,1280,720,1920,1080,11.348,12.4692,9.96966,1,1,0,0,2,11059200
1080,4,reference,1039,1280,720,1920,1080,11.093,12.2511,9.70752,1,1,0,0,2,11059200
1080,4,reference,1040,1280,720,1920,1080,11.5139,12.5108,10.1263,1,1,0,0,2,11059200
1080,4,reference,1041,1280,720,1920,1080,11.5466,12.4679,10.156,1,1,0,0,2,11059200
1080,4,reference,1042,1280,720,1920,1080,11.3951,12.6058,10.0147,1,1,0,0,2,11059200
1080,4,reference,1043,1280,720,1920,1080,11.3275,12.4213,9.94611,1,1,0,0,2,11059200
1080,4,reference,1044,1280,720,1920,1080,11.3541,12.3213,9.97171,1,1,0,0,2,11059200
1080,4,reference,1045,1280,720,1920,1080,11.2384,12.2962,9.85498,1,1,0,0,2,11059200
1080,4,reference,1046,1280,720,1920,1080,11.4145,12.3603,10.0301,1,1,0,0,2,11059200
1080,4,reference,1047,1280,720,1920,1080,11.4012,12.3451,10.0188,1,1,0,0,2,11059200
1080,4,reference,1048,1280,720,1920,1080,11.348,12.3458,9.96147,1,1,0,0,2,11059200
1080,4,reference,1049,1280,720,1920,1080,11.4668,12.4577,9.81299,1,1,0,0,2,11059200
1080,4,reference,1050,1280,720,1920,1080,11.3582,12.4107,9.97888,1,1,0,0,2,11059200
1080,4,reference,1051,1280,720,1920,1080,11.4135,12.4615,10.0311,1,1,0,0,2,11059200
1080,4,reference,1052,1280,720,1920,1080,11.5538,12.7915,10.1632,1,1,0,0,2,11059200
1080,4,reference,1053,1280,720,1920,1080,11.349,12.4253,9.96659,1,1,0,0,2,11059200
1080,4,reference,1054,1280,720,1920,1080,11.3019,12.5754,9.89798,1,1,0,0,2,11059200
1080,4,reference,1055,1280,720,1920,1080,11.5907,12.6257,10.2113,1,1,0,0,2,11059200
1080,4,reference,1056,1280,720,1920,1080,11.3172,12.5444,9.92051,1,1,0,0,2,11059200
1080,4,reference,1057,1280,720,1920,1080,11.1401,12.1527,9.7577,1,1,0,0,2,11059200
1080,4,reference,1058,1280,720,1920,1080,11.434,12.385,10.0516,1,1,0,0,2,11059200
1080,4,reference,1059,1280,720,1920,1080,11.1022,12.1639,9.71878,1,1,0,0,2,11059200
1080,4,reference,1060,1280,720,1920,1080,9.98912,10.9508,8.60979,1,1,0,0,2,11059200
1080,4,reference,1061,1280,720,1920,1080,12.67,13.6132,11.2558,1,1,0,0,2,11059200
1080,4,reference,1062,1280,720,1920,1080,11.5026,12.4067,9.87136,1,1,0,0,2,11059200
1080,4,reference,1063,1280,720,1920,1080,11.2609,12.3772,9.87853,1,1,0,0,2,11059200
1080,4,reference,1064,1280,720,1920,1080,9.93997,10.914,8.56269,1,1,0,0,2,11059200
1080,4,reference,1065,1280,720,1920,1080,10.9097,11.8581,8.28006,1,1,0,0,2,11059200
1080,4,reference,1066,1280,720,1920,1080,11.5835,12.6437,10.1919,1,1,0,0,2,11059200
1080,4,reference,1067,1280,720,1920,1080,11.5057,12.548,10.111,1,1,0,0,2,11059200
1080,4,reference,1068,1280,720,1920,1080,11.4668,12.5206,10.0813,1,1,0,0,2,11059200
1080,4,reference,1069,1280,720,1920,1080,11.136,12.2163,9.75462,1,1,0,0,2,11059200
1080,4,reference,1070,1280,720,1920,1080,11.3254,12.3167,9.94406,1,1,0,0,2,11059200
1080,4,reference,1071,1280,720,1920,1080,11.3592,12.4192,9.97171,1,1,0,0,2,11059200
1080,4,reference,1072,1280,720,1920,1080,11.3244,12.349,9.94509,1,1,0,0,2,11059200
1080,4,reference,1073,1280,720,1920,1080,11.3295,12.2902,9.94406,1,1,0,0,2,11059200
1080,4,reference,1074,1280,720,1920,1080,11.3695,12.2817,9.9881,1,1,0,0,2,11059200
1080,4,reference,1075,1280,720,1920,1080,11.5067,12.8063,10.1233,1,1,0,0,2,11059200
1080,4,reference,1076,1280,720,1920,1080,11.3961,12.4761,10.0157,1,1,0,0,2,11059200
1080,4,reference,1077,1280,720,1920,1080,11.3152,12.2555,9.93178,1,1,0,0,2,11059200
1080,4,reference,1078,1280,720,1920,1080,11.5395,12.5079,10.1581,1,1,0,0,2,11059200
1080,4,reference,1079,1280,720,1920,1080,11.6961,12.7122,10.3107,1,1,0,0,2,11059200
1080,4,reference,1080,1280,720,1920,1080,11.3152,12.4132,9.93178,1,1,0,0,2,11059200
1080,4,reference,1081,1280,720,1920,1080,11.4145,12.4743,10.0291,1,1,0,0,2,11059200
1080,4,reference,1082,1280,720,1920,1080,11.3347,12.3863,9.95226,1,1,0,0,2,11059200
1080,4,reference,1083,1280,720,1920,1080,11.6521,12.8358,10.2687,1,1,0,0,2,11059200
1080,4,reference,1084,1280,720,1920,1080,11.3582,12.4109,9.97786,1,1,0,0,2,11059200
1080,4,reference,1085,1280,720,1920,1080,11.5005,12.5584,10.1069,1,1,0,0,2,11059200
1080,4,reference,1086,1280,720,1920,1080,11.0899,12.214,9.70547,1,1,0,0,2,11059200
1080,4,reference,1087,1280,720,1920,1080,11.5108,12.3844,9.86419,1,1,0,0,2,11059200
1080,4,reference,1088,1280,720,1920,1080,11.9808,12.9759,10.5882,1,1,0,0,2,11059200
1080,4,reference,1089,1280,720,1920,1080,11.4289,12.43,10.0362,1,1,0,0,2,11059200
1080,4,reference,1090,1280,720,1920,1080,11.4166,12.3026,9.79046,1,1,0,0,2,11059200
1080,4,reference,1091,1280,720,1920,1080,11.3388,12.2564,9.95533,1,1,0,0,2,11059200
1080,4,reference,1092,1280,720,1920,1080,11.4913,12.5089,10.1079,1,1,0,0,2,11059200
1080,4,reference,1093,1280,720,1920,1080,11.2876,12.2878,9.90413,1,1,0,0,2,11059200
1080,4,reference,1094,1280,720,1920,1080,11.3326,12.3031,9.95226,1,1,0,0,2,11059200
1080,4,reference,1095,1280,720,1920,1080,11.3439,12.3572,9.96045,1,1,0,0,2,11059200
1080,4,reference,1096,1280,720,1920,1080,11.4739,12.4128,10.0936,1,1,0,0,2,11059200
1080,4,reference,1097,1280,720,1920,1080,11.4698,12.4043,10.0854,1,1,0,0,2,11059200
1080,4,reference,1098,1280,720,1920,1080,11.2835,12.2513,9.9031,1,1,0,0,2,11059200
1080,4,reference,1099,1280,720,1920,1080,11.4698,12.6216,9.83962,1,1,0,0,2,11059200
1080,4,reference,1100,1280,720,1920,1080,11.392,12.4379,10.0096,1,1,0,0,2,11059200
1080,4,reference,1101,1280,720,1920,1080,11.3019,12.308,9.91437,1,1,0,0,2,11059200
1080,4,reference,1102,1280,720,1920,1080,11.3992,12.3972,10.0168,1,1,0,0,2,11059200
1080,4,reference,1103,1280,720,1920,1080,11.5251,12.511,9.88877,1,1,0,0,2,11059200
1080,4,reference,1104,1280,720,1920,1080,11.3009,12.302,9.91846,1,1,0,0,2,11059200
1080,4,reference,1105,1280,720,1920,1080,11.5589,12.7008,9.90925,1,1,0,0,2,11059200
1080,4,reference,1106,1280,720,1920,1080,11.5282,12.6525,9.87238,1,1,0,0,2,11059200
1080,4,reference,1107,1280,720,1920,1080,11.5323,12.5997,9.89184,1,1,0,0,2,11059200
1080,4,reference,1108,1280,720,1920,1080,9.80787,10.8093,8.42957,1,1,0,0,2,11059200
1080,4,reference,1109,1280,720,1920,1080,9.46278,10.3475,8.08038,1,1,0,0,2,11059200
1080,4,reference,1110,1280,720,1920,1080,14.122,15.0824,12.7365,1,1,0,0,2,11059200
1080,4,reference,1111,1280,720,1920,1080,11.3306,12.4534,9.94714,1,1,0,0,2,11059200
1080,4,reference,1112,1280,720,1920,1080,11.3439,12.3591,9.9625,1,1,0,0,2,11059200
1080,4,reference,1113,1280,720,1920,1080,11.3807,12.341,9.71981,1,1,0,0,2,11059200
1080,4,reference,1114,1280,720,1920,1080,11.52,12.4678,9.87341,1,1,0,0,2,11059200
1080,4,reference,1115,1280,720,1920,1080,11.4125,12.4269,9.73722,1,1,0,0,2,11059200
1080,4,reference,1116,1280,720,1920,1080,11.4985,12.6542,8.80947,1,1,0,0,2,11059200
1080,4,reference,1117,1280,720,1920,1080,11.5364,12.562,9.88365,1,1,0,0,2,11059200
1080,4,reference,1118,1280,720,1920,1080,11.52,12.4625,9.8263,1,1,0,0,2,11059200
1080,4,reference,1119,1280,720,1920,1080,12.0433,13.0574,10.6496,1,1,0,0,2,11059200
1080,4,reference,1120,1280,720,1920,1080,11.8856,12.8606,10.3281,1,1,0,0,2,11059200
1080,4,reference,1121,1280,720,1920,1080,11.436,12.4649,10.0516,1,1,0,0,2,11059200
1080,4,reference,1122,1280,720,1920,1080,11.3633,12.392,9.9799,1,1,0,0,2,11059200
1080,4,reference,1123,1280,720,1920,1080,11.5558,12.5443,9.90208,1,1,0,0,2,11059200
1080,4,reference,1124,1280,720,1920,1080,11.3879,12.2994,10.0035,1,1,0,0,2,11059200
1080,4,reference,1125,1280,720,1920,1080,11.4975,12.4545,9.85907,1,1,0,0,2,11059200
1080,4,reference,1126,1280,720,1920,1080,11.5302,12.5596,9.88262,1,1,0,0,2,11059200
1080,4,reference,1127,1280,720,1920,1080,11.4545,12.4304,10.0721,1,1,0,0,2,11059200
1080,4,reference,1128,1280,720,1920,1080,11.394,12.3885,10.0116,1,1,0,0,2,11059200
1080,4,reference,1129,1280,720,1920,1080,11.5681,12.5014,9.90822,1,1,0,0,2,11059200
1080,4,reference,1130,1280,720,1920,1080,11.5517,12.4597,9.92051,1,1,0,0,2,11059200
1080,4,reference,1131,1280,720,1920,1080,11.5651,12.5451,9.92666,1,1,0,0,2,11059200
1080,4,reference,1132,1280,720,1920,1080,11.5589,12.6657,9.91642,1,1,0,0,2,11059200
1080,4,reference,1133,1280,720,1920,1080,11.5395,12.5054,9.89798,1,1,0,0,2,11059200
1080,4,reference,1134,1280,720,1920,1080,11.5149,12.5117,9.87443,1,1,0,0,2,11059200
1080,4,reference,1135,1280,720,1920,1080,11.4248,12.3722,10.0321,1,1,0,0,2,11059200
1080,4,reference,1136,1280,720,1920,1080,11.5466,12.5085,9.89389,1,1,0,0,2,11059200
1080,4,reference,1137,1280,720,1920,1080,11.5446,12.6578,9.8816,1,1,0,0,2,11059200
1080,4,reference,1138,1280,720,1920,1080,11.4964,12.4781,10.1151,1,1,0,0,2,11059200
1080,4,reference,1139,1280,720,1920,1080,11.3377,12.2803,9.95328,1,1,0,0,2,11059200
1080,4,reference,1140,1280,720,1920,1080,11.3193,12.3701,9.93587,1,1,0,0,2,11059200
1080,4,reference,1141,1280,720,1920,1080,11.6204,12.6242,9.96557,1,1,0,0,2,11059200
1080,4,reference,1142,1280,720,1920,1080,12.3351,13.2993,10.7039,1,1,0,0,2,11059200
1080,4,reference,1143,1280,720,1920,1080,11.2988,12.3735,9.91539,1,1,0,0,2,11059200
1080,4,reference,1144,1280,720,1920,1080,11.5118,12.7622,10.1294,1,1,0,0,2,11059200
1080,4,reference,1145,1280,720,1920,1080,11.3777,12.5563,9.99322,1,1,0,0,2,11059200
1080,4,reference,1146,1280,720,1920,1080,11.307,12.3213,9.92358,1,1,0,0,2,11059200
1080,4,reference,1147,1280,720,1920,1080,11.3132,12.388,9.9287,1,1,0,0,2,11059200
1080,4,reference,1148,1280,720,1920,1080,11.3091,12.2269,9.92563,1,1,0,0,2,11059200
1080,4,reference,1149,1280,720,1920,1080,11.6316,12.6216,9.97786,1,1,0,0,2,11059200
1080,4,reference,1150,1280,720,1920,1080,11.5405,12.5502,10.1571,1,1,0,0,2,11059200
1080,4,reference,1151,1280,720,1920,1080,11.5343,12.4543,10.1519,1,1,0,0,2,11059200
1080,4,reference,1152,1280,720,1920,1080,11.3111,12.3384,9.92768,1,1,0,0,2,11059200
1080,4,reference,1153,1280,720,1920,1080,11.4862,12.4573,10.0997,1,1,0,0,2,11059200
1080,4,reference,1154,1280,720,1920,1080,11.479,12.4102,10.0936,1,1,0,0,2,11059200
1080,4,reference,1155,1280,720,1920,1080,11.3818,12.5401,9.99629,1,1,0,0,2,11059200
1080,4,reference,1156,1280,720,1920,1080,11.392,12.3969,10.0106,1,1,0,0,2,11059200
1080,4,reference,1157,1280,720,1920,1080,11.3572,12.4699,9.97274,1,1,0,0,2,11059200
1080,4,reference,1158,1280,720,1920,1080,11.4668,12.4273,10.0813,1,1,0,0,2,11059200
1080,4,reference,1159,1280,720,1920,1080,11.3562,12.3023,9.97171,1,1,0,0,2,11059200
1080,4,reference,1160,1280,720,1920,1080,11.3603,12.501,9.97786,1,1,0,0,2,11059200
1080,4,reference,1161,1280,720,1920,1080,11.5108,12.6012,10.1243,1,1,0,0,2,11059200
1080,4,reference,1162,1280,720,1920,1080,11.3992,12.4684,10.0178,1,1,0,0,2,11059200
1080,4,reference,1163,1280,720,1920,1080,11.3469,12.4447,9.9625,1,1,0,0,2,11059200
1080,4,reference,1164,1280,720,1920,1080,11.3777,12.6618,9.99424,1,1,0,0,2,11059200
1080,4,reference,1165,1280,720,1920,1080,11.4463,12.439,10.0628,1,1,0,0,2,11059200
1080,4,reference,1166,1280,720,1920,1080,11.5036,12.5008,10.1212,1,1,0,0,2,11059200
1080,4,reference,1167,1280,720,1920,1080,11.5405,12.5554,10.1581,1,1,0,0,2,11059200
1080,4,reference,1168,1280,720,1920,1080,11.3603,12.4147,9.9799,1,1,0,0,2,11059200
1080,4,reference,1169,1280,720,1920,1080,11.522,12.4676,10.1376,1,1,0,0,2,11059200
1080,4,reference,1170,1280,720,1920,1080,11.6142,12.706,10.2339,1,1,0,0,2,11059200
1080,4,reference,1171,1280,720,1920,1080,11.3357,12.2781,9.95123,1,1,0,0,2,11059200
1080,4,reference,1172,1280,720,1920,1080,11.5763,12.7359,10.1939,1,1,0,0,2,11059200
1080,4,reference,1173,1280,720,1920,1080,11.2763,12.3468,9.89184,1,1,0,0,2,11059200
1080,4,reference,1174,1280,720,1920,1080,11.3961,12.3209,10.0147,1,1,0,0,2,11059200
1080,4,reference,1175,1280,720,1920,1080,11.5589,12.6306,9.9113,1,1,0,0,2,11059200
1080,4,reference,1176,1280,720,1920,1080,9.97274,10.8961,8.59341,1,1,0,0,2,11059200
1080,4,reference,1177,1280,720,1920,1080,9.39622,12.2406,8.01587,1,1,0,0,2,11059200
1080,4,reference,1178,1280,720,1920,1080,11.3654,12.3548,9.71878,1,1,0,0,2,11059200
1080,4,reference,1179,1280,720,1920,1080,11.4555,12.489,9.79661,1,1,0,0,2,11059200
1080,4,reference,1180,1280,720,1920,1080,11.6685,12.6618,10.0209,1,1,0,0,2,11059200
1080,4,reference,1181,1280,720,1920,1080,11.2701,12.5644,9.88877,1,1,0,0,2,11059200
1080,4,reference,1182,1280,720,1920,1080,11.4186,13.0795,9.77101,1,1,0,0,2,11059200
1080,4,reference,1183,1280,720,1920,1080,11.5558,12.5884,9.90822,1,1,0,0,2,11059200
1080,4,reference,1184,1280,720,1920,1080,11.5425,12.4693,9.90208,1,1,0,0,2,11059200
1080,4,reference,1185,1280,720,1920,1080,11.5323,12.4873,9.88774,1,1,0,0,2,11059200
1080,4,reference,1186,1280,720,1920,1080,11.5108,12.4553,9.86214,1,1,0,0,2,11059200
1080,4,reference,1187,1280,720,1920,1080,11.3592,12.3707,9.97171,1,1,0,0,2,11059200
1080,4,reference,1188,1280,720,1920,1080,11.4657,12.4183,9.81914,1,1,0,0,2,11059200
1080,4,reference,1189,1280,720,1920,1080,11.3981,12.4208,9.74848,1,1,0,0,2,11059200
1080,4,reference,1190,1280,720,1920,1080,11.4033,12.3548,9.7577,1,1,0,0,2,11059200
1080,4,reference,1191,1280,720,1920,1080,11.3234,12.3775,9.67578,1,1,0,0,2,11059200
1080,4,reference,1192,1280,720,1920,1080,11.3838,12.3462,9.7321,1,1,0,0,2,11059200
1080,4,reference,1193,1280,720,1920,1080,11.3787,12.4107,9.72288,1,1,0,0,2,11059200
1080,4,reference,1194,1280,720,1920,1080,11.3971,12.3385,9.75462,1,1,0,0,2,11059200
1080,4,reference,1195,1280,720,1920,1080,11.5374,12.5627,9.89184,1,1,0,0,2,11059200
1080,4,reference,1196,1280,720,1920,1080,11.5896,12.588,9.94202,1,1,0,0,2,11059200
1080,4,reference,1197,1280,720,1920,1080,11.5261,12.4808,9.95021,1,1,0,0,2,11059200
1080,4,reference,1198,1280,720,1920,1080,11.3428,12.475,9.96352,1,1,0,0,2,11059200
1080,4,reference,1199,1280,720,1920,1080,11.349,12.3466,9.6983,1,1,0,0,2,11059200
1080,5,reference,300,1280,720,1920,1080,12.6525,13.6921,11.2425,1,1,0,0,2,11059200
1080,5,reference,301,1280,720,1920,1080,11.1462,12.1742,9.75258,1,1,0,0,2,11059200
1080,5,reference,302,1280,720,1920,1080,11.6879,12.7296,10.0403,1,1,0,0,2,11059200
1080,5,reference,303,1280,720,1920,1080,11.4903,12.5558,9.93178,1,1,0,0,2,11059200
1080,5,reference,304,1280,720,1920,1080,11.3009,12.9004,8.59853,1,1,0,0,2,11059200
1080,5,reference,305,1280,720,1920,1080,11.0991,12.2022,9.72186,1,1,0,0,2,11059200
1080,5,reference,306,1280,720,1920,1080,11.2671,12.193,9.88877,1,1,0,0,2,11059200
1080,5,reference,307,1280,720,1920,1080,11.3265,12.3196,9.94918,1,1,0,0,2,11059200
1080,5,reference,308,1280,720,1920,1080,11.6685,12.616,10.0362,1,1,0,0,2,11059200
1080,5,reference,309,1280,720,1920,1080,11.2722,12.7556,9.89594,1,1,0,0,2,11059200
1080,5,reference,310,1280,720,1920,1080,11.562,12.9525,9.91334,1,1,0,0,2,11059200
1080,5,reference,311,1280,720,1920,1080,11.5446,12.6838,9.89798,1,1,0,0,2,11059200
1080,5,reference,312,1280,720,1920,1080,11.5712,12.5727,9.92154,1,1,0,0,2,11059200
1080,5,reference,313,1280,720,1920,1080,11.5159,12.5904,9.86624,1,1,0,0,2,11059200
1080,5,reference,314,1280,720,1920,1080,11.3367,12.7539,9.9369,1,1,0,0,2,11059200
1080,5,reference,315,1280,720,1920,1080,12.0381,13.0092,10.6598,1,1,0,0,2,11059200
1080,5,reference,316,1280,720,1920,1080,11.4913,12.4397,10.113,1,1,0,0,2,11059200
1080,5,reference,317,1280,720,1920,1080,11.5272,12.6632,10.1478,1,1,0,0,2,11059200
1080,5,reference,318,1280,720,1920,1080,11.4596,12.498,10.0823,1,1,0,0,2,11059200
1080,5,reference,319,1280,720,1920,1080,11.2517,12.3529,9.87546,1,1,0,0,2,11059200
1080,5,reference,320,1280,720,1920,1080,11.5118,12.5182,10.1345,1,1,0,0,2,11059200
1080,5,reference,321,1280,720,1920,1080,11.9183,12.95,10.5411,1,1,0,0,2,11059200
1080,5,reference,322,1280,720,1920,1080,11.3377,12.3383,9.96045,1,1,0,0,2,11059200
1080,5,reference,323,1280,720,1920,1080,11.1012,12.208,9.71776,1,1,0,0,2,11059200
1080,5,reference,324,1280,720,1920,1080,11.4975,12.5121,10.1192,1,1,0,0,2,11059200
1080,5,reference,325,1280,720,1920,1080,11.3285,12.5304,9.95328,1,1,0,0,2,11059200
1080,5,reference,326,1280,720,1920,1080,11.6593,12.6306,10.2799,1,1,0,0,2,11059200
1080,5,reference,327,1280,720,1920,1080,11.393,12.5406,9.99834,1,1,0,0,2,11059200
1080,5,reference,328,1280,720,1920,1080,11.2824,12.2236,9.72288,1,1,0,0,2,11059200
1080,5,reference,329,1280,720,1920,1080,11.3009,12.2377,9.92461,1,1,0,0,2,11059200
1080,5,reference,330,1280,720,1920,1080,11.563,12.4483,10.1837,1,1,0,0,2,11059200
1080,5,reference,331,1280,720,1920,1080,11.4821,12.4584,10.1079,1,1,0,0,2,11059200
1080,5,reference,332,1280,720,1920,1080,11.5354,12.5161,10.156,1,1,0,0,2,11059200
1080,5,reference,333,1280,720,1920,1080,11.522,12.5345,10.1448,1,1,0,0,2,11059200
1080,5,reference,334,1280,720,1920,1080,11.5026,12.6006,10.1243,1,1,0,0,2,11059200
1080,5,reference,335,1280,720,1920,1080,11.5241,12.8182,10.1509,1,1,0,0,2,11059200
1080,5,reference,336,1280,720,1920,1080,11.3572,12.4246,9.9799,1,1,0,0,2,11059200
1080,5,reference,337,1280,720,1920,1080,11.2814,12.2847,9.90413,1,1,0,0,2,11059200
1080,5,reference,338,1280,720,1920,1080,11.349,12.3294,9.97274,1,1,0,0,2,11059200
1080,5,reference,339,1280,720,1920,1080,11.4022,12.3529,10.026,1,1,0,0,2,11059200
1080,5,reference,340,1280,720,1920,1080,11.3715,12.5313,9.99526,1,1,0,0,2,11059200
1080,5,reference,341,1280,720,1920,1080,11.3684,12.4994,9.99014,1,1,0,0,2,11059200
1080,5,reference,342,1280,720,1920,1080,11.4524,12.555,10.0751,1,1,0,0,2,11059200
1080,5,reference,343,1280,720,1920,1080,11.3756,12.4515,9.99936,1,1,0,0,2,11059200
1080,5,reference,344,1280,720,1920,1080,11.3531,12.3181,9.97478,1,1,0,0,2,11059200
1080,5,reference,345,1280,720,1920,1080,11.305,12.2829,9.92563,1,1,0,0,2,11059200
1080,5,reference,346,1280,720,1920,1080,11.4872,12.575,10.1089,1,1,0,0,2,11059200
1080,5,reference,347,1280,720,1920,1080,11.4452,12.5321,10.0669,1,1,0,0,2,11059200
1080,5,reference,348,1280,720,1920,1080,11.5098,12.7349,10.1304,1,1,0,0,2,11059200
1080,5,reference,349,1280,720,1920,1080,11.3244,12.3782,9.94611,1,1,0,0,2,11059200
1080,5,reference,350,1280,720,1920,1080,11.3449,12.3833,9.96864,1,1,0,0,2,11059200
1080,5,reference,351,1280,720,1920,1080,11.5651,12.759,10.1868,1,1,0,0,2,11059200
1080,5,reference,352,1280,720,1920,1080,11.3674,12.4001,9.98502,1,1,0,0,2,11059200
1080,5,reference,353,1280,720,1920,1080,11.308,12.3182,9.93075,1,1,0,0,2,11059200
1080,5,reference,354,1280,720,1920,1080,11.5528,12.5228,10.1755,1,1,0,0,2,11059200
1080,5,reference,355,1280,720,1920,1080,11.39,12.4194,10.0137,1,1,0,0,2,11059200
1080,5,reference,356,1280,720,1920,1080,12.0166,13.1574,10.3782,1,1,0,0,2,11059200
1080,5,reference,357,1280,720,1920,1080,11.349,12.5242,9.97171,1,1,0,0,2,11059200
1080,5,reference,358,1280,720,1920,1080,9.82528,10.7886,8.45005,1,1,0,0,2,11059200
1080,5,reference,359,1280,720,1920,1080,11.4596,13.6244,10.0721,1,1,0,0,2,11059200
1080,5,reference,360,1280,720,1920,1080,11.6972,12.7461,10.1448,1,1,0,0,2,11059200
1080,5,reference,361,1280,720,1920,1080,11.435,12.5296,10.0577,1,1,0,0,2,11059200
1080,5,reference,362,1280,720,1920,1080,11.434,12.3596,9.78534,1,1,0,0,2,11059200
1080,5,reference,363,1280,720,1920,1080,11.135,12.1232,9.72595,1,1,0,0,2,11059200
1080,5,reference,364,1280,720,1920,1080,11.518,12.5828,10.1376,1,1,0,0,2,11059200
1080,5,reference,365,1280,720,1920,1080,11.3746,12.408,9.99526,1,1,0,0,2,11059200
1080,5,reference,366,1280,720,1920,1080,11.3859,12.4194,10.0086,1,1,0,0,2,11059200
1080,5,reference,367,1280,720,1920,1080,11.3203,12.3482,9.94406,1,1,0,0,2,11059200
1080,5,reference,368,1280,720,1920,1080,11.4903,12.4259,10.111,1,1,0,0,2,11059200
1080,5,reference,369,1280,720,1920,1080,11.5661,12.5686,10.1878,1,1,0,0,2,11059200
1080,5,reference,370,1280,720,1920,1080,11.4616,12.5341,10.0833,1,1,0,0,2,11059200
1080,5,reference,371,1280,720,1920,1080,11.5702,12.4813,10.1929,1,1,0,0,2,11059200
1080,5,reference,372,1280,720,1920,1080,11.4924,12.5611,10.1151,1,1,0,0,2,11059200
1080,5,reference,373,1280,720,1920,1080,11.5067,12.6332,10.1294,1,1,0,0,2,11059200
1080,5,reference,374,1280,720,1920,1080,11.2916,12.4173,9.91232,1,1,0,0,2,11059200
1080,5,reference,375,1280,720,1920,1080,11.3367,12.4065,9.96147,1,1,0,0,2,11059200
1080,5,reference,376,1280,720,1920,1080,11.1841,12.3404,8.48691,1,1,0,0,2,11059200
1080,5,reference,377,1280,720,1920,1080,11.3213,12.7567,9.94509,1,1,0,0,2,11059200
1080,5,reference,378,1280,720,1920,1080,11.5261,12.5472,10.1489,1,1,0,0,2,11059200
1080,5,reference,379,1280,720,1920,1080,11.3132,12.3519,9.93587,1,1,0,0,2,11059200
1080,5,reference,380,1280,720,1920,1080,11.3316,12.3597,9.95533,1,1,0,0,2,11059200
1080,5,reference,381,1280,720,1920,1080,11.2947,12.3354,9.92051,1,1,0,0,2,11059200
1080,5,reference,382,1280,720,1920,1080,11.478,12.4029,10.0997,1,1,0,0,2,11059200
1080,5,reference,383,1280,720,1920,1080,11.5005,12.4256,10.1222,1,1,0,0,2,11059200
1080,5,reference,384,1280,720,1920,1080,11.5558,12.8393,10.1765,1,1,0,0,2,11059200
1080,5,reference,385,1280,720,1920,1080,11.3695,12.4056,9.72083,1,1,0,0,2,11059200
1080,5,reference,386,1280,720,1920,1080,11.3336,12.2498,9.95533,1,1,0,0,2,11059200
1080,5,reference,387,1280,720,1920,1080,11.5343,12.4901,10.1571,1,1,0,0,2,11059200
1080,5,reference,388,1280,720,1920,1080,11.3285,12.2688,9.95021,1,1,0,0,2,11059200
1080,5,reference,389,1280,720,1920,1080,11.3459,12.2855,9.96762,1,1,0,0,2,11059200
1080,5,reference,390,1280,720,1920,1080,11.3551,12.3637,9.97683,1,1,0,0,2,11059200
1080,5,reference,391,1280,720,1920,1080,11.6224,12.9313,9.99014,1,1,0,0,2,11059200
1080,5,reference,392,1280,720,1920,1080,11.392,12.4329,10.0127,1,1,0,0,2,11059200
1080,5,reference,393,1280,720,1920,1080,11.3418,12.3034,9.96454,1,1,0,0,2,11059200
1080,5,reference,394,1280,720,1920,1080,11.3664,12.3113,9.98707,1,1,0,0,2,11059200
1080,5,reference,395,1280,720,1920,1080,11.5169,12.538,9.89082,1,1,0,0,2,11059200
1080,5,reference,396,1280,720,1920,1080,11.3398,12.3247,9.96454,1,1,0,0,2,11059200
1080,5,reference,397,1280,720,1920,1080,11.3295,12.3704,9.9543,1,1,0,0,2,11059200
1080,5,reference,398,1280,720,1920,1080,11.3848,12.6463,10.0076,1,1,0,0,2,11059200
1080,5,reference,399,1280,720,1920,1080,11.6081,12.6326,9.95942,1,1,0,0,2,11059200
1080,5,reference,400,1280,720,1920,1080,11.605,12.5977,10.2257,1,1,0,0,2,11059200
1080,5,reference,401,1280,720,1920,1080,11.5323,12.5607,10.154,1,1,0,0,2,11059200
1080,5,reference,402,1280,720,1920,1080,11.4975,12.5098,10.1192,1,1,0,0,2,11059200
1080,5,reference,403,1280,720,1920,1080,11.521,12.4639,10.1427,1,1,0,0,2,11059200
1080,5,reference,404,1280,720,1920,1080,11.5282,12.7968,10.1489,1,1,0,0,2,11059200
1080,5,reference,405,1280,720,1920,1080,11.5046,12.754,10.1263,1,1,0,0,2,11059200
1080,5,reference,406,1280,720,1920,1080,11.3162,12.3124,9.93792,1,1,0,0,2,11059200
1080,5,reference,407,1280,720,1920,1080,11.3265,12.4405,9.94406,1,1,0,0,2,11059200
1080,5,reference,408,1280,720,1920,1080,11.2978,12.3209,9.92154,1,1,0,0,2,11059200
1080,5,reference,409,1280,720,1920,1080,11.2579,12.3524,8.61389,1,1,0,0,2,11059200
1080,5,reference,410,1280,720,1920,1080,11.4309,12.4418,10.0516,1,1,0,0,2,11059200
1080,5,reference,411,1280,720,1920,1080,11.5292,12.4729,9.8775,1,1,0,0,2,11059200
1080,5,reference,412,1280,720,1920,1080,11.3582,12.3314,9.98093,1,1,0,0,2,11059200
1080,5,reference,413,1280,720,1920,1080,11.3459,12.3441,9.96864,1,1,0,0,2,11059200
1080,5,reference,414,1280,720,1920,1080,11.3695,12.4085,9.99219,1,1,0,0,2,11059200
1080,5,reference,415,1280,720,1920,1080,11.35,12.5008,9.97478,1,1,0,0,2,11059200
1080,5,reference,416,1280,720,1920,1080,11.348,12.3468,9.97171,1,1,0,0,2,11059200
1080,5,reference,417,1280,720,1920,1080,11.3674,12.2733,9.98912,1,1,0,0,2,11059200
1080,5,reference,418,1280,720,1920,1080,11.3592,12.3525,9.9799,1,1,0,0,2,11059200
1080,5,reference,419,1280,720,1920,1080,11.5333,12.4723,9.89901,1,1,0,0,2,11059200
1080,5,reference,420,1280,720,1920,1080,11.5589,12.5379,9.92256,1,1,0,0,2,11059200
1080,5,reference,421,1280,720,1920,1080,11.5692,12.9575,9.9328,1,1,0,0,2,11059200
1080,5,reference,422,1280,720,1920,1080,11.5046,12.5934,10.1263,1,1,0,0,2,11059200
1080,5,reference,423,1280,720,1920,1080,11.4872,12.4664,10.1151,1,1,0,0,2,11059200
1080,5,reference,424,1280,720,1920,1080,11.4985,12.5583,10.1151,1,1,0,0,2,11059200
1080,5,reference,425,1280,720,1920,1080,11.4708,12.4843,10.0966,1,1,0,0,2,11059200
1080,5,reference,426,1280,720,1920,1080,11.5528,12.6545,10.1745,1,1,0,0,2,11059200
1080,5,reference,427,1280,720,1920,1080,11.3715,12.4408,9.99629,1,1,0,0,2,11059200
1080,5,reference,428,1280,720,1920,1080,11.5005,12.6769,10.1212,1,1,0,0,2,11059200
1080,5,reference,429,1280,720,1920,1080,11.3787,12.4034,10.0014,1,1,0,0,2,11059200
1080,5,reference,430,1280,720,1920,1080,11.3695,12.3022,9.99117,1,1,0,0,2,11059200
1080,5,reference,431,1280,720,1920,1080,11.3592,12.3117,9.98298,1,1,0,0,2,11059200
1080,5,reference,432,1280,720,1920,1080,11.5302,12.5427,10.1519,1,1,0,0,2,11059200
1080,5,reference,433,1280,720,1920,1080,11.5251,12.4969,10.1478,1,1,0,0,2,11059200
1080,5,reference,434,1280,720,1920,1080,11.519,12.4788,10.1407,1,1,0,0,2,11059200
1080,5,reference,435,1280,720,1920,1080,11.5855,12.5839,10.2093,1,1,0,0,2,11059200
1080,5,reference,436,1280,720,1920,1080,11.4985,12.5521,10.1222,1,1,0,0,2,11059200
1080,5,reference,437,1280,720,1920,1080,11.8272,13.4109,10.452,1,1,0,0,2,11059200
1080,5,reference,438,1280,720,1920,1080,11.3285,12.5372,9.95021,1,1,0,0,2,11059200
1080,5,reference,439,1280,720,1920,1080,11.3705,12.4092,9.99526,1,1,0,0,2,11059200
1080,5,reference,440,1280,720,1920,1080,11.3295,12.2685,9.95226,1,1,0,0,2,11059200
1080,5,reference,441,1280,720,1920,1080,11.1606,12.2722,9.78432,1,1,0,0,2,11059200
1080,5,reference,442,1280,720,1920,1080,11.5149,12.4311,10.1366,1,1,0,0,2,11059200
1080,5,reference,443,1280,720,1920,1080,11.3562,12.5599,9.9799,1,1,0,0,2,11059200
1080,5,reference,444,1280,720,1920,1080,10.9834,12.1328,9.6041,1,1,0,0,2,11059200
1080,5,reference,445,1280,720,1920,1080,11.2876,12.2195,9.91232,1,1,0,0,2,11059200
1080,5,reference,446,1280,720,1920,1080,11.5712,12.5614,9.93075,1,1,0,0,2,11059200
1080,5,reference,447,1280,720,1920,1080,11.4801,12.3619,10.1018,1,1,0,0,2,11059200
1080,5,reference,448,1280,720,1920,1080,11.5456,12.4421,10.1673,1,1,0,0,2,11059200
1080,5,reference,449,1280,720,1920,1080,11.5374,12.5667,10.1601,1,1,0,0,2,11059200
1080,5,reference,450,1280,720,1920,1080,11.5231,12.4794,10.1478,1,1,0,0,2,11059200
1080,5,reference,451,1280,720,1920,1080,11.5292,12.5223,10.153,1,1,0,0,2,11059200
1080,5,reference,452,1280,720,1920,1080,11.519,12.5907,10.1427,1,1,0,0,2,11059200
1080,5,reference,453,1280,720,1920,1080,11.3306,12.44,9.95533,1,1,0,0,2,11059200
1080,5,reference,454,1280,720,1920,1080,11.3162,12.3871,9.93792,1,1,0,0,2,11059200
1080,5,reference,455,1280,720,1920,1080,11.4371,12.3731,10.0639,1,1,0,0,2,11059200
1080,5,reference,456,1280,720,1920,1080,11.3377,12.8834,9.94714,1,1,0,0,2,11059200
1080,5,reference,457,1280,720,1920,1080,11.3838,12.3711,10.0065,1,1,0,0,2,11059200
1080,5,reference,458,1280,720,1920,1080,11.3521,12.3067,9.97478,1,1,0,0,2,11059200
1080,5,reference,459,1280,720,1920,1080,11.1852,12.3279,9.79866,1,1,0,0,2,11059200
1080,5,reference,460,1280,720,1920,1080,11.6705,12.6515,10.2881,1,1,0,0,2,11059200
1080,5,reference,461,1280,720,1920,1080,11.5077,12.5477,10.1263,1,1,0,0,2,11059200
1080,5,reference,462,1280,720,1920,1080,11.3367,12.3986,9.95942,1,1,0,0,2,11059200
1080,5,reference,463,1280,720,1920,1080,11.4708,12.386,10.0966,1,1,0,0,2,11059200
1080,5,reference,464,1280,720,1920,1080,11.5231,12.5175,10.1458,1,1,0,0,2,11059200
1080,5,reference,465,1280,720,1920,1080,11.2282,12.275,9.85088,1,1,0,0,2,11059200
1080,5,reference,466,1280,720,1920,1080,11.394,12.5709,10.0168,1,1,0,0,2,11059200
1080,5,reference,467,1280,720,1920,1080,11.4924,12.4399,10.1181,1,1,0,0,2,11059200
1080,5,reference,468,1280,720,1920,1080,11.3828,12.4602,10.0045,1,1,0,0,2,11059200
1080,5,reference,469,1280,720,1920,1080,11.2773,12.3813,9.89901,1,1,0,0,2,11059200
1080,5,reference,470,1280,720,1920,1080,11.391,12.374,10.0137,1,1,0,0,2,11059200
1080,5,reference,471,1280,720,1920,1080,9.79763,10.8049,8.42547,1,1,0,0,2,11059200
1080,5,reference,472,1280,720,1920,1080,12.714,13.7637,11.2865,1,1,0,0,2,11059200
1080,5,reference,473,1280,720,1920,1080,9.82323,10.7456,8.4521,1,1,0,0,2,11059200
1080,5,reference,474,1280,720,1920,1080,12.6884,13.6845,11.266,1,1,0,0,2,11059200
1080,5,reference,475,1280,720,1920,1080,11.0756,12.1333,9.69421,1,1,0,0,2,11059200
1080,5,reference,476,1280,720,1920,1080,11.392,12.2897,9.76077,1,1,0,0,2,11059200
1080,5,reference,477,1280,720,1920,1080,11.2968,12.5077,9.92154,1,1,0,0,2,11059200
1080,5,reference,478,1280,720,1920,1080,11.5948,12.7423,9.95226,1,1,0,0,2,11059200
1080,5,reference,479,1280,720,1920,1080,11.2118,12.1665,9.65427,1,1,0,0,2,11059200
1080,5,reference,480,1280,720,1920,1080,11.3592,12.3315,9.97786,1,1,0,0,2,11059200
1080,5,reference,481,1280,720,1920,1080,10.1151,11.0705,8.74189,1,1,0,0,2,11059200
1080,5,reference,482,1280,720,1920,1080,11.1503,13.0816,9.76896,1,1,0,0,2,11059200
1080,5,reference,483,1280,720,1920,1080,11.3981,12.3553,10.0198,1,1,0,0,2,11059200
1080,5,reference,484,1280,720,1920,1080,11.3654,12.3766,9.98605,1,1,0,0,2,11059200
1080,5,reference,485,1280,720,1920,1080,11.3582,12.2648,9.72595,1,1,0,0,2,11059200
1080,5,reference,486,1280,720,1920,1080,11.0295,12.1736,9.65325,1,1,0,0,2,11059200
1080,5,reference,487,1280,720,1920,1080,11.5343,12.5626,10.1591,1,1,0,0,2,11059200
1080,5,reference,488,1280,720,1920,1080,11.0623,12.2127,9.68499,1,1,0,0,2,11059200
1080,5,reference,489,1280,720,1920,1080,11.5323,12.4537,9.88467,1,1,0,0,2,11059200
1080,5,reference,490,1280,720,1920,1080,9.8304,10.8387,8.45414,1,1,0,0,2,11059200
1080,5,reference,491,1280,720,1920,1080,11.4637,13.6781,10.0731,1,1,0,0,2,11059200
1080,5,reference,492,1280,720,1920,1080,11.5753,12.5246,10.197,1,1,0,0,2,11059200
1080,5,reference,493,1280,720,1920,1080,11.3869,12.371,10.0106,1,1,0,0,2,11059200
1080,5,reference,494,1280,720,1920,1080,11.4524,12.7481,10.0741,1,1,0,0,2,11059200
1080,5,reference,495,1280,720,1920,1080,11.3367,12.3784,9.96045,1,1,0,0,2,11059200
1080,5,reference,496,1280,720,1920,1080,11.35,12.4255,9.97274,1,1,0,0,2,11059200
1080,5,reference,497,1280,720,1920,1080,11.2968,12.2746,9.91846,1,1,0,0,2,11059200
1080,5,reference,498,1280,720,1920,1080,9.79251,10.7113,8.42035,1,1,0,0,2,11059200
1080,5,reference,499,1280,720,1920,1080,12.5747,13.5695,9.90003,1,1,0,0,2,11059200
1080,5,reference,500,1280,720,1920,1080,10.026,10.9819,8.64666,1,1,0,0,2,11059200
1080,5,reference,501,1280,720,1920,1080,9.53549,10.3641,8.15309,1,1,0,0,2,11059200
1080,5,reference,502,1280,720,1920,1080,11.0879,11.9339,9.71059,1,1,0,0,2,11059200
1080,5,reference,503,1280,720,1920,1080,9.83245,10.8209,8.45722,1,1,0,0,2,11059200
1080,5,reference,504,1280,720,1920,1080,12.8256,13.7875,11.4063,1,1,0,0,2,11059200
1080,5,reference,505,1280,720,1920,1080,11.4893,12.5447,9.83142,1,1,0,0,2,11059200
1080,5,reference,506,1280,720,1920,1080,11.306,12.2537,9.92461,1,1,0,0,2,11059200
1080,5,reference,507,1280,720,1920,1080,11.3009,12.3085,9.92256,1,1,0,0,2,11059200
1080,5,reference,508,1280,720,1920,1080,11.1135,12.1213,9.73517,1,1,0,0,2,11059200
1080,5,reference,509,1280,720,1920,1080,11.3766,12.296,9.99936,1,1,0,0,2,11059200
1080,5,reference,510,1280,720,1920,1080,11.3388,12.2834,9.68909,1,1,0,0,2,11059200
1080,5,reference,511,1280,720,1920,1080,11.2753,12.4834,9.90106,1,1,0,0,2,11059200
1080,5,reference,512,1280,720,1920,1080,11.477,12.4217,9.91334,1,1,0,0,2,11059200
1080,5,reference,513,1280,720,1920,1080,11.5589,12.593,10.1837,1,1,0,0,2,11059200
1080,5,reference,514,1280,720,1920,1080,11.3408,12.7817,9.96352,1,1,0,0,2,11059200
1080,5,reference,515,1280,720,1920,1080,11.3541,12.4222,9.71059,1,1,0,0,2,11059200
1080,5,reference,516,1280,720,1920,1080,11.4248,12.3974,9.77203,1,1,0,0,2,11059200
1080,5,reference,517,1280,720,1920,1080,11.7125,12.7459,10.0659,1,1,0,0,2,11059200
1080,5,reference,518,1280,720,1920,1080,11.3787,12.5421,9.72595,1,1,0,0,2,11059200
1080,5,reference,519,1280,720,1920,1080,11.3132,12.3149,9.67578,1,1,0,0,2,11059200
1080,5,reference,520,1280,720,1920,1080,11.3971,12.4889,9.75053,1,1,0,0,2,11059200
1080,5,reference,521,1280,720,1920,1080,11.3572,12.3211,9.71674,1,1,0,0,2,11059200
1080,5,reference,522,1280,720,1920,1080,11.4012,12.4053,9.75667,1,1,0,0,2,11059200
1080,5,reference,523,1280,720,1920,1080,11.2128,12.5136,9.83859,1,1,0,0,2,11059200
1080,5,reference,524,1280,720,1920,1080,11.3818,12.3868,9.72595,1,1,0,0,2,11059200
1080,5,reference,525,1280,720,1920,1080,11.6593,12.7139,9.94406,1,1,0,0,2,11059200
1080,5,reference,526,1280,720,1920,1080,11.4074,12.5873,9.74234,1,1,0,0,2,11059200
1080,5,reference,527,1280,720,1920,1080,11.3531,12.3398,9.71366,1,1,0,0,2,11059200
1080,5,reference,528,1280,720,1920,1080,11.4514,12.6016,9.78944,1,1,0,0,2,11059200
1080,5,reference,529,1280,720,1920,1080,11.4135,12.5385,9.76691,1,1,0,0,2,11059200
1080,5,reference,530,1280,720,1920,1080,11.5927,12.9329,9.95021,1,1,0,0,2,11059200
1080,5,reference,531,1280,720,1920,1080,11.6285,12.7595,9.97069,1,1,0,0,2,11059200
1080,5,reference,532,1280,720,1920,1080,11.564,12.5774,9.90822,1,1,0,0,2,11059200
1080,5,reference,533,1280,720,1920,1080,11.3644,12.3177,9.9881,1,1,0,0,2,11059200
1080,5,reference,534,1280,720,1920,1080,11.4135,12.5736,10.0321,1,1,0,0,2,11059200
1080,5,reference,535,1280,720,1920,1080,11.6009,12.5666,9.95226,1,1,0,0,2,11059200
1080,5,reference,536,1280,720,1920,1080,11.3172,12.32,9.94099,1,1,0,0,2,11059200
1080,5,reference,537,1280,720,1920,1080,11.5077,12.465,9.86624,1,1,0,0,2,11059200
1080,5,reference,538,1280,720,1920,1080,11.6449,12.867,9.97274,1,1,0,0,2,11059200
1080,5,reference,539,1280,720,1920,1080,11.3807,12.444,10.0055,1,1,0,0,2,11059200
1080,5,reference,540,1280,720,1920,1080,11.4022,12.4111,10.0219,1,1,0,0,2,11059200
1080,5,reference,541,1280,720,1920,1080,11.3654,12.3699,9.98605,1,1,0,0,2,11059200
1080,5,reference,542,1280,720,1920,1080,11.5487,12.5312,9.88365,1,1,0,0,2,11059200
1080,5,reference,543,1280,720,1920,1080,11.3572,12.4244,9.98093,1,1,0,0,2,11059200
1080,5,reference,544,1280,720,1920,1080,11.3807,12.5186,10.0014,1,1,0,0,2,11059200
1080,5,reference,545,1280,720,1920,1080,11.434,12.4296,10.0577,1,1,0,0,2,11059200
1080,5,reference,546,1280,720,1920,1080,11.5384,12.4963,9.89798,1,1,0,0,2,11059200
1080,5,reference,547,1280,720,1920,1080,11.5415,12.6195,9.88672,1,1,0,0,2,11059200
1080,5,reference,548,1280,720,1920,1080,11.5436,12.6096,10.1683,1,1,0,0,2,11059200
1080,5,reference,549,1280,720,1920,1080,11.5343,12.7557,10.1571,1,1,0,0,2,11059200
1080,5,reference,550,1280,720,1920,1080,11.5313,12.6065,10.153,1,1,0,0,2,11059200
1080,5,reference,551,1280,720,1920,1080,11.5374,12.551,10.1632,1,1,0,0,2,11059200
1080,5,reference,552,1280,720,1920,1080,11.3818,12.4262,10.0014,1,1,0,0,2,11059200
1080,5,reference,553,1280,720,1920,1080,11.2998,12.3199,9.92358,1,1,0,0,2,11059200
1080,5,reference,554,1280,720,1920,1080,11.2896,12.3349,9.89389,1,1,0,0,2,11059200
1080,5,reference,555,1280,720,1920,1080,11.5517,12.4392,10.1632,1,1,0,0,2,11059200
1080,5,reference,556,1280,720,1920,1080,11.4842,12.3765,10.1059,1,1,0,0,2,11059200
1080,5,reference,557,1280,720,1920,1080,11.3009,12.2285,9.92256,1,1,0,0,2,11059200
1080,5,reference,558,1280,720,1920,1080,11.3736,12.3949,9.99834,1,1,0,0,2,11059200
1080,5,reference,559,1280,720,1920,1080,11.5425,12.7297,9.90822,1,1,0,0,2,11059200
1080,5,reference,560,1280,720,1920,1080,11.5845,12.783,10.2062,1,1,0,0,2,11059200
1080,5,reference,561,1280,720,1920,1080,11.9828,13.0109,10.6056,1,1,0,0,2,11059200
1080,5,reference,562,1280,720,1920,1080,11.5098,12.717,10.1274,1,1,0,0,2,11059200
1080,5,reference,563,1280,720,1920,1080,11.3633,12.3935,9.98605,1,1,0,0,2,11059200
1080,5,reference,564,1280,720,1920,1080,11.0674,12.244,9.68499,1,1,0,0,2,11059200
1080,5,reference,565,1280,720,1920,1080,11.518,12.4074,10.1417,1,1,0,0,2,11059200
1080,5,reference,566,1280,720,1920,1080,11.5466,12.5775,10.1704,1,1,0,0,2,11059200
1080,5,reference,567,1280,720,1920,1080,11.349,12.4182,9.97376,1,1,0,0,2,11059200
1080,5,reference,568,1280,720,1920,1080,11.3562,12.4428,9.97683,1,1,0,0,2,11059200
1080,5,reference,569,1280,720,1920,1080,11.4176,12.6188,10.0393,1,1,0,0,2,11059200
1080,5,reference,570,1280,720,1920,1080,11.351,12.3941,9.97376,1,1,0,0,2,11059200
1080,5,reference,571,1280,720,1920,1080,11.3469,12.3484,9.97069,1,1,0,0,2,11059200
1080,5,reference,572,1280,720,1920,1080,11.4104,12.4083,10.0291,1,1,0,0,2,11059200
1080,5,reference,573,1280,720,1920,1080,11.3572,12.3366,9.97888,1,1,0,0,2,11059200
1080,5,reference,574,1280,720,1920,1080,11.4555,12.5585,10.0792,1,1,0,0,2,11059200
1080,5,reference,575,1280,720,1920,1080,11.563,12.6185,10.1868,1,1,0,0,2,11059200
1080,5,reference,576,1280,720,1920,1080,11.3428,12.3409,9.96557,1,1,0,0,2,11059200
1080,5,reference,577,1280,720,1920,1080,11.3736,12.3628,9.99936,1,1,0,0,2,11059200
1080,5,reference,578,1280,720,1920,1080,11.3306,12.422,9.95328,1,1,0,0,2,11059200
1080,5,reference,579,1280,720,1920,1080,11.3695,12.4079,9.99424,1,1,0,0,2,11059200
1080,5,reference,580,1280,720,1920,1080,11.5722,12.6972,10.1888,1,1,0,0,2,11059200
1080,5,reference,581,1280,720,1920,1080,11.5671,12.6885,10.1857,1,1,0,0,2,11059200
1080,5,reference,582,1280,720,1920,1080,11.4053,12.3688,9.76896,1,1,0,0,2,11059200
1080,5,reference,583,1280,720,1920,1080,11.3285,12.3288,9.95328,1,1,0,0,2,11059200
1080,5,reference,584,1280,720,1920,1080,11.5231,12.7497,10.1437,1,1,0,0,2,11059200
1080,5,reference,585,1280,720,1920,1080,11.3521,12.5343,9.97683,1,1,0,0,2,11059200
1080,5,reference,586,1280,720,1920,1080,11.3664,12.4585,9.984,1,1,0,0,2,11059200
1080,5,reference,587,1280,720,1920,1080,10.9824,12.0364,9.60819,1,1,0,0,2,11059200
1080,5,reference,588,1280,720,1920,1080,11.4954,12.4279,10.1181,1,1,0,0,2,11059200
1080,5,reference,589,1280,720,1920,1080,11.3469,12.2702,9.97171,1,1,0,0,2,11059200
1080,5,reference,590,1280,720,1920,1080,11.564,12.5442,10.1857,1,1,0,0,2,11059200
1080,5,reference,591,1280,720,1920,1080,11.4995,12.5067,10.1233,1,1,0,0,2,11059200
1080,5,reference,592,1280,720,1920,1080,11.5251,12.8631,10.1478,1,1,0,0,2,11059200
1080,5,reference,593,1280,720,1920,1080,11.348,12.3652,9.97274,1,1,0,0,2,11059200
1080,5,reference,594,1280,720,1920,1080,11.5487,12.5823,10.1693,1,1,0,0,2,11059200
1080,5,reference,595,1280,720,1920,1080,11.2968,12.2276,9.92154,1,1,0,0,2,11059200
1080,5,reference,596,1280,720,1920,1080,11.5302,12.4482,10.1489,1,1,0,0,2,11059200
1080,5,reference,597,1280,720,1920,1080,11.2773,12.3628,9.89798,1,1,0,0,2,11059200
1080,5,reference,598,1280,720,1920,1080,11.5139,12.5967,9.88365,1,1,0,0,2,11059200
1080,5,reference,599,1280,720,1920,1080,11.4975,12.3981,10.1222,1,1,0,0,2,11059200
1080,5,reference,600,1280,720,1920,1080,11.307,12.3372,9.9287,1,1,0,0,2,11059200
1080,5,reference,601,1280,720,1920,1080,11.6654,13.073,10.2902,1,1,0,0,2,11059200
1080,5,reference,602,1280,720,1920,1080,11.2681,12.5153,9.88877,1,1,0,0,2,11059200
1080,5,reference,603,1280,720,1920,1080,11.647,12.562,10.0854,1,1,0,0,2,11059200
1080,5,reference,604,1280,720,1920,1080,11.2978,12.2573,9.92256,1,1,0,0,2,11059200
1080,5,reference,605,1280,720,1920,1080,11.2957,12.3859,9.91846,1,1,0,0,2,11059200
1080,5,reference,606,1280,720,1920,1080,11.2906,12.3116,9.91334,1,1,0,0,2,11059200
1080,5,reference,607,1280,720,1920,1080,11.522,12.4546,10.1468,1,1,0,0,2,11059200
1080,5,reference,608,1280,720,1920,1080,11.5272,12.7083,10.1478,1,1,0,0,2,11059200
1080,5,reference,609,1280,720,1920,1080,11.264,12.5851,9.86931,1,1,0,0,2,11059200
1080,5,reference,610,1280,720,1920,1080,11.5251,12.6642,10.1478,1,1,0,0,2,11059200
1080,5,reference,611,1280,720,1920,1080,11.3541,12.4354,9.97683,1,1,0,0,2,11059200
1080,5,reference,612,1280,720,1920,1080,11.3183,12.2839,9.94202,1,1,0,0,2,11059200
1080,5,reference,613,1280,720,1920,1080,11.3715,12.4114,9.99629,1,1,0,0,2,11059200
1080,5,reference,614,1280,720,1920,1080,11.3111,12.3575,9.93382,1,1,0,0,2,11059200
1080,5,reference,615,1280,720,1920,1080,11.5272,12.5592,10.1509,1,1,0,0,2,11059200
1080,5,reference,616,1280,720,1920,1080,12.0166,13.0664,10.3608,1,1,0,0,2,11059200
1080,5,reference,617,1280,720,1920,1080,11.0387,12.1346,9.66246,1,1,0,0,2,11059200
1080,5,reference,618,1280,720,1920,1080,11.5046,12.6597,10.1263,1,1,0,0,2,11059200
1080,5,reference,619,1280,720,1920,1080,11.351,12.3498,9.97376,1,1,0,0,2,11059200
1080,5,reference,620,1280,720,1920,1080,11.391,12.5014,9.77306,1,1,0,0,2,11059200
1080,5,reference,621,1280,720,1920,1080,11.3029,12.3083,9.92768,1,1,0,0,2,11059200
1080,5,reference,622,1280,720,1920,1080,11.3275,12.299,9.95123,1,1,0,0,2,11059200
1080,5,reference,623,1280,720,1920,1080,11.5958,12.5101,9.92461,1,1,0,0,2,11059200
1080,5,reference,624,1280,720,1920,1080,11.3961,12.3633,9.7577,1,1,0,0,2,11059200
1080,5,reference,625,1280,720,1920,1080,11.394,12.3763,10.0096,1,1,0,0,2,11059200
1080,5,reference,626,1280,720,1920,1080,11.5558,12.7044,10.1765,1,1,0,0,2,11059200
1080,5,reference,627,1280,720,1920,1080,11.3398,12.2742,9.96557,1,1,0,0,2,11059200
1080,5,reference,628,1280,720,1920,1080,11.5139,12.4775,9.86317,1,1,0,0,2,11059200
1080,5,reference,629,1280,720,1920,1080,11.5784,12.5136,9.92358,1,1,0,0,2,11059200
1080,5,reference,630,1280,720,1920,1080,11.8999,12.8697,10.2564,1,1,0,0,2,11059200
1080,5,reference,631,1280,720,1920,1080,11.4084,12.5069,10.0352,1,1,0,0,2,11059200
1080,5,reference,632,1280,720,1920,1080,11.3234,12.2728,9.94509,1,1,0,0,2,11059200
1080,5,reference,633,1280,720,1920,1080,11.3265,12.3232,9.95123,1,1,0,0,2,11059200
1080,5,reference,634,1280,720,1920,1080,11.8948,12.8331,10.239,1,1,0,0,2,11059200
1080,5,reference,635,1280,720,1920,1080,11.3746,12.3741,9.99731,1,1,0,0,2,11059200
1080,5,reference,636,1280,720,1920,1080,11.3756,12.3867,9.99526,1,1,0,0,2,11059200
1080,5,reference,637,1280,720,1920,1080,11.3336,12.4298,9.95942,1,1,0,0,2,11059200
1080,5,reference,638,1280,720,1920,1080,11.4811,12.4488,10.1059,1,1,0,0,2,11059200
1080,5,reference,639,1280,720,1920,1080,11.5333,12.5449,10.1591,1,1,0,0,2,11059200
1080,5,reference,640,1280,720,1920,1080,11.4852,12.5746,10.1089,1,1,0,0,2,11059200
1080,5,reference,641,1280,720,1920,1080,11.3234,12.3044,9.94918,1,1,0,0,2,11059200
1080,5,reference,642,1280,720,1920,1080,11.9173,12.9194,10.5431,1,1,0,0,2,11059200
1080,5,reference,643,1280,720,1920,1080,11.393,12.4406,9.76998,1,1,0,0,2,11059200
1080,5,reference,644,1280,720,1920,1080,11.0162,12.1418,9.63994,1,1,0,0,2,11059200
1080,5,reference,645,1280,720,1920,1080,11.5538,12.6638,10.1796,1,1,0,0,2,11059200
1080,5,reference,646,1280,720,1920,1080,11.3469,12.3509,9.72083,1,1,0,0,2,11059200
1080,5,reference,647,1280,720,1920,1080,11.3388,12.3296,9.96454,1,1,0,0,2,11059200
1080,5,reference,648,1280,720,1920,1080,11.3541,12.3737,9.97888,1,1,0,0,2,11059200
1080,5,reference,649,1280,720,1920,1080,11.3326,12.3374,9.95942,1,1,0,0,2,11059200
1080,5,reference,650,1280,720,1920,1080,11.4739,12.4423,10.0966,1,1,0,0,2,11059200
1080,5,reference,651,1280,720,1920,1080,11.4852,12.5165,10.111,1,1,0,0,2,11059200
1080,5,reference,652,1280,720,1920,1080,11.4883,12.4943,10.111,1,1,0,0,2,11059200
1080,5,reference,653,1280,720,1920,1080,11.3951,12.3893,10.0137,1,1,0,0,2,11059200
1080,5,reference,654,1280,720,1920,1080,11.5231,12.5985,10.1489,1,1,0,0,2,11059200
1080,5,reference,655,1280,720,1920,1080,11.4872,12.5911,10.113,1,1,0,0,2,11059200
1080,5,reference,656,1280,720,1920,1080,11.4872,12.5766,10.112,1,1,0,0,2,11059200
1080,5,reference,657,1280,720,1920,1080,11.4985,12.4247,10.1222,1,1,0,0,2,11059200
1080,5,reference,658,1280,720,1920,1080,11.3326,12.5608,9.95533,1,1,0,0,2,11059200
1080,5,reference,659,1280,720,1920,1080,11.476,12.6935,10.1018,1,1,0,0,2,11059200
1080,5,reference,660,1280,720,1920,1080,11.3306,12.5142,9.95738,1,1,0,0,2,11059200
1080,5,reference,661,1280,720,1920,1080,11.3234,12.3688,9.94918,1,1,0,0,2,11059200
1080,5,reference,662,1280,720,1920,1080,11.2681,12.3357,9.89286,1,1,0,0,2,11059200
1080,5,reference,663,1280,720,1920,1080,11.3428,12.5567,9.97069,1,1,0,0,2,11059200
1080,5,reference,664,1280,720,1920,1080,11.4811,12.5793,10.1069,1,1,0,0,2,11059200
1080,5,reference,665,1280,720,1920,1080,11.4012,12.3873,9.75053,1,1,0,0,2,11059200
1080,5,reference,666,1280,720,1920,1080,11.4166,12.4464,9.7792,1,1,0,0,2,11059200
1080,5,reference,667,1280,720,1920,1080,11.3418,12.2173,9.96762,1,1,0,0,2,11059200
1080,5,reference,668,1280,720,1920,1080,11.479,12.4864,10.1038,1,1,0,0,2,11059200
1080,5,reference,669,1280,720,1920,1080,11.4719,12.4118,10.0956,1,1,0,0,2,11059200
1080,5,reference,670,1280,720,1920,1080,11.4719,12.6254,10.0956,1,1,0,0,2,11059200
1080,5,reference,671,1280,720,1920,1080,11.6767,12.6337,10.3066,1,1,0,0,2,11059200
1080,5,reference,672,1280,720,1920,1080,11.35,12.4306,9.97478,1,1,0,0,2,11059200
1080,5,reference,673,1280,720,1920,1080,11.4412,12.4155,10.068,1,1,0,0,2,11059200
1080,5,reference,674,1280,720,1920,1080,11.4872,12.5491,10.11,1,1,0,0,2,11059200
1080,5,reference,675,1280,720,1920,1080,11.4872,12.4353,10.11,1,1,0,0,2,11059200
1080,5,reference,676,1280,720,1920,1080,11.4719,12.5459,10.0956,1,1,0,0,2,11059200
1080,5,reference,677,1280,720,1920,1080,11.5333,12.7172,10.1581,1,1,0,0,2,11059200
1080,5,reference,678,1280,720,1920,1080,11.3326,12.3816,9.9584,1,1,0,0,2,11059200
1080,5,reference,679,1280,720,1920,1080,11.3132,12.3043,9.94202,1,1,0,0,2,11059200
1080,5,reference,680,1280,720,1920,1080,11.4831,12.5617,10.1089,1,1,0,0,2,11059200
1080,5,reference,681,1280,720,1920,1080,11.5026,12.6195,10.1294,1,1,0,0,2,11059200
1080,5,reference,682,1280,720,1920,1080,11.3172,12.4257,9.94202,1,1,0,0,2,11059200
1080,5,reference,683,1280,720,1920,1080,11.3224,12.2662,9.94816,1,1,0,0,2,11059200
1080,5,reference,684,1280,720,1920,1080,11.3285,12.33,9.95021,1,1,0,0,2,11059200
1080,5,reference,685,1280,720,1920,1080,11.3951,12.5554,10.0157,1,1,0,0,2,11059200
1080,5,reference,686,1280,720,1920,1080,11.3132,12.4339,9.93894,1,1,0,0,2,11059200
1080,5,reference,687,1280,720,1920,1080,11.5067,12.5472,10.1315,1,1,0,0,2,11059200
1080,5,reference,688,1280,720,1920,1080,11.5231,12.7694,10.1468,1,1,0,0,2,11059200
1080,5,reference,689,1280,720,1920,1080,11.3531,12.3997,9.73619,1,1,0,0,2,11059200
1080,5,reference,690,1280,720,1920,1080,11.0193,12.176,9.64301,1,1,0,0,2,11059200
1080,5,reference,691,1280,720,1920,1080,11.5548,12.5291,10.1816,1,1,0,0,2,11059200
1080,5,reference,692,1280,720,1920,1080,9.84781,10.8176,8.4736,1,1,0,0,2,11059200
1080,5,reference,693,1280,720,1920,1080,9.472,10.3587,8.10291,1,1,0,0,2,11059200
1080,5,reference,694,1280,720,1920,1080,12.8358,13.7496,10.537,1,1,0,0,2,11059200
1080,5,reference,695,1280,720,1920,1080,11.2937,12.4462,9.91437,1,1,0,0,2,11059200
1080,5,reference,696,1280,720,1920,1080,11.3623,12.3113,9.99014,1,1,0,0,2,11059200
1080,5,reference,697,1280,720,1920,1080,11.3777,12.5041,10.0055,1,1,0,0,2,11059200
1080,5,reference,698,1280,720,1920,1080,11.434,12.4676,10.0598,1,1,0,0,2,11059200
1080,5,reference,699,1280,720,1920,1080,11.479,12.4587,10.1048,1,1,0,0,2,11059200
1080,5,reference,700,1280,720,1920,1080,11.3613,12.3236,9.98912,1,1,0,0,2,11059200
1080,5,reference,701,1280,720,1920,1080,9.93075,10.9492,8.56166,1,1,0,0,2,11059200
1080,5,reference,702,1280,720,1920,1080,9.4505,10.3436,8.08038,1,1,0,0,2,11059200
1080,5,reference,703,1280,720,1920,1080,11.4043,12.5105,10.0229,1,1,0,0,2,11059200
1080,5,reference,704,1280,720,1920,1080,11.137,12.2428,9.76077,1,1,0,0,2,11059200
1080,5,reference,705,1280,720,1920,1080,11.2599,12.3901,9.88774,1,1,0,0,2,11059200
1080,5,reference,706,1280,720,1920,1080,11.1933,12.2225,9.81914,1,1,0,0,2,11059200
1080,5,reference,707,1280,720,1920,1080,11.4985,12.4054,10.1222,1,1,0,0,2,11059200
1080,5,reference,708,1280,720,1920,1080,11.2742,12.2496,9.90208,1,1,0,0,2,11059200
1080,5,reference,709,1280,720,1920,1080,11.1022,12.2138,9.72698,1,1,0,0,2,11059200
1080,5,reference,710,1280,720,1920,1080,11.5282,12.442,10.1519,1,1,0,0,2,11059200
1080,5,reference,711,1280,720,1920,1080,11.3172,12.2218,9.94509,1,1,0,0,2,11059200
1080,5,reference,712,1280,720,1920,1080,11.0828,12.1891,9.70957,1,1,0,0,2,11059200
1080,5,reference,713,1280,720,1920,1080,11.3306,12.3854,9.95635,1,1,0,0,2,11059200
1080,5,reference,714,1280,720,1920,1080,11.308,12.2422,9.93382,1,1,0,0,2,11059200
1080,5,reference,715,1280,720,1920,1080,11.4913,12.577,10.113,1,1,0,0,2,11059200
1080,5,reference,716,1280,720,1920,1080,11.3377,12.2897,9.96147,1,1,0,0,2,11059200
1080,5,reference,717,1280,720,1920,1080,11.4207,12.3764,10.0444,1,1,0,0,2,11059200
1080,5,reference,718,1280,720,1920,1080,11.305,12.2837,9.9287,1,1,0,0,2,11059200
1080,5,reference,719,1280,720,1920,1080,11.2937,12.335,9.91949,1,1,0,0,2,11059200
1080,5,reference,720,1280,720,1920,1080,11.3306,12.2645,9.95738,1,1,0,0,2,11059200
1080,5,reference,721,1280,720,1920,1080,11.5896,12.7564,9.95738,1,1,0,0,2,11059200
1080,5,reference,722,1280,720,1920,1080,11.3377,12.535,9.96147,1,1,0,0,2,11059200
1080,5,reference,723,1280,720,1920,1080,11.3367,12.3708,9.96147,1,1,0,0,2,11059200
1080,5,reference,724,1280,720,1920,1080,11.2906,12.2345,9.91642,1,1,0,0,2,11059200
1080,5,reference,725,1280,720,1920,1080,11.4934,12.484,9.86829,1,1,0,0,2,11059200
1080,5,reference,726,1280,720,1920,1080,11.4893,12.4309,9.86419,1,1,0,0,2,11059200
1080,5,reference,727,1280,720,1920,1080,11.6152,12.9565,9.97888,1,1,0,0,2,11059200
1080,5,reference,728,1280,720,1920,1080,11.3265,12.3748,9.94918,1,1,0,0,2,11059200
1080,5,reference,729,1280,720,1920,1080,11.5395,12.4853,9.91232,1,1,0,0,2,11059200
1080,5,reference,730,1280,720,1920,1080,11.6367,12.61,9.92154,1,1,0,0,2,11059200
1080,5,reference,731,1280,720,1920,1080,11.3183,12.3694,9.94099,1,1,0,0,2,11059200
1080,5,reference,732,1280,720,1920,1080,11.5999,12.8216,9.96557,1,1,0,0,2,11059200
1080,5,reference,733,1280,720,1920,1080,11.5456,12.6125,10.1693,1,1,0,0,2,11059200
1080,5,reference,734,1280,720,1920,1080,11.4852,12.4208,10.112,1,1,0,0,2,11059200
1080,5,reference,735,1280,720,1920,1080,11.3347,12.3574,9.96045,1,1,0,0,2,11059200
1080,5,reference,736,1280,720,1920,1080,11.5436,12.5186,10.1683,1,1,0,0,2,11059200
1080,5,reference,737,1280,720,1920,1080,11.3091,12.3164,9.93382,1,1,0,0,2,11059200
1080,5,reference,738,1280,720,1920,1080,11.2865,12.2647,9.9113,1,1,0,0,2,11059200
1080,5,reference,739,1280,720,1920,1080,11.3838,12.6002,9.73619,1,1,0,0,2,11059200
1080,5,reference,740,1280,720,1920,1080,11.4616,12.4901,10.0884,1,1,0,0,2,11059200
1080,5,reference,741,1280,720,1920,1080,11.436,12.4334,10.0577,1,1,0,0,2,11059200
1080,5,reference,742,1280,720,1920,1080,11.5712,12.6074,9.9113,1,1,0,0,2,11059200
1080,5,reference,743,1280,720,1920,1080,11.3142,12.343,9.93792,1,1,0,0,2,11059200
1080,5,reference,744,1280,720,1920,1080,11.2671,12.2231,9.89082,1,1,0,0,2,11059200
1080,5,reference,745,1280,720,1920,1080,11.5446,12.6595,9.90106,1,1,0,0,2,11059200
1080,5,reference,746,1280,720,1920,1080,11.607,12.9055,9.98093,1,1,0,0,2,11059200
1080,5,reference,747,1280,720,1920,1080,11.561,12.7145,10.1857,1,1,0,0,2,11059200
1080,5,reference,748,1280,720,1920,1080,11.4596,12.4775,10.0844,1,1,0,0,2,11059200
1080,5,reference,749,1280,720,1920,1080,11.4821,12.4243,10.1069,1,1,0,0,2,11059200
1080,5,reference,750,1280,720,1920,1080,11.4524,12.4867,10.0782,1,1,0,0,2,11059200
1080,5,reference,751,1280,720,1920,1080,11.1729,12.2645,9.7792,1,1,0,0,2,11059200
1080,5,reference,752,1280,720,1920,1080,11.5681,12.5386,9.92666,1,1,0,0,2,11059200
1080,5,reference,753,1280,720,1920,1080,11.4647,12.5723,10.0915,1,1,0,0,2,11059200
1080,5,reference,754,1280,720,1920,1080,11.2957,12.262,9.92154,1,1,0,0,2,11059200
1080,5,reference,755,1280,720,1920,1080,11.4924,12.4719,10.1171,1,1,0,0,2,11059200
1080,5,reference,756,1280,720,1920,1080,11.3592,12.2829,9.984,1,1,0,0,2,11059200
1080,5,reference,757,1280,720,1920,1080,11.305,12.288,9.92563,1,1,0,0,2,11059200
1080,5,reference,758,1280,720,1920,1080,11.2845,12.2342,9.9113,1,1,0,0,2,11059200
1080,5,reference,759,1280,720,1920,1080,11.4616,12.4175,9.83859,1,1,0,0,2,11059200
1080,5,reference,760,1280,720,1920,1080,11.6337,12.6452,9.99731,1,1,0,0,2,11059200
1080,5,reference,761,1280,720,1920,1080,11.2579,12.5431,9.8816,1,1,0,0,2,11059200
1080,5,reference,762,1280,720,1920,1080,11.7811,13.2495,10.1478,1,1,0,0,2,11059200
1080,5,reference,763,1280,720,1920,1080,11.477,12.602,10.1038,1,1,0,0,2,11059200
1080,5,reference,764,1280,720,1920,1080,11.3357,12.329,9.96147,1,1,0,0,2,11059200
1080,5,reference,765,1280,720,1920,1080,11.52,12.5115,10.1458,1,1,0,0,2,11059200
1080,5,reference,766,1280,720,1920,1080,11.4934,12.4144,10.1192,1,1,0,0,2,11059200
1080,5,reference,767,1280,720,1920,1080,11.5241,12.5165,10.1499,1,1,0,0,2,11059200
1080,5,reference,768,1280,720,1920,1080,11.5313,12.6195,10.155,1,1,0,0,2,11059200
1080,5,reference,769,1280,720,1920,1080,11.2968,12.28,9.92358,1,1,0,0,2,11059200
1080,5,reference,770,1280,720,1920,1080,11.5046,12.5291,10.1304,1,1,0,0,2,11059200
1080,5,reference,771,1280,720,1920,1080,11.477,12.4156,10.1018,1,1,0,0,2,11059200
1080,5,reference,772,1280,720,1920,1080,11.4801,12.4152,10.1059,1,1,0,0,2,11059200
1080,5,reference,773,1280,720,1920,1080,11.4145,12.6421,10.0291,1,1,0,0,2,11059200
1080,5,reference,774,1280,720,1920,1080,11.5732,12.6172,10.197,1,1,0,0,2,11059200
1080,5,reference,775,1280,720,1920,1080,11.2722,12.2786,9.89594,1,1,0,0,2,11059200
1080,5,reference,776,1280,720,1920,1080,11.3736,12.3723,9.99731,1,1,0,0,2,11059200
1080,5,reference,777,1280,720,1920,1080,11.2896,12.2752,9.91642,1,1,0,0,2,11059200
1080,5,reference,778,1280,720,1920,1080,11.2425,12.2257,9.86829,1,1,0,0,2,11059200
1080,5,reference,779,1280,720,1920,1080,11.4258,12.5166,10.0516,1,1,0,0,2,11059200
1080,5,reference,780,1280,720,1920,1080,11.3367,12.3151,9.96147,1,1,0,0,2,11059200
1080,5,reference,781,1280,720,1920,1080,11.3132,12.3239,9.93894,1,1,0,0,2,11059200
1080,5,reference,782,1280,720,1920,1080,11.3439,12.3291,9.96864,1,1,0,0,2,11059200
1080,5,reference,783,1280,720,1920,1080,11.4729,12.4191,9.85088,1,1,0,0,2,11059200
1080,5,reference,784,1280,720,1920,1080,11.2507,12.3184,9.8345,1,1,0,0,2,11059200
1080,5,reference,785,1280,720,1920,1080,9.86726,10.8338,8.4951,1,1,0,0,2,11059200
1080,5,reference,786,1280,720,1920,1080,9.6512,10.6074,8.27904,1,1,0,0,2,11059200
1080,5,reference,787,1280,720,1920,1080,11.136,12.0426,9.35731,1,1,0,0,2,11059200
1080,5,reference,788,1280,720,1920,1080,12.0627,13.0283,10.3967,1,1,0,0,2,11059200
1080,5,reference,789,1280,720,1920,1080,11.5538,13.0715,10.1683,1,1,0,0,2,11059200
1080,5,reference,790,1280,720,1920,1080,11.5579,12.6613,10.1796,1,1,0,0,2,11059200
1080,5,reference,791,1280,720,1920,1080,11.5517,12.5847,10.1693,1,1,0,0,2,11059200
1080,5,reference,792,1280,720,1920,1080,11.4166,12.6828,10.0413,1,1,0,0,2,11059200
1080,5,reference,793,1280,720,1920,1080,11.2753,12.2049,9.89901,1,1,0,0,2,11059200
1080,5,reference,794,1280,720,1920,1080,11.3244,12.3473,9.94816,1,1,0,0,2,11059200
1080,5,reference,795,1280,720,1920,1080,11.1022,12.2883,9.70752,1,1,0,0,2,11059200
1080,5,reference,796,1280,720,1920,1080,11.778,12.6733,10.156,1,1,0,0,2,11059200
1080,5,reference,797,1280,720,1920,1080,11.2988,12.3223,9.92461,1,1,0,0,2,11059200
1080,5,reference,798,1280,720,1920,1080,11.2056,12.2197,9.83245,1,1,0,0,2,11059200
1080,5,reference,799,1280,720,1920,1080,11.5476,12.5798,10.1734,1,1,0,0,2,11059200
1080,5,reference,800,1280,720,1920,1080,11.4627,12.4386,10.0874,1,1,0,0,2,11059200
1080,5,reference,801,1280,720,1920,1080,11.4811,12.5319,10.1069,1,1,0,0,2,11059200
1080,5,reference,802,1280,720,1920,1080,11.5087,12.6223,10.1335,1,1,0,0,2,11059200
1080,5,reference,803,1280,720,1920,1080,11.3428,12.3996,9.72902,1,1,0,0,2,11059200
1080,5,reference,804,1280,720,1920,1080,11.3009,12.3256,9.92358,1,1,0,0,2,11059200
1080,5,reference,805,1280,720,1920,1080,11.5016,12.535,10.1284,1,1,0,0,2,11059200
1080,5,reference,806,1280,720,1920,1080,11.2568,12.2399,9.88467,1,1,0,0,2,11059200
1080,5,reference,807,1280,720,1920,1080,9.44128,12.8185,8.06298,1,1,0,0,2,11059200
1080,5,reference,808,1280,720,1920,1080,11.2876,12.2281,9.91232,1,1,0,0,2,11059200
1080,5,reference,809,1280,720,1920,1080,11.2937,12.2935,9.91949,1,1,0,0,2,11059200
1080,5,reference,810,1280,720,1920,1080,11.2916,12.3072,9.67578,1,1,0,0,2,11059200
1080,5,reference,811,1280,720,1920,1080,11.4678,12.5095,10.0936,1,1,0,0,2,11059200
1080,5,reference,812,1280,720,1920,1080,11.3695,12.4584,9.99526,1,1,0,0,2,11059200
1080,5,reference,813,1280,720,1920,1080,9.97786,11.0632,8.60672,1,1,0,0,2,11059200
1080,5,reference,814,1280,720,1920,1080,12.7375,13.8062,10.0782,1,1,0,0,2,11059200
1080,5,reference,815,1280,720,1920,1080,11.0653,12.1549,8.43571,1,1,0,0,2,11059200
1080,5,reference,816,1280,720,1920,1080,11.2968,12.3179,9.91949,1,1,0,0,2,11059200
1080,5,reference,817,1280,720,1920,1080,11.4207,12.3851,9.86829,1,1,0,0,2,11059200
1080,5,reference,818,1280,720,1920,1080,11.3132,12.4449,9.93894,1,1,0,0,2,11059200
1080,5,reference,819,1280,720,1920,1080,11.3807,12.4386,9.73824,1,1,0,0,2,11059200
1080,5,reference,820,1280,720,1920,1080,11.5651,12.6543,9.92666,1,1,0,0,2,11059200
1080,5,reference,821,1280,720,1920,1080,11.5302,12.6022,9.87136,1,1,0,0,2,11059200
1080,5,reference,822,1280,720,1920,1080,11.5466,12.5746,9.88467,1,1,0,0,2,11059200
1080,5,reference,823,1280,720,1920,1080,11.3224,12.3543,9.94918,1,1,0,0,2,11059200
1080,5,reference,824,1280,720,1920,1080,11.5108,12.648,9.86726,1,1,0,0,2,11059200
1080,5,reference,825,1280,720,1920,1080,11.5139,12.5441,9.87648,1,1,0,0,2,11059200
1080,5,reference,826,1280,720,1920,1080,11.3521,12.4181,9.97786,1,1,0,0,2,11059200
1080,5,reference,827,1280,720,1920,1080,11.3521,12.3891,9.97683,1,1,0,0,2,11059200
1080,5,reference,828,1280,720,1920,1080,11.3306,12.273,9.95533,1,1,0,0,2,11059200
1080,5,reference,829,1280,720,1920,1080,11.5292,12.4757,9.87853,1,1,0,0,2,11059200
1080,5,reference,830,1280,720,1920,1080,11.607,12.5386,9.95738,1,1,0,0,2,11059200
1080,5,reference,831,1280,720,1920,1080,11.2927,12.4104,9.8775,1,1,0,0,2,11059200
1080,5,reference,832,1280,720,1920,1080,11.9869,13.0628,10.6045,1,1,0,0,2,11059200
1080,5,reference,833,1280,720,1920,1080,11.5098,12.4661,9.87853,1,1,0,0,2,11059200
1080,5,reference,834,1280,720,1920,1080,11.5098,12.454,10.1315,1,1,0,0,2,11059200
1080,5,reference,835,1280,720,1920,1080,11.4647,12.528,10.0884,1,1,0,0,2,11059200
1080,5,reference,836,1280,720,1920,1080,11.3265,12.4163,9.95021,1,1,0,0,2,11059200
1080,5,reference,837,1280,720,1920,1080,11.5354,12.6584,10.1591,1,1,0,0,2,11059200
1080,5,reference,838,1280,720,1920,1080,11.3746,12.4305,9.99629,1,1,0,0,2,11059200
1080,5,reference,839,1280,720,1920,1080,11.6091,12.5847,10.2339,1,1,0,0,2,11059200
1080,5,reference,840,1280,720,1920,1080,11.3992,12.5793,10.0239,1,1,0,0,2,11059200
1080,5,reference,841,1280,720,1920,1080,11.479,12.5217,10.1028,1,1,0,0,2,11059200
1080,5,reference,842,1280,720,1920,1080,11.4084,12.6078,10.0342,1,1,0,0,2,11059200
1080,5,reference,843,1280,720,1920,1080,11.4627,12.4628,10.0874,1,1,0,0,2,11059200
1080,5,reference,844,1280,720,1920,1080,11.5558,12.8078,10.1765,1,1,0,0,2,11059200
1080,5,reference,845,1280,720,1920,1080,11.5773,12.7882,10.1939,1,1,0,0,2,11059200
1080,5,reference,846,1280,720,1920,1080,11.393,12.4416,9.76384,1,1,0,0,2,11059200
1080,5,reference,847,1280,720,1920,1080,10.9926,12.151,9.61741,1,1,0,0,2,11059200
1080,5,reference,848,1280,720,1920,1080,11.3193,12.6005,9.94509,1,1,0,0,2,11059200
1080,5,reference,849,1280,720,1920,1080,11.3541,12.3282,9.97786,1,1,0,0,2,11059200
1080,5,reference,850,1280,720,1920,1080,11.4196,12.3912,9.79661,1,1,0,0,2,11059200
1080,5,reference,851,1280,720,1920,1080,11.3152,12.3476,9.68294,1,1,0,0,2,11059200
1080,5,reference,852,1280,720,1920,1080,11.3213,12.3179,9.94406,1,1,0,0,2,11059200
1080,5,reference,853,1280,720,1920,1080,11.4719,12.4454,10.0936,1,1,0,0,2,11059200
1080,5,reference,854,1280,720,1920,1080,11.5169,12.4655,10.1417,1,1,0,0,2,11059200
1080,5,reference,855,1280,720,1920,1080,11.4842,12.54,10.1089,1,1,0,0,2,11059200
1080,5,reference,856,1280,720,1920,1080,11.5364,12.7664,10.1612,1,1,0,0,2,11059200
1080,5,reference,857,1280,720,1920,1080,11.351,12.419,9.96659,1,1,0,0,2,11059200
1080,5,reference,858,1280,720,1920,1080,11.3439,12.2759,9.96966,1,1,0,0,2,11059200
1080,5,reference,859,1280,720,1920,1080,11.477,12.4808,10.1007,1,1,0,0,2,11059200
1080,5,reference,860,1280,720,1920,1080,11.4985,12.5904,10.1243,1,1,0,0,2,11059200
1080,5,reference,861,1280,720,1920,1080,11.5569,12.7574,10.1806,1,1,0,0,2,11059200
1080,5,reference,862,1280,720,1920,1080,11.306,12.3717,9.93178,1,1,0,0,2,11059200
1080,5,reference,863,1280,720,1920,1080,11.2148,12.2356,9.83962,1,1,0,0,2,11059200
1080,5,reference,864,1280,720,1920,1080,11.5005,12.4383,10.1243,1,1,0,0,2,11059200
1080,5,reference,865,1280,720,1920,1080,11.5999,12.5666,10.2236,1,1,0,0,2,11059200
1080,5,reference,866,1280,720,1920,1080,11.4555,12.458,10.0792,1,1,0,0,2,11059200
1080,5,reference,867,1280,720,1920,1080,11.4862,12.7263,10.1089,1,1,0,0,2,11059200
1080,5,reference,868,1280,720,1920,1080,11.3326,12.3505,9.95533,1,1,0,0,2,11059200
1080,5,reference,869,1280,720,1920,1080,11.3388,12.5488,9.96352,1,1,0,0,2,11059200
1080,5,reference,870,1280,720,1920,1080,11.3377,12.4057,9.95942,1,1,0,0,2,11059200
1080,5,reference,871,1280,720,1920,1080,11.3695,12.4388,9.99526,1,1,0,0,2,11059200
1080,5,reference,872,1280,720,1920,1080,11.0848,12.2169,9.69421,1,1,0,0,2,11059200
1080,5,reference,873,1280,720,1920,1080,11.2087,12.1943,9.78842,1,1,0,0,2,11059200
1080,5,reference,874,1280,720,1920,1080,11.3797,12.5316,9.99834,1,1,0,0,2,11059200
1080,5,reference,875,1280,720,1920,1080,11.5067,12.5628,10.1284,1,1,0,0,2,11059200
1080,5,reference,876,1280,720,1920,1080,9.99424,10.9936,8.61594,1,1,0,0,2,11059200
1080,5,reference,877,1280,720,1920,1080,12.5604,13.615,9.92563,1,1,0,0,2,11059200
1080,5,reference,878,1280,720,1920,1080,11.5405,12.6124,9.91027,1,1,0,0,2,11059200
1080,5,reference,879,1280,720,1920,1080,11.2128,12.3129,9.83552,1,1,0,0,2,11059200
1080,5,reference,880,1280,720,1920,1080,11.2599,12.3213,9.88365,1,1,0,0,2,11059200
1080,5,reference,881,1280,720,1920,1080,11.0694,12.2134,9.69318,1,1,0,0,2,11059200
1080,5,reference,882,1280,720,1920,1080,11.3039,12.2013,9.92666,1,1,0,0,2,11059200
1080,5,reference,883,1280,720,1920,1080,12.586,13.5233,10.9629,1,1,0,0,2,11059200
1080,5,reference,884,1280,720,1920,1080,11.3244,12.3026,9.95123,1,1,0,0,2,11059200
1080,5,reference,885,1280,720,1920,1080,11.4657,12.5019,10.0895,1,1,0,0,2,11059200
1080,5,reference,886,1280,720,1920,1080,11.4678,12.5683,10.0925,1,1,0,0,2,11059200
1080,5,reference,887,1280,720,1920,1080,11.5487,12.5126,9.92461,1,1,0,0,2,11059200
1080,5,reference,888,1280,720,1920,1080,11.3848,12.3073,10.0076,1,1,0,0,2,11059200
1080,5,reference,889,1280,720,1920,1080,11.4524,12.3965,10.0762,1,1,0,0,2,11059200
1080,5,reference,890,1280,720,1920,1080,11.3613,12.3382,9.98605,1,1,0,0,2,11059200
1080,5,reference,891,1280,720,1920,1080,11.5466,12.498,9.90822,1,1,0,0,2,11059200
1080,5,reference,892,1280,720,1920,1080,11.5968,12.7919,9.96966,1,1,0,0,2,11059200
1080,5,reference,893,1280,720,1920,1080,11.351,12.5099,9.97478,1,1,0,0,2,11059200
1080,5,reference,894,1280,720,1920,1080,11.4821,12.4836,10.1079,1,1,0,0,2,11059200
1080,5,reference,895,1280,720,1920,1080,11.5692,12.6811,10.1949,1,1,0,0,2,11059200
1080,5,reference,896,1280,720,1920,1080,11.4627,12.5239,10.0854,1,1,0,0,2,11059200
1080,5,reference,897,1280,720,1920,1080,11.5016,12.5365,10.1253,1,1,0,0,2,11059200
1080,5,reference,898,1280,720,1920,1080,11.4975,12.4846,10.1202,1,1,0,0,2,11059200
1080,5,reference,899,1280,720,1920,1080,11.4678,12.4181,10.0905,1,1,0,0,2,11059200
1080,5,reference,900,1280,720,1920,1080,11.3551,12.378,9.98093,1,1,0,0,2,11059200
1080,5,reference,901,1280,720,1920,1080,11.5149,12.5259,10.1396,1,1,0,0,2,11059200
1080,5,reference,902,1280,720,1920,1080,11.4913,12.4488,10.1151,1,1,0,0,2,11059200
1080,5,reference,903,1280,720,1920,1080,11.3428,12.3727,9.96966,1,1,0,0,2,11059200
1080,5,reference,904,1280,720,1920,1080,11.4893,12.4387,10.112,1,1,0,0,2,11059200
1080,5,reference,905,1280,720,1920,1080,11.3295,12.4467,9.95328,1,1,0,0,2,11059200
1080,5,reference,906,1280,720,1920,1080,11.3664,12.4144,9.99014,1,1,0,0,2,11059200
1080,5,reference,907,1280,720,1920,1080,11.3551,12.3157,9.97786,1,1,0,0,2,11059200
1080,5,reference,908,1280,720,1920,1080,11.4678,12.475,10.0905,1,1,0,0,2,11059200
1080,5,reference,909,1280,720,1920,1080,11.4678,12.4067,10.0895,1,1,0,0,2,11059200
1080,5,reference,910,1280,720,1920,1080,11.3684,12.483,9.99322,1,1,0,0,2,11059200
1080,5,reference,911,1280,720,1920,1080,11.3777,12.3623,10.0035,1,1,0,0,2,11059200
1080,5,reference,912,1280,720,1920,1080,11.5722,12.6112,9.93075,1,1,0,0,2,11059200
1080,5,reference,913,1280,720,1920,1080,11.2896,12.2753,9.91232,1,1,0,0,2,11059200
1080,5,reference,914,1280,720,1920,1080,11.266,12.2881,9.88774,1,1,0,0,2,11059200
1080,5,reference,915,1280,720,1920,1080,11.5282,12.7032,9.90208,1,1,0,0,2,11059200
1080,5,reference,916,1280,720,1920,1080,11.3111,12.4701,8.6528,1,1,0,0,2,11059200
1080,5,reference,917,1280,720,1920,1080,11.0141,12.1426,9.63584,1,1,0,0,2,11059200
1080,5,reference,918,1280,720,1920,1080,11.2548,12.2521,9.87853,1,1,0,0,2,11059200
1080,5,reference,919,1280,720,1920,1080,11.4176,12.3282,9.86522,1,1,0,0,2,11059200
1080,5,reference,920,1280,720,1920,1080,11.3142,12.3172,9.9369,1,1,0,0,2,11059200
1080,5,reference,921,1280,720,1920,1080,11.3408,12.2683,9.7065,1,1,0,0,2,11059200
1080,5,reference,922,1280,720,1920,1080,11.2835,12.5084,9.90618,1,1,0,0,2,11059200
1080,5,reference,923,1280,720,1920,1080,11.5282,12.4624,9.87955,1,1,0,0,2,11059200
1080,5,reference,924,1280,720,1920,1080,11.5364,12.4776,9.88467,1,1,0,0,2,11059200
1080,5,reference,925,1280,720,1920,1080,11.7156,12.808,10.0659,1,1,0,0,2,11059200
1080,5,reference,926,1280,720,1920,1080,11.5241,12.5379,9.86214,1,1,0,0,2,11059200
1080,5,reference,927,1280,720,1920,1080,11.5876,12.7425,9.92358,1,1,0,0,2,11059200
1080,5,reference,928,1280,720,1920,1080,11.52,12.5411,9.87136,1,1,0,0,2,11059200
1080,5,reference,929,1280,720,1920,1080,11.307,12.2843,9.9287,1,1,0,0,2,11059200
1080,5,reference,930,1280,720,1920,1080,11.5261,12.4778,9.88058,1,1,0,0,2,11059200
1080,5,reference,931,1280,720,1920,1080,11.5753,12.7286,9.90413,1,1,0,0,2,11059200
1080,5,reference,932,1280,720,1920,1080,11.5456,12.5597,9.8816,1,1,0,0,2,11059200
1080,5,reference,933,1280,720,1920,1080,11.521,12.5608,9.8775,1,1,0,0,2,11059200
1080,5,reference,934,1280,720,1920,1080,11.3951,12.7297,10.0198,1,1,0,0,2,11059200
1080,5,reference,935,1280,720,1920,1080,11.5517,12.6892,10.1755,1,1,0,0,2,11059200
1080,5,reference,936,1280,720,1920,1080,11.6357,12.6387,10.2584,1,1,0,0,2,11059200
1080,5,reference,937,1280,720,1920,1080,11.2701,12.3467,9.87648,1,1,0,0,2,11059200
1080,5,reference,938,1280,720,1920,1080,11.6081,12.5529,10.2287,1,1,0,0,2,11059200
1080,5,reference,939,1280,720,1920,1080,11.4985,12.4911,10.1212,1,1,0,0,2,11059200
1080,5,reference,940,1280,720,1920,1080,11.4708,12.4685,10.0956,1,1,0,0,2,11059200
1080,5,reference,941,1280,720,1920,1080,11.5968,12.5826,10.2195,1,1,0,0,2,11059200
1080,5,reference,942,1280,720,1920,1080,11.5057,12.5953,10.1315,1,1,0,0,2,11059200
1080,5,reference,943,1280,720,1920,1080,11.0889,12.2592,9.69318,1,1,0,0,2,11059200
1080,5,reference,944,1280,720,1920,1080,11.5671,12.4624,9.92666,1,1,0,0,2,11059200
1080,5,reference,945,1280,720,1920,1080,11.4504,12.3922,10.071,1,1,0,0,2,11059200
1080,5,reference,946,1280,720,1920,1080,11.4729,12.4614,10.0966,1,1,0,0,2,11059200
1080,5,reference,947,1280,720,1920,1080,11.4688,12.5818,10.0936,1,1,0,0,2,11059200
1080,5,reference,948,1280,720,1920,1080,11.4606,12.5264,10.0833,1,1,0,0,2,11059200
1080,5,reference,949,1280,720,1920,1080,11.434,12.46,10.0588,1,1,0,0,2,11059200
1080,5,reference,950,1280,720,1920,1080,11.5046,12.4465,10.1274,1,1,0,0,2,11059200
1080,5,reference,951,1280,720,1920,1080,11.3009,12.2612,9.92666,1,1,0,0,2,11059200
1080,5,reference,952,1280,720,1920,1080,11.308,12.2924,9.93075,1,1,0,0,2,11059200
1080,5,reference,953,1280,720,1920,1080,11.2978,12.3044,9.92154,1,1,0,0,2,11059200
1080,5,reference,954,1280,720,1920,1080,11.5364,12.5744,9.9072,1,1,0,0,2,11059200
1080,5,reference,955,1280,720,1920,1080,11.3531,12.3875,9.97478,1,1,0,0,2,11059200
1080,5,reference,956,1280,720,1920,1080,11.3787,12.5921,10.0014,1,1,0,0,2,11059200
1080,5,reference,957,1280,720,1920,1080,11.5251,12.5939,9.88979,1,1,0,0,2,11059200
1080,5,reference,958,1280,720,1920,1080,11.3254,12.404,9.95021,1,1,0,0,2,11059200
1080,5,reference,959,1280,720,1920,1080,11.3265,12.4055,9.95123,1,1,0,0,2,11059200
1080,5,reference,960,1280,720,1920,1080,9.79251,10.7109,8.41523,1,1,0,0,2,11059200
1080,5,reference,961,1280,720,1920,1080,11.2497,12.1363,9.87238,1,1,0,0,2,11059200
1080,5,reference,962,1280,720,1920,1080,11.3592,12.3504,9.97786,1,1,0,0,2,11059200
1080,5,reference,963,1280,720,1920,1080,10.2267,11.2322,8.84736,1,1,0,0,2,11059200
1080,5,reference,964,1280,720,1920,1080,13.0417,14.2054,11.6623,1,1,0,0,2,11059200
1080,5,reference,965,1280,720,1920,1080,11.3828,12.4104,10.0045,1,1,0,0,2,11059200
1080,5,reference,966,1280,720,1920,1080,11.3715,12.3555,9.99526,1,1,0,0,2,11059200
1080,5,reference,967,1280,720,1920,1080,11.5169,12.7111,10.1417,1,1,0,0,2,11059200
1080,5,reference,968,1280,720,1920,1080,11.5548,12.511,9.92666,1,1,0,0,2,11059200
1080,5,reference,969,1280,720,1920,1080,11.2835,12.6006,9.9072,1,1,0,0,2,11059200
1080,5,reference,970,1280,720,1920,1080,11.0961,12.3795,9.71878,1,1,0,0,2,11059200
1080,5,reference,971,1280,720,1920,1080,11.5333,12.5101,9.88365,1,1,0,0,2,11059200
1080,5,reference,972,1280,720,1920,1080,11.1073,12.4195,9.73107,1,1,0,0,2,11059200
1080,5,reference,973,1280,720,1920,1080,11.3101,12.7142,9.93178,1,1,0,0,2,11059200
1080,5,reference,974,1280,720,1920,1080,11.4831,12.4562,9.91232,1,1,0,0,2,11059200
1080,5,reference,975,1280,720,1920,1080,11.4053,12.5079,10.027,1,1,0,0,2,11059200
1080,5,reference,976,1280,720,1920,1080,11.3736,12.6297,9.99526,1,1,0,0,2,11059200
1080,5,reference,977,1280,720,1920,1080,11.0735,12.1277,9.69728,1,1,0,0,2,11059200
1080,5,reference,978,1280,720,1920,1080,11.3644,12.4139,9.984,1,1,0,0,2,11059200
1080,5,reference,979,1280,720,1920,1080,11.4248,12.5539,10.0454,1,1,0,0,2,11059200
1080,5,reference,980,1280,720,1920,1080,11.4186,12.412,10.0383,1,1,0,0,2,11059200
1080,5,reference,981,1280,720,1920,1080,11.351,12.2776,9.97274,1,1,0,0,2,11059200
1080,5,reference,982,1280,720,1920,1080,11.3295,12.3212,9.95123,1,1,0,0,2,11059200
1080,5,reference,983,1280,720,1920,1080,11.0746,12.258,9.69933,1,1,0,0,2,11059200
1080,5,reference,984,1280,720,1920,1080,11.4524,12.4319,10.0731,1,1,0,0,2,11059200
1080,5,reference,985,1280,720,1920,1080,11.2978,12.3489,9.91949,1,1,0,0,2,11059200
1080,5,reference,986,1280,720,1920,1080,11.3541,12.3904,9.96966,1,1,0,0,2,11059200
1080,5,reference,987,1280,720,1920,1080,11.392,12.3869,10.0065,1,1,0,0,2,11059200
1080,5,reference,988,1280,720,1920,1080,11.9153,12.9158,10.282,1,1,0,0,2,11059200
1080,5,reference,989,1280,720,1920,1080,9.91232,10.8722,8.53504,1,1,0,0,2,11059200
1080,5,reference,990,1280,720,1920,1080,10.9158,13.1164,9.53549,1,1,0,0,2,11059200
1080,5,reference,991,1280,720,1920,1080,11.4872,12.3759,10.111,1,1,0,0,2,11059200
1080,5,reference,992,1280,720,1920,1080,11.3336,12.341,9.95328,1,1,0,0,2,11059200
1080,5,reference,993,1280,720,1920,1080,11.3213,12.3302,9.94611,1,1,0,0,2,11059200
1080,5,reference,994,1280,720,1920,1080,11.3869,12.4769,10.0024,1,1,0,0,2,11059200
1080,5,reference,995,1280,720,1920,1080,11.4156,12.3494,10.0352,1,1,0,0,2,11059200
1080,5,reference,996,1280,720,1920,1080,11.4893,12.6193,10.112,1,1,0,0,2,11059200
1080,5,reference,997,1280,720,1920,1080,11.5159,12.5068,10.1396,1,1,0,0,2,11059200
1080,5,reference,998,1280,720,1920,1080,11.3582,12.3878,9.98195,1,1,0,0,2,11059200
1080,5,reference,999,1280,720,1920,1080,11.3531,12.4229,9.97888,1,1,0,0,2,11059200
1080,5,reference,1000,1280,720,1920,1080,11.5436,12.7067,10.1652,1,1,0,0,2,11059200
1080,5,reference,1001,1280,720,1920,1080,11.3091,12.4687,9.93485,1,1,0,0,2,11059200
1080,5,reference,1002,1280,720,1920,1080,11.3787,12.4238,10.0024,1,1,0,0,2,11059200
1080,5,reference,1003,1280,720,1920,1080,11.3265,12.3093,9.94816,1,1,0,0,2,11059200
1080,5,reference,1004,1280,720,1920,1080,11.5292,12.5926,10.1519,1,1,0,0,2,11059200
1080,5,reference,1005,1280,720,1920,1080,11.3879,12.5645,10.0106,1,1,0,0,2,11059200
1080,5,reference,1006,1280,720,1920,1080,11.1391,12.2812,9.75872,1,1,0,0,2,11059200
1080,5,reference,1007,1280,720,1920,1080,11.6142,12.4662,10.2298,1,1,0,0,2,11059200
1080,5,reference,1008,1280,720,1920,1080,11.5558,12.4686,9.91232,1,1,0,0,2,11059200
1080,5,reference,1009,1280,720,1920,1080,11.4893,12.4096,10.1079,1,1,0,0,2,11059200
1080,5,reference,1010,1280,720,1920,1080,11.5292,12.4638,10.1509,1,1,0,0,2,11059200
1080,5,reference,1011,1280,720,1920,1080,11.5005,12.4497,10.1222,1,1,0,0,2,11059200
1080,5,reference,1012,1280,720,1920,1080,11.692,12.6876,10.3025,1,1,0,0,2,11059200
1080,5,reference,1013,1280,720,1920,1080,11.5272,12.5715,10.1519,1,1,0,0,2,11059200
1080,5,reference,1014,1280,720,1920,1080,11.3541,12.4334,9.97683,1,1,0,0,2,11059200
1080,5,reference,1015,1280,720,1920,1080,11.348,12.46,9.97274,1,1,0,0,2,11059200
1080,5,reference,1016,1280,720,1920,1080,11.3572,12.51,9.9799,1,1,0,0,2,11059200
1080,5,reference,1017,1280,720,1920,1080,11.1831,12.3354,9.79661,1,1,0,0,2,11059200
1080,5,reference,1018,1280,720,1920,1080,11.5886,12.5975,10.2062,1,1,0,0,2,11059200
1080,5,reference,1019,1280,720,1920,1080,11.4801,12.5315,10.0966,1,1,0,0,2,11059200
1080,5,reference,1020,1280,720,1920,1080,11.4022,12.4192,10.0209,1,1,0,0,2,11059200
1080,5,reference,1021,1280,720,1920,1080,11.3531,12.3513,9.97478,1,1,0,0,2,11059200
1080,5,reference,1022,1280,720,1920,1080,11.3613,12.4106,9.98298,1,1,0,0,2,11059200
1080,5,reference,1023,1280,720,1920,1080,11.4115,12.3432,10.0352,1,1,0,0,2,11059200
1080,5,reference,1024,1280,720,1920,1080,11.5087,12.4379,9.86624,1,1,0,0,2,11059200
1080,5,reference,1025,1280,720,1920,1080,11.2927,12.2863,9.91334,1,1,0,0,2,11059200
1080,5,reference,1026,1280,720,1920,1080,11.392,12.5006,10.0147,1,1,0,0,2,11059200
1080,5,reference,1027,1280,720,1920,1080,11.5282,12.4381,10.1499,1,1,0,0,2,11059200
1080,5,reference,1028,1280,720,1920,1080,11.4278,12.6087,10.0526,1,1,0,0,2,11059200
1080,5,reference,1029,1280,720,1920,1080,11.308,12.431,9.93075,1,1,0,0,2,11059200
1080,5,reference,1030,1280,720,1920,1080,11.3623,12.3159,9.98195,1,1,0,0,2,11059200
1080,5,reference,1031,1280,720,1920,1080,11.3203,12.3633,9.94406,1,1,0,0,2,11059200
1080,5,reference,1032,1280,720,1920,1080,11.4002,12.5481,10.0229,1,1,0,0,2,11059200
1080,5,reference,1033,1280,720,1920,1080,11.2876,12.2852,9.91027,1,1,0,0,2,11059200
1080,5,reference,1034,1280,720,1920,1080,11.5558,12.5123,9.91334,1,1,0,0,2,11059200
1080,5,reference,1035,1280,720,1920,1080,11.3746,12.4313,9.99629,1,1,0,0,2,11059200
1080,5,reference,1036,1280,720,1920,1080,11.4995,12.576,9.84883,1,1,0,0,2,11059200
1080,5,reference,1037,1280,720,1920,1080,11.562,12.6886,9.92154,1,1,0,0,2,11059200
1080,5,reference,1038,1280,720,1920,1080,11.5118,12.6667,10.1315,1,1,0,0,2,11059200
1080,5,reference,1039,1280,720,1920,1080,11.3572,12.3984,9.98093,1,1,0,0,2,11059200
1080,5,reference,1040,1280,720,1920,1080,11.5302,12.5733,10.1509,1,1,0,0,2,11059200
1080,5,reference,1041,1280,720,1920,1080,11.3562,12.5655,9.9799,1,1,0,0,2,11059200
1080,5,reference,1042,1280,720,1920,1080,11.5528,12.5487,10.1734,1,1,0,0,2,11059200
1080,5,reference,1043,1280,720,1920,1080,11.306,12.4588,9.92563,1,1,0,0,2,11059200
1080,5,reference,1044,1280,720,1920,1080,11.5999,12.6479,9.98195,1,1,0,0,2,11059200
1080,5,reference,1045,1280,720,1920,1080,11.4811,12.4483,10.1028,1,1,0,0,2,11059200
1080,5,reference,1046,1280,720,1920,1080,11.3244,12.2885,9.94714,1,1,0,0,2,11059200
1080,5,reference,1047,1280,720,1920,1080,11.5128,12.54,10.1356,1,1,0,0,2,11059200
1080,5,reference,1048,1280,720,1920,1080,11.5118,12.5247,10.1335,1,1,0,0,2,11059200
1080,5,reference,1049,1280,720,1920,1080,11.4934,12.5947,10.114,1,1,0,0,2,11059200
1080,5,reference,1050,1280,720,1920,1080,9.93792,10.8479,8.56166,1,1,0,0,2,11059200
1080,5,reference,1051,1280,720,1920,1080,12.8553,13.9259,11.435,1,1,0,0,2,11059200
1080,5,reference,1052,1280,720,1920,1080,11.5005,12.4917,10.1233,1,1,0,0,2,11059200
1080,5,reference,1053,1280,720,1920,1080,11.4237,12.4281,10.0444,1,1,0,0,2,11059200
1080,5,reference,1054,1280,720,1920,1080,11.5302,12.4526,10.1519,1,1,0,0,2,11059200
1080,5,reference,1055,1280,720,1920,1080,11.522,12.4923,10.1427,1,1,0,0,2,11059200
1080,5,reference,1056,1280,720,1920,1080,11.3695,12.3364,9.99117,1,1,0,0,2,11059200
1080,5,reference,1057,1280,720,1920,1080,11.4924,12.4847,10.1151,1,1,0,0,2,11059200
1080,5,reference,1058,1280,720,1920,1080,11.4862,12.4598,10.1048,1,1,0,0,2,11059200
1080,5,reference,1059,1280,720,1920,1080,11.3418,12.3403,9.96352,1,1,0,0,2,11059200
1080,5,reference,1060,1280,720,1920,1080,11.6152,12.707,10.2359,1,1,0,0,2,11059200
1080,5,reference,1061,1280,720,1920,1080,11.3848,12.4527,10.0076,1,1,0,0,2,11059200
1080,5,reference,1062,1280,720,1920,1080,11.2835,12.4405,9.90208,1,1,0,0,2,11059200
1080,5,reference,1063,1280,720,1920,1080,12.1539,13.0865,10.7674,1,1,0,0,2,11059200
1080,5,reference,1064,1280,720,1920,1080,11.4278,12.404,9.79354,1,1,0,0,2,11059200
1080,5,reference,1065,1280,720,1920,1080,11.2824,12.2033,9.90515,1,1,0,0,2,11059200
1080,5,reference,1066,1280,720,1920,1080,11.4831,12.5079,10.1038,1,1,0,0,2,11059200
1080,5,reference,1067,1280,720,1920,1080,11.5497,12.6607,10.1693,1,1,0,0,2,11059200
1080,5,reference,1068,1280,720,1920,1080,11.3234,12.3237,9.94406,1,1,0,0,2,11059200
1080,5,reference,1069,1280,720,1920,1080,11.3193,12.2837,9.94304,1,1,0,0,2,11059200
1080,5,reference,1070,1280,720,1920,1080,11.5149,12.5308,10.1376,1,1,0,0,2,11059200
1080,5,reference,1071,1280,720,1920,1080,11.5231,12.5169,10.1468,1,1,0,0,2,11059200
1080,5,reference,1072,1280,720,1920,1080,11.4995,12.4962,10.1212,1,1,0,0,2,11059200
1080,5,reference,1073,1280,720,1920,1080,11.5108,12.4693,10.1325,1,1,0,0,2,11059200
1080,5,reference,1074,1280,720,1920,1080,11.4995,12.5809,10.1192,1,1,0,0,2,11059200
1080,5,reference,1075,1280,720,1920,1080,11.479,12.4276,10.0987,1,1,0,0,2,11059200
1080,5,reference,1076,1280,720,1920,1080,11.4698,12.3681,10.0905,1,1,0,0,2,11059200
1080,5,reference,1077,1280,720,1920,1080,11.3592,12.3874,9.97888,1,1,0,0,2,11059200
1080,5,reference,1078,1280,720,1920,1080,11.1084,12.1345,9.728,1,1,0,0,2,11059200
1080,5,reference,1079,1280,720,1920,1080,11.9747,12.9312,10.4182,1,1,0,0,2,11059200
1080,5,reference,1080,1280,720,1920,1080,11.3644,12.3096,9.98502,1,1,0,0,2,11059200
1080,5,reference,1081,1280,720,1920,1080,11.4964,12.557,10.1192,1,1,0,0,2,11059200
1080,5,reference,1082,1280,720,1920,1080,11.5302,12.4794,10.1499,1,1,0,0,2,11059200
1080,5,reference,1083,1280,720,1920,1080,11.5384,12.5395,10.1622,1,1,0,0,2,11059200
1080,5,reference,1084,1280,720,1920,1080,11.5139,12.5537,10.1335,1,1,0,0,2,11059200
1080,5,reference,1085,1280,720,1920,1080,11.307,12.4054,9.9287,1,1,0,0,2,11059200
1080,5,reference,1086,1280,720,1920,1080,11.35,12.3271,9.97171,1,1,0,0,2,11059200
1080,5,reference,1087,1280,720,1920,1080,11.4903,12.62,10.112,1,1,0,0,2,11059200
1080,5,reference,1088,1280,720,1920,1080,11.3623,12.3417,9.98195,1,1,0,0,2,11059200
1080,5,reference,1089,1280,720,1920,1080,11.5384,12.5336,10.1571,1,1,0,0,2,11059200
1080,5,reference,1090,1280,720,1920,1080,11.5139,12.5365,10.1325,1,1,0,0,2,11059200
1080,5,reference,1091,1280,720,1920,1080,11.52,12.484,10.1396,1,1,0,0,2,11059200
1080,5,reference,1092,1280,720,1920,1080,11.4954,12.4836,10.1161,1,1,0,0,2,11059200
1080,5,reference,1093,1280,720,1920,1080,12.5491,13.4757,11.1698,1,1,0,0,2,11059200
1080,5,reference,1094,1280,720,1920,1080,11.817,13.1377,10.4335,1,1,0,0,2,11059200
1080,5,reference,1095,1280,720,1920,1080,11.4862,12.5317,9.8519,1,1,0,0,2,11059200
1080,5,reference,1096,1280,720,1920,1080,11.0121,12.6176,9.63379,1,1,0,0,2,11059200
1080,5,reference,1097,1280,720,1920,1080,11.0838,12.2788,9.70547,1,1,0,0,2,11059200
1080,5,reference,1098,1280,720,1920,1080,11.39,12.4663,10.0096,1,1,0,0,2,11059200
1080,5,reference,1099,1280,720,1920,1080,11.6111,12.8193,10.2318,1,1,0,0,2,11059200
1080,5,reference,1100,1280,720,1920,1080,11.6347,12.6494,9.98298,1,1,0,0,2,11059200
1080,5,reference,1101,1280,720,1920,1080,11.3644,12.4616,9.98605,1,1,0,0,2,11059200
1080,5,reference,1102,1280,720,1920,1080,11.4473,12.5233,10.0649,1,1,0,0,2,11059200
1080,5,reference,1103,1280,720,1920,1080,11.5569,12.4882,9.90003,1,1,0,0,2,11059200
1080,5,reference,1104,1280,720,1920,1080,11.521,12.4174,9.94816,1,1,0,0,2,11059200
1080,5,reference,1105,1280,720,1920,1080,11.264,12.3604,9.88365,1,1,0,0,2,11059200
1080,5,reference,1106,1280,720,1920,1080,11.2732,12.3019,9.89389,1,1,0,0,2,11059200
1080,5,reference,1107,1280,720,1920,1080,11.5323,12.4745,10.153,1,1,0,0,2,11059200
1080,5,reference,1108,1280,720,1920,1080,11.522,12.7414,10.1407,1,1,0,0,2,11059200
1080,5,reference,1109,1280,720,1920,1080,11.6849,12.7533,10.0506,1,1,0,0,2,11059200
1080,5,reference,1110,1280,720,1920,1080,11.5425,12.5403,9.90822,1,1,0,0,2,11059200
1080,5,reference,1111,1280,720,1920,1080,11.4483,12.3821,9.88979,1,1,0,0,2,11059200
1080,5,reference,1112,1280,720,1920,1080,11.5005,12.4337,10.1192,1,1,0,0,2,11059200
1080,5,reference,1113,1280,720,1920,1080,11.2712,12.5475,9.89286,1,1,0,0,2,11059200
1080,5,reference,1114,1280,720,1920,1080,11.4115,12.3934,10.0291,1,1,0,0,2,11059200
1080,5,reference,1115,1280,720,1920,1080,11.2947,12.7293,9.91437,1,1,0,0,2,11059200
1080,5,reference,1116,1280,720,1920,1080,11.3531,12.4689,9.70445,1,1,0,0,2,11059200
1080,5,reference,1117,1280,720,1920,1080,11.3234,12.681,9.94509,1,1,0,0,2,11059200
1080,5,reference,1118,1280,720,1920,1080,11.605,13.1615,10.2246,1,1,0,0,2,11059200
1080,5,reference,1119,1280,720,1920,1080,11.3244,12.4285,9.94406,1,1,0,0,2,11059200
1080,5,reference,1120,1280,720,1920,1080,11.518,12.6233,9.87034,1,1,0,0,2,11059200
1080,5,reference,1121,1280,720,1920,1080,11.3603,12.4708,9.97786,1,1,0,0,2,11059200
1080,5,reference,1122,1280,720,1920,1080,11.5958,12.7784,9.95226,1,1,0,0,2,11059200
1080,5,reference,1123,1280,720,1920,1080,15.103,16.0952,13.7206,1,1,0,0,2,11059200
1080,5,reference,1124,1280,720,1920,1080,11.5835,12.7856,9.93894,1,1,0,0,2,11059200
1080,5,reference,1125,1280,720,1920,1080,11.5948,12.7735,9.95123,1,1,0,0,2,11059200
1080,5,reference,1126,1280,720,1920,1080,11.5313,12.4661,10.1499,1,1,0,0,2,11059200
1080,5,reference,1127,1280,720,1920,1080,11.1503,12.2325,8.51866,1,1,0,0,2,11059200
1080,5,reference,1128,1280,720,1920,1080,11.2722,12.3214,9.89082,1,1,0,0,2,11059200
1080,5,reference,1129,1280,720,1920,1080,9.94509,10.8503,8.56781,1,1,0,0,2,11059200
1080,5,reference,1130,1280,720,1920,1080,13.1461,14.1502,10.2912,1,1,0,0,2,11059200
1080,5,reference,1131,1280,720,1920,1080,11.2701,12.446,9.89286,1,1,0,0,2,11059200
1080,5,reference,1132,1280,720,1920,1080,11.5313,12.7072,10.1304,1,1,0,0,2,11059200
1080,5,reference,1133,1280,720,1920,1080,11.4258,12.3944,9.85395,1,1,0,0,2,11059200
1080,5,reference,1134,1280,720,1920,1080,11.7555,12.751,10.1018,1,1,0,0,2,11059200
1080,5,reference,1135,1280,720,1920,1080,11.3756,12.3007,9.99834,1,1,0,0,2,11059200
1080,5,reference,1136,1280,720,1920,1080,10.9875,12.0122,9.60512,1,1,0,0,2,11059200
1080,5,reference,1137,1280,720,1920,1080,11.0674,12.0478,9.68499,1,1,0,0,2,11059200
1080,5,reference,1138,1280,720,1920,1080,11.351,12.3395,9.69114,1,1,0,0,2,11059200
1080,5,reference,1139,1280,720,1920,1080,11.3695,12.3552,9.7239,1,1,0,0,2,11059200
1080,5,reference,1140,1280,720,1920,1080,11.3664,12.4479,9.72186,1,1,0,0,2,11059200
1080,5,reference,1141,1280,720,1920,1080,11.2343,12.4702,9.85293,1,1,0,0,2,11059200
1080,5,reference,1142,1280,720,1920,1080,11.262,12.7278,9.8816,1,1,0,0,2,11059200
1080,5,reference,1143,1280,720,1920,1080,9.984,10.9627,8.60672,1,1,0,0,2,11059200
1080,5,reference,1144,1280,720,1920,1080,9.65325,10.6593,8.27085,1,1,0,0,2,11059200
1080,5,reference,1145,1280,720,1920,1080,12.289,13.2996,10.9046,1,1,0,0,2,11059200
1080,5,reference,1146,1280,720,1920,1080,11.3562,12.442,9.79046,1,1,0,0,2,11059200
1080,5,reference,1147,1280,720,1920,1080,11.3664,12.3402,9.9881,1,1,0,0,2,11059200
1080,5,reference,1148,1280,720,1920,1080,11.5425,12.4913,10.1622,1,1,0,0,2,11059200
1080,5,reference,1149,1280,720,1920,1080,11.521,12.4839,10.1407,1,1,0,0,2,11059200
1080,5,reference,1150,1280,720,1920,1080,11.5466,12.6608,10.1601,1,1,0,0,2,11059200
1080,5,reference,1151,1280,720,1920,1080,11.3213,12.4157,9.94304,1,1,0,0,2,11059200
1080,5,reference,1152,1280,720,1920,1080,11.3367,12.3269,9.95738,1,1,0,0,2,11059200
1080,5,reference,1153,1280,720,1920,1080,11.5661,12.5456,10.1857,1,1,0,0,2,11059200
1080,5,reference,1154,1280,720,1920,1080,11.5169,12.5525,10.1356,1,1,0,0,2,11059200
1080,5,reference,1155,1280,720,1920,1080,11.3428,12.3588,9.96454,1,1,0,0,2,11059200
1080,5,reference,1156,1280,720,1920,1080,11.3295,12.3411,9.94918,1,1,0,0,2,11059200
1080,5,reference,1157,1280,720,1920,1080,11.5313,12.711,10.153,1,1,0,0,2,11059200
1080,5,reference,1158,1280,720,1920,1080,11.4719,12.6982,10.0884,1,1,0,0,2,11059200
1080,5,reference,1159,1280,720,1920,1080,11.3224,12.4233,9.94406,1,1,0,0,2,11059200
1080,5,reference,1160,1280,720,1920,1080,11.3797,12.4696,9.99219,1,1,0,0,2,11059200
1080,5,reference,1161,1280,720,1920,1080,11.3398,12.364,9.95533,1,1,0,0,2,11059200
1080,5,reference,1162,1280,720,1920,1080,11.5732,12.672,10.1908,1,1,0,0,2,11059200
1080,5,reference,1163,1280,720,1920,1080,11.3766,12.5299,9.99731,1,1,0,0,2,11059200
1080,5,reference,1164,1280,720,1920,1080,11.3766,12.3294,9.99731,1,1,0,0,2,11059200
1080,5,reference,1165,1280,720,1920,1080,11.3572,12.3307,9.97786,1,1,0,0,2,11059200
1080,5,reference,1166,1280,720,1920,1080,11.2742,12.468,9.87955,1,1,0,0,2,11059200
1080,5,reference,1167,1280,720,1920,1080,11.4504,12.3946,10.0721,1,1,0,0,2,11059200
1080,5,reference,1168,1280,720,1920,1080,11.5098,12.4746,10.1315,1,1,0,0,2,11059200
1080,5,reference,1169,1280,720,1920,1080,11.562,12.5974,10.1816,1,1,0,0,2,11059200
1080,5,reference,1170,1280,720,1920,1080,11.1892,12.3887,9.79046,1,1,0,0,2,11059200
1080,5,reference,1171,1280,720,1920,1080,11.5927,12.6641,10.2144,1,1,0,0,2,11059200
1080,5,reference,1172,1280,720,1920,1080,11.3613,12.3721,9.9799,1,1,0,0,2,11059200
1080,5,reference,1173,1280,720,1920,1080,11.5968,12.6574,10.2195,1,1,0,0,2,11059200
1080,5,reference,1174,1280,720,1920,1080,11.392,12.4753,10.0106,1,1,0,0,2,11059200
1080,5,reference,1175,1280,720,1920,1080,11.2957,12.2852,9.91949,1,1,0,0,2,11059200
1080,5,reference,1176,1280,720,1920,1080,11.348,12.2846,9.71571,1,1,0,0,2,11059200
1080,5,reference,1177,1280,720,1920,1080,11.4903,12.4339,10.112,1,1,0,0,2,11059200
1080,5,reference,1178,1280,720,1920,1080,11.476,12.5177,10.0956,1,1,0,0,2,11059200
1080,5,reference,1179,1280,720,1920,1080,12.2552,13.1954,10.8749,1,1,0,0,2,11059200
1080,5,reference,1180,1280,720,1920,1080,11.4463,12.5341,10.068,1,1,0,0,2,11059200
1080,5,reference,1181,1280,720,1920,1080,10.9916,12.2171,9.61229,1,1,0,0,2,11059200
1080,5,reference,1182,1280,720,1920,1080,11.2794,12.3336,9.90106,1,1,0,0,2,11059200
1080,5,reference,1183,1280,720,1920,1080,11.306,12.3453,9.93075,1,1,0,0,2,11059200
1080,5,reference,1184,1280,720,1920,1080,11.5732,12.6796,10.1888,1,1,0,0,2,11059200
1080,5,reference,1185,1280,720,1920,1080,11.392,12.405,10.0086,1,1,0,0,2,11059200
1080,5,reference,1186,1280,720,1920,1080,11.349,12.3083,9.96864,1,1,0,0,2,11059200
1080,5,reference,1187,1280,720,1920,1080,11.3644,12.3592,9.98502,1,1,0,0,2,11059200
1080,5,reference,1188,1280,720,1920,1080,11.3224,12.4005,9.94304,1,1,0,0,2,11059200
1080,5,reference,1189,1280,720,1920,1080,11.6081,12.5884,10.2298,1,1,0,0,2,11059200
1080,5,reference,1190,1280,720,1920,1080,11.5251,12.864,10.1478,1,1,0,0,2,11059200
1080,5,reference,1191,1280,720,1920,1080,11.3285,12.3225,9.95226,1,1,0,0,2,11059200
1080,5,reference,1192,1280,720,1920,1080,11.3572,12.4058,9.97274,1,1,0,0,2,11059200
1080,5,reference,1193,1280,720,1920,1080,11.3541,12.4344,9.97069,1,1,0,0,2,11059200
1080,5,reference,1194,1280,720,1920,1080,11.5579,12.624,10.1796,1,1,0,0,2,11059200
1080,5,reference,1195,1280,720,1920,1080,11.3244,12.3534,9.94714,1,1,0,0,2,11059200
1080,5,reference,1196,1280,720,1920,1080,11.3306,12.3866,9.95533,1,1,0,0,2,11059200
1080,5,reference,1197,1280,720,1920,1080,11.3848,12.3233,10.0116,1,1,0,0,2,11059200
1080,5,reference,1198,1280,720,1920,1080,11.3132,12.3096,9.93382,1,1,0,0,2,11059200
1080,5,reference,1199,1280,720,1920,1080,11.4637,12.7856,10.0864,1,1,0,0,2,11059200
1080,5,candidate,300,1280,720,1920,1080,9.77613,10.7562,8.39782,1,1,0,0,0,0
1080,5,candidate,301,1280,720,1920,1080,11.1647,13.0732,9.76998,1,1,0,0,0,0
1080,5,candidate,302,1280,720,1920,1080,11.4145,12.4498,10.0362,1,1,0,0,0,0
1080,5,candidate,303,1280,720,1920,1080,11.0787,12.2161,9.68806,1,1,0,0,0,0
1080,5,candidate,304,1280,720,1920,1080,11.4534,12.5317,10.0731,1,1,0,0,0,0
1080,5,candidate,305,1280,720,1920,1080,11.2865,12.3111,9.90925,1,1,0,0,0,0
1080,5,candidate,306,1280,720,1920,1080,11.5241,12.451,10.1448,1,1,0,0,0,0
1080,5,candidate,307,1280,720,1920,1080,11.4493,12.3838,10.0721,1,1,0,0,0,0
1080,5,candidate,308,1280,720,1920,1080,11.3132,12.3203,9.93485,1,1,0,0,0,0
1080,5,candidate,309,1280,720,1920,1080,11.435,12.7975,10.0588,1,1,0,0,0,0
1080,5,candidate,310,1280,720,1920,1080,11.3306,12.3772,9.94714,1,1,0,0,0,0
1080,5,candidate,311,1280,720,1920,1080,11.479,12.404,10.1007,1,1,0,0,0,0
1080,5,candidate,312,1280,720,1920,1080,11.4207,12.5245,10.0413,1,1,0,0,0,0
1080,5,candidate,313,1280,720,1920,1080,11.4698,12.5314,10.0884,1,1,0,0,0,0
1080,5,candidate,314,1280,720,1920,1080,9.96454,11.0007,8.58726,1,1,0,0,0,0
1080,5,candidate,315,1280,720,1920,1080,11.1821,12.1293,9.8048,1,1,0,0,0,0
1080,5,candidate,316,1280,720,1920,1080,11.2558,12.3081,9.87546,1,1,0,0,0,0
1080,5,candidate,317,1280,720,1920,1080,9.40442,10.3365,8.02918,1,1,0,0,0,0
1080,5,candidate,318,1280,720,1920,1080,9.24262,11.8843,7.86022,1,1,0,0,0,0
1080,5,candidate,319,1280,720,1920,1080,9.92256,10.8232,8.54835,1,1,0,0,0,0
1080,5,candidate,320,1280,720,1920,1080,12.6188,13.5741,11.1933,1,1,0,0,0,0
1080,5,candidate,321,1280,720,1920,1080,11.4893,12.4599,9.82835,1,1,0,0,0,0
1080,5,candidate,322,1280,720,1920,1080,11.5282,12.4722,9.89594,1,1,0,0,0,0
1080,5,candidate,323,1280,720,1920,1080,11.4534,12.4264,9.83245,1,1,0,0,0,0
1080,5,candidate,324,1280,720,1920,1080,11.307,12.2207,9.6768,1,1,0,0,0,0
1080,5,candidate,325,1280,720,1920,1080,11.265,12.3663,9.63994,1,1,0,0,0,0
1080,5,candidate,326,1280,720,1920,1080,11.4862,12.5614,9.85907,1,1,0,0,0,0
1080,5,candidate,327,1280,720,1920,1080,11.2568,12.1913,9.63174,1,1,0,0,0,0
1080,5,candidate,328,1280,720,1920,1080,11.2978,12.7292,9.91744,1,1,0,0,0,0
1080,5,candidate,329,1280,720,1920,1080,11.2876,12.3637,9.66246,1,1,0,0,0,0
1080,5,candidate,330,1280,720,1920,1080,11.3316,12.4058,9.7024,1,1,0,0,0,0
1080,5,candidate,331,1280,720,1920,1080,11.2845,12.3189,9.65734,1,1,0,0,0,0
1080,5,candidate,332,1280,720,1920,1080,11.307,12.342,9.67578,1,1,0,0,0,0
1080,5,candidate,333,1280,720,1920,1080,11.2691,12.4764,9.89286,1,1,0,0,0,0
1080,5,candidate,334,1280,720,1920,1080,11.2691,12.2309,9.63686,1,1,0,0,0,0
1080,5,candidate,335,1280,720,1920,1080,11.2855,12.4588,9.90822,1,1,0,0,0,0
1080,5,candidate,336,1280,720,1920,1080,11.1892,12.5198,9.80582,1,1,0,0,0,0
1080,5,candidate,337,1280,720,1920,1080,11.2835,12.271,9.9072,1,1,0,0,0,0
1080,5,candidate,338,1280,720,1920,1080,11.2169,12.4604,9.83859,1,1,0,0,0,0
1080,5,candidate,339,1280,720,1920,1080,11.0223,12.3842,9.6471,1,1,0,0,0,0
1080,5,candidate,340,1280,720,1920,1080,11.2773,13.0208,9.90003,1,1,0,0,0,0
1080,5,candidate,341,1280,720,1920,1080,11.4053,12.616,9.75258,1,1,0,0,0,0
1080,5,candidate,342,1280,720,1920,1080,11.3162,12.3248,9.67782,1,1,0,0,0,0
1080,5,candidate,343,1280,720,1920,1080,11.3551,12.3577,9.69933,1,1,0,0,0,0
1080,5,candidate,344,1280,720,1920,1080,11.2138,12.5148,9.8345,1,1,0,0,0,0
1080,5,candidate,345,1280,720,1920,1080,11.2886,12.3652,9.91539,1,1,0,0,0,0
1080,5,candidate,346,1280,720,1920,1080,11.2517,12.4305,9.87136,1,1,0,0,0,0
1080,5,candidate,347,1280,720,1920,1080,11.4043,12.6609,10.0291,1,1,0,0,0,0
1080,5,candidate,348,1280,720,1920,1080,11.2435,12.6219,9.86214,1,1,0,0,0,0
1080,5,candidate,349,1280,720,1920,1080,11.2148,12.3737,9.83962,1,1,0,0,0,0
1080,5,candidate,350,1280,720,1920,1080,11.2814,12.2849,9.90208,1,1,0,0,0,0
1080,5,candidate,351,1280,720,1920,1080,11.351,12.3568,9.97683,1,1,0,0,0,0
1080,5,candidate,352,1280,720,1920,1080,11.4176,12.279,10.0372,1,1,0,0,0,0
1080,5,candidate,353,1280,720,1920,1080,11.3029,12.3016,9.92666,1,1,0,0,0,0
1080,5,candidate,354,1280,720,1920,1080,11.3869,12.386,10.0076,1,1,0,0,0,0
1080,5,candidate,355,1280,720,1920,1080,11.3213,12.3037,9.94202,1,1,0,0,0,0
1080,5,candidate,356,1280,720,1920,1080,11.4084,12.3381,10.0291,1,1,0,0,0,0
1080,5,candidate,357,1280,720,1920,1080,11.1544,12.4936,9.77613,1,1,0,0,0,0
1080,5,candidate,358,1280,720,1920,1080,11.3183,12.2767,9.93792,1,1,0,0,0,0
1080,5,candidate,359,1280,720,1920,1080,11.0479,12.2493,9.67066,1,1,0,0,0,0
1080,5,candidate,360,1280,720,1920,1080,11.4237,12.4112,10.0403,1,1,0,0,0,0
1080,5,candidate,361,1280,720,1920,1080,11.01,12.1003,9.63174,1,1,0,0,0,0
1080,5,candidate,362,1280,720,1920,1080,11.392,12.3584,10.0086,1,1,0,0,0,0
1080,5,candidate,363,1280,720,1920,1080,11.2384,12.204,9.85805,1,1,0,0,0,0
1080,5,candidate,364,1280,720,1920,1080,11.4586,12.475,10.0772,1,1,0,0,0,0
1080,5,candidate,365,1280,720,1920,1080,11.4801,12.4444,10.1007,1,1,0,0,0,0
1080,5,candidate,366,1280,720,1920,1080,11.4944,12.4293,10.111,1,1,0,0,0,0
1080,5,candidate,367,1280,720,1920,1080,11.4596,12.3972,10.0844,1,1,0,0,0,0
1080,5,candidate,368,1280,720,1920,1080,11.4913,12.5133,10.113,1,1,0,0,0,0
1080,5,candidate,369,1280,720,1920,1080,11.4975,12.4138,10.1212,1,1,0,0,0,0
1080,5,candidate,370,1280,720,1920,1080,11.4647,12.5742,10.0823,1,1,0,0,0,0
1080,5,candidate,371,1280,720,1920,1080,11.4698,12.7029,10.0936,1,1,0,0,0,0
1080,5,candidate,372,1280,720,1920,1080,11.3633,12.4703,9.98093,1,1,0,0,0,0
1080,5,candidate,373,1280,720,1920,1080,11.2712,12.4224,9.89594,1,1,0,0,0,0
1080,5,candidate,374,1280,720,1920,1080,11.3019,12.3198,9.92154,1,1,0,0,0,0
1080,5,candidate,375,1280,720,1920,1080,11.3398,12.3088,9.96352,1,1,0,0,0,0
1080,5,candidate,376,1280,720,1920,1080,11.4944,12.5324,10.112,1,1,0,0,0,0
1080,5,candidate,377,1280,720,1920,1080,11.4657,12.4362,10.0925,1,1,0,0,0,0
1080,5,candidate,378,1280,720,1920,1080,11.3101,12.2562,9.9328,1,1,0,0,0,0
1080,5,candidate,379,1280,720,1920,1080,11.2794,12.2012,9.90208,1,1,0,0,0,0
1080,5,candidate,380,1280,720,1920,1080,11.2988,12.2629,9.91846,1,1,0,0,0,0
1080,5,candidate,381,1280,720,1920,1080,11.4842,12.7606,9.84883,1,1,0,0,0,0
1080,5,candidate,382,1280,720,1920,1080,11.3306,13.0853,9.93485,1,1,0,0,0,0
1080,5,candidate,383,1280,720,1920,1080,9.88365,11.017,8.50842,1,1,0,0,0,0
1080,5,candidate,384,1280,720,1920,1080,11.2783,12.1701,9.89594,1,1,0,0,0,0
1080,5,candidate,385,1280,720,1920,1080,11.2568,12.2357,9.88058,1,1,0,0,0,0
1080,5,candidate,386,1280,720,1920,1080,11.4719,12.5593,10.0905,1,1,0,0,0,0
1080,5,candidate,387,1280,720,1920,1080,11.2333,12.3473,9.85805,1,1,0,0,0,0
1080,5,candidate,388,1280,720,1920,1080,9.94816,10.8569,8.57088,1,1,0,0,0,0
1080,5,candidate,389,1280,720,1920,1080,12.629,13.8052,11.2353,1,1,0,0,0,0
1080,5,candidate,390,1280,720,1920,1080,11.4934,12.5256,10.113,1,1,0,0,0,0
1080,5,candidate,391,1280,720,1920,1080,11.2159,12.2037,9.84064,1,1,0,0,0,0
1080,5,candidate,392,1280,720,1920,1080,11.4811,12.4698,10.0977,1,1,0,0,0,0
1080,5,candidate,393,1280,720,1920,1080,11.1032,12.2299,9.728,1,1,0,0,0,0
1080,5,candidate,394,1280,720,1920,1080,11.3971,12.3734,10.0147,1,1,0,0,0,0
1080,5,candidate,395,1280,720,1920,1080,11.2783,12.2517,9.90003,1,1,0,0,0,0
1080,5,candidate,396,1280,720,1920,1080,10.8861,11.9689,9.50784,1,1,0,0,0,0
1080,5,candidate,397,1280,720,1920,1080,11.305,12.2338,9.92666,1,1,0,0,0,0
1080,5,candidate,398,1280,720,1920,1080,11.4811,12.4632,10.0997,1,1,0,0,0,0
1080,5,candidate,399,1280,720,1920,1080,11.2599,12.2636,9.88262,1,1,0,0,0,0
1080,5,candidate,400,1280,720,1920,1080,11.4309,12.3545,10.0495,1,1,0,0,0,0
1080,5,candidate,401,1280,720,1920,1080,11.2886,12.302,9.91232,1,1,0,0,0,0
1080,5,candidate,402,1280,720,1920,1080,11.3459,12.3844,9.96352,1,1,0,0,0,0
1080,5,candidate,403,1280,720,1920,1080,11.3367,12.2474,9.9625,1,1,0,0,0,0
1080,5,candidate,404,1280,720,1920,1080,11.2835,12.2281,9.90106,1,1,0,0,0,0
1080,5,candidate,405,1280,720,1920,1080,11.4913,12.6825,9.87034,1,1,0,0,0,0
1080,5,candidate,406,1280,720,1920,1080,11.4924,12.5334,9.856,1,1,0,0,0,0
1080,5,candidate,407,1280,720,1920,1080,11.4145,12.425,9.79251,1,1,0,0,0,0
1080,5,candidate,408,1280,720,1920,1080,11.3418,12.4839,9.9625,1,1,0,0,0,0
1080,5,candidate,409,1280,720,1920,1080,11.2343,12.2969,9.85805,1,1,0,0,0,0
1080,5,candidate,410,1280,720,1920,1080,11.4903,12.4199,9.85805,1,1,0,0,0,0
1080,5,candidate,411,1280,720,1920,1080,11.4862,12.4368,9.86112,1,1,0,0,0,0
1080,5,candidate,412,1280,720,1920,1080,11.4647,12.4303,9.83245,1,1,0,0,0,0
1080,5,candidate,413,1280,720,1920,1080,11.5016,12.5007,9.86829,1,1,0,0,0,0
1080,5,candidate,414,1280,720,1920,1080,11.2026,12.3466,9.82323,1,1,0,0,0,0
1080,5,candidate,415,1280,720,1920,1080,11.265,12.4306,9.88979,1,1,0,0,0,0
1080,5,candidate,416,1280,720,1920,1080,11.4565,12.4205,9.82938,1,1,0,0,0,0
1080,5,candidate,417,1280,720,1920,1080,11.4708,12.5513,9.84371,1,1,0,0,0,0
1080,5,candidate,418,1280,720,1920,1080,11.6214,12.952,9.99117,1,1,0,0,0,0
1080,5,candidate,419,1280,720,1920,1080,11.436,12.4563,9.81197,1,1,0,0,0,0
1080,5,candidate,420,1280,720,1920,1080,11.2937,12.2275,9.91334,1,1,0,0,0,0
1080,5,candidate,421,1280,720,1920,1080,11.2517,12.1806,9.87341,1,1,0,0,0,0
1080,5,candidate,422,1280,720,1920,1080,11.4401,12.3942,9.8007,1,1,0,0,0,0
1080,5,candidate,423,1280,720,1920,1080,11.3152,12.4585,9.68192,1,1,0,0,0,0
1080,5,candidate,424,1280,720,1920,1080,11.2589,12.378,9.61843,1,1,0,0,0,0
1080,5,candidate,425,1280,720,1920,1080,11.3644,12.3107,9.72698,1,1,0,0,0,0
1080,5,candidate,426,1280,720,1920,1080,11.3193,12.4094,9.68704,1,1,0,0,0,0
1080,5,candidate,427,1280,720,1920,1080,11.2794,12.3201,9.64096,1,1,0,0,0,0
1080,5,candidate,428,1280,720,1920,1080,11.2343,12.5847,9.85498,1,1,0,0,0,0
1080,5,candidate,429,1280,720,1920,1080,11.3746,12.3741,9.72083,1,1,0,0,0,0
1080,5,candidate,430,1280,720,1920,1080,11.2824,12.6846,9.90208,1,1,0,0,0,0
1080,5,candidate,431,1280,720,1920,1080,11.2722,12.3412,9.64915,1,1,0,0,0,0
1080,5,candidate,432,1280,720,1920,1080,11.2783,12.5342,9.90003,1,1,0,0,0,0
1080,5,candidate,433,1280,720,1920,1080,11.264,12.2282,9.63277,1,1,0,0,0,0
1080,5,candidate,434,1280,720,1920,1080,11.2292,12.4062,9.84986,1,1,0,0,0,0
1080,5,candidate,435,1280,720,1920,1080,11.262,12.4116,9.88877,1,1,0,0,0,0
1080,5,candidate,436,1280,720,1920,1080,11.4493,12.5441,10.071,1,1,0,0,0,0
1080,5,candidate,437,1280,720,1920,1080,11.2845,12.418,9.9072,1,1,0,0,0,0
1080,5,candidate,438,1280,720,1920,1080,11.479,12.5946,10.0966,1,1,0,0,0,0
1080,5,candidate,439,1280,720,1920,1080,11.4524,12.4917,9.67885,1,1,0,0,0,0
1080,5,candidate,440,1280,720,1920,1080,11.2497,12.4683,9.87238,1,1,0,0,0,0
1080,5,candidate,441,1280,720,1920,1080,11.262,12.5035,9.8857,1,1,0,0,0,0
1080,5,candidate,442,1280,720,1920,1080,11.2988,12.4978,9.91846,1,1,0,0,0,0
1080,5,candidate,443,1280,720,1920,1080,11.0879,12.305,9.70957,1,1,0,0,0,0
1080,5,candidate,444,1280,720,1920,1080,11.6029,12.503,10.2257,1,1,0,0,0,0
1080,5,candidate,445,1280,720,1920,1080,11.0387,12.0428,9.66349,1,1,0,0,0,0
1080,5,candidate,446,1280,720,1920,1080,11.2978,12.2391,9.92051,1,1,0,0,0,0
1080,5,candidate,447,1280,720,1920,1080,10.9896,12.1612,9.61331,1,1,0,0,0,0
1080,5,candidate,448,1280,720,1920,1080,11.0735,12.3053,9.69216,1,1,0,0,0,0
1080,5,candidate,449,1280,720,1920,1080,11.18,12.4184,9.7577,1,1,0,0,0,0
1080,5,candidate,450,1280,720,1920,1080,11.65,12.6685,10.0239,1,1,0,0,0,0
1080,5,candidate,451,1280,720,1920,1080,9.79763,10.8015,8.42445,1,1,0,0,0,0
1080,5,candidate,452,1280,720,1920,1080,11.9562,13.0094,10.581,1,1,0,0,0,0
1080,5,candidate,453,1280,720,1920,1080,10.025,11.3057,8.64973,1,1,0,0,0,0
1080,5,candidate,454,1280,720,1920,1080,11.1708,12.0944,9.78944,1,1,0,0,0,0
1080,5,candidate,455,1280,720,1920,1080,11.2507,13.021,9.83757,1,1,0,0,0,0
1080,5,candidate,456,1280,720,1920,1080,11.3398,12.385,9.91846,1,1,0,0,0,0
1080,5,candidate,457,1280,720,1920,1080,11.265,12.2209,9.88774,1,1,0,0,0,0
1080,5,candidate,458,1280,720,1920,1080,11.4299,12.3681,9.79661,1,1,0,0,0,0
1080,5,candidate,459,1280,720,1920,1080,11.3633,12.6545,9.7065,1,1,0,0,0,0
1080,5,candidate,460,1280,720,1920,1080,11.4831,12.5186,9.82426,1,1,0,0,0,0
1080,5,candidate,461,1280,720,1920,1080,11.4903,12.5582,9.85395,1,1,0,0,0,0
1080,5,candidate,462,1280,720,1920,1080,11.5016,12.532,9.86214,1,1,0,0,0,0
1080,5,candidate,463,1280,720,1920,1080,11.5005,12.5171,9.85805,1,1,0,0,0,0
1080,5,candidate,464,1280,720,1920,1080,11.4422,12.4496,9.79251,1,1,0,0,0,0
1080,5,candidate,465,1280,720,1920,1080,11.4258,12.407,9.78125,1,1,0,0,0,0
1080,5,candidate,466,1280,720,1920,1080,11.4371,12.5087,9.79763,1,1,0,0,0,0
1080,5,candidate,467,1280,720,1920,1080,11.5077,12.5849,9.86931,1,1,0,0,0,0
1080,5,candidate,468,1280,720,1920,1080,11.4821,12.5042,9.83757,1,1,0,0,0,0
1080,5,candidate,469,1280,720,1920,1080,11.479,12.4967,9.84166,1,1,0,0,0,0
1080,5,candidate,470,1280,720,1920,1080,11.5159,12.6938,9.85907,1,1,0,0,0,0
1080,5,candidate,471,1280,720,1920,1080,11.2896,12.2921,9.91642,1,1,0,0,0,0
1080,5,candidate,472,1280,720,1920,1080,11.5149,12.5505,9.85395,1,1,0,0,0,0
1080,5,candidate,473,1280,720,1920,1080,10.966,12.031,9.59181,1,1,0,0,0,0
1080,5,candidate,474,1280,720,1920,1080,11.3848,12.3986,9.99834,1,1,0,0,0,0
1080,5,candidate,475,1280,720,1920,1080,10.967,12.0952,9.58976,1,1,0,0,0,0
1080,5,candidate,476,1280,720,1920,1080,11.0418,12.0735,8.3712,1,1,0,0,0,0
1080,5,candidate,477,1280,720,1920,1080,11.0182,12.0943,9.64198,1,1,0,0,0,0
1080,5,candidate,478,1280,720,1920,1080,11.3623,12.2989,9.98093,1,1,0,0,0,0
1080,5,candidate,479,1280,720,1920,1080,11.3828,12.4529,10.0055,1,1,0,0,0,0
1080,5,candidate,480,1280,720,1920,1080,11.3951,12.3714,10.0178,1,1,0,0,0,0
1080,5,candidate,481,1280,720,1920,1080,11.1544,12.3136,9.77818,1,1,0,0,0,0
1080,5,candidate,482,1280,720,1920,1080,11.1114,12.4007,9.73107,1,1,0,0,0,0
1080,5,candidate,483,1280,720,1920,1080,11.3009,12.4621,9.92666,1,1,0,0,0,0
1080,5,candidate,484,1280,720,1920,1080,11.4452,12.754,10.0659,1,1,0,0,0,0
1080,5,candidate,485,1280,720,1920,1080,11.5661,12.7035,10.1878,1,1,0,0,0,0
1080,5,candidate,486,1280,720,1920,1080,11.1063,12.3152,9.72902,1,1,0,0,0,0
1080,5,candidate,487,1280,720,1920,1080,10.324,12.6653,8.94669,1,1,0,0,0,0
1080,5,candidate,488,1280,720,1920,1080,11.4432,12.4308,9.82016,1,1,0,0,0,0
1080,5,candidate,489,1280,720,1920,1080,11.3111,12.313,9.66349,1,1,0,0,0,0
1080,5,candidate,490,1280,720,1920,1080,11.3265,12.6825,9.94611,1,1,0,0,0,0
1080,5,candidate,491,1280,720,1920,1080,11.4248,12.7239,10.0465,1,1,0,0,0,0
1080,5,candidate,492,1280,720,1920,1080,11.1985,12.4247,9.81914,1,1,0,0,0,0
1080,5,candidate,493,1280,720,1920,1080,11.0653,12.3202,9.69011,1,1,0,0,0,0
1080,5,candidate,494,1280,720,1920,1080,14.7743,16.2087,13.396,1,1,0,0,0,0
1080,5,candidate,495,1280,720,1920,1080,11.1493,12.5256,9.7751,1,1,0,0,0,0
1080,5,candidate,496,1280,720,1920,1080,11.2927,12.4274,9.91334,1,1,0,0,0,0
1080,5,candidate,497,1280,720,1920,1080,11.262,12.2173,9.8857,1,1,0,0,0,0
1080,5,candidate,498,1280,720,1920,1080,10.1663,11.2957,8.7849,1,1,0,0,0,0
1080,5,candidate,499,1280,720,1920,1080,11.2302,13.1136,9.85702,1,1,0,0,0,0
1080,5,candidate,500,1280,720,1920,1080,11.1872,12.202,9.78432,1,1,0,0,0,0
1080,5,candidate,501,1280,720,1920,1080,11.4524,12.3504,9.82221,1,1,0,0,0,0
1080,5,candidate,502,1280,720,1920,1080,11.5046,12.6141,10.1233,1,1,0,0,0,0
1080,5,candidate,503,1280,720,1920,1080,11.2845,12.3203,9.9113,1,1,0,0,0,0
1080,5,candidate,504,1280,720,1920,1080,11.3326,12.3252,9.95226,1,1,0,0,0,0
1080,5,candidate,505,1280,720,1920,1080,11.5579,12.4817,10.1775,1,1,0,0,0,0
1080,5,candidate,506,1280,720,1920,1080,11.3951,12.412,10.0147,1,1,0,0,0,0
1080,5,candidate,507,1280,720,1920,1080,11.3418,12.3653,9.94714,1,1,0,0,0,0
1080,5,candidate,508,1280,720,1920,1080,11.519,12.4569,9.86829,1,1,0,0,0,0
1080,5,candidate,509,1280,720,1920,1080,9.79046,10.7177,8.41728,1,1,0,0,0,0
1080,5,candidate,510,1280,720,1920,1080,11.1585,13.1446,9.74643,1,1,0,0,0,0
1080,5,candidate,511,1280,720,1920,1080,10.9466,11.9413,9.5703,1,1,0,0,0,0
1080,5,candidate,512,1280,720,1920,1080,11.0172,12.2751,9.63994,1,1,0,0,0,0
1080,5,candidate,513,1280,720,1920,1080,11.5026,12.3956,9.86829,1,1,0,0,0,0
1080,5,candidate,514,1280,720,1920,1080,11.2998,12.67,9.91949,1,1,0,0,0,0
1080,5,candidate,515,1280,720,1920,1080,11.3705,12.6027,9.99424,1,1,0,0,0,0
1080,5,candidate,516,1280,720,1920,1080,11.2394,12.4955,9.85805,1,1,0,0,0,0
1080,5,candidate,517,1280,720,1920,1080,11.3152,12.5286,9.65222,1,1,0,0,0,0
1080,5,candidate,518,1280,720,1920,1080,11.2978,12.5411,9.91642,1,1,0,0,0,0
1080,5,candidate,519,1280,720,1920,1080,11.3121,12.8631,9.93587,1,1,0,0,0,0
1080,5,candidate,520,1280,720,1920,1080,11.3193,12.3042,9.65325,1,1,0,0,0,0
1080,5,candidate,521,1280,720,1920,1080,11.3224,13.1878,9.94611,1,1,0,0,0,0
1080,5,candidate,522,1280,720,1920,1080,11.6244,12.6961,9.97069,1,1,0,0,0,0
1080,5,candidate,523,1280,720,1920,1080,11.2957,12.3297,9.91949,1,1,0,0,0,0
1080,5,candidate,524,1280,720,1920,1080,11.2998,12.3529,9.92256,1,1,0,0,0,0
1080,5,candidate,525,1280,720,1920,1080,11.5005,12.4634,9.86419,1,1,0,0,0,0
1080,5,candidate,526,1280,720,1920,1080,11.4719,12.4382,9.8304,1,1,0,0,0,0
1080,5,candidate,527,1280,720,1920,1080,11.3777,12.5695,9.82221,1,1,0,0,0,0
1080,5,candidate,528,1280,720,1920,1080,11.5128,12.6159,10.1335,1,1,0,0,0,0
1080,5,candidate,529,1280,720,1920,1080,11.4903,12.4469,9.85293,1,1,0,0,0,0
1080,5,candidate,530,1280,720,1920,1080,11.5098,12.7306,9.87034,1,1,0,0,0,0
1080,5,candidate,531,1280,720,1920,1080,11.2916,12.3456,9.91949,1,1,0,0,0,0
1080,5,candidate,532,1280,720,1920,1080,11.2824,12.249,9.90413,1,1,0,0,0,0
1080,5,candidate,533,1280,720,1920,1080,11.433,12.4208,9.86931,1,1,0,0,0,0
1080,5,candidate,534,1280,720,1920,1080,11.2763,12.2588,9.89491,1,1,0,0,0,0
1080,5,candidate,535,1280,720,1920,1080,11.2067,12.2291,9.78022,1,1,0,0,0,0
1080,5,candidate,536,1280,720,1920,1080,10.8534,11.9877,9.47405,1,1,0,0,0,0
1080,5,candidate,537,1280,720,1920,1080,11.3336,12.4309,9.96045,1,1,0,0,0,0
1080,5,candidate,538,1280,720,1920,1080,11.4196,12.4095,10.0383,1,1,0,0,0,0
1080,5,candidate,539,1280,720,1920,1080,11.8948,12.8189,10.5083,1,1,0,0,0,0
1080,5,candidate,540,1280,720,1920,1080,11.3572,12.37,9.97786,1,1,0,0,0,0
1080,5,candidate,541,1280,720,1920,1080,9.76589,10.7202,8.39168,1,1,0,0,0,0
1080,5,candidate,542,1280,720,1920,1080,10.7028,13.2464,8.37427,1,1,0,0,0,0
1080,5,candidate,543,1280,720,1920,1080,11.265,12.3251,9.89184,1,1,0,0,0,0
1080,5,candidate,544,1280,720,1920,1080,11.2978,12.2165,9.91539,1,1,0,0,0,0
1080,5,candidate,545,1280,720,1920,1080,11.3029,12.3375,9.92563,1,1,0,0,0,0
1080,5,candidate,546,1280,720,1920,1080,11.0356,12.1611,9.65734,1,1,0,0,0,0
1080,5,candidate,547,1280,720,1920,1080,11.4534,12.4194,10.0772,1,1,0,0,0,0
1080,5,candidate,548,1280,720,1920,1080,11.2886,12.2888,9.9113,1,1,0,0,0,0
1080,5,candidate,549,1280,720,1920,1080,11.2271,12.2234,9.85088,1,1,0,0,0,0
1080,5,candidate,550,1280,720,1920,1080,11.2476,12.4069,9.86419,1,1,0,0,0,0
1080,5,candidate,551,1280,720,1920,1080,11.3664,12.3954,9.99219,1,1,0,0,0,0
1080,5,candidate,552,1280,720,1920,1080,10.3731,11.4489,8.99584,1,1,0,0,0,0
1080,5,candidate,553,1280,720,1920,1080,11.0459,13.0725,9.66144,1,1,0,0,0,0
1080,5,candidate,554,1280,720,1920,1080,11.4473,12.3146,10.0659,1,1,0,0,0,0
1080,5,candidate,555,1280,720,1920,1080,11.392,12.3594,9.82221,1,1,0,0,0,0
1080,5,candidate,556,1280,720,1920,1080,11.3869,12.4588,10.0065,1,1,0,0,0,0
1080,5,candidate,557,1280,720,1920,1080,11.5057,12.4814,9.84986,1,1,0,0,0,0
1080,5,candidate,558,1280,720,1920,1080,11.7166,12.671,10.155,1,1,0,0,0,0
1080,5,candidate,559,1280,720,1920,1080,11.3388,12.3385,9.96557,1,1,0,0,0,0
1080,5,candidate,560,1280,720,1920,1080,11.1718,12.3013,8.53197,1,1,0,0,0,0
1080,5,candidate,561,1280,720,1920,1080,11.2394,12.3376,8.58214,1,1,0,0,0,0
1080,5,candidate,562,1280,720,1920,1080,11.1677,12.2427,9.78637,1,1,0,0,0,0
1080,5,candidate,563,1280,720,1920,1080,11.2814,12.3406,9.9072,1,1,0,0,0,0
1080,5,candidate,564,1280,720,1920,1080,10.8646,12.0642,9.48429,1,1,0,0,0,0
1080,5,candidate,565,1280,720,1920,1080,11.35,12.3263,9.68806,1,1,0,0,0,0
1080,5,candidate,566,1280,720,1920,1080,11.5241,12.4525,9.89491,1,1,0,0,0,0
1080,5,candidate,567,1280,720,1920,1080,11.2814,12.3448,9.90822,1,1,0,0,0,0
1080,5,candidate,568,1280,720,1920,1080,11.2937,12.1288,9.9113,1,1,0,0,0,0
1080,5,candidate,569,1280,720,1920,1080,11.2241,12.3141,9.84986,1,1,0,0,0,0
1080,5,candidate,570,1280,720,1920,1080,11.4801,12.5022,10.0987,1,1,0,0,0,0
1080,5,candidate,571,1280,720,1920,1080,11.0377,12.0497,9.66349,1,1,0,0,0,0
1080,5,candidate,572,1280,720,1920,1080,11.5005,12.3852,10.1212,1,1,0,0,0,0
1080,5,candidate,573,1280,720,1920,1080,11.3275,12.3932,9.95123,1,1,0,0,0,0
1080,5,candidate,574,1280,720,1920,1080,11.2927,12.3071,9.89594,1,1,0,0,0,0
1080,5,candidate,575,1280,720,1920,1080,11.9224,12.8257,10.5503,1,1,0,0,0,0
1080,5,candidate,576,1280,720,1920,1080,11.1063,12.2075,9.71059,1,1,0,0,0,0
1080,5,candidate,577,1280,720,1920,1080,11.0776,12.1827,9.7024,1,1,0,0,0,0
1080,5,candidate,578,1280,720,1920,1080,11.2077,12.2314,9.82938,1,1,0,0,0,0
1080,5,candidate,579,1280,720,1920,1080,11.5958,12.6059,9.98195,1,1,0,0,0,0
1080,5,candidate,580,1280,720,1920,1080,11.3275,12.3405,9.69421,1,1,0,0,0,0
1080,5,candidate,581,1280,720,1920,1080,11.7176,12.6542,10.0905,1,1,0,0,0,0
1080,5,candidate,582,1280,720,1920,1080,10.9629,12.0008,9.58362,1,1,0,0,0,0
1080,5,candidate,583,1280,720,1920,1080,11.4657,12.4946,10.0884,1,1,0,0,0,0
1080,5,candidate,584,1280,720,1920,1080,11.8415,12.839,10.452,1,1,0,0,0,0
1080,5,candidate,585,1280,720,1920,1080,11.436,12.4032,10.0608,1,1,0,0,0,0
1080,5,candidate,586,1280,720,1920,1080,11.3306,12.4049,9.95328,1,1,0,0,0,0
1080,5,candidate,587,1280,720,1920,1080,11.2794,12.3114,9.90106,1,1,0,0,0,0
1080,5,candidate,588,1280,720,1920,1080,11.4524,12.5662,10.0741,1,1,0,0,0,0
1080,5,candidate,589,1280,720,1920,1080,11.2118,12.3244,9.8345,1,1,0,0,0,0
1080,5,candidate,590,1280,720,1920,1080,11.3367,12.561,9.9584,1,1,0,0,0,0
1080,5,candidate,591,1280,720,1920,1080,11.5446,12.4481,9.87136,1,1,0,0,0,0
1080,5,candidate,592,1280,720,1920,1080,11.3213,12.2676,9.94202,1,1,0,0,0,0
1080,5,candidate,593,1280,720,1920,1080,11.4545,12.3802,10.0772,1,1,0,0,0,0
1080,5,candidate,594,1280,720,1920,1080,11.2957,12.2173,9.91232,1,1,0,0,0,0
1080,5,candidate,595,1280,720,1920,1080,11.4842,12.8058,9.85088,1,1,0,0,0,0
1080,5,candidate,596,1280,720,1920,1080,11.4483,12.4886,10.069,1,1,0,0,0,0
1080,5,candidate,597,1280,720,1920,1080,11.4217,12.3885,10.0454,1,1,0,0,0,0
1080,5,candidate,598,1280,720,1920,1080,11.3326,12.3805,9.95533,1,1,0,0,0,0
1080,5,candidate,599,1280,720,1920,1080,11.2425,12.279,9.86726,1,1,0,0,0,0
1080,5,candidate,600,1280,720,1920,1080,11.3541,12.4307,9.97376,1,1,0,0,0,0
1080,5,candidate,601,1280,720,1920,1080,11.2927,12.3748,9.91744,1,1,0,0,0,0
1080,5,candidate,602,1280,720,1920,1080,11.3193,12.3133,9.93792,1,1,0,0,0,0
1080,5,candidate,603,1280,720,1920,1080,11.522,12.4684,9.86726,1,1,0,0,0,0
1080,5,candidate,604,1280,720,1920,1080,11.6634,12.8236,9.87443,1,1,0,0,0,0
1080,5,candidate,605,1280,720,1920,1080,11.2988,12.2312,9.92358,1,1,0,0,0,0
1080,5,candidate,606,1280,720,1920,1080,11.2927,12.2452,9.91334,1,1,0,0,0,0
1080,5,candidate,607,1280,720,1920,1080,11.4852,12.4122,9.83347,1,1,0,0,0,0
1080,5,candidate,608,1280,720,1920,1080,11.4125,12.6809,9.76589,1,1,0,0,0,0
1080,5,candidate,609,1280,720,1920,1080,11.4534,12.5118,9.81606,1,1,0,0,0,0
1080,5,candidate,610,1280,720,1920,1080,11.4944,12.719,9.8519,1,1,0,0,0,0
1080,5,candidate,611,1280,720,1920,1080,11.306,12.4882,9.93075,1,1,0,0,0,0
1080,5,candidate,612,1280,720,1920,1080,11.2896,12.2692,9.9113,1,1,0,0,0,0
1080,5,candidate,613,1280,720,1920,1080,11.4463,12.3899,9.8007,1,1,0,0,0,0
1080,5,candidate,614,1280,720,1920,1080,11.5067,12.4822,9.856,1,1,0,0,0,0
1080,5,candidate,615,1280,720,1920,1080,11.3828,12.5797,10.0004,1,1,0,0,0,0
1080,5,candidate,616,1280,720,1920,1080,11.2896,12.3278,9.91027,1,1,0,0,0,0
1080,5,candidate,617,1280,720,1920,1080,11.4555,12.4852,9.8007,1,1,0,0,0,0
1080,5,candidate,618,1280,720,1920,1080,11.4094,12.4761,9.76077,1,1,0,0,0,0
1080,5,candidate,619,1280,720,1920,1080,11.4534,12.396,9.81504,1,1,0,0,0,0
1080,5,candidate,620,1280,720,1920,1080,11.5579,12.6609,9.90413,1,1,0,0,0,0
1080,5,candidate,621,1280,720,1920,1080,11.2783,12.3356,9.90003,1,1,0,0,0,0
1080,5,candidate,622,1280,720,1920,1080,11.3541,12.294,9.97478,1,1,0,0,0,0
1080,5,candidate,623,1280,720,1920,1080,11.5323,12.5408,9.88262,1,1,0,0,0,0
1080,5,candidate,624,1280,720,1920,1080,11.2138,12.2477,9.79046,1,1,0,0,0,0
1080,5,candidate,625,1280,720,1920,1080,11.1657,12.2081,9.61638,1,1,0,0,0,0
1080,5,candidate,626,1280,720,1920,1080,11.2804,12.352,9.90106,1,1,0,0,0,0
1080,5,candidate,627,1280,720,1920,1080,11.4524,12.4623,9.79968,1,1,0,0,0,0
1080,5,candidate,628,1280,720,1920,1080,11.2558,12.4535,9.8775,1,1,0,0,0,0
1080,5,candidate,629,1280,720,1920,1080,11.3029,12.3315,9.66349,1,1,0,0,0,0
1080,5,candidate,630,1280,720,1920,1080,11.2312,12.1849,9.60512,1,1,0,0,0,0
1080,5,candidate,631,1280,720,1920,1080,11.1739,12.3774,9.79866,1,1,0,0,0,0
1080,5,candidate,632,1280,720,1920,1080,11.1493,12.4177,9.77101,1,1,0,0,0,0
1080,5,candidate,633,1280,720,1920,1080,11.2015,12.4419,9.82426,1,1,0,0,0,0
1080,5,candidate,634,1280,720,1920,1080,11.4319,12.4415,10.0536,1,1,0,0,0,0
1080,5,candidate,635,1280,720,1920,1080,11.1667,12.5108,9.79149,1,1,0,0,0,0
1080,5,candidate,636,1280,720,1920,1080,11.1462,12.4881,9.77203,1,1,0,0,0,0
1080,5,candidate,637,1280,720,1920,1080,11.1534,12.3879,9.78125,1,1,0,0,0,0
1080,5,candidate,638,1280,720,1920,1080,11.2947,12.7296,9.91539,1,1,0,0,0,0
1080,5,candidate,639,1280,720,1920,1080,11.0828,12.4697,9.70957,1,1,0,0,0,0
1080,5,candidate,640,1280,720,1920,1080,11.6675,12.7545,10.0086,1,1,0,0,0,0
1080,5,candidate,641,1280,720,1920,1080,11.3121,12.3988,9.66144,1,1,0,0,0,0
1080,5,candidate,642,1280,720,1920,1080,11.1698,12.6656,9.79456,1,1,0,0,0,0
1080,5,candidate,643,1280,720,1920,1080,11.2486,12.2086,9.69626,1,1,0,0,0,0
1080,5,candidate,644,1280,720,1920,1080,11.6316,13.1062,10.2564,1,1,0,0,0,0
1080,5,candidate,645,1280,720,1920,1080,9.93178,11.1228,8.55757,1,1,0,0,0,0
1080,5,candidate,646,1280,720,1920,1080,12.7898,13.8147,11.3674,1,1,0,0,0,0
1080,5,candidate,647,1280,720,1920,1080,11.2026,12.3913,9.78125,1,1,0,0,0,0
1080,5,candidate,648,1280,720,1920,1080,11.3807,12.2678,9.82221,1,1,0,0,0,0
1080,5,candidate,649,1280,720,1920,1080,11.2599,12.2136,9.88467,1,1,0,0,0,0
1080,5,candidate,650,1280,720,1920,1080,11.3152,12.2617,9.67578,1,1,0,0,0,0
1080,5,candidate,651,1280,720,1920,1080,11.262,12.6014,9.89082,1,1,0,0,0,0
1080,5,candidate,652,1280,720,1920,1080,10.069,11.0091,8.69478,1,1,0,0,0,0
1080,5,candidate,653,1280,720,1920,1080,10.9138,12.8627,8.6057,1,1,0,0,0,0
1080,5,candidate,654,1280,720,1920,1080,11.4401,12.3214,9.88774,1,1,0,0,0,0
1080,5,candidate,655,1280,720,1920,1080,10.8042,11.9871,9.42797,1,1,0,0,0,0
1080,5,candidate,656,1280,720,1920,1080,11.2957,12.2595,9.91949,1,1,0,0,0,0
1080,5,candidate,657,1280,720,1920,1080,11.2026,12.2582,9.82528,1,1,0,0,0,0
1080,5,candidate,658,1280,720,1920,1080,11.2445,12.2071,9.86726,1,1,0,0,0,0
1080,5,candidate,659,1280,720,1920,1080,11.2005,12.2162,9.80787,1,1,0,0,0,0
1080,5,candidate,660,1280,720,1920,1080,11.5384,12.4809,10.1581,1,1,0,0,0,0
1080,5,candidate,661,1280,720,1920,1080,11.2876,12.1923,9.91334,1,1,0,0,0,0
1080,5,candidate,662,1280,720,1920,1080,11.2947,12.2136,9.91744,1,1,0,0,0,0
1080,5,candidate,663,1280,720,1920,1080,11.3275,12.3943,9.9543,1,1,0,0,0,0
1080,5,candidate,664,1280,720,1920,1080,11.4135,12.4621,9.76998,1,1,0,0,0,0
1080,5,candidate,665,1280,720,1920,1080,11.306,12.5818,9.93485,1,1,0,0,0,0
1080,5,candidate,666,1280,720,1920,1080,11.2056,12.343,9.77818,1,1,0,0,0,0
1080,5,candidate,667,1280,720,1920,1080,11.0428,12.149,9.65837,1,1,0,0,0,0
1080,5,candidate,668,1280,720,1920,1080,10.9486,12.1324,9.5703,1,1,0,0,0,0
1080,5,candidate,669,1280,720,1920,1080,11.3029,12.2317,9.92768,1,1,0,0,0,0
1080,5,candidate,670,1280,720,1920,1080,11.1944,12.4214,9.81709,1,1,0,0,0,0
1080,5,candidate,671,1280,720,1920,1080,11.2753,12.4044,9.61741,1,1,0,0,0,0
1080,5,candidate,672,1280,720,1920,1080,11.2507,12.6975,9.87443,1,1,0,0,0,0
1080,5,candidate,673,1280,720,1920,1080,11.2241,12.6335,9.85088,1,1,0,0,0,0
1080,5,candidate,674,1280,720,1920,1080,11.5323,12.6108,9.89798,1,1,0,0,0,0
1080,5,candidate,675,1280,720,1920,1080,11.2712,12.3503,9.64096,1,1,0,0,0,0
1080,5,candidate,676,1280,720,1920,1080,11.1432,12.4525,9.76486,1,1,0,0,0,0
1080,5,candidate,677,1280,720,1920,1080,11.4135,12.494,9.72083,1,1,0,0,0,0
1080,5,candidate,678,1280,720,1920,1080,11.2435,12.2524,9.60307,1,1,0,0,0,0
1080,5,candidate,679,1280,720,1920,1080,11.2722,12.2264,9.64096,1,1,0,0,0,0
1080,5,candidate,680,1280,720,1920,1080,11.2364,12.4999,9.85805,1,1,0,0,0,0
1080,5,candidate,681,1280,720,1920,1080,11.3172,12.3285,9.77203,1,1,0,0,0,0
1080,5,candidate,682,1280,720,1920,1080,11.392,12.4648,10.0168,1,1,0,0,0,0
1080,5,candidate,683,1280,720,1920,1080,11.2527,12.5786,9.87853,1,1,0,0,0,0
1080,5,candidate,684,1280,720,1920,1080,11.6265,12.5928,9.98707,1,1,0,0,0,0
1080,5,candidate,685,1280,720,1920,1080,11.2824,12.3903,9.64198,1,1,0,0,0,0
1080,5,candidate,686,1280,720,1920,1080,11.1667,12.649,9.78944,1,1,0,0,0,0
1080,5,candidate,687,1280,720,1920,1080,11.8026,12.8486,10.0977,1,1,0,0,0,0
1080,5,candidate,688,1280,720,1920,1080,11.2527,12.2791,9.61229,1,1,0,0,0,0
1080,5,candidate,689,1280,720,1920,1080,11.2189,12.4647,9.84474,1,1,0,0,0,0
1080,5,candidate,690,1280,720,1920,1080,11.2148,12.5218,9.83757,1,1,0,0,0,0
1080,5,candidate,691,1280,720,1920,1080,11.3725,12.4762,9.72902,1,1,0,0,0,0
1080,5,candidate,692,1280,720,1920,1080,11.2497,12.2924,9.60819,1,1,0,0,0,0
1080,5,candidate,693,1280,720,1920,1080,11.2599,12.4978,9.88877,1,1,0,0,0,0
1080,5,candidate,694,1280,720,1920,1080,11.2773,12.6358,9.63789,1,1,0,0,0,0
1080,5,candidate,695,1280,720,1920,1080,11.2937,12.4671,9.65837,1,1,0,0,0,0
1080,5,candidate,696,1280,720,1920,1080,11.519,12.5054,9.85805,1,1,0,0,0,0
1080,5,candidate,697,1280,720,1920,1080,11.4452,12.5544,9.80685,1,1,0,0,0,0
1080,5,candidate,698,1280,720,1920,1080,11.3326,12.6002,9.69523,1,1,0,0,0,0
1080,5,candidate,699,1280,720,1920,1080,11.522,12.627,9.87546,1,1,0,0,0,0
1080,5,candidate,700,1280,720,1920,1080,11.4729,12.5802,9.82733,1,1,0,0,0,0
1080,5,candidate,701,1280,720,1920,1080,11.4422,12.3493,9.79968,1,1,0,0,0,0
1080,5,candidate,702,1280,720,1920,1080,11.2978,12.2884,9.65939,1,1,0,0,0,0
1080,5,candidate,703,1280,720,1920,1080,11.436,12.5108,9.8007,1,1,0,0,0,0
1080,5,candidate,704,1280,720,1920,1080,11.4452,12.5016,9.79661,1,1,0,0,0,0
1080,5,candidate,705,1280,720,1920,1080,11.7135,12.9909,10.0526,1,1,0,0,0,0
1080,5,candidate,706,1280,720,1920,1080,11.4156,12.4537,9.76179,1,1,0,0,0,0
1080,5,candidate,707,1280,720,1920,1080,11.2701,12.321,9.89901,1,1,0,0,0,0
1080,5,candidate,708,1280,720,1920,1080,11.4483,12.4521,9.80685,1,1,0,0,0,0
1080,5,candidate,709,1280,720,1920,1080,11.2906,12.3049,9.64813,1,1,0,0,0,0
1080,5,candidate,710,1280,720,1920,1080,11.4934,12.5054,9.83654,1,1,0,0,0,0
1080,5,candidate,711,1280,720,1920,1080,11.4084,12.37,9.77306,1,1,0,0,0,0
1080,5,candidate,712,1280,720,1920,1080,11.179,12.3858,9.80275,1,1,0,0,0,0
1080,5,candidate,713,1280,720,1920,1080,11.5016,12.762,10.1263,1,1,0,0,0,0
1080,5,candidate,714,1280,720,1920,1080,11.4196,12.5377,9.7751,1,1,0,0,0,0
1080,5,candidate,715,1280,720,1920,1080,11.2445,12.2568,9.86931,1,1,0,0,0,0
1080,5,candidate,716,1280,720,1920,1080,11.4145,12.3696,9.76384,1,1,0,0,0,0
1080,5,candidate,717,1280,720,1920,1080,11.3428,12.5483,9.70035,1,1,0,0,0,0
1080,5,candidate,718,1280,720,1920,1080,11.4719,12.6049,9.82426,1,1,0,0,0,0
1080,5,candidate,719,1280,720,1920,1080,11.4217,12.3696,9.77408,1,1,0,0,0,0
1080,5,candidate,720,1280,720,1920,1080,11.4821,12.7089,9.83859,1,1,0,0,0,0
1080,5,candidate,721,1280,720,1920,1080,11.4227,12.4276,9.78637,1,1,0,0,0,0
1080,5,candidate,722,1280,720,1920,1080,11.4371,12.4342,9.79866,1,1,0,0,0,0
1080,5,candidate,723,1280,720,1920,1080,11.4432,12.3864,9.8048,1,1,0,0,0,0
1080,5,candidate,724,1280,720,1920,1080,11.3029,12.2858,9.92461,1,1,0,0,0,0
1080,5,candidate,725,1280,720,1920,1080,11.4043,12.4899,9.76794,1,1,0,0,0,0
1080,5,candidate,726,1280,720,1920,1080,9.91437,10.9245,8.53811,1,1,0,0,0,0
1080,5,candidate,727,1280,720,1920,1080,9.38701,10.3363,8.01792,1,1,0,0,0,0
1080,5,candidate,728,1280,720,1920,1080,9.38086,10.2151,8.00461,1,1,0,0,0,0
1080,5,candidate,729,1280,720,1920,1080,12.9352,13.9174,11.5098,1,1,0,0,0,0
1080,5,candidate,730,1280,720,1920,1080,11.7197,12.6769,10.0639,1,1,0,0,0,0
1080,5,candidate,731,1280,720,1920,1080,11.1821,12.3636,9.80582,1,1,0,0,0,0
1080,5,candidate,732,1280,720,1920,1080,11.5077,12.5186,8.97946,1,1,0,0,0,0
1080,5,candidate,733,1280,720,1920,1080,11.263,12.1108,9.89184,1,1,0,0,0,0
1080,5,candidate,734,1280,720,1920,1080,11.2865,12.1946,9.66144,1,1,0,0,0,0
1080,5,candidate,735,1280,720,1920,1080,12.842,13.8253,11.2292,1,1,0,0,0,0
1080,5,candidate,736,1280,720,1920,1080,11.4801,13.0525,10.1007,1,1,0,0,0,0
1080,5,candidate,737,1280,720,1920,1080,11.5384,12.6276,10.1632,1,1,0,0,0,0
1080,5,candidate,738,1280,720,1920,1080,11.4033,12.3389,10.0229,1,1,0,0,0,0
1080,5,candidate,739,1280,720,1920,1080,11.4022,12.3868,10.028,1,1,0,0,0,0
1080,5,candidate,740,1280,720,1920,1080,11.4207,12.4109,10.0444,1,1,0,0,0,0
1080,5,candidate,741,1280,720,1920,1080,11.4391,12.4317,10.0628,1,1,0,0,0,0
1080,5,candidate,742,1280,720,1920,1080,11.2886,12.2334,9.91437,1,1,0,0,0,0
1080,5,candidate,743,1280,720,1920,1080,11.2794,12.2724,9.90515,1,1,0,0,0,0
1080,5,candidate,744,1280,720,1920,1080,11.4842,12.651,9.85395,1,1,0,0,0,0
1080,5,candidate,745,1280,720,1920,1080,11.305,12.2995,9.93075,1,1,0,0,0,0
1080,5,candidate,746,1280,720,1920,1080,11.4452,12.5312,9.81094,1,1,0,0,0,0
1080,5,candidate,747,1280,720,1920,1080,11.2845,12.294,9.91027,1,1,0,0,0,0
1080,5,candidate,748,1280,720,1920,1080,11.5978,12.7488,9.95226,1,1,0,0,0,0
1080,5,candidate,749,1280,720,1920,1080,11.306,12.4165,9.9328,1,1,0,0,0,0
1080,5,candidate,750,1280,720,1920,1080,11.2671,12.2137,9.88877,1,1,0,0,0,0
1080,5,candidate,751,1280,720,1920,1080,11.4422,12.4004,9.79866,1,1,0,0,0,0
1080,5,candidate,752,1280,720,1920,1080,11.4289,12.3474,9.80685,1,1,0,0,0,0
1080,5,candidate,753,1280,720,1920,1080,11.2497,12.1712,9.62867,1,1,0,0,0,0
1080,5,candidate,754,1280,720,1920,1080,11.4719,12.4244,9.8345,1,1,0,0,0,0
1080,5,candidate,755,1280,720,1920,1080,11.2579,12.2156,9.61331,1,1,0,0,0,0
1080,5,candidate,756,1280,720,1920,1080,11.2415,12.606,9.86419,1,1,0,0,0,0
1080,5,candidate,757,1280,720,1920,1080,11.8036,13.7835,10.1652,1,1,0,0,0,0
1080,5,candidate,758,1280,720,1920,1080,11.2916,12.3615,9.91232,1,1,0,0,0,0
1080,5,candidate,759,1280,720,1920,1080,11.2896,12.3198,9.91539,1,1,0,0,0,0
1080,5,candidate,760,1280,720,1920,1080,11.2814,12.2017,9.9031,1,1,0,0,0,0
1080,5,candidate,761,1280,720,1920,1080,11.4616,12.4741,9.83859,1,1,0,0,0,0
1080,5,candidate,762,1280,720,1920,1080,11.4606,12.5911,9.83245,1,1,0,0,0,0
1080,5,candidate,763,1280,720,1920,1080,11.4196,12.4598,9.79046,1,1,0,0,0,0
1080,5,candidate,764,1280,720,1920,1080,11.2712,12.2054,9.89184,1,1,0,0,0,0
1080,5,candidate,765,1280,720,1920,1080,11.5507,12.6057,9.9113,1,1,0,0,0,0
1080,5,candidate,766,1280,720,1920,1080,11.3818,12.3513,9.75667,1,1,0,0,0,0
1080,5,candidate,767,1280,720,1920,1080,11.5057,12.5706,9.88262,1,1,0,0,0,0
1080,5,candidate,768,1280,720,1920,1080,11.4278,12.3897,9.80275,1,1,0,0,0,0
1080,5,candidate,769,1280,720,1920,1080,11.4524,12.3984,9.83245,1,1,0,0,0,0
1080,5,candidate,770,1280,720,1920,1080,11.264,12.2262,9.64608,1,1,0,0,0,0
1080,5,candidate,771,1280,720,1920,1080,11.35,12.3803,9.63277,1,1,0,0,0,0
1080,5,candidate,772,1280,720,1920,1080,11.3449,13.4985,9.96659,1,1,0,0,0,0
1080,5,candidate,773,1280,720,1920,1080,11.2998,12.4987,9.92666,1,1,0,0,0,0
1080,5,candidate,774,1280,720,1920,1080,11.478,12.5174,10.1018,1,1,0,0,0,0
1080,5,candidate,775,1280,720,1920,1080,11.2957,12.2268,9.92358,1,1,0,0,0,0
1080,5,candidate,776,1280,720,1920,1080,11.2701,12.2755,9.89389,1,1,0,0,0,0
1080,5,candidate,777,1280,720,1920,1080,11.2712,12.2244,9.89798,1,1,0,0,0,0
1080,5,candidate,778,1280,720,1920,1080,11.4422,12.3754,9.79968,1,1,0,0,0,0
1080,5,candidate,779,1280,720,1920,1080,11.4401,12.5444,9.8048,1,1,0,0,0,0
1080,5,candidate,780,1280,720,1920,1080,11.2906,12.279,9.65222,1,1,0,0,0,0
1080,5,candidate,781,1280,720,1920,1080,11.4299,12.4658,9.78842,1,1,0,0,0,0
1080,5,candidate,782,1280,720,1920,1080,11.4391,12.3921,9.79558,1,1,0,0,0,0
1080,5,candidate,783,1280,720,1920,1080,11.434,12.6063,9.78842,1,1,0,0,0,0
1080,5,candidate,784,1280,720,1920,1080,11.3172,12.3545,9.67475,1,1,0,0,0,0
1080,5,candidate,785,1280,720,1920,1080,11.4493,12.4157,9.79968,1,1,0,0,0,0
1080,5,candidate,786,1280,720,1920,1080,11.4258,12.3645,9.76486,1,1,0,0,0,0
1080,5,candidate,787,1280,720,1920,1080,11.2957,12.3923,9.66042,1,1,0,0,0,0
1080,5,candidate,788,1280,720,1920,1080,11.2415,12.2187,9.60205,1,1,0,0,0,0
1080,5,candidate,789,1280,720,1920,1080,11.3797,12.7457,10.0086,1,1,0,0,0,0
1080,5,candidate,790,1280,720,1920,1080,11.3275,12.3318,9.66554,1,1,0,0,0,0
1080,5,candidate,791,1280,720,1920,1080,11.3039,12.3499,9.67066,1,1,0,0,0,0
1080,5,candidate,792,1280,720,1920,1080,11.2835,12.356,9.6297,1,1,0,0,0,0
1080,5,candidate,793,1280,720,1920,1080,11.2476,12.541,9.87443,1,1,0,0,0,0
1080,5,candidate,794,1280,720,1920,1080,11.2691,12.6966,9.89594,1,1,0,0,0,0
1080,5,candidate,795,1280,720,1920,1080,11.22,12.4531,9.84576,1,1,0,0,0,0
1080,5,candidate,796,1280,720,1920,1080,11.3142,12.3003,9.65939,1,1,0,0,0,0
1080,5,candidate,797,1280,720,1920,1080,11.2886,12.2337,9.65018,1,1,0,0,0,0
1080,5,candidate,798,1280,720,1920,1080,11.2445,12.5563,9.86624,1,1,0,0,0,0
1080,5,candidate,799,1280,720,1920,1080,11.2271,12.66,9.856,1,1,0,0,0,0
1080,5,candidate,800,1280,720,1920,1080,11.2783,12.3929,9.63072,1,1,0,0,0,0
1080,5,candidate,801,1280,720,1920,1080,11.18,12.4385,9.80685,1,1,0,0,0,0
1080,5,candidate,802,1280,720,1920,1080,11.1657,13.0123,9.73824,1,1,0,0,0,0
1080,5,candidate,803,1280,720,1920,1080,11.1974,12.4682,8.54733,1,1,0,0,0,0
1080,5,candidate,804,1280,720,1920,1080,11.263,12.2179,9.88774,1,1,0,0,0,0
1080,5,candidate,805,1280,720,1920,1080,11.2507,12.199,9.61536,1,1,0,0,0,0
1080,5,candidate,806,1280,720,1920,1080,11.2763,12.2326,9.63686,1,1,0,0,0,0
1080,5,candidate,807,1280,720,1920,1080,11.5589,12.4546,9.9287,1,1,0,0,0,0
1080,5,candidate,808,1280,720,1920,1080,11.2015,12.3828,9.82733,1,1,0,0,0,0
1080,5,candidate,809,1280,720,1920,1080,11.4074,13.3487,10.0311,1,1,0,0,0,0
1080,5,candidate,810,1280,720,1920,1080,11.5794,12.5308,9.9543,1,1,0,0,0,0
1080,5,candidate,811,1280,720,1920,1080,11.2589,12.1644,9.62458,1,1,0,0,0,0
1080,5,candidate,812,1280,720,1920,1080,11.3592,12.4413,9.63994,1,1,0,0,0,0
1080,5,candidate,813,1280,720,1920,1080,11.1903,12.5819,9.81709,1,1,0,0,0,0
1080,5,candidate,814,1280,720,1920,1080,11.2548,12.9091,9.87853,1,1,0,0,0,0
1080,5,candidate,815,1280,720,1920,1080,11.4534,12.4924,10.0782,1,1,0,0,0,0
1080,5,candidate,816,1280,720,1920,1080,11.4248,12.4583,9.78227,1,1,0,0,0,0
1080,5,candidate,817,1280,720,1920,1080,11.3459,12.3479,9.71366,1,1,0,0,0,0
1080,5,candidate,818,1280,720,1920,1080,11.2855,12.316,9.63686,1,1,0,0,0,0
1080,5,candidate,819,1280,720,1920,1080,11.2579,12.6354,9.88262,1,1,0,0,0,0
1080,5,candidate,820,1280,720,1920,1080,9.90003,11.0737,8.52275,1,1,0,0,0,0
1080,5,candidate,821,1280,720,1920,1080,11.2763,12.2196,9.90515,1,1,0,0,0,0
1080,5,candidate,822,1280,720,1920,1080,11.2855,12.2374,9.90515,1,1,0,0,0,0
1080,5,candidate,823,1280,720,1920,1080,11.1114,12.248,9.73824,1,1,0,0,0,0
1080,5,candidate,824,1280,720,1920,1080,11.2568,12.1731,9.64198,1,1,0,0,0,0
1080,5,candidate,825,1280,720,1920,1080,10.9588,12.0523,9.58259,1,1,0,0,0,0
1080,5,candidate,826,1280,720,1920,1080,11.5497,12.5815,10.1724,1,1,0,0,0,0
1080,5,candidate,827,1280,720,1920,1080,11.1063,12.3448,9.71571,1,1,0,0,0,0
1080,5,candidate,828,1280,720,1920,1080,11.2886,12.3165,9.9113,1,1,0,0,0,0
1080,5,candidate,829,1280,720,1920,1080,11.2722,12.3006,9.90003,1,1,0,0,0,0
1080,5,candidate,830,1280,720,1920,1080,11.0479,12.157,9.63482,1,1,0,0,0,0
1080,5,candidate,831,1280,720,1920,1080,11.2599,12.1085,9.71878,1,1,0,0,0,0
1080,5,candidate,832,1280,720,1920,1080,11.1667,12.2844,8.5289,1,1,0,0,0,0
1080,5,candidate,833,1280,720,1920,1080,11.2517,12.3139,8.59648,1,1,0,0,0,0
1080,5,candidate,834,1280,720,1920,1080,11.2271,12.2185,9.84781,1,1,0,0,0,0
1080,5,candidate,835,1280,720,1920,1080,11.394,12.401,9.74848,1,1,0,0,0,0
1080,5,candidate,836,1280,720,1920,1080,11.2466,12.6634,9.87136,1,1,0,0,0,0
1080,5,candidate,837,1280,720,1920,1080,11.2886,12.6143,9.65222,1,1,0,0,0,0
1080,5,candidate,838,1280,720,1920,1080,11.4248,12.5161,9.77613,1,1,0,0,0,0
1080,5,candidate,839,1280,720,1920,1080,11.306,12.4662,9.66656,1,1,0,0,0,0
1080,5,candidate,840,1280,720,1920,1080,11.265,12.3578,9.62253,1,1,0,0,0,0
1080,5,candidate,841,1280,720,1920,1080,11.262,12.3148,9.6256,1,1,0,0,0,0
1080,5,candidate,842,1280,720,1920,1080,11.2404,12.5668,9.86112,1,1,0,0,0,0
1080,5,candidate,843,1280,720,1920,1080,11.2005,12.2932,9.63789,1,1,0,0,0,0
1080,5,candidate,844,1280,720,1920,1080,11.4299,12.4464,10.0516,1,1,0,0,0,0
1080,5,candidate,845,1280,720,1920,1080,11.2701,12.1776,9.64813,1,1,0,0,0,0
1080,5,candidate,846,1280,720,1920,1080,11.262,12.4962,9.88365,1,1,0,0,0,0
1080,5,candidate,847,1280,720,1920,1080,11.2189,12.4951,9.84371,1,1,0,0,0,0
1080,5,candidate,848,1280,720,1920,1080,11.4668,12.387,9.91334,1,1,0,0,0,0
1080,5,candidate,849,1280,720,1920,1080,11.4371,12.5387,10.0639,1,1,0,0,0,0
1080,5,candidate,850,1280,720,1920,1080,11.2005,12.616,9.82221,1,1,0,0,0,0
1080,5,candidate,851,1280,720,1920,1080,11.2466,12.88,9.87443,1,1,0,0,0,0
1080,5,candidate,852,1280,720,1920,1080,9.76794,10.9222,8.39168,1,1,0,0,0,0
1080,5,candidate,853,1280,720,1920,1080,9.41158,10.4243,8.04045,1,1,0,0,0,0
1080,5,candidate,854,1280,720,1920,1080,11.0858,11.9474,9.70854,1,1,0,0,0,0
1080,5,candidate,855,1280,720,1920,1080,11.263,12.2414,9.61434,1,1,0,0,0,0
1080,5,candidate,856,1280,720,1920,1080,11.2988,12.4726,9.65939,1,1,0,0,0,0
1080,5,candidate,857,1280,720,1920,1080,11.2384,12.4282,9.66349,1,1,0,0,0,0
1080,5,candidate,858,1280,720,1920,1080,11.4412,12.4157,10.0639,1,1,0,0,0,0
1080,5,candidate,859,1280,720,1920,1080,11.2804,12.2171,9.64403,1,1,0,0,0,0
1080,5,candidate,860,1280,720,1920,1080,11.2077,12.4259,9.83142,1,1,0,0,0,0
1080,5,candidate,861,1280,720,1920,1080,11.4176,12.5279,10.0424,1,1,0,0,0,0
1080,5,candidate,862,1280,720,1920,1080,11.4647,12.3945,9.83347,1,1,0,0,0,0
1080,5,candidate,863,1280,720,1920,1080,11.2353,12.7902,9.86317,1,1,0,0,0,0
1080,5,candidate,864,1280,720,1920,1080,11.3357,12.3774,9.95328,1,1,0,0,0,0
1080,5,candidate,865,1280,720,1920,1080,11.5333,12.6051,10.1396,1,1,0,0,0,0
1080,5,candidate,866,1280,720,1920,1080,11.0356,12.1982,8.37837,1,1,0,0,0,0
1080,5,candidate,867,1280,720,1920,1080,11.0848,12.3264,8.42445,1,1,0,0,0,0
1080,5,candidate,868,1280,720,1920,1080,11.3787,12.4837,10.0045,1,1,0,0,0,0
1080,5,candidate,869,1280,720,1920,1080,11.4135,12.4944,10.0362,1,1,0,0,0,0
1080,5,candidate,870,1280,720,1920,1080,11.2589,12.5289,9.87853,1,1,0,0,0,0
1080,5,candidate,871,1280,720,1920,1080,11.2476,12.562,9.87341,1,1,0,0,0,0
1080,5,candidate,872,1280,720,1920,1080,11.2998,12.3462,9.6553,1,1,0,0,0,0
1080,5,candidate,873,1280,720,1920,1080,11.3797,12.4691,10.0045,1,1,0,0,0,0
1080,5,candidate,874,1280,720,1920,1080,11.4176,12.4226,10.0383,1,1,0,0,0,0
1080,5,candidate,875,1280,720,1920,1080,11.2579,12.3847,9.88365,1,1,0,0,0,0
1080,5,candidate,876,1280,720,1920,1080,11.3162,12.3524,9.93894,1,1,0,0,0,0
1080,5,candidate,877,1280,720,1920,1080,11.0879,12.5858,9.71366,1,1,0,0,0,0
1080,5,candidate,878,1280,720,1920,1080,11.2701,12.5252,9.89594,1,1,0,0,0,0
1080,5,candidate,879,1280,720,1920,1080,11.4176,12.6563,10.0444,1,1,0,0,0,0
1080,5,candidate,880,1280,720,1920,1080,12.3679,13.778,10.9896,1,1,0,0,0,0
1080,5,candidate,881,1280,720,1920,1080,11.4647,12.5832,10.0874,1,1,0,0,0,0
1080,5,candidate,882,1280,720,1920,1080,11.3531,12.2513,9.97376,1,1,0,0,0,0
1080,5,candidate,883,1280,720,1920,1080,11.4442,12.5415,9.79968,1,1,0,0,0,0
1080,5,candidate,884,1280,720,1920,1080,11.4555,12.4279,9.81914,1,1,0,0,0,0
1080,5,candidate,885,1280,720,1920,1080,11.5036,12.612,9.86522,1,1,0,0,0,0
1080,5,candidate,886,1280,720,1920,1080,11.4575,12.4523,9.80582,1,1,0,0,0,0
1080,5,candidate,887,1280,720,1920,1080,11.2691,12.2384,9.89286,1,1,0,0,0,0
1080,5,candidate,888,1280,720,1920,1080,11.4883,12.6138,9.85088,1,1,0,0,0,0
1080,5,candidate,889,1280,720,1920,1080,11.5118,12.5594,9.86931,1,1,0,0,0,0
1080,5,candidate,890,1280,720,1920,1080,11.2794,12.308,9.9031,1,1,0,0,0,0
1080,5,candidate,891,1280,720,1920,1080,11.4678,12.5051,9.83245,1,1,0,0,0,0
1080,5,candidate,892,1280,720,1920,1080,11.263,12.3294,9.8857,1,1,0,0,0,0
1080,5,candidate,893,1280,720,1920,1080,11.2773,12.3674,9.9031,1,1,0,0,0,0
1080,5,candidate,894,1280,720,1920,1080,11.4637,12.5051,9.80992,1,1,0,0,0,0
1080,5,candidate,895,1280,720,1920,1080,11.5968,12.6704,9.96045,1,1,0,0,0,0
1080,5,candidate,896,1280,720,1920,1080,11.4801,12.5208,9.7536,1,1,0,0,0,0
1080,5,candidate,897,1280,720,1920,1080,11.2599,12.2307,9.88365,1,1,0,0,0,0
1080,5,candidate,898,1280,720,1920,1080,11.4166,12.5155,9.76896,1,1,0,0,0,0
1080,5,candidate,899,1280,720,1920,1080,11.478,12.462,9.81709,1,1,0,0,0,0
1080,5,candidate,900,1280,720,1920,1080,11.9839,12.9415,10.5953,1,1,0,0,0,0
1080,5,candidate,901,1280,720,1920,1080,11.4657,12.5307,9.84064,1,1,0,0,0,0
1080,5,candidate,902,1280,720,1920,1080,11.4412,12.4543,10.0639,1,1,0,0,0,0
1080,5,candidate,903,1280,720,1920,1080,9.7239,10.7089,8.35072,1,1,0,0,0,0
1080,5,candidate,904,1280,720,1920,1080,12.6382,13.6384,11.2271,1,1,0,0,0,0
1080,5,candidate,905,1280,720,1920,1080,11.7299,12.6923,10.0966,1,1,0,0,0,0
1080,5,candidate,906,1280,720,1920,1080,9.88365,10.8453,8.50739,1,1,0,0,0,0
1080,5,candidate,907,1280,720,1920,1080,11.1913,12.1089,9.81709,1,1,0,0,0,0
1080,5,candidate,908,1280,720,1920,1080,11.2292,12.3703,9.84986,1,1,0,0,0,0
1080,5,candidate,909,1280,720,1920,1080,11.2589,12.2454,9.88365,1,1,0,0,0,0
1080,5,candidate,910,1280,720,1920,1080,11.2538,12.2991,9.8775,1,1,0,0,0,0
1080,5,candidate,911,1280,720,1920,1080,11.4309,12.3493,10.0557,1,1,0,0,0,0
1080,5,candidate,912,1280,720,1920,1080,11.008,12.0922,9.62458,1,1,0,0,0,0
1080,5,candidate,913,1280,720,1920,1080,11.4094,12.4291,10.0352,1,1,0,0,0,0
1080,5,candidate,914,1280,720,1920,1080,11.2435,12.307,9.86522,1,1,0,0,0,0
1080,5,candidate,915,1280,720,1920,1080,11.4698,12.4109,10.0925,1,1,0,0,0,0
1080,5,candidate,916,1280,720,1920,1080,11.4596,12.4823,10.0792,1,1,0,0,0,0
1080,5,candidate,917,1280,720,1920,1080,11.4514,12.6205,10.0772,1,1,0,0,0,0
1080,5,candidate,918,1280,720,1920,1080,11.3439,12.3377,9.96557,1,1,0,0,0,0
1080,5,candidate,919,1280,720,1920,1080,11.8835,12.8179,10.2441,1,1,0,0,0,0
1080,5,candidate,920,1280,720,1920,1080,11.8016,12.8071,10.1806,1,1,0,0,0,0
1080,5,candidate,921,1280,720,1920,1080,10.9773,12.0544,9.60307,1,1,0,0,0,0
1080,5,candidate,922,1280,720,1920,1080,11.3295,12.3237,9.95123,1,1,0,0,0,0
1080,5,candidate,923,1280,720,1920,1080,11.4801,12.4159,10.1059,1,1,0,0,0,0
1080,5,candidate,924,1280,720,1920,1080,11.4678,12.411,10.0905,1,1,0,0,0,0
1080,5,candidate,925,1280,720,1920,1080,11.4698,12.5959,10.0936,1,1,0,0,0,0
1080,5,candidate,926,1280,720,1920,1080,11.4719,12.4485,10.0925,1,1,0,0,0,0
1080,5,candidate,927,1280,720,1920,1080,11.4637,12.513,10.0895,1,1,0,0,0,0
1080,5,candidate,928,1280,720,1920,1080,11.3039,12.3266,9.88877,1,1,0,0,0,0
1080,5,candidate,929,1280,720,1920,1080,12.2685,13.1715,10.7233,1,1,0,0,0,0
1080,5,candidate,930,1280,720,1920,1080,11.2937,12.1649,9.67066,1,1,0,0,0,0
1080,5,candidate,931,1280,720,1920,1080,11.3039,12.2805,9.68499,1,1,0,0,0,0
1080,5,candidate,932,1280,720,1920,1080,11.2896,12.2081,9.9072,1,1,0,0,0,0
1080,5,candidate,933,1280,720,1920,1080,11.4678,12.4238,10.0936,1,1,0,0,0,0
1080,5,candidate,934,1280,720,1920,1080,11.2404,12.2271,9.86419,1,1,0,0,0,0
1080,5,candidate,935,1280,720,1920,1080,11.2824,12.4172,9.90618,1,1,0,0,0,0
1080,5,candidate,936,1280,720,1920,1080,11.2548,12.3258,9.87648,1,1,0,0,0,0
1080,5,candidate,937,1280,720,1920,1080,11.5548,12.6235,9.85498,1,1,0,0,0,0
1080,5,candidate,938,1280,720,1920,1080,11.3019,12.3431,9.92563,1,1,0,0,0,0
1080,5,candidate,939,1280,720,1920,1080,11.3162,12.2586,9.93997,1,1,0,0,0,0
1080,5,candidate,940,1280,720,1920,1080,11.4944,12.4535,9.86214,1,1,0,0,0,0
1080,5,candidate,941,1280,720,1920,1080,11.4463,12.3614,9.80992,1,1,0,0,0,0
1080,5,candidate,942,1280,720,1920,1080,11.3551,12.3891,9.80378,1,1,0,0,0,0
1080,5,candidate,943,1280,720,1920,1080,11.4391,12.5688,10.0639,1,1,0,0,0,0
1080,5,candidate,944,1280,720,1920,1080,11.2855,12.3418,9.90925,1,1,0,0,0,0
1080,5,candidate,945,1280,720,1920,1080,11.3224,12.475,9.65939,1,1,0,0,0,0
1080,5,candidate,946,1280,720,1920,1080,11.9675,13.0252,10.5789,1,1,0,0,0,0
1080,5,candidate,947,1280,720,1920,1080,11.3193,12.2948,9.94509,1,1,0,0,0,0
1080,5,candidate,948,1280,720,1920,1080,11.2824,12.3463,9.9031,1,1,0,0,0,0
1080,5,candidate,949,1280,720,1920,1080,11.4954,12.4264,9.85088,1,1,0,0,0,0
1080,5,candidate,950,1280,720,1920,1080,11.4842,12.5429,9.82528,1,1,0,0,0,0
1080,5,candidate,951,1280,720,1920,1080,11.5128,12.5354,9.86726,1,1,0,0,0,0
1080,5,candidate,952,1280,720,1920,1080,9.8775,10.8109,8.4992,1,1,0,0,0,0
1080,5,candidate,953,1280,720,1920,1080,12.4447,13.5752,11.0193,1,1,0,0,0,0
1080,5,candidate,954,1280,720,1920,1080,10.9691,12.068,9.58976,1,1,0,0,0,0
1080,5,candidate,955,1280,720,1920,1080,10.9896,12.0751,8.36301,1,1,0,0,0,0
1080,5,candidate,956,1280,720,1920,1080,11.4698,12.4083,9.81402,1,1,0,0,0,0
1080,5,candidate,957,1280,720,1920,1080,11.0705,12.252,9.69318,1,1,0,0,0,0
1080,5,candidate,958,1280,720,1920,1080,11.2558,12.4227,9.87853,1,1,0,0,0,0
1080,5,candidate,959,1280,720,1920,1080,11.1043,12.4611,9.728,1,1,0,0,0,0
1080,5,candidate,960,1280,720,1920,1080,11.2835,12.1935,9.90515,1,1,0,0,0,0
1080,5,candidate,961,1280,720,1920,1080,11.2466,12.2246,9.86931,1,1,0,0,0,0
1080,5,candidate,962,1280,720,1920,1080,11.0572,12.1769,9.6768,1,1,0,0,0,0
1080,5,candidate,963,1280,720,1920,1080,11.2527,12.1787,9.8775,1,1,0,0,0,0
1080,5,candidate,964,1280,720,1920,1080,11.0612,12.1871,9.67885,1,1,0,0,0,0
1080,5,candidate,965,1280,720,1920,1080,11.4504,12.3129,9.81606,1,1,0,0,0,0
1080,5,candidate,966,1280,720,1920,1080,11.4401,12.3816,10.0618,1,1,0,0,0,0
1080,5,candidate,967,1280,720,1920,1080,11.4616,12.3768,10.0854,1,1,0,0,0,0
1080,5,candidate,968,1280,720,1920,1080,9.80173,10.7585,8.42445,1,1,0,0,0,0
1080,5,candidate,969,1280,720,1920,1080,11.4012,12.2746,10.0239,1,1,0,0,0,0
1080,5,candidate,970,1280,720,1920,1080,11.1616,12.3691,9.78227,1,1,0,0,0,0
1080,5,candidate,971,1280,720,1920,1080,11.1534,12.4692,9.77818,1,1,0,0,0,0
1080,5,candidate,972,1280,720,1920,1080,11.0008,12.198,9.62048,1,1,0,0,0,0
1080,5,candidate,973,1280,720,1920,1080,11.4862,12.6627,10.1059,1,1,0,0,0,0
1080,5,candidate,974,1280,720,1920,1080,11.1892,12.4754,8.56474,1,1,0,0,0,0
1080,5,candidate,975,1280,720,1920,1080,11.862,12.8756,10.2328,1,1,0,0,0,0
1080,5,candidate,976,1280,720,1920,1080,11.1811,12.4373,9.8007,1,1,0,0,0,0
1080,5,candidate,977,1280,720,1920,1080,11.1718,12.3662,9.79456,1,1,0,0,0,0
1080,5,candidate,978,1280,720,1920,1080,11.3336,12.3728,8.71219,1,1,0,0,0,0
1080,5,candidate,979,1280,720,1920,1080,12.0832,13.0459,10.37,1,1,0,0,0,0
1080,5,candidate,980,1280,720,1920,1080,9.75053,10.6783,8.37325,1,1,0,0,0,0
1080,5,candidate,981,1280,720,1920,1080,11.3336,13.2587,9.9584,1,1,0,0,0,0
1080,5,candidate,982,1280,720,1920,1080,11.4514,12.4542,10.0721,1,1,0,0,0,0
1080,5,candidate,983,1280,720,1920,1080,11.306,12.2651,9.92768,1,1,0,0,0,0
1080,5,candidate,984,1280,720,1920,1080,9.87546,10.7681,8.49306,1,1,0,0,0,0
1080,5,candidate,985,1280,720,1920,1080,10.8114,13.4545,9.41363,1,1,0,0,0,0
1080,5,candidate,986,1280,720,1920,1080,11.564,12.5409,9.92358,1,1,0,0,0,0
1080,5,candidate,987,1280,720,1920,1080,11.2538,12.3889,9.87546,1,1,0,0,0,0
1080,5,candidate,988,1280,720,1920,1080,11.3039,12.3581,9.92154,1,1,0,0,0,0
1080,5,candidate,989,1280,720,1920,1080,11.2968,12.3011,9.91949,1,1,0,0,0,0
1080,5,candidate,990,1280,720,1920,1080,11.2988,12.2927,9.91949,1,1,0,0,0,0
1080,5,candidate,991,1280,720,1920,1080,11.4575,12.4455,10.0803,1,1,0,0,0,0
1080,5,candidate,992,1280,720,1920,1080,11.5087,12.5574,10.1263,1,1,0,0,0,0
1080,5,candidate,993,1280,720,1920,1080,11.4371,12.4218,10.0618,1,1,0,0,0,0
1080,5,candidate,994,1280,720,1920,1080,11.264,12.2438,9.88262,1,1,0,0,0,0
1080,5,candidate,995,1280,720,1920,1080,11.2865,12.2398,9.91334,1,1,0,0,0,0
1080,5,candidate,996,1280,720,1920,1080,11.477,12.3989,9.83654,1,1,0,0,0,0
1080,5,candidate,997,1280,720,1920,1080,11.4627,12.4217,9.8263,1,1,0,0,0,0
1080,5,candidate,998,1280,720,1920,1080,9.76691,10.7128,8.38963,1,1,0,0,0,0
1080,5,candidate,999,1280,720,1920,1080,12.7191,13.7741,11.3265,1,1,0,0,0,0
1080,5,candidate,1000,1280,720,1920,1080,10.9885,12.064,9.5529,1,1,0,0,0,0
1080,5,candidate,1001,1280,720,1920,1080,11.3674,12.3782,9.99322,1,1,0,0,0,0
1080,5,candidate,1002,1280,720,1920,1080,12.0863,13.0607,10.6947,1,1,0,0,0,0
1080,5,candidate,1003,1280,720,1920,1080,11.3644,12.3127,9.9881,1,1,0,0,0,0
1080,5,candidate,1004,1280,720,1920,1080,11.4586,12.3876,9.81402,1,1,0,0,0,0
1080,5,candidate,1005,1280,720,1920,1080,11.3592,12.4579,9.69933,1,1,0,0,0,0
1080,5,candidate,1006,1280,720,1920,1080,11.3019,12.3184,9.66349,1,1,0,0,0,0
1080,5,candidate,1007,1280,720,1920,1080,11.2876,12.297,9.65222,1,1,0,0,0,0
1080,5,candidate,1008,1280,720,1920,1080,11.265,12.7771,9.8857,1,1,0,0,0,0
1080,5,candidate,1009,1280,720,1920,1080,9.79456,11.3399,8.42035,1,1,0,0,0,0
1080,5,candidate,1010,1280,720,1920,1080,9.40237,10.4557,8.02406,1,1,0,0,0,0
1080,5,candidate,1011,1280,720,1920,1080,11.3828,12.2625,10.0076,1,1,0,0,0,0
1080,5,candidate,1012,1280,720,1920,1080,11.3142,12.4026,9.93075,1,1,0,0,0,0
1080,5,candidate,1013,1280,720,1920,1080,11.5272,12.5709,9.8775,1,1,0,0,0,0
1080,5,candidate,1014,1280,720,1920,1080,11.3152,12.3271,9.93485,1,1,0,0,0,0
1080,5,candidate,1015,1280,720,1920,1080,11.5405,12.6639,9.90208,1,1,0,0,0,0
1080,5,candidate,1016,1280,720,1920,1080,11.349,12.4126,9.96966,1,1,0,0,0,0
1080,5,candidate,1017,1280,720,1920,1080,11.2691,12.2236,9.89389,1,1,0,0,0,0
1080,5,candidate,1018,1280,720,1920,1080,11.3193,12.2611,9.9369,1,1,0,0,0,0
1080,5,candidate,1019,1280,720,1920,1080,11.4586,12.4018,9.81606,1,1,0,0,0,0
1080,5,candidate,1020,1280,720,1920,1080,11.6613,12.6693,9.88262,1,1,0,0,0,0
1080,5,candidate,1021,1280,720,1920,1080,11.4586,12.4647,9.82016,1,1,0,0,0,0
1080,5,candidate,1022,1280,720,1920,1080,11.4473,12.4238,9.8048,1,1,0,0,0,0
1080,5,candidate,1023,1280,720,1920,1080,11.5251,12.6014,9.87853,1,1,0,0,0,0
1080,5,candidate,1024,1280,720,1920,1080,11.4596,12.511,9.81811,1,1,0,0,0,0
1080,5,candidate,1025,1280,720,1920,1080,11.4248,12.4171,9.78125,1,1,0,0,0,0
1080,5,candidate,1026,1280,720,1920,1080,11.2978,12.3172,9.91642,1,1,0,0,0,0
1080,5,candidate,1027,1280,720,1920,1080,11.5005,12.6575,9.85907,1,1,0,0,0,0
1080,5,candidate,1028,1280,720,1920,1080,11.4903,12.5118,9.84678,1,1,0,0,0,0
1080,5,candidate,1029,1280,720,1920,1080,11.1985,12.4427,9.78432,1,1,0,0,0,0
1080,5,candidate,1030,1280,720,1920,1080,11.2159,12.1704,9.66963,1,1,0,0,0,0
1080,5,candidate,1031,1280,720,1920,1080,11.4504,12.4297,9.81811,1,1,0,0,0,0
1080,5,candidate,1032,1280,720,1920,1080,11.562,13.1498,9.9072,1,1,0,0,0,0
1080,5,candidate,1033,1280,720,1920,1080,11.3019,12.3909,9.92256,1,1,0,0,0,0
1080,5,candidate,1034,1280,720,1920,1080,11.2835,12.2161,9.90106,1,1,0,0,0,0
1080,5,candidate,1035,1280,720,1920,1080,11.5364,12.5245,9.89491,1,1,0,0,0,0
1080,5,candidate,1036,1280,720,1920,1080,11.5159,12.4736,9.85702,1,1,0,0,0,0
1080,5,candidate,1037,1280,720,1920,1080,11.5139,12.6407,9.86214,1,1,0,0,0,0
1080,5,candidate,1038,1280,720,1920,1080,11.3101,12.2354,9.92666,1,1,0,0,0,0
1080,5,candidate,1039,1280,720,1920,1080,11.4821,12.4237,9.83757,1,1,0,0,0,0
1080,5,candidate,1040,1280,720,1920,1080,11.5169,12.5365,9.85088,1,1,0,0,0,0
1080,5,candidate,1041,1280,720,1920,1080,11.5343,12.6927,9.88774,1,1,0,0,0,0
1080,5,candidate,1042,1280,720,1920,1080,11.477,12.6304,9.8304,1,1,0,0,0,0
1080,5,candidate,1043,1280,720,1920,1080,11.0336,12.1433,9.65632,1,1,0,0,0,0
1080,5,candidate,1044,1280,720,1920,1080,11.266,12.3338,9.88365,1,1,0,0,0,0
1080,5,candidate,1045,1280,720,1920,1080,11.4514,12.4317,9.82221,1,1,0,0,0,0
1080,5,candidate,1046,1280,720,1920,1080,11.4719,12.5157,9.82938,1,1,0,0,0,0
1080,5,candidate,1047,1280,720,1920,1080,11.4657,12.4825,9.83757,1,1,0,0,0,0
1080,5,candidate,1048,1280,720,1920,1080,11.4084,12.38,9.77613,1,1,0,0,0,0
1080,5,candidate,1049,1280,720,1920,1080,11.4883,12.6032,9.8601,1,1,0,0,0,0
1080,5,candidate,1050,1280,720,1920,1080,11.5395,12.5269,9.89491,1,1,0,0,0,0
1080,5,candidate,1051,1280,720,1920,1080,11.4596,12.4169,9.82938,1,1,0,0,0,0
1080,5,candidate,1052,1280,720,1920,1080,11.7002,12.7353,10.071,1,1,0,0,0,0
1080,5,candidate,1053,1280,720,1920,1080,11.4688,12.4074,9.84166,1,1,0,0,0,0
1080,5,candidate,1054,1280,720,1920,1080,11.4821,12.5319,9.8519,1,1,0,0,0,0
1080,5,candidate,1055,1280,720,1920,1080,11.4504,12.468,9.82118,1,1,0,0,0,0
1080,5,candidate,1056,1280,720,1920,1080,11.5261,12.562,9.89491,1,1,0,0,0,0
1080,5,candidate,1057,1280,720,1920,1080,14.5551,15.6171,13.1768,1,1,0,0,0,0
1080,5,candidate,1058,1280,720,1920,1080,11.5118,12.5957,9.8816,1,1,0,0,0,0
1080,5,candidate,1059,1280,720,1920,1080,11.2404,12.3175,9.67373,1,1,0,0,0,0
1080,5,candidate,1060,1280,720,1920,1080,11.4248,12.4604,10.0424,1,1,0,0,0,0
1080,5,candidate,1061,1280,720,1920,1080,9.74029,10.7227,8.3671,1,1,0,0,0,0
1080,5,candidate,1062,1280,720,1920,1080,9.39418,10.3112,8.0169,1,1,0,0,0,0
1080,5,candidate,1063,1280,720,1920,1080,11.8692,12.7207,10.1816,1,1,0,0,0,0
1080,5,candidate,1064,1280,720,1920,1080,11.3388,13.6567,9.9543,1,1,0,0,0,0
1080,5,candidate,1065,1280,720,1920,1080,11.1575,12.2201,9.78022,1,1,0,0,0,0
1080,5,candidate,1066,1280,720,1920,1080,11.5057,12.4579,9.86624,1,1,0,0,0,0
1080,5,candidate,1067,1280,720,1920,1080,11.2916,12.2218,9.91232,1,1,0,0,0,0
1080,5,candidate,1068,1280,720,1920,1080,11.349,12.2513,9.96966,1,1,0,0,0,0
1080,5,candidate,1069,1280,720,1920,1080,11.4739,12.4469,9.8345,1,1,0,0,0,0
1080,5,candidate,1070,1280,720,1920,1080,11.5231,12.6067,9.856,1,1,0,0,0,0
1080,5,candidate,1071,1280,720,1920,1080,11.2957,12.2503,9.91846,1,1,0,0,0,0
1080,5,candidate,1072,1280,720,1920,1080,11.3623,12.3519,9.70854,1,1,0,0,0,0
1080,5,candidate,1073,1280,720,1920,1080,11.5323,12.5729,9.86419,1,1,0,0,0,0
1080,5,candidate,1074,1280,720,1920,1080,11.305,12.2617,9.66144,1,1,0,0,0,0
1080,5,candidate,1075,1280,720,1920,1080,11.4002,12.4862,9.75974,1,1,0,0,0,0
1080,5,candidate,1076,1280,720,1920,1080,11.049,12.131,8.38656,1,1,0,0,0,0
1080,5,candidate,1077,1280,720,1920,1080,11.2138,12.2412,9.83552,1,1,0,0,0,0
1080,5,candidate,1078,1280,720,1920,1080,11.3695,12.4177,9.98502,1,1,0,0,0,0
1080,5,candidate,1079,1280,720,1920,1080,11.1862,12.4446,9.81094,1,1,0,0,0,0
1080,5,candidate,1080,1280,720,1920,1080,11.264,12.4878,9.61331,1,1,0,0,0,0
1080,5,candidate,1081,1280,720,1920,1080,11.2835,12.6748,9.90515,1,1,0,0,0,0
1080,5,candidate,1082,1280,720,1920,1080,11.3377,12.4372,9.6727,1,1,0,0,0,0
1080,5,candidate,1083,1280,720,1920,1080,11.2589,12.2106,9.6215,1,1,0,0,0,0
1080,5,candidate,1084,1280,720,1920,1080,11.2773,12.5794,9.89389,1,1,0,0,0,0
1080,5,candidate,1085,1280,720,1920,1080,11.1985,12.5801,9.82118,1,1,0,0,0,0
1080,5,candidate,1086,1280,720,1920,1080,9.89082,11.1178,8.51354,1,1,0,0,0,0
1080,5,candidate,1087,1280,720,1920,1080,12.6843,13.7395,10.3537,1,1,0,0,0,0
1080,5,candidate,1088,1280,720,1920,1080,11.6439,12.6814,9.99117,1,1,0,0,0,0
1080,5,candidate,1089,1280,720,1920,1080,11.2712,12.4698,9.89389,1,1,0,0,0,0
1080,5,candidate,1090,1280,720,1920,1080,11.2937,12.2848,9.64506,1,1,0,0,0,0
1080,5,candidate,1091,1280,720,1920,1080,11.1319,12.3657,9.75565,1,1,0,0,0,0
1080,5,candidate,1092,1280,720,1920,1080,11.2302,12.3967,9.84883,1,1,0,0,0,0
1080,5,candidate,1093,1280,720,1920,1080,11.4022,12.6542,10.025,1,1,0,0,0,0
1080,5,candidate,1094,1280,720,1920,1080,11.2978,12.3333,9.91334,1,1,0,0,0,0
1080,5,candidate,1095,1280,720,1920,1080,11.1534,12.3278,9.7751,1,1,0,0,0,0
1080,5,candidate,1096,1280,720,1920,1080,11.1114,12.5292,9.72902,1,1,0,0,0,0
1080,5,candidate,1097,1280,720,1920,1080,11.0131,12.5102,9.63686,1,1,0,0,0,0
1080,5,candidate,1098,1280,720,1920,1080,11.1063,12.6092,9.7239,1,1,0,0,0,0
1080,5,candidate,1099,1280,720,1920,1080,11.2558,12.5994,9.8775,1,1,0,0,0,0
1080,5,candidate,1100,1280,720,1920,1080,11.3285,12.6526,9.94816,1,1,0,0,0,0
1080,5,candidate,1101,1280,720,1920,1080,11.2742,12.4407,9.63072,1,1,0,0,0,0
1080,5,candidate,1102,1280,720,1920,1080,11.3111,12.3923,9.66861,1,1,0,0,0,0
1080,5,candidate,1103,1280,720,1920,1080,11.264,12.7625,9.88467,1,1,0,0,0,0
1080,5,candidate,1104,1280,720,1920,1080,11.522,12.8206,9.87341,1,1,0,0,0,0
1080,5,candidate,1105,1280,720,1920,1080,11.7494,12.8446,9.9328,1,1,0,0,0,0
1080,5,candidate,1106,1280,720,1920,1080,11.2968,12.3857,9.91334,1,1,0,0,0,0
1080,5,candidate,1107,1280,720,1920,1080,11.5016,12.5981,9.85907,1,1,0,0,0,0
1080,5,candidate,1108,1280,720,1920,1080,11.305,12.4511,9.92358,1,1,0,0,0,0
1080,5,candidate,1109,1280,720,1920,1080,11.4668,12.4592,9.82221,1,1,0,0,0,0
1080,5,candidate,1110,1280,720,1920,1080,11.5026,12.517,9.82016,1,1,0,0,0,0
1080,5,candidate,1111,1280,720,1920,1080,11.4708,12.4731,9.8048,1,1,0,0,0,0
1080,5,candidate,1112,1280,720,1920,1080,9.9113,11.2234,8.53094,1,1,0,0,0,0
1080,5,candidate,1113,1280,720,1920,1080,12.8512,14.0222,10.0362,1,1,0,0,0,0
1080,5,candidate,1114,1280,720,1920,1080,10.9844,12.0981,9.60512,1,1,0,0,0,0
1080,5,candidate,1115,1280,720,1920,1080,11.2927,12.2619,9.91539,1,1,0,0,0,0
1080,5,candidate,1116,1280,720,1920,1080,11.4934,12.4969,9.84781,1,1,0,0,0,0
1080,5,candidate,1117,1280,720,1920,1080,11.4545,12.363,9.82426,1,1,0,0,0,0
1080,5,candidate,1118,1280,720,1920,1080,11.4084,12.355,9.7792,1,1,0,0,0,0
1080,5,candidate,1119,1280,720,1920,1080,11.4698,12.4501,9.84474,1,1,0,0,0,0
1080,5,candidate,1120,1280,720,1920,1080,11.435,12.57,9.8048,1,1,0,0,0,0
1080,5,candidate,1121,1280,720,1920,1080,11.4688,12.5445,9.8345,1,1,0,0,0,0
1080,5,candidate,1122,1280,720,1920,1080,11.4831,12.4399,9.84576,1,1,0,0,0,0
1080,5,candidate,1123,1280,720,1920,1080,11.2722,12.2668,9.64301,1,1,0,0,0,0
1080,5,candidate,1124,1280,720,1920,1080,11.2947,12.241,9.65222,1,1,0,0,0,0
1080,5,candidate,1125,1280,720,1920,1080,11.2998,12.3092,9.66963,1,1,0,0,0,0
1080,5,candidate,1126,1280,720,1920,1080,11.2077,12.6215,9.82323,1,1,0,0,0,0
1080,5,candidate,1127,1280,720,1920,1080,11.862,13.4805,10.2318,1,1,0,0,0,0
1080,5,candidate,1128,1280,720,1920,1080,11.4811,12.5167,9.84781,1,1,0,0,0,0
1080,5,candidate,1129,1280,720,1920,1080,11.2886,12.2555,9.9072,1,1,0,0,0,0
1080,5,candidate,1130,1280,720,1920,1080,11.4371,12.3934,9.80787,1,1,0,0,0,0
1080,5,candidate,1131,1280,720,1920,1080,11.2886,12.3151,9.91027,1,1,0,0,0,0
1080,5,candidate,1132,1280,720,1920,1080,11.4237,12.319,9.79456,1,1,0,0,0,0
1080,5,candidate,1133,1280,720,1920,1080,11.5251,12.4832,9.89389,1,1,0,0,0,0
1080,5,candidate,1134,1280,720,1920,1080,11.3039,12.3362,9.67373,1,1,0,0,0,0
1080,5,candidate,1135,1280,720,1920,1080,11.3449,12.3456,9.71571,1,1,0,0,0,0
1080,5,candidate,1136,1280,720,1920,1080,11.2742,12.2547,9.64198,1,1,0,0,0,0
1080,5,candidate,1137,1280,720,1920,1080,11.3224,13.1858,9.94202,1,1,0,0,0,0
1080,5,candidate,1138,1280,720,1920,1080,11.5343,12.9162,9.90413,1,1,0,0,0,0
1080,5,candidate,1139,1280,720,1920,1080,11.2691,12.3289,9.88774,1,1,0,0,0,0
1080,5,candidate,1140,1280,720,1920,1080,11.3224,12.2228,9.9369,1,1,0,0,0,0
1080,5,candidate,1141,1280,720,1920,1080,9.8601,10.7689,8.48384,1,1,0,0,0,0
1080,5,candidate,1142,1280,720,1920,1080,12.4447,13.4999,11.0336,1,1,0,0,0,0
1080,5,candidate,1143,1280,720,1920,1080,11.1278,12.4057,9.7495,1,1,0,0,0,0
1080,5,candidate,1144,1280,720,1920,1080,11.2384,12.1915,9.67782,1,1,0,0,0,0
1080,5,candidate,1145,1280,720,1920,1080,11.4657,12.4183,10.0884,1,1,0,0,0,0
1080,5,candidate,1146,1280,720,1920,1080,11.2425,12.5861,9.85907,1,1,0,0,0,0
1080,5,candidate,1147,1280,720,1920,1080,11.2251,12.7471,9.84576,1,1,0,0,0,0
1080,5,candidate,1148,1280,720,1920,1080,11.6736,12.7756,10.026,1,1,0,0,0,0
1080,5,candidate,1149,1280,720,1920,1080,11.3603,12.4227,9.68806,1,1,0,0,0,0
1080,5,candidate,1150,1280,720,1920,1080,11.3029,12.3527,9.66349,1,1,0,0,0,0
1080,5,candidate,1151,1280,720,1920,1080,11.308,12.8536,9.9287,1,1,0,0,0,0
1080,5,candidate,1152,1280,720,1920,1080,11.436,12.5286,9.79046,1,1,0,0,0,0
1080,5,candidate,1153,1280,720,1920,1080,11.5169,12.6282,9.8601,1,1,0,0,0,0
1080,5,candidate,1154,1280,720,1920,1080,11.5354,12.5787,9.88058,1,1,0,0,0,0
1080,5,candidate,1155,1280,720,1920,1080,11.305,12.2937,9.92563,1,1,0,0,0,0
1080,5,candidate,1156,1280,720,1920,1080,11.5005,12.6049,9.83654,1,1,0,0,0,0
1080,5,candidate,1157,1280,720,1920,1080,11.4647,12.4571,9.81197,1,1,0,0,0,0
1080,5,candidate,1158,1280,720,1920,1080,11.5149,12.638,9.85498,1,1,0,0,0,0
1080,5,candidate,1159,1280,720,1920,1080,11.4913,12.5733,9.84064,1,1,0,0,0,0
1080,5,candidate,1160,1280,720,1920,1080,11.5067,12.503,9.84576,1,1,0,0,0,0
1080,5,candidate,1161,1280,720,1920,1080,11.2927,12.3006,9.91232,1,1,0,0,0,0
1080,5,candidate,1162,1280,720,1920,1080,11.5425,12.5666,9.89798,1,1,0,0,0,0
1080,5,candidate,1163,1280,720,1920,1080,11.4176,12.3816,9.77715,1,1,0,0,0,0
1080,5,candidate,1164,1280,720,1920,1080,11.4545,12.396,9.80685,1,1,0,0,0,0
1080,5,candidate,1165,1280,720,1920,1080,11.4586,12.4766,9.82016,1,1,0,0,0,0
1080,5,candidate,1166,1280,720,1920,1080,11.3674,12.5641,9.79456,1,1,0,0,0,0
1080,5,candidate,1167,1280,720,1920,1080,11.4135,12.4815,10.0332,1,1,0,0,0,0
1080,5,candidate,1168,1280,720,1920,1080,11.4821,12.4035,9.83347,1,1,0,0,0,0
1080,5,candidate,1169,1280,720,1920,1080,11.476,12.5335,9.81299,1,1,0,0,0,0
1080,5,candidate,1170,1280,720,1920,1080,11.5702,12.646,9.92666,1,1,0,0,0,0
1080,5,candidate,1171,1280,720,1920,1080,11.4678,12.5396,9.82938,1,1,0,0,0,0
1080,5,candidate,1172,1280,720,1920,1080,11.2968,12.3532,9.91437,1,1,0,0,0,0
1080,5,candidate,1173,1280,720,1920,1080,11.4575,12.5347,9.81811,1,1,0,0,0,0
1080,5,candidate,1174,1280,720,1920,1080,11.4596,12.4036,9.81402,1,1,0,0,0,0
1080,5,candidate,1175,1280,720,1920,1080,11.1974,12.189,9.81811,1,1,0,0,0,0
1080,5,candidate,1176,1280,720,1920,1080,11.5087,12.5746,10.1253,1,1,0,0,0,0
1080,5,candidate,1177,1280,720,1920,1080,11.476,12.5427,9.82938,1,1,0,0,0,0
1080,5,candidate,1178,1280,720,1920,1080,11.3971,12.4116,9.75565,1,1,0,0,0,0
1080,5,candidate,1179,1280,720,1920,1080,11.4432,12.5185,9.8048,1,1,0,0,0,0
1080,5,candidate,1180,1280,720,1920,1080,11.6019,12.6509,9.93792,1,1,0,0,0,0
1080,5,candidate,1181,1280,720,1920,1080,11.479,12.6316,9.83245,1,1,0,0,0,0
1080,5,candidate,1182,1280,720,1920,1080,11.4319,12.4403,9.7792,1,1,0,0,0,0
1080,5,candidate,1183,1280,720,1920,1080,11.3142,12.3471,9.9369,1,1,0,0,0,0
1080,5,candidate,1184,1280,720,1920,1080,11.2497,12.1749,9.86624,1,1,0,0,0,0
1080,5,candidate,1185,1280,720,1920,1080,11.5671,12.7539,9.89901,1,1,0,0,0,0
1080,5,candidate,1186,1280,720,1920,1080,11.1432,12.2531,9.76384,1,1,0,0,0,0
1080,5,candidate,1187,1280,720,1920,1080,9.75053,10.6811,8.3753,1,1,0,0,0,0
1080,5,candidate,1188,1280,720,1920,1080,11.5855,12.5167,10.2031,1,1,0,0,0,0
1080,5,candidate,1189,1280,720,1920,1080,11.3449,12.3583,9.63482,1,1,0,0,0,0
1080,5,candidate,1190,1280,720,1920,1080,11.5016,13.3171,9.18426,1,1,0,0,0,0
1080,5,candidate,1191,1280,720,1920,1080,11.434,12.3652,9.79149,1,1,0,0,0,0
1080,5,candidate,1192,1280,720,1920,1080,11.1821,12.4127,9.8007,1,1,0,0,0,0
1080,5,candidate,1193,1280,720,1920,1080,11.0264,12.291,9.64813,1,1,0,0,0,0
1080,5,candidate,1194,1280,720,1920,1080,11.0807,12.4728,9.69933,1,1,0,0,0,0
1080,5,candidate,1195,1280,720,1920,1080,9.93075,11.0086,8.55347,1,1,0,0,0,0
1080,5,candidate,1196,1280,720,1920,1080,9.40749,10.4191,8.02918,1,1,0,0,0,0
1080,5,candidate,1197,1280,720,1920,1080,11.1165,11.9886,9.73824,1,1,0,0,0,0
1080,5,candidate,1198,1280,720,1920,1080,11.2517,12.2212,9.87034,1,1,0,0,0,0
1080,5,candidate,1199,1280,720,1920,1080,11.0295,12.1066,9.65222,1,1,0,0,0,0
1080,6,candidate,300,1280,720,1920,1080,11.4637,12.3983,10.0864,1,1,0,0,0,0
1080,6,candidate,301,1280,720,1920,1080,11.4371,12.5199,10.0598,1,1,0,0,0,0
1080,6,candidate,302,1280,720,1920,1080,11.4452,12.5192,10.0669,1,1,0,0,0,0
1080,6,candidate,303,1280,720,1920,1080,11.4729,12.4735,10.0956,1,1,0,0,0,0
1080,6,candidate,304,1280,720,1920,1080,11.4473,12.6629,10.0649,1,1,0,0,0,0
1080,6,candidate,305,1280,720,1920,1080,11.2169,12.3398,9.83962,1,1,0,0,0,0
1080,6,candidate,306,1280,720,1920,1080,11.2988,12.2676,9.92051,1,1,0,0,0,0
1080,6,candidate,307,1280,720,1920,1080,11.4555,12.3781,10.0772,1,1,0,0,0,0
1080,6,candidate,308,1280,720,1920,1080,11.265,12.1899,9.88365,1,1,0,0,0,0
1080,6,candidate,309,1280,720,1920,1080,11.266,12.1574,9.88672,1,1,0,0,0,0
1080,6,candidate,310,1280,720,1920,1080,11.4575,12.3905,9.82528,1,1,0,0,0,0
1080,6,candidate,311,1280,720,1920,1080,11.4545,12.4318,9.82938,1,1,0,0,0,0
1080,6,candidate,312,1280,720,1920,1080,11.4719,12.386,9.84269,1,1,0,0,0,0
1080,6,candidate,313,1280,720,1920,1080,11.3336,12.3364,9.68499,1,1,0,0,0,0
1080,6,candidate,314,1280,720,1920,1080,11.4954,12.4809,9.86112,1,1,0,0,0,0
1080,6,candidate,315,1280,720,1920,1080,11.3224,12.2157,9.67066,1,1,0,0,0,0
1080,6,candidate,316,1280,720,1920,1080,11.2804,12.23,9.64915,1,1,0,0,0,0
1080,6,candidate,317,1280,720,1920,1080,11.478,12.7331,9.85907,1,1,0,0,0,0
1080,6,candidate,318,1280,720,1920,1080,11.4637,12.5103,9.81402,1,1,0,0,0,0
1080,6,candidate,319,1280,720,1920,1080,11.5036,12.5134,9.86317,1,1,0,0,0,0
1080,6,candidate,320,1280,720,1920,1080,11.4985,12.4954,9.86624,1,1,0,0,0,0
1080,6,candidate,321,1280,720,1920,1080,11.3265,12.3313,9.69626,1,1,0,0,0,0
1080,6,candidate,322,1280,720,1920,1080,11.2814,12.2418,9.6512,1,1,0,0,0,0
1080,6,candidate,323,1280,720,1920,1080,11.3695,12.3575,9.73926,1,1,0,0,0,0
1080,6,candidate,324,1280,720,1920,1080,11.2333,12.2252,9.60512,1,1,0,0,0,0
1080,6,candidate,325,1280,720,1920,1080,11.2507,12.5486,9.87238,1,1,0,0,0,0
1080,6,candidate,326,1280,720,1920,1080,11.2036,12.3403,9.64301,1,1,0,0,0,0
1080,6,candidate,327,1280,720,1920,1080,11.3203,13.1674,9.94202,1,1,0,0,0,0
1080,6,candidate,328,1280,720,1920,1080,11.4135,12.6047,9.76896,1,1,0,0,0,0
1080,6,candidate,329,1280,720,1920,1080,11.3377,12.3397,9.6983,1,1,0,0,0,0
1080,6,candidate,330,1280,720,1920,1080,11.3142,12.5869,9.93178,1,1,0,0,0,0
1080,6,candidate,331,1280,720,1920,1080,11.3521,12.4942,9.70342,1,1,0,0,0,0
1080,6,candidate,332,1280,720,1920,1080,11.3285,12.4655,9.67885,1,1,0,0,0,0
1080,6,candidate,333,1280,720,1920,1080,11.434,12.4613,9.79149,1,1,0,0,0,0
1080,6,candidate,334,1280,720,1920,1080,11.2876,12.2946,9.63891,1,1,0,0,0,0
1080,6,candidate,335,1280,720,1920,1080,11.7494,13.0284,10.111,1,1,0,0,0,0
1080,6,candidate,336,1280,720,1920,1080,11.5569,12.5969,9.91232,1,1,0,0,0,0
1080,6,candidate,337,1280,720,1920,1080,11.4719,12.4498,9.83347,1,1,0,0,0,0
1080,6,candidate,338,1280,720,1920,1080,11.4698,12.4681,9.82528,1,1,0,0,0,0
1080,6,candidate,339,1280,720,1920,1080,11.4043,12.4509,10.0178,1,1,0,0,0,0
1080,6,candidate,340,1280,720,1920,1080,11.5118,12.7388,9.85395,1,1,0,0,0,0
1080,6,candidate,341,1280,720,1920,1080,11.2722,12.3049,9.89389,1,1,0,0,0,0
1080,6,candidate,342,1280,720,1920,1080,11.3172,12.3367,9.93485,1,1,0,0,0,0
1080,6,candidate,343,1280,720,1920,1080,11.4596,12.5456,9.83552,1,1,0,0,0,0
1080,6,candidate,344,1280,720,1920,1080,11.3449,12.3518,9.9625,1,1,0,0,0,0
1080,6,candidate,345,1280,720,1920,1080,11.476,12.4973,9.84166,1,1,0,0,0,0
1080,6,candidate,346,1280,720,1920,1080,11.4831,12.4948,9.84781,1,1,0,0,0,0
1080,6,candidate,347,1280,720,1920,1080,11.5169,12.4808,9.88877,1,1,0,0,0,0
1080,6,candidate,348,1280,720,1920,1080,11.22,12.203,9.83757,1,1,0,0,0,0
1080,6,candidate,349,1280,720,1920,1080,11.4893,12.8218,9.86214,1,1,0,0,0,0
1080,6,candidate,350,1280,720,1920,1080,11.264,12.2485,9.88058,1,1,0,0,0,0
1080,6,candidate,351,1280,720,1920,1080,11.4483,12.4419,9.80685,1,1,0,0,0,0
1080,6,candidate,352,1280,720,1920,1080,11.4964,12.4295,9.856,1,1,0,0,0,0
1080,6,candidate,353,1280,720,1920,1080,11.4647,12.373,9.83142,1,1,0,0,0,0
1080,6,candidate,354,1280,720,1920,1080,11.4924,12.5715,9.86112,1,1,0,0,0,0
1080,6,candidate,355,1280,720,1920,1080,11.4545,12.7673,9.82733,1,1,0,0,0,0
1080,6,candidate,356,1280,720,1920,1080,11.5057,12.4796,9.86829,1,1,0,0,0,0
1080,6,candidate,357,1280,720,1920,1080,11.4514,12.4195,9.82733,1,1,0,0,0,0
1080,6,candidate,358,1280,720,1920,1080,11.4872,12.4211,9.82938,1,1,0,0,0,0
1080,6,candidate,359,1280,720,1920,1080,9.92256,10.8409,8.54938,1,1,0,0,0,0
1080,6,candidate,360,1280,720,1920,1080,11.2302,12.2089,9.84986,1,1,0,0,0,0
1080,6,candidate,361,1280,720,1920,1080,11.3633,12.3057,9.98298,1,1,0,0,0,0
1080,6,candidate,362,1280,720,1920,1080,11.0397,12.2938,9.66246,1,1,0,0,0,0
1080,6,candidate,363,1280,720,1920,1080,11.137,12.387,9.76179,1,1,0,0,0,0
1080,6,candidate,364,1280,720,1920,1080,11.3121,12.2319,9.9328,1,1,0,0,0,0
1080,6,candidate,365,1280,720,1920,1080,11.2783,12.2732,9.90003,1,1,0,0,0,0
1080,6,candidate,366,1280,720,1920,1080,10.9414,12.0429,9.56109,1,1,0,0,0,0
1080,6,candidate,367,1280,720,1920,1080,11.3838,12.3642,9.75565,1,1,0,0,0,0
1080,6,candidate,368,1280,720,1920,1080,11.4033,12.3173,10.0239,1,1,0,0,0,0
1080,6,candidate,369,1280,720,1920,1080,11.4924,12.4908,10.1151,1,1,0,0,0,0
1080,6,candidate,370,1280,720,1920,1080,11.4115,12.4939,9.84474,1,1,0,0,0,0
1080,6,candidate,371,1280,720,1920,1080,9.94099,10.8606,8.56474,1,1,0,0,0,0
1080,6,candidate,372,1280,720,1920,1080,11.095,11.9348,9.71264,1,1,0,0,0,0
1080,6,candidate,373,1280,720,1920,1080,11.3367,12.2898,9.9584,1,1,0,0,0,0
1080,6,candidate,374,1280,720,1920,1080,11.5026,12.4816,9.85702,1,1,0,0,0,0
1080,6,candidate,375,1280,720,1920,1080,11.177,12.5348,9.80173,1,1,0,0,0,0
1080,6,candidate,376,1280,720,1920,1080,11.1974,12.3587,9.81709,1,1,0,0,0,0
1080,6,candidate,377,1280,720,1920,1080,11.2947,12.2125,9.91642,1,1,0,0,0,0
1080,6,candidate,378,1280,720,1920,1080,11.0234,12.2004,9.6471,1,1,0,0,0,0
1080,6,candidate,379,1280,720,1920,1080,11.3009,12.2212,9.92358,1,1,0,0,0,0
1080,6,candidate,380,1280,720,1920,1080,11.2558,12.1913,9.8775,1,1,0,0,0,0
1080,6,candidate,381,1280,720,1920,1080,11.1176,12.2032,9.73824,1,1,0,0,0,0
1080,6,candidate,382,1280,720,1920,1080,11.5077,12.4843,10.1253,1,1,0,0,0,0
1080,6,candidate,383,1280,720,1920,1080,11.2835,12.2472,9.90618,1,1,0,0,0,0
1080,6,candidate,384,1280,720,1920,1080,11.0817,12.1644,9.68294,1,1,0,0,0,0
1080,6,candidate,385,1280,720,1920,1080,11.5016,12.4399,10.1243,1,1,0,0,0,0
1080,6,candidate,386,1280,720,1920,1080,11.4002,12.357,9.8304,1,1,0,0,0,0
1080,6,candidate,387,1280,720,1920,1080,11.3132,12.2298,9.93894,1,1,0,0,0,0
1080,6,candidate,388,1280,720,1920,1080,11.2855,12.1997,9.9072,1,1,0,0,0,0
1080,6,candidate,389,1280,720,1920,1080,11.4719,12.4587,9.83142,1,1,0,0,0,0
1080,6,candidate,390,1280,720,1920,1080,11.435,12.3441,9.78739,1,1,0,0,0,0
1080,6,candidate,391,1280,720,1920,1080,11.307,12.2173,9.66861,1,1,0,0,0,0
1080,6,candidate,392,1280,720,1920,1080,11.1974,12.1844,9.63686,1,1,0,0,0,0
1080,6,candidate,393,1280,720,1920,1080,11.6265,12.5979,10.0721,1,1,0,0,0,0
1080,6,candidate,394,1280,720,1920,1080,11.3592,12.4303,9.97888,1,1,0,0,0,0
1080,6,candidate,395,1280,720,1920,1080,11.3367,12.3489,9.70752,1,1,0,0,0,0
1080,6,candidate,396,1280,720,1920,1080,11.3091,12.2368,9.67885,1,1,0,0,0,0
1080,6,candidate,397,1280,720,1920,1080,11.1872,12.4121,9.81197,1,1,0,0,0,0
1080,6,candidate,398,1280,720,1920,1080,11.2568,12.6055,9.8775,1,1,0,0,0,0
1080,6,candidate,399,1280,720,1920,1080,11.4688,13.0043,10.0731,1,1,0,0,0,0
1080,6,candidate,400,1280,720,1920,1080,11.6767,12.5725,10.282,1,1,0,0,0,0
1080,6,candidate,401,1280,720,1920,1080,11.0664,12.076,9.69011,1,1,0,0,0,0
1080,6,candidate,402,1280,720,1920,1080,11.5282,12.4263,9.87955,1,1,0,0,0,0
1080,6,candidate,403,1280,720,1920,1080,11.2077,12.5813,9.82835,1,1,0,0,0,0
1080,6,candidate,404,1280,720,1920,1080,11.3551,13.0494,9.97478,1,1,0,0,0,0
1080,6,candidate,405,1280,720,1920,1080,11.4565,12.6638,9.81606,1,1,0,0,0,0
1080,6,candidate,406,1280,720,1920,1080,11.5354,12.5208,9.86829,1,1,0,0,0,0
1080,6,candidate,407,1280,720,1920,1080,11.4473,12.4008,9.80275,1,1,0,0,0,0
1080,6,candidate,408,1280,720,1920,1080,11.3101,12.2923,9.9287,1,1,0,0,0,0
1080,6,candidate,409,1280,720,1920,1080,11.5077,12.5155,9.8519,1,1,0,0,0,0
1080,6,candidate,410,1280,720,1920,1080,11.5292,12.5547,9.87853,1,1,0,0,0,0
1080,6,candidate,411,1280,720,1920,1080,11.4371,12.4702,9.79456,1,1,0,0,0,0
1080,6,candidate,412,1280,720,1920,1080,11.5005,12.5314,9.85498,1,1,0,0,0,0
1080,6,candidate,413,1280,720,1920,1080,11.35,12.3133,9.79866,1,1,0,0,0,0
1080,6,candidate,414,1280,720,1920,1080,11.2988,12.3603,9.92051,1,1,0,0,0,0
1080,6,candidate,415,1280,720,1920,1080,9.76998,10.9178,8.39578,1,1,0,0,0,0
1080,6,candidate,416,1280,720,1920,1080,11.5835,12.5575,10.2011,1,1,0,0,0,0
1080,6,candidate,417,1280,720,1920,1080,11.3019,12.2133,9.92461,1,1,0,0,0,0
1080,6,candidate,418,1280,720,1920,1080,11.3377,12.3917,9.9584,1,1,0,0,0,0
1080,6,candidate,419,1280,720,1920,1080,11.4115,12.4327,9.7833,1,1,0,0,0,0
1080,6,candidate,420,1280,720,1920,1080,11.0971,12.1826,9.71674,1,1,0,0,0,0
1080,6,candidate,421,1280,720,1920,1080,11.2937,12.2222,9.92051,1,1,0,0,0,0
1080,6,candidate,422,1280,720,1920,1080,11.3408,12.2928,9.728,1,1,0,0,0,0
1080,6,candidate,423,1280,720,1920,1080,11.4258,12.3257,10.0547,1,1,0,0,0,0
1080,6,candidate,424,1280,720,1920,1080,11.2476,12.3001,9.86522,1,1,0,0,0,0
1080,6,candidate,425,1280,720,1920,1080,11.4668,12.4133,10.0915,1,1,0,0,0,0
1080,6,candidate,426,1280,720,1920,1080,11.3111,12.3228,9.9328,1,1,0,0,0,0
1080,6,candidate,427,1280,720,1920,1080,11.478,12.5417,10.1007,1,1,0,0,0,0
1080,6,candidate,428,1280,720,1920,1080,11.4176,12.4808,10.0383,1,1,0,0,0,0
1080,6,candidate,429,1280,720,1920,1080,11.2783,12.1938,9.90106,1,1,0,0,0,0
1080,6,candidate,430,1280,720,1920,1080,11.2599,12.2543,9.88058,1,1,0,0,0,0
1080,6,candidate,431,1280,720,1920,1080,11.2896,12.2479,9.91232,1,1,0,0,0,0
1080,6,candidate,432,1280,720,1920,1080,11.4862,12.6379,9.84474,1,1,0,0,0,0
1080,6,candidate,433,1280,720,1920,1080,11.2865,12.3101,9.90925,1,1,0,0,0,0
1080,6,candidate,434,1280,720,1920,1080,11.5026,12.6128,9.87238,1,1,0,0,0,0
1080,6,candidate,435,1280,720,1920,1080,11.4432,12.4728,9.81709,1,1,0,0,0,0
1080,6,candidate,436,1280,720,1920,1080,11.2517,12.2865,9.87034,1,1,0,0,0,0
1080,6,candidate,437,1280,720,1920,1080,11.2681,12.2382,9.89082,1,1,0,0,0,0
1080,6,candidate,438,1280,720,1920,1080,11.4842,12.4736,9.856,1,1,0,0,0,0
1080,6,candidate,439,1280,720,1920,1080,11.2404,12.1698,9.61638,1,1,0,0,0,0
1080,6,candidate,440,1280,720,1920,1080,11.4647,12.4773,9.82733,1,1,0,0,0,0
1080,6,candidate,441,1280,720,1920,1080,11.434,12.3811,9.8089,1,1,0,0,0,0
1080,6,candidate,442,1280,720,1920,1080,11.3306,12.425,9.7024,1,1,0,0,0,0
1080,6,candidate,443,1280,720,1920,1080,11.2425,12.5789,9.86931,1,1,0,0,0,0
1080,6,candidate,444,1280,720,1920,1080,11.4125,12.4654,9.85805,1,1,0,0,0,0
1080,6,candidate,445,1280,720,1920,1080,11.4729,12.645,10.0977,1,1,0,0,0,0
1080,6,candidate,446,1280,720,1920,1080,11.3224,12.2644,9.66349,1,1,0,0,0,0
1080,6,candidate,447,1280,720,1920,1080,11.2957,12.2632,9.65939,1,1,0,0,0,0
1080,6,candidate,448,1280,720,1920,1080,11.2998,12.333,9.63174,1,1,0,0,0,0
1080,6,candidate,449,1280,720,1920,1080,11.262,12.5362,9.88672,1,1,0,0,0,0
1080,6,candidate,450,1280,720,1920,1080,11.2046,12.2771,9.6471,1,1,0,0,0,0
1080,6,candidate,451,1280,720,1920,1080,11.4196,12.414,10.0403,1,1,0,0,0,0
1080,6,candidate,452,1280,720,1920,1080,11.1759,12.3957,9.79251,1,1,0,0,0,0
1080,6,candidate,453,1280,720,1920,1080,11.1667,12.3391,9.79251,1,1,0,0,0,0
1080,6,candidate,454,1280,720,1920,1080,11.3449,12.325,9.96352,1,1,0,0,0,0
1080,6,candidate,455,1280,720,1920,1080,11.0684,12.3469,9.69216,1,1,0,0,0,0
1080,6,candidate,456,1280,720,1920,1080,11.0397,12.3114,9.65837,1,1,0,0,0,0
1080,6,candidate,457,1280,720,1920,1080,11.0756,12.3142,9.7024,1,1,0,0,0,0
1080,6,candidate,458,1280,720,1920,1080,11.4309,12.4217,10.0424,1,1,0,0,0,0
1080,6,candidate,459,1280,720,1920,1080,11.1268,12.2088,9.75155,1,1,0,0,0,0
1080,6,candidate,460,1280,720,1920,1080,11.2691,12.2612,9.88979,1,1,0,0,0,0
1080,6,candidate,461,1280,720,1920,1080,11.2568,12.4435,9.87955,1,1,0,0,0,0
1080,6,candidate,462,1280,720,1920,1080,11.3613,12.2766,9.97581,1,1,0,0,0,0
1080,6,candidate,463,1280,720,1920,1080,10.9404,12.0182,9.56621,1,1,0,0,0,0
1080,6,candidate,464,1280,720,1920,1080,11.4432,12.4608,10.0639,1,1,0,0,0,0
1080,6,candidate,465,1280,720,1920,1080,11.2599,12.3451,9.88672,1,1,0,0,0,0
1080,6,candidate,466,1280,720,1920,1080,11.4381,12.3897,10.0567,1,1,0,0,0,0
1080,6,candidate,467,1280,720,1920,1080,11.262,12.1991,9.88467,1,1,0,0,0,0
1080,6,candidate,468,1280,720,1920,1080,11.4452,12.4086,9.82016,1,1,0,0,0,0
1080,6,candidate,469,1280,720,1920,1080,11.3213,12.3282,9.94406,1,1,0,0,0,0
1080,6,candidate,470,1280,720,1920,1080,11.2712,12.3085,9.89286,1,1,0,0,0,0
1080,6,candidate,471,1280,720,1920,1080,11.4616,12.4287,9.82221,1,1,0,0,0,0
1080,6,candidate,472,1280,720,1920,1080,11.3398,12.4919,9.9584,1,1,0,0,0,0
1080,6,candidate,473,1280,720,1920,1080,11.3029,12.3273,9.92461,1,1,0,0,0,0
1080,6,candidate,474,1280,720,1920,1080,11.4575,12.5052,9.81606,1,1,0,0,0,0
1080,6,candidate,475,1280,720,1920,1080,11.4309,12.3497,9.79149,1,1,0,0,0,0
1080,6,candidate,476,1280,720,1920,1080,9.7577,10.6935,8.37837,1,1,0,0,0,0
1080,6,candidate,477,1280,720,1920,1080,12.7478,13.696,11.3398,1,1,0,0,0,0
1080,6,candidate,478,1280,720,1920,1080,11.9788,12.9562,10.5902,1,1,0,0,0,0
1080,6,candidate,479,1280,720,1920,1080,11.2691,12.2673,9.89389,1,1,0,0,0,0
1080,6,candidate,480,1280,720,1920,1080,11.3306,12.2426,9.67885,1,1,0,0,0,0
1080,6,candidate,481,1280,720,1920,1080,11.394,12.4096,9.7536,1,1,0,0,0,0
1080,6,candidate,482,1280,720,1920,1080,11.3203,12.3469,9.67885,1,1,0,0,0,0
1080,6,candidate,483,1280,720,1920,1080,11.3029,12.34,9.66349,1,1,0,0,0,0
1080,6,candidate,484,1280,720,1920,1080,11.2056,12.4278,9.82733,1,1,0,0,0,0
1080,6,candidate,485,1280,720,1920,1080,11.2404,12.594,9.86624,1,1,0,0,0,0
1080,6,candidate,486,1280,720,1920,1080,11.3019,12.718,9.92154,1,1,0,0,0,0
1080,6,candidate,487,1280,720,1920,1080,11.3029,12.2829,9.6809,1,1,0,0,0,0
1080,6,candidate,488,1280,720,1920,1080,11.3613,12.4889,9.70957,1,1,0,0,0,0
1080,6,candidate,489,1280,720,1920,1080,11.3193,12.3085,9.66349,1,1,0,0,0,0
1080,6,candidate,490,1280,720,1920,1080,11.2814,12.5722,9.89901,1,1,0,0,0,0
1080,6,candidate,491,1280,720,1920,1080,11.2937,12.5292,9.91642,1,1,0,0,0,0
1080,6,candidate,492,1280,720,1920,1080,11.2527,12.6042,9.87341,1,1,0,0,0,0
1080,6,candidate,493,1280,720,1920,1080,11.348,12.5257,9.70342,1,1,0,0,0,0
1080,6,candidate,494,1280,720,1920,1080,11.3818,12.5574,9.72902,1,1,0,0,0,0
1080,6,candidate,495,1280,720,1920,1080,11.2978,12.2261,9.63584,1,1,0,0,0,0
1080,6,candidate,496,1280,720,1920,1080,11.2415,12.5241,9.86214,1,1,0,0,0,0
1080,6,candidate,497,1280,720,1920,1080,11.3459,12.4241,9.68499,1,1,0,0,0,0
1080,6,candidate,498,1280,720,1920,1080,10.9773,12.25,9.59693,1,1,0,0,0,0
1080,6,candidate,499,1280,720,1920,1080,11.2538,12.5288,9.87341,1,1,0,0,0,0
1080,6,candidate,500,1280,720,1920,1080,11.2835,12.7196,9.90413,1,1,0,0,0,0
1080,6,candidate,501,1280,720,1920,1080,11.3019,12.4117,9.92768,1,1,0,0,0,0
1080,6,candidate,502,1280,720,1920,1080,9.73107,10.6871,8.35379,1,1,0,0,0,0
1080,6,candidate,503,1280,720,1920,1080,9.63994,10.5155,8.26573,1,1,0,0,0,0
1080,6,candidate,504,1280,720,1920,1080,11.3316,13.3502,9.9328,1,1,0,0,0,0
1080,6,candidate,505,1280,720,1920,1080,11.6623,12.5923,10.2769,1,1,0,0,0,0
1080,6,candidate,506,1280,720,1920,1080,11.1421,12.4288,9.75667,1,1,0,0,0,0
1080,6,candidate,507,1280,720,1920,1080,11.2937,12.4117,9.90106,1,1,0,0,0,0
1080,6,candidate,508,1280,720,1920,1080,9.91744,10.8697,8.53811,1,1,0,0,0,0
1080,6,candidate,509,1280,720,1920,1080,9.3993,10.3061,8.02304,1,1,0,0,0,0
1080,6,candidate,510,1280,720,1920,1080,9.38701,10.2192,8.00973,1,1,0,0,0,0
1080,6,candidate,511,1280,720,1920,1080,16.3717,17.2952,14.7159,1,1,0,0,0,0
1080,6,candidate,512,1280,720,1920,1080,11.8426,13.0005,10.1919,1,1,0,0,0,0
1080,6,candidate,513,1280,720,1920,1080,11.522,12.5467,9.86931,1,1,0,0,0,0
1080,6,candidate,514,1280,720,1920,1080,11.5425,12.5617,9.89184,1,1,0,0,0,0
1080,6,candidate,515,1280,720,1920,1080,11.4719,12.5437,9.8345,1,1,0,0,0,0
1080,6,candidate,516,1280,720,1920,1080,11.4299,12.5142,9.78944,1,1,0,0,0,0
1080,6,candidate,517,1280,720,1920,1080,9.88774,10.9625,8.51251,1,1,0,0,0,0
1080,6,candidate,518,1280,720,1920,1080,12.4262,13.4596,11.0203,1,1,0,0,0,0
1080,6,candidate,519,1280,720,1920,1080,11.3725,12.4389,9.80275,1,1,0,0,0,0
1080,6,candidate,520,1280,720,1920,1080,11.2835,12.2863,9.9031,1,1,0,0,0,0
1080,6,candidate,521,1280,720,1920,1080,10.8308,11.8173,9.45254,1,1,0,0,0,0
1080,6,candidate,522,1280,720,1920,1080,11.4606,12.3639,10.0803,1,1,0,0,0,0
1080,6,candidate,523,1280,720,1920,1080,11.0316,12.2506,9.65837,1,1,0,0,0,0
1080,6,candidate,524,1280,720,1920,1080,11.0889,12.233,9.71162,1,1,0,0,0,0
1080,6,candidate,525,1280,720,1920,1080,11.433,12.4416,10.0567,1,1,0,0,0,0
1080,6,candidate,526,1280,720,1920,1080,11.1626,12.2222,9.7833,1,1,0,0,0,0
1080,6,candidate,527,1280,720,1920,1080,11.4268,12.3918,10.0495,1,1,0,0,0,0
1080,6,candidate,528,1280,720,1920,1080,11.3316,12.3537,9.95226,1,1,0,0,0,0
1080,6,candidate,529,1280,720,1920,1080,11.0561,12.1517,9.67885,1,1,0,0,0,0
1080,6,candidate,530,1280,720,1920,1080,11.4381,12.4478,10.0588,1,1,0,0,0,0
1080,6,candidate,531,1280,720,1920,1080,11.2978,12.276,9.91642,1,1,0,0,0,0
1080,6,candidate,532,1280,720,1920,1080,11.3142,12.2596,9.93075,1,1,0,0,0,0
1080,6,candidate,533,1280,720,1920,1080,11.4616,12.4638,10.0854,1,1,0,0,0,0
1080,6,candidate,534,1280,720,1920,1080,11.3347,12.2744,9.95328,1,1,0,0,0,0
1080,6,candidate,535,1280,720,1920,1080,11.305,12.274,9.92768,1,1,0,0,0,0
1080,6,candidate,536,1280,720,1920,1080,11.5046,12.4941,10.1233,1,1,0,0,0,0
1080,6,candidate,537,1280,720,1920,1080,11.3736,12.4544,9.99834,1,1,0,0,0,0
1080,6,candidate,538,1280,720,1920,1080,11.5077,12.6309,10.1284,1,1,0,0,0,0
1080,6,candidate,539,1280,720,1920,1080,11.5374,12.5931,10.1591,1,1,0,0,0,0
1080,6,candidate,540,1280,720,1920,1080,11.5384,12.5099,10.156,1,1,0,0,0,0
1080,6,candidate,541,1280,720,1920,1080,11.4493,12.5047,10.07,1,1,0,0,0,0
1080,6,candidate,542,1280,720,1920,1080,11.4575,12.4541,10.0772,1,1,0,0,0,0
1080,6,candidate,543,1280,720,1920,1080,11.436,12.4042,10.0577,1,1,0,0,0,0
1080,6,candidate,544,1280,720,1920,1080,11.3582,12.3418,9.97888,1,1,0,0,0,0
1080,6,candidate,545,1280,720,1920,1080,11.3142,12.5082,9.9369,1,1,0,0,0,0
1080,6,candidate,546,1280,720,1920,1080,11.4657,12.4409,10.0844,1,1,0,0,0,0
1080,6,candidate,547,1280,720,1920,1080,11.5046,12.5562,10.1274,1,1,0,0,0,0
1080,6,candidate,548,1280,720,1920,1080,11.3265,12.4258,9.95021,1,1,0,0,0,0
1080,6,candidate,549,1280,720,1920,1080,11.4606,12.6943,10.0854,1,1,0,0,0,0
1080,6,candidate,550,1280,720,1920,1080,11.3705,12.4548,9.99014,1,1,0,0,0,0
1080,6,candidate,551,1280,720,1920,1080,11.3766,12.468,9.99936,1,1,0,0,0,0
1080,6,candidate,552,1280,720,1920,1080,11.0275,12.0605,9.6,1,1,0,0,0,0
1080,6,candidate,553,1280,720,1920,1080,11.4657,12.3709,9.83654,1,1,0,0,0,0
1080,6,candidate,554,1280,720,1920,1080,11.2988,12.2189,9.91949,1,1,0,0,0,0
1080,6,candidate,555,1280,720,1920,1080,11.4739,12.4768,9.82426,1,1,0,0,0,0
1080,6,candidate,556,1280,720,1920,1080,11.2671,12.3241,9.88774,1,1,0,0,0,0
1080,6,candidate,557,1280,720,1920,1080,11.3377,12.3469,9.77408,1,1,0,0,0,0
1080,6,candidate,558,1280,720,1920,1080,11.4872,12.5891,10.1079,1,1,0,0,0,0
1080,6,candidate,559,1280,720,1920,1080,11.4022,12.3788,9.81197,1,1,0,0,0,0
1080,6,candidate,560,1280,720,1920,1080,11.5005,12.5982,10.1192,1,1,0,0,0,0
1080,6,candidate,561,1280,720,1920,1080,11.1903,12.2424,8.50944,1,1,0,0,0,0
1080,6,candidate,562,1280,720,1920,1080,11.0633,12.3073,9.68397,1,1,0,0,0,0
1080,6,candidate,563,1280,720,1920,1080,11.2394,12.2727,9.66554,1,1,0,0,0,0
1080,6,candidate,564,1280,720,1920,1080,11.2783,12.2084,9.89798,1,1,0,0,0,0
1080,6,candidate,565,1280,720,1920,1080,11.2906,12.2108,9.64301,1,1,0,0,0,0
1080,6,candidate,566,1280,720,1920,1080,11.2886,12.5073,9.91027,1,1,0,0,0,0
1080,6,candidate,567,1280,720,1920,1080,11.2302,12.5728,9.85498,1,1,0,0,0,0
1080,6,candidate,568,1280,720,1920,1080,11.2609,12.4987,9.88365,1,1,0,0,0,0
1080,6,candidate,569,1280,720,1920,1080,11.4668,12.5497,10.0905,1,1,0,0,0,0
1080,6,candidate,570,1280,720,1920,1080,11.3326,12.3151,9.68806,1,1,0,0,0,0
1080,6,candidate,571,1280,720,1920,1080,11.2097,12.5351,9.8345,1,1,0,0,0,0
1080,6,candidate,572,1280,720,1920,1080,11.2753,12.5539,9.89491,1,1,0,0,0,0
1080,6,candidate,573,1280,720,1920,1080,11.2374,12.5417,9.86522,1,1,0,0,0,0
1080,6,candidate,574,1280,720,1920,1080,11.3797,12.5403,9.73722,1,1,0,0,0,0
1080,6,candidate,575,1280,720,1920,1080,11.1923,12.4497,9.81606,1,1,0,0,0,0
1080,6,candidate,576,1280,720,1920,1080,11.3408,12.7407,9.96147,1,1,0,0,0,0
1080,6,candidate,577,1280,720,1920,1080,11.2548,12.2698,9.61946,1,1,0,0,0,0
1080,6,candidate,578,1280,720,1920,1080,11.2937,12.2861,9.64198,1,1,0,0,0,0
1080,6,candidate,579,1280,720,1920,1080,11.2681,12.4958,9.89594,1,1,0,0,0,0
1080,6,candidate,580,1280,720,1920,1080,11.3275,12.8846,9.94918,1,1,0,0,0,0
1080,6,candidate,581,1280,720,1920,1080,11.434,12.5624,10.0557,1,1,0,0,0,0
1080,6,candidate,582,1280,720,1920,1080,11.3193,12.3312,9.67987,1,1,0,0,0,0
1080,6,candidate,583,1280,720,1920,1080,9.76282,10.7771,8.38963,1,1,0,0,0,0
1080,6,candidate,584,1280,720,1920,1080,9.36243,10.4173,7.9872,1,1,0,0,0,0
1080,6,candidate,585,1280,720,1920,1080,12.6177,13.7756,11.2189,1,1,0,0,0,0
1080,6,candidate,586,1280,720,1920,1080,11.5517,12.5508,10.0055,1,1,0,0,0,0
1080,6,candidate,587,1280,720,1920,1080,11.3551,12.3591,9.9799,1,1,0,0,0,0
1080,6,candidate,588,1280,720,1920,1080,11.2722,12.2665,9.89286,1,1,0,0,0,0
1080,6,candidate,589,1280,720,1920,1080,11.2835,12.2975,9.91027,1,1,0,0,0,0
1080,6,candidate,590,1280,720,1920,1080,11.4268,12.395,10.0465,1,1,0,0,0,0
1080,6,candidate,591,1280,720,1920,1080,11.5354,12.6009,10.1632,1,1,0,0,0,0
1080,6,candidate,592,1280,720,1920,1080,9.91027,10.8557,8.53504,1,1,0,0,0,0
1080,6,candidate,593,1280,720,1920,1080,11.5579,12.5481,10.1816,1,1,0,0,0,0
1080,6,candidate,594,1280,720,1920,1080,11.3715,12.334,9.99117,1,1,0,0,0,0
1080,6,candidate,595,1280,720,1920,1080,11.2691,12.3998,9.89389,1,1,0,0,0,0
1080,6,candidate,596,1280,720,1920,1080,11.2435,12.4337,9.86419,1,1,0,0,0,0
1080,6,candidate,597,1280,720,1920,1080,11.4217,12.3915,10.0454,1,1,0,0,0,0
1080,6,candidate,598,1280,720,1920,1080,11.2968,12.4971,9.91642,1,1,0,0,0,0
1080,6,candidate,599,1280,720,1920,1080,11.4586,12.4459,10.0813,1,1,0,0,0,0
1080,6,candidate,600,1280,720,1920,1080,11.4227,12.3424,9.81299,1,1,0,0,0,0
1080,6,candidate,601,1280,720,1920,1080,11.3992,12.3672,10.0209,1,1,0,0,0,0
1080,6,candidate,602,1280,720,1920,1080,11.138,12.4075,9.75974,1,1,0,0,0,0
1080,6,candidate,603,1280,720,1920,1080,11.2691,12.2445,9.89389,1,1,0,0,0,0
1080,6,candidate,604,1280,720,1920,1080,11.0223,12.2441,9.64608,1,1,0,0,0,0
1080,6,candidate,605,1280,720,1920,1080,11.4412,12.5137,10.0649,1,1,0,0,0,0
1080,6,candidate,606,1280,720,1920,1080,11.052,12.2011,9.67475,1,1,0,0,0,0
1080,6,candidate,607,1280,720,1920,1080,11.3254,12.3503,9.94918,1,1,0,0,0,0
1080,6,candidate,608,1280,720,1920,1080,11.3326,12.3389,9.94406,1,1,0,0,0,0
1080,6,candidate,609,1280,720,1920,1080,11.1503,12.2439,9.75667,1,1,0,0,0,0
1080,6,candidate,610,1280,720,1920,1080,11.1391,12.3317,9.74438,1,1,0,0,0,0
1080,6,candidate,611,1280,720,1920,1080,11.2609,12.2016,9.8857,1,1,0,0,0,0
1080,6,candidate,612,1280,720,1920,1080,11.2876,12.2273,9.90822,1,1,0,0,0,0
1080,6,candidate,613,1280,720,1920,1080,11.4862,12.5116,10.113,1,1,0,0,0,0
1080,6,candidate,614,1280,720,1920,1080,11.4483,12.5024,10.07,1,1,0,0,0,0
1080,6,candidate,615,1280,720,1920,1080,11.3951,12.3545,9.84474,1,1,0,0,0,0
1080,6,candidate,616,1280,720,1920,1080,11.3306,12.3042,9.95123,1,1,0,0,0,0
1080,6,candidate,617,1280,720,1920,1080,11.3439,12.3102,9.96966,1,1,0,0,0,0
1080,6,candidate,618,1280,720,1920,1080,11.4719,12.4338,9.83142,1,1,0,0,0,0
1080,6,candidate,619,1280,720,1920,1080,11.3121,12.3141,9.93894,1,1,0,0,0,0
1080,6,candidate,620,1280,720,1920,1080,11.5835,12.5536,9.94611,1,1,0,0,0,0
1080,6,candidate,621,1280,720,1920,1080,11.3142,12.3442,9.93792,1,1,0,0,0,0
1080,6,candidate,622,1280,720,1920,1080,11.4483,12.4216,9.80787,1,1,0,0,0,0
1080,6,candidate,623,1280,720,1920,1080,11.18,12.4758,9.76794,1,1,0,0,0,0
1080,6,candidate,624,1280,720,1920,1080,11.4729,12.3701,9.82118,1,1,0,0,0,0
1080,6,candidate,625,1280,720,1920,1080,11.3592,12.4383,9.80173,1,1,0,0,0,0
1080,6,candidate,626,1280,720,1920,1080,11.4391,12.5235,10.0588,1,1,0,0,0,0
1080,6,candidate,627,1280,720,1920,1080,11.4524,12.5119,9.81811,1,1,0,0,0,0
1080,6,candidate,628,1280,720,1920,1080,11.4616,12.4631,9.82221,1,1,0,0,0,0
1080,6,candidate,629,1280,720,1920,1080,11.3213,12.3919,9.94714,1,1,0,0,0,0
1080,6,candidate,630,1280,720,1920,1080,11.4196,12.4547,9.7833,1,1,0,0,0,0
1080,6,candidate,631,1280,720,1920,1080,11.479,12.4656,9.84166,1,1,0,0,0,0
1080,6,candidate,632,1280,720,1920,1080,11.5384,12.7088,9.80787,1,1,0,0,0,0
1080,6,candidate,633,1280,720,1920,1080,11.4852,12.4264,9.84474,1,1,0,0,0,0
1080,6,candidate,634,1280,720,1920,1080,11.434,12.4295,9.78842,1,1,0,0,0,0
1080,6,candidate,635,1280,720,1920,1080,11.4596,12.4778,9.8048,1,1,0,0,0,0
1080,6,candidate,636,1280,720,1920,1080,11.4913,12.5531,9.84576,1,1,0,0,0,0
1080,6,candidate,637,1280,720,1920,1080,11.4452,12.4474,9.81299,1,1,0,0,0,0
1080,6,candidate,638,1280,720,1920,1080,11.4473,12.4359,9.8089,1,1,0,0,0,0
1080,6,candidate,639,1280,720,1920,1080,11.478,12.5977,9.83142,1,1,0,0,0,0
1080,6,candidate,640,1280,720,1920,1080,11.3889,12.3321,9.74029,1,1,0,0,0,0
1080,6,candidate,641,1280,720,1920,1080,11.518,12.538,9.84576,1,1,0,0,0,0
1080,6,candidate,642,1280,720,1920,1080,11.522,12.4664,9.83552,1,1,0,0,0,0
1080,6,candidate,643,1280,720,1920,1080,11.4545,12.4347,9.79149,1,1,0,0,0,0
1080,6,candidate,644,1280,720,1920,1080,11.5016,12.6309,9.84269,1,1,0,0,0,0
1080,6,candidate,645,1280,720,1920,1080,11.3398,12.5083,9.96352,1,1,0,0,0,0
1080,6,candidate,646,1280,720,1920,1080,11.2906,12.3205,9.91334,1,1,0,0,0,0
1080,6,candidate,647,1280,720,1920,1080,11.434,12.4007,9.79661,1,1,0,0,0,0
1080,6,candidate,648,1280,720,1920,1080,11.4401,12.4825,9.79354,1,1,0,0,0,0
1080,6,candidate,649,1280,720,1920,1080,11.4555,12.5278,9.82221,1,1,0,0,0,0
1080,6,candidate,650,1280,720,1920,1080,11.4749,12.5372,9.81094,1,1,0,0,0,0
1080,6,candidate,651,1280,720,1920,1080,11.5046,12.6177,9.83142,1,1,0,0,0,0
1080,6,candidate,652,1280,720,1920,1080,11.2927,12.2591,9.91539,1,1,0,0,0,0
1080,6,candidate,653,1280,720,1920,1080,11.2865,12.3594,9.91027,1,1,0,0,0,0
1080,6,candidate,654,1280,720,1920,1080,11.3367,12.3879,9.95942,1,1,0,0,0,0
1080,6,candidate,655,1280,720,1920,1080,11.4698,12.5065,9.82323,1,1,0,0,0,0
1080,6,candidate,656,1280,720,1920,1080,11.5057,12.5606,9.87136,1,1,0,0,0,0
1080,6,candidate,657,1280,720,1920,1080,11.4995,12.6795,9.85805,1,1,0,0,0,0
1080,6,candidate,658,1280,720,1920,1080,11.2804,12.2596,9.9031,1,1,0,0,0,0
1080,6,candidate,659,1280,720,1920,1080,11.4237,12.4838,9.78842,1,1,0,0,0,0
1080,6,candidate,660,1280,720,1920,1080,11.5149,12.7783,9.86931,1,1,0,0,0,0
1080,6,candidate,661,1280,720,1920,1080,11.2937,12.2666,9.91949,1,1,0,0,0,0
1080,6,candidate,662,1280,720,1920,1080,11.4637,12.4941,9.82426,1,1,0,0,0,0
1080,6,candidate,663,1280,720,1920,1080,11.2835,12.3943,9.91027,1,1,0,0,0,0
1080,6,candidate,664,1280,720,1920,1080,11.518,12.4598,9.87443,1,1,0,0,0,0
1080,6,candidate,665,1280,720,1920,1080,11.4278,12.3995,9.79149,1,1,0,0,0,0
1080,6,candidate,666,1280,720,1920,1080,11.4084,12.3512,9.76794,1,1,0,0,0,0
1080,6,candidate,667,1280,720,1920,1080,11.5343,12.4608,9.89184,1,1,0,0,0,0
1080,6,candidate,668,1280,720,1920,1080,11.3613,12.3884,9.8089,1,1,0,0,0,0
1080,6,candidate,669,1280,720,1920,1080,11.265,12.1769,9.88979,1,1,0,0,0,0
1080,6,candidate,670,1280,720,1920,1080,11.4309,12.3635,9.79354,1,1,0,0,0,0
1080,6,candidate,671,1280,720,1920,1080,11.4289,12.6528,10.0413,1,1,0,0,0,0
1080,6,candidate,672,1280,720,1920,1080,11.2568,12.2817,9.87853,1,1,0,0,0,0
1080,6,candidate,673,1280,720,1920,1080,11.5405,12.7559,9.82733,1,1,0,0,0,0
1080,6,candidate,674,1280,720,1920,1080,11.4514,12.5051,9.80992,1,1,0,0,0,0
1080,6,candidate,675,1280,720,1920,1080,11.2988,12.277,9.6512,1,1,0,0,0,0
1080,6,candidate,676,1280,720,1920,1080,11.2794,12.265,9.64096,1,1,0,0,0,0
1080,6,candidate,677,1280,720,1920,1080,11.1739,12.4065,9.80173,1,1,0,0,0,0
1080,6,candidate,678,1280,720,1920,1080,11.2179,12.4485,9.84166,1,1,0,0,0,0
1080,6,candidate,679,1280,720,1920,1080,11.1309,12.4064,9.75974,1,1,0,0,0,0
1080,6,candidate,680,1280,720,1920,1080,11.1544,12.3047,9.7792,1,1,0,0,0,0
1080,6,candidate,681,1280,720,1920,1080,11.4227,12.4772,10.0506,1,1,0,0,0,0
1080,6,candidate,682,1280,720,1920,1080,11.1596,12.3725,9.78227,1,1,0,0,0,0
1080,6,candidate,683,1280,720,1920,1080,11.0408,12.2446,9.66554,1,1,0,0,0,0
1080,6,candidate,684,1280,720,1920,1080,9.75974,10.7298,8.38758,1,1,0,0,0,0
1080,6,candidate,685,1280,720,1920,1080,12.5972,13.7413,10.3168,1,1,0,0,0,0
1080,6,candidate,686,1280,720,1920,1080,11.0182,12.2683,9.64198,1,1,0,0,0,0
1080,6,candidate,687,1280,720,1920,1080,11.2599,12.1896,9.8857,1,1,0,0,0,0
1080,6,candidate,688,1280,720,1920,1080,11.2353,12.2334,9.85805,1,1,0,0,0,0
1080,6,candidate,689,1280,720,1920,1080,11.2968,12.296,9.92256,1,1,0,0,0,0
1080,6,candidate,690,1280,720,1920,1080,11.1882,12.1545,9.81094,1,1,0,0,0,0
1080,6,candidate,691,1280,720,1920,1080,11.2886,12.2024,9.91232,1,1,0,0,0,0
1080,6,candidate,692,1280,720,1920,1080,11.3336,12.3092,9.95635,1,1,0,0,0,0
1080,6,candidate,693,1280,720,1920,1080,11.6081,12.8672,10.2349,1,1,0,0,0,0
1080,6,candidate,694,1280,720,1920,1080,11.4719,12.3919,10.0936,1,1,0,0,0,0
1080,6,candidate,695,1280,720,1920,1080,11.4842,12.5554,10.1079,1,1,0,0,0,0
1080,6,candidate,696,1280,720,1920,1080,11.2886,12.2355,9.90618,1,1,0,0,0,0
1080,6,candidate,697,1280,720,1920,1080,11.2845,12.3067,9.90925,1,1,0,0,0,0
1080,6,candidate,698,1280,720,1920,1080,11.2896,12.3999,9.9113,1,1,0,0,0,0
1080,6,candidate,699,1280,720,1920,1080,11.2824,12.2231,9.91027,1,1,0,0,0,0
1080,6,candidate,700,1280,720,1920,1080,11.4913,12.4739,9.8345,1,1,0,0,0,0
1080,6,candidate,701,1280,720,1920,1080,11.4452,12.4192,9.81197,1,1,0,0,0,0
1080,6,candidate,702,1280,720,1920,1080,11.2937,12.3776,9.91744,1,1,0,0,0,0
1080,6,candidate,703,1280,720,1920,1080,11.4463,12.5058,9.80992,1,1,0,0,0,0
1080,6,candidate,704,1280,720,1920,1080,11.2773,12.2745,9.89901,1,1,0,0,0,0
1080,6,candidate,705,1280,720,1920,1080,11.4258,12.3986,9.78944,1,1,0,0,0,0
1080,6,candidate,706,1280,720,1920,1080,11.435,12.6078,9.79251,1,1,0,0,0,0
1080,6,candidate,707,1280,720,1920,1080,11.5077,12.523,9.86214,1,1,0,0,0,0
1080,6,candidate,708,1280,720,1920,1080,11.4237,12.3791,9.78227,1,1,0,0,0,0
1080,6,candidate,709,1280,720,1920,1080,11.4473,12.5464,9.81402,1,1,0,0,0,0
1080,6,candidate,710,1280,720,1920,1080,11.2998,12.3119,9.74746,1,1,0,0,0,0
1080,6,candidate,711,1280,720,1920,1080,11.3725,12.4473,9.99731,1,1,0,0,0,0
1080,6,candidate,712,1280,720,1920,1080,11.4483,12.4811,9.80582,1,1,0,0,0,0
1080,6,candidate,713,1280,720,1920,1080,11.4575,12.452,9.82528,1,1,0,0,0,0
1080,6,candidate,714,1280,720,1920,1080,11.3623,12.7049,9.98605,1,1,0,0,0,0
1080,6,candidate,715,1280,720,1920,1080,11.1114,12.3195,9.74029,1,1,0,0,0,0
1080,6,candidate,716,1280,720,1920,1080,11.4176,12.2864,9.7751,1,1,0,0,0,0
1080,6,candidate,717,1280,720,1920,1080,11.4821,12.4384,9.8345,1,1,0,0,0,0
1080,6,candidate,718,1280,720,1920,1080,11.3725,12.3647,9.8089,1,1,0,0,0,0
1080,6,candidate,719,1280,720,1920,1080,10.9701,12.1223,9.59693,1,1,0,0,0,0
1080,6,candidate,720,1280,720,1920,1080,11.0459,12.1509,9.67168,1,1,0,0,0,0
1080,6,candidate,721,1280,720,1920,1080,11.2087,12.1269,9.83245,1,1,0,0,0,0
1080,6,candidate,722,1280,720,1920,1080,11.3009,12.3228,9.92256,1,1,0,0,0,0
1080,6,candidate,723,1280,720,1920,1080,11.3101,12.293,9.9369,1,1,0,0,0,0
1080,6,candidate,724,1280,720,1920,1080,11.0121,12.2963,9.63379,1,1,0,0,0,0
1080,6,candidate,725,1280,720,1920,1080,11.436,12.467,10.0628,1,1,0,0,0,0
1080,6,candidate,726,1280,720,1920,1080,11.3234,12.3612,9.94714,1,1,0,0,0,0
1080,6,candidate,727,1280,720,1920,1080,11.22,12.2116,9.84678,1,1,0,0,0,0
1080,6,candidate,728,1280,720,1920,1080,11.0479,12.1462,9.66758,1,1,0,0,0,0
1080,6,candidate,729,1280,720,1920,1080,11.434,12.4697,10.0608,1,1,0,0,0,0
1080,6,candidate,730,1280,720,1920,1080,11.262,12.2052,9.88262,1,1,0,0,0,0
1080,6,candidate,731,1280,720,1920,1080,11.2384,12.3154,9.86522,1,1,0,0,0,0
1080,6,candidate,732,1280,720,1920,1080,11.4708,12.6007,10.0915,1,1,0,0,0,0
1080,6,candidate,733,1280,720,1920,1080,11.178,12.1804,9.80275,1,1,0,0,0,0
1080,6,candidate,734,1280,720,1920,1080,11.4227,12.4626,10.0444,1,1,0,0,0,0
1080,6,candidate,735,1280,720,1920,1080,11.4166,12.4589,10.0424,1,1,0,0,0,0
1080,6,candidate,736,1280,720,1920,1080,11.4381,12.3709,10.0608,1,1,0,0,0,0
1080,6,candidate,737,1280,720,1920,1080,11.4166,12.4546,10.0454,1,1,0,0,0,0
1080,6,candidate,738,1280,720,1920,1080,11.4514,12.4257,10.0751,1,1,0,0,0,0
1080,6,candidate,739,1280,720,1920,1080,11.2466,12.2559,9.87341,1,1,0,0,0,0
1080,6,candidate,740,1280,720,1920,1080,11.4555,12.5714,9.81709,1,1,0,0,0,0
1080,6,candidate,741,1280,720,1920,1080,11.262,12.2583,9.88877,1,1,0,0,0,0
1080,6,candidate,742,1280,720,1920,1080,11.2579,12.2237,9.87955,1,1,0,0,0,0
1080,6,candidate,743,1280,720,1920,1080,11.4043,12.3814,9.77101,1,1,0,0,0,0
1080,6,candidate,744,1280,720,1920,1080,11.2353,12.1831,9.61843,1,1,0,0,0,0
1080,6,candidate,745,1280,720,1920,1080,11.2742,12.34,9.63891,1,1,0,0,0,0
1080,6,candidate,746,1280,720,1920,1080,11.3193,12.2692,9.67066,1,1,0,0,0,0
1080,6,candidate,747,1280,720,1920,1080,11.2722,12.1834,9.63994,1,1,0,0,0,0
1080,6,candidate,748,1280,720,1920,1080,11.0223,12.2745,9.64506,1,1,0,0,0,0
1080,6,candidate,749,1280,720,1920,1080,11.2558,12.5879,9.88058,1,1,0,0,0,0
1080,6,candidate,750,1280,720,1920,1080,11.2681,12.7941,9.89286,1,1,0,0,0,0
1080,6,candidate,751,1280,720,1920,1080,11.2876,12.339,9.65325,1,1,0,0,0,0
1080,6,candidate,752,1280,720,1920,1080,11.2548,12.5104,9.8775,1,1,0,0,0,0
1080,6,candidate,753,1280,720,1920,1080,11.2282,12.4023,9.85395,1,1,0,0,0,0
1080,6,candidate,754,1280,720,1920,1080,11.3019,12.3269,9.92461,1,1,0,0,0,0
1080,6,candidate,755,1280,720,1920,1080,11.3848,12.4082,9.98912,1,1,0,0,0,0
1080,6,candidate,756,1280,720,1920,1080,11.519,12.4447,9.89082,1,1,0,0,0,0
1080,6,candidate,757,1280,720,1920,1080,11.2425,12.4837,9.86829,1,1,0,0,0,0
1080,6,candidate,758,1280,720,1920,1080,11.2077,12.5071,9.8304,1,1,0,0,0,0
1080,6,candidate,759,1280,720,1920,1080,11.2701,12.6,9.89696,1,1,0,0,0,0
1080,6,candidate,760,1280,720,1920,1080,11.2271,12.5,9.84883,1,1,0,0,0,0
1080,6,candidate,761,1280,720,1920,1080,11.2026,12.5044,9.82733,1,1,0,0,0,0
1080,6,candidate,762,1280,720,1920,1080,10.11,11.3929,8.73472,1,1,0,0,0,0
1080,6,candidate,763,1280,720,1920,1080,9.40442,10.3608,8.03226,1,1,0,0,0,0
1080,6,candidate,764,1280,720,1920,1080,12.4877,13.5535,11.0735,1,1,0,0,0,0
1080,6,candidate,765,1280,720,1920,1080,11.6029,12.7617,9.97478,1,1,0,0,0,0
1080,6,candidate,766,1280,720,1920,1080,11.2937,12.3016,9.91539,1,1,0,0,0,0
1080,6,candidate,767,1280,720,1920,1080,11.2579,12.273,9.88058,1,1,0,0,0,0
1080,6,candidate,768,1280,720,1920,1080,11.3408,12.2599,9.76998,1,1,0,0,0,0
1080,6,candidate,769,1280,720,1920,1080,11.561,12.4856,9.94918,1,1,0,0,0,0
1080,6,candidate,770,1280,720,1920,1080,11.0572,12.1375,9.65222,1,1,0,0,0,0
1080,6,candidate,771,1280,720,1920,1080,10.9568,11.9394,9.58464,1,1,0,0,0,0
1080,6,candidate,772,1280,720,1920,1080,11.3869,12.2902,9.75462,1,1,0,0,0,0
1080,6,candidate,773,1280,720,1920,1080,11.4616,12.4295,9.80992,1,1,0,0,0,0
1080,6,candidate,774,1280,720,1920,1080,11.3172,12.5207,9.66349,1,1,0,0,0,0
1080,6,candidate,775,1280,720,1920,1080,11.2742,12.2098,9.64301,1,1,0,0,0,0
1080,6,candidate,776,1280,720,1920,1080,11.3152,12.2535,9.65632,1,1,0,0,0,0
1080,6,candidate,777,1280,720,1920,1080,11.1483,12.4167,9.77306,1,1,0,0,0,0
1080,6,candidate,778,1280,720,1920,1080,11.2118,12.4246,9.83347,1,1,0,0,0,0
1080,6,candidate,779,1280,720,1920,1080,11.2609,12.1995,9.61741,1,1,0,0,0,0
1080,6,candidate,780,1280,720,1920,1080,11.2538,12.4985,9.8775,1,1,0,0,0,0
1080,6,candidate,781,1280,720,1920,1080,11.519,12.5032,9.88058,1,1,0,0,0,0
1080,6,candidate,782,1280,720,1920,1080,11.1729,12.2678,9.79661,1,1,0,0,0,0
1080,6,candidate,783,1280,720,1920,1080,11.3336,12.2727,9.9584,1,1,0,0,0,0
1080,6,candidate,784,1280,720,1920,1080,10.9988,12.2432,9.62253,1,1,0,0,0,0
1080,6,candidate,785,1280,720,1920,1080,11.1432,12.2274,9.77101,1,1,0,0,0,0
1080,6,candidate,786,1280,720,1920,1080,11.2589,12.2047,9.8816,1,1,0,0,0,0
1080,6,candidate,787,1280,720,1920,1080,11.2712,12.32,9.66451,1,1,0,0,0,0
1080,6,candidate,788,1280,720,1920,1080,11.1329,12.2596,9.7577,1,1,0,0,0,0
1080,6,candidate,789,1280,720,1920,1080,11.9204,12.8452,10.2625,1,1,0,0,0,0
1080,6,candidate,790,1280,720,1920,1080,11.178,12.1604,9.79968,1,1,0,0,0,0
1080,6,candidate,791,1280,720,1920,1080,11.0234,12.0673,9.62355,1,1,0,0,0,0
1080,6,candidate,792,1280,720,1920,1080,11.8927,12.8999,10.4991,1,1,0,0,0,0
1080,6,candidate,793,1280,720,1920,1080,11.2497,12.183,9.63379,1,1,0,0,0,0
1080,6,candidate,794,1280,720,1920,1080,11.7248,12.6736,10.0956,1,1,0,0,0,0
1080,6,candidate,795,1280,720,1920,1080,11.3326,12.3489,9.71366,1,1,0,0,0,0
1080,6,candidate,796,1280,720,1920,1080,11.2701,12.1843,9.89082,1,1,0,0,0,0
1080,6,candidate,797,1280,720,1920,1080,11.4278,12.4582,10.0547,1,1,0,0,0,0
1080,6,candidate,798,1280,720,1920,1080,11.2865,12.3456,9.90822,1,1,0,0,0,0
1080,6,candidate,799,1280,720,1920,1080,11.3992,12.3036,10.026,1,1,0,0,0,0
1080,6,candidate,800,1280,720,1920,1080,11.4483,12.3783,10.07,1,1,0,0,0,0
1080,6,candidate,801,1280,720,1920,1080,11.2835,12.3087,9.9113,1,1,0,0,0,0
1080,6,candidate,802,1280,720,1920,1080,11.3172,12.2401,9.94099,1,1,0,0,0,0
1080,6,candidate,803,1280,720,1920,1080,11.4432,12.4061,9.80685,1,1,0,0,0,0
1080,6,candidate,804,1280,720,1920,1080,11.4545,12.4033,9.82221,1,1,0,0,0,0
1080,6,candidate,805,1280,720,1920,1080,11.4258,12.4129,9.79763,1,1,0,0,0,0
1080,6,candidate,806,1280,720,1920,1080,11.4145,12.3247,9.77715,1,1,0,0,0,0
1080,6,candidate,807,1280,720,1920,1080,11.4258,12.4739,9.79046,1,1,0,0,0,0
1080,6,candidate,808,1280,720,1920,1080,11.4575,12.5339,9.82118,1,1,0,0,0,0
1080,6,candidate,809,1280,720,1920,1080,11.4401,12.4165,9.80685,1,1,0,0,0,0
1080,6,candidate,810,1280,720,1920,1080,11.2957,13.1808,9.9113,1,1,0,0,0,0
1080,6,candidate,811,1280,720,1920,1080,11.2927,12.3434,9.91744,1,1,0,0,0,0
1080,6,candidate,812,1280,720,1920,1080,11.4749,12.5393,9.84371,1,1,0,0,0,0
1080,6,candidate,813,1280,720,1920,1080,11.4299,12.3991,9.80685,1,1,0,0,0,0
1080,6,candidate,814,1280,720,1920,1080,11.262,12.222,9.88774,1,1,0,0,0,0
1080,6,candidate,815,1280,720,1920,1080,11.4186,12.3883,9.79866,1,1,0,0,0,0
1080,6,candidate,816,1280,720,1920,1080,11.4534,12.4517,9.82323,1,1,0,0,0,0
1080,6,candidate,817,1280,720,1920,1080,11.5046,12.4913,9.86829,1,1,0,0,0,0
1080,6,candidate,818,1280,720,1920,1080,11.2681,12.3029,9.89184,1,1,0,0,0,0
1080,6,candidate,819,1280,720,1920,1080,11.434,12.393,9.80992,1,1,0,0,0,0
1080,6,candidate,820,1280,720,1920,1080,11.3705,12.3101,9.74438,1,1,0,0,0,0
1080,6,candidate,821,1280,720,1920,1080,11.4493,12.5544,9.82733,1,1,0,0,0,0
1080,6,candidate,822,1280,720,1920,1080,11.4719,12.6789,9.84883,1,1,0,0,0,0
1080,6,candidate,823,1280,720,1920,1080,11.4401,12.5717,9.81606,1,1,0,0,0,0
1080,6,candidate,824,1280,720,1920,1080,11.4186,12.3972,9.79149,1,1,0,0,0,0
1080,6,candidate,825,1280,720,1920,1080,11.4145,12.3145,9.78739,1,1,0,0,0,0
1080,6,candidate,826,1280,720,1920,1080,11.2497,12.2115,9.6256,1,1,0,0,0,0
1080,6,candidate,827,1280,720,1920,1080,11.3254,12.4765,9.69728,1,1,0,0,0,0
1080,6,candidate,828,1280,720,1920,1080,11.2865,12.3117,9.66144,1,1,0,0,0,0
1080,6,candidate,829,1280,720,1920,1080,11.3019,12.3793,9.6768,1,1,0,0,0,0
1080,6,candidate,830,1280,720,1920,1080,11.2835,12.3483,9.65734,1,1,0,0,0,0
1080,6,candidate,831,1280,720,1920,1080,11.2497,12.2897,9.62662,1,1,0,0,0,0
1080,6,candidate,832,1280,720,1920,1080,15.8167,17.0143,14.1855,1,1,0,0,0,0
1080,6,candidate,833,1280,720,1920,1080,11.3551,12.854,9.98093,1,1,0,0,0,0
1080,6,candidate,834,1280,720,1920,1080,11.4248,12.6153,9.79251,1,1,0,0,0,0
1080,6,candidate,835,1280,720,1920,1080,11.2333,12.2379,9.85805,1,1,0,0,0,0
1080,6,candidate,836,1280,720,1920,1080,11.4565,12.5417,9.80685,1,1,0,0,0,0
1080,6,candidate,837,1280,720,1920,1080,11.4074,12.4288,9.77818,1,1,0,0,0,0
1080,6,candidate,838,1280,720,1920,1080,11.4668,12.5682,9.83962,1,1,0,0,0,0
1080,6,candidate,839,1280,720,1920,1080,11.4125,12.3875,9.78022,1,1,0,0,0,0
1080,6,candidate,840,1280,720,1920,1080,11.2599,12.2553,9.63072,1,1,0,0,0,0
1080,6,candidate,841,1280,720,1920,1080,11.4432,12.4406,9.80992,1,1,0,0,0,0
1080,6,candidate,842,1280,720,1920,1080,11.2691,12.2431,9.63072,1,1,0,0,0,0
1080,6,candidate,843,1280,720,1920,1080,11.223,12.484,9.84986,1,1,0,0,0,0
1080,6,candidate,844,1280,720,1920,1080,11.2794,12.5129,9.90515,1,1,0,0,0,0
1080,6,candidate,845,1280,720,1920,1080,11.22,12.4335,9.84474,1,1,0,0,0,0
1080,6,candidate,846,1280,720,1920,1080,11.2343,12.6178,9.85702,1,1,0,0,0,0
1080,6,candidate,847,1280,720,1920,1080,11.2384,12.2626,9.86317,1,1,0,0,0,0
1080,6,candidate,848,1280,720,1920,1080,11.2722,12.4416,9.63174,1,1,0,0,0,0
1080,6,candidate,849,1280,720,1920,1080,11.1514,12.3678,9.77818,1,1,0,0,0,0
1080,6,candidate,850,1280,720,1920,1080,11.1729,12.4472,9.79763,1,1,0,0,0,0
1080,6,candidate,851,1280,720,1920,1080,11.178,12.3924,9.80378,1,1,0,0,0,0
1080,6,candidate,852,1280,720,1920,1080,11.3336,12.5488,9.95635,1,1,0,0,0,0
1080,6,candidate,853,1280,720,1920,1080,11.3787,12.3708,9.98605,1,1,0,0,0,0
1080,6,candidate,854,1280,720,1920,1080,11.3715,12.3127,9.80173,1,1,0,0,0,0
1080,6,candidate,855,1280,720,1920,1080,11.3009,12.354,9.92461,1,1,0,0,0,0
1080,6,candidate,856,1280,720,1920,1080,11.2087,12.4859,9.82938,1,1,0,0,0,0
1080,6,candidate,857,1280,720,1920,1080,11.262,12.5949,9.88877,1,1,0,0,0,0
1080,6,candidate,858,1280,720,1920,1080,11.1575,12.49,9.78022,1,1,0,0,0,0
1080,6,candidate,859,1280,720,1920,1080,11.0438,12.315,9.67066,1,1,0,0,0,0
1080,6,candidate,860,1280,720,1920,1080,11.263,12.4658,9.88365,1,1,0,0,0,0
1080,6,candidate,861,1280,720,1920,1080,11.2712,12.5019,9.89389,1,1,0,0,0,0
1080,6,candidate,862,1280,720,1920,1080,11.1053,12.4563,9.73005,1,1,0,0,0,0
1080,6,candidate,863,1280,720,1920,1080,11.1677,12.5605,9.79456,1,1,0,0,0,0
1080,6,candidate,864,1280,720,1920,1080,11.0203,12.2835,9.64403,1,1,0,0,0,0
1080,6,candidate,865,1280,720,1920,1080,11.221,12.3779,9.84474,1,1,0,0,0,0
1080,6,candidate,866,1280,720,1920,1080,11.0162,12.281,9.63789,1,1,0,0,0,0
1080,6,candidate,867,1280,720,1920,1080,11.1616,12.4956,9.78842,1,1,0,0,0,0
1080,6,candidate,868,1280,720,1920,1080,11.2896,12.2804,9.91334,1,1,0,0,0,0
1080,6,candidate,869,1280,720,1920,1080,10.8012,11.9229,9.42592,1,1,0,0,0,0
1080,6,candidate,870,1280,720,1920,1080,11.0961,12.1853,9.7024,1,1,0,0,0,0
1080,6,candidate,871,1280,720,1920,1080,11.2722,12.3516,9.89696,1,1,0,0,0,0
1080,6,candidate,872,1280,720,1920,1080,11.2957,12.2729,9.74131,1,1,0,0,0,0
1080,6,candidate,873,1280,720,1920,1080,11.2681,12.2872,9.89389,1,1,0,0,0,0
1080,6,candidate,874,1280,720,1920,1080,11.4698,12.4093,10.0905,1,1,0,0,0,0
1080,6,candidate,875,1280,720,1920,1080,11.3807,12.3625,10.0045,1,1,0,0,0,0
1080,6,candidate,876,1280,720,1920,1080,11.4217,12.3641,10.0454,1,1,0,0,0,0
1080,6,candidate,877,1280,720,1920,1080,11.1503,12.1856,9.77408,1,1,0,0,0,0
1080,6,candidate,878,1280,720,1920,1080,11.307,12.2286,9.9287,1,1,0,0,0,0
1080,6,candidate,879,1280,720,1920,1080,11.349,12.2917,9.72083,1,1,0,0,0,0
1080,6,candidate,880,1280,720,1920,1080,11.3183,12.2989,9.61843,1,1,0,0,0,0
1080,6,candidate,881,1280,720,1920,1080,11.4545,12.5081,9.81197,1,1,0,0,0,0
1080,6,candidate,882,1280,720,1920,1080,11.4166,12.412,9.78637,1,1,0,0,0,0
1080,6,candidate,883,1280,720,1920,1080,11.4924,12.6834,9.85907,1,1,0,0,0,0
1080,6,candidate,884,1280,720,1920,1080,11.4616,12.4963,9.83347,1,1,0,0,0,0
1080,6,candidate,885,1280,720,1920,1080,11.393,12.32,9.76998,1,1,0,0,0,0
1080,6,candidate,886,1280,720,1920,1080,11.4698,12.4277,9.8345,1,1,0,0,0,0
1080,6,candidate,887,1280,720,1920,1080,11.433,12.4255,9.80275,1,1,0,0,0,0
1080,6,candidate,888,1280,720,1920,1080,11.4442,12.4146,9.81504,1,1,0,0,0,0
1080,6,candidate,889,1280,720,1920,1080,11.5425,12.7373,9.91744,1,1,0,0,0,0
1080,6,candidate,890,1280,720,1920,1080,11.4842,12.4749,9.83142,1,1,0,0,0,0
1080,6,candidate,891,1280,720,1920,1080,11.4739,12.504,9.83347,1,1,0,0,0,0
1080,6,candidate,892,1280,720,1920,1080,11.4391,12.5213,9.80992,1,1,0,0,0,0
1080,6,candidate,893,1280,720,1920,1080,11.4801,12.4516,9.83962,1,1,0,0,0,0
1080,6,candidate,894,1280,720,1920,1080,11.2599,12.208,9.61229,1,1,0,0,0,0
1080,6,candidate,895,1280,720,1920,1080,11.4299,12.4992,9.8048,1,1,0,0,0,0
1080,6,candidate,896,1280,720,1920,1080,11.5825,12.7857,9.94611,1,1,0,0,0,0
1080,6,candidate,897,1280,720,1920,1080,11.4637,12.5458,9.83552,1,1,0,0,0,0
1080,6,candidate,898,1280,720,1920,1080,11.2773,12.2764,9.89901,1,1,0,0,0,0
1080,6,candidate,899,1280,720,1920,1080,11.4831,12.4595,9.84883,1,1,0,0,0,0
1080,6,candidate,900,1280,720,1920,1080,11.2712,12.2872,9.64096,1,1,0,0,0,0
1080,6,candidate,901,1280,720,1920,1080,11.5077,12.4792,9.87136,1,1,0,0,0,0
1080,6,candidate,902,1280,720,1920,1080,11.3951,12.3241,9.76794,1,1,0,0,0,0
1080,6,candidate,903,1280,720,1920,1080,11.2558,12.2751,9.62867,1,1,0,0,0,0
1080,6,candidate,904,1280,720,1920,1080,11.2855,12.3969,9.65222,1,1,0,0,0,0
1080,6,candidate,905,1280,720,1920,1080,11.2609,12.1731,9.63277,1,1,0,0,0,0
1080,6,candidate,906,1280,720,1920,1080,11.2445,12.6778,9.86726,1,1,0,0,0,0
1080,6,candidate,907,1280,720,1920,1080,11.2671,12.403,9.64301,1,1,0,0,0,0
1080,6,candidate,908,1280,720,1920,1080,11.3234,12.3423,9.69523,1,1,0,0,0,0
1080,6,candidate,909,1280,720,1920,1080,11.4872,12.4008,9.86317,1,1,0,0,0,0
1080,6,candidate,910,1280,720,1920,1080,11.1831,12.2932,9.8048,1,1,0,0,0,0
1080,6,candidate,911,1280,720,1920,1080,11.5026,12.6334,10.1284,1,1,0,0,0,0
1080,6,candidate,912,1280,720,1920,1080,11.5968,12.8567,10.1837,1,1,0,0,0,0
1080,6,candidate,913,1280,720,1920,1080,11.2466,12.3876,9.87238,1,1,0,0,0,0
1080,6,candidate,914,1280,720,1920,1080,11.4903,12.4295,9.85498,1,1,0,0,0,0
1080,6,candidate,915,1280,720,1920,1080,11.2876,12.7208,9.90925,1,1,0,0,0,0
1080,6,candidate,916,1280,720,1920,1080,11.0449,12.382,9.64813,1,1,0,0,0,0
1080,6,candidate,917,1280,720,1920,1080,11.5876,12.5524,9.96352,1,1,0,0,0,0
1080,6,candidate,918,1280,720,1920,1080,11.2374,12.4599,9.85702,1,1,0,0,0,0
1080,6,candidate,919,1280,720,1920,1080,11.3981,12.6342,8.73984,1,1,0,0,0,0
1080,6,candidate,920,1280,720,1920,1080,11.4831,12.3901,9.92256,1,1,0,0,0,0
1080,6,candidate,921,1280,720,1920,1080,11.4422,12.4653,10.0649,1,1,0,0,0,0
1080,6,candidate,922,1280,720,1920,1080,10.9978,12.1823,9.61843,1,1,0,0,0,0
1080,6,candidate,923,1280,720,1920,1080,11.3347,12.3004,9.95942,1,1,0,0,0,0
1080,6,candidate,924,1280,720,1920,1080,11.2517,12.2074,9.87136,1,1,0,0,0,0
1080,6,candidate,925,1280,720,1920,1080,9.74643,10.7141,8.37427,1,1,0,0,0,0
1080,6,candidate,926,1280,720,1920,1080,11.2015,12.8894,9.80787,1,1,0,0,0,0
1080,6,candidate,927,1280,720,1920,1080,11.3674,12.3429,9.99219,1,1,0,0,0,0
1080,6,candidate,928,1280,720,1920,1080,11.3183,12.3068,9.93792,1,1,0,0,0,0
1080,6,candidate,929,1280,720,1920,1080,11.8446,12.8807,10.2031,1,1,0,0,0,0
1080,6,candidate,930,1280,720,1920,1080,11.2159,12.2788,9.83757,1,1,0,0,0,0
1080,6,candidate,931,1280,720,1920,1080,11.2404,12.2112,9.86624,1,1,0,0,0,0
1080,6,candidate,932,1280,720,1920,1080,11.2814,12.2279,9.90413,1,1,0,0,0,0
1080,6,candidate,933,1280,720,1920,1080,11.4811,12.3944,10.1069,1,1,0,0,0,0
1080,6,candidate,934,1280,720,1920,1080,11.4022,12.4382,10.0086,1,1,0,0,0,0
1080,6,candidate,935,1280,720,1920,1080,11.3684,12.3857,9.99322,1,1,0,0,0,0
1080,6,candidate,936,1280,720,1920,1080,11.4678,12.5291,10.0895,1,1,0,0,0,0
1080,6,candidate,937,1280,720,1920,1080,11.4627,12.4302,10.0874,1,1,0,0,0,0
1080,6,candidate,938,1280,720,1920,1080,11.9747,13.204,10.581,1,1,0,0,0,0
1080,6,candidate,939,1280,720,1920,1080,11.3142,12.3285,9.93894,1,1,0,0,0,0
1080,6,candidate,940,1280,720,1920,1080,11.263,12.3478,9.88365,1,1,0,0,0,0
1080,6,candidate,941,1280,720,1920,1080,11.4903,12.4389,10.112,1,1,0,0,0,0
1080,6,candidate,942,1280,720,1920,1080,11.5978,12.7205,9.93485,1,1,0,0,0,0
1080,6,candidate,943,1280,720,1920,1080,11.5589,12.5674,9.91539,1,1,0,0,0,0
1080,6,candidate,944,1280,720,1920,1080,10.9681,12.2466,9.59181,1,1,0,0,0,0
1080,6,candidate,945,1280,720,1920,1080,11.564,12.5082,10.1888,1,1,0,0,0,0
1080,6,candidate,946,1280,720,1920,1080,11.3275,12.3296,9.94509,1,1,0,0,0,0
1080,6,candidate,947,1280,720,1920,1080,11.2353,12.2865,9.85702,1,1,0,0,0,0
1080,6,candidate,948,1280,720,1920,1080,11.35,12.4922,9.97171,1,1,0,0,0,0
1080,6,candidate,949,1280,720,1920,1080,11.4371,12.5421,10.0618,1,1,0,0,0,0
1080,6,candidate,950,1280,720,1920,1080,11.3664,12.4779,9.9881,1,1,0,0,0,0
1080,6,candidate,951,1280,720,1920,1080,11.2804,12.1608,9.72083,1,1,0,0,0,0
1080,6,candidate,952,1280,720,1920,1080,11.4452,12.3514,10.0639,1,1,0,0,0,0
1080,6,candidate,953,1280,720,1920,1080,11.4237,12.3212,9.78842,1,1,0,0,0,0
1080,6,candidate,954,1280,720,1920,1080,10.9834,12.1417,9.6041,1,1,0,0,0,0
1080,6,candidate,955,1280,720,1920,1080,9.8007,10.8215,8.42752,1,1,0,0,0,0
1080,6,candidate,956,1280,720,1920,1080,12.93,14.0421,11.5077,1,1,0,0,0,0
1080,6,candidate,957,1280,720,1920,1080,12.0678,13.0529,10.4131,1,1,0,0,0,0
1080,6,candidate,958,1280,720,1920,1080,11.3254,12.3232,9.94611,1,1,0,0,0,0
1080,6,candidate,959,1280,720,1920,1080,11.2568,12.2228,9.88058,1,1,0,0,0,0
1080,6,candidate,960,1280,720,1920,1080,11.4647,12.4411,9.82323,1,1,0,0,0,0
1080,6,candidate,961,1280,720,1920,1080,11.5046,12.5388,9.85088,1,1,0,0,0,0
1080,6,candidate,962,1280,720,1920,1080,11.2732,12.3001,9.89389,1,1,0,0,0,0
1080,6,candidate,963,1280,720,1920,1080,11.6234,12.6595,9.88058,1,1,0,0,0,0
1080,6,candidate,964,1280,720,1920,1080,11.479,12.4221,9.83962,1,1,0,0,0,0
1080,6,candidate,965,1280,720,1920,1080,11.4831,12.5578,9.83859,1,1,0,0,0,0
1080,6,candidate,966,1280,720,1920,1080,11.2681,12.3998,9.88877,1,1,0,0,0,0
1080,6,candidate,967,1280,720,1920,1080,11.4729,12.5049,9.83245,1,1,0,0,0,0
1080,6,candidate,968,1280,720,1920,1080,11.4596,12.5088,9.80275,1,1,0,0,0,0
1080,6,candidate,969,1280,720,1920,1080,11.4534,12.5415,9.80275,1,1,0,0,0,0
1080,6,candidate,970,1280,720,1920,1080,11.5569,12.7599,9.87853,1,1,0,0,0,0
1080,6,candidate,971,1280,720,1920,1080,11.2415,12.3667,9.86624,1,1,0,0,0,0
1080,6,candidate,972,1280,720,1920,1080,11.3172,12.4167,9.93485,1,1,0,0,0,0
1080,6,candidate,973,1280,720,1920,1080,11.3582,12.4946,9.9799,1,1,0,0,0,0
1080,6,candidate,974,1280,720,1920,1080,11.0612,12.1656,9.6512,1,1,0,0,0,0
1080,6,candidate,975,1280,720,1920,1080,11.3787,12.2922,9.76179,1,1,0,0,0,0
1080,6,candidate,976,1280,720,1920,1080,11.3203,12.2705,9.75053,1,1,0,0,0,0
1080,6,candidate,977,1280,720,1920,1080,11.2927,12.483,9.91334,1,1,0,0,0,0
1080,6,candidate,978,1280,720,1920,1080,11.2824,12.1709,9.64198,1,1,0,0,0,0
1080,6,candidate,979,1280,720,1920,1080,11.1892,12.5409,9.81299,1,1,0,0,0,0
1080,6,candidate,980,1280,720,1920,1080,11.2384,12.468,9.66758,1,1,0,0,0,0
1080,6,candidate,981,1280,720,1920,1080,11.2804,12.3911,9.90208,1,1,0,0,0,0
1080,6,candidate,982,1280,720,1920,1080,11.1903,12.1505,9.63584,1,1,0,0,0,0
1080,6,candidate,983,1280,720,1920,1080,11.3449,12.4283,9.96557,1,1,0,0,0,0
1080,6,candidate,984,1280,720,1920,1080,11.3388,12.3204,9.95942,1,1,0,0,0,0
1080,6,candidate,985,1280,720,1920,1080,11.3039,12.1637,9.9287,1,1,0,0,0,0
1080,6,candidate,986,1280,720,1920,1080,11.0049,12.0961,9.62662,1,1,0,0,0,0
1080,6,candidate,987,1280,720,1920,1080,11.3408,12.3063,9.96045,1,1,0,0,0,0
1080,6,candidate,988,1280,720,1920,1080,11.4473,12.5284,9.82221,1,1,0,0,0,0
1080,6,candidate,989,1280,720,1920,1080,11.3213,12.3817,9.94304,1,1,0,0,0,0
1080,6,candidate,990,1280,720,1920,1080,11.2046,12.1445,9.82426,1,1,0,0,0,0
1080,6,candidate,991,1280,720,1920,1080,11.0879,12.2663,9.71366,1,1,0,0,0,0
1080,6,candidate,992,1280,720,1920,1080,11.4514,12.4566,10.071,1,1,0,0,0,0
1080,6,candidate,993,1280,720,1920,1080,11.3357,12.4012,9.67168,1,1,0,0,0,0
1080,6,candidate,994,1280,720,1920,1080,11.0111,12.3015,8.37427,1,1,0,0,0,0
1080,6,candidate,995,1280,720,1920,1080,11.6818,12.638,10.0526,1,1,0,0,0,0
1080,6,candidate,996,1280,720,1920,1080,11.2108,12.2432,9.64813,1,1,0,0,0,0
1080,6,candidate,997,1280,720,1920,1080,11.4125,12.4052,10.0352,1,1,0,0,0,0
1080,6,candidate,998,1280,720,1920,1080,11.3152,12.2669,9.9369,1,1,0,0,0,0
1080,6,candidate,999,1280,720,1920,1080,11.5128,12.4836,10.1356,1,1,0,0,0,0
1080,6,candidate,1000,1280,720,1920,1080,11.5036,12.434,10.1243,1,1,0,0,0,0
1080,6,candidate,1001,1280,720,1920,1080,11.4627,12.4439,10.0854,1,1,0,0,0,0
1080,6,candidate,1002,1280,720,1920,1080,11.2998,12.334,9.92051,1,1,0,0,0,0
1080,6,candidate,1003,1280,720,1920,1080,11.4586,12.6154,10.0833,1,1,0,0,0,0
1080,6,candidate,1004,1280,720,1920,1080,11.3428,12.7924,9.96454,1,1,0,0,0,0
1080,6,candidate,1005,1280,720,1920,1080,11.3367,12.3619,9.95635,1,1,0,0,0,0
1080,6,candidate,1006,1280,720,1920,1080,11.2957,12.3744,9.89389,1,1,0,0,0,0
1080,6,candidate,1007,1280,720,1920,1080,12.075,13.0195,10.6916,1,1,0,0,0,0
1080,6,candidate,1008,1280,720,1920,1080,11.307,12.2786,9.67578,1,1,0,0,0,0
1080,6,candidate,1009,1280,720,1920,1080,11.2927,12.2871,9.91539,1,1,0,0,0,0
1080,6,candidate,1010,1280,720,1920,1080,11.4268,12.4074,10.0465,1,1,0,0,0,0
1080,6,candidate,1011,1280,720,1920,1080,11.4944,12.4841,10.1161,1,1,0,0,0,0
1080,6,candidate,1012,1280,720,1920,1080,11.479,12.4582,10.0977,1,1,0,0,0,0
1080,6,candidate,1013,1280,720,1920,1080,11.4524,12.5089,10.0762,1,1,0,0,0,0
1080,6,candidate,1014,1280,720,1920,1080,11.435,12.4812,10.0557,1,1,0,0,0,0
1080,6,candidate,1015,1280,720,1920,1080,11.5098,12.4881,10.1315,1,1,0,0,0,0
1080,6,candidate,1016,1280,720,1920,1080,11.4504,12.4571,10.068,1,1,0,0,0,0
1080,6,candidate,1017,1280,720,1920,1080,11.4627,12.5759,10.0864,1,1,0,0,0,0
1080,6,candidate,1018,1280,720,1920,1080,11.4964,12.5845,10.1171,1,1,0,0,0,0
1080,6,candidate,1019,1280,720,1920,1080,11.2753,12.2589,9.89901,1,1,0,0,0,0
1080,6,candidate,1020,1280,720,1920,1080,11.436,12.4101,10.0557,1,1,0,0,0,0
1080,6,candidate,1021,1280,720,1920,1080,11.4309,12.4636,10.0547,1,1,0,0,0,0
1080,6,candidate,1022,1280,720,1920,1080,11.5046,12.4195,10.1263,1,1,0,0,0,0
1080,6,candidate,1023,1280,720,1920,1080,11.4524,12.4365,10.0762,1,1,0,0,0,0
1080,6,candidate,1024,1280,720,1920,1080,11.4924,12.5477,10.112,1,1,0,0,0,0
1080,6,candidate,1025,1280,720,1920,1080,11.5272,12.4502,10.1489,1,1,0,0,0,0
1080,6,candidate,1026,1280,720,1920,1080,11.2558,12.2561,9.87648,1,1,0,0,0,0
1080,6,candidate,1027,1280,720,1920,1080,11.2323,12.1967,9.85498,1,1,0,0,0,0
1080,6,candidate,1028,1280,720,1920,1080,11.4586,12.3937,9.82835,1,1,0,0,0,0
1080,6,candidate,1029,1280,720,1920,1080,11.5026,12.5681,9.87341,1,1,0,0,0,0
1080,6,candidate,1030,1280,720,1920,1080,11.2712,12.2163,9.89082,1,1,0,0,0,0
1080,6,candidate,1031,1280,720,1920,1080,11.4309,12.39,9.8048,1,1,0,0,0,0
1080,6,candidate,1032,1280,720,1920,1080,11.4606,12.4943,9.83552,1,1,0,0,0,0
1080,6,candidate,1033,1280,720,1920,1080,11.5538,12.8023,9.90413,1,1,0,0,0,0
1080,6,candidate,1034,1280,720,1920,1080,11.3623,12.4809,9.7239,1,1,0,0,0,0
1080,6,candidate,1035,1280,720,1920,1080,11.4412,12.4347,9.79866,1,1,0,0,0,0
1080,6,candidate,1036,1280,720,1920,1080,11.478,12.6097,9.80992,1,1,0,0,0,0
1080,6,candidate,1037,1280,720,1920,1080,11.4749,12.5152,9.8304,1,1,0,0,0,0
1080,6,candidate,1038,1280,720,1920,1080,11.0551,12.2529,9.63994,1,1,0,0,0,0
1080,6,candidate,1039,1280,720,1920,1080,11.351,12.263,9.97376,1,1,0,0,0,0
1080,6,candidate,1040,1280,720,1920,1080,11.2783,12.4194,9.89696,1,1,0,0,0,0
1080,6,candidate,1041,1280,720,1920,1080,11.5323,12.4903,9.88262,1,1,0,0,0,0
1080,6,candidate,1042,1280,720,1920,1080,11.5476,12.5652,9.90003,1,1,0,0,0,0
1080,6,candidate,1043,1280,720,1920,1080,11.4176,12.4639,9.78125,1,1,0,0,0,0
1080,6,candidate,1044,1280,720,1920,1080,11.4739,12.418,9.82528,1,1,0,0,0,0
1080,6,candidate,1045,1280,720,1920,1080,11.3633,12.4561,9.63686,1,1,0,0,0,0
1080,6,candidate,1046,1280,720,1920,1080,11.3039,12.3711,9.65837,1,1,0,0,0,0
1080,6,candidate,1047,1280,720,1920,1080,11.4545,12.4337,9.8089,1,1,0,0,0,0
1080,6,candidate,1048,1280,720,1920,1080,11.4821,12.5554,9.82221,1,1,0,0,0,0
1080,6,candidate,1049,1280,720,1920,1080,11.4473,12.566,9.8048,1,1,0,0,0,0
1080,6,candidate,1050,1280,720,1920,1080,11.3572,12.3992,9.69114,1,1,0,0,0,0
1080,6,candidate,1051,1280,720,1920,1080,11.5599,12.6387,9.89491,1,1,0,0,0,0
1080,6,candidate,1052,1280,720,1920,1080,11.4975,12.4963,9.83245,1,1,0,0,0,0
1080,6,candidate,1053,1280,720,1920,1080,11.4985,12.5667,9.84986,1,1,0,0,0,0
1080,6,candidate,1054,1280,720,1920,1080,11.3664,12.3692,9.70138,1,1,0,0,0,0
1080,6,candidate,1055,1280,720,1920,1080,11.2845,12.2717,9.89286,1,1,0,0,0,0
1080,6,candidate,1056,1280,720,1920,1080,9.92154,10.9075,8.54016,1,1,0,0,0,0
1080,6,candidate,1057,1280,720,1920,1080,11.8333,12.892,10.455,1,1,0,0,0,0
1080,6,candidate,1058,1280,720,1920,1080,12.4058,13.358,10.7674,1,1,0,0,0,0
1080,6,candidate,1059,1280,720,1920,1080,11.3132,12.3255,9.67066,1,1,0,0,0,0
1080,6,candidate,1060,1280,720,1920,1080,11.3449,12.3333,9.68602,1,1,0,0,0,0
1080,6,candidate,1061,1280,720,1920,1080,11.179,12.4006,9.8007,1,1,0,0,0,0
1080,6,candidate,1062,1280,720,1920,1080,11.1872,12.3819,9.62355,1,1,0,0,0,0
1080,6,candidate,1063,1280,720,1920,1080,11.5671,12.5819,10.1898,1,1,0,0,0,0
1080,6,candidate,1064,1280,720,1920,1080,11.2282,12.4051,9.84678,1,1,0,0,0,0
1080,6,candidate,1065,1280,720,1920,1080,11.2671,12.3476,9.89082,1,1,0,0,0,0
1080,6,candidate,1066,1280,720,1920,1080,11.4627,12.4052,9.80173,1,1,0,0,0,0
1080,6,candidate,1067,1280,720,1920,1080,11.0582,12.2657,9.6809,1,1,0,0,0,0
1080,6,candidate,1068,1280,720,1920,1080,11.052,12.1442,9.67168,1,1,0,0,0,0
1080,6,candidate,1069,1280,720,1920,1080,11.39,12.3592,10.0055,1,1,0,0,0,0
1080,6,candidate,1070,1280,720,1920,1080,11.3101,12.3951,9.9287,1,1,0,0,0,0
1080,6,candidate,1071,1280,720,1920,1080,11.4852,12.5362,10.1089,1,1,0,0,0,0
1080,6,candidate,1072,1280,720,1920,1080,11.2906,12.3287,9.90822,1,1,0,0,0,0
1080,6,candidate,1073,1280,720,1920,1080,12.1467,13.1235,10.7704,1,1,0,0,0,0
1080,6,candidate,1074,1280,720,1920,1080,11.3418,12.3707,9.9543,1,1,0,0,0,0
1080,6,candidate,1075,1280,720,1920,1080,11.0643,12.2703,9.68704,1,1,0,0,0,0
1080,6,candidate,1076,1280,720,1920,1080,11.1217,12.5131,9.74131,1,1,0,0,0,0
1080,6,candidate,1077,1280,720,1920,1080,11.095,12.2121,9.71674,1,1,0,0,0,0
1080,6,candidate,1078,1280,720,1920,1080,9.93587,10.9055,8.55552,1,1,0,0,0,0
1080,6,candidate,1079,1280,720,1920,1080,11.3336,12.2722,9.95533,1,1,0,0,0,0
1080,6,candidate,1080,1280,720,1920,1080,11.2835,13.704,9.90208,1,1,0,0,0,0
1080,6,candidate,1081,1280,720,1920,1080,11.1708,12.281,9.79046,1,1,0,0,0,0
1080,6,candidate,1082,1280,720,1920,1080,11.5487,12.5449,10.1663,1,1,0,0,0,0
1080,6,candidate,1083,1280,720,1920,1080,11.2783,12.3173,9.89798,1,1,0,0,0,0
1080,6,candidate,1084,1280,720,1920,1080,11.3152,12.2524,9.9328,1,1,0,0,0,0
1080,6,candidate,1085,1280,720,1920,1080,11.3193,12.609,9.94304,1,1,0,0,0,0
1080,6,candidate,1086,1280,720,1920,1080,11.2128,12.1656,9.8304,1,1,0,0,0,0
1080,6,candidate,1087,1280,720,1920,1080,11.4862,12.5878,9.86112,1,1,0,0,0,0
1080,6,candidate,1088,1280,720,1920,1080,11.3213,12.2763,9.93894,1,1,0,0,0,0
1080,6,candidate,1089,1280,720,1920,1080,11.4545,12.529,10.0751,1,1,0,0,0,0
1080,6,candidate,1090,1280,720,1920,1080,11.4278,12.4004,10.0475,1,1,0,0,0,0
1080,6,candidate,1091,1280,720,1920,1080,11.2527,12.3223,9.87443,1,1,0,0,0,0
1080,6,candidate,1092,1280,720,1920,1080,11.2947,12.4423,9.91334,1,1,0,0,0,0
1080,6,candidate,1093,1280,720,1920,1080,11.2681,12.3307,9.88365,1,1,0,0,0,0
1080,6,candidate,1094,1280,720,1920,1080,11.306,12.3624,9.92768,1,1,0,0,0,0
1080,6,candidate,1095,1280,720,1920,1080,11.3224,12.3835,9.69523,1,1,0,0,0,0
1080,6,candidate,1096,1280,720,1920,1080,11.4678,12.44,9.83552,1,1,0,0,0,0
1080,6,candidate,1097,1280,720,1920,1080,9.76486,10.7056,8.38656,1,1,0,0,0,0
1080,6,candidate,1098,1280,720,1920,1080,12.8369,13.8773,11.4268,1,1,0,0,0,0
1080,6,candidate,1099,1280,720,1920,1080,9.91437,10.9504,8.53709,1,1,0,0,0,0
1080,6,candidate,1100,1280,720,1920,1080,9.54266,10.5263,8.16435,1,1,0,0,0,0
1080,6,candidate,1101,1280,720,1920,1080,11.0531,11.9841,9.28256,1,1,0,0,0,0
1080,6,candidate,1102,1280,720,1920,1080,12.5809,13.7001,11.1688,1,1,0,0,0,0
1080,6,candidate,1103,1280,720,1920,1080,12.0177,12.9091,10.6301,1,1,0,0,0,0
1080,6,candidate,1104,1280,720,1920,1080,11.3674,12.5006,9.98605,1,1,0,0,0,0
1080,6,candidate,1105,1280,720,1920,1080,11.1473,12.2165,9.76691,1,1,0,0,0,0
1080,6,candidate,1106,1280,720,1920,1080,11.7391,12.6251,10.0987,1,1,0,0,0,0
1080,6,candidate,1107,1280,720,1920,1080,10.9701,12.1521,9.59078,1,1,0,0,0,0
1080,6,candidate,1108,1280,720,1920,1080,11.4094,12.4065,10.027,1,1,0,0,0,0
1080,6,candidate,1109,1280,720,1920,1080,11.2865,12.2183,9.90822,1,1,0,0,0,0
1080,6,candidate,1110,1280,720,1920,1080,11.1749,12.3096,9.78022,1,1,0,0,0,0
1080,6,candidate,1111,1280,720,1920,1080,11.477,12.4552,10.0987,1,1,0,0,0,0
1080,6,candidate,1112,1280,720,1920,1080,11.2486,12.3735,9.86522,1,1,0,0,0,0
1080,6,candidate,1113,1280,720,1920,1080,11.4452,12.3549,10.0618,1,1,0,0,0,0
1080,6,candidate,1114,1280,720,1920,1080,11.2384,12.1755,9.85805,1,1,0,0,0,0
1080,6,candidate,1115,1280,720,1920,1080,11.351,12.3373,9.96864,1,1,0,0,0,0
1080,6,candidate,1116,1280,720,1920,1080,11.3029,12.3114,9.91744,1,1,0,0,0,0
1080,6,candidate,1117,1280,720,1920,1080,11.4514,12.3659,9.81299,1,1,0,0,0,0
1080,6,candidate,1118,1280,720,1920,1080,11.3531,12.3451,9.71571,1,1,0,0,0,0
1080,6,candidate,1119,1280,720,1920,1080,11.4708,12.4392,9.83347,1,1,0,0,0,0
1080,6,candidate,1120,1280,720,1920,1080,11.5845,12.5615,9.93894,1,1,0,0,0,0
1080,6,candidate,1121,1280,720,1920,1080,11.5313,12.5013,9.88672,1,1,0,0,0,0
1080,6,candidate,1122,1280,720,1920,1080,11.4944,12.6505,9.86419,1,1,0,0,0,0
1080,6,candidate,1123,1280,720,1920,1080,11.4258,12.3922,9.79763,1,1,0,0,0,0
1080,6,candidate,1124,1280,720,1920,1080,11.4688,12.4734,9.83552,1,1,0,0,0,0
1080,6,candidate,1125,1280,720,1920,1080,11.393,12.3582,9.76077,1,1,0,0,0,0
1080,6,candidate,1126,1280,720,1920,1080,11.3428,12.3572,9.70547,1,1,0,0,0,0
1080,6,candidate,1127,1280,720,1920,1080,11.6244,12.6068,9.91027,1,1,0,0,0,0
1080,6,candidate,1128,1280,720,1920,1080,11.5036,12.5452,9.856,1,1,0,0,0,0
1080,6,candidate,1129,1280,720,1920,1080,11.3244,12.3284,9.69114,1,1,0,0,0,0
1080,6,candidate,1130,1280,720,1920,1080,11.4801,12.5338,9.84371,1,1,0,0,0,0
1080,6,candidate,1131,1280,720,1920,1080,11.4964,12.5483,9.84986,1,1,0,0,0,0
1080,6,candidate,1132,1280,720,1920,1080,11.4115,12.4025,9.78227,1,1,0,0,0,0
1080,6,candidate,1133,1280,720,1920,1080,11.3623,12.4386,9.72902,1,1,0,0,0,0
1080,6,candidate,1134,1280,720,1920,1080,11.4627,12.4579,9.81914,1,1,0,0,0,0
1080,6,candidate,1135,1280,720,1920,1080,11.5098,12.8111,9.8816,1,1,0,0,0,0
1080,6,candidate,1136,1280,720,1920,1080,11.3336,12.4835,9.95226,1,1,0,0,0,0
1080,6,candidate,1137,1280,720,1920,1080,11.306,12.2629,9.92461,1,1,0,0,0,0
1080,6,candidate,1138,1280,720,1920,1080,11.4893,12.4017,9.85498,1,1,0,0,0,0
1080,6,candidate,1139,1280,720,1920,1080,11.5098,12.569,9.86624,1,1,0,0,0,0
1080,6,candidate,1140,1280,720,1920,1080,11.4985,12.5836,9.85702,1,1,0,0,0,0
1080,6,candidate,1141,1280,720,1920,1080,11.307,12.2447,9.9287,1,1,0,0,0,0
1080,6,candidate,1142,1280,720,1920,1080,11.4627,12.5178,9.82835,1,1,0,0,0,0
1080,6,candidate,1143,1280,720,1920,1080,11.3265,12.3719,9.69523,1,1,0,0,0,0
1080,6,candidate,1144,1280,720,1920,1080,11.4452,12.4981,9.81094,1,1,0,0,0,0
1080,6,candidate,1145,1280,720,1920,1080,11.477,12.4087,9.84781,1,1,0,0,0,0
1080,6,candidate,1146,1280,720,1920,1080,11.522,12.7064,9.88877,1,1,0,0,0,0
1080,6,candidate,1147,1280,720,1920,1080,11.4555,12.5874,9.8263,1,1,0,0,0,0
1080,6,candidate,1148,1280,720,1920,1080,11.4739,12.3912,9.84371,1,1,0,0,0,0
1080,6,candidate,1149,1280,720,1920,1080,11.4442,12.4245,9.81811,1,1,0,0,0,0
1080,6,candidate,1150,1280,720,1920,1080,11.4719,12.3926,9.83757,1,1,0,0,0,0
1080,6,candidate,1151,1280,720,1920,1080,11.4698,12.6333,9.83757,1,1,0,0,0,0
1080,6,candidate,1152,1280,720,1920,1080,11.4749,12.4816,9.84269,1,1,0,0,0,0
1080,6,candidate,1153,1280,720,1920,1080,11.2957,12.3644,9.91539,1,1,0,0,0,0
1080,6,candidate,1154,1280,720,1920,1080,11.4708,12.4399,9.83757,1,1,0,0,0,0
1080,6,candidate,1155,1280,720,1920,1080,11.4637,12.4011,9.83654,1,1,0,0,0,0
1080,6,candidate,1156,1280,720,1920,1080,11.4524,12.4125,9.81299,1,1,0,0,0,0
1080,6,candidate,1157,1280,720,1920,1080,11.521,12.6844,9.89286,1,1,0,0,0,0
1080,6,candidate,1158,1280,720,1920,1080,11.436,12.4458,9.80173,1,1,0,0,0,0
1080,6,candidate,1159,1280,720,1920,1080,11.4821,12.5045,9.83757,1,1,0,0,0,0
1080,6,candidate,1160,1280,720,1920,1080,11.2712,12.3382,9.88877,1,1,0,0,0,0
1080,6,candidate,1161,1280,720,1920,1080,11.9153,12.9341,10.3506,1,1,0,0,0,0
1080,6,candidate,1162,1280,720,1920,1080,11.3029,12.2495,9.92051,1,1,0,0,0,0
1080,6,candidate,1163,1280,720,1920,1080,11.2794,12.3039,9.90003,1,1,0,0,0,0
1080,6,candidate,1164,1280,720,1920,1080,11.4299,12.3903,9.76282,1,1,0,0,0,0
1080,6,candidate,1165,1280,720,1920,1080,11.3203,12.3408,9.65939,1,1,0,0,0,0
1080,6,candidate,1166,1280,720,1920,1080,11.1411,12.4849,8.40294,1,1,0,0,0,0
1080,6,candidate,1167,1280,720,1920,1080,11.2118,12.3695,9.83552,1,1,0,0,0,0
1080,6,candidate,1168,1280,720,1920,1080,11.1606,12.2335,9.78022,1,1,0,0,0,0
1080,6,candidate,1169,1280,720,1920,1080,11.3654,12.3732,9.9881,1,1,0,0,0,0
1080,6,candidate,1170,1280,720,1920,1080,11.3091,12.3281,9.66451,1,1,0,0,0,0
1080,6,candidate,1171,1280,720,1920,1080,11.2681,12.4549,9.88877,1,1,0,0,0,0
1080,6,candidate,1172,1280,720,1920,1080,11.2456,12.5019,9.86522,1,1,0,0,0,0
1080,6,candidate,1173,1280,720,1920,1080,11.1841,12.4358,9.80582,1,1,0,0,0,0
1080,6,candidate,1174,1280,720,1920,1080,11.2589,12.4607,9.87443,1,1,0,0,0,0
1080,6,candidate,1175,1280,720,1920,1080,11.4657,12.5838,10.0895,1,1,0,0,0,0
1080,6,candidate,1176,1280,720,1920,1080,11.3562,12.367,9.69421,1,1,0,0,0,0
1080,6,candidate,1177,1280,720,1920,1080,11.3695,12.4205,9.72698,1,1,0,0,0,0
1080,6,candidate,1178,1280,720,1920,1080,11.5323,12.4701,9.87955,1,1,0,0,0,0
1080,6,candidate,1179,1280,720,1920,1080,11.1882,12.5768,9.80378,1,1,0,0,0,0
1080,6,candidate,1180,1280,720,1920,1080,11.2476,12.8183,9.86726,1,1,0,0,0,0
1080,6,candidate,1181,1280,720,1920,1080,11.2998,12.3716,9.92358,1,1,0,0,0,0
1080,6,candidate,1182,1280,720,1920,1080,11.2978,12.2482,9.64915,1,1,0,0,0,0
1080,6,candidate,1183,1280,720,1920,1080,11.2732,12.5479,9.89901,1,1,0,0,0,0
1080,6,candidate,1184,1280,720,1920,1080,11.2701,12.7964,9.88877,1,1,0,0,0,0
1080,6,candidate,1185,1280,720,1920,1080,11.2589,12.2777,9.62662,1,1,0,0,0,0
1080,6,candidate,1186,1280,720,1920,1080,11.3654,12.3615,9.71264,1,1,0,0,0,0
1080,6,candidate,1187,1280,720,1920,1080,11.2568,12.4429,9.8816,1,1,0,0,0,0
1080,6,candidate,1188,1280,720,1920,1080,11.1985,12.18,9.63891,1,1,0,0,0,0
1080,6,candidate,1189,1280,720,1920,1080,9.78125,10.7985,8.40704,1,1,0,0,0,0
1080,6,candidate,1190,1280,720,1920,1080,11.1892,13.5694,9.79046,1,1,0,0,0,0
1080,6,candidate,1191,1280,720,1920,1080,9.89389,10.8456,8.5207,1,1,0,0,0,0
1080,6,candidate,1192,1280,720,1920,1080,12.5358,13.7318,11.136,1,1,0,0,0,0
1080,6,candidate,1193,1280,720,1920,1080,11.4924,12.6193,10.1018,1,1,0,0,0,0
1080,6,candidate,1194,1280,720,1920,1080,11.2507,12.2608,9.87136,1,1,0,0,0,0
1080,6,candidate,1195,1280,720,1920,1080,11.3244,12.2643,9.94816,1,1,0,0,0,0
1080,6,candidate,1196,1280,720,1920,1080,11.1544,12.3158,9.77306,1,1,0,0,0,0
1080,6,candidate,1197,1280,720,1920,1080,11.5702,12.5794,10.1929,1,1,0,0,0,0
1080,6,candidate,1198,1280,720,1920,1080,10.9681,12.1875,9.58669,1,1,0,0,0,0
1080,6,candidate,1199,1280,720,1920,1080,11.4002,12.4174,10.0209,1,1,0,0,0,0
1080,6,reference,300,1280,720,1920,1080,11.6142,12.5525,9.96966,1,1,0,0,2,11059200
1080,6,reference,301,1280,720,1920,1080,11.5958,12.6472,9.95021,1,1,0,0,2,11059200
1080,6,reference,302,1280,720,1920,1080,11.3613,12.3524,9.98195,1,1,0,0,2,11059200
1080,6,reference,303,1280,720,1920,1080,11.6582,12.5859,10.0352,1,1,0,0,2,11059200
1080,6,reference,304,1280,720,1920,1080,11.0531,12.2581,9.67475,1,1,0,0,2,11059200
1080,6,reference,305,1280,720,1920,1080,11.3439,12.3324,9.96352,1,1,0,0,2,11059200
1080,6,reference,306,1280,720,1920,1080,11.4637,12.4569,9.89798,1,1,0,0,2,11059200
1080,6,reference,307,1280,720,1920,1080,11.5753,12.6902,10.1939,1,1,0,0,2,11059200
1080,6,reference,308,1280,720,1920,1080,11.5026,12.6639,9.8601,1,1,0,0,2,11059200
1080,6,reference,309,1280,720,1920,1080,11.3418,12.3087,9.96147,1,1,0,0,2,11059200
1080,6,reference,310,1280,720,1920,1080,11.562,12.4884,9.90822,1,1,0,0,2,11059200
1080,6,reference,311,1280,720,1920,1080,11.5671,12.552,9.91027,1,1,0,0,2,11059200
1080,6,reference,312,1280,720,1920,1080,11.519,12.4428,9.86931,1,1,0,0,2,11059200
1080,6,reference,313,1280,720,1920,1080,11.6736,12.6542,9.89286,1,1,0,0,2,11059200
1080,6,reference,314,1280,720,1920,1080,11.3654,12.3625,9.98605,1,1,0,0,2,11059200
1080,6,reference,315,1280,720,1920,1080,11.6029,12.7303,9.94611,1,1,0,0,2,11059200
1080,6,reference,316,1280,720,1920,1080,11.3172,12.7891,9.9369,1,1,0,0,2,11059200
1080,6,reference,317,1280,720,1920,1080,11.522,12.6017,9.97069,1,1,0,0,2,11059200
1080,6,reference,318,1280,720,1920,1080,11.521,12.4134,10.1407,1,1,0,0,2,11059200
1080,6,reference,319,1280,720,1920,1080,11.3439,12.4043,9.96352,1,1,0,0,2,11059200
1080,6,reference,320,1280,720,1920,1080,11.3357,12.3065,9.95226,1,1,0,0,2,11059200
1080,6,reference,321,1280,720,1920,1080,11.3592,12.4002,9.97888,1,1,0,0,2,11059200
1080,6,reference,322,1280,720,1920,1080,11.3408,12.5733,9.95635,1,1,0,0,2,11059200
1080,6,reference,323,1280,720,1920,1080,11.3531,12.3716,9.97274,1,1,0,0,2,11059200
1080,6,reference,324,1280,720,1920,1080,11.3848,12.3557,10.0076,1,1,0,0,2,11059200
1080,6,reference,325,1280,720,1920,1080,11.5722,12.5796,9.9113,1,1,0,0,2,11059200
1080,6,reference,326,1280,720,1920,1080,11.308,12.4176,9.9287,1,1,0,0,2,11059200
1080,6,reference,327,1280,720,1920,1080,11.3582,12.4799,9.97683,1,1,0,0,2,11059200
1080,6,reference,328,1280,720,1920,1080,11.3684,12.4006,9.9881,1,1,0,0,2,11059200
1080,6,reference,329,1280,720,1920,1080,11.3132,12.3317,9.93075,1,1,0,0,2,11059200
1080,6,reference,330,1280,720,1920,1080,11.5476,12.5399,9.89491,1,1,0,0,2,11059200
1080,6,reference,331,1280,720,1920,1080,11.5507,12.6367,9.90003,1,1,0,0,2,11059200
1080,6,reference,332,1280,720,1920,1080,11.5077,12.5434,9.8775,1,1,0,0,2,11059200
1080,6,reference,333,1280,720,1920,1080,11.5702,12.5954,9.9113,1,1,0,0,2,11059200
1080,6,reference,334,1280,720,1920,1080,11.348,12.3582,9.96762,1,1,0,0,2,11059200
1080,6,reference,335,1280,720,1920,1080,11.3469,12.3811,9.96659,1,1,0,0,2,11059200
1080,6,reference,336,1280,720,1920,1080,11.6019,12.6887,9.93178,1,1,0,0,2,11059200
1080,6,reference,337,1280,720,1920,1080,11.435,12.4353,9.8601,1,1,0,0,2,11059200
1080,6,reference,338,1280,720,1920,1080,11.4412,12.5644,10.0628,1,1,0,0,2,11059200
1080,6,reference,339,1280,720,1920,1080,11.1012,12.1701,8.4521,1,1,0,0,2,11059200
1080,6,reference,340,1280,720,1920,1080,11.646,12.6385,10.2656,1,1,0,0,2,11059200
1080,6,reference,341,1280,720,1920,1080,11.4156,12.5258,10.0342,1,1,0,0,2,11059200
1080,6,reference,342,1280,720,1920,1080,11.3551,12.2881,9.97478,1,1,0,0,2,11059200
1080,6,reference,343,1280,720,1920,1080,11.3408,12.3759,9.95942,1,1,0,0,2,11059200
1080,6,reference,344,1280,720,1920,1080,11.5743,12.7003,9.92666,1,1,0,0,2,11059200
1080,6,reference,345,1280,720,1920,1080,11.6122,12.7255,9.93894,1,1,0,0,2,11059200
1080,6,reference,346,1280,720,1920,1080,11.349,12.3048,9.96966,1,1,0,0,2,11059200
1080,6,reference,347,1280,720,1920,1080,11.3736,12.372,9.99117,1,1,0,0,2,11059200
1080,6,reference,348,1280,720,1920,1080,11.5804,12.6533,9.92051,1,1,0,0,2,11059200
1080,6,reference,349,1280,720,1920,1080,11.3644,12.4509,9.98298,1,1,0,0,2,11059200
1080,6,reference,350,1280,720,1920,1080,11.3172,12.3733,9.93485,1,1,0,0,2,11059200
1080,6,reference,351,1280,720,1920,1080,11.4248,12.3783,9.85907,1,1,0,0,2,11059200
1080,6,reference,352,1280,720,1920,1080,11.5855,12.5212,9.94099,1,1,0,0,2,11059200
1080,6,reference,353,1280,720,1920,1080,11.3787,12.4666,9.99219,1,1,0,0,2,11059200
1080,6,reference,354,1280,720,1920,1080,11.3695,12.4607,9.99014,1,1,0,0,2,11059200
1080,6,reference,355,1280,720,1920,1080,11.5917,12.6165,9.89286,1,1,0,0,2,11059200
1080,6,reference,356,1280,720,1920,1080,11.4104,12.367,10.027,1,1,0,0,2,11059200
1080,6,reference,357,1280,720,1920,1080,11.5128,12.6635,9.86317,1,1,0,0,2,11059200
1080,6,reference,358,1280,720,1920,1080,11.5354,12.703,10.155,1,1,0,0,2,11059200
1080,6,reference,359,1280,720,1920,1080,11.5231,12.6719,10.1396,1,1,0,0,2,11059200
1080,6,reference,360,1280,720,1920,1080,11.5067,12.5732,10.1263,1,1,0,0,2,11059200
1080,6,reference,361,1280,720,1920,1080,11.5128,12.6419,10.1304,1,1,0,0,2,11059200
1080,6,reference,362,1280,720,1920,1080,11.3367,12.3097,9.95738,1,1,0,0,2,11059200
1080,6,reference,363,1280,720,1920,1080,11.307,12.4182,9.92461,1,1,0,0,2,11059200
1080,6,reference,364,1280,720,1920,1080,11.5313,12.6468,10.1478,1,1,0,0,2,11059200
1080,6,reference,365,1280,720,1920,1080,11.3357,12.4178,9.9543,1,1,0,0,2,11059200
1080,6,reference,366,1280,720,1920,1080,11.3715,12.4226,9.99219,1,1,0,0,2,11059200
1080,6,reference,367,1280,720,1920,1080,11.3828,13.1141,10.0014,1,1,0,0,2,11059200
1080,6,reference,368,1280,720,1920,1080,11.8804,12.9377,10.5001,1,1,0,0,2,11059200
1080,6,reference,369,1280,720,1920,1080,11.3408,12.433,9.95942,1,1,0,0,2,11059200
1080,6,reference,370,1280,720,1920,1080,11.3725,12.4836,9.99117,1,1,0,0,2,11059200
1080,6,reference,371,1280,720,1920,1080,11.3582,12.5134,9.97581,1,1,0,0,2,11059200
1080,6,reference,372,1280,720,1920,1080,11.5354,12.4774,10.154,1,1,0,0,2,11059200
1080,6,reference,373,1280,720,1920,1080,11.3265,12.5014,9.94304,1,1,0,0,2,11059200
1080,6,reference,374,1280,720,1920,1080,11.349,12.2853,9.96966,1,1,0,0,2,11059200
1080,6,reference,375,1280,720,1920,1080,11.3172,12.3334,9.9328,1,1,0,0,2,11059200
1080,6,reference,376,1280,720,1920,1080,11.775,12.7161,10.1458,1,1,0,0,2,11059200
1080,6,reference,377,1280,720,1920,1080,11.3797,12.5026,9.99834,1,1,0,0,2,11059200
1080,6,reference,378,1280,720,1920,1080,11.3357,12.2761,9.9543,1,1,0,0,2,11059200
1080,6,reference,379,1280,720,1920,1080,11.0705,12.3324,9.68909,1,1,0,0,2,11059200
1080,6,reference,380,1280,720,1920,1080,11.3961,12.3457,10.0147,1,1,0,0,2,11059200
1080,6,reference,381,1280,720,1920,1080,11.3183,12.4496,9.93485,1,1,0,0,2,11059200
1080,6,reference,382,1280,720,1920,1080,11.135,12.3739,9.75155,1,1,0,0,2,11059200
1080,6,reference,383,1280,720,1920,1080,11.8897,12.8685,10.2523,1,1,0,0,2,11059200
1080,6,reference,384,1280,720,1920,1080,10.0291,10.971,8.6528,1,1,0,0,2,11059200
1080,6,reference,385,1280,720,1920,1080,11.1473,13.1824,9.76589,1,1,0,0,2,11059200
1080,6,reference,386,1280,720,1920,1080,11.349,12.3719,9.96659,1,1,0,0,2,11059200
1080,6,reference,387,1280,720,1920,1080,11.3469,12.2819,9.78227,1,1,0,0,2,11059200
1080,6,reference,388,1280,720,1920,1080,12.1754,13.1889,10.7878,1,1,0,0,2,11059200
1080,6,reference,389,1280,720,1920,1080,11.3848,12.3183,9.75974,1,1,0,0,2,11059200
1080,6,reference,390,1280,720,1920,1080,11.3613,12.3781,9.97888,1,1,0,0,2,11059200
1080,6,reference,391,1280,720,1920,1080,11.3623,12.3119,9.98093,1,1,0,0,2,11059200
1080,6,reference,392,1280,720,1920,1080,11.3121,12.2394,9.93178,1,1,0,0,2,11059200
1080,6,reference,393,1280,720,1920,1080,11.3213,12.4859,9.88877,1,1,0,0,2,11059200
1080,6,reference,394,1280,720,1920,1080,11.0285,12.0471,9.6471,1,1,0,0,2,11059200
1080,6,reference,395,1280,720,1920,1080,11.3736,12.2852,9.99219,1,1,0,0,2,11059200
1080,6,reference,396,1280,720,1920,1080,11.3531,12.2835,9.96966,1,1,0,0,2,11059200
1080,6,reference,397,1280,720,1920,1080,11.5057,12.5356,9.87341,1,1,0,0,2,11059200
1080,6,reference,398,1280,720,1920,1080,11.3388,12.3292,9.95738,1,1,0,0,2,11059200
1080,6,reference,399,1280,720,1920,1080,11.4934,12.6038,9.85907,1,1,0,0,2,11059200
1080,6,reference,400,1280,720,1920,1080,11.348,12.2943,9.96762,1,1,0,0,2,11059200
1080,6,reference,401,1280,720,1920,1080,11.5425,12.4807,9.90822,1,1,0,0,2,11059200
1080,6,reference,402,1280,720,1920,1080,11.3254,12.2309,9.69421,1,1,0,0,2,11059200
1080,6,reference,403,1280,720,1920,1080,11.305,12.244,9.67475,1,1,0,0,2,11059200
1080,6,reference,404,1280,720,1920,1080,11.4842,12.4303,9.84371,1,1,0,0,2,11059200
1080,6,reference,405,1280,720,1920,1080,11.394,12.3246,9.75462,1,1,0,0,2,11059200
1080,6,reference,406,1280,720,1920,1080,11.391,12.3476,9.75053,1,1,0,0,2,11059200
1080,6,reference,407,1280,720,1920,1080,11.3213,12.629,9.93792,1,1,0,0,2,11059200
1080,6,reference,408,1280,720,1920,1080,11.2097,12.5147,9.8304,1,1,0,0,2,11059200
1080,6,reference,409,1280,720,1920,1080,12.0095,13.0128,10.6117,1,1,0,0,2,11059200
1080,6,reference,410,1280,720,1920,1080,11.5292,12.5012,9.87341,1,1,0,0,2,11059200
1080,6,reference,411,1280,720,1920,1080,11.5292,12.5071,9.87546,1,1,0,0,2,11059200
1080,6,reference,412,1280,720,1920,1080,11.4575,12.4521,9.81299,1,1,0,0,2,11059200
1080,6,reference,413,1280,720,1920,1080,11.5528,12.7068,9.90106,1,1,0,0,2,11059200
1080,6,reference,414,1280,720,1920,1080,11.5405,12.5364,9.90208,1,1,0,0,2,11059200
1080,6,reference,415,1280,720,1920,1080,11.5681,12.5435,9.90515,1,1,0,0,2,11059200
1080,6,reference,416,1280,720,1920,1080,11.5446,12.5831,9.8775,1,1,0,0,2,11059200
1080,6,reference,417,1280,720,1920,1080,11.393,12.3533,10.0127,1,1,0,0,2,11059200
1080,6,reference,418,1280,720,1920,1080,11.3603,12.4044,9.97888,1,1,0,0,2,11059200
1080,6,reference,419,1280,720,1920,1080,11.5517,12.6287,9.88262,1,1,0,0,2,11059200
1080,6,reference,420,1280,720,1920,1080,11.5231,12.6582,9.85395,1,1,0,0,2,11059200
1080,6,reference,421,1280,720,1920,1080,11.4227,12.4004,10.0413,1,1,0,0,2,11059200
1080,6,reference,422,1280,720,1920,1080,11.3715,12.3152,9.99117,1,1,0,0,2,11059200
1080,6,reference,423,1280,720,1920,1080,11.5405,12.4774,9.88262,1,1,0,0,2,11059200
1080,6,reference,424,1280,720,1920,1080,11.6183,12.5266,9.96454,1,1,0,0,2,11059200
1080,6,reference,425,1280,720,1920,1080,11.5548,12.5507,9.98912,1,1,0,0,2,11059200
1080,6,reference,426,1280,720,1920,1080,9.97786,11.0135,8.60262,1,1,0,0,2,11059200
1080,6,reference,427,1280,720,1920,1080,12.9864,14.1858,11.5835,1,1,0,0,2,11059200
1080,6,reference,428,1280,720,1920,1080,9.96659,10.9558,8.58726,1,1,0,0,2,11059200
1080,6,reference,429,1280,720,1920,1080,13.1082,14.1531,11.7094,1,1,0,0,2,11059200
1080,6,reference,430,1280,720,1920,1080,11.5825,12.5773,10.2001,1,1,0,0,2,11059200
1080,6,reference,431,1280,720,1920,1080,11.5046,12.4174,10.1243,1,1,0,0,2,11059200
1080,6,reference,432,1280,720,1920,1080,11.5333,12.6342,10.155,1,1,0,0,2,11059200
1080,6,reference,433,1280,720,1920,1080,11.5087,12.5319,10.1263,1,1,0,0,2,11059200
1080,6,reference,434,1280,720,1920,1080,11.3674,12.3999,9.73312,1,1,0,0,2,11059200
1080,6,reference,435,1280,720,1920,1080,11.3644,12.2953,9.98298,1,1,0,0,2,11059200
1080,6,reference,436,1280,720,1920,1080,11.4903,12.5125,10.11,1,1,0,0,2,11059200
1080,6,reference,437,1280,720,1920,1080,11.6111,12.7014,10.2287,1,1,0,0,2,11059200
1080,6,reference,438,1280,720,1920,1080,11.3172,12.3209,9.93894,1,1,0,0,2,11059200
1080,6,reference,439,1280,720,1920,1080,11.4893,12.4525,10.1059,1,1,0,0,2,11059200
1080,6,reference,440,1280,720,1920,1080,10.0106,11.056,8.63232,1,1,0,0,2,11059200
1080,6,reference,441,1280,720,1920,1080,12.4959,13.5909,10.2052,1,1,0,0,2,11059200
1080,6,reference,442,1280,720,1920,1080,11.2118,12.2505,9.83347,1,1,0,0,2,11059200
1080,6,reference,443,1280,720,1920,1080,11.1514,12.2988,9.77101,1,1,0,0,2,11059200
1080,6,reference,444,1280,720,1920,1080,9.77101,10.6811,8.39475,1,1,0,0,2,11059200
1080,6,reference,445,1280,720,1920,1080,12.6218,13.6517,11.1954,1,1,0,0,2,11059200
1080,6,reference,446,1280,720,1920,1080,11.4903,12.5257,9.85088,1,1,0,0,2,11059200
1080,6,reference,447,1280,720,1920,1080,11.3818,12.4121,9.74234,1,1,0,0,2,11059200
1080,6,reference,448,1280,720,1920,1080,11.4391,12.408,9.79661,1,1,0,0,2,11059200
1080,6,reference,449,1280,720,1920,1080,11.4606,12.5101,9.82835,1,1,0,0,2,11059200
1080,6,reference,450,1280,720,1920,1080,11.3449,12.3046,9.70342,1,1,0,0,2,11059200
1080,6,reference,451,1280,720,1920,1080,11.3357,12.3258,9.68499,1,1,0,0,2,11059200
1080,6,reference,452,1280,720,1920,1080,11.3818,12.4078,9.74336,1,1,0,0,2,11059200
1080,6,reference,453,1280,720,1920,1080,11.2937,12.2936,9.6512,1,1,0,0,2,11059200
1080,6,reference,454,1280,720,1920,1080,11.5569,12.5596,9.92256,1,1,0,0,2,11059200
1080,6,reference,455,1280,720,1920,1080,11.2835,12.502,9.90515,1,1,0,0,2,11059200
1080,6,reference,456,1280,720,1920,1080,11.2876,12.6968,9.91027,1,1,0,0,2,11059200
1080,6,reference,457,1280,720,1920,1080,11.4309,12.4705,9.75872,1,1,0,0,2,11059200
1080,6,reference,458,1280,720,1920,1080,11.4145,12.6045,9.76794,1,1,0,0,2,11059200
1080,6,reference,459,1280,720,1920,1080,11.5282,12.5821,9.88058,1,1,0,0,2,11059200
1080,6,reference,460,1280,720,1920,1080,11.4258,12.5661,9.75565,1,1,0,0,2,11059200
1080,6,reference,461,1280,720,1920,1080,11.4217,12.424,9.76794,1,1,0,0,2,11059200
1080,6,reference,462,1280,720,1920,1080,11.4289,12.4923,9.75974,1,1,0,0,2,11059200
1080,6,reference,463,1280,720,1920,1080,11.5436,12.5721,9.87648,1,1,0,0,2,11059200
1080,6,reference,464,1280,720,1920,1080,11.5773,12.7501,9.90618,1,1,0,0,2,11059200
1080,6,reference,465,1280,720,1920,1080,11.5589,12.5403,9.8775,1,1,0,0,2,11059200
1080,6,reference,466,1280,720,1920,1080,11.522,12.462,9.87443,1,1,0,0,2,11059200
1080,6,reference,467,1280,720,1920,1080,11.564,12.5703,9.91027,1,1,0,0,2,11059200
1080,6,reference,468,1280,720,1920,1080,11.5753,12.5902,9.91539,1,1,0,0,2,11059200
1080,6,reference,469,1280,720,1920,1080,11.0684,12.1755,9.68602,1,1,0,0,2,11059200
1080,6,reference,470,1280,720,1920,1080,11.6541,12.6103,10.2728,1,1,0,0,2,11059200
1080,6,reference,471,1280,720,1920,1080,11.0469,12.2407,9.66758,1,1,0,0,2,11059200
1080,6,reference,472,1280,720,1920,1080,11.65,12.6843,10.0987,1,1,0,0,2,11059200
1080,6,reference,473,1280,720,1920,1080,11.3111,12.2724,9.93178,1,1,0,0,2,11059200
1080,6,reference,474,1280,720,1920,1080,11.4913,12.5978,9.84064,1,1,0,0,2,11059200
1080,6,reference,475,1280,720,1920,1080,11.521,12.4516,9.86829,1,1,0,0,2,11059200
1080,6,reference,476,1280,720,1920,1080,11.5548,12.6553,9.90515,1,1,0,0,2,11059200
1080,6,reference,477,1280,720,1920,1080,11.5364,12.5876,9.8857,1,1,0,0,2,11059200
1080,6,reference,478,1280,720,1920,1080,11.5732,12.7345,10.1929,1,1,0,0,2,11059200
1080,6,reference,479,1280,720,1920,1080,11.3674,12.3985,9.98707,1,1,0,0,2,11059200
1080,6,reference,480,1280,720,1920,1080,11.3777,12.4079,9.99629,1,1,0,0,2,11059200
1080,6,reference,481,1280,720,1920,1080,11.5343,12.5225,9.88058,1,1,0,0,2,11059200
1080,6,reference,482,1280,720,1920,1080,11.4033,12.5409,10.0239,1,1,0,0,2,11059200
1080,6,reference,483,1280,720,1920,1080,11.3777,12.3288,9.99834,1,1,0,0,2,11059200
1080,6,reference,484,1280,720,1920,1080,11.3971,12.5148,10.0198,1,1,0,0,2,11059200
1080,6,reference,485,1280,720,1920,1080,11.5487,12.5718,9.95738,1,1,0,0,2,11059200
1080,6,reference,486,1280,720,1920,1080,11.349,12.2513,9.96966,1,1,0,0,2,11059200
1080,6,reference,487,1280,720,1920,1080,11.39,12.3238,10.0065,1,1,0,0,2,11059200
1080,6,reference,488,1280,720,1920,1080,11.5354,12.4676,9.90515,1,1,0,0,2,11059200
1080,6,reference,489,1280,720,1920,1080,11.2896,12.5558,9.90925,1,1,0,0,2,11059200
1080,6,reference,490,1280,720,1920,1080,11.3285,12.3701,9.94816,1,1,0,0,2,11059200
1080,6,reference,491,1280,720,1920,1080,11.3603,12.4263,9.9799,1,1,0,0,2,11059200
1080,6,reference,492,1280,720,1920,1080,11.5282,12.6427,9.89594,1,1,0,0,2,11059200
1080,6,reference,493,1280,720,1920,1080,11.3398,12.3075,9.95635,1,1,0,0,2,11059200
1080,6,reference,494,1280,720,1920,1080,11.5313,12.6599,9.90003,1,1,0,0,2,11059200
1080,6,reference,495,1280,720,1920,1080,11.3715,12.388,9.98912,1,1,0,0,2,11059200
1080,6,reference,496,1280,720,1920,1080,11.3644,12.4594,9.984,1,1,0,0,2,11059200
1080,6,reference,497,1280,720,1920,1080,11.5968,12.7014,9.95635,1,1,0,0,2,11059200
1080,6,reference,498,1280,720,1920,1080,11.5456,12.6068,9.89286,1,1,0,0,2,11059200
1080,6,reference,499,1280,720,1920,1080,11.5876,12.633,10.2062,1,1,0,0,2,11059200
1080,6,reference,500,1280,720,1920,1080,11.5323,12.5092,9.89082,1,1,0,0,2,11059200
1080,6,reference,501,1280,720,1920,1080,11.4719,12.4717,10.0915,1,1,0,0,2,11059200
1080,6,reference,502,1280,720,1920,1080,11.4934,12.4848,10.1151,1,1,0,0,2,11059200
1080,6,reference,503,1280,720,1920,1080,11.4872,12.4461,10.1069,1,1,0,0,2,11059200
1080,6,reference,504,1280,720,1920,1080,11.5159,12.514,10.1356,1,1,0,0,2,11059200
1080,6,reference,505,1280,720,1920,1080,12.0207,13.0985,10.3864,1,1,0,0,2,11059200
1080,6,reference,506,1280,720,1920,1080,11.2865,12.3003,9.90618,1,1,0,0,2,11059200
1080,6,reference,507,1280,720,1920,1080,11.3326,12.3104,9.95123,1,1,0,0,2,11059200
1080,6,reference,508,1280,720,1920,1080,11.5118,12.7047,10.1325,1,1,0,0,2,11059200
1080,6,reference,509,1280,720,1920,1080,11.348,12.3416,9.96659,1,1,0,0,2,11059200
1080,6,reference,510,1280,720,1920,1080,11.2886,12.3932,9.72186,1,1,0,0,2,11059200
1080,6,reference,511,1280,720,1920,1080,11.4872,12.5104,10.1089,1,1,0,0,2,11059200
1080,6,reference,512,1280,720,1920,1080,11.4924,12.4546,10.111,1,1,0,0,2,11059200
1080,6,reference,513,1280,720,1920,1080,11.4842,12.5306,10.0997,1,1,0,0,2,11059200
1080,6,reference,514,1280,720,1920,1080,11.3592,12.3957,9.97581,1,1,0,0,2,11059200
1080,6,reference,515,1280,720,1920,1080,11.348,12.3784,9.96659,1,1,0,0,2,11059200
1080,6,reference,516,1280,720,1920,1080,11.5702,12.6042,9.93075,1,1,0,0,2,11059200
1080,6,reference,517,1280,720,1920,1080,11.4616,12.4511,10.0803,1,1,0,0,2,11059200
1080,6,reference,518,1280,720,1920,1080,11.4913,12.4775,10.11,1,1,0,0,2,11059200
1080,6,reference,519,1280,720,1920,1080,9.96147,11.1778,8.58522,1,1,0,0,2,11059200
1080,6,reference,520,1280,720,1920,1080,11.4115,12.3675,9.70445,1,1,0,0,2,11059200
1080,6,reference,521,1280,720,1920,1080,11.3244,13.3405,9.94406,1,1,0,0,2,11059200
1080,6,reference,522,1280,720,1920,1080,11.2957,12.3997,9.9072,1,1,0,0,2,11059200
1080,6,reference,523,1280,720,1920,1080,11.1165,12.2313,8.46541,1,1,0,0,2,11059200
1080,6,reference,524,1280,720,1920,1080,11.0971,12.193,9.71469,1,1,0,0,2,11059200
1080,6,reference,525,1280,720,1920,1080,11.266,12.4024,9.88262,1,1,0,0,2,11059200
1080,6,reference,526,1280,720,1920,1080,11.3705,12.2917,9.98707,1,1,0,0,2,11059200
1080,6,reference,527,1280,720,1920,1080,11.6029,12.5908,9.95942,1,1,0,0,2,11059200
1080,6,reference,528,1280,720,1920,1080,11.5118,12.5447,9.87648,1,1,0,0,2,11059200
1080,6,reference,529,1280,720,1920,1080,11.5026,12.5767,9.86829,1,1,0,0,2,11059200
1080,6,reference,530,1280,720,1920,1080,11.5118,12.5508,9.87238,1,1,0,0,2,11059200
1080,6,reference,531,1280,720,1920,1080,11.5763,12.5758,9.92768,1,1,0,0,2,11059200
1080,6,reference,532,1280,720,1920,1080,11.5251,12.4682,9.89082,1,1,0,0,2,11059200
1080,6,reference,533,1280,720,1920,1080,11.5333,12.6567,9.90413,1,1,0,0,2,11059200
1080,6,reference,534,1280,720,1920,1080,11.518,12.4936,9.86726,1,1,0,0,2,11059200
1080,6,reference,535,1280,720,1920,1080,11.5149,12.458,9.87853,1,1,0,0,2,11059200
1080,6,reference,536,1280,720,1920,1080,11.5016,12.44,9.87034,1,1,0,0,2,11059200
1080,6,reference,537,1280,720,1920,1080,11.5261,12.4888,9.86317,1,1,0,0,2,11059200
1080,6,reference,538,1280,720,1920,1080,11.4749,12.4313,9.91334,1,1,0,0,2,11059200
1080,6,reference,539,1280,720,1920,1080,11.3132,12.4206,9.92768,1,1,0,0,2,11059200
1080,6,reference,540,1280,720,1920,1080,11.5497,12.5676,9.89901,1,1,0,0,2,11059200
1080,6,reference,541,1280,720,1920,1080,11.5302,12.5908,9.8816,1,1,0,0,2,11059200
1080,6,reference,542,1280,720,1920,1080,11.3336,12.5281,9.9543,1,1,0,0,2,11059200
1080,6,reference,543,1280,720,1920,1080,11.3746,12.4431,9.99526,1,1,0,0,2,11059200
1080,6,reference,544,1280,720,1920,1080,11.5128,12.4638,9.88262,1,1,0,0,2,11059200
1080,6,reference,545,1280,720,1920,1080,11.5292,12.6267,9.87341,1,1,0,0,2,11059200
1080,6,reference,546,1280,720,1920,1080,11.3848,12.4291,10.0045,1,1,0,0,2,11059200
1080,6,reference,547,1280,720,1920,1080,11.3951,12.352,10.0147,1,1,0,0,2,11059200
1080,6,reference,548,1280,720,1920,1080,11.5026,12.5797,9.85702,1,1,0,0,2,11059200
1080,6,reference,549,1280,720,1920,1080,11.5743,12.6709,9.92358,1,1,0,0,2,11059200
1080,6,reference,550,1280,720,1920,1080,11.3797,12.4342,10.0024,1,1,0,0,2,11059200
1080,6,reference,551,1280,720,1920,1080,11.3562,12.3646,9.97171,1,1,0,0,2,11059200
1080,6,reference,552,1280,720,1920,1080,11.351,12.401,9.96762,1,1,0,0,2,11059200
1080,6,reference,553,1280,720,1920,1080,11.3428,12.388,9.96045,1,1,0,0,2,11059200
1080,6,reference,554,1280,720,1920,1080,11.2988,12.3758,9.91744,1,1,0,0,2,11059200
1080,6,reference,555,1280,720,1920,1080,11.5814,12.6471,9.93178,1,1,0,0,2,11059200
1080,6,reference,556,1280,720,1920,1080,11.5988,12.6674,9.94202,1,1,0,0,2,11059200
1080,6,reference,557,1280,720,1920,1080,11.5128,12.5353,10.1335,1,1,0,0,2,11059200
1080,6,reference,558,1280,720,1920,1080,11.3121,12.274,9.93382,1,1,0,0,2,11059200
1080,6,reference,559,1280,720,1920,1080,11.3408,12.3005,9.96147,1,1,0,0,2,11059200
1080,6,reference,560,1280,720,1920,1080,11.5835,12.6893,9.94304,1,1,0,0,2,11059200
1080,6,reference,561,1280,720,1920,1080,11.3521,12.3714,9.97069,1,1,0,0,2,11059200
1080,6,reference,562,1280,720,1920,1080,11.3592,12.4026,9.9799,1,1,0,0,2,11059200
1080,6,reference,563,1280,720,1920,1080,11.3684,12.4389,9.98912,1,1,0,0,2,11059200
1080,6,reference,564,1280,720,1920,1080,11.6101,12.5871,9.9625,1,1,0,0,2,11059200
1080,6,reference,565,1280,720,1920,1080,11.5999,12.6544,9.92666,1,1,0,0,2,11059200
1080,6,reference,566,1280,720,1920,1080,11.5067,12.4698,10.1274,1,1,0,0,2,11059200
1080,6,reference,567,1280,720,1920,1080,11.3582,12.3607,9.97786,1,1,0,0,2,11059200
1080,6,reference,568,1280,720,1920,1080,11.5825,12.7295,9.94202,1,1,0,0,2,11059200
1080,6,reference,569,1280,720,1920,1080,11.4135,12.4853,10.0362,1,1,0,0,2,11059200
1080,6,reference,570,1280,720,1920,1080,11.5446,12.6826,10.1652,1,1,0,0,2,11059200
1080,6,reference,571,1280,720,1920,1080,11.5149,12.6042,10.1335,1,1,0,0,2,11059200
1080,6,reference,572,1280,720,1920,1080,11.5282,12.5978,10.1468,1,1,0,0,2,11059200
1080,6,reference,573,1280,720,1920,1080,11.2128,12.3556,9.82118,1,1,0,0,2,11059200
1080,6,reference,574,1280,720,1920,1080,11.5169,12.6017,10.1366,1,1,0,0,2,11059200
1080,6,reference,575,1280,720,1920,1080,11.3582,12.563,9.97786,1,1,0,0,2,11059200
1080,6,reference,576,1280,720,1920,1080,11.2978,12.3949,9.92051,1,1,0,0,2,11059200
1080,6,reference,577,1280,720,1920,1080,11.3797,12.4435,10.0004,1,1,0,0,2,11059200
1080,6,reference,578,1280,720,1920,1080,11.2517,12.3587,9.85702,1,1,0,0,2,11059200
1080,6,reference,579,1280,720,1920,1080,9.99629,11.0611,8.61696,1,1,0,0,2,11059200
1080,6,reference,580,1280,720,1920,1080,12.7375,13.9359,11.3111,1,1,0,0,2,11059200
1080,6,reference,581,1280,720,1920,1080,11.5476,12.5814,9.90003,1,1,0,0,2,11059200
1080,6,reference,582,1280,720,1920,1080,11.3541,12.3482,9.97581,1,1,0,0,2,11059200
1080,6,reference,583,1280,720,1920,1080,11.4596,12.4376,10.0782,1,1,0,0,2,11059200
1080,6,reference,584,1280,720,1920,1080,11.518,12.597,10.1396,1,1,0,0,2,11059200
1080,6,reference,585,1280,720,1920,1080,11.5118,12.5026,10.1294,1,1,0,0,2,11059200
1080,6,reference,586,1280,720,1920,1080,9.97478,10.9007,8.59853,1,1,0,0,2,11059200
1080,6,reference,587,1280,720,1920,1080,10.5953,13.4714,9.19757,1,1,0,0,2,11059200
1080,6,reference,588,1280,720,1920,1080,11.0776,12.1808,8.42752,1,1,0,0,2,11059200
1080,6,reference,589,1280,720,1920,1080,11.4647,12.4897,10.0854,1,1,0,0,2,11059200
1080,6,reference,590,1280,720,1920,1080,11.4084,12.5673,10.0291,1,1,0,0,2,11059200
1080,6,reference,591,1280,720,1920,1080,11.3623,12.3026,9.98195,1,1,0,0,2,11059200
1080,6,reference,592,1280,720,1920,1080,11.4985,12.4839,9.93587,1,1,0,0,2,11059200
1080,6,reference,593,1280,720,1920,1080,11.1811,12.4373,9.7792,1,1,0,0,2,11059200
1080,6,reference,594,1280,720,1920,1080,9.85907,10.8153,8.47974,1,1,0,0,2,11059200
1080,6,reference,595,1280,720,1920,1080,11.177,12.1237,9.79763,1,1,0,0,2,11059200
1080,6,reference,596,1280,720,1920,1080,11.4995,12.5455,9.88262,1,1,0,0,2,11059200
1080,6,reference,597,1280,720,1920,1080,10.0434,10.994,8.66509,1,1,0,0,2,11059200
1080,6,reference,598,1280,720,1920,1080,12.7201,13.7853,11.3142,1,1,0,0,2,11059200
1080,6,reference,599,1280,720,1920,1080,11.6224,12.7178,10.2308,1,1,0,0,2,11059200
1080,6,reference,600,1280,720,1920,1080,11.2937,12.4633,9.91539,1,1,0,0,2,11059200
1080,6,reference,601,1280,720,1920,1080,12.1139,13.2054,10.7305,1,1,0,0,2,11059200
1080,6,reference,602,1280,720,1920,1080,11.6244,12.6218,9.92461,1,1,0,0,2,11059200
1080,6,reference,603,1280,720,1920,1080,9.81811,10.7853,8.44186,1,1,0,0,2,11059200
1080,6,reference,604,1280,720,1920,1080,12.6147,13.6852,9.95123,1,1,0,0,2,11059200
1080,6,reference,605,1280,720,1920,1080,9.97888,11.1069,8.59853,1,1,0,0,2,11059200
1080,6,reference,606,1280,720,1920,1080,11.1596,13.1612,9.74643,1,1,0,0,2,11059200
1080,6,reference,607,1280,720,1920,1080,11.391,12.2995,9.84166,1,1,0,0,2,11059200
1080,6,reference,608,1280,720,1920,1080,11.3889,12.4065,10.0076,1,1,0,0,2,11059200
1080,6,reference,609,1280,720,1920,1080,11.3756,12.5114,9.99424,1,1,0,0,2,11059200
1080,6,reference,610,1280,720,1920,1080,11.3613,12.4263,9.98093,1,1,0,0,2,11059200
1080,6,reference,611,1280,720,1920,1080,11.9685,12.9432,10.5769,1,1,0,0,2,11059200
1080,6,reference,612,1280,720,1920,1080,11.394,12.505,10.0127,1,1,0,0,2,11059200
1080,6,reference,613,1280,720,1920,1080,11.5231,12.5961,10.1294,1,1,0,0,2,11059200
1080,6,reference,614,1280,720,1920,1080,11.3142,12.3856,9.93382,1,1,0,0,2,11059200
1080,6,reference,615,1280,720,1920,1080,11.3367,12.538,9.95533,1,1,0,0,2,11059200
1080,6,reference,616,1280,720,1920,1080,11.3848,12.505,9.75974,1,1,0,0,2,11059200
1080,6,reference,617,1280,720,1920,1080,11.0828,12.3063,9.70342,1,1,0,0,2,11059200
1080,6,reference,618,1280,720,1920,1080,11.2978,12.5913,9.91744,1,1,0,0,2,11059200
1080,6,reference,619,1280,720,1920,1080,11.5323,12.5141,10.1478,1,1,0,0,2,11059200
1080,6,reference,620,1280,720,1920,1080,11.3388,12.4864,9.96045,1,1,0,0,2,11059200
1080,6,reference,621,1280,720,1920,1080,11.5261,12.6712,10.1437,1,1,0,0,2,11059200
1080,6,reference,622,1280,720,1920,1080,11.3521,12.5673,9.97274,1,1,0,0,2,11059200
1080,6,reference,623,1280,720,1920,1080,11.2978,12.2904,9.91744,1,1,0,0,2,11059200
1080,6,reference,624,1280,720,1920,1080,11.308,12.2401,9.65427,1,1,0,0,2,11059200
1080,6,reference,625,1280,720,1920,1080,11.1063,12.6216,9.7239,1,1,0,0,2,11059200
1080,6,reference,626,1280,720,1920,1080,11.3295,12.4956,9.95328,1,1,0,0,2,11059200
1080,6,reference,627,1280,720,1920,1080,11.3316,12.4972,9.95226,1,1,0,0,2,11059200
1080,6,reference,628,1280,720,1920,1080,11.3039,12.3521,9.92768,1,1,0,0,2,11059200
1080,6,reference,629,1280,720,1920,1080,11.008,12.2348,9.62867,1,1,0,0,2,11059200
1080,6,reference,630,1280,720,1920,1080,11.436,12.4484,10.0588,1,1,0,0,2,11059200
1080,6,reference,631,1280,720,1920,1080,11.3029,12.2945,9.92563,1,1,0,0,2,11059200
1080,6,reference,632,1280,720,1920,1080,11.1319,12.3927,9.75565,1,1,0,0,2,11059200
1080,6,reference,633,1280,720,1920,1080,11.5149,12.4489,10.1325,1,1,0,0,2,11059200
1080,6,reference,634,1280,720,1920,1080,11.093,12.2472,9.71571,1,1,0,0,2,11059200
1080,6,reference,635,1280,720,1920,1080,11.5548,12.6073,10.1734,1,1,0,0,2,11059200
1080,6,reference,636,1280,720,1920,1080,11.3326,12.2909,9.69318,1,1,0,0,2,11059200
1080,6,reference,637,1280,720,1920,1080,11.1514,12.3417,8.48691,1,1,0,0,2,11059200
1080,6,reference,638,1280,720,1920,1080,11.391,12.4783,9.99424,1,1,0,0,2,11059200
1080,6,reference,639,1280,720,1920,1080,11.9419,12.9529,10.3096,1,1,0,0,2,11059200
1080,6,reference,640,1280,720,1920,1080,11.2783,12.5015,9.9031,1,1,0,0,2,11059200
1080,6,reference,641,1280,720,1920,1080,11.4719,12.4425,10.0864,1,1,0,0,2,11059200
1080,6,reference,642,1280,720,1920,1080,11.2845,12.3271,9.90618,1,1,0,0,2,11059200
1080,6,reference,643,1280,720,1920,1080,11.3347,12.2679,9.95021,1,1,0,0,2,11059200
1080,6,reference,644,1280,720,1920,1080,11.5395,12.4352,9.79149,1,1,0,0,2,11059200
1080,6,reference,645,1280,720,1920,1080,11.3818,12.334,9.99526,1,1,0,0,2,11059200
1080,6,reference,646,1280,720,1920,1080,11.3818,12.3762,9.73926,1,1,0,0,2,11059200
1080,6,reference,647,1280,720,1920,1080,11.3889,12.3722,9.77203,1,1,0,0,2,11059200
1080,6,reference,648,1280,720,1920,1080,11.3582,12.2809,9.98298,1,1,0,0,2,11059200
1080,6,reference,649,1280,720,1920,1080,11.2189,12.3509,9.83962,1,1,0,0,2,11059200
1080,6,reference,650,1280,720,1920,1080,11.4258,12.4216,10.0485,1,1,0,0,2,11059200
1080,6,reference,651,1280,720,1920,1080,11.308,12.2356,9.92973,1,1,0,0,2,11059200
1080,6,reference,652,1280,720,1920,1080,11.4012,12.4744,10.0229,1,1,0,0,2,11059200
1080,6,reference,653,1280,720,1920,1080,11.2794,12.2449,9.89901,1,1,0,0,2,11059200
1080,6,reference,654,1280,720,1920,1080,11.5354,12.5576,9.86726,1,1,0,0,2,11059200
1080,6,reference,655,1280,720,1920,1080,11.4903,12.5772,9.84269,1,1,0,0,2,11059200
1080,6,reference,656,1280,720,1920,1080,11.3275,12.3497,9.95123,1,1,0,0,2,11059200
1080,6,reference,657,1280,720,1920,1080,11.5343,12.5622,9.86829,1,1,0,0,2,11059200
1080,6,reference,658,1280,720,1920,1080,11.5907,12.5877,9.92768,1,1,0,0,2,11059200
1080,6,reference,659,1280,720,1920,1080,11.3162,12.3639,9.93485,1,1,0,0,2,11059200
1080,6,reference,660,1280,720,1920,1080,11.3828,12.4099,10.0024,1,1,0,0,2,11059200
1080,6,reference,661,1280,720,1920,1080,11.5241,12.6201,9.88467,1,1,0,0,2,11059200
1080,6,reference,662,1280,720,1920,1080,11.4872,12.5748,10.113,1,1,0,0,2,11059200
1080,6,reference,663,1280,720,1920,1080,11.3224,12.2988,9.94304,1,1,0,0,2,11059200
1080,6,reference,664,1280,720,1920,1080,11.2927,12.2204,9.91334,1,1,0,0,2,11059200
1080,6,reference,665,1280,720,1920,1080,11.3705,12.386,9.99322,1,1,0,0,2,11059200
1080,6,reference,666,1280,720,1920,1080,11.5364,12.7666,9.90618,1,1,0,0,2,11059200
1080,6,reference,667,1280,720,1920,1080,11.4964,12.4831,9.856,1,1,0,0,2,11059200
1080,6,reference,668,1280,720,1920,1080,11.3428,12.3525,9.96454,1,1,0,0,2,11059200
1080,6,reference,669,1280,720,1920,1080,9.84986,10.9214,8.47565,1,1,0,0,2,11059200
1080,6,reference,670,1280,720,1920,1080,11.4094,12.3006,10.0321,1,1,0,0,2,11059200
1080,6,reference,671,1280,720,1920,1080,13.057,14.0152,11.4237,1,1,0,0,2,11059200
1080,6,reference,672,1280,720,1920,1080,11.4964,12.6032,9.856,1,1,0,0,2,11059200
1080,6,reference,673,1280,720,1920,1080,11.3551,12.3894,9.97478,1,1,0,0,2,11059200
1080,6,reference,674,1280,720,1920,1080,11.5046,12.51,9.86214,1,1,0,0,2,11059200
1080,6,reference,675,1280,720,1920,1080,11.3285,12.2675,9.95226,1,1,0,0,2,11059200
1080,6,reference,676,1280,720,1920,1080,11.5446,12.6887,9.89798,1,1,0,0,2,11059200
1080,6,reference,677,1280,720,1920,1080,11.4043,12.5076,10.0239,1,1,0,0,2,11059200
1080,6,reference,678,1280,720,1920,1080,11.052,12.2014,9.67168,1,1,0,0,2,11059200
1080,6,reference,679,1280,720,1920,1080,11.0418,12.1662,9.66656,1,1,0,0,2,11059200
1080,6,reference,680,1280,720,1920,1080,11.4125,12.4037,9.8519,1,1,0,0,2,11059200
1080,6,reference,681,1280,720,1920,1080,11.5374,12.6354,10.1591,1,1,0,0,2,11059200
1080,6,reference,682,1280,720,1920,1080,10.0035,11.0246,8.6313,1,1,0,0,2,11059200
1080,6,reference,683,1280,720,1920,1080,9.35834,12.019,7.98208,1,1,0,0,2,11059200
1080,6,reference,684,1280,720,1920,1080,11.2845,12.47,9.9072,1,1,0,0,2,11059200
1080,6,reference,685,1280,720,1920,1080,11.5476,12.5845,10.1673,1,1,0,0,2,11059200
1080,6,reference,686,1280,720,1920,1080,11.3388,12.382,9.95123,1,1,0,0,2,11059200
1080,6,reference,687,1280,720,1920,1080,11.5517,12.5765,10.1714,1,1,0,0,2,11059200
1080,6,reference,688,1280,720,1920,1080,11.3684,12.3612,9.99117,1,1,0,0,2,11059200
1080,6,reference,689,1280,720,1920,1080,11.2896,12.4782,9.91027,1,1,0,0,2,11059200
1080,6,reference,690,1280,720,1920,1080,11.3172,12.3009,9.93997,1,1,0,0,2,11059200
1080,6,reference,691,1280,720,1920,1080,11.092,12.262,9.71366,1,1,0,0,2,11059200
1080,6,reference,692,1280,720,1920,1080,11.4719,12.4624,10.0977,1,1,0,0,2,11059200
1080,6,reference,693,1280,720,1920,1080,11.308,12.2853,9.92768,1,1,0,0,2,11059200
1080,6,reference,694,1280,720,1920,1080,11.3172,12.278,9.93997,1,1,0,0,2,11059200
1080,6,reference,695,1280,720,1920,1080,11.221,12.2088,9.84474,1,1,0,0,2,11059200
1080,6,reference,696,1280,720,1920,1080,11.3848,12.3474,10.0076,1,1,0,0,2,11059200
1080,6,reference,697,1280,720,1920,1080,11.7914,12.6904,10.1386,1,1,0,0,2,11059200
1080,6,reference,698,1280,720,1920,1080,11.3316,12.3013,9.95226,1,1,0,0,2,11059200
1080,6,reference,699,1280,720,1920,1080,11.522,12.6299,10.1417,1,1,0,0,2,11059200
1080,6,reference,700,1280,720,1920,1080,11.2476,12.3952,9.86931,1,1,0,0,2,11059200
1080,6,reference,701,1280,720,1920,1080,9.94509,10.93,8.57293,1,1,0,0,2,11059200
1080,6,reference,702,1280,720,1920,1080,12.9894,14.1559,11.6019,1,1,0,0,2,11059200
1080,6,reference,703,1280,720,1920,1080,10.0342,11.025,8.65382,1,1,0,0,2,11059200
1080,6,reference,704,1280,720,1920,1080,9.47712,10.4705,8.10598,1,1,0,0,2,11059200
1080,6,reference,705,1280,720,1920,1080,11.264,13.4942,9.8857,1,1,0,0,2,11059200
1080,6,reference,706,1280,720,1920,1080,11.3551,12.4335,9.97683,1,1,0,0,2,11059200
1080,6,reference,707,1280,720,1920,1080,11.4156,12.3857,10.0301,1,1,0,0,2,11059200
1080,6,reference,708,1280,720,1920,1080,11.2794,12.3878,9.89901,1,1,0,0,2,11059200
1080,6,reference,709,1280,720,1920,1080,11.0551,12.2095,9.6727,1,1,0,0,2,11059200
1080,6,reference,710,1280,720,1920,1080,11.4801,12.4935,9.82323,1,1,0,0,2,11059200
1080,6,reference,711,1280,720,1920,1080,11.0356,12.333,9.65632,1,1,0,0,2,11059200
1080,6,reference,712,1280,720,1920,1080,11.5057,12.7819,10.1263,1,1,0,0,2,11059200
1080,6,reference,713,1280,720,1920,1080,11.265,12.3991,9.88058,1,1,0,0,2,11059200
1080,6,reference,714,1280,720,1920,1080,11.0541,12.0532,9.6768,1,1,0,0,2,11059200
1080,6,reference,715,1280,720,1920,1080,11.2947,12.343,9.91539,1,1,0,0,2,11059200
1080,6,reference,716,1280,720,1920,1080,11.4493,12.4851,10.068,1,1,0,0,2,11059200
1080,6,reference,717,1280,720,1920,1080,11.3613,12.5471,9.98093,1,1,0,0,2,11059200
1080,6,reference,718,1280,720,1920,1080,11.477,12.4512,10.0997,1,1,0,0,2,11059200
1080,6,reference,719,1280,720,1920,1080,11.2916,12.3214,9.91744,1,1,0,0,2,11059200
1080,6,reference,720,1280,720,1920,1080,11.305,12.3413,9.92666,1,1,0,0,2,11059200
1080,6,reference,721,1280,720,1920,1080,11.1391,12.2542,9.73722,1,1,0,0,2,11059200
1080,6,reference,722,1280,720,1920,1080,11.4452,12.6952,9.79558,1,1,0,0,2,11059200
1080,6,reference,723,1280,720,1920,1080,11.3848,12.5487,10.0055,1,1,0,0,2,11059200
1080,6,reference,724,1280,720,1920,1080,11.2763,12.282,9.90003,1,1,0,0,2,11059200
1080,6,reference,725,1280,720,1920,1080,11.3531,12.386,9.97376,1,1,0,0,2,11059200
1080,6,reference,726,1280,720,1920,1080,11.3121,12.3907,9.93382,1,1,0,0,2,11059200
1080,6,reference,727,1280,720,1920,1080,11.3736,12.4103,9.99219,1,1,0,0,2,11059200
1080,6,reference,728,1280,720,1920,1080,11.2886,12.2748,9.91232,1,1,0,0,2,11059200
1080,6,reference,729,1280,720,1920,1080,11.5712,12.6604,10.1898,1,1,0,0,2,11059200
1080,6,reference,730,1280,720,1920,1080,11.1534,12.3378,9.75974,1,1,0,0,2,11059200
1080,6,reference,731,1280,720,1920,1080,11.4749,12.5037,10.0956,1,1,0,0,2,11059200
1080,6,reference,732,1280,720,1920,1080,11.5722,12.5288,9.94714,1,1,0,0,2,11059200
1080,6,reference,733,1280,720,1920,1080,11.3172,12.3425,9.93894,1,1,0,0,2,11059200
1080,6,reference,734,1280,720,1920,1080,11.5651,12.4897,10.1857,1,1,0,0,2,11059200
1080,6,reference,735,1280,720,1920,1080,11.4975,12.4302,10.1171,1,1,0,0,2,11059200
1080,6,reference,736,1280,720,1920,1080,11.5302,12.5097,10.153,1,1,0,0,2,11059200
1080,6,reference,737,1280,720,1920,1080,11.4647,12.574,10.0854,1,1,0,0,2,11059200
1080,6,reference,738,1280,720,1920,1080,11.4964,12.5674,10.1181,1,1,0,0,2,11059200
1080,6,reference,739,1280,720,1920,1080,11.9593,12.9201,10.3916,1,1,0,0,2,11059200
1080,6,reference,740,1280,720,1920,1080,11.6787,12.6376,10.2943,1,1,0,0,2,11059200
1080,6,reference,741,1280,720,1920,1080,10.9824,12.0815,9.6,1,1,0,0,2,11059200
1080,6,reference,742,1280,720,1920,1080,11.4842,12.5342,10.1048,1,1,0,0,2,11059200
1080,6,reference,743,1280,720,1920,1080,11.3623,12.2517,9.73517,1,1,0,0,2,11059200
1080,6,reference,744,1280,720,1920,1080,11.3357,12.3157,9.95942,1,1,0,0,2,11059200
1080,6,reference,745,1280,720,1920,1080,11.4811,12.4719,10.0997,1,1,0,0,2,11059200
1080,6,reference,746,1280,720,1920,1080,11.4964,12.5594,10.1233,1,1,0,0,2,11059200
1080,6,reference,747,1280,720,1920,1080,11.4452,12.4065,10.0649,1,1,0,0,2,11059200
1080,6,reference,748,1280,720,1920,1080,11.4749,12.582,10.0987,1,1,0,0,2,11059200
1080,6,reference,749,1280,720,1920,1080,11.2978,12.2755,9.92051,1,1,0,0,2,11059200
1080,6,reference,750,1280,720,1920,1080,11.4381,12.4106,10.0639,1,1,0,0,2,11059200
1080,6,reference,751,1280,720,1920,1080,11.4698,12.5625,10.0915,1,1,0,0,2,11059200
1080,6,reference,752,1280,720,1920,1080,9.9625,11.0424,8.58829,1,1,0,0,2,11059200
1080,6,reference,753,1280,720,1920,1080,11.1022,12.0498,9.72493,1,1,0,0,2,11059200
1080,6,reference,754,1280,720,1920,1080,12.5809,13.5612,10.9578,1,1,0,0,2,11059200
1080,6,reference,755,1280,720,1920,1080,11.5282,12.4477,9.87136,1,1,0,0,2,11059200
1080,6,reference,756,1280,720,1920,1080,11.4555,12.3824,9.81811,1,1,0,0,2,11059200
1080,6,reference,757,1280,720,1920,1080,11.477,12.426,9.83654,1,1,0,0,2,11059200
1080,6,reference,758,1280,720,1920,1080,9.94202,10.9855,8.56883,1,1,0,0,2,11059200
1080,6,reference,759,1280,720,1920,1080,12.8031,13.7653,11.4063,1,1,0,0,2,11059200
1080,6,reference,760,1280,720,1920,1080,11.2179,12.3019,8.6057,1,1,0,0,2,11059200
1080,6,reference,761,1280,720,1920,1080,11.4545,12.4953,10.0567,1,1,0,0,2,11059200
1080,6,reference,762,1280,720,1920,1080,11.7248,12.6683,10.3434,1,1,0,0,2,11059200
1080,6,reference,763,1280,720,1920,1080,11.3633,12.294,9.71366,1,1,0,0,2,11059200
1080,6,reference,764,1280,720,1920,1080,11.4135,12.4093,9.76794,1,1,0,0,2,11059200
1080,6,reference,765,1280,720,1920,1080,11.349,12.4201,9.68499,1,1,0,0,2,11059200
1080,6,reference,766,1280,720,1920,1080,11.3521,12.3355,9.71469,1,1,0,0,2,11059200
1080,6,reference,767,1280,720,1920,1080,11.7996,12.8359,10.1366,1,1,0,0,2,11059200
1080,6,reference,768,1280,720,1920,1080,11.093,12.3023,9.71674,1,1,0,0,2,11059200
1080,6,reference,769,1280,720,1920,1080,11.8241,12.8766,10.1816,1,1,0,0,2,11059200
1080,6,reference,770,1280,720,1920,1080,11.5589,12.5687,9.9072,1,1,0,0,2,11059200
1080,6,reference,771,1280,720,1920,1080,11.5487,12.5152,9.89696,1,1,0,0,2,11059200
1080,6,reference,772,1280,720,1920,1080,11.5569,12.5112,9.89798,1,1,0,0,2,11059200
1080,6,reference,773,1280,720,1920,1080,11.3623,12.3512,9.98298,1,1,0,0,2,11059200
1080,6,reference,774,1280,720,1920,1080,11.521,12.5126,9.86726,1,1,0,0,2,11059200
1080,6,reference,775,1280,720,1920,1080,11.349,12.3262,9.97274,1,1,0,0,2,11059200
1080,6,reference,776,1280,720,1920,1080,11.4156,12.3709,9.75258,1,1,0,0,2,11059200
1080,6,reference,777,1280,720,1920,1080,11.5026,12.4733,9.84678,1,1,0,0,2,11059200
1080,6,reference,778,1280,720,1920,1080,11.5087,12.5119,9.84474,1,1,0,0,2,11059200
1080,6,reference,779,1280,720,1920,1080,11.5272,12.668,9.87546,1,1,0,0,2,11059200
1080,6,reference,780,1280,720,1920,1080,11.5364,12.6417,9.8857,1,1,0,0,2,11059200
1080,6,reference,781,1280,720,1920,1080,11.2896,12.3223,9.9113,1,1,0,0,2,11059200
1080,6,reference,782,1280,720,1920,1080,11.4852,12.5272,9.83962,1,1,0,0,2,11059200
1080,6,reference,783,1280,720,1920,1080,11.5558,12.6756,9.90003,1,1,0,0,2,11059200
1080,6,reference,784,1280,720,1920,1080,11.5466,12.5192,9.89184,1,1,0,0,2,11059200
1080,6,reference,785,1280,720,1920,1080,11.394,12.9187,10.0178,1,1,0,0,2,11059200
1080,6,reference,786,1280,720,1920,1080,11.5272,12.5938,10.1509,1,1,0,0,2,11059200
1080,6,reference,787,1280,720,1920,1080,11.4862,12.5774,10.1038,1,1,0,0,2,11059200
1080,6,reference,788,1280,720,1920,1080,11.5845,12.7061,10.2093,1,1,0,0,2,11059200
1080,6,reference,789,1280,720,1920,1080,11.2937,12.2599,9.91539,1,1,0,0,2,11059200
1080,6,reference,790,1280,720,1920,1080,11.4555,12.453,10.0792,1,1,0,0,2,11059200
1080,6,reference,791,1280,720,1920,1080,11.2773,12.2446,9.89696,1,1,0,0,2,11059200
1080,6,reference,792,1280,720,1920,1080,11.3347,12.3714,9.96045,1,1,0,0,2,11059200
1080,6,reference,793,1280,720,1920,1080,11.3101,12.2472,9.93075,1,1,0,0,2,11059200
1080,6,reference,794,1280,720,1920,1080,11.3684,12.4949,9.99219,1,1,0,0,2,11059200
1080,6,reference,795,1280,720,1920,1080,11.3459,12.3992,9.96966,1,1,0,0,2,11059200
1080,6,reference,796,1280,720,1920,1080,11.4944,12.522,9.86726,1,1,0,0,2,11059200
1080,6,reference,797,1280,720,1920,1080,11.3152,12.3655,9.93382,1,1,0,0,2,11059200
1080,6,reference,798,1280,720,1920,1080,11.3725,12.4163,9.99834,1,1,0,0,2,11059200
1080,6,reference,799,1280,720,1920,1080,11.2783,12.2133,9.90003,1,1,0,0,2,11059200
1080,6,reference,800,1280,720,1920,1080,11.5732,12.5984,9.94304,1,1,0,0,2,11059200
1080,6,reference,801,1280,720,1920,1080,11.5517,12.5216,9.9113,1,1,0,0,2,11059200
1080,6,reference,802,1280,720,1920,1080,11.5343,12.4754,9.9031,1,1,0,0,2,11059200
1080,6,reference,803,1280,720,1920,1080,11.3295,12.304,9.95123,1,1,0,0,2,11059200
1080,6,reference,804,1280,720,1920,1080,11.3377,12.3818,9.9625,1,1,0,0,2,11059200
1080,6,reference,805,1280,720,1920,1080,11.3029,12.3575,9.92358,1,1,0,0,2,11059200
1080,6,reference,806,1280,720,1920,1080,11.1821,12.8239,9.80378,1,1,0,0,2,11059200
1080,6,reference,807,1280,720,1920,1080,11.3367,12.263,9.9584,1,1,0,0,2,11059200
1080,6,reference,808,1280,720,1920,1080,11.4883,12.6719,9.7239,1,1,0,0,2,11059200
1080,6,reference,809,1280,720,1920,1080,11.3132,12.3164,9.93382,1,1,0,0,2,11059200
1080,6,reference,810,1280,720,1920,1080,11.5241,12.7023,9.8857,1,1,0,0,2,11059200
1080,6,reference,811,1280,720,1920,1080,11.3347,12.3869,9.95635,1,1,0,0,2,11059200
1080,6,reference,812,1280,720,1920,1080,11.5436,12.4745,9.9072,1,1,0,0,2,11059200
1080,6,reference,813,1280,720,1920,1080,11.4852,12.4455,9.84781,1,1,0,0,2,11059200
1080,6,reference,814,1280,720,1920,1080,11.5128,12.4822,9.88365,1,1,0,0,2,11059200
1080,6,reference,815,1280,720,1920,1080,11.3725,12.4606,9.99322,1,1,0,0,2,11059200
1080,6,reference,816,1280,720,1920,1080,9.98605,11.0955,8.61389,1,1,0,0,2,11059200
1080,6,reference,817,1280,720,1920,1080,12.3679,13.5355,10.9722,1,1,0,0,2,11059200
1080,6,reference,818,1280,720,1920,1080,11.4831,12.5963,10.1059,1,1,0,0,2,11059200
1080,6,reference,819,1280,720,1920,1080,11.5835,12.6064,9.92973,1,1,0,0,2,11059200
1080,6,reference,820,1280,720,1920,1080,11.5087,12.4608,9.86726,1,1,0,0,2,11059200
1080,6,reference,821,1280,720,1920,1080,11.3603,12.339,9.71674,1,1,0,0,2,11059200
1080,6,reference,822,1280,720,1920,1080,11.5118,12.5991,9.86726,1,1,0,0,2,11059200
1080,6,reference,823,1280,720,1920,1080,11.5333,12.5198,9.89286,1,1,0,0,2,11059200
1080,6,reference,824,1280,720,1920,1080,11.5067,12.5131,9.83654,1,1,0,0,2,11059200
1080,6,reference,825,1280,720,1920,1080,11.4074,12.4664,10.026,1,1,0,0,2,11059200
1080,6,reference,826,1280,720,1920,1080,11.4995,12.6201,9.86214,1,1,0,0,2,11059200
1080,6,reference,827,1280,720,1920,1080,11.3224,12.4797,9.94304,1,1,0,0,2,11059200
1080,6,reference,828,1280,720,1920,1080,11.2998,12.3295,9.92154,1,1,0,0,2,11059200
1080,6,reference,829,1280,720,1920,1080,11.4719,12.4996,9.83962,1,1,0,0,2,11059200
1080,6,reference,830,1280,720,1920,1080,11.5302,12.624,9.90106,1,1,0,0,2,11059200
1080,6,reference,831,1280,720,1920,1080,11.3469,12.3581,9.96659,1,1,0,0,2,11059200
1080,6,reference,832,1280,720,1920,1080,11.5128,12.5413,9.8816,1,1,0,0,2,11059200
1080,6,reference,833,1280,720,1920,1080,11.2476,12.3097,9.87034,1,1,0,0,2,11059200
1080,6,reference,834,1280,720,1920,1080,11.5128,12.6005,9.87955,1,1,0,0,2,11059200
1080,6,reference,835,1280,720,1920,1080,11.5323,12.5709,9.90106,1,1,0,0,2,11059200
1080,6,reference,836,1280,720,1920,1080,11.5517,12.7612,9.92358,1,1,0,0,2,11059200
1080,6,reference,837,1280,720,1920,1080,11.4964,12.6621,10.1192,1,1,0,0,2,11059200
1080,6,reference,838,1280,720,1920,1080,11.5282,12.6316,10.1519,1,1,0,0,2,11059200
1080,6,reference,839,1280,720,1920,1080,11.3009,12.33,9.92358,1,1,0,0,2,11059200
1080,6,reference,840,1280,720,1920,1080,11.4831,12.5639,10.1089,1,1,0,0,2,11059200
1080,6,reference,841,1280,720,1920,1080,11.4821,12.5767,10.1018,1,1,0,0,2,11059200
1080,6,reference,842,1280,720,1920,1080,11.433,12.4413,10.0547,1,1,0,0,2,11059200
1080,6,reference,843,1280,720,1920,1080,11.0408,12.1815,8.39987,1,1,0,0,2,11059200
1080,6,reference,844,1280,720,1920,1080,10.0147,11.1093,8.63539,1,1,0,0,2,11059200
1080,6,reference,845,1280,720,1920,1080,11.308,13.0844,9.92973,1,1,0,0,2,11059200
1080,6,reference,846,1280,720,1920,1080,11.264,12.198,9.88774,1,1,0,0,2,11059200
1080,6,reference,847,1280,720,1920,1080,11.5036,12.5715,9.87341,1,1,0,0,2,11059200
1080,6,reference,848,1280,720,1920,1080,11.4688,12.4257,9.84064,1,1,0,0,2,11059200
1080,6,reference,849,1280,720,1920,1080,11.7023,12.7559,9.9328,1,1,0,0,2,11059200
1080,6,reference,850,1280,720,1920,1080,11.5415,12.6583,9.89491,1,1,0,0,2,11059200
1080,6,reference,851,1280,720,1920,1080,11.4842,12.498,9.84269,1,1,0,0,2,11059200
1080,6,reference,852,1280,720,1920,1080,11.3009,12.3933,9.87238,1,1,0,0,2,11059200
1080,6,reference,853,1280,720,1920,1080,12.2593,13.2592,10.8677,1,1,0,0,2,11059200
1080,6,reference,854,1280,720,1920,1080,11.1974,12.3438,9.81914,1,1,0,0,2,11059200
1080,6,reference,855,1280,720,1920,1080,11.0244,12.067,9.64403,1,1,0,0,2,11059200
1080,6,reference,856,1280,720,1920,1080,11.3684,12.3738,9.73107,1,1,0,0,2,11059200
1080,6,reference,857,1280,720,1920,1080,11.3193,12.4054,9.93485,1,1,0,0,2,11059200
1080,6,reference,858,1280,720,1920,1080,11.3285,12.2978,9.95123,1,1,0,0,2,11059200
1080,6,reference,859,1280,720,1920,1080,11.4934,12.418,9.85907,1,1,0,0,2,11059200
1080,6,reference,860,1280,720,1920,1080,11.5067,12.4991,9.87648,1,1,0,0,2,11059200
1080,6,reference,861,1280,720,1920,1080,11.4565,12.4963,9.82528,1,1,0,0,2,11059200
1080,6,reference,862,1280,720,1920,1080,11.5476,12.5423,9.90822,1,1,0,0,2,11059200
1080,6,reference,863,1280,720,1920,1080,11.5026,12.5783,9.86214,1,1,0,0,2,11059200
1080,6,reference,864,1280,720,1920,1080,11.4115,12.6781,10.0229,1,1,0,0,2,11059200
1080,6,reference,865,1280,720,1920,1080,11.3428,12.5333,9.9625,1,1,0,0,2,11059200
1080,6,reference,866,1280,720,1920,1080,11.3203,12.2693,9.94202,1,1,0,0,2,11059200
1080,6,reference,867,1280,720,1920,1080,11.3285,12.4312,9.94918,1,1,0,0,2,11059200
1080,6,reference,868,1280,720,1920,1080,11.5169,12.5344,9.8775,1,1,0,0,2,11059200
1080,6,reference,869,1280,720,1920,1080,11.3091,12.3409,9.92768,1,1,0,0,2,11059200
1080,6,reference,870,1280,720,1920,1080,11.3172,12.3765,9.93997,1,1,0,0,2,11059200
1080,6,reference,871,1280,720,1920,1080,11.562,12.66,9.90618,1,1,0,0,2,11059200
1080,6,reference,872,1280,720,1920,1080,11.4995,12.506,9.86112,1,1,0,0,2,11059200
1080,6,reference,873,1280,720,1920,1080,11.3541,12.6981,9.97274,1,1,0,0,2,11059200
1080,6,reference,874,1280,720,1920,1080,11.3336,12.292,9.95226,1,1,0,0,2,11059200
1080,6,reference,875,1280,720,1920,1080,11.3777,12.3482,9.99731,1,1,0,0,2,11059200
1080,6,reference,876,1280,720,1920,1080,11.5241,12.5271,9.89286,1,1,0,0,2,11059200
1080,6,reference,877,1280,720,1920,1080,11.5087,12.5194,9.87546,1,1,0,0,2,11059200
1080,6,reference,878,1280,720,1920,1080,11.5036,12.5022,9.86931,1,1,0,0,2,11059200
1080,6,reference,879,1280,720,1920,1080,11.3469,12.452,9.9625,1,1,0,0,2,11059200
1080,6,reference,880,1280,720,1920,1080,11.3439,12.3864,9.96454,1,1,0,0,2,11059200
1080,6,reference,881,1280,720,1920,1080,11.2886,12.3472,9.90822,1,1,0,0,2,11059200
1080,6,reference,882,1280,720,1920,1080,11.5077,12.441,9.87443,1,1,0,0,2,11059200
1080,6,reference,883,1280,720,1920,1080,9.82016,10.9155,8.44083,1,1,0,0,2,11059200
1080,6,reference,884,1280,720,1920,1080,12.6618,13.7912,11.2323,1,1,0,0,2,11059200
1080,6,reference,885,1280,720,1920,1080,10.0209,11.0399,8.64256,1,1,0,0,2,11059200
1080,6,reference,886,1280,720,1920,1080,11.1299,13.0492,9.75258,1,1,0,0,2,11059200
1080,6,reference,887,1280,720,1920,1080,11.4033,12.4426,8.78182,1,1,0,0,2,11059200
1080,6,reference,888,1280,720,1920,1080,11.5026,12.4962,9.93075,1,1,0,0,2,11059200
1080,6,reference,889,1280,720,1920,1080,11.3234,12.4341,9.94099,1,1,0,0,2,11059200
1080,6,reference,890,1280,720,1920,1080,11.434,12.4337,10.0567,1,1,0,0,2,11059200
1080,6,reference,891,1280,720,1920,1080,11.3725,12.3097,9.99117,1,1,0,0,2,11059200
1080,6,reference,892,1280,720,1920,1080,11.1002,12.4122,9.72186,1,1,0,0,2,11059200
1080,6,reference,893,1280,720,1920,1080,11.0449,12.2517,9.66349,1,1,0,0,2,11059200
1080,6,reference,894,1280,720,1920,1080,11.2804,12.6511,9.90106,1,1,0,0,2,11059200
1080,6,reference,895,1280,720,1920,1080,11.564,12.557,10.1673,1,1,0,0,2,11059200
1080,6,reference,896,1280,720,1920,1080,11.5087,12.5428,9.88672,1,1,0,0,2,11059200
1080,6,reference,897,1280,720,1920,1080,11.3633,12.4276,9.71469,1,1,0,0,2,11059200
1080,6,reference,898,1280,720,1920,1080,11.4903,12.6039,9.85293,1,1,0,0,2,11059200
1080,6,reference,899,1280,720,1920,1080,11.223,12.7097,9.84474,1,1,0,0,2,11059200
1080,6,reference,900,1280,720,1920,1080,11.3889,12.3308,10.0116,1,1,0,0,2,11059200
1080,6,reference,901,1280,720,1920,1080,11.3562,12.3779,9.97683,1,1,0,0,2,11059200
1080,6,reference,902,1280,720,1920,1080,11.2282,12.3096,8.58214,1,1,0,0,2,11059200
1080,6,reference,903,1280,720,1920,1080,11.7729,12.6885,10.114,1,1,0,0,2,11059200
1080,6,reference,904,1280,720,1920,1080,11.6541,12.824,10.0157,1,1,0,0,2,11059200
1080,6,reference,905,1280,720,1920,1080,11.6623,12.6871,10.0076,1,1,0,0,2,11059200
1080,6,reference,906,1280,720,1920,1080,11.4002,12.8871,10.0239,1,1,0,0,2,11059200
1080,6,reference,907,1280,720,1920,1080,11.4842,12.5697,10.1038,1,1,0,0,2,11059200
1080,6,reference,908,1280,720,1920,1080,11.3275,12.3334,9.94611,1,1,0,0,2,11059200
1080,6,reference,909,1280,720,1920,1080,11.3428,12.328,9.6983,1,1,0,0,2,11059200
1080,6,reference,910,1280,720,1920,1080,11.3572,12.5588,9.71878,1,1,0,0,2,11059200
1080,6,reference,911,1280,720,1920,1080,11.3224,12.3417,9.67373,1,1,0,0,2,11059200
1080,6,reference,912,1280,720,1920,1080,10.0127,10.9697,8.64154,1,1,0,0,2,11059200
1080,6,reference,913,1280,720,1920,1080,12.7365,13.882,11.3254,1,1,0,0,2,11059200
1080,6,reference,914,1280,720,1920,1080,11.4514,12.5604,9.79456,1,1,0,0,2,11059200
1080,6,reference,915,1280,720,1920,1080,11.4074,12.4096,9.76384,1,1,0,0,2,11059200
1080,6,reference,916,1280,720,1920,1080,11.3009,12.3441,9.65222,1,1,0,0,2,11059200
1080,6,reference,917,1280,720,1920,1080,11.5548,12.5673,9.91334,1,1,0,0,2,11059200
1080,6,reference,918,1280,720,1920,1080,11.3183,12.3603,9.66861,1,1,0,0,2,11059200
1080,6,reference,919,1280,720,1920,1080,11.2067,12.1974,9.6471,1,1,0,0,2,11059200
1080,6,reference,920,1280,720,1920,1080,11.266,12.3143,9.88774,1,1,0,0,2,11059200
1080,6,reference,921,1280,720,1920,1080,11.2763,12.5878,9.89594,1,1,0,0,2,11059200
1080,6,reference,922,1280,720,1920,1080,11.2425,12.6039,9.86317,1,1,0,0,2,11059200
1080,6,reference,923,1280,720,1920,1080,11.2456,12.6648,8.61491,1,1,0,0,2,11059200
1080,6,reference,924,1280,720,1920,1080,9.82528,10.7664,8.4521,1,1,0,0,2,11059200
1080,6,reference,925,1280,720,1920,1080,11.138,12.1682,9.75667,1,1,0,0,2,11059200
1080,6,reference,926,1280,720,1920,1080,12.2522,14.0663,10.8298,1,1,0,0,2,11059200
1080,6,reference,927,1280,720,1920,1080,12.0269,13.1529,10.3875,1,1,0,0,2,11059200
1080,6,reference,928,1280,720,1920,1080,11.3183,12.2601,9.68704,1,1,0,0,2,11059200
1080,6,reference,929,1280,720,1920,1080,11.222,12.4567,9.84064,1,1,0,0,2,11059200
1080,6,reference,930,1280,720,1920,1080,11.5057,12.6609,9.8816,1,1,0,0,2,11059200
1080,6,reference,931,1280,720,1920,1080,11.2824,12.5594,9.90003,1,1,0,0,2,11059200
1080,6,reference,932,1280,720,1920,1080,11.4381,12.5277,10.0577,1,1,0,0,2,11059200
1080,6,reference,933,1280,720,1920,1080,11.3193,12.3733,9.67066,1,1,0,0,2,11059200
1080,6,reference,934,1280,720,1920,1080,11.3439,12.4706,9.70547,1,1,0,0,2,11059200
1080,6,reference,935,1280,720,1920,1080,11.52,12.5055,9.86112,1,1,0,0,2,11059200
1080,6,reference,936,1280,720,1920,1080,11.3981,12.3583,9.75565,1,1,0,0,2,11059200
1080,6,reference,937,1280,720,1920,1080,11.8405,12.9709,10.1898,1,1,0,0,2,11059200
1080,6,reference,938,1280,720,1920,1080,11.562,12.5599,9.90208,1,1,0,0,2,11059200
1080,6,reference,939,1280,720,1920,1080,11.5948,12.6518,9.95123,1,1,0,0,2,11059200
1080,6,reference,940,1280,720,1920,1080,11.3736,12.2928,9.99629,1,1,0,0,2,11059200
1080,6,reference,941,1280,720,1920,1080,11.5415,12.5513,9.89901,1,1,0,0,2,11059200
1080,6,reference,942,1280,720,1920,1080,11.2978,12.4851,9.91744,1,1,0,0,2,11059200
1080,6,reference,943,1280,720,1920,1080,11.5118,12.5972,9.86931,1,1,0,0,2,11059200
1080,6,reference,944,1280,720,1920,1080,11.4586,12.537,10.0782,1,1,0,0,2,11059200
1080,6,reference,945,1280,720,1920,1080,11.3695,12.3444,9.98707,1,1,0,0,2,11059200
1080,6,reference,946,1280,720,1920,1080,11.5364,12.5394,9.90618,1,1,0,0,2,11059200
1080,6,reference,947,1280,720,1920,1080,11.3551,12.4723,9.97274,1,1,0,0,2,11059200
1080,6,reference,948,1280,720,1920,1080,11.5476,12.6732,9.90106,1,1,0,0,2,11059200
1080,6,reference,949,1280,720,1920,1080,11.3377,12.3686,9.95328,1,1,0,0,2,11059200
1080,6,reference,950,1280,720,1920,1080,9.82221,10.9289,8.44595,1,1,0,0,2,11059200
1080,6,reference,951,1280,720,1920,1080,12.8451,13.9927,11.4248,1,1,0,0,2,11059200
1080,6,reference,952,1280,720,1920,1080,11.4924,12.6767,9.82938,1,1,0,0,2,11059200
1080,6,reference,953,1280,720,1920,1080,11.3091,12.3525,9.92666,1,1,0,0,2,11059200
1080,6,reference,954,1280,720,1920,1080,11.349,12.5572,9.96864,1,1,0,0,2,11059200
1080,6,reference,955,1280,720,1920,1080,11.3295,12.3688,9.94611,1,1,0,0,2,11059200
1080,6,reference,956,1280,720,1920,1080,11.5036,12.4738,9.85293,1,1,0,0,2,11059200
1080,6,reference,957,1280,720,1920,1080,11.5231,12.534,9.87546,1,1,0,0,2,11059200
1080,6,reference,958,1280,720,1920,1080,11.3203,12.2983,9.94304,1,1,0,0,2,11059200
1080,6,reference,959,1280,720,1920,1080,9.9881,11.1935,8.60979,1,1,0,0,2,11059200
1080,6,reference,960,1280,720,1920,1080,12.4754,13.6716,11.0469,1,1,0,0,2,11059200
1080,6,reference,961,1280,720,1920,1080,11.3818,12.3786,9.82118,1,1,0,0,2,11059200
1080,6,reference,962,1280,720,1920,1080,11.3418,12.417,9.96045,1,1,0,0,2,11059200
1080,6,reference,963,1280,720,1920,1080,10.026,10.9579,8.64563,1,1,0,0,2,11059200
1080,6,reference,964,1280,720,1920,1080,11.3367,12.34,9.9584,1,1,0,0,2,11059200
1080,6,reference,965,1280,720,1920,1080,12.2255,13.2123,10.8462,1,1,0,0,2,11059200
1080,6,reference,966,1280,720,1920,1080,11.2947,12.3251,9.9113,1,1,0,0,2,11059200
1080,6,reference,967,1280,720,1920,1080,11.0715,12.101,9.69114,1,1,0,0,2,11059200
1080,6,reference,968,1280,720,1920,1080,11.4637,12.3469,10.0731,1,1,0,0,2,11059200
1080,6,reference,969,1280,720,1920,1080,11.6664,12.63,9.98912,1,1,0,0,2,11059200
1080,6,reference,970,1280,720,1920,1080,11.2271,12.6069,9.84064,1,1,0,0,2,11059200
1080,6,reference,971,1280,720,1920,1080,10.0352,11.0223,8.6487,1,1,0,0,2,11059200
1080,6,reference,972,1280,720,1920,1080,10.7899,11.7503,8.10291,1,1,0,0,2,11059200
1080,6,reference,973,1280,720,1920,1080,11.223,12.4165,9.84166,1,1,0,0,2,11059200
1080,6,reference,974,1280,720,1920,1080,11.4565,12.5441,10.0792,1,1,0,0,2,11059200
1080,6,reference,975,1280,720,1920,1080,11.3408,12.6089,9.96147,1,1,0,0,2,11059200
1080,6,reference,976,1280,720,1920,1080,11.5087,12.5377,10.1315,1,1,0,0,2,11059200
1080,6,reference,977,1280,720,1920,1080,11.4575,12.4295,10.0731,1,1,0,0,2,11059200
1080,6,reference,978,1280,720,1920,1080,11.4586,12.4959,10.0772,1,1,0,0,2,11059200
1080,6,reference,979,1280,720,1920,1080,11.4934,12.5855,10.112,1,1,0,0,2,11059200
1080,6,reference,980,1280,720,1920,1080,11.4975,12.4505,10.1181,1,1,0,0,2,11059200
1080,6,reference,981,1280,720,1920,1080,11.5046,12.597,10.1253,1,1,0,0,2,11059200
1080,6,reference,982,1280,720,1920,1080,11.5507,12.683,10.1632,1,1,0,0,2,11059200
1080,6,reference,983,1280,720,1920,1080,11.3388,12.366,9.95738,1,1,0,0,2,11059200
1080,6,reference,984,1280,720,1920,1080,9.93075,10.8593,8.5545,1,1,0,0,2,11059200
1080,6,reference,985,1280,720,1920,1080,10.708,11.9493,9.32762,1,1,0,0,2,11059200
1080,6,reference,986,1280,720,1920,1080,12.7365,13.8176,11.3295,1,1,0,0,2,11059200
1080,6,reference,987,1280,720,1920,1080,11.7432,12.7549,10.3444,1,1,0,0,2,11059200
1080,6,reference,988,1280,720,1920,1080,11.4913,12.5126,10.111,1,1,0,0,2,11059200
1080,6,reference,989,1280,720,1920,1080,11.3377,12.3106,9.95533,1,1,0,0,2,11059200
1080,6,reference,990,1280,720,1920,1080,11.3674,12.3044,9.98707,1,1,0,0,2,11059200
1080,6,reference,991,1280,720,1920,1080,11.4985,12.4529,9.84474,1,1,0,0,2,11059200
1080,6,reference,992,1280,720,1920,1080,11.3572,12.3838,9.97786,1,1,0,0,2,11059200
1080,6,reference,993,1280,720,1920,1080,11.3367,12.3935,9.9543,1,1,0,0,2,11059200
1080,6,reference,994,1280,720,1920,1080,11.5671,12.6717,9.91846,1,1,0,0,2,11059200
1080,6,reference,995,1280,720,1920,1080,11.4524,12.6293,9.81094,1,1,0,0,2,11059200
1080,6,reference,996,1280,720,1920,1080,11.3398,12.3126,9.95942,1,1,0,0,2,11059200
1080,6,reference,997,1280,720,1920,1080,11.3388,12.4038,9.95533,1,1,0,0,2,11059200
1080,6,reference,998,1280,720,1920,1080,11.35,12.4073,9.96966,1,1,0,0,2,11059200
1080,6,reference,999,1280,720,1920,1080,11.5784,12.5751,9.92256,1,1,0,0,2,11059200
1080,6,reference,1000,1280,720,1920,1080,11.3408,12.4072,9.9584,1,1,0,0,2,11059200
1080,6,reference,1001,1280,720,1920,1080,11.604,12.5763,9.94816,1,1,0,0,2,11059200
1080,6,reference,1002,1280,720,1920,1080,11.4985,12.6278,9.856,1,1,0,0,2,11059200
1080,6,reference,1003,1280,720,1920,1080,11.3684,12.484,9.98707,1,1,0,0,2,11059200
1080,6,reference,1004,1280,720,1920,1080,11.5487,12.606,9.90106,1,1,0,0,2,11059200
1080,6,reference,1005,1280,720,1920,1080,11.394,12.4619,10.0096,1,1,0,0,2,11059200
1080,6,reference,1006,1280,720,1920,1080,11.3541,12.3325,9.97274,1,1,0,0,2,11059200
1080,6,reference,1007,1280,720,1920,1080,11.5661,12.6351,9.984,1,1,0,0,2,11059200
1080,6,reference,1008,1280,720,1920,1080,11.9695,12.9574,10.3465,1,1,0,0,2,11059200
1080,6,reference,1009,1280,720,1920,1080,11.5272,12.4817,10.1448,1,1,0,0,2,11059200
1080,6,reference,1010,1280,720,1920,1080,11.3521,12.4997,9.97376,1,1,0,0,2,11059200
1080,6,reference,1011,1280,720,1920,1080,11.2722,12.3754,9.88262,1,1,0,0,2,11059200
1080,6,reference,1012,1280,720,1920,1080,11.6265,12.6461,10.2431,1,1,0,0,2,11059200
1080,6,reference,1013,1280,720,1920,1080,11.307,12.229,9.92154,1,1,0,0,2,11059200
1080,6,reference,1014,1280,720,1920,1080,11.5026,12.6463,10.1212,1,1,0,0,2,11059200
1080,6,reference,1015,1280,720,1920,1080,11.223,12.5398,9.83859,1,1,0,0,2,11059200
1080,6,reference,1016,1280,720,1920,1080,11.3736,12.3009,9.80378,1,1,0,0,2,11059200
1080,6,reference,1017,1280,720,1920,1080,11.5323,12.5323,10.1386,1,1,0,0,2,11059200
1080,6,reference,1018,1280,720,1920,1080,11.3347,12.3713,9.95226,1,1,0,0,2,11059200
1080,6,reference,1019,1280,720,1920,1080,11.5476,12.5224,10.1622,1,1,0,0,2,11059200
1080,6,reference,1020,1280,720,1920,1080,11.5354,12.4935,9.94509,1,1,0,0,2,11059200
1080,6,reference,1021,1280,720,1920,1080,11.5333,12.4613,9.89696,1,1,0,0,2,11059200
1080,6,reference,1022,1280,720,1920,1080,9.91846,10.9131,8.54118,1,1,0,0,2,11059200
1080,6,reference,1023,1280,720,1920,1080,11.3418,12.3134,9.95942,1,1,0,0,2,11059200
1080,6,reference,1024,1280,720,1920,1080,11.3336,12.3469,9.95328,1,1,0,0,2,11059200
1080,6,reference,1025,1280,720,1920,1080,11.39,12.4736,10.0055,1,1,0,0,2,11059200
1080,6,reference,1026,1280,720,1920,1080,11.3695,12.342,9.99117,1,1,0,0,2,11059200
1080,6,reference,1027,1280,720,1920,1080,10.1315,11.0921,8.74906,1,1,0,0,2,11059200
1080,6,reference,1028,1280,720,1920,1080,12.6464,13.7513,10.113,1,1,0,0,2,11059200
1080,6,reference,1029,1280,720,1920,1080,11.2364,12.4176,9.85395,1,1,0,0,2,11059200
1080,6,reference,1030,1280,720,1920,1080,11.4647,12.5069,10.0844,1,1,0,0,2,11059200
1080,6,reference,1031,1280,720,1920,1080,11.2456,12.5108,9.85907,1,1,0,0,2,11059200
1080,6,reference,1032,1280,720,1920,1080,11.5159,12.5489,10.1325,1,1,0,0,2,11059200
1080,6,reference,1033,1280,720,1920,1080,11.5364,12.5179,9.89184,1,1,0,0,2,11059200
1080,6,reference,1034,1280,720,1920,1080,11.3521,12.4516,8.71424,1,1,0,0,2,11059200
1080,6,reference,1035,1280,720,1920,1080,12.3484,13.3642,10.6957,1,1,0,0,2,11059200
1080,6,reference,1036,1280,720,1920,1080,11.5651,12.6541,9.91334,1,1,0,0,2,11059200
1080,6,reference,1037,1280,720,1920,1080,11.5732,12.6384,9.91949,1,1,0,0,2,11059200
1080,6,reference,1038,1280,720,1920,1080,11.2998,12.3333,9.91846,1,1,0,0,2,11059200
1080,6,reference,1039,1280,720,1920,1080,11.5436,12.6789,9.88467,1,1,0,0,2,11059200
1080,6,reference,1040,1280,720,1920,1080,11.5466,12.5457,9.90003,1,1,0,0,2,11059200
1080,6,reference,1041,1280,720,1920,1080,11.5876,12.6024,9.92461,1,1,0,0,2,11059200
1080,6,reference,1042,1280,720,1920,1080,11.3715,12.3637,9.98912,1,1,0,0,2,11059200
1080,6,reference,1043,1280,720,1920,1080,11.3531,12.4177,9.96557,1,1,0,0,2,11059200
1080,6,reference,1044,1280,720,1920,1080,11.5763,12.6551,9.91846,1,1,0,0,2,11059200
1080,6,reference,1045,1280,720,1920,1080,11.3551,12.4097,9.96762,1,1,0,0,2,11059200
1080,6,reference,1046,1280,720,1920,1080,11.3265,12.3119,9.94509,1,1,0,0,2,11059200
1080,6,reference,1047,1280,720,1920,1080,11.5599,12.6483,9.9113,1,1,0,0,2,11059200
1080,6,reference,1048,1280,720,1920,1080,11.3459,12.3865,9.96147,1,1,0,0,2,11059200
1080,6,reference,1049,1280,720,1920,1080,11.5395,12.5094,9.88877,1,1,0,0,2,11059200
1080,6,reference,1050,1280,720,1920,1080,11.5579,12.5389,9.89901,1,1,0,0,2,11059200
1080,6,reference,1051,1280,720,1920,1080,11.3848,12.4444,9.99936,1,1,0,0,2,11059200
1080,6,reference,1052,1280,720,1920,1080,11.3623,12.4276,9.97888,1,1,0,0,2,11059200
1080,6,reference,1053,1280,720,1920,1080,11.3234,12.3626,9.93997,1,1,0,0,2,11059200
1080,6,reference,1054,1280,720,1920,1080,11.4729,12.6081,9.89594,1,1,0,0,2,11059200
1080,6,reference,1055,1280,720,1920,1080,11.4063,12.4989,10.0188,1,1,0,0,2,11059200
1080,6,reference,1056,1280,720,1920,1080,11.3009,12.229,9.73619,1,1,0,0,2,11059200
1080,6,reference,1057,1280,720,1920,1080,9.87136,10.8294,8.48486,1,1,0,0,2,11059200
1080,6,reference,1058,1280,720,1920,1080,11.4053,12.3909,10.0219,1,1,0,0,2,11059200
1080,6,reference,1059,1280,720,1920,1080,11.3398,12.3547,9.95533,1,1,0,0,2,11059200
1080,6,reference,1060,1280,720,1920,1080,13.312,14.4083,10.6394,1,1,0,0,2,11059200
1080,6,reference,1061,1280,720,1920,1080,11.9982,13.033,10.3465,1,1,0,0,2,11059200
1080,6,reference,1062,1280,720,1920,1080,11.6818,12.9043,10.2963,1,1,0,0,2,11059200
1080,6,reference,1063,1280,720,1920,1080,11.3746,12.4258,9.98912,1,1,0,0,2,11059200
1080,6,reference,1064,1280,720,1920,1080,11.4862,12.4445,10.1038,1,1,0,0,2,11059200
1080,6,reference,1065,1280,720,1920,1080,11.5046,12.4759,10.1181,1,1,0,0,2,11059200
1080,6,reference,1066,1280,720,1920,1080,11.5282,12.6474,10.1427,1,1,0,0,2,11059200
1080,6,reference,1067,1280,720,1920,1080,11.3695,12.5317,9.984,1,1,0,0,2,11059200
1080,6,reference,1068,1280,720,1920,1080,11.3572,12.3732,9.97478,1,1,0,0,2,11059200
1080,6,reference,1069,1280,720,1920,1080,11.3254,12.3816,9.94099,1,1,0,0,2,11059200
1080,6,reference,1070,1280,720,1920,1080,11.5108,12.5002,10.1253,1,1,0,0,2,11059200
1080,6,reference,1071,1280,720,1920,1080,11.4493,12.4685,10.0628,1,1,0,0,2,11059200
1080,6,reference,1072,1280,720,1920,1080,11.5558,13.0035,10.1724,1,1,0,0,2,11059200
1080,6,reference,1073,1280,720,1920,1080,11.3213,12.3599,9.93792,1,1,0,0,2,11059200
1080,6,reference,1074,1280,720,1920,1080,11.2978,12.2961,9.91744,1,1,0,0,2,11059200
1080,6,reference,1075,1280,720,1920,1080,11.3838,12.3922,9.74234,1,1,0,0,2,11059200
1080,6,reference,1076,1280,720,1920,1080,11.3684,12.2684,9.74643,1,1,0,0,2,11059200
1080,6,reference,1077,1280,720,1920,1080,11.5118,12.4636,10.1274,1,1,0,0,2,11059200
1080,6,reference,1078,1280,720,1920,1080,11.5118,12.4339,10.1294,1,1,0,0,2,11059200
1080,6,reference,1079,1280,720,1920,1080,11.5456,12.5947,10.1581,1,1,0,0,2,11059200
1080,6,reference,1080,1280,720,1920,1080,11.2579,12.3693,9.86317,1,1,0,0,2,11059200
1080,6,reference,1081,1280,720,1920,1080,11.563,12.4917,10.1765,1,1,0,0,2,11059200
1080,6,reference,1082,1280,720,1920,1080,12.1313,13.201,10.5073,1,1,0,0,2,11059200
1080,6,reference,1083,1280,720,1920,1080,11.3428,12.7047,9.9584,1,1,0,0,2,11059200
1080,6,reference,1084,1280,720,1920,1080,11.3377,12.3443,9.95533,1,1,0,0,2,11059200
1080,6,reference,1085,1280,720,1920,1080,11.393,12.5301,10.0045,1,1,0,0,2,11059200
1080,6,reference,1086,1280,720,1920,1080,11.1473,12.3034,9.76282,1,1,0,0,2,11059200
1080,6,reference,1087,1280,720,1920,1080,11.521,12.3919,10.1376,1,1,0,0,2,11059200
1080,6,reference,1088,1280,720,1920,1080,11.1319,12.268,9.74746,1,1,0,0,2,11059200
1080,6,reference,1089,1280,720,1920,1080,9.78637,10.7365,8.40499,1,1,0,0,2,11059200
1080,6,reference,1090,1280,720,1920,1080,11.478,13.233,10.0639,1,1,0,0,2,11059200
1080,6,reference,1091,1280,720,1920,1080,11.1872,12.3764,9.75667,1,1,0,0,2,11059200
1080,6,reference,1092,1280,720,1920,1080,11.3439,12.4015,9.96147,1,1,0,0,2,11059200
1080,6,reference,1093,1280,720,1920,1080,11.4145,12.346,10.028,1,1,0,0,2,11059200
1080,6,reference,1094,1280,720,1920,1080,11.5886,12.5785,9.9113,1,1,0,0,2,11059200
1080,6,reference,1095,1280,720,1920,1080,11.5497,12.5927,9.86931,1,1,0,0,2,11059200
1080,6,reference,1096,1280,720,1920,1080,11.3756,12.3682,9.99014,1,1,0,0,2,11059200
1080,6,reference,1097,1280,720,1920,1080,11.6388,12.5998,9.88467,1,1,0,0,2,11059200
1080,6,reference,1098,1280,720,1920,1080,11.3388,12.2889,9.94304,1,1,0,0,2,11059200
1080,6,reference,1099,1280,720,1920,1080,11.5005,12.4539,10.113,1,1,0,0,2,11059200
1080,6,reference,1100,1280,720,1920,1080,11.6081,12.6438,9.94099,1,1,0,0,2,11059200
1080,6,reference,1101,1280,720,1920,1080,11.6019,12.6965,9.93894,1,1,0,0,2,11059200
1080,6,reference,1102,1280,720,1920,1080,11.3428,12.3365,9.9584,1,1,0,0,2,11059200
1080,6,reference,1103,1280,720,1920,1080,11.3295,12.4527,9.94406,1,1,0,0,2,11059200
1080,6,reference,1104,1280,720,1920,1080,11.0889,12.1171,9.65734,1,1,0,0,2,11059200
1080,6,reference,1105,1280,720,1920,1080,11.5907,12.6944,9.93997,1,1,0,0,2,11059200
1080,6,reference,1106,1280,720,1920,1080,11.1544,12.3483,8.45517,1,1,0,0,2,11059200
1080,6,reference,1107,1280,720,1920,1080,11.5517,12.7084,9.91232,1,1,0,0,2,11059200
1080,6,reference,1108,1280,720,1920,1080,11.3879,12.3096,10.0014,1,1,0,0,2,11059200
1080,6,reference,1109,1280,720,1920,1080,11.3961,12.3667,10.0086,1,1,0,0,2,11059200
1080,6,reference,1110,1280,720,1920,1080,11.5261,12.4993,9.88058,1,1,0,0,2,11059200
1080,6,reference,1111,1280,720,1920,1080,11.435,12.407,9.85907,1,1,0,0,2,11059200
1080,6,reference,1112,1280,720,1920,1080,11.4094,12.3863,10.025,1,1,0,0,2,11059200
1080,6,reference,1113,1280,720,1920,1080,11.3562,12.5171,9.96864,1,1,0,0,2,11059200
1080,6,reference,1114,1280,720,1920,1080,11.5374,12.5154,9.88877,1,1,0,0,2,11059200
1080,6,reference,1115,1280,720,1920,1080,11.5343,12.6767,9.88467,1,1,0,0,2,11059200
1080,6,reference,1116,1280,720,1920,1080,11.3285,12.335,9.94509,1,1,0,0,2,11059200
1080,6,reference,1117,1280,720,1920,1080,11.6081,12.604,9.95226,1,1,0,0,2,11059200
1080,6,reference,1118,1280,720,1920,1080,11.3746,12.3621,9.99014,1,1,0,0,2,11059200
1080,6,reference,1119,1280,720,1920,1080,11.5405,12.6409,9.88672,1,1,0,0,2,11059200
1080,6,reference,1120,1280,720,1920,1080,11.5487,12.758,9.9031,1,1,0,0,2,11059200
1080,6,reference,1121,1280,720,1920,1080,11.3592,12.3224,9.96966,1,1,0,0,2,11059200
1080,6,reference,1122,1280,720,1920,1080,11.3398,12.3635,9.95738,1,1,0,0,2,11059200
1080,6,reference,1123,1280,720,1920,1080,11.5937,12.5614,9.93894,1,1,0,0,2,11059200
1080,6,reference,1124,1280,720,1920,1080,11.3439,12.4927,9.9584,1,1,0,0,2,11059200
1080,6,reference,1125,1280,720,1920,1080,11.3603,12.3791,9.97376,1,1,0,0,2,11059200
1080,6,reference,1126,1280,720,1920,1080,11.3613,12.3518,9.97581,1,1,0,0,2,11059200
1080,6,reference,1127,1280,720,1920,1080,11.605,12.7163,9.91642,1,1,0,0,2,11059200
1080,6,reference,1128,1280,720,1920,1080,11.3705,12.4512,9.9881,1,1,0,0,2,11059200
1080,6,reference,1129,1280,720,1920,1080,11.3582,12.3194,9.97171,1,1,0,0,2,11059200
1080,6,reference,1130,1280,720,1920,1080,11.5732,12.6076,9.91744,1,1,0,0,2,11059200
1080,6,reference,1131,1280,720,1920,1080,11.5732,12.5464,9.92051,1,1,0,0,2,11059200
1080,6,reference,1132,1280,720,1920,1080,11.3326,12.3878,9.94611,1,1,0,0,2,11059200
1080,6,reference,1133,1280,720,1920,1080,11.606,12.6918,9.94816,1,1,0,0,2,11059200
1080,6,reference,1134,1280,720,1920,1080,11.4575,12.6211,10.0721,1,1,0,0,2,11059200
1080,6,reference,1135,1280,720,1920,1080,11.3654,12.3164,9.97683,1,1,0,0,2,11059200
1080,6,reference,1136,1280,720,1920,1080,11.4043,12.3603,10.0188,1,1,0,0,2,11059200
1080,6,reference,1137,1280,720,1920,1080,11.3838,12.4506,9.99526,1,1,0,0,2,11059200
1080,6,reference,1138,1280,720,1920,1080,11.4268,12.4458,10.0393,1,1,0,0,2,11059200
1080,6,reference,1139,1280,720,1920,1080,11.647,12.8118,9.97171,1,1,0,0,2,11059200
1080,6,reference,1140,1280,720,1920,1080,11.349,12.5389,9.96352,1,1,0,0,2,11059200
1080,6,reference,1141,1280,720,1920,1080,11.3449,12.3776,9.96147,1,1,0,0,2,11059200
1080,6,reference,1142,1280,720,1920,1080,11.4616,12.5439,10.0762,1,1,0,0,2,11059200
1080,6,reference,1143,1280,720,1920,1080,11.5456,12.5151,10.1571,1,1,0,0,2,11059200
1080,6,reference,1144,1280,720,1920,1080,11.3347,12.336,9.94816,1,1,0,0,2,11059200
1080,6,reference,1145,1280,720,1920,1080,11.3009,12.2806,9.91437,1,1,0,0,2,11059200
1080,6,reference,1146,1280,720,1920,1080,11.4104,12.5562,10.025,1,1,0,0,2,11059200
1080,6,reference,1147,1280,720,1920,1080,11.4063,12.5125,10.0168,1,1,0,0,2,11059200
1080,6,reference,1148,1280,720,1920,1080,11.3469,12.3811,9.9625,1,1,0,0,2,11059200
1080,6,reference,1149,1280,720,1920,1080,11.3674,12.4069,9.98093,1,1,0,0,2,11059200
1080,6,reference,1150,1280,720,1920,1080,11.391,12.3648,10.0076,1,1,0,0,2,11059200
1080,6,reference,1151,1280,720,1920,1080,11.3295,12.3553,9.94099,1,1,0,0,2,11059200
1080,6,reference,1152,1280,720,1920,1080,11.5937,12.5714,9.95533,1,1,0,0,2,11059200
1080,6,reference,1153,1280,720,1920,1080,11.3377,12.3988,9.95226,1,1,0,0,2,11059200
1080,6,reference,1154,1280,720,1920,1080,11.3869,12.4241,10.0035,1,1,0,0,2,11059200
1080,6,reference,1155,1280,720,1920,1080,11.5026,12.4643,9.8601,1,1,0,0,2,11059200
1080,6,reference,1156,1280,720,1920,1080,11.6224,12.8421,9.98195,1,1,0,0,2,11059200
1080,6,reference,1157,1280,720,1920,1080,11.3562,12.448,9.96966,1,1,0,0,2,11059200
1080,6,reference,1158,1280,720,1920,1080,11.4104,12.4026,10.026,1,1,0,0,2,11059200
1080,6,reference,1159,1280,720,1920,1080,11.3275,12.4514,9.93894,1,1,0,0,2,11059200
1080,6,reference,1160,1280,720,1920,1080,11.3469,12.4652,9.96557,1,1,0,0,2,11059200
1080,6,reference,1161,1280,720,1920,1080,11.5579,12.6231,9.91437,1,1,0,0,2,11059200
1080,6,reference,1162,1280,720,1920,1080,11.6255,12.5732,9.98912,1,1,0,0,2,11059200
1080,6,reference,1163,1280,720,1920,1080,9.85395,10.9066,8.46643,1,1,0,0,2,11059200
1080,6,reference,1164,1280,720,1920,1080,10.8012,12.2783,8.1152,1,1,0,0,2,11059200
1080,6,reference,1165,1280,720,1920,1080,11.092,12.1778,9.70342,1,1,0,0,2,11059200
1080,6,reference,1166,1280,720,1920,1080,11.39,12.4389,10.0076,1,1,0,0,2,11059200
1080,6,reference,1167,1280,720,1920,1080,11.3428,12.4003,9.95533,1,1,0,0,2,11059200
1080,6,reference,1168,1280,720,1920,1080,11.3807,12.3985,9.69318,1,1,0,0,2,11059200
1080,6,reference,1169,1280,720,1920,1080,11.1053,12.3819,9.71878,1,1,0,0,2,11059200
1080,6,reference,1170,1280,720,1920,1080,11.4749,12.8116,9.80378,1,1,0,0,2,11059200
1080,6,reference,1171,1280,720,1920,1080,11.349,12.3085,9.69011,1,1,0,0,2,11059200
1080,6,reference,1172,1280,720,1920,1080,11.393,12.5669,10.0086,1,1,0,0,2,11059200
1080,6,reference,1173,1280,720,1920,1080,11.4289,12.4037,10.0434,1,1,0,0,2,11059200
1080,6,reference,1174,1280,720,1920,1080,11.4237,12.6445,10.0413,1,1,0,0,2,11059200
1080,6,reference,1175,1280,720,1920,1080,10.0178,10.9821,8.63539,1,1,0,0,2,11059200
1080,6,reference,1176,1280,720,1920,1080,10.4212,13.6645,9.03885,1,1,0,0,2,11059200
1080,6,reference,1177,1280,720,1920,1080,11.4801,12.4759,10.0956,1,1,0,0,2,11059200
1080,6,reference,1178,1280,720,1920,1080,11.3398,12.3221,9.95533,1,1,0,0,2,11059200
1080,6,reference,1179,1280,720,1920,1080,11.3039,12.3562,9.92051,1,1,0,0,2,11059200
1080,6,reference,1180,1280,720,1920,1080,11.4627,12.5102,10.0813,1,1,0,0,2,11059200
1080,6,reference,1181,1280,720,1920,1080,11.4053,12.643,10.0198,1,1,0,0,2,11059200
1080,6,reference,1182,1280,720,1920,1080,11.5538,12.5706,10.1704,1,1,0,0,2,11059200
1080,6,reference,1183,1280,720,1920,1080,10.0536,11.0984,8.67123,1,1,0,0,2,11059200
1080,6,reference,1184,1280,720,1920,1080,9.50886,10.6144,8.13056,1,1,0,0,2,11059200
1080,6,reference,1185,1280,720,1920,1080,11.4135,13.3582,9.98093,1,1,0,0,2,11059200
1080,6,reference,1186,1280,720,1920,1080,11.9552,13.1727,10.5585,1,1,0,0,2,11059200
1080,6,reference,1187,1280,720,1920,1080,11.692,12.8195,10.3014,1,1,0,0,2,11059200
1080,6,reference,1188,1280,720,1920,1080,11.6132,12.902,10.2287,1,1,0,0,2,11059200
1080,6,reference,1189,1280,720,1920,1080,11.3736,12.5292,9.9881,1,1,0,0,2,11059200
1080,6,reference,1190,1280,720,1920,1080,11.5261,12.6932,10.1437,1,1,0,0,2,11059200
1080,6,reference,1191,1280,720,1920,1080,11.2773,12.5747,9.88979,1,1,0,0,2,11059200
1080,6,reference,1192,1280,720,1920,1080,11.5927,12.7545,10.2103,1,1,0,0,2,11059200
1080,6,reference,1193,1280,720,1920,1080,11.4504,12.7072,10.0649,1,1,0,0,2,11059200
1080,6,reference,1194,1280,720,1920,1080,11.8784,13.2054,10.2308,1,1,0,0,2,11059200
1080,6,reference,1195,1280,720,1920,1080,11.5087,12.7387,9.87853,1,1,0,0,2,11059200
1080,6,reference,1196,1280,720,1920,1080,11.3459,12.6768,9.96659,1,1,0,0,2,11059200
1080,6,reference,1197,1280,720,1920,1080,10.0291,11.1307,8.64768,1,1,0,0,2,11059200
1080,6,reference,1198,1280,720,1920,1080,9.37677,12.7391,7.99744,1,1,0,0,2,11059200
1080,6,reference,1199,1280,720,1920,1080,11.3961,12.7103,10.0096,1,1,0,0,2,11059200
