height,repeat,variant,frame,input_width,input_height,output_width,output_height,ngx_evaluation_gpu_ms,frame_wall_ms,nr_gpu_ms,nr_passes,nr_successes,nvapi_kernels,nvapi_chains,guide_copies,guide_copy_bytes
1080,1,reference,300,1280,720,1920,1080,11.1483,12.2416,9.7792,1,1,0,0,0,0
1080,1,reference,301,1280,720,1920,1080,11.1288,12.1628,9.75872,1,1,0,0,0,0
1080,1,reference,302,1280,720,1920,1080,11.2527,12.255,9.88262,1,1,0,0,0,0
1080,1,reference,303,1280,720,1920,1080,10.9793,12.0561,9.60205,1,1,0,0,0,0
1080,1,reference,304,1280,720,1920,1080,11.4452,12.4265,10.0721,1,1,0,0,0,0
1080,1,reference,305,1280,720,1920,1080,11.0664,12.1892,9.69011,1,1,0,0,0,0
1080,1,reference,306,1280,720,1920,1080,11.522,12.3867,9.88467,1,1,0,0,0,0
1080,1,reference,307,1280,720,1920,1080,11.4156,12.3994,10.0465,1,1,0,0,0,0
1080,1,reference,308,1280,720,1920,1080,11.3981,12.293,10.026,1,1,0,0,0,0
1080,1,reference,309,1280,720,1920,1080,11.2282,12.2394,9.85805,1,1,0,0,0,0
1080,1,reference,310,1280,720,1920,1080,11.5046,12.5628,9.87853,1,1,0,0,0,0
1080,1,reference,311,1280,720,1920,1080,11.307,12.3529,9.9369,1,1,0,0,0,0
1080,1,reference,312,1280,720,1920,1080,11.3039,12.3024,9.75053,1,1,0,0,0,0
1080,1,reference,313,1280,720,1920,1080,9.7024,10.69,8.33638,1,1,0,0,0,0
1080,1,reference,314,1280,720,1920,1080,12.4457,13.45,11.0234,1,1,0,0,0,0
1080,1,reference,315,1280,720,1920,1080,11.0541,12.2125,8.38451,1,1,0,0,0,0
1080,1,reference,316,1280,720,1920,1080,11.4504,12.3504,9.82221,1,1,0,0,0,0
1080,1,reference,317,1280,720,1920,1080,11.2333,12.6841,9.86726,1,1,0,0,0,0
1080,1,reference,318,1280,720,1920,1080,11.5354,12.6114,9.88365,1,1,0,0,0,0
1080,1,reference,319,1280,720,1920,1080,11.5661,12.5591,9.91949,1,1,0,0,0,0
1080,1,reference,320,1280,720,1920,1080,11.2589,12.2006,9.6256,1,1,0,0,0,0
1080,1,reference,321,1280,720,1920,1080,11.2681,12.2379,9.61024,1,1,0,0,0,0
1080,1,reference,322,1280,720,1920,1080,11.2681,12.5783,9.89798,1,1,0,0,0,0
1080,1,reference,323,1280,720,1920,1080,11.266,12.2705,9.61946,1,1,0,0,0,0
1080,1,reference,324,1280,720,1920,1080,11.2394,12.4797,9.86726,1,1,0,0,0,0
1080,1,reference,325,1280,720,1920,1080,11.1729,12.3927,9.80378,1,1,0,0,0,0
1080,1,reference,326,1280,720,1920,1080,11.2538,12.4616,9.8816,1,1,0,0,0,0
1080,1,reference,327,1280,720,1920,1080,11.1165,12.2989,9.74438,1,1,0,0,0,0
1080,1,reference,328,1280,720,1920,1080,11.5272,12.6014,10.156,1,1,0,0,0,0
1080,1,reference,329,1280,720,1920,1080,11.0838,12.2904,9.71571,1,1,0,0,0,0
1080,1,reference,330,1280,720,1920,1080,11.3449,12.283,9.97274,1,1,0,0,0,0
1080,1,reference,331,1280,720,1920,1080,11.2333,12.2374,9.86214,1,1,0,0,0,0
1080,1,reference,332,1280,720,1920,1080,11.3336,12.3,9.9625,1,1,0,0,0,0
1080,1,reference,333,1280,720,1920,1080,11.2261,12.1833,9.84781,1,1,0,0,0,0
1080,1,reference,334,1280,720,1920,1080,11.0991,12.2875,9.71162,1,1,0,0,0,0
1080,1,reference,335,1280,720,1920,1080,11.1155,12.2598,9.72902,1,1,0,0,0,0
1080,1,reference,336,1280,720,1920,1080,11.2609,12.4333,9.89184,1,1,0,0,0,0
1080,1,reference,337,1280,720,1920,1080,11.391,12.4748,10.0198,1,1,0,0,0,0
1080,1,reference,338,1280,720,1920,1080,11.2988,12.3074,9.9287,1,1,0,0,0,0
1080,1,reference,339,1280,720,1920,1080,11.2824,12.3332,9.64915,1,1,0,0,0,0
1080,1,reference,340,1280,720,1920,1080,11.4924,12.4116,10.1253,1,1,0,0,0,0
1080,1,reference,341,1280,720,1920,1080,11.4207,12.4242,10.0495,1,1,0,0,0,0
1080,1,reference,342,1280,720,1920,1080,11.3582,12.3406,9.99014,1,1,0,0,0,0
1080,1,reference,343,1280,720,1920,1080,11.3193,12.3292,9.95123,1,1,0,0,0,0
1080,1,reference,344,1280,720,1920,1080,11.2998,12.3324,9.92973,1,1,0,0,0,0
1080,1,reference,345,1280,720,1920,1080,11.4115,12.4232,10.0393,1,1,0,0,0,0
1080,1,reference,346,1280,720,1920,1080,11.307,12.2957,9.9328,1,1,0,0,0,0
1080,1,reference,347,1280,720,1920,1080,11.2701,12.346,9.90106,1,1,0,0,0,0
1080,1,reference,348,1280,720,1920,1080,11.5517,12.5214,9.86624,1,1,0,0,0,0
1080,1,reference,349,1280,720,1920,1080,11.6091,12.6046,9.81709,1,1,0,0,0,0
1080,1,reference,350,1280,720,1920,1080,11.5098,12.5122,9.81197,1,1,0,0,0,0
1080,1,reference,351,1280,720,1920,1080,11.3684,12.4284,9.99936,1,1,0,0,0,0
1080,1,reference,352,1280,720,1920,1080,11.2415,12.3105,9.87136,1,1,0,0,0,0
1080,1,reference,353,1280,720,1920,1080,12.0566,13.2427,10.6772,1,1,0,0,0,0
1080,1,reference,354,1280,720,1920,1080,11.3439,12.3813,9.97171,1,1,0,0,0,0
1080,1,reference,355,1280,720,1920,1080,11.478,12.4803,10.1059,1,1,0,0,0,0
1080,1,reference,356,1280,720,1920,1080,11.2701,12.4117,9.89491,1,1,0,0,0,0
1080,1,reference,357,1280,720,1920,1080,11.3142,12.2968,9.94202,1,1,0,0,0,0
1080,1,reference,358,1280,720,1920,1080,9.68192,10.6426,8.31181,1,1,0,0,0,0
1080,1,reference,359,1280,720,1920,1080,12.4242,13.5866,10.0936,1,1,0,0,0,0
1080,1,reference,360,1280,720,1920,1080,11.179,12.2747,9.80685,1,1,0,0,0,0
1080,1,reference,361,1280,720,1920,1080,11.4534,12.4462,10.0792,1,1,0,0,0,0
1080,1,reference,362,1280,720,1920,1080,11.221,12.1391,9.57645,1,1,0,0,0,0
1080,1,reference,363,1280,720,1920,1080,11.2947,12.2359,9.65837,1,1,0,0,0,0
1080,1,reference,364,1280,720,1920,1080,11.22,12.4639,9.85088,1,1,0,0,0,0
1080,1,reference,365,1280,720,1920,1080,11.263,12.4959,9.89389,1,1,0,0,0,0
1080,1,reference,366,1280,720,1920,1080,11.2558,12.7344,9.88262,1,1,0,0,0,0
1080,1,reference,367,1280,720,1920,1080,11.2681,12.4334,9.62867,1,1,0,0,0,0
1080,1,reference,368,1280,720,1920,1080,11.1626,12.4317,9.79354,1,1,0,0,0,0
1080,1,reference,369,1280,720,1920,1080,11.137,12.3415,9.76589,1,1,0,0,0,0
1080,1,reference,370,1280,720,1920,1080,11.2527,12.3383,9.88262,1,1,0,0,0,0
1080,1,reference,371,1280,720,1920,1080,9.74643,10.7435,8.37632,1,1,0,0,0,0
1080,1,reference,372,1280,720,1920,1080,11.009,12.0759,9.63482,1,1,0,0,0,0
1080,1,reference,373,1280,720,1920,1080,12.4713,13.5482,11.0766,1,1,0,0,0,0
1080,1,reference,374,1280,720,1920,1080,10.9496,12.1046,9.5785,1,1,0,0,0,0
1080,1,reference,375,1280,720,1920,1080,11.2783,12.3053,9.90822,1,1,0,0,0,0
1080,1,reference,376,1280,720,1920,1080,11.0213,12.1698,9.64608,1,1,0,0,0,0
1080,1,reference,377,1280,720,1920,1080,11.393,12.2904,10.0229,1,1,0,0,0,0
1080,1,reference,378,1280,720,1920,1080,11.4606,12.4639,9.83347,1,1,0,0,0,0
1080,1,reference,379,1280,720,1920,1080,11.263,12.2202,9.89184,1,1,0,0,0,0
1080,1,reference,380,1280,720,1920,1080,11.392,12.5208,10.0198,1,1,0,0,0,0
1080,1,reference,381,1280,720,1920,1080,11.266,12.2907,9.89184,1,1,0,0,0,0
1080,1,reference,382,1280,720,1920,1080,11.2415,12.1773,9.87136,1,1,0,0,0,0
1080,1,reference,383,1280,720,1920,1080,11.2486,12.2053,9.87648,1,1,0,0,0,0
1080,1,reference,384,1280,720,1920,1080,11.3644,12.3748,9.81914,1,1,0,0,0,0
1080,1,reference,385,1280,720,1920,1080,11.4278,12.4424,10.0588,1,1,0,0,0,0
1080,1,reference,386,1280,720,1920,1080,11.4094,12.3838,9.77306,1,1,0,0,0,0
1080,1,reference,387,1280,720,1920,1080,11.3306,12.4396,9.6809,1,1,0,0,0,0
1080,1,reference,388,1280,720,1920,1080,11.3347,12.3603,9.78125,1,1,0,0,0,0
1080,1,reference,389,1280,720,1920,1080,11.2773,12.3046,9.90515,1,1,0,0,0,0
1080,1,reference,390,1280,720,1920,1080,11.1698,12.4372,9.79968,1,1,0,0,0,0
1080,1,reference,391,1280,720,1920,1080,11.5343,12.5546,9.89696,1,1,0,0,0,0
1080,1,reference,392,1280,720,1920,1080,11.3172,12.2783,9.60819,1,1,0,0,0,0
1080,1,reference,393,1280,720,1920,1080,11.1688,12.2947,9.79866,1,1,0,0,0,0
1080,1,reference,394,1280,720,1920,1080,11.2466,12.4663,9.87546,1,1,0,0,0,0
1080,1,reference,395,1280,720,1920,1080,11.2343,12.5054,9.86419,1,1,0,0,0,0
1080,1,reference,396,1280,720,1920,1080,11.2097,12.7366,9.83757,1,1,0,0,0,0
1080,1,reference,397,1280,720,1920,1080,11.2425,12.3609,9.6041,1,1,0,0,0,0
1080,1,reference,398,1280,720,1920,1080,11.2722,12.2016,9.63994,1,1,0,0,0,0
1080,1,reference,399,1280,720,1920,1080,11.2497,12.4355,9.87546,1,1,0,0,0,0
1080,1,reference,400,1280,720,1920,1080,11.1677,12.5318,9.79968,1,1,0,0,0,0
1080,1,reference,401,1280,720,1920,1080,11.2681,12.291,9.62867,1,1,0,0,0,0
1080,1,reference,402,1280,720,1920,1080,11.1759,12.6628,9.80685,1,1,0,0,0,0
1080,1,reference,403,1280,720,1920,1080,11.4432,12.4944,9.88877,1,1,0,0,0,0
1080,1,reference,404,1280,720,1920,1080,11.1258,12.0623,9.7577,1,1,0,0,0,0
1080,1,reference,405,1280,720,1920,1080,10.9947,12.1436,9.62662,1,1,0,0,0,0
1080,1,reference,406,1280,720,1920,1080,11.2886,12.2019,9.91539,1,1,0,0,0,0
1080,1,reference,407,1280,720,1920,1080,11.2005,12.3542,9.83347,1,1,0,0,0,0
1080,1,reference,408,1280,720,1920,1080,11.0049,12.1312,9.63482,1,1,0,0,0,0
1080,1,reference,409,1280,720,1920,1080,11.2486,12.1336,9.62253,1,1,0,0,0,0
1080,1,reference,410,1280,720,1920,1080,11.2845,12.3355,9.91334,1,1,0,0,0,0
1080,1,reference,411,1280,720,1920,1080,11.262,12.3087,9.89389,1,1,0,0,0,0
1080,1,reference,412,1280,720,1920,1080,11.2404,12.2916,9.86931,1,1,0,0,0,0
1080,1,reference,413,1280,720,1920,1080,11.3029,12.2479,9.9328,1,1,0,0,0,0
1080,1,reference,414,1280,720,1920,1080,11.4463,12.5481,10.0751,1,1,0,0,0,0
1080,1,reference,415,1280,720,1920,1080,11.39,12.4744,10.0209,1,1,0,0,0,0
1080,1,reference,416,1280,720,1920,1080,11.4412,12.4366,10.069,1,1,0,0,0,0
1080,1,reference,417,1280,720,1920,1080,11.4237,12.3921,10.0536,1,1,0,0,0,0
1080,1,reference,418,1280,720,1920,1080,11.222,12.244,9.84986,1,1,0,0,0,0
1080,1,reference,419,1280,720,1920,1080,11.2415,12.2304,9.87136,1,1,0,0,0,0
1080,1,reference,420,1280,720,1920,1080,11.3818,12.3948,9.75053,1,1,0,0,0,0
1080,1,reference,421,1280,720,1920,1080,11.222,12.3268,9.8519,1,1,0,0,0,0
1080,1,reference,422,1280,720,1920,1080,11.4135,12.4428,9.78842,1,1,0,0,0,0
1080,1,reference,423,1280,720,1920,1080,11.4442,12.4149,9.8263,1,1,0,0,0,0
1080,1,reference,424,1280,720,1920,1080,11.436,12.457,9.81709,1,1,0,0,0,0
1080,1,reference,425,1280,720,1920,1080,11.4954,12.4605,9.87546,1,1,0,0,0,0
1080,1,reference,426,1280,720,1920,1080,11.4207,12.3879,9.79763,1,1,0,0,0,0
1080,1,reference,427,1280,720,1920,1080,11.4074,12.4027,9.7833,1,1,0,0,0,0
1080,1,reference,428,1280,720,1920,1080,11.2568,12.1962,9.63584,1,1,0,0,0,0
1080,1,reference,429,1280,720,1920,1080,11.263,12.2486,9.63277,1,1,0,0,0,0
1080,1,reference,430,1280,720,1920,1080,11.2241,12.5168,9.85395,1,1,0,0,0,0
1080,1,reference,431,1280,720,1920,1080,11.2333,12.3422,9.61434,1,1,0,0,0,0
1080,1,reference,432,1280,720,1920,1080,11.0684,12.2937,9.69933,1,1,0,0,0,0
1080,1,reference,433,1280,720,1920,1080,11.1206,12.4326,9.75258,1,1,0,0,0,0
1080,1,reference,434,1280,720,1920,1080,9.7495,10.8894,8.38246,1,1,0,0,0,0
1080,1,reference,435,1280,720,1920,1080,12.6136,13.5649,11.2087,1,1,0,0,0,0
1080,1,reference,436,1280,720,1920,1080,11.0633,12.253,9.69523,1,1,0,0,0,0
1080,1,reference,437,1280,720,1920,1080,11.1442,12.5093,9.77715,1,1,0,0,0,0
1080,1,reference,438,1280,720,1920,1080,11.2169,12.2936,9.84576,1,1,0,0,0,0
1080,1,reference,439,1280,720,1920,1080,11.2026,12.1423,9.8345,1,1,0,0,0,0
1080,1,reference,440,1280,720,1920,1080,11.0336,12.1373,9.66144,1,1,0,0,0,0
1080,1,reference,441,1280,720,1920,1080,11.3408,12.3268,9.97274,1,1,0,0,0,0
1080,1,reference,442,1280,720,1920,1080,11.2046,12.1753,9.83552,1,1,0,0,0,0
1080,1,reference,443,1280,720,1920,1080,11.262,12.2411,9.89082,1,1,0,0,0,0
1080,1,reference,444,1280,720,1920,1080,10.8247,11.8652,9.45459,1,1,0,0,0,0
1080,1,reference,445,1280,720,1920,1080,11.1493,12.1966,9.77818,1,1,0,0,0,0
1080,1,reference,446,1280,720,1920,1080,10.7909,11.9289,9.42182,1,1,0,0,0,0
1080,1,reference,447,1280,720,1920,1080,11.1124,12.0826,9.74438,1,1,0,0,0,0
1080,1,reference,448,1280,720,1920,1080,11.4104,12.5233,10.0372,1,1,0,0,0,0
1080,1,reference,449,1280,720,1920,1080,10.923,12.0967,9.55392,1,1,0,0,0,0
1080,1,reference,450,1280,720,1920,1080,11.2384,12.2551,9.86931,1,1,0,0,0,0
1080,1,reference,451,1280,720,1920,1080,11.0664,12.2661,9.69626,1,1,0,0,0,0
1080,1,reference,452,1280,720,1920,1080,11.0971,12.1524,9.728,1,1,0,0,0,0
1080,1,reference,453,1280,720,1920,1080,11.1913,12.4662,9.82118,1,1,0,0,0,0
1080,1,reference,454,1280,720,1920,1080,11.2886,12.4143,9.91744,1,1,0,0,0,0
1080,1,reference,455,1280,720,1920,1080,11.2394,12.1665,9.87136,1,1,0,0,0,0
1080,1,reference,456,1280,720,1920,1080,10.9916,12.2414,9.6215,1,1,0,0,0,0
1080,1,reference,457,1280,720,1920,1080,11.1022,12.2606,9.68294,1,1,0,0,0,0
1080,1,reference,458,1280,720,1920,1080,11.1852,12.2508,9.81504,1,1,0,0,0,0
1080,1,reference,459,1280,720,1920,1080,11.1421,12.0968,9.57952,1,1,0,0,0,0
1080,1,reference,460,1280,720,1920,1080,11.266,12.2465,9.89594,1,1,0,0,0,0
1080,1,reference,461,1280,720,1920,1080,10.9711,12.0259,9.60102,1,1,0,0,0,0
1080,1,reference,462,1280,720,1920,1080,11.4278,12.4275,10.0577,1,1,0,0,0,0
1080,1,reference,463,1280,720,1920,1080,10.8216,11.8772,9.45254,1,1,0,0,0,0
1080,1,reference,464,1280,720,1920,1080,11.1852,12.3955,9.81299,1,1,0,0,0,0
1080,1,reference,465,1280,720,1920,1080,11.2333,12.2122,9.59181,1,1,0,0,0,0
1080,1,reference,466,1280,720,1920,1080,11.0264,12.2764,9.65632,1,1,0,0,0,0
1080,1,reference,467,1280,720,1920,1080,11.3234,12.3989,9.9543,1,1,0,0,0,0
1080,1,reference,468,1280,720,1920,1080,11.2015,12.1818,9.83142,1,1,0,0,0,0
1080,1,reference,469,1280,720,1920,1080,10.9978,12.0853,9.62355,1,1,0,0,0,0
1080,1,reference,470,1280,720,1920,1080,11.39,12.3258,9.75462,1,1,0,0,0,0
1080,1,reference,471,1280,720,1920,1080,11.2456,12.1936,9.8775,1,1,0,0,0,0
1080,1,reference,472,1280,720,1920,1080,11.0694,12.2473,9.68294,1,1,0,0,0,0
1080,1,reference,473,1280,720,1920,1080,11.433,12.3163,10.0618,1,1,0,0,0,0
1080,1,reference,474,1280,720,1920,1080,11.2425,12.2736,9.87034,1,1,0,0,0,0
1080,1,reference,475,1280,720,1920,1080,11.4053,12.5383,10.0332,1,1,0,0,0,0
1080,1,reference,476,1280,720,1920,1080,11.4432,12.5517,10.071,1,1,0,0,0,0
1080,1,reference,477,1280,720,1920,1080,11.5395,12.5798,10.1704,1,1,0,0,0,0
1080,1,reference,478,1280,720,1920,1080,11.2425,12.2848,9.86829,1,1,0,0,0,0
1080,1,reference,479,1280,720,1920,1080,11.4196,12.4098,10.0495,1,1,0,0,0,0
1080,1,reference,480,1280,720,1920,1080,11.4012,12.4456,10.0301,1,1,0,0,0,0
1080,1,reference,481,1280,720,1920,1080,11.4545,12.5075,10.0864,1,1,0,0,0,0
1080,1,reference,482,1280,720,1920,1080,11.3889,12.3424,10.0188,1,1,0,0,0,0
1080,1,reference,483,1280,720,1920,1080,11.4289,12.448,10.0588,1,1,0,0,0,0
1080,1,reference,484,1280,720,1920,1080,11.479,12.5719,10.1089,1,1,0,0,0,0
1080,1,reference,485,1280,720,1920,1080,11.476,12.4948,10.1048,1,1,0,0,0,0
1080,1,reference,486,1280,720,1920,1080,11.2415,12.2721,9.87034,1,1,0,0,0,0
1080,1,reference,487,1280,720,1920,1080,11.2538,12.2579,9.88467,1,1,0,0,0,0
1080,1,reference,488,1280,720,1920,1080,11.263,12.3073,9.89286,1,1,0,0,0,0
1080,1,reference,489,1280,720,1920,1080,11.4534,12.4166,9.8048,1,1,0,0,0,0
1080,1,reference,490,1280,720,1920,1080,11.4575,12.4956,9.78842,1,1,0,0,0,0
1080,1,reference,491,1280,720,1920,1080,11.264,12.2721,9.89389,1,1,0,0,0,0
1080,1,reference,492,1280,720,1920,1080,11.4012,12.3643,9.76794,1,1,0,0,0,0
1080,1,reference,493,1280,720,1920,1080,11.3981,12.5431,9.76282,1,1,0,0,0,0
1080,1,reference,494,1280,720,1920,1080,11.4063,12.4336,9.77715,1,1,0,0,0,0
1080,1,reference,495,1280,720,1920,1080,11.4319,12.386,9.80173,1,1,0,0,0,0
1080,1,reference,496,1280,720,1920,1080,11.265,12.25,9.71776,1,1,0,0,0,0
1080,1,reference,497,1280,720,1920,1080,11.2527,12.2683,9.88262,1,1,0,0,0,0
1080,1,reference,498,1280,720,1920,1080,11.008,12.0969,9.63584,1,1,0,0,0,0
1080,1,reference,499,1280,720,1920,1080,11.5067,12.5498,10.1366,1,1,0,0,0,0
1080,1,reference,500,1280,720,1920,1080,11.2497,12.1643,9.63072,1,1,0,0,0,0
1080,1,reference,501,1280,720,1920,1080,11.2466,12.5135,9.87648,1,1,0,0,0,0
1080,1,reference,502,1280,720,1920,1080,11.2753,12.6002,9.90515,1,1,0,0,0,0
1080,1,reference,503,1280,720,1920,1080,11.2302,12.4974,9.86112,1,1,0,0,0,0
1080,1,reference,504,1280,720,1920,1080,11.2271,12.4776,9.85907,1,1,0,0,0,0
1080,1,reference,505,1280,720,1920,1080,11.1974,12.7301,9.82733,1,1,0,0,0,0
1080,1,reference,506,1280,720,1920,1080,11.2527,12.2666,9.87853,1,1,0,0,0,0
1080,1,reference,507,1280,720,1920,1080,11.2046,12.3941,9.8345,1,1,0,0,0,0
1080,1,reference,508,1280,720,1920,1080,11.262,12.7024,9.89082,1,1,0,0,0,0
1080,1,reference,509,1280,720,1920,1080,11.1964,12.5775,9.82733,1,1,0,0,0,0
1080,1,reference,510,1280,720,1920,1080,11.3009,12.4022,9.66042,1,1,0,0,0,0
1080,1,reference,511,1280,720,1920,1080,11.266,12.5721,9.89594,1,1,0,0,0,0
1080,1,reference,512,1280,720,1920,1080,11.2189,12.6813,9.84678,1,1,0,0,0,0
1080,1,reference,513,1280,720,1920,1080,11.137,12.1398,9.58874,1,1,0,0,0,0
1080,1,reference,514,1280,720,1920,1080,11.3777,12.3898,10.0076,1,1,0,0,0,0
1080,1,reference,515,1280,720,1920,1080,11.1227,12.5403,9.75462,1,1,0,0,0,0
1080,1,reference,516,1280,720,1920,1080,11.1176,12.2161,9.74746,1,1,0,0,0,0
1080,1,reference,517,1280,720,1920,1080,11.2589,12.2804,9.88467,1,1,0,0,0,0
1080,1,reference,518,1280,720,1920,1080,11.1155,12.3594,9.74438,1,1,0,0,0,0
1080,1,reference,519,1280,720,1920,1080,10.8646,11.8846,9.49248,1,1,0,0,0,0
1080,1,reference,520,1280,720,1920,1080,11.2517,12.3,9.88365,1,1,0,0,0,0
1080,1,reference,521,1280,720,1920,1080,11.4002,12.39,10.0311,1,1,0,0,0,0
1080,1,reference,522,1280,720,1920,1080,11.2558,12.2467,9.64198,1,1,0,0,0,0
1080,1,reference,523,1280,720,1920,1080,10.9128,12.0411,9.54368,1,1,0,0,0,0
1080,1,reference,524,1280,720,1920,1080,11.2824,12.2447,9.9113,1,1,0,0,0,0
1080,1,reference,525,1280,720,1920,1080,11.4371,12.3936,10.0659,1,1,0,0,0,0
1080,1,reference,526,1280,720,1920,1080,11.4299,12.4543,10.0598,1,1,0,0,0,0
1080,1,reference,527,1280,720,1920,1080,11.4391,12.4234,10.07,1,1,0,0,0,0
1080,1,reference,528,1280,720,1920,1080,11.4237,12.531,10.0536,1,1,0,0,0,0
1080,1,reference,529,1280,720,1920,1080,11.4237,12.4233,10.0536,1,1,0,0,0,0
1080,1,reference,530,1280,720,1920,1080,11.4278,12.4276,10.0557,1,1,0,0,0,0
1080,1,reference,531,1280,720,1920,1080,11.2261,12.2019,9.85907,1,1,0,0,0,0
1080,1,reference,532,1280,720,1920,1080,11.2876,12.3293,9.91642,1,1,0,0,0,0
1080,1,reference,533,1280,720,1920,1080,11.3787,12.3276,9.75872,1,1,0,0,0,0
1080,1,reference,534,1280,720,1920,1080,11.2476,12.2476,9.87546,1,1,0,0,0,0
1080,1,reference,535,1280,720,1920,1080,11.3787,12.3215,9.76179,1,1,0,0,0,0
1080,1,reference,536,1280,720,1920,1080,11.2579,12.3411,9.62867,1,1,0,0,0,0
1080,1,reference,537,1280,720,1920,1080,11.2599,12.1689,9.62253,1,1,0,0,0,0
1080,1,reference,538,1280,720,1920,1080,11.2384,12.4558,9.86829,1,1,0,0,0,0
1080,1,reference,539,1280,720,1920,1080,11.178,12.2745,9.62253,1,1,0,0,0,0
1080,1,reference,540,1280,720,1920,1080,11.3439,12.487,9.97376,1,1,0,0,0,0
1080,1,reference,541,1280,720,1920,1080,11.1964,12.5301,9.82733,1,1,0,0,0,0
1080,1,reference,542,1280,720,1920,1080,11.4637,12.4271,9.65427,1,1,0,0,0,0
1080,1,reference,543,1280,720,1920,1080,11.6163,12.5726,9.93894,1,1,0,0,0,0
1080,1,reference,544,1280,720,1920,1080,11.1514,12.3661,9.77818,1,1,0,0,0,0
1080,1,reference,545,1280,720,1920,1080,11.2957,12.3904,9.64301,1,1,0,0,0,0
1080,1,reference,546,1280,720,1920,1080,11.2701,12.3187,9.62048,1,1,0,0,0,0
1080,1,reference,547,1280,720,1920,1080,11.0019,12.2749,9.63277,1,1,0,0,0,0
1080,1,reference,548,1280,720,1920,1080,11.1462,12.401,9.7751,1,1,0,0,0,0
1080,1,reference,549,1280,720,1920,1080,11.3121,12.4606,9.94406,1,1,0,0,0,0
1080,1,reference,550,1280,720,1920,1080,11.0725,12.3718,9.7024,1,1,0,0,0,0
1080,1,reference,551,1280,720,1920,1080,11.0684,12.2562,9.70138,1,1,0,0,0,0
1080,1,reference,552,1280,720,1920,1080,11.4719,12.5456,10.1007,1,1,0,0,0,0
1080,1,reference,553,1280,720,1920,1080,11.3357,12.3889,9.6983,1,1,0,0,0,0
1080,1,reference,554,1280,720,1920,1080,11.0162,12.456,9.64813,1,1,0,0,0,0
1080,1,reference,555,1280,720,1920,1080,11.22,12.3856,9.84781,1,1,0,0,0,0
1080,1,reference,556,1280,720,1920,1080,11.0787,12.4185,9.70957,1,1,0,0,0,0
1080,1,reference,557,1280,720,1920,1080,10.9384,12.4032,9.57133,1,1,0,0,0,0
1080,1,reference,558,1280,720,1920,1080,11.1278,12.1779,9.74438,1,1,0,0,0,0
1080,1,reference,559,1280,720,1920,1080,11.2312,12.1191,9.86419,1,1,0,0,0,0
1080,1,reference,560,1280,720,1920,1080,11.86,12.8131,10.2236,1,1,0,0,0,0
1080,1,reference,561,1280,720,1920,1080,11.1278,12.1741,9.74131,1,1,0,0,0,0
1080,1,reference,562,1280,720,1920,1080,11.4975,12.446,10.1274,1,1,0,0,0,0
1080,1,reference,563,1280,720,1920,1080,11.3459,12.3648,9.71571,1,1,0,0,0,0
1080,1,reference,564,1280,720,1920,1080,10.9179,12.031,9.54778,1,1,0,0,0,0
1080,1,reference,565,1280,720,1920,1080,12.117,13.0555,10.7377,1,1,0,0,0,0
1080,1,reference,566,1280,720,1920,1080,10.9732,12.1117,9.60205,1,1,0,0,0,0
1080,1,reference,567,1280,720,1920,1080,11.4381,12.5003,10.0721,1,1,0,0,0,0
1080,1,reference,568,1280,720,1920,1080,11.2609,12.2168,9.89184,1,1,0,0,0,0
1080,1,reference,569,1280,720,1920,1080,11.2456,12.3721,9.8775,1,1,0,0,0,0
1080,1,reference,570,1280,720,1920,1080,11.4371,12.3711,10.0669,1,1,0,0,0,0
1080,1,reference,571,1280,720,1920,1080,11.3172,12.3662,9.94611,1,1,0,0,0,0
1080,1,reference,572,1280,720,1920,1080,11.3572,12.2951,9.79354,1,1,0,0,0,0
1080,1,reference,573,1280,720,1920,1080,11.5087,12.5484,10.1396,1,1,0,0,0,0
1080,1,reference,574,1280,720,1920,1080,10.965,11.997,9.57747,1,1,0,0,0,0
1080,1,reference,575,1280,720,1920,1080,11.3951,12.4841,10.026,1,1,0,0,0,0
1080,1,reference,576,1280,720,1920,1080,11.2476,12.2726,9.8775,1,1,0,0,0,0
1080,1,reference,577,1280,720,1920,1080,11.3848,12.3501,9.7577,1,1,0,0,0,0
1080,1,reference,578,1280,720,1920,1080,11.35,12.2839,9.71571,1,1,0,0,0,0
1080,1,reference,579,1280,720,1920,1080,11.2722,12.2917,9.64301,1,1,0,0,0,0
1080,1,reference,580,1280,720,1920,1080,11.266,12.2765,9.63686,1,1,0,0,0,0
1080,1,reference,581,1280,720,1920,1080,11.1391,12.2346,9.76896,1,1,0,0,0,0
1080,1,reference,582,1280,720,1920,1080,11.2384,12.3256,9.86829,1,1,0,0,0,0
1080,1,reference,583,1280,720,1920,1080,11.0316,12.3359,9.66656,1,1,0,0,0,0
1080,1,reference,584,1280,720,1920,1080,11.2691,12.2747,9.90003,1,1,0,0,0,0
1080,1,reference,585,1280,720,1920,1080,11.2732,12.406,9.89901,1,1,0,0,0,0
1080,1,reference,586,1280,720,1920,1080,10.0936,11.091,8.72243,1,1,0,0,0,0
1080,1,reference,587,1280,720,1920,1080,10.7981,12.7018,9.43002,1,1,0,0,0,0
1080,1,reference,588,1280,720,1920,1080,11.1995,12.1688,9.8304,1,1,0,0,0,0
1080,1,reference,589,1280,720,1920,1080,11.4483,12.3869,10.0782,1,1,0,0,0,0
1080,1,reference,590,1280,720,1920,1080,11.7422,12.7964,10.199,1,1,0,0,0,0
1080,1,reference,591,1280,720,1920,1080,11.2968,12.2378,9.67373,1,1,0,0,0,0
1080,1,reference,592,1280,720,1920,1080,11.3644,12.234,9.99117,1,1,0,0,0,0
1080,1,reference,593,1280,720,1920,1080,11.3674,12.2829,9.99629,1,1,0,0,0,0
1080,1,reference,594,1280,720,1920,1080,11.2568,12.2195,9.88672,1,1,0,0,0,0
1080,1,reference,595,1280,720,1920,1080,11.2077,12.2736,9.83859,1,1,0,0,0,0
1080,1,reference,596,1280,720,1920,1080,11.3961,12.4088,9.77306,1,1,0,0,0,0
1080,1,reference,597,1280,720,1920,1080,11.4248,12.4088,9.80787,1,1,0,0,0,0
1080,1,reference,598,1280,720,1920,1080,11.3592,12.3055,9.74643,1,1,0,0,0,0
1080,1,reference,599,1280,720,1920,1080,11.4801,12.5022,9.86112,1,1,0,0,0,0
1080,1,reference,600,1280,720,1920,1080,11.3981,12.4194,9.7792,1,1,0,0,0,0
1080,1,reference,601,1280,720,1920,1080,11.3838,12.3553,9.75667,1,1,0,0,0,0
1080,1,reference,602,1280,720,1920,1080,11.3521,12.2798,9.72186,1,1,0,0,0,0
1080,1,reference,603,1280,720,1920,1080,11.2364,12.3056,9.60819,1,1,0,0,0,0
1080,1,reference,604,1280,720,1920,1080,11.137,12.2274,9.76691,1,1,0,0,0,0
1080,1,reference,605,1280,720,1920,1080,11.2384,12.3558,9.86726,1,1,0,0,0,0
1080,1,reference,606,1280,720,1920,1080,11.4975,12.5096,9.8775,1,1,0,0,0,0
1080,1,reference,607,1280,720,1920,1080,11.1391,12.4262,9.77101,1,1,0,0,0,0
1080,1,reference,608,1280,720,1920,1080,11.1933,12.4944,9.8263,1,1,0,0,0,0
1080,1,reference,609,1280,720,1920,1080,11.2517,12.4549,9.88262,1,1,0,0,0,0
1080,1,reference,610,1280,720,1920,1080,11.2568,12.4592,9.88979,1,1,0,0,0,0
1080,1,reference,611,1280,720,1920,1080,11.1114,12.4476,9.74131,1,1,0,0,0,0
1080,1,reference,612,1280,720,1920,1080,11.2814,12.2865,9.91334,1,1,0,0,0,0
1080,1,reference,613,1280,720,1920,1080,9.87955,10.8976,8.51251,1,1,0,0,0,0
1080,1,reference,614,1280,720,1920,1080,9.28563,11.774,7.91962,1,1,0,0,0,0
1080,1,reference,615,1280,720,1920,1080,11.2026,12.2019,9.83347,1,1,0,0,0,0
1080,1,reference,616,1280,720,1920,1080,11.1985,12.2238,9.82938,1,1,0,0,0,0
1080,1,reference,617,1280,720,1920,1080,11.3766,12.3985,9.75155,1,1,0,0,0,0
1080,1,reference,618,1280,720,1920,1080,11.3695,12.3401,9.74234,1,1,0,0,0,0
1080,1,reference,619,1280,720,1920,1080,11.3674,12.3352,9.7495,1,1,0,0,0,0
1080,1,reference,620,1280,720,1920,1080,11.4104,12.4322,9.79251,1,1,0,0,0,0
1080,1,reference,621,1280,720,1920,1080,11.2323,12.4071,9.59693,1,1,0,0,0,0
1080,1,reference,622,1280,720,1920,1080,11.3705,12.2826,9.7536,1,1,0,0,0,0
1080,1,reference,623,1280,720,1920,1080,11.2558,12.2169,9.63789,1,1,0,0,0,0
1080,1,reference,624,1280,720,1920,1080,11.0131,12.3662,9.64198,1,1,0,0,0,0
1080,1,reference,625,1280,720,1920,1080,11.2169,12.4267,9.59488,1,1,0,0,0,0
1080,1,reference,626,1280,720,1920,1080,11.1432,12.3152,9.77203,1,1,0,0,0,0
1080,1,reference,627,1280,720,1920,1080,11.1964,12.222,9.82835,1,1,0,0,0,0
1080,1,reference,628,1280,720,1920,1080,9.8775,11.0351,8.50944,1,1,0,0,0,0
1080,1,reference,629,1280,720,1920,1080,9.33274,10.344,7.96672,1,1,0,0,0,0
1080,1,reference,630,1280,720,1920,1080,10.9885,11.9244,9.62048,1,1,0,0,0,0
1080,1,reference,631,1280,720,1920,1080,11.2968,12.2808,9.9287,1,1,0,0,0,0
1080,1,reference,632,1280,720,1920,1080,11.2507,12.2699,9.88365,1,1,0,0,0,0
1080,1,reference,633,1280,720,1920,1080,10.965,12.1153,9.59693,1,1,0,0,0,0
1080,1,reference,634,1280,720,1920,1080,10.9998,11.9624,9.63174,1,1,0,0,0,0
1080,1,reference,635,1280,720,1920,1080,11.3132,12.2483,9.68704,1,1,0,0,0,0
1080,1,reference,636,1280,720,1920,1080,11.2568,12.2007,9.6471,1,1,0,0,0,0
1080,1,reference,637,1280,720,1920,1080,11.2302,12.1481,9.86112,1,1,0,0,0,0
1080,1,reference,638,1280,720,1920,1080,11.221,12.2031,9.8519,1,1,0,0,0,0
1080,1,reference,639,1280,720,1920,1080,11.3879,12.3096,9.76998,1,1,0,0,0,0
1080,1,reference,640,1280,720,1920,1080,11.2323,12.3033,9.86419,1,1,0,0,0,0
1080,1,reference,641,1280,720,1920,1080,11.2271,12.2593,9.85498,1,1,0,0,0,0
1080,1,reference,642,1280,720,1920,1080,11.391,12.4198,9.76589,1,1,0,0,0,0
1080,1,reference,643,1280,720,1920,1080,11.3981,12.3691,9.76794,1,1,0,0,0,0
1080,1,reference,644,1280,720,1920,1080,11.3664,12.332,9.74131,1,1,0,0,0,0
1080,1,reference,645,1280,720,1920,1080,11.2404,12.2954,9.60307,1,1,0,0,0,0
1080,1,reference,646,1280,720,1920,1080,11.2251,12.2036,9.60614,1,1,0,0,0,0
1080,1,reference,647,1280,720,1920,1080,11.1473,12.2675,9.7792,1,1,0,0,0,0
1080,1,reference,648,1280,720,1920,1080,11.8548,12.8022,10.3055,1,1,0,0,0,0
1080,1,reference,649,1280,720,1920,1080,9.69523,10.6024,8.32922,1,1,0,0,0,0
1080,1,reference,650,1280,720,1920,1080,9.32762,10.1505,7.96262,1,1,0,0,0,0
1080,1,reference,651,1280,720,1920,1080,12.6597,13.6854,11.2456,1,1,0,0,0,0
1080,1,reference,652,1280,720,1920,1080,11.6398,12.7688,10.0157,1,1,0,0,0,0
1080,1,reference,653,1280,720,1920,1080,11.266,12.1638,9.89491,1,1,0,0,0,0
1080,1,reference,654,1280,720,1920,1080,11.3265,12.3581,9.95226,1,1,0,0,0,0
1080,1,reference,655,1280,720,1920,1080,11.393,12.3558,9.75872,1,1,0,0,0,0
1080,1,reference,656,1280,720,1920,1080,11.3469,12.3464,9.72083,1,1,0,0,0,0
1080,1,reference,657,1280,720,1920,1080,11.223,12.2562,9.85293,1,1,0,0,0,0
1080,1,reference,658,1280,720,1920,1080,11.2425,12.212,9.61229,1,1,0,0,0,0
1080,1,reference,659,1280,720,1920,1080,11.2169,12.1656,9.60205,1,1,0,0,0,0
1080,1,reference,660,1280,720,1920,1080,11.135,12.2891,9.76691,1,1,0,0,0,0
1080,1,reference,661,1280,720,1920,1080,13.3202,14.5166,11.9327,1,1,0,0,0,0
1080,1,reference,662,1280,720,1920,1080,11.3654,12.4199,9.9881,1,1,0,0,0,0
1080,1,reference,663,1280,720,1920,1080,11.4176,12.4967,10.0495,1,1,0,0,0,0
1080,1,reference,664,1280,720,1920,1080,11.3418,12.2726,9.97478,1,1,0,0,0,0
1080,1,reference,665,1280,720,1920,1080,11.2722,12.2611,9.90413,1,1,0,0,0,0
1080,1,reference,666,1280,720,1920,1080,11.4217,12.3628,10.0526,1,1,0,0,0,0
1080,1,reference,667,1280,720,1920,1080,11.2538,12.1795,9.88774,1,1,0,0,0,0
1080,1,reference,668,1280,720,1920,1080,11.3797,12.3279,9.74029,1,1,0,0,0,0
1080,1,reference,669,1280,720,1920,1080,11.394,12.3589,9.76077,1,1,0,0,0,0
1080,1,reference,670,1280,720,1920,1080,11.3623,12.3194,9.73005,1,1,0,0,0,0
1080,1,reference,671,1280,720,1920,1080,11.2026,12.3016,9.57235,1,1,0,0,0,0
1080,1,reference,672,1280,720,1920,1080,11.2415,12.3518,9.60717,1,1,0,0,0,0
1080,1,reference,673,1280,720,1920,1080,11.22,12.4255,9.85088,1,1,0,0,0,0
1080,1,reference,674,1280,720,1920,1080,11.1288,12.4877,9.76179,1,1,0,0,0,0
1080,1,reference,675,1280,720,1920,1080,11.2097,12.1776,9.84269,1,1,0,0,0,0
1080,1,reference,676,1280,720,1920,1080,11.2026,12.4283,9.83347,1,1,0,0,0,0
1080,1,reference,677,1280,720,1920,1080,11.817,12.8396,10.4387,1,1,0,0,0,0
1080,1,reference,678,1280,720,1920,1080,11.2077,12.3087,9.83962,1,1,0,0,0,0
1080,1,reference,679,1280,720,1920,1080,11.1923,12.1659,9.57338,1,1,0,0,0,0
1080,1,reference,680,1280,720,1920,1080,10.966,12.1801,9.59898,1,1,0,0,0,0
1080,1,reference,681,1280,720,1920,1080,11.2916,12.3401,9.92358,1,1,0,0,0,0
1080,1,reference,682,1280,720,1920,1080,11.0336,12.4312,9.66758,1,1,0,0,0,0
1080,1,reference,683,1280,720,1920,1080,11.0909,12.2662,9.72698,1,1,0,0,0,0
1080,1,reference,684,1280,720,1920,1080,11.3859,12.4435,10.0147,1,1,0,0,0,0
1080,1,reference,685,1280,720,1920,1080,11.1421,12.3461,9.7751,1,1,0,0,0,0
1080,1,reference,686,1280,720,1920,1080,11.2128,12.1928,9.84474,1,1,0,0,0,0
1080,1,reference,687,1280,720,1920,1080,10.8636,12.0173,9.49862,1,1,0,0,0,0
1080,1,reference,688,1280,720,1920,1080,11.3592,12.2387,9.99117,1,1,0,0,0,0
1080,1,reference,689,1280,720,1920,1080,9.71674,10.6803,8.35379,1,1,0,0,0,0
1080,1,reference,690,1280,720,1920,1080,12.7816,13.7905,11.3961,1,1,0,0,0,0
1080,1,reference,691,1280,720,1920,1080,11.2486,12.2109,9.61331,1,1,0,0,0,0
1080,1,reference,692,1280,720,1920,1080,11.2384,12.176,9.87136,1,1,0,0,0,0
1080,1,reference,693,1280,720,1920,1080,11.4627,12.391,9.79866,1,1,0,0,0,0
1080,1,reference,694,1280,720,1920,1080,11.4115,12.4844,9.74848,1,1,0,0,0,0
1080,1,reference,695,1280,720,1920,1080,11.3828,12.3176,9.75565,1,1,0,0,0,0
1080,1,reference,696,1280,720,1920,1080,11.3818,12.4325,9.77715,1,1,0,0,0,0
1080,1,reference,697,1280,720,1920,1080,11.4217,12.4243,9.75155,1,1,0,0,0,0
1080,1,reference,698,1280,720,1920,1080,11.4043,12.4459,9.77203,1,1,0,0,0,0
1080,1,reference,699,1280,720,1920,1080,11.4278,12.3907,9.76998,1,1,0,0,0,0
1080,1,reference,700,1280,720,1920,1080,11.1022,12.2207,9.73619,1,1,0,0,0,0
1080,1,reference,701,1280,720,1920,1080,11.4074,12.4327,10.0393,1,1,0,0,0,0
1080,1,reference,702,1280,720,1920,1080,11.2476,12.6189,9.88058,1,1,0,0,0,0
1080,1,reference,703,1280,720,1920,1080,11.2814,12.5156,9.64301,1,1,0,0,0,0
1080,1,reference,704,1280,720,1920,1080,11.221,12.2155,9.59078,1,1,0,0,0,0
1080,1,reference,705,1280,720,1920,1080,11.179,12.4313,9.80992,1,1,0,0,0,0
1080,1,reference,706,1280,720,1920,1080,11.4043,12.3634,9.85702,1,1,0,0,0,0
1080,1,reference,707,1280,720,1920,1080,11.2773,12.3953,9.9072,1,1,0,0,0,0
1080,1,reference,708,1280,720,1920,1080,11.1575,12.4376,9.79149,1,1,0,0,0,0
1080,1,reference,709,1280,720,1920,1080,10.8186,11.8783,9.45357,1,1,0,0,0,0
1080,1,reference,710,1280,720,1920,1080,11.2527,12.3159,9.88365,1,1,0,0,0,0
1080,1,reference,711,1280,720,1920,1080,10.7684,11.8918,9.40134,1,1,0,0,0,0
1080,1,reference,712,1280,720,1920,1080,11.2353,12.2645,9.86726,1,1,0,0,0,0
1080,1,reference,713,1280,720,1920,1080,11.2189,12.2917,9.6,1,1,0,0,0,0
1080,1,reference,714,1280,720,1920,1080,11.264,12.263,9.89184,1,1,0,0,0,0
1080,1,reference,715,1280,720,1920,1080,11.2445,12.2912,9.87341,1,1,0,0,0,0
1080,1,reference,716,1280,720,1920,1080,11.3746,12.2673,10.0065,1,1,0,0,0,0
1080,1,reference,717,1280,720,1920,1080,11.2507,12.2052,9.88365,1,1,0,0,0,0
1080,1,reference,718,1280,720,1920,1080,11.2374,12.2042,9.86829,1,1,0,0,0,0
1080,1,reference,719,1280,720,1920,1080,11.1841,12.3368,9.81914,1,1,0,0,0,0
1080,1,reference,720,1280,720,1920,1080,11.3756,12.3842,9.74643,1,1,0,0,0,0
1080,1,reference,721,1280,720,1920,1080,11.4924,12.5601,9.86214,1,1,0,0,0,0
1080,1,reference,722,1280,720,1920,1080,11.4268,12.4152,9.78022,1,1,0,0,0,0
1080,1,reference,723,1280,720,1920,1080,11.3961,12.3876,9.76384,1,1,0,0,0,0
1080,1,reference,724,1280,720,1920,1080,11.4616,12.3893,9.83347,1,1,0,0,0,0
1080,1,reference,725,1280,720,1920,1080,11.4821,12.6149,9.85395,1,1,0,0,0,0
1080,1,reference,726,1280,720,1920,1080,11.4135,12.4144,9.77408,1,1,0,0,0,0
1080,1,reference,727,1280,720,1920,1080,11.4196,12.4023,9.78842,1,1,0,0,0,0
1080,1,reference,728,1280,720,1920,1080,11.393,12.3947,9.75872,1,1,0,0,0,0
1080,1,reference,729,1280,720,1920,1080,11.3848,12.4572,9.73926,1,1,0,0,0,0
1080,1,reference,730,1280,720,1920,1080,11.4289,12.4389,9.78227,1,1,0,0,0,0
1080,1,reference,731,1280,720,1920,1080,11.4033,12.4319,9.75155,1,1,0,0,0,0
1080,1,reference,732,1280,720,1920,1080,11.222,12.2151,9.58669,1,1,0,0,0,0
1080,1,reference,733,1280,720,1920,1080,11.2189,12.1837,9.59283,1,1,0,0,0,0
1080,1,reference,734,1280,720,1920,1080,11.18,12.638,9.81402,1,1,0,0,0,0
1080,1,reference,735,1280,720,1920,1080,11.2138,12.5899,9.84781,1,1,0,0,0,0
1080,1,reference,736,1280,720,1920,1080,11.2323,12.3079,9.57133,1,1,0,0,0,0
1080,1,reference,737,1280,720,1920,1080,11.2261,12.2907,9.59795,1,1,0,0,0,0
1080,1,reference,738,1280,720,1920,1080,11.2138,12.4723,9.84576,1,1,0,0,0,0
1080,1,reference,739,1280,720,1920,1080,11.4811,12.6048,9.83962,1,1,0,0,0,0
1080,1,reference,740,1280,720,1920,1080,11.2118,12.5645,9.84269,1,1,0,0,0,0
1080,1,reference,741,1280,720,1920,1080,11.1544,12.2754,9.59693,1,1,0,0,0,0
1080,1,reference,742,1280,720,1920,1080,11.1913,12.1645,9.8263,1,1,0,0,0,0
1080,1,reference,743,1280,720,1920,1080,11.3295,12.587,9.96454,1,1,0,0,0,0
1080,1,reference,744,1280,720,1920,1080,11.1237,12.1965,9.7536,1,1,0,0,0,0
1080,1,reference,745,1280,720,1920,1080,11.2015,12.3262,9.8345,1,1,0,0,0,0
1080,1,reference,746,1280,720,1920,1080,10.9885,12.0686,9.61229,1,1,0,0,0,0
1080,1,reference,747,1280,720,1920,1080,11.0029,12.01,9.61638,1,1,0,0,0,0
1080,1,reference,748,1280,720,1920,1080,11.092,12.2521,9.72698,1,1,0,0,0,0
1080,1,reference,749,1280,720,1920,1080,11.3613,12.4104,9.75053,1,1,0,0,0,0
1080,1,reference,750,1280,720,1920,1080,11.2599,12.2261,9.64301,1,1,0,0,0,0
1080,1,reference,751,1280,720,1920,1080,11.221,12.2494,9.85395,1,1,0,0,0,0
1080,1,reference,752,1280,720,1920,1080,11.3613,12.4629,9.99424,1,1,0,0,0,0
1080,1,reference,753,1280,720,1920,1080,11.3951,12.4676,10.026,1,1,0,0,0,0
1080,1,reference,754,1280,720,1920,1080,11.262,12.2995,9.89491,1,1,0,0,0,0
1080,1,reference,755,1280,720,1920,1080,11.4862,12.538,10.1161,1,1,0,0,0,0
1080,1,reference,756,1280,720,1920,1080,11.4627,12.5252,10.1028,1,1,0,0,0,0
1080,1,reference,757,1280,720,1920,1080,11.3992,12.4356,10.0311,1,1,0,0,0,0
1080,1,reference,758,1280,720,1920,1080,11.2179,12.2112,9.85293,1,1,0,0,0,0
1080,1,reference,759,1280,720,1920,1080,11.1974,12.1361,9.8304,1,1,0,0,0,0
1080,1,reference,760,1280,720,1920,1080,11.2138,12.4158,9.84678,1,1,0,0,0,0
1080,1,reference,761,1280,720,1920,1080,11.4371,12.4045,9.78637,1,1,0,0,0,0
1080,1,reference,762,1280,720,1920,1080,11.3889,12.4585,9.75974,1,1,0,0,0,0
1080,1,reference,763,1280,720,1920,1080,11.2507,12.1858,9.88058,1,1,0,0,0,0
1080,1,reference,764,1280,720,1920,1080,11.2937,12.2624,9.63789,1,1,0,0,0,0
1080,1,reference,765,1280,720,1920,1080,11.1841,12.1579,9.55392,1,1,0,0,0,0
1080,1,reference,766,1280,720,1920,1080,11.2005,12.456,9.8345,1,1,0,0,0,0
1080,1,reference,767,1280,720,1920,1080,10.9466,12.0864,9.58157,1,1,0,0,0,0
1080,1,reference,768,1280,720,1920,1080,11.3254,12.2491,9.7833,1,1,0,0,0,0
1080,1,reference,769,1280,720,1920,1080,11.2353,12.3055,9.86726,1,1,0,0,0,0
1080,1,reference,770,1280,720,1920,1080,11.2486,12.2668,9.8816,1,1,0,0,0,0
1080,1,reference,771,1280,720,1920,1080,11.2701,12.2218,9.89184,1,1,0,0,0,0
1080,1,reference,772,1280,720,1920,1080,11.0879,12.1541,9.72186,1,1,0,0,0,0
1080,1,reference,773,1280,720,1920,1080,11.3879,12.4104,10.0198,1,1,0,0,0,0
1080,1,reference,774,1280,720,1920,1080,11.2773,12.2757,9.65837,1,1,0,0,0,0
1080,1,reference,775,1280,720,1920,1080,10.964,12.2002,9.5959,1,1,0,0,0,0
1080,1,reference,776,1280,720,1920,1080,11.307,12.4571,9.93792,1,1,0,0,0,0
1080,1,reference,777,1280,720,1920,1080,11.5702,12.4998,9.96659,1,1,0,0,0,0
1080,1,reference,778,1280,720,1920,1080,11.4135,12.4167,10.0444,1,1,0,0,0,0
1080,1,reference,779,1280,720,1920,1080,11.1503,12.1054,9.78432,1,1,0,0,0,0
1080,1,reference,780,1280,720,1920,1080,11.179,12.1046,9.80992,1,1,0,0,0,0
1080,1,reference,781,1280,720,1920,1080,11.2026,12.2193,9.83552,1,1,0,0,0,0
1080,1,reference,782,1280,720,1920,1080,9.72083,10.6944,8.35789,1,1,0,0,0,0
1080,1,reference,783,1280,720,1920,1080,12.4396,13.5141,11.0326,1,1,0,0,0,0
1080,1,reference,784,1280,720,1920,1080,11.1391,12.2612,9.77408,1,1,0,0,0,0
1080,1,reference,785,1280,720,1920,1080,11.1217,12.1882,9.75667,1,1,0,0,0,0
1080,1,reference,786,1280,720,1920,1080,11.2681,12.3108,9.89798,1,1,0,0,0,0
1080,1,reference,787,1280,720,1920,1080,11.0203,12.2929,9.6553,1,1,0,0,0,0
1080,1,reference,788,1280,720,1920,1080,11.0285,12.3219,9.66451,1,1,0,0,0,0
1080,1,reference,789,1280,720,1920,1080,11.2343,12.5857,9.86624,1,1,0,0,0,0
1080,1,reference,790,1280,720,1920,1080,11.2015,12.4764,9.83347,1,1,0,0,0,0
1080,1,reference,791,1280,720,1920,1080,10.9742,12.3513,9.60307,1,1,0,0,0,0
1080,1,reference,792,1280,720,1920,1080,10.9906,12.2402,9.62253,1,1,0,0,0,0
1080,1,reference,793,1280,720,1920,1080,11.2671,12.2776,9.89696,1,1,0,0,0,0
1080,1,reference,794,1280,720,1920,1080,11.2742,12.3223,9.90822,1,1,0,0,0,0
1080,1,reference,795,1280,720,1920,1080,11.2108,12.2527,9.84269,1,1,0,0,0,0
1080,1,reference,796,1280,720,1920,1080,11.3234,12.3399,9.95533,1,1,0,0,0,0
1080,1,reference,797,1280,720,1920,1080,11.222,12.2514,9.85293,1,1,0,0,0,0
1080,1,reference,798,1280,720,1920,1080,11.0131,12.1762,9.63482,1,1,0,0,0,0
1080,1,reference,799,1280,720,1920,1080,11.4504,12.4902,10.0844,1,1,0,0,0,0
1080,1,reference,800,1280,720,1920,1080,11.5313,12.5145,10.1632,1,1,0,0,0,0
1080,1,reference,801,1280,720,1920,1080,11.2292,12.3428,9.61126,1,1,0,0,0,0
1080,1,reference,802,1280,720,1920,1080,11.5139,12.4968,10.1478,1,1,0,0,0,0
1080,1,reference,803,1280,720,1920,1080,11.3019,12.3193,9.9369,1,1,0,0,0,0
1080,1,reference,804,1280,720,1920,1080,11.433,12.4337,10.0628,1,1,0,0,0,0
1080,1,reference,805,1280,720,1920,1080,11.4207,12.3713,10.0536,1,1,0,0,0,0
1080,1,reference,806,1280,720,1920,1080,11.3101,12.3912,9.94406,1,1,0,0,0,0
1080,1,reference,807,1280,720,1920,1080,11.2742,12.4399,9.90618,1,1,0,0,0,0
1080,1,reference,808,1280,720,1920,1080,11.522,12.5588,10.155,1,1,0,0,0,0
1080,1,reference,809,1280,720,1920,1080,11.4545,12.4888,10.0844,1,1,0,0,0,0
1080,1,reference,810,1280,720,1920,1080,11.3797,12.3728,10.0127,1,1,0,0,0,0
1080,1,reference,811,1280,720,1920,1080,11.3388,12.3443,9.97376,1,1,0,0,0,0
1080,1,reference,812,1280,720,1920,1080,11.2538,12.191,9.8857,1,1,0,0,0,0
1080,1,reference,813,1280,720,1920,1080,11.4156,12.4926,9.75053,1,1,0,0,0,0
1080,1,reference,814,1280,720,1920,1080,11.2548,12.2553,9.88672,1,1,0,0,0,0
1080,1,reference,815,1280,720,1920,1080,11.266,12.9589,9.89389,1,1,0,0,0,0
1080,1,reference,816,1280,720,1920,1080,11.4319,12.4007,10.0628,1,1,0,0,0,0
1080,1,reference,817,1280,720,1920,1080,11.3162,12.422,9.94816,1,1,0,0,0,0
1080,1,reference,818,1280,720,1920,1080,11.2527,12.2524,9.88774,1,1,0,0,0,0
1080,1,reference,819,1280,720,1920,1080,11.1892,12.2141,9.82016,1,1,0,0,0,0
1080,1,reference,820,1280,720,1920,1080,11.4145,12.4539,9.76589,1,1,0,0,0,0
1080,1,reference,821,1280,720,1920,1080,11.5046,12.5017,9.84781,1,1,0,0,0,0
1080,1,reference,822,1280,720,1920,1080,11.4401,12.4531,9.79763,1,1,0,0,0,0
1080,1,reference,823,1280,720,1920,1080,11.2046,12.2799,9.83757,1,1,0,0,0,0
1080,1,reference,824,1280,720,1920,1080,11.5343,12.4627,9.91539,1,1,0,0,0,0
1080,1,reference,825,1280,720,1920,1080,11.2384,12.262,9.61843,1,1,0,0,0,0
1080,1,reference,826,1280,720,1920,1080,11.1933,12.1484,9.57747,1,1,0,0,0,0
1080,1,reference,827,1280,720,1920,1080,11.2159,12.6129,9.84576,1,1,0,0,0,0
1080,1,reference,828,1280,720,1920,1080,11.1503,12.5931,9.78227,1,1,0,0,0,0
1080,1,reference,829,1280,720,1920,1080,11.2138,12.3178,9.5959,1,1,0,0,0,0
1080,1,reference,830,1280,720,1920,1080,11.1974,12.1446,9.57235,1,1,0,0,0,0
1080,1,reference,831,1280,720,1920,1080,11.1923,12.3935,9.82426,1,1,0,0,0,0
1080,1,reference,832,1280,720,1920,1080,11.1544,12.4155,9.78534,1,1,0,0,0,0
1080,1,reference,833,1280,720,1920,1080,11.4391,12.5026,10.069,1,1,0,0,0,0
1080,1,reference,834,1280,720,1920,1080,10.9722,12.2242,9.60307,1,1,0,0,0,0
1080,1,reference,835,1280,720,1920,1080,11.1667,12.1583,9.79661,1,1,0,0,0,0
1080,1,reference,836,1280,720,1920,1080,11.1811,12.2396,9.81299,1,1,0,0,0,0
1080,1,reference,837,1280,720,1920,1080,11.01,12.0961,9.64403,1,1,0,0,0,0
1080,1,reference,838,1280,720,1920,1080,11.4012,12.3253,10.0342,1,1,0,0,0,0
1080,1,reference,839,1280,720,1920,1080,11.2343,12.2467,9.86419,1,1,0,0,0,0
1080,1,reference,840,1280,720,1920,1080,10.967,12.06,9.59386,1,1,0,0,0,0
1080,1,reference,841,1280,720,1920,1080,11.3766,12.3266,10.0096,1,1,0,0,0,0
1080,1,reference,842,1280,720,1920,1080,11.3756,12.3954,10.0045,1,1,0,0,0,0
1080,1,reference,843,1280,720,1920,1080,11.4104,12.3452,10.0424,1,1,0,0,0,0
1080,1,reference,844,1280,720,1920,1080,11.1821,12.1389,9.81299,1,1,0,0,0,0
1080,1,reference,845,1280,720,1920,1080,11.2241,12.1795,9.856,1,1,0,0,0,0
1080,1,reference,846,1280,720,1920,1080,11.3674,12.368,9.73414,1,1,0,0,0,0
1080,1,reference,847,1280,720,1920,1080,11.3715,12.3394,9.74131,1,1,0,0,0,0
1080,1,reference,848,1280,720,1920,1080,11.4074,12.3509,9.77203,1,1,0,0,0,0
1080,1,reference,849,1280,720,1920,1080,11.266,12.3141,9.61434,1,1,0,0,0,0
1080,1,reference,850,1280,720,1920,1080,11.2128,12.4952,9.84371,1,1,0,0,0,0
1080,1,reference,851,1280,720,1920,1080,11.2097,12.1992,9.56314,1,1,0,0,0,0
1080,1,reference,852,1280,720,1920,1080,11.4872,12.5498,9.86419,1,1,0,0,0,0
1080,1,reference,853,1280,720,1920,1080,11.2364,12.2388,9.59078,1,1,0,0,0,0
1080,1,reference,854,1280,720,1920,1080,11.0889,12.4109,9.72083,1,1,0,0,0,0
1080,1,reference,855,1280,720,1920,1080,11.2876,12.4372,9.92051,1,1,0,0,0,0
1080,1,reference,856,1280,720,1920,1080,11.1759,12.4241,9.80685,1,1,0,0,0,0
1080,1,reference,857,1280,720,1920,1080,11.18,12.7122,9.81197,1,1,0,0,0,0
1080,1,reference,858,1280,720,1920,1080,11.1022,12.3478,9.7321,1,1,0,0,0,0
1080,1,reference,859,1280,720,1920,1080,11.2251,12.4099,9.85805,1,1,0,0,0,0
1080,1,reference,860,1280,720,1920,1080,11.2527,12.5783,9.88365,1,1,0,0,0,0
1080,1,reference,861,1280,720,1920,1080,9.9113,10.8964,8.54528,1,1,0,0,0,0
1080,1,reference,862,1280,720,1920,1080,9.37472,10.286,8.00768,1,1,0,0,0,0
1080,1,reference,863,1280,720,1920,1080,11.0725,11.9085,9.70342,1,1,0,0,0,0
1080,1,reference,864,1280,720,1920,1080,11.4012,12.4575,9.7495,1,1,0,0,0,0
1080,1,reference,865,1280,720,1920,1080,12.5573,13.545,11.1657,1,1,0,0,0,0
1080,1,reference,866,1280,720,1920,1080,9.92973,10.9138,8.55654,1,1,0,0,0,0
1080,1,reference,867,1280,720,1920,1080,12.03,13.0756,10.6598,1,1,0,0,0,0
1080,1,reference,868,1280,720,1920,1080,12.5512,13.532,10.9404,1,1,0,0,0,0
1080,1,reference,869,1280,720,1920,1080,11.4053,12.393,9.75667,1,1,0,0,0,0
1080,1,reference,870,1280,720,1920,1080,11.4186,12.3399,9.78022,1,1,0,0,0,0
1080,1,reference,871,1280,720,1920,1080,11.2005,12.1405,9.56314,1,1,0,0,0,0
1080,1,reference,872,1280,720,1920,1080,11.2374,12.2348,9.58976,1,1,0,0,0,0
1080,1,reference,873,1280,720,1920,1080,10.9588,12.1383,8.34662,1,1,0,0,0,0
1080,1,reference,874,1280,720,1920,1080,9.87648,10.8587,8.50739,1,1,0,0,0,0
1080,1,reference,875,1280,720,1920,1080,12.6075,13.6204,10.2871,1,1,0,0,0,0
1080,1,reference,876,1280,720,1920,1080,11.1012,12.4227,9.73312,1,1,0,0,0,0
1080,1,reference,877,1280,720,1920,1080,11.6367,12.6762,10.2697,1,1,0,0,0,0
1080,1,reference,878,1280,720,1920,1080,11.0121,12.1796,9.64403,1,1,0,0,0,0
1080,1,reference,879,1280,720,1920,1080,11.0561,12.2697,9.69011,1,1,0,0,0,0
1080,1,reference,880,1280,720,1920,1080,11.1862,12.173,9.81606,1,1,0,0,0,0
1080,1,reference,881,1280,720,1920,1080,11.1974,12.1836,9.82528,1,1,0,0,0,0
1080,1,reference,882,1280,720,1920,1080,11.2742,12.2866,9.89798,1,1,0,0,0,0
1080,1,reference,883,1280,720,1920,1080,10.882,11.9471,9.51194,1,1,0,0,0,0
1080,1,reference,884,1280,720,1920,1080,11.1964,12.278,9.82938,1,1,0,0,0,0
1080,1,reference,885,1280,720,1920,1080,11.134,12.1538,9.76794,1,1,0,0,0,0
1080,1,reference,886,1280,720,1920,1080,11.1677,12.18,9.5447,1,1,0,0,0,0
1080,1,reference,887,1280,720,1920,1080,11.1944,12.1421,9.82733,1,1,0,0,0,0
1080,1,reference,888,1280,720,1920,1080,11.3961,12.4344,9.76794,1,1,0,0,0,0
1080,1,reference,889,1280,720,1920,1080,11.4565,12.4202,9.8345,1,1,0,0,0,0
1080,1,reference,890,1280,720,1920,1080,11.4555,12.5627,9.82118,1,1,0,0,0,0
1080,1,reference,891,1280,720,1920,1080,11.4708,12.504,9.84986,1,1,0,0,0,0
1080,1,reference,892,1280,720,1920,1080,11.4432,12.3985,9.81504,1,1,0,0,0,0
1080,1,reference,893,1280,720,1920,1080,11.4842,12.4074,9.85702,1,1,0,0,0,0
1080,1,reference,894,1280,720,1920,1080,11.4463,12.4406,9.82426,1,1,0,0,0,0
1080,1,reference,895,1280,720,1920,1080,11.435,12.4519,9.79763,1,1,0,0,0,0
1080,1,reference,896,1280,720,1920,1080,11.262,12.1872,9.63789,1,1,0,0,0,0
1080,1,reference,897,1280,720,1920,1080,11.4995,12.4236,9.74131,1,1,0,0,0,0
1080,1,reference,898,1280,720,1920,1080,11.3234,12.4719,9.66246,1,1,0,0,0,0
1080,1,reference,899,1280,720,1920,1080,11.2026,12.7136,9.82938,1,1,0,0,0,0
1080,1,reference,900,1280,720,1920,1080,11.3582,12.4897,9.68602,1,1,0,0,0,0
1080,1,reference,901,1280,720,1920,1080,11.4442,12.4134,9.78739,1,1,0,0,0,0
1080,1,reference,902,1280,720,1920,1080,11.349,12.3523,9.69421,1,1,0,0,0,0
1080,1,reference,903,1280,720,1920,1080,11.5282,12.4634,9.86624,1,1,0,0,0,0
1080,1,reference,904,1280,720,1920,1080,11.3398,12.3502,9.66963,1,1,0,0,0,0
1080,1,reference,905,1280,720,1920,1080,11.5272,12.4895,9.84371,1,1,0,0,0,0
1080,1,reference,906,1280,720,1920,1080,11.2466,12.7728,9.87443,1,1,0,0,0,0
1080,1,reference,907,1280,720,1920,1080,11.4893,12.7626,9.81402,1,1,0,0,0,0
1080,1,reference,908,1280,720,1920,1080,11.5077,12.51,9.85395,1,1,0,0,0,0
1080,1,reference,909,1280,720,1920,1080,11.477,12.4262,9.8007,1,1,0,0,0,0
1080,1,reference,910,1280,720,1920,1080,11.3613,12.3175,9.79558,1,1,0,0,0,0
1080,1,reference,911,1280,720,1920,1080,11.2988,12.3072,9.92461,1,1,0,0,0,0
1080,1,reference,912,1280,720,1920,1080,11.3603,12.4382,9.72493,1,1,0,0,0,0
1080,1,reference,913,1280,720,1920,1080,11.394,12.3604,9.71981,1,1,0,0,0,0
1080,1,reference,914,1280,720,1920,1080,11.3275,12.3414,9.66861,1,1,0,0,0,0
1080,1,reference,915,1280,720,1920,1080,11.4657,12.5061,9.80787,1,1,0,0,0,0
1080,1,reference,916,1280,720,1920,1080,11.1831,12.4778,9.8089,1,1,0,0,0,0
1080,1,reference,917,1280,720,1920,1080,11.3254,12.4843,9.6471,1,1,0,0,0,0
1080,1,reference,918,1280,720,1920,1080,11.306,12.2902,9.65632,1,1,0,0,0,0
1080,1,reference,919,1280,720,1920,1080,11.3265,12.3641,9.66861,1,1,0,0,0,0
1080,1,reference,920,1280,720,1920,1080,11.223,12.5122,9.84986,1,1,0,0,0,0
1080,1,reference,921,1280,720,1920,1080,11.2753,12.5757,9.90208,1,1,0,0,0,0
1080,1,reference,922,1280,720,1920,1080,11.1411,12.4292,9.76589,1,1,0,0,0,0
1080,1,reference,923,1280,720,1920,1080,11.2077,12.2566,9.83347,1,1,0,0,0,0
1080,1,reference,924,1280,720,1920,1080,11.2742,12.3223,9.89798,1,1,0,0,0,0
1080,1,reference,925,1280,720,1920,1080,11.2497,12.4369,9.87648,1,1,0,0,0,0
1080,1,reference,926,1280,720,1920,1080,11.1882,12.6085,9.81606,1,1,0,0,0,0
1080,1,reference,927,1280,720,1920,1080,11.2302,12.5869,9.8601,1,1,0,0,0,0
1080,1,reference,928,1280,720,1920,1080,10.1222,11.1045,8.74906,1,1,0,0,0,0
1080,1,reference,929,1280,720,1920,1080,12.2143,13.2343,10.7909,1,1,0,0,0,0
1080,1,reference,930,1280,720,1920,1080,10.9875,12.0238,9.61229,1,1,0,0,0,0
1080,1,reference,931,1280,720,1920,1080,11.2579,12.1683,9.88058,1,1,0,0,0,0
1080,1,reference,932,1280,720,1920,1080,11.3121,12.2657,9.67885,1,1,0,0,0,0
1080,1,reference,933,1280,720,1920,1080,10.9824,12.2516,9.55904,1,1,0,0,0,0
1080,1,reference,934,1280,720,1920,1080,10.9947,12.3155,9.62048,1,1,0,0,0,0
1080,1,reference,935,1280,720,1920,1080,11.6347,12.5997,10.0188,1,1,0,0,0,0
1080,1,reference,936,1280,720,1920,1080,11.2906,12.5375,9.91334,1,1,0,0,0,0
1080,1,reference,937,1280,720,1920,1080,11.263,12.3531,9.88877,1,1,0,0,0,0
1080,1,reference,938,1280,720,1920,1080,11.2374,12.246,9.86419,1,1,0,0,0,0
1080,1,reference,939,1280,720,1920,1080,11.5036,12.4845,10.1294,1,1,0,0,0,0
1080,1,reference,940,1280,720,1920,1080,11.4094,12.4246,10.0332,1,1,0,0,0,0
1080,1,reference,941,1280,720,1920,1080,11.4217,12.5662,10.0475,1,1,0,0,0,0
1080,1,reference,942,1280,720,1920,1080,11.1596,12.3296,9.78534,1,1,0,0,0,0
1080,1,reference,943,1280,720,1920,1080,11.3039,12.2843,9.92973,1,1,0,0,0,0
1080,1,reference,944,1280,720,1920,1080,11.2425,12.1993,9.86726,1,1,0,0,0,0
1080,1,reference,945,1280,720,1920,1080,11.2947,12.288,9.91949,1,1,0,0,0,0
1080,1,reference,946,1280,720,1920,1080,11.4637,12.4102,9.80685,1,1,0,0,0,0
1080,1,reference,947,1280,720,1920,1080,11.266,12.4396,9.89082,1,1,0,0,0,0
1080,1,reference,948,1280,720,1920,1080,11.4534,12.4605,9.81606,1,1,0,0,0,0
1080,1,reference,949,1280,720,1920,1080,11.4872,12.6782,9.83142,1,1,0,0,0,0
1080,1,reference,950,1280,720,1920,1080,11.2855,12.2936,9.91027,1,1,0,0,0,0
1080,1,reference,951,1280,720,1920,1080,11.4739,12.4125,9.84269,1,1,0,0,0,0
1080,1,reference,952,1280,720,1920,1080,11.4729,12.649,9.82426,1,1,0,0,0,0
1080,1,reference,953,1280,720,1920,1080,11.4483,12.4856,9.80582,1,1,0,0,0,0
1080,1,reference,954,1280,720,1920,1080,11.2835,12.2722,9.90822,1,1,0,0,0,0
1080,1,reference,955,1280,720,1920,1080,11.4698,12.3843,9.82938,1,1,0,0,0,0
1080,1,reference,956,1280,720,1920,1080,11.436,12.4329,9.79763,1,1,0,0,0,0
1080,1,reference,957,1280,720,1920,1080,11.4862,12.5311,9.84474,1,1,0,0,0,0
1080,1,reference,958,1280,720,1920,1080,11.4749,12.4934,9.83962,1,1,0,0,0,0
1080,1,reference,959,1280,720,1920,1080,11.3193,12.293,9.6809,1,1,0,0,0,0
1080,1,reference,960,1280,720,1920,1080,11.3142,12.2718,9.6768,1,1,0,0,0,0
1080,1,reference,961,1280,720,1920,1080,11.2845,12.2914,9.63891,1,1,0,0,0,0
1080,1,reference,962,1280,720,1920,1080,11.18,12.4163,9.8048,1,1,0,0,0,0
1080,1,reference,963,1280,720,1920,1080,11.1473,12.0976,9.59078,1,1,0,0,0,0
1080,1,reference,964,1280,720,1920,1080,11.3992,12.377,10.0229,1,1,0,0,0,0
1080,1,reference,965,1280,720,1920,1080,11.2824,12.5179,9.90925,1,1,0,0,0,0
1080,1,reference,966,1280,720,1920,1080,11.3541,12.3418,9.71674,1,1,0,0,0,0
1080,1,reference,967,1280,720,1920,1080,11.2753,12.7148,9.90106,1,1,0,0,0,0
1080,1,reference,968,1280,720,1920,1080,11.1759,12.4049,9.79866,1,1,0,0,0,0
1080,1,reference,969,1280,720,1920,1080,11.3224,12.238,9.94918,1,1,0,0,0,0
1080,1,reference,970,1280,720,1920,1080,11.3439,12.238,9.96864,1,1,0,0,0,0
1080,1,reference,971,1280,720,1920,1080,11.0254,12.1761,9.65018,1,1,0,0,0,0
1080,1,reference,972,1280,720,1920,1080,9.87955,10.9016,8.5033,1,1,0,0,0,0
1080,1,reference,973,1280,720,1920,1080,10.7909,12.974,9.4167,1,1,0,0,0,0
1080,1,reference,974,1280,720,1920,1080,11.4063,12.3475,10.0311,1,1,0,0,0,0
1080,1,reference,975,1280,720,1920,1080,11.3418,12.2676,9.9625,1,1,0,0,0,0
1080,1,reference,976,1280,720,1920,1080,11.3142,12.2276,9.93792,1,1,0,0,0,0
1080,1,reference,977,1280,720,1920,1080,9.93894,10.9639,8.56474,1,1,0,0,0,0
1080,1,reference,978,1280,720,1920,1080,12.502,13.5778,11.1053,1,1,0,0,0,0
1080,1,reference,979,1280,720,1920,1080,9.74234,10.7099,8.37018,1,1,0,0,0,0
1080,1,reference,980,1280,720,1920,1080,12.4078,13.3951,10.9978,1,1,0,0,0,0
1080,1,reference,981,1280,720,1920,1080,11.3869,12.4611,9.83142,1,1,0,0,0,0
1080,1,reference,982,1280,720,1920,1080,11.3439,12.3537,9.97069,1,1,0,0,0,0
1080,1,reference,983,1280,720,1920,1080,11.2978,12.2561,9.6553,1,1,0,0,0,0
1080,1,reference,984,1280,720,1920,1080,11.2097,12.5545,9.83552,1,1,0,0,0,0
1080,1,reference,985,1280,720,1920,1080,11.2036,12.5726,9.82835,1,1,0,0,0,0
1080,1,reference,986,1280,720,1920,1080,11.2558,12.2531,9.88058,1,1,0,0,0,0
1080,1,reference,987,1280,720,1920,1080,11.2138,12.4985,9.84269,1,1,0,0,0,0
1080,1,reference,988,1280,720,1920,1080,11.1739,12.3762,9.79968,1,1,0,0,0,0
1080,1,reference,989,1280,720,1920,1080,11.2783,12.2941,9.90413,1,1,0,0,0,0
1080,1,reference,990,1280,720,1920,1080,11.3818,12.2859,9.74029,1,1,0,0,0,0
1080,1,reference,991,1280,720,1920,1080,12.2962,13.9006,10.922,1,1,0,0,0,0
1080,1,reference,992,1280,720,1920,1080,11.4944,12.534,9.85293,1,1,0,0,0,0
1080,1,reference,993,1280,720,1920,1080,11.4442,12.5686,9.80378,1,1,0,0,0,0
1080,1,reference,994,1280,720,1920,1080,11.4104,12.5838,9.77203,1,1,0,0,0,0
1080,1,reference,995,1280,720,1920,1080,11.5098,12.5373,9.87034,1,1,0,0,0,0
1080,1,reference,996,1280,720,1920,1080,11.4391,12.4501,9.79763,1,1,0,0,0,0
1080,1,reference,997,1280,720,1920,1080,11.52,12.6763,9.87341,1,1,0,0,0,0
1080,1,reference,998,1280,720,1920,1080,11.3275,12.5073,9.9543,1,1,0,0,0,0
1080,1,reference,999,1280,720,1920,1080,11.2599,12.4475,9.88467,1,1,0,0,0,0
1080,1,reference,1000,1280,720,1920,1080,11.4278,12.5168,9.79354,1,1,0,0,0,0
1080,1,reference,1001,1280,720,1920,1080,11.4555,12.4035,9.81606,1,1,0,0,0,0
1080,1,reference,1002,1280,720,1920,1080,11.2486,12.2315,9.87443,1,1,0,0,0,0
1080,1,reference,1003,1280,720,1920,1080,11.4995,12.6001,9.86317,1,1,0,0,0,0
1080,1,reference,1004,1280,720,1920,1080,11.2855,12.2902,9.66963,1,1,0,0,0,0
1080,1,reference,1005,1280,720,1920,1080,9.74746,10.8233,8.37734,1,1,0,0,0,0
1080,1,reference,1006,1280,720,1920,1080,11.2845,12.1804,9.9113,1,1,0,0,0,0
1080,1,reference,1007,1280,720,1920,1080,12.6351,13.7824,11.2404,1,1,0,0,0,0
1080,1,reference,1008,1280,720,1920,1080,11.4739,12.4031,9.83654,1,1,0,0,0,0
1080,1,reference,1009,1280,720,1920,1080,11.3029,12.3476,9.66554,1,1,0,0,0,0
1080,1,reference,1010,1280,720,1920,1080,11.1811,12.3972,9.80582,1,1,0,0,0,0
1080,1,reference,1011,1280,720,1920,1080,11.2712,12.424,9.61126,1,1,0,0,0,0
1080,1,reference,1012,1280,720,1920,1080,11.2701,12.7081,9.89491,1,1,0,0,0,0
1080,1,reference,1013,1280,720,1920,1080,11.2691,12.5333,9.61946,1,1,0,0,0,0
1080,1,reference,1014,1280,720,1920,1080,11.3674,12.3942,9.70547,1,1,0,0,0,0
1080,1,reference,1015,1280,720,1920,1080,11.0531,12.1975,8.39066,1,1,0,0,0,0
1080,1,reference,1016,1280,720,1920,1080,11.177,12.1399,9.8007,1,1,0,0,0,0
1080,1,reference,1017,1280,720,1920,1080,11.2527,12.2265,9.8775,1,1,0,0,0,0
1080,1,reference,1018,1280,720,1920,1080,10.966,12.1926,9.59283,1,1,0,0,0,0
1080,1,reference,1019,1280,720,1920,1080,11.2855,12.2778,9.9113,1,1,0,0,0,0
1080,1,reference,1020,1280,720,1920,1080,11.3295,12.3644,9.95123,1,1,0,0,0,0
1080,1,reference,1021,1280,720,1920,1080,11.2712,12.1968,9.88979,1,1,0,0,0,0
1080,1,reference,1022,1280,720,1920,1080,10.9732,12.2135,9.6,1,1,0,0,0,0
1080,1,reference,1023,1280,720,1920,1080,11.1401,12.2713,9.75565,1,1,0,0,0,0
1080,1,reference,1024,1280,720,1920,1080,11.2527,12.3088,9.87955,1,1,0,0,0,0
1080,1,reference,1025,1280,720,1920,1080,11.2261,12.2473,9.8519,1,1,0,0,0,0
1080,1,reference,1026,1280,720,1920,1080,11.306,12.2638,9.9328,1,1,0,0,0,0
1080,1,reference,1027,1280,720,1920,1080,11.4002,12.3671,10.025,1,1,0,0,0,0
1080,1,reference,1028,1280,720,1920,1080,11.4043,12.3617,10.0291,1,1,0,0,0,0
1080,1,reference,1029,1280,720,1920,1080,11.3009,12.3229,9.92666,1,1,0,0,0,0
1080,1,reference,1030,1280,720,1920,1080,11.5251,12.4877,9.8857,1,1,0,0,0,0
1080,1,reference,1031,1280,720,1920,1080,11.2568,12.2084,9.87955,1,1,0,0,0,0
1080,1,reference,1032,1280,720,1920,1080,11.4463,12.3949,9.81914,1,1,0,0,0,0
1080,1,reference,1033,1280,720,1920,1080,11.4401,12.3907,9.81402,1,1,0,0,0,0
1080,1,reference,1034,1280,720,1920,1080,11.4668,12.503,9.83552,1,1,0,0,0,0
1080,1,reference,1035,1280,720,1920,1080,11.4616,12.4309,9.8345,1,1,0,0,0,0
1080,1,reference,1036,1280,720,1920,1080,11.5005,12.6561,9.87443,1,1,0,0,0,0
1080,1,reference,1037,1280,720,1920,1080,11.4217,12.4422,9.79456,1,1,0,0,0,0
1080,1,reference,1038,1280,720,1920,1080,11.563,12.5177,9.91642,1,1,0,0,0,0
1080,1,reference,1039,1280,720,1920,1080,11.2353,12.2845,9.8601,1,1,0,0,0,0
1080,1,reference,1040,1280,720,1920,1080,11.4985,12.4897,9.85088,1,1,0,0,0,0
1080,1,reference,1041,1280,720,1920,1080,11.4524,12.4322,9.8263,1,1,0,0,0,0
1080,1,reference,1042,1280,720,1920,1080,11.2865,12.465,9.65837,1,1,0,0,0,0
1080,1,reference,1043,1280,720,1920,1080,11.5313,12.5277,9.9072,1,1,0,0,0,0
1080,1,reference,1044,1280,720,1920,1080,11.4145,12.3661,9.78022,1,1,0,0,0,0
1080,1,reference,1045,1280,720,1920,1080,11.2681,12.2469,9.63277,1,1,0,0,0,0
1080,1,reference,1046,1280,720,1920,1080,11.2712,12.2981,9.63482,1,1,0,0,0,0
1080,1,reference,1047,1280,720,1920,1080,11.1995,12.6465,9.82323,1,1,0,0,0,0
1080,1,reference,1048,1280,720,1920,1080,11.4289,12.4809,9.8007,1,1,0,0,0,0
1080,1,reference,1049,1280,720,1920,1080,11.3132,12.2282,9.66861,1,1,0,0,0,0
1080,1,reference,1050,1280,720,1920,1080,11.2845,12.5215,9.90925,1,1,0,0,0,0
1080,1,reference,1051,1280,720,1920,1080,11.1995,12.5263,9.82221,1,1,0,0,0,0
1080,1,reference,1052,1280,720,1920,1080,11.3091,12.3651,9.67475,1,1,0,0,0,0
1080,1,reference,1053,1280,720,1920,1080,11.3971,12.4405,9.74746,1,1,0,0,0,0
1080,1,reference,1054,1280,720,1920,1080,11.2916,12.6688,9.91744,1,1,0,0,0,0
1080,1,reference,1055,1280,720,1920,1080,11.2988,12.7227,9.64096,1,1,0,0,0,0
1080,1,reference,1056,1280,720,1920,1080,11.4637,12.5766,9.82323,1,1,0,0,0,0
1080,1,reference,1057,1280,720,1920,1080,11.5466,12.5674,9.89901,1,1,0,0,0,0
1080,1,reference,1058,1280,720,1920,1080,11.3531,12.3768,9.68499,1,1,0,0,0,0
1080,1,reference,1059,1280,720,1920,1080,11.2497,12.2715,9.60614,1,1,0,0,0,0
1080,1,reference,1060,1280,720,1920,1080,11.2804,12.2745,9.63277,1,1,0,0,0,0
1080,1,reference,1061,1280,720,1920,1080,11.2108,12.6131,9.83552,1,1,0,0,0,0
1080,1,reference,1062,1280,720,1920,1080,11.3193,12.4226,9.66451,1,1,0,0,0,0
1080,1,reference,1063,1280,720,1920,1080,11.6009,12.7452,9.95942,1,1,0,0,0,0
1080,1,reference,1064,1280,720,1920,1080,11.2927,12.3675,9.64096,1,1,0,0,0,0
1080,1,reference,1065,1280,720,1920,1080,11.2712,12.2563,9.63277,1,1,0,0,0,0
1080,1,reference,1066,1280,720,1920,1080,11.393,12.4064,9.73414,1,1,0,0,0,0
1080,1,reference,1067,1280,720,1920,1080,11.1749,12.5756,9.79968,1,1,0,0,0,0
1080,1,reference,1068,1280,720,1920,1080,11.2763,12.4436,9.63482,1,1,0,0,0,0
1080,1,reference,1069,1280,720,1920,1080,11.3654,12.3318,9.72186,1,1,0,0,0,0
1080,1,reference,1070,1280,720,1920,1080,11.4033,12.9646,10.0301,1,1,0,0,0,0
1080,1,reference,1071,1280,720,1920,1080,11.5057,12.7091,9.85805,1,1,0,0,0,0
1080,1,reference,1072,1280,720,1920,1080,11.4575,12.4796,9.82221,1,1,0,0,0,0
1080,1,reference,1073,1280,720,1920,1080,11.5046,12.5081,9.8519,1,1,0,0,0,0
1080,1,reference,1074,1280,720,1920,1080,11.4422,12.4407,9.79866,1,1,0,0,0,0
1080,1,reference,1075,1280,720,1920,1080,11.4688,12.5208,9.83142,1,1,0,0,0,0
1080,1,reference,1076,1280,720,1920,1080,11.4801,12.5679,9.84474,1,1,0,0,0,0
1080,1,reference,1077,1280,720,1920,1080,11.4493,12.4286,9.8089,1,1,0,0,0,0
1080,1,reference,1078,1280,720,1920,1080,11.4739,12.6422,9.83142,1,1,0,0,0,0
1080,1,reference,1079,1280,720,1920,1080,11.3531,12.5575,9.97888,1,1,0,0,0,0
1080,1,reference,1080,1280,720,1920,1080,11.3019,12.4901,9.92358,1,1,0,0,0,0
1080,1,reference,1081,1280,720,1920,1080,11.2456,12.2486,9.86829,1,1,0,0,0,0
1080,1,reference,1082,1280,720,1920,1080,11.2855,12.49,9.90925,1,1,0,0,0,0
1080,1,reference,1083,1280,720,1920,1080,11.5139,12.6502,9.87443,1,1,0,0,0,0
1080,1,reference,1084,1280,720,1920,1080,11.4719,12.5778,9.83142,1,1,0,0,0,0
1080,1,reference,1085,1280,720,1920,1080,11.3039,12.4489,9.92461,1,1,0,0,0,0
1080,1,reference,1086,1280,720,1920,1080,11.263,12.278,9.8857,1,1,0,0,0,0
1080,1,reference,1087,1280,720,1920,1080,11.3316,12.3727,9.95533,1,1,0,0,0,0
1080,1,reference,1088,1280,720,1920,1080,11.2998,12.3643,9.92154,1,1,0,0,0,0
1080,1,reference,1089,1280,720,1920,1080,11.5026,12.5039,9.85498,1,1,0,0,0,0
1080,1,reference,1090,1280,720,1920,1080,11.4903,12.4639,9.84576,1,1,0,0,0,0
1080,1,reference,1091,1280,720,1920,1080,11.305,12.4448,9.92768,1,1,0,0,0,0
1080,1,reference,1092,1280,720,1920,1080,11.5077,12.5485,9.86112,1,1,0,0,0,0
1080,1,reference,1093,1280,720,1920,1080,11.4964,12.6556,9.85702,1,1,0,0,0,0
1080,1,reference,1094,1280,720,1920,1080,11.3121,12.3776,9.93382,1,1,0,0,0,0
1080,1,reference,1095,1280,720,1920,1080,11.306,12.2897,9.92461,1,1,0,0,0,0
1080,1,reference,1096,1280,720,1920,1080,11.5016,12.4737,9.84781,1,1,0,0,0,0
1080,1,reference,1097,1280,720,1920,1080,11.5466,12.543,9.87443,1,1,0,0,0,0
1080,1,reference,1098,1280,720,1920,1080,11.3531,12.4751,9.97683,1,1,0,0,0,0
1080,1,reference,1099,1280,720,1920,1080,11.4964,12.519,9.83245,1,1,0,0,0,0
1080,1,reference,1100,1280,720,1920,1080,11.4432,12.3981,9.78534,1,1,0,0,0,0
1080,1,reference,1101,1280,720,1920,1080,11.5098,12.5093,9.84678,1,1,0,0,0,0
1080,1,reference,1102,1280,720,1920,1080,11.4893,12.6193,9.83962,1,1,0,0,0,0
1080,1,reference,1103,1280,720,1920,1080,11.2579,12.3529,9.88058,1,1,0,0,0,0
1080,1,reference,1104,1280,720,1920,1080,11.3101,12.2865,9.9328,1,1,0,0,0,0
1080,1,reference,1105,1280,720,1920,1080,11.5251,12.5207,9.80378,1,1,0,0,0,0
1080,1,reference,1106,1280,720,1920,1080,11.5169,12.732,9.86214,1,1,0,0,0,0
1080,1,reference,1107,1280,720,1920,1080,11.4729,12.4917,9.81709,1,1,0,0,0,0
1080,1,reference,1108,1280,720,1920,1080,11.3408,12.3309,9.96454,1,1,0,0,0,0
1080,1,reference,1109,1280,720,1920,1080,11.2579,12.2272,9.87546,1,1,0,0,0,0
1080,1,reference,1110,1280,720,1920,1080,11.4647,12.5485,9.82221,1,1,0,0,0,0
1080,1,reference,1111,1280,720,1920,1080,11.5046,12.6584,9.86829,1,1,0,0,0,0
1080,1,reference,1112,1280,720,1920,1080,11.4616,12.4705,9.82118,1,1,0,0,0,0
1080,1,reference,1113,1280,720,1920,1080,11.4821,12.5319,9.83859,1,1,0,0,0,0
1080,1,reference,1114,1280,720,1920,1080,11.4289,12.391,9.78227,1,1,0,0,0,0
1080,1,reference,1115,1280,720,1920,1080,11.5036,12.5691,9.86522,1,1,0,0,0,0
1080,1,reference,1116,1280,720,1920,1080,11.4565,12.4106,9.81504,1,1,0,0,0,0
1080,1,reference,1117,1280,720,1920,1080,11.2026,12.2717,9.82835,1,1,0,0,0,0
1080,1,reference,1118,1280,720,1920,1080,11.0152,12.063,9.63584,1,1,0,0,0,0
1080,1,reference,1119,1280,720,1920,1080,11.1104,12.1731,8.42547,1,1,0,0,0,0
1080,1,reference,1120,1280,720,1920,1080,11.0254,11.9982,9.6471,1,1,0,0,0,0
1080,1,reference,1121,1280,720,1920,1080,11.0305,12.1793,9.65222,1,1,0,0,0,0
1080,1,reference,1122,1280,720,1920,1080,11.3879,12.3545,9.74746,1,1,0,0,0,0
1080,1,reference,1123,1280,720,1920,1080,11.1718,12.3339,9.79149,1,1,0,0,0,0
1080,1,reference,1124,1280,720,1920,1080,9.88877,10.9222,8.51251,1,1,0,0,0,0
1080,1,reference,1125,1280,720,1920,1080,12.9393,13.9795,11.5456,1,1,0,0,0,0
1080,1,reference,1126,1280,720,1920,1080,11.4606,12.4481,10.0833,1,1,0,0,0,0
1080,1,reference,1127,1280,720,1920,1080,11.1104,12.2328,9.7239,1,1,0,0,0,0
1080,1,reference,1128,1280,720,1920,1080,11.2312,12.3874,9.85293,1,1,0,0,0,0
1080,1,reference,1129,1280,720,1920,1080,11.2609,12.2561,9.88467,1,1,0,0,0,0
1080,1,reference,1130,1280,720,1920,1080,11.3285,12.2938,9.95123,1,1,0,0,0,0
1080,1,reference,1131,1280,720,1920,1080,11.3142,12.2271,9.69318,1,1,0,0,0,0
1080,1,reference,1132,1280,720,1920,1080,11.436,12.3548,10.0577,1,1,0,0,0,0
1080,1,reference,1133,1280,720,1920,1080,11.2845,12.2236,9.9072,1,1,0,0,0,0
1080,1,reference,1134,1280,720,1920,1080,11.4412,12.4097,10.0618,1,1,0,0,0,0
1080,1,reference,1135,1280,720,1920,1080,11.4586,12.4242,10.0823,1,1,0,0,0,0
1080,1,reference,1136,1280,720,1920,1080,11.4432,12.4185,10.0639,1,1,0,0,0,0
1080,1,reference,1137,1280,720,1920,1080,11.4493,12.4802,10.071,1,1,0,0,0,0
1080,1,reference,1138,1280,720,1920,1080,11.2763,12.186,9.89594,1,1,0,0,0,0
1080,1,reference,1139,1280,720,1920,1080,11.2957,12.2307,9.91949,1,1,0,0,0,0
1080,1,reference,1140,1280,720,1920,1080,11.2599,12.257,9.8816,1,1,0,0,0,0
1080,1,reference,1141,1280,720,1920,1080,11.4647,12.4632,9.81914,1,1,0,0,0,0
1080,1,reference,1142,1280,720,1920,1080,11.4975,12.4644,9.856,1,1,0,0,0,0
1080,1,reference,1143,1280,720,1920,1080,11.4657,12.545,9.8345,1,1,0,0,0,0
1080,1,reference,1144,1280,720,1920,1080,11.3275,12.4375,9.94816,1,1,0,0,0,0
1080,1,reference,1145,1280,720,1920,1080,11.3142,12.2985,9.67475,1,1,0,0,0,0
1080,1,reference,1146,1280,720,1920,1080,11.2947,12.619,9.91539,1,1,0,0,0,0
1080,1,reference,1147,1280,720,1920,1080,9.96454,11.0719,8.58624,1,1,0,0,0,0
1080,1,reference,1148,1280,720,1920,1080,11.3521,12.2522,9.97581,1,1,0,0,0,0
1080,1,reference,1149,1280,720,1920,1080,11.2773,12.2896,9.89798,1,1,0,0,0,0
1080,1,reference,1150,1280,720,1920,1080,11.0428,12.1146,9.66349,1,1,0,0,0,0
1080,1,reference,1151,1280,720,1920,1080,11.4545,12.4397,10.0782,1,1,0,0,0,0
1080,1,reference,1152,1280,720,1920,1080,11.2855,12.5826,9.90925,1,1,0,0,0,0
1080,1,reference,1153,1280,720,1920,1080,11.3091,12.2697,9.93075,1,1,0,0,0,0
1080,1,reference,1154,1280,720,1920,1080,9.86624,10.7722,8.48998,1,1,0,0,0,0
1080,1,reference,1155,1280,720,1920,1080,9.40749,10.2676,8.03123,1,1,0,0,0,0
1080,1,reference,1156,1280,720,1920,1080,11.2026,12.0339,9.82426,1,1,0,0,0,0
1080,1,reference,1157,1280,720,1920,1080,11.6716,12.5849,10.2922,1,1,0,0,0,0
1080,1,reference,1158,1280,720,1920,1080,13.1267,14.2186,11.7463,1,1,0,0,0,0
1080,1,reference,1159,1280,720,1920,1080,11.3797,12.4193,10.0045,1,1,0,0,0,0
1080,1,reference,1160,1280,720,1920,1080,11.2015,12.3757,9.82016,1,1,0,0,0,0
1080,1,reference,1161,1280,720,1920,1080,11.3951,12.3338,9.7495,1,1,0,0,0,0
1080,1,reference,1162,1280,720,1920,1080,11.5343,12.4633,9.89696,1,1,0,0,0,0
1080,1,reference,1163,1280,720,1920,1080,11.2906,12.6613,9.91334,1,1,0,0,0,0
1080,1,reference,1164,1280,720,1920,1080,11.2077,12.343,9.67373,1,1,0,0,0,0
1080,1,reference,1165,1280,720,1920,1080,11.351,12.3252,9.97376,1,1,0,0,0,0
1080,1,reference,1166,1280,720,1920,1080,11.2353,12.4662,9.85702,1,1,0,0,0,0
1080,1,reference,1167,1280,720,1920,1080,10.0792,11.1384,8.704,1,1,0,0,0,0
1080,1,reference,1168,1280,720,1920,1080,10.4387,13.1552,9.02861,1,1,0,0,0,0
1080,1,reference,1169,1280,720,1920,1080,11.3992,12.3237,9.72493,1,1,0,0,0,0
1080,1,reference,1170,1280,720,1920,1080,11.179,12.2563,9.8048,1,1,0,0,0,0
1080,1,reference,1171,1280,720,1920,1080,11.2804,12.1849,9.90515,1,1,0,0,0,0
1080,1,reference,1172,1280,720,1920,1080,11.049,12.1932,9.67168,1,1,0,0,0,0
1080,1,reference,1173,1280,720,1920,1080,11.1831,12.1546,9.64506,1,1,0,0,0,0
1080,1,reference,1174,1280,720,1920,1080,11.2681,12.1521,9.89184,1,1,0,0,0,0
1080,1,reference,1175,1280,720,1920,1080,11.2732,12.1975,9.89696,1,1,0,0,0,0
1080,1,reference,1176,1280,720,1920,1080,11.3285,12.5018,9.95226,1,1,0,0,0,0
1080,1,reference,1177,1280,720,1920,1080,9.74746,10.7636,8.37427,1,1,0,0,0,0
1080,1,reference,1178,1280,720,1920,1080,11.3172,12.4058,9.94099,1,1,0,0,0,0
1080,1,reference,1179,1280,720,1920,1080,12.3402,13.3371,10.9629,1,1,0,0,0,0
1080,1,reference,1180,1280,720,1920,1080,9.72698,10.6075,8.35584,1,1,0,0,0,0
1080,1,reference,1181,1280,720,1920,1080,12.7795,13.8098,10.1007,1,1,0,0,0,0
1080,1,reference,1182,1280,720,1920,1080,9.77306,10.758,8.39885,1,1,0,0,0,0
1080,1,reference,1183,1280,720,1920,1080,10.5452,13.3705,9.15354,1,1,0,0,0,0
1080,1,reference,1184,1280,720,1920,1080,11.5026,12.5599,10.1263,1,1,0,0,0,0
1080,1,reference,1185,1280,720,1920,1080,11.2773,12.3214,9.90413,1,1,0,0,0,0
1080,1,reference,1186,1280,720,1920,1080,11.0326,12.1641,9.6553,1,1,0,0,0,0
1080,1,reference,1187,1280,720,1920,1080,11.3633,12.3276,9.98912,1,1,0,0,0,0
1080,1,reference,1188,1280,720,1920,1080,11.2763,12.3469,9.90106,1,1,0,0,0,0
1080,1,reference,1189,1280,720,1920,1080,11.2497,12.1859,9.87648,1,1,0,0,0,0
1080,1,reference,1190,1280,720,1920,1080,11.3152,12.4995,9.68704,1,1,0,0,0,0
1080,1,reference,1191,1280,720,1920,1080,11.3316,12.2239,9.95635,1,1,0,0,0,0
1080,1,reference,1192,1280,720,1920,1080,11.2783,12.3071,9.90515,1,1,0,0,0,0
1080,1,reference,1193,1280,720,1920,1080,11.3306,12.2692,9.95226,1,1,0,0,0,0
1080,1,reference,1194,1280,720,1920,1080,11.349,12.4125,9.97581,1,1,0,0,0,0
1080,1,reference,1195,1280,720,1920,1080,11.3828,12.5245,10.0096,1,1,0,0,0,0
1080,1,reference,1196,1280,720,1920,1080,11.4166,12.3751,10.0413,1,1,0,0,0,0
1080,1,reference,1197,1280,720,1920,1080,11.2753,12.2354,9.90106,1,1,0,0,0,0
1080,1,reference,1198,1280,720,1920,1080,11.4504,12.4285,9.8089,1,1,0,0,0,0
1080,1,reference,1199,1280,720,1920,1080,11.2886,13.0917,9.90925,1,1,0,0,0,0
1080,1,candidate,300,1280,720,1920,1080,11.479,12.4244,9.82938,1,1,0,0,0,0
1080,1,candidate,301,1280,720,1920,1080,11.4575,12.4235,9.81197,1,1,0,0,0,0
1080,1,candidate,302,1280,720,1920,1080,11.4842,12.4778,9.84064,1,1,0,0,0,0
1080,1,candidate,303,1280,720,1920,1080,11.3756,12.4544,9.72288,1,1,0,0,0,0
1080,1,candidate,304,1280,720,1920,1080,11.4995,12.5818,9.856,1,1,0,0,0,0
1080,1,candidate,305,1280,720,1920,1080,11.4627,12.674,9.81197,1,1,0,0,0,0
1080,1,candidate,306,1280,720,1920,1080,11.4739,12.4811,9.82221,1,1,0,0,0,0
1080,1,candidate,307,1280,720,1920,1080,11.4678,12.4205,9.8345,1,1,0,0,0,0
1080,1,candidate,308,1280,720,1920,1080,11.5231,12.5286,9.86419,1,1,0,0,0,0
1080,1,candidate,309,1280,720,1920,1080,11.4586,12.5219,9.82323,1,1,0,0,0,0
1080,1,candidate,310,1280,720,1920,1080,11.3162,12.3865,9.94202,1,1,0,0,0,0
1080,1,candidate,311,1280,720,1920,1080,11.3756,12.4411,9.7321,1,1,0,0,0,0
1080,1,candidate,312,1280,720,1920,1080,11.4596,12.4396,9.82118,1,1,0,0,0,0
1080,1,candidate,313,1280,720,1920,1080,11.5036,12.7928,9.8601,1,1,0,0,0,0
1080,1,candidate,314,1280,720,1920,1080,11.3275,12.3659,9.95226,1,1,0,0,0,0
1080,1,candidate,315,1280,720,1920,1080,11.4483,12.4851,9.8048,1,1,0,0,0,0
1080,1,candidate,316,1280,720,1920,1080,11.3449,12.6155,9.69114,1,1,0,0,0,0
1080,1,candidate,317,1280,720,1920,1080,11.4903,12.5172,9.83654,1,1,0,0,0,0
1080,1,candidate,318,1280,720,1920,1080,11.5302,12.5054,9.88774,1,1,0,0,0,0
1080,1,candidate,319,1280,720,1920,1080,11.5026,12.5724,9.84474,1,1,0,0,0,0
1080,1,candidate,320,1280,720,1920,1080,11.5292,12.5348,9.88979,1,1,0,0,0,0
1080,1,candidate,321,1280,720,1920,1080,11.2998,12.2786,9.92358,1,1,0,0,0,0
1080,1,candidate,322,1280,720,1920,1080,11.2968,12.2855,9.92256,1,1,0,0,0,0
1080,1,candidate,323,1280,720,1920,1080,11.2916,12.265,9.91642,1,1,0,0,0,0
1080,1,candidate,324,1280,720,1920,1080,11.4852,12.4535,9.83859,1,1,0,0,0,0
1080,1,candidate,325,1280,720,1920,1080,11.4647,12.6642,9.82835,1,1,0,0,0,0
1080,1,candidate,326,1280,720,1920,1080,11.2742,12.2941,9.89798,1,1,0,0,0,0
1080,1,candidate,327,1280,720,1920,1080,11.518,12.5909,9.87648,1,1,0,0,0,0
1080,1,candidate,328,1280,720,1920,1080,11.4688,12.5132,9.83347,1,1,0,0,0,0
1080,1,candidate,329,1280,720,1920,1080,11.4811,12.4763,9.83245,1,1,0,0,0,0
1080,1,candidate,330,1280,720,1920,1080,11.4493,12.534,9.81402,1,1,0,0,0,0
1080,1,candidate,331,1280,720,1920,1080,11.305,12.2957,9.92973,1,1,0,0,0,0
1080,1,candidate,332,1280,720,1920,1080,11.5302,12.6276,9.89184,1,1,0,0,0,0
1080,1,candidate,333,1280,720,1920,1080,11.476,12.4521,9.83757,1,1,0,0,0,0
1080,1,candidate,334,1280,720,1920,1080,11.4944,12.4806,9.856,1,1,0,0,0,0
1080,1,candidate,335,1280,720,1920,1080,12.0689,13.0669,10.2973,1,1,0,0,0,0
1080,1,candidate,336,1280,720,1920,1080,11.4412,13.097,10.0628,1,1,0,0,0,0
1080,1,candidate,337,1280,720,1920,1080,11.2097,12.2724,9.83347,1,1,0,0,0,0
1080,1,candidate,338,1280,720,1920,1080,11.3326,12.2707,9.95738,1,1,0,0,0,0
1080,1,candidate,339,1280,720,1920,1080,11.476,12.433,10.1028,1,1,0,0,0,0
1080,1,candidate,340,1280,720,1920,1080,11.4749,12.5638,10.0997,1,1,0,0,0,0
1080,1,candidate,341,1280,720,1920,1080,11.4565,12.5125,10.0803,1,1,0,0,0,0
1080,1,candidate,342,1280,720,1920,1080,11.5487,12.6024,10.1724,1,1,0,0,0,0
1080,1,candidate,343,1280,720,1920,1080,11.4852,12.4685,10.111,1,1,0,0,0,0
1080,1,candidate,344,1280,720,1920,1080,11.3388,12.3086,9.9625,1,1,0,0,0,0
1080,1,candidate,345,1280,720,1920,1080,11.3756,12.3309,9.99834,1,1,0,0,0,0
1080,1,candidate,346,1280,720,1920,1080,11.4647,12.3842,10.0874,1,1,0,0,0,0
1080,1,candidate,347,1280,720,1920,1080,11.2783,12.2772,9.9031,1,1,0,0,0,0
1080,1,candidate,348,1280,720,1920,1080,11.3705,12.4142,9.99117,1,1,0,0,0,0
1080,1,candidate,349,1280,720,1920,1080,11.3275,12.2671,9.95021,1,1,0,0,0,0
1080,1,candidate,350,1280,720,1920,1080,11.477,12.6396,9.83654,1,1,0,0,0,0
1080,1,candidate,351,1280,720,1920,1080,11.3132,12.4233,9.9369,1,1,0,0,0,0
1080,1,candidate,352,1280,720,1920,1080,11.3367,12.2998,9.96045,1,1,0,0,0,0
1080,1,candidate,353,1280,720,1920,1080,11.5139,12.6922,9.85293,1,1,0,0,0,0
1080,1,candidate,354,1280,720,1920,1080,11.3357,12.3431,9.96045,1,1,0,0,0,0
1080,1,candidate,355,1280,720,1920,1080,11.3377,12.3136,9.9625,1,1,0,0,0,0
1080,1,candidate,356,1280,720,1920,1080,11.5077,12.5032,9.83962,1,1,0,0,0,0
1080,1,candidate,357,1280,720,1920,1080,11.5149,12.5857,9.86726,1,1,0,0,0,0
1080,1,candidate,358,1280,720,1920,1080,11.4125,12.4439,9.8519,1,1,0,0,0,0
1080,1,candidate,359,1280,720,1920,1080,11.2507,12.1928,9.87546,1,1,0,0,0,0
1080,1,candidate,360,1280,720,1920,1080,9.73312,10.725,8.36301,1,1,0,0,0,0
1080,1,candidate,361,1280,720,1920,1080,11.5251,13.75,10.1499,1,1,0,0,0,0
1080,1,candidate,362,1280,720,1920,1080,11.3193,12.3424,9.94509,1,1,0,0,0,0
1080,1,candidate,363,1280,720,1920,1080,11.3777,12.2826,9.73107,1,1,0,0,0,0
1080,1,candidate,364,1280,720,1920,1080,11.2507,12.4806,9.87546,1,1,0,0,0,0
1080,1,candidate,365,1280,720,1920,1080,11.5261,12.4503,9.87136,1,1,0,0,0,0
1080,1,candidate,366,1280,720,1920,1080,11.3224,12.4216,9.94509,1,1,0,0,0,0
1080,1,candidate,367,1280,720,1920,1080,11.1626,12.3086,9.79046,1,1,0,0,0,0
1080,1,candidate,368,1280,720,1920,1080,11.5743,12.6143,9.94611,1,1,0,0,0,0
1080,1,candidate,369,1280,720,1920,1080,11.3121,12.3653,9.67782,1,1,0,0,0,0
1080,1,candidate,370,1280,720,1920,1080,11.3039,12.3943,9.66554,1,1,0,0,0,0
1080,1,candidate,371,1280,720,1920,1080,11.2906,12.3422,9.6553,1,1,0,0,0,0
1080,1,candidate,372,1280,720,1920,1080,11.1636,12.2335,9.63174,1,1,0,0,0,0
1080,1,candidate,373,1280,720,1920,1080,11.2691,12.2597,9.89491,1,1,0,0,0,0
1080,1,candidate,374,1280,720,1920,1080,11.1657,12.3017,8.51456,1,1,0,0,0,0
1080,1,candidate,375,1280,720,1920,1080,11.1268,12.4761,9.75155,1,1,0,0,0,0
1080,1,candidate,376,1280,720,1920,1080,11.0223,12.0471,9.64813,1,1,0,0,0,0
1080,1,candidate,377,1280,720,1920,1080,11.349,12.2218,9.97581,1,1,0,0,0,0
1080,1,candidate,378,1280,720,1920,1080,11.1104,12.2288,9.73824,1,1,0,0,0,0
1080,1,candidate,379,1280,720,1920,1080,11.5681,12.4969,10.1929,1,1,0,0,0,0
1080,1,candidate,380,1280,720,1920,1080,11.2691,12.2657,9.89594,1,1,0,0,0,0
1080,1,candidate,381,1280,720,1920,1080,11.266,12.2837,9.89286,1,1,0,0,0,0
1080,1,candidate,382,1280,720,1920,1080,11.2261,12.1959,9.84883,1,1,0,0,0,0
1080,1,candidate,383,1280,720,1920,1080,11.1729,12.1537,9.8007,1,1,0,0,0,0
1080,1,candidate,384,1280,720,1920,1080,11.2753,12.3261,9.90106,1,1,0,0,0,0
1080,1,candidate,385,1280,720,1920,1080,11.2538,12.2493,9.8816,1,1,0,0,0,0
1080,1,candidate,386,1280,720,1920,1080,11.4985,12.4391,9.85498,1,1,0,0,0,0
1080,1,candidate,387,1280,720,1920,1080,11.4401,12.3947,9.78637,1,1,0,0,0,0
1080,1,candidate,388,1280,720,1920,1080,11.5272,12.5002,9.87443,1,1,0,0,0,0
1080,1,candidate,389,1280,720,1920,1080,11.4565,12.4973,9.81606,1,1,0,0,0,0
1080,1,candidate,390,1280,720,1920,1080,11.477,12.5238,9.84064,1,1,0,0,0,0
1080,1,candidate,391,1280,720,1920,1080,11.4739,12.497,9.83654,1,1,0,0,0,0
1080,1,candidate,392,1280,720,1920,1080,11.2763,12.2285,9.63072,1,1,0,0,0,0
1080,1,candidate,393,1280,720,1920,1080,11.5149,12.7163,9.85395,1,1,0,0,0,0
1080,1,candidate,394,1280,720,1920,1080,11.2927,12.4391,9.91539,1,1,0,0,0,0
1080,1,candidate,395,1280,720,1920,1080,11.349,12.469,9.70854,1,1,0,0,0,0
1080,1,candidate,396,1280,720,1920,1080,11.478,12.4498,9.83962,1,1,0,0,0,0
1080,1,candidate,397,1280,720,1920,1080,11.5732,12.7623,9.92973,1,1,0,0,0,0
1080,1,candidate,398,1280,720,1920,1080,11.5507,12.5204,10.1734,1,1,0,0,0,0
1080,1,candidate,399,1280,720,1920,1080,11.2476,12.2422,9.87238,1,1,0,0,0,0
1080,1,candidate,400,1280,720,1920,1080,11.477,12.6026,9.84166,1,1,0,0,0,0
1080,1,candidate,401,1280,720,1920,1080,11.2865,12.3173,9.9113,1,1,0,0,0,0
1080,1,candidate,402,1280,720,1920,1080,11.2691,12.3231,9.89184,1,1,0,0,0,0
1080,1,candidate,403,1280,720,1920,1080,11.2865,12.3017,9.65018,1,1,0,0,0,0
1080,1,candidate,404,1280,720,1920,1080,11.3469,12.3157,9.70138,1,1,0,0,0,0
1080,1,candidate,405,1280,720,1920,1080,11.2835,12.1944,9.63994,1,1,0,0,0,0
1080,1,candidate,406,1280,720,1920,1080,11.2998,12.2556,9.65222,1,1,0,0,0,0
1080,1,candidate,407,1280,720,1920,1080,11.3357,12.4267,9.69933,1,1,0,0,0,0
1080,1,candidate,408,1280,720,1920,1080,11.2568,12.5472,9.88262,1,1,0,0,0,0
1080,1,candidate,409,1280,720,1920,1080,11.4115,12.3478,9.78125,1,1,0,0,0,0
1080,1,candidate,410,1280,720,1920,1080,11.2148,12.6872,9.84064,1,1,0,0,0,0
1080,1,candidate,411,1280,720,1920,1080,10.9578,11.9613,9.58464,1,1,0,0,0,0
1080,1,candidate,412,1280,720,1920,1080,11.2957,12.287,9.92154,1,1,0,0,0,0
1080,1,candidate,413,1280,720,1920,1080,10.1345,11.1847,8.75725,1,1,0,0,0,0
1080,1,candidate,414,1280,720,1920,1080,11.222,12.1058,9.84678,1,1,0,0,0,0
1080,1,candidate,415,1280,720,1920,1080,11.3224,12.3701,9.94714,1,1,0,0,0,0
1080,1,candidate,416,1280,720,1920,1080,11.4627,12.4264,10.0884,1,1,0,0,0,0
1080,1,candidate,417,1280,720,1920,1080,11.3162,12.3046,9.93997,1,1,0,0,0,0
1080,1,candidate,418,1280,720,1920,1080,11.4811,12.5426,10.1089,1,1,0,0,0,0
1080,1,candidate,419,1280,720,1920,1080,11.4811,12.4881,10.11,1,1,0,0,0,0
1080,1,candidate,420,1280,720,1920,1080,11.1677,12.2557,9.74131,1,1,0,0,0,0
1080,1,candidate,421,1280,720,1920,1080,11.3121,12.2908,9.74848,1,1,0,0,0,0
1080,1,candidate,422,1280,720,1920,1080,11.0807,12.2074,9.67578,1,1,0,0,0,0
1080,1,candidate,423,1280,720,1920,1080,10.8216,11.8306,9.44742,1,1,0,0,0,0
1080,1,candidate,424,1280,720,1920,1080,11.0684,12.1401,9.69728,1,1,0,0,0,0
1080,1,candidate,425,1280,720,1920,1080,11.1698,12.1854,9.63994,1,1,0,0,0,0
1080,1,candidate,426,1280,720,1920,1080,11.4442,12.4258,10.07,1,1,0,0,0,0
1080,1,candidate,427,1280,720,1920,1080,11.2548,12.4761,9.88365,1,1,0,0,0,0
1080,1,candidate,428,1280,720,1920,1080,11.2271,12.2841,9.85395,1,1,0,0,0,0
1080,1,candidate,429,1280,720,1920,1080,11.2906,12.538,9.91744,1,1,0,0,0,0
1080,1,candidate,430,1280,720,1920,1080,9.75462,10.6743,8.38246,1,1,0,0,0,0
1080,1,candidate,431,1280,720,1920,1080,12.2788,13.3672,9.62458,1,1,0,0,0,0
1080,1,candidate,432,1280,720,1920,1080,9.93382,10.9451,8.56371,1,1,0,0,0,0
1080,1,candidate,433,1280,720,1920,1080,9.41261,10.3573,8.04147,1,1,0,0,0,0
1080,1,candidate,434,1280,720,1920,1080,9.47302,10.4816,8.10291,1,1,0,0,0,0
1080,1,candidate,435,1280,720,1920,1080,11.1114,12.0363,9.74029,1,1,0,0,0,0
1080,1,candidate,436,1280,720,1920,1080,11.4084,12.4137,9.77306,1,1,0,0,0,0
1080,1,candidate,437,1280,720,1920,1080,11.4852,12.3895,9.85088,1,1,0,0,0,0
1080,1,candidate,438,1280,720,1920,1080,11.4401,12.4121,9.80378,1,1,0,0,0,0
1080,1,candidate,439,1280,720,1920,1080,11.2804,12.2148,9.64813,1,1,0,0,0,0
1080,1,candidate,440,1280,720,1920,1080,11.2998,12.3123,9.64301,1,1,0,0,0,0
1080,1,candidate,441,1280,720,1920,1080,11.2681,12.5577,9.89184,1,1,0,0,0,0
1080,1,candidate,442,1280,720,1920,1080,11.3838,12.4992,10.0116,1,1,0,0,0,0
1080,1,candidate,443,1280,720,1920,1080,11.0612,12.1264,9.64506,1,1,0,0,0,0
1080,1,candidate,444,1280,720,1920,1080,11.1892,12.3857,9.81402,1,1,0,0,0,0
1080,1,candidate,445,1280,720,1920,1080,11.2916,12.7417,9.91744,1,1,0,0,0,0
1080,1,candidate,446,1280,720,1920,1080,11.2773,12.5411,9.90515,1,1,0,0,0,0
1080,1,candidate,447,1280,720,1920,1080,11.3172,12.4493,9.68602,1,1,0,0,0,0
1080,1,candidate,448,1280,720,1920,1080,11.3111,12.3097,9.66554,1,1,0,0,0,0
1080,1,candidate,449,1280,720,1920,1080,11.3295,12.3515,9.68192,1,1,0,0,0,0
1080,1,candidate,450,1280,720,1920,1080,11.4616,12.4064,9.8089,1,1,0,0,0,0
1080,1,candidate,451,1280,720,1920,1080,11.1749,12.3847,9.80275,1,1,0,0,0,0
1080,1,candidate,452,1280,720,1920,1080,9.75565,10.9211,8.38144,1,1,0,0,0,0
1080,1,candidate,453,1280,720,1920,1080,9.35526,10.2043,7.98413,1,1,0,0,0,0
1080,1,candidate,454,1280,720,1920,1080,12.7887,13.7297,11.4125,1,1,0,0,0,0
1080,1,candidate,455,1280,720,1920,1080,11.4596,12.3334,10.0884,1,1,0,0,0,0
1080,1,candidate,456,1280,720,1920,1080,11.65,12.6647,10.0014,1,1,0,0,0,0
1080,1,candidate,457,1280,720,1920,1080,11.4483,12.4627,10.0721,1,1,0,0,0,0
1080,1,candidate,458,1280,720,1920,1080,11.2998,12.362,9.92461,1,1,0,0,0,0
1080,1,candidate,459,1280,720,1920,1080,11.3603,12.4406,9.94099,1,1,0,0,0,0
1080,1,candidate,460,1280,720,1920,1080,11.2753,12.262,9.90106,1,1,0,0,0,0
1080,1,candidate,461,1280,720,1920,1080,11.177,12.2026,9.80378,1,1,0,0,0,0
1080,1,candidate,462,1280,720,1920,1080,11.1636,12.1735,9.79046,1,1,0,0,0,0
1080,1,candidate,463,1280,720,1920,1080,9.71674,12.0416,8.34867,1,1,0,0,0,0
1080,1,candidate,464,1280,720,1920,1080,11.3633,12.482,9.99219,1,1,0,0,0,0
1080,1,candidate,465,1280,720,1920,1080,11.2773,12.2651,9.9031,1,1,0,0,0,0
1080,1,candidate,466,1280,720,1920,1080,11.3367,12.5635,9.96045,1,1,0,0,0,0
1080,1,candidate,467,1280,720,1920,1080,11.178,12.3255,9.80275,1,1,0,0,0,0
1080,1,candidate,468,1280,720,1920,1080,11.2968,12.2652,9.92358,1,1,0,0,0,0
1080,1,candidate,469,1280,720,1920,1080,11.3162,12.3253,9.93894,1,1,0,0,0,0
1080,1,candidate,470,1280,720,1920,1080,11.0387,12.0294,9.61434,1,1,0,0,0,0
1080,1,candidate,471,1280,720,1920,1080,11.4463,12.3484,10.0649,1,1,0,0,0,0
1080,1,candidate,472,1280,720,1920,1080,10.9701,12.0946,9.59795,1,1,0,0,0,0
1080,1,candidate,473,1280,720,1920,1080,11.479,12.4476,9.81811,1,1,0,0,0,0
1080,1,candidate,474,1280,720,1920,1080,11.05,12.2557,9.6768,1,1,0,0,0,0
1080,1,candidate,475,1280,720,1920,1080,11.3695,12.3375,9.73312,1,1,0,0,0,0
1080,1,candidate,476,1280,720,1920,1080,11.2916,12.262,9.66861,1,1,0,0,0,0
1080,1,candidate,477,1280,720,1920,1080,11.2916,12.2341,9.91642,1,1,0,0,0,0
1080,1,candidate,478,1280,720,1920,1080,11.4985,12.559,10.1253,1,1,0,0,0,0
1080,1,candidate,479,1280,720,1920,1080,11.4688,12.3941,10.0966,1,1,0,0,0,0
1080,1,candidate,480,1280,720,1920,1080,11.4924,12.6014,10.1151,1,1,0,0,0,0
1080,1,candidate,481,1280,720,1920,1080,11.4278,12.3697,10.0516,1,1,0,0,0,0
1080,1,candidate,482,1280,720,1920,1080,11.4555,12.4526,10.0823,1,1,0,0,0,0
1080,1,candidate,483,1280,720,1920,1080,9.9113,11.2344,8.54118,1,1,0,0,0,0
1080,1,candidate,484,1280,720,1920,1080,11.2548,12.1842,9.8816,1,1,0,0,0,0
1080,1,candidate,485,1280,720,1920,1080,11.2148,12.4384,9.84474,1,1,0,0,0,0
1080,1,candidate,486,1280,720,1920,1080,11.264,12.421,9.89286,1,1,0,0,0,0
1080,1,candidate,487,1280,720,1920,1080,11.3234,12.3363,9.94509,1,1,0,0,0,0
1080,1,candidate,488,1280,720,1920,1080,11.2599,12.2563,9.8857,1,1,0,0,0,0
1080,1,candidate,489,1280,720,1920,1080,11.307,12.2863,9.93382,1,1,0,0,0,0
1080,1,candidate,490,1280,720,1920,1080,11.434,12.4295,10.0608,1,1,0,0,0,0
1080,1,candidate,491,1280,720,1920,1080,11.3459,12.3931,9.71776,1,1,0,0,0,0
1080,1,candidate,492,1280,720,1920,1080,11.1391,12.304,9.76486,1,1,0,0,0,0
1080,1,candidate,493,1280,720,1920,1080,11.2753,12.2903,9.90003,1,1,0,0,0,0
1080,1,candidate,494,1280,720,1920,1080,11.2804,12.301,9.90618,1,1,0,0,0,0
1080,1,candidate,495,1280,720,1920,1080,11.0152,12.1415,9.64198,1,1,0,0,0,0
1080,1,candidate,496,1280,720,1920,1080,11.4237,12.434,10.0495,1,1,0,0,0,0
1080,1,candidate,497,1280,720,1920,1080,11.0193,12.1608,9.63584,1,1,0,0,0,0
1080,1,candidate,498,1280,720,1920,1080,11.3787,12.2964,10.0045,1,1,0,0,0,0
1080,1,candidate,499,1280,720,1920,1080,11.307,12.2865,9.93382,1,1,0,0,0,0
1080,1,candidate,500,1280,720,1920,1080,11.3603,12.3862,9.98502,1,1,0,0,0,0
1080,1,candidate,501,1280,720,1920,1080,11.6204,12.5668,9.984,1,1,0,0,0,0
1080,1,candidate,502,1280,720,1920,1080,11.4852,12.4027,10.111,1,1,0,0,0,0
1080,1,candidate,503,1280,720,1920,1080,11.477,12.4746,10.1038,1,1,0,0,0,0
1080,1,candidate,504,1280,720,1920,1080,11.4729,12.456,10.0966,1,1,0,0,0,0
1080,1,candidate,505,1280,720,1920,1080,11.5005,12.4435,10.1243,1,1,0,0,0,0
1080,1,candidate,506,1280,720,1920,1080,11.4893,12.5066,10.113,1,1,0,0,0,0
1080,1,candidate,507,1280,720,1920,1080,11.4493,12.3899,10.0741,1,1,0,0,0,0
1080,1,candidate,508,1280,720,1920,1080,11.3951,12.4836,10.0209,1,1,0,0,0,0
1080,1,candidate,509,1280,720,1920,1080,11.4729,12.4554,10.0966,1,1,0,0,0,0
1080,1,candidate,510,1280,720,1920,1080,11.4289,12.4618,10.0557,1,1,0,0,0,0
1080,1,candidate,511,1280,720,1920,1080,11.3336,12.2364,9.96045,1,1,0,0,0,0
1080,1,candidate,512,1280,720,1920,1080,11.2538,12.2613,9.88058,1,1,0,0,0,0
1080,1,candidate,513,1280,720,1920,1080,11.477,12.5418,9.8263,1,1,0,0,0,0
1080,1,candidate,514,1280,720,1920,1080,11.5313,12.7896,9.88877,1,1,0,0,0,0
1080,1,candidate,515,1280,720,1920,1080,11.3193,12.4373,9.94611,1,1,0,0,0,0
1080,1,candidate,516,1280,720,1920,1080,11.4207,12.7359,10.0454,1,1,0,0,0,0
1080,1,candidate,517,1280,720,1920,1080,11.5343,12.6832,10.1591,1,1,0,0,0,0
1080,1,candidate,518,1280,720,1920,1080,11.3766,12.4357,10.0045,1,1,0,0,0,0
1080,1,candidate,519,1280,720,1920,1080,11.3377,12.3716,9.96557,1,1,0,0,0,0
1080,1,candidate,520,1280,720,1920,1080,9.9543,10.9249,8.58214,1,1,0,0,0,0
1080,1,candidate,521,1280,720,1920,1080,12.6403,13.5938,11.2456,1,1,0,0,0,0
1080,1,candidate,522,1280,720,1920,1080,11.6695,12.5705,10.2902,1,1,0,0,0,0
1080,1,candidate,523,1280,720,1920,1080,11.2404,12.1957,9.6768,1,1,0,0,0,0
1080,1,candidate,524,1280,720,1920,1080,11.2312,12.2916,9.856,1,1,0,0,0,0
1080,1,candidate,525,1280,720,1920,1080,11.2681,12.1792,9.89491,1,1,0,0,0,0
1080,1,candidate,526,1280,720,1920,1080,11.2896,12.2652,9.63379,1,1,0,0,0,0
1080,1,candidate,527,1280,720,1920,1080,11.4596,12.4941,9.82221,1,1,0,0,0,0
1080,1,candidate,528,1280,720,1920,1080,11.4924,12.6166,9.85498,1,1,0,0,0,0
1080,1,candidate,529,1280,720,1920,1080,11.3265,12.4526,9.68909,1,1,0,0,0,0
1080,1,candidate,530,1280,720,1920,1080,11.478,12.4525,9.81504,1,1,0,0,0,0
1080,1,candidate,531,1280,720,1920,1080,11.3521,12.4746,9.70547,1,1,0,0,0,0
1080,1,candidate,532,1280,720,1920,1080,11.4452,12.4193,9.8007,1,1,0,0,0,0
1080,1,candidate,533,1280,720,1920,1080,11.2988,12.2128,9.65325,1,1,0,0,0,0
1080,1,candidate,534,1280,720,1920,1080,9.7577,10.6833,8.38758,1,1,0,0,0,0
1080,1,candidate,535,1280,720,1920,1080,10.622,13.2715,9.23648,1,1,0,0,0,0
1080,1,candidate,536,1280,720,1920,1080,11.4852,12.4796,10.1089,1,1,0,0,0,0
1080,1,candidate,537,1280,720,1920,1080,11.0387,12.1323,9.66656,1,1,0,0,0,0
1080,1,candidate,538,1280,720,1920,1080,11.6111,12.5693,10.2236,1,1,0,0,0,0
1080,1,candidate,539,1280,720,1920,1080,9.77306,10.7201,8.40294,1,1,0,0,0,0
1080,1,candidate,540,1280,720,1920,1080,11.2937,12.2438,9.91949,1,1,0,0,0,0
1080,1,candidate,541,1280,720,1920,1080,19.0085,20.1728,17.6333,1,1,0,0,0,0
1080,1,candidate,542,1280,720,1920,1080,11.4637,12.4627,10.0874,1,1,0,0,0,0
1080,1,candidate,543,1280,720,1920,1080,9.90618,10.8836,8.53606,1,1,0,0,0,0
1080,1,candidate,544,1280,720,1920,1080,12.4611,13.4246,11.0612,1,1,0,0,0,0
1080,1,candidate,545,1280,720,1920,1080,11.1708,12.3563,9.79661,1,1,0,0,0,0
1080,1,candidate,546,1280,720,1920,1080,11.05,12.1659,9.65734,1,1,0,0,0,0
1080,1,candidate,547,1280,720,1920,1080,11.5005,12.4625,9.85907,1,1,0,0,0,0
1080,1,candidate,548,1280,720,1920,1080,11.0213,12.2736,9.6471,1,1,0,0,0,0
1080,1,candidate,549,1280,720,1920,1080,11.1411,12.275,9.76794,1,1,0,0,0,0
1080,1,candidate,550,1280,720,1920,1080,11.4668,12.488,10.0925,1,1,0,0,0,0
1080,1,candidate,551,1280,720,1920,1080,11.2476,12.4412,9.87443,1,1,0,0,0,0
1080,1,candidate,552,1280,720,1920,1080,11.136,12.4953,9.76486,1,1,0,0,0,0
1080,1,candidate,553,1280,720,1920,1080,11.2855,12.2718,9.9113,1,1,0,0,0,0
1080,1,candidate,554,1280,720,1920,1080,11.0326,12.1006,9.65837,1,1,0,0,0,0
1080,1,candidate,555,1280,720,1920,1080,11.4207,12.3659,10.0485,1,1,0,0,0,0
1080,1,candidate,556,1280,720,1920,1080,11.0479,12.2284,9.6512,1,1,0,0,0,0
1080,1,candidate,557,1280,720,1920,1080,11.9327,12.8638,10.5472,1,1,0,0,0,0
1080,1,candidate,558,1280,720,1920,1080,10.9967,12.1045,9.6256,1,1,0,0,0,0
1080,1,candidate,559,1280,720,1920,1080,12.0392,12.9953,10.6609,1,1,0,0,0,0
1080,1,candidate,560,1280,720,1920,1080,11.1903,12.2838,9.81504,1,1,0,0,0,0
1080,1,candidate,561,1280,720,1920,1080,11.7043,12.6795,10.3291,1,1,0,0,0,0
1080,1,candidate,562,1280,720,1920,1080,11.2783,12.3504,9.9031,1,1,0,0,0,0
1080,1,candidate,563,1280,720,1920,1080,11.3459,12.3092,9.728,1,1,0,0,0,0
1080,1,candidate,564,1280,720,1920,1080,10.964,12.0552,9.59181,1,1,0,0,0,0
1080,1,candidate,565,1280,720,1920,1080,11.394,12.3998,10.0219,1,1,0,0,0,0
1080,1,candidate,566,1280,720,1920,1080,11.3162,12.4452,9.94304,1,1,0,0,0,0
1080,1,candidate,567,1280,720,1920,1080,11.1462,12.9138,9.77203,1,1,0,0,0,0
1080,1,candidate,568,1280,720,1920,1080,11.3172,12.3484,9.67987,1,1,0,0,0,0
1080,1,candidate,569,1280,720,1920,1080,9.78534,10.7148,8.41523,1,1,0,0,0,0
1080,1,candidate,570,1280,720,1920,1080,11.2159,12.0554,9.84064,1,1,0,0,0,0
1080,1,candidate,571,1280,720,1920,1080,11.6255,12.6754,9.83962,1,1,0,0,0,0
1080,1,candidate,572,1280,720,1920,1080,11.0602,13.1854,9.64915,1,1,0,0,0,0
1080,1,candidate,573,1280,720,1920,1080,10.9261,11.9885,9.55392,1,1,0,0,0,0
1080,1,candidate,574,1280,720,1920,1080,11.4442,12.3581,9.82221,1,1,0,0,0,0
1080,1,candidate,575,1280,720,1920,1080,11.4135,12.3431,9.77715,1,1,0,0,0,0
1080,1,candidate,576,1280,720,1920,1080,11.3203,12.2291,9.68397,1,1,0,0,0,0
1080,1,candidate,577,1280,720,1920,1080,11.3295,12.2808,9.68499,1,1,0,0,0,0
1080,1,candidate,578,1280,720,1920,1080,11.2169,12.6651,9.84269,1,1,0,0,0,0
1080,1,candidate,579,1280,720,1920,1080,11.1964,12.4145,9.82426,1,1,0,0,0,0
1080,1,candidate,580,1280,720,1920,1080,11.2261,12.3008,9.84986,1,1,0,0,0,0
1080,1,candidate,581,1280,720,1920,1080,11.052,12.1714,9.67885,1,1,0,0,0,0
1080,1,candidate,582,1280,720,1920,1080,11.3336,12.269,9.96147,1,1,0,0,0,0
1080,1,candidate,583,1280,720,1920,1080,11.305,12.3116,9.67475,1,1,0,0,0,0
1080,1,candidate,584,1280,720,1920,1080,11.0592,12.1497,9.64915,1,1,0,0,0,0
1080,1,candidate,585,1280,720,1920,1080,11.5773,12.5041,9.78637,1,1,0,0,0,0
1080,1,candidate,586,1280,720,1920,1080,11.1534,12.2569,9.7792,1,1,0,0,0,0
1080,1,candidate,587,1280,720,1920,1080,11.3326,12.28,9.95942,1,1,0,0,0,0
1080,1,candidate,588,1280,720,1920,1080,11.2804,12.261,9.66758,1,1,0,0,0,0
1080,1,candidate,589,1280,720,1920,1080,11.2067,12.1505,9.83347,1,1,0,0,0,0
1080,1,candidate,590,1280,720,1920,1080,11.2558,12.1935,9.88262,1,1,0,0,0,0
1080,1,candidate,591,1280,720,1920,1080,11.4401,12.4392,10.068,1,1,0,0,0,0
1080,1,candidate,592,1280,720,1920,1080,11.2691,12.2864,9.89594,1,1,0,0,0,0
1080,1,candidate,593,1280,720,1920,1080,11.179,12.172,9.80685,1,1,0,0,0,0
1080,1,candidate,594,1280,720,1920,1080,11.4166,12.565,10.0434,1,1,0,0,0,0
1080,1,candidate,595,1280,720,1920,1080,11.436,12.4453,10.0639,1,1,0,0,0,0
1080,1,candidate,596,1280,720,1920,1080,11.3777,12.6683,10.0004,1,1,0,0,0,0
1080,1,candidate,597,1280,720,1920,1080,11.308,12.3738,9.93485,1,1,0,0,0,0
1080,1,candidate,598,1280,720,1920,1080,11.1821,12.1466,9.81094,1,1,0,0,0,0
1080,1,candidate,599,1280,720,1920,1080,11.2886,12.1941,9.91539,1,1,0,0,0,0
1080,1,candidate,600,1280,720,1920,1080,11.2159,12.22,9.66042,1,1,0,0,0,0
1080,1,candidate,601,1280,720,1920,1080,11.4924,12.649,9.87443,1,1,0,0,0,0
1080,1,candidate,602,1280,720,1920,1080,11.4688,12.4071,9.81914,1,1,0,0,0,0
1080,1,candidate,603,1280,720,1920,1080,11.348,12.3468,9.68909,1,1,0,0,0,0
1080,1,candidate,604,1280,720,1920,1080,11.3152,12.3202,9.66144,1,1,0,0,0,0
1080,1,candidate,605,1280,720,1920,1080,11.2353,12.1867,9.6,1,1,0,0,0,0
1080,1,candidate,606,1280,720,1920,1080,11.22,12.4806,9.84781,1,1,0,0,0,0
1080,1,candidate,607,1280,720,1920,1080,11.2241,12.3154,9.85293,1,1,0,0,0,0
1080,1,candidate,608,1280,720,1920,1080,11.3715,12.585,9.99731,1,1,0,0,0,0
1080,1,candidate,609,1280,720,1920,1080,11.2118,12.2092,9.83962,1,1,0,0,0,0
1080,1,candidate,610,1280,720,1920,1080,11.3295,12.3575,9.95942,1,1,0,0,0,0
1080,1,candidate,611,1280,720,1920,1080,11.2947,12.2222,9.92358,1,1,0,0,0,0
1080,1,candidate,612,1280,720,1920,1080,11.0725,12.2702,9.70035,1,1,0,0,0,0
1080,1,candidate,613,1280,720,1920,1080,11.22,12.3091,9.84883,1,1,0,0,0,0
1080,1,candidate,614,1280,720,1920,1080,11.2589,12.2776,9.88672,1,1,0,0,0,0
1080,1,candidate,615,1280,720,1920,1080,11.3367,12.3022,9.96454,1,1,0,0,0,0
1080,1,candidate,616,1280,720,1920,1080,11.221,12.1904,9.61126,1,1,0,0,0,0
1080,1,candidate,617,1280,720,1920,1080,10.9292,11.9515,9.55597,1,1,0,0,0,0
1080,1,candidate,618,1280,720,1920,1080,11.4483,12.518,10.0741,1,1,0,0,0,0
1080,1,candidate,619,1280,720,1920,1080,11.3459,12.3234,9.97069,1,1,0,0,0,0
1080,1,candidate,620,1280,720,1920,1080,11.4442,12.4439,9.89594,1,1,0,0,0,0
1080,1,candidate,621,1280,720,1920,1080,11.4422,12.5272,10.07,1,1,0,0,0,0
1080,1,candidate,622,1280,720,1920,1080,11.4504,12.3529,10.0731,1,1,0,0,0,0
1080,1,candidate,623,1280,720,1920,1080,11.262,12.217,9.88979,1,1,0,0,0,0
1080,1,candidate,624,1280,720,1920,1080,11.3234,12.3853,9.95123,1,1,0,0,0,0
1080,1,candidate,625,1280,720,1920,1080,11.3152,12.3627,9.94304,1,1,0,0,0,0
1080,1,candidate,626,1280,720,1920,1080,11.434,12.4977,10.0475,1,1,0,0,0,0
1080,1,candidate,627,1280,720,1920,1080,11.0305,12.1602,8.36198,1,1,0,0,0,0
1080,1,candidate,628,1280,720,1920,1080,9.80275,10.72,8.43264,1,1,0,0,0,0
1080,1,candidate,629,1280,720,1920,1080,11.9972,12.8393,10.625,1,1,0,0,0,0
1080,1,candidate,630,1280,720,1920,1080,13.1082,14.061,11.5364,1,1,0,0,0,0
1080,1,candidate,631,1280,720,1920,1080,11.3521,12.3348,9.98093,1,1,0,0,0,0
1080,1,candidate,632,1280,720,1920,1080,11.262,12.2568,9.88877,1,1,0,0,0,0
1080,1,candidate,633,1280,720,1920,1080,9.85805,10.7532,8.48691,1,1,0,0,0,0
1080,1,candidate,634,1280,720,1920,1080,11.3316,12.3007,9.96045,1,1,0,0,0,0
1080,1,candidate,635,1280,720,1920,1080,12.5123,13.5678,11.1165,1,1,0,0,0,0
1080,1,candidate,636,1280,720,1920,1080,11.3664,12.5181,8.68864,1,1,0,0,0,0
1080,1,candidate,637,1280,720,1920,1080,11.1718,12.2057,9.79968,1,1,0,0,0,0
1080,1,candidate,638,1280,720,1920,1080,11.3162,12.4183,9.94509,1,1,0,0,0,0
1080,1,candidate,639,1280,720,1920,1080,11.4248,12.3954,10.0526,1,1,0,0,0,0
1080,1,candidate,640,1280,720,1920,1080,11.2507,12.1588,9.87546,1,1,0,0,0,0
1080,1,candidate,641,1280,720,1920,1080,11.0121,12.0481,8.3753,1,1,0,0,0,0
1080,1,candidate,642,1280,720,1920,1080,11.1933,12.3368,9.82221,1,1,0,0,0,0
1080,1,candidate,643,1280,720,1920,1080,11.2896,12.3545,9.90003,1,1,0,0,0,0
1080,1,candidate,644,1280,720,1920,1080,11.2169,12.1707,9.83654,1,1,0,0,0,0
1080,1,candidate,645,1280,720,1920,1080,11.223,12.1972,9.61024,1,1,0,0,0,0
1080,1,candidate,646,1280,720,1920,1080,11.265,12.3085,9.89286,1,1,0,0,0,0
1080,1,candidate,647,1280,720,1920,1080,11.4565,12.4079,10.0844,1,1,0,0,0,0
1080,1,candidate,648,1280,720,1920,1080,11.4309,12.3392,10.0577,1,1,0,0,0,0
1080,1,candidate,649,1280,720,1920,1080,11.4483,12.3975,10.0751,1,1,0,0,0,0
1080,1,candidate,650,1280,720,1920,1080,11.2486,12.2415,9.87648,1,1,0,0,0,0
1080,1,candidate,651,1280,720,1920,1080,11.222,12.1929,9.84986,1,1,0,0,0,0
1080,1,candidate,652,1280,720,1920,1080,11.4811,12.4469,9.85395,1,1,0,0,0,0
1080,1,candidate,653,1280,720,1920,1080,11.3377,12.3008,9.96557,1,1,0,0,0,0
1080,1,candidate,654,1280,720,1920,1080,11.4268,12.4629,9.80582,1,1,0,0,0,0
1080,1,candidate,655,1280,720,1920,1080,11.4319,12.4114,9.81094,1,1,0,0,0,0
1080,1,candidate,656,1280,720,1920,1080,11.4422,12.6264,9.82221,1,1,0,0,0,0
1080,1,candidate,657,1280,720,1920,1080,11.5261,12.5396,9.90208,1,1,0,0,0,0
1080,1,candidate,658,1280,720,1920,1080,10.0004,10.9102,8.63027,1,1,0,0,0,0
1080,1,candidate,659,1280,720,1920,1080,11.3715,12.2521,9.99936,1,1,0,0,0,0
1080,1,candidate,660,1280,720,1920,1080,10.966,12.0747,9.59386,1,1,0,0,0,0
1080,1,candidate,661,1280,720,1920,1080,11.8467,12.7151,10.4663,1,1,0,0,0,0
1080,1,candidate,662,1280,720,1920,1080,11.2804,12.3023,9.90925,1,1,0,0,0,0
1080,1,candidate,663,1280,720,1920,1080,11.0305,12.0848,9.64301,1,1,0,0,0,0
1080,1,candidate,664,1280,720,1920,1080,11.4565,12.3442,10.071,1,1,0,0,0,0
1080,1,candidate,665,1280,720,1920,1080,11.0356,12.3018,9.66758,1,1,0,0,0,0
1080,1,candidate,666,1280,720,1920,1080,11.4893,12.5532,10.112,1,1,0,0,0,0
1080,1,candidate,667,1280,720,1920,1080,11.1596,12.1377,9.78842,1,1,0,0,0,0
1080,1,candidate,668,1280,720,1920,1080,11.2589,12.2718,9.88467,1,1,0,0,0,0
1080,1,candidate,669,1280,720,1920,1080,11.4381,12.4128,10.0669,1,1,0,0,0,0
1080,1,candidate,670,1280,720,1920,1080,11.3244,12.6623,9.95226,1,1,0,0,0,0
1080,1,candidate,671,1280,720,1920,1080,11.3705,12.3355,9.99629,1,1,0,0,0,0
1080,1,candidate,672,1280,720,1920,1080,11.223,12.2724,9.85293,1,1,0,0,0,0
1080,1,candidate,673,1280,720,1920,1080,11.2691,12.2478,9.89594,1,1,0,0,0,0
1080,1,candidate,674,1280,720,1920,1080,11.5149,12.54,9.86214,1,1,0,0,0,0
1080,1,candidate,675,1280,720,1920,1080,11.2538,12.3063,9.88365,1,1,0,0,0,0
1080,1,candidate,676,1280,720,1920,1080,11.4135,12.4483,9.77818,1,1,0,0,0,0
1080,1,candidate,677,1280,720,1920,1080,11.561,12.7275,9.90106,1,1,0,0,0,0
1080,1,candidate,678,1280,720,1920,1080,11.2804,12.3196,9.90925,1,1,0,0,0,0
1080,1,candidate,679,1280,720,1920,1080,11.5077,12.5405,9.86419,1,1,0,0,0,0
1080,1,candidate,680,1280,720,1920,1080,11.3009,12.5101,9.92768,1,1,0,0,0,0
1080,1,candidate,681,1280,720,1920,1080,11.2374,12.4364,9.86522,1,1,0,0,0,0
1080,1,candidate,682,1280,720,1920,1080,11.4534,12.4533,9.80173,1,1,0,0,0,0
1080,1,candidate,683,1280,720,1920,1080,11.2384,12.2183,9.86829,1,1,0,0,0,0
1080,1,candidate,684,1280,720,1920,1080,11.2517,12.2813,9.8816,1,1,0,0,0,0
1080,1,candidate,685,1280,720,1920,1080,11.4729,12.5237,9.8345,1,1,0,0,0,0
1080,1,candidate,686,1280,720,1920,1080,11.4166,12.3821,9.78432,1,1,0,0,0,0
1080,1,candidate,687,1280,720,1920,1080,11.3961,12.424,9.75258,1,1,0,0,0,0
1080,1,candidate,688,1280,720,1920,1080,11.4207,12.4811,9.78534,1,1,0,0,0,0
1080,1,candidate,689,1280,720,1920,1080,11.4381,12.4939,9.79149,1,1,0,0,0,0
1080,1,candidate,690,1280,720,1920,1080,11.5354,12.5096,9.89901,1,1,0,0,0,0
1080,1,candidate,691,1280,720,1920,1080,11.5077,12.4697,9.86214,1,1,0,0,0,0
1080,1,candidate,692,1280,720,1920,1080,11.4954,12.645,9.85088,1,1,0,0,0,0
1080,1,candidate,693,1280,720,1920,1080,11.5169,12.4674,9.87546,1,1,0,0,0,0
1080,1,candidate,694,1280,720,1920,1080,11.5026,12.5291,9.85805,1,1,0,0,0,0
1080,1,candidate,695,1280,720,1920,1080,11.2179,12.309,9.84576,1,1,0,0,0,0
1080,1,candidate,696,1280,720,1920,1080,11.4586,12.4253,9.81299,1,1,0,0,0,0
1080,1,candidate,697,1280,720,1920,1080,11.476,12.9621,9.84269,1,1,0,0,0,0
1080,1,candidate,698,1280,720,1920,1080,11.2855,12.4636,9.9113,1,1,0,0,0,0
1080,1,candidate,699,1280,720,1920,1080,11.223,12.1316,9.84986,1,1,0,0,0,0
1080,1,candidate,700,1280,720,1920,1080,11.4217,12.5037,9.78739,1,1,0,0,0,0
1080,1,candidate,701,1280,720,1920,1080,11.4729,12.5298,9.83654,1,1,0,0,0,0
1080,1,candidate,702,1280,720,1920,1080,11.2292,12.173,9.85805,1,1,0,0,0,0
1080,1,candidate,703,1280,720,1920,1080,11.4381,12.6083,9.80378,1,1,0,0,0,0
1080,1,candidate,704,1280,720,1920,1080,11.4811,12.4619,9.83142,1,1,0,0,0,0
1080,1,candidate,705,1280,720,1920,1080,11.265,12.3179,9.89184,1,1,0,0,0,0
1080,1,candidate,706,1280,720,1920,1080,11.2108,12.1486,9.68499,1,1,0,0,0,0
1080,1,candidate,707,1280,720,1920,1080,11.4002,12.3235,10.0291,1,1,0,0,0,0
1080,1,candidate,708,1280,720,1920,1080,11.2927,12.2064,9.66042,1,1,0,0,0,0
1080,1,candidate,709,1280,720,1920,1080,11.1462,12.4935,9.77408,1,1,0,0,0,0
1080,1,candidate,710,1280,720,1920,1080,11.134,12.3015,9.76179,1,1,0,0,0,0
1080,1,candidate,711,1280,720,1920,1080,11.3009,12.4924,9.92973,1,1,0,0,0,0
1080,1,candidate,712,1280,720,1920,1080,11.2394,12.6133,9.86829,1,1,0,0,0,0
1080,1,candidate,713,1280,720,1920,1080,11.3705,12.5865,9.72595,1,1,0,0,0,0
1080,1,candidate,714,1280,720,1920,1080,11.3664,12.5892,9.70854,1,1,0,0,0,0
1080,1,candidate,715,1280,720,1920,1080,11.2947,12.4115,9.65939,1,1,0,0,0,0
1080,1,candidate,716,1280,720,1920,1080,11.3992,12.46,9.72288,1,1,0,0,0,0
1080,1,candidate,717,1280,720,1920,1080,11.3132,12.4199,9.6727,1,1,0,0,0,0
1080,1,candidate,718,1280,720,1920,1080,11.2968,12.5104,9.92154,1,1,0,0,0,0
1080,1,candidate,719,1280,720,1920,1080,11.1862,12.4636,9.81504,1,1,0,0,0,0
1080,1,candidate,720,1280,720,1920,1080,11.2732,12.2855,9.90208,1,1,0,0,0,0
1080,1,candidate,721,1280,720,1920,1080,10.9855,12.044,9.61638,1,1,0,0,0,0
1080,1,candidate,722,1280,720,1920,1080,11.3961,12.465,10.0239,1,1,0,0,0,0
1080,1,candidate,723,1280,720,1920,1080,11.3091,12.294,9.93485,1,1,0,0,0,0
1080,1,candidate,724,1280,720,1920,1080,11.1575,12.2995,9.75258,1,1,0,0,0,0
1080,1,candidate,725,1280,720,1920,1080,11.7852,12.8206,10.4059,1,1,0,0,0,0
1080,1,candidate,726,1280,720,1920,1080,9.91642,10.8627,8.54835,1,1,0,0,0,0
1080,1,candidate,727,1280,720,1920,1080,11.1616,12.2837,9.35219,1,1,0,0,0,0
1080,1,candidate,728,1280,720,1920,1080,11.8794,13.8369,10.496,1,1,0,0,0,0
1080,1,candidate,729,1280,720,1920,1080,11.3633,12.4657,9.99526,1,1,0,0,0,0
1080,1,candidate,730,1280,720,1920,1080,11.305,12.298,9.93178,1,1,0,0,0,0
1080,1,candidate,731,1280,720,1920,1080,11.1084,12.4545,9.73722,1,1,0,0,0,0
1080,1,candidate,732,1280,720,1920,1080,11.4145,12.5273,10.0403,1,1,0,0,0,0
1080,1,candidate,733,1280,720,1920,1080,11.3162,12.3299,9.94406,1,1,0,0,0,0
1080,1,candidate,734,1280,720,1920,1080,10.9455,12.1009,9.57338,1,1,0,0,0,0
1080,1,candidate,735,1280,720,1920,1080,10.923,12.1909,9.55187,1,1,0,0,0,0
1080,1,candidate,736,1280,720,1920,1080,11.2323,12.329,9.85907,1,1,0,0,0,0
1080,1,candidate,737,1280,720,1920,1080,11.1872,12.2754,9.81402,1,1,0,0,0,0
1080,1,candidate,738,1280,720,1920,1080,11.4176,12.4219,10.0454,1,1,0,0,0,0
1080,1,candidate,739,1280,720,1920,1080,11.4565,12.4003,10.0833,1,1,0,0,0,0
1080,1,candidate,740,1280,720,1920,1080,11.39,12.318,10.0209,1,1,0,0,0,0
1080,1,candidate,741,1280,720,1920,1080,9.728,10.627,8.35789,1,1,0,0,0,0
1080,1,candidate,742,1280,720,1920,1080,11.3183,12.2765,9.94918,1,1,0,0,0,0
1080,1,candidate,743,1280,720,1920,1080,12.6781,13.7519,11.2589,1,1,0,0,0,0
1080,1,candidate,744,1280,720,1920,1080,10.9865,12.101,9.61536,1,1,0,0,0,0
1080,1,candidate,745,1280,720,1920,1080,11.266,12.3511,9.89594,1,1,0,0,0,0
1080,1,candidate,746,1280,720,1920,1080,11.2609,12.49,9.88979,1,1,0,0,0,0
1080,1,candidate,747,1280,720,1920,1080,11.3019,12.3853,9.66246,1,1,0,0,0,0
1080,1,candidate,748,1280,720,1920,1080,11.4903,12.4033,9.84883,1,1,0,0,0,0
1080,1,candidate,749,1280,720,1920,1080,11.1954,12.4601,9.66656,1,1,0,0,0,0
1080,1,candidate,750,1280,720,1920,1080,11.4074,12.3973,10.0383,1,1,0,0,0,0
1080,1,candidate,751,1280,720,1920,1080,11.2097,12.505,9.83859,1,1,0,0,0,0
1080,1,candidate,752,1280,720,1920,1080,11.1575,12.3504,9.78534,1,1,0,0,0,0
1080,1,candidate,753,1280,720,1920,1080,11.2681,12.2931,9.89696,1,1,0,0,0,0
1080,1,candidate,754,1280,720,1920,1080,10.1202,12.4699,8.75008,1,1,0,0,0,0
1080,1,candidate,755,1280,720,1920,1080,11.2036,12.2935,9.83142,1,1,0,0,0,0
1080,1,candidate,756,1280,720,1920,1080,11.0346,12.112,9.65939,1,1,0,0,0,0
1080,1,candidate,757,1280,720,1920,1080,11.2681,12.2363,9.89389,1,1,0,0,0,0
1080,1,candidate,758,1280,720,1920,1080,11.2558,12.2098,9.63482,1,1,0,0,0,0
1080,1,candidate,759,1280,720,1920,1080,10.9844,12.063,9.61331,1,1,0,0,0,0
1080,1,candidate,760,1280,720,1920,1080,11.82,12.8019,10.1745,1,1,0,0,0,0
1080,1,candidate,761,1280,720,1920,1080,11.2783,12.4532,9.88979,1,1,0,0,0,0
1080,1,candidate,762,1280,720,1920,1080,11.9173,12.9343,10.2922,1,1,0,0,0,0
1080,1,candidate,763,1280,720,1920,1080,11.0776,12.3185,9.7065,1,1,0,0,0,0
1080,1,candidate,764,1280,720,1920,1080,11.222,12.3584,9.8519,1,1,0,0,0,0
1080,1,candidate,765,1280,720,1920,1080,9.86522,10.8626,8.4951,1,1,0,0,0,0
1080,1,candidate,766,1280,720,1920,1080,11.0848,12.7539,9.71366,1,1,0,0,0,0
1080,1,candidate,767,1280,720,1920,1080,11.3019,12.2416,9.9287,1,1,0,0,0,0
1080,1,candidate,768,1280,720,1920,1080,11.3664,12.4703,9.99219,1,1,0,0,0,0
1080,1,candidate,769,1280,720,1920,1080,11.2404,12.1852,9.86624,1,1,0,0,0,0
1080,1,candidate,770,1280,720,1920,1080,11.4678,12.4803,9.84678,1,1,0,0,0,0
1080,1,candidate,771,1280,720,1920,1080,11.349,12.3403,9.73005,1,1,0,0,0,0
1080,1,candidate,772,1280,720,1920,1080,11.3971,12.4026,9.77408,1,1,0,0,0,0
1080,1,candidate,773,1280,720,1920,1080,11.4115,12.3792,9.79046,1,1,0,0,0,0
1080,1,candidate,774,1280,720,1920,1080,11.4043,12.3643,9.78227,1,1,0,0,0,0
1080,1,candidate,775,1280,720,1920,1080,11.2538,12.2308,9.63379,1,1,0,0,0,0
1080,1,candidate,776,1280,720,1920,1080,11.1309,12.276,9.75872,1,1,0,0,0,0
1080,1,candidate,777,1280,720,1920,1080,11.7043,12.7738,10.3188,1,1,0,0,0,0
1080,1,candidate,778,1280,720,1920,1080,10.9486,12.1028,9.57645,1,1,0,0,0,0
1080,1,candidate,779,1280,720,1920,1080,11.4053,12.5283,10.0311,1,1,0,0,0,0
1080,1,candidate,780,1280,720,1920,1080,12.2214,13.3402,10.8503,1,1,0,0,0,0
1080,1,candidate,781,1280,720,1920,1080,11.4575,12.4782,10.0864,1,1,0,0,0,0
1080,1,candidate,782,1280,720,1920,1080,11.4299,12.3608,9.78842,1,1,0,0,0,0
1080,1,candidate,783,1280,720,1920,1080,11.519,12.5444,9.87648,1,1,0,0,0,0
1080,1,candidate,784,1280,720,1920,1080,11.135,12.224,9.76486,1,1,0,0,0,0
1080,1,candidate,785,1280,720,1920,1080,9.74848,10.7138,8.37632,1,1,0,0,0,0
1080,1,candidate,786,1280,720,1920,1080,12.3986,13.3285,11.0213,1,1,0,0,0,0
1080,1,candidate,787,1280,720,1920,1080,11.435,12.5003,10.0618,1,1,0,0,0,0
1080,1,candidate,788,1280,720,1920,1080,11.3736,12.3993,10.0035,1,1,0,0,0,0
1080,1,candidate,789,1280,720,1920,1080,11.3572,12.2818,9.98502,1,1,0,0,0,0
1080,1,candidate,790,1280,720,1920,1080,11.4033,12.4329,10.0332,1,1,0,0,0,0
1080,1,candidate,791,1280,720,1920,1080,11.009,12.1993,9.63686,1,1,0,0,0,0
1080,1,candidate,792,1280,720,1920,1080,11.0971,12.4349,9.72083,1,1,0,0,0,0
1080,1,candidate,793,1280,720,1920,1080,11.2691,12.2386,9.90106,1,1,0,0,0,0
1080,1,candidate,794,1280,720,1920,1080,11.2374,12.1749,9.86829,1,1,0,0,0,0
1080,1,candidate,795,1280,720,1920,1080,11.2968,12.2816,9.92461,1,1,0,0,0,0
1080,1,candidate,796,1280,720,1920,1080,11.6859,12.6691,10.0721,1,1,0,0,0,0
1080,1,candidate,797,1280,720,1920,1080,10.9076,12.1259,9.53446,1,1,0,0,0,0
1080,1,candidate,798,1280,720,1920,1080,11.2589,12.3693,9.88774,1,1,0,0,0,0
1080,1,candidate,799,1280,720,1920,1080,11.2261,12.3232,9.85702,1,1,0,0,0,0
1080,1,candidate,800,1280,720,1920,1080,11.2087,12.29,9.84064,1,1,0,0,0,0
1080,1,candidate,801,1280,720,1920,1080,11.2538,12.1783,9.88262,1,1,0,0,0,0
1080,1,candidate,802,1280,720,1920,1080,11.4258,12.4443,10.0536,1,1,0,0,0,0
1080,1,candidate,803,1280,720,1920,1080,11.3879,12.3162,10.0168,1,1,0,0,0,0
1080,1,candidate,804,1280,720,1920,1080,11.4043,12.4708,10.0301,1,1,0,0,0,0
1080,1,candidate,805,1280,720,1920,1080,11.2712,12.2643,9.90003,1,1,0,0,0,0
1080,1,candidate,806,1280,720,1920,1080,11.3213,12.3272,9.94918,1,1,0,0,0,0
1080,1,candidate,807,1280,720,1920,1080,11.3869,12.4255,9.75872,1,1,0,0,0,0
1080,1,candidate,808,1280,720,1920,1080,9.74848,10.672,8.37632,1,1,0,0,0,0
1080,1,candidate,809,1280,720,1920,1080,11.3664,12.3865,9.99219,1,1,0,0,0,0
1080,1,candidate,810,1280,720,1920,1080,11.2845,13.3725,9.91437,1,1,0,0,0,0
1080,1,candidate,811,1280,720,1920,1080,9.91334,10.8811,8.54323,1,1,0,0,0,0
1080,1,candidate,812,1280,720,1920,1080,12.4539,13.4671,11.0438,1,1,0,0,0,0
1080,1,candidate,813,1280,720,1920,1080,11.3613,13.1365,9.97478,1,1,0,0,0,0
1080,1,candidate,814,1280,720,1920,1080,11.305,12.2218,9.67782,1,1,0,0,0,0
1080,1,candidate,815,1280,720,1920,1080,11.349,12.3845,9.6768,1,1,0,0,0,0
1080,1,candidate,816,1280,720,1920,1080,11.1565,12.6045,9.78534,1,1,0,0,0,0
1080,1,candidate,817,1280,720,1920,1080,11.049,12.3396,9.67885,1,1,0,0,0,0
1080,1,candidate,818,1280,720,1920,1080,10.966,12.1189,9.59488,1,1,0,0,0,0
1080,1,candidate,819,1280,720,1920,1080,11.3992,12.4672,10.0239,1,1,0,0,0,0
1080,1,candidate,820,1280,720,1920,1080,11.2978,12.3275,9.92358,1,1,0,0,0,0
1080,1,candidate,821,1280,720,1920,1080,9.70138,10.596,8.33434,1,1,0,0,0,0
1080,1,candidate,822,1280,720,1920,1080,12.671,13.7257,10.3526,1,1,0,0,0,0
1080,1,candidate,823,1280,720,1920,1080,11.263,12.3907,9.88774,1,1,0,0,0,0
1080,1,candidate,824,1280,720,1920,1080,11.1227,12.1379,9.75053,1,1,0,0,0,0
1080,1,candidate,825,1280,720,1920,1080,11.5763,12.5843,10.2021,1,1,0,0,0,0
1080,1,candidate,826,1280,720,1920,1080,10.9343,11.9768,9.56109,1,1,0,0,0,0
1080,1,candidate,827,1280,720,1920,1080,11.4217,12.4622,10.0485,1,1,0,0,0,0
1080,1,candidate,828,1280,720,1920,1080,11.4094,12.3635,10.0362,1,1,0,0,0,0
1080,1,candidate,829,1280,720,1920,1080,11.4637,12.7471,10.0895,1,1,0,0,0,0
1080,1,candidate,830,1280,720,1920,1080,11.2568,12.4296,9.8857,1,1,0,0,0,0
1080,1,candidate,831,1280,720,1920,1080,11.4749,12.5187,10.1028,1,1,0,0,0,0
1080,1,candidate,832,1280,720,1920,1080,11.2794,12.2818,9.90208,1,1,0,0,0,0
1080,1,candidate,833,1280,720,1920,1080,11.6081,12.6246,10.2349,1,1,0,0,0,0
1080,1,candidate,834,1280,720,1920,1080,11.4678,12.5784,10.0946,1,1,0,0,0,0
1080,1,candidate,835,1280,720,1920,1080,11.3142,12.3323,9.94202,1,1,0,0,0,0
1080,1,candidate,836,1280,720,1920,1080,11.4493,12.425,10.0792,1,1,0,0,0,0
1080,1,candidate,837,1280,720,1920,1080,11.2773,12.3874,9.90413,1,1,0,0,0,0
1080,1,candidate,838,1280,720,1920,1080,11.477,12.4748,10.1028,1,1,0,0,0,0
1080,1,candidate,839,1280,720,1920,1080,11.4616,12.4232,10.0895,1,1,0,0,0,0
1080,1,candidate,840,1280,720,1920,1080,11.4524,12.6748,10.0813,1,1,0,0,0,0
1080,1,candidate,841,1280,720,1920,1080,11.4514,12.7091,10.0782,1,1,0,0,0,0
1080,1,candidate,842,1280,720,1920,1080,11.2538,12.3381,9.8816,1,1,0,0,0,0
1080,1,candidate,843,1280,720,1920,1080,11.2394,12.2797,9.87034,1,1,0,0,0,0
1080,1,candidate,844,1280,720,1920,1080,11.1606,12.0861,9.78739,1,1,0,0,0,0
1080,1,candidate,845,1280,720,1920,1080,11.1514,12.1794,9.78022,1,1,0,0,0,0
1080,1,candidate,846,1280,720,1920,1080,11.3234,12.2059,9.66656,1,1,0,0,0,0
1080,1,candidate,847,1280,720,1920,1080,11.2681,12.1987,9.89696,1,1,0,0,0,0
1080,1,candidate,848,1280,720,1920,1080,11.5261,12.488,9.86829,1,1,0,0,0,0
1080,1,candidate,849,1280,720,1920,1080,11.4237,12.4688,9.79149,1,1,0,0,0,0
1080,1,candidate,850,1280,720,1920,1080,11.4739,12.6089,9.83757,1,1,0,0,0,0
1080,1,candidate,851,1280,720,1920,1080,11.4555,12.6804,9.82221,1,1,0,0,0,0
1080,1,candidate,852,1280,720,1920,1080,11.4483,12.4638,9.80992,1,1,0,0,0,0
1080,1,candidate,853,1280,720,1920,1080,11.4719,12.533,9.83859,1,1,0,0,0,0
1080,1,candidate,854,1280,720,1920,1080,11.434,12.443,9.79558,1,1,0,0,0,0
1080,1,candidate,855,1280,720,1920,1080,11.4627,12.7808,9.82528,1,1,0,0,0,0
1080,1,candidate,856,1280,720,1920,1080,11.2671,12.3274,9.89491,1,1,0,0,0,0
1080,1,candidate,857,1280,720,1920,1080,11.2824,12.2709,9.90925,1,1,0,0,0,0
1080,1,candidate,858,1280,720,1920,1080,11.4248,12.4214,9.78944,1,1,0,0,0,0
1080,1,candidate,859,1280,720,1920,1080,11.4207,12.5502,9.78534,1,1,0,0,0,0
1080,1,candidate,860,1280,720,1920,1080,11.3121,12.2667,9.76077,1,1,0,0,0,0
1080,1,candidate,861,1280,720,1920,1080,11.2855,12.319,9.9113,1,1,0,0,0,0
1080,1,candidate,862,1280,720,1920,1080,9.89389,10.823,8.52582,1,1,0,0,0,0
1080,1,candidate,863,1280,720,1920,1080,9.37472,10.391,8.00666,1,1,0,0,0,0
1080,1,candidate,864,1280,720,1920,1080,9.40442,10.2292,8.03328,1,1,0,0,0,0
1080,1,candidate,865,1280,720,1920,1080,20.9265,21.8276,19.5553,1,1,0,0,0,0
1080,1,candidate,866,1280,720,1920,1080,9.39213,10.4961,8.02202,1,1,0,0,0,0
1080,1,candidate,867,1280,720,1920,1080,9.40134,10.2318,8.03226,1,1,0,0,0,0
1080,1,candidate,868,1280,720,1920,1080,9.4167,10.2273,8.04454,1,1,0,0,0,0
1080,1,candidate,869,1280,720,1920,1080,10.7387,11.6725,8.08653,1,1,0,0,0,0
1080,1,candidate,870,1280,720,1920,1080,11.0756,12.1206,9.69421,1,1,0,0,0,0
1080,1,candidate,871,1280,720,1920,1080,11.1503,12.1835,9.77408,1,1,0,0,0,0
1080,1,candidate,872,1280,720,1920,1080,11.5251,12.5079,9.86317,1,1,0,0,0,0
1080,1,candidate,873,1280,720,1920,1080,11.7535,12.82,10.0977,1,1,0,0,0,0
1080,1,candidate,874,1280,720,1920,1080,11.4493,12.4881,9.9072,1,1,0,0,0,0
1080,1,candidate,875,1280,720,1920,1080,11.4248,12.4246,10.0506,1,1,0,0,0,0
1080,1,candidate,876,1280,720,1920,1080,11.2732,12.2365,9.61741,1,1,0,0,0,0
1080,1,candidate,877,1280,720,1920,1080,11.5579,12.52,9.9031,1,1,0,0,0,0
1080,1,candidate,878,1280,720,1920,1080,10.9926,11.9989,9.61946,1,1,0,0,0,0
1080,1,candidate,879,1280,720,1920,1080,11.095,12.0471,9.72288,1,1,0,0,0,0
1080,1,candidate,880,1280,720,1920,1080,11.2609,12.1592,9.88774,1,1,0,0,0,0
1080,1,candidate,881,1280,720,1920,1080,11.2947,12.2878,9.92051,1,1,0,0,0,0
1080,1,candidate,882,1280,720,1920,1080,11.0981,12.1696,9.72698,1,1,0,0,0,0
1080,1,candidate,883,1280,720,1920,1080,11.3039,12.4445,9.93075,1,1,0,0,0,0
1080,1,candidate,884,1280,720,1920,1080,11.2865,12.1895,9.90413,1,1,0,0,0,0
1080,1,candidate,885,1280,720,1920,1080,10.9763,12.0536,9.6041,1,1,0,0,0,0
1080,1,candidate,886,1280,720,1920,1080,11.4657,12.7355,10.0905,1,1,0,0,0,0
1080,1,candidate,887,1280,720,1920,1080,9.77408,10.7116,8.40499,1,1,0,0,0,0
1080,1,candidate,888,1280,720,1920,1080,9.40544,10.2834,8.0343,1,1,0,0,0,0
1080,1,candidate,889,1280,720,1920,1080,12.5716,13.8252,11.1575,1,1,0,0,0,0
1080,1,candidate,890,1280,720,1920,1080,11.8016,12.7457,10.1571,1,1,0,0,0,0
1080,1,candidate,891,1280,720,1920,1080,11.1565,12.3822,9.78534,1,1,0,0,0,0
1080,1,candidate,892,1280,720,1920,1080,10.0987,11.0997,8.72858,1,1,0,0,0,0
1080,1,candidate,893,1280,720,1920,1080,12.2665,13.2857,10.8534,1,1,0,0,0,0
1080,1,candidate,894,1280,720,1920,1080,11.65,12.5803,9.99834,1,1,0,0,0,0
1080,1,candidate,895,1280,720,1920,1080,9.99936,10.9113,8.62925,1,1,0,0,0,0
1080,1,candidate,896,1280,720,1920,1080,9.32557,11.9234,7.95443,1,1,0,0,0,0
1080,1,candidate,897,1280,720,1920,1080,11.2732,12.2071,9.88877,1,1,0,0,0,0
1080,1,candidate,898,1280,720,1920,1080,11.519,12.4738,9.88467,1,1,0,0,0,0
1080,1,candidate,899,1280,720,1920,1080,11.2742,12.2737,9.9031,1,1,0,0,0,0
1080,1,candidate,900,1280,720,1920,1080,11.4422,12.545,9.80787,1,1,0,0,0,0
1080,1,candidate,901,1280,720,1920,1080,11.4135,12.3773,9.76589,1,1,0,0,0,0
1080,1,candidate,902,1280,720,1920,1080,11.4473,12.5796,9.8089,1,1,0,0,0,0
1080,1,candidate,903,1280,720,1920,1080,11.4627,12.5426,9.81811,1,1,0,0,0,0
1080,1,candidate,904,1280,720,1920,1080,11.4504,12.4314,9.8089,1,1,0,0,0,0
1080,1,candidate,905,1280,720,1920,1080,11.476,12.7312,9.82938,1,1,0,0,0,0
1080,1,candidate,906,1280,720,1920,1080,11.4278,12.4151,9.76896,1,1,0,0,0,0
1080,1,candidate,907,1280,720,1920,1080,11.2998,12.4677,9.92358,1,1,0,0,0,0
1080,1,candidate,908,1280,720,1920,1080,11.2445,12.216,9.87136,1,1,0,0,0,0
1080,1,candidate,909,1280,720,1920,1080,11.4135,12.3976,9.77613,1,1,0,0,0,0
1080,1,candidate,910,1280,720,1920,1080,11.2886,12.3056,9.65018,1,1,0,0,0,0
1080,1,candidate,911,1280,720,1920,1080,11.3203,12.3507,9.68397,1,1,0,0,0,0
1080,1,candidate,912,1280,720,1920,1080,11.4053,12.4736,9.76384,1,1,0,0,0,0
1080,1,candidate,913,1280,720,1920,1080,11.4729,12.441,9.8304,1,1,0,0,0,0
1080,1,candidate,914,1280,720,1920,1080,11.4432,12.6937,9.8048,1,1,0,0,0,0
1080,1,candidate,915,1280,720,1920,1080,11.4278,12.527,9.78944,1,1,0,0,0,0
1080,1,candidate,916,1280,720,1920,1080,11.4391,12.4239,9.80378,1,1,0,0,0,0
1080,1,candidate,917,1280,720,1920,1080,11.6111,12.6576,9.8775,1,1,0,0,0,0
1080,1,candidate,918,1280,720,1920,1080,11.4473,12.5061,9.81402,1,1,0,0,0,0
1080,1,candidate,919,1280,720,1920,1080,11.1503,12.1438,9.6,1,1,0,0,0,0
1080,1,candidate,920,1280,720,1920,1080,11.2865,12.255,9.91437,1,1,0,0,0,0
1080,1,candidate,921,1280,720,1920,1080,11.3029,12.3353,9.67168,1,1,0,0,0,0
1080,1,candidate,922,1280,720,1920,1080,11.2722,12.6576,9.90003,1,1,0,0,0,0
1080,1,candidate,923,1280,720,1920,1080,11.0531,12.2028,8.43469,1,1,0,0,0,0
1080,1,candidate,924,1280,720,1920,1080,9.80582,10.7533,8.43469,1,1,0,0,0,0
1080,1,candidate,925,1280,720,1920,1080,12.8461,13.8868,10.495,1,1,0,0,0,0
1080,1,candidate,926,1280,720,1920,1080,11.1534,12.139,9.77818,1,1,0,0,0,0
1080,1,candidate,927,1280,720,1920,1080,11.2712,12.2224,9.89901,1,1,0,0,0,0
1080,1,candidate,928,1280,720,1920,1080,11.3787,12.4124,10.0045,1,1,0,0,0,0
1080,1,candidate,929,1280,720,1920,1080,11.2855,12.261,9.91232,1,1,0,0,0,0
1080,1,candidate,930,1280,720,1920,1080,11.2753,12.2328,9.90106,1,1,0,0,0,0
1080,1,candidate,931,1280,720,1920,1080,10.9312,11.9984,9.55904,1,1,0,0,0,0
1080,1,candidate,932,1280,720,1920,1080,11.7115,12.9811,10.0936,1,1,0,0,0,0
1080,1,candidate,933,1280,720,1920,1080,11.0838,12.1382,9.70957,1,1,0,0,0,0
1080,1,candidate,934,1280,720,1920,1080,11.2753,12.2445,9.90106,1,1,0,0,0,0
1080,1,candidate,935,1280,720,1920,1080,11.0848,12.2519,9.70854,1,1,0,0,0,0
1080,1,candidate,936,1280,720,1920,1080,11.2773,12.1725,9.72902,1,1,0,0,0,0
1080,1,candidate,937,1280,720,1920,1080,11.2374,12.2304,9.86214,1,1,0,0,0,0
1080,1,candidate,938,1280,720,1920,1080,9.87443,10.8434,8.50227,1,1,0,0,0,0
1080,1,candidate,939,1280,720,1920,1080,12.5164,13.5232,11.1237,1,1,0,0,0,0
1080,1,candidate,940,1280,720,1920,1080,11.3203,12.3193,9.9369,1,1,0,0,0,0
1080,1,candidate,941,1280,720,1920,1080,11.2886,12.3334,9.91232,1,1,0,0,0,0
1080,1,candidate,942,1280,720,1920,1080,11.4043,12.3996,9.78125,1,1,0,0,0,0
1080,1,candidate,943,1280,720,1920,1080,11.4708,12.4671,9.83552,1,1,0,0,0,0
1080,1,candidate,944,1280,720,1920,1080,11.4483,12.4851,9.80582,1,1,0,0,0,0
1080,1,candidate,945,1280,720,1920,1080,11.3306,12.3299,9.68602,1,1,0,0,0,0
1080,1,candidate,946,1280,720,1920,1080,11.263,12.2574,9.69728,1,1,0,0,0,0
1080,1,candidate,947,1280,720,1920,1080,11.3838,12.6105,10.0106,1,1,0,0,0,0
1080,1,candidate,948,1280,720,1920,1080,11.2845,12.3314,9.63379,1,1,0,0,0,0
1080,1,candidate,949,1280,720,1920,1080,11.4534,12.3977,9.80275,1,1,0,0,0,0
1080,1,candidate,950,1280,720,1920,1080,11.2312,12.4774,9.85805,1,1,0,0,0,0
1080,1,candidate,951,1280,720,1920,1080,11.2824,12.2038,9.63482,1,1,0,0,0,0
1080,1,candidate,952,1280,720,1920,1080,11.5743,12.5828,9.91642,1,1,0,0,0,0
1080,1,candidate,953,1280,720,1920,1080,11.1913,12.195,9.64608,1,1,0,0,0,0
1080,1,candidate,954,1280,720,1920,1080,11.5302,12.7268,10.155,1,1,0,0,0,0
1080,1,candidate,955,1280,720,1920,1080,11.3603,12.247,9.70854,1,1,0,0,0,0
1080,1,candidate,956,1280,720,1920,1080,11.4913,12.517,9.83552,1,1,0,0,0,0
1080,1,candidate,957,1280,720,1920,1080,11.2691,12.5299,9.89491,1,1,0,0,0,0
1080,1,candidate,958,1280,720,1920,1080,11.435,12.6406,10.0618,1,1,0,0,0,0
1080,1,candidate,959,1280,720,1920,1080,10.9742,12.0271,9.60102,1,1,0,0,0,0
1080,1,candidate,960,1280,720,1920,1080,11.3756,12.3101,10.0004,1,1,0,0,0,0
1080,1,candidate,961,1280,720,1920,1080,11.2015,12.2175,9.82835,1,1,0,0,0,0
1080,1,candidate,962,1280,720,1920,1080,11.3531,12.2652,9.97581,1,1,0,0,0,0
1080,1,candidate,963,1280,720,1920,1080,11.2466,12.438,9.87136,1,1,0,0,0,0
1080,1,candidate,964,1280,720,1920,1080,11.137,12.1607,9.74848,1,1,0,0,0,0
1080,1,candidate,965,1280,720,1920,1080,11.1985,12.1716,9.82118,1,1,0,0,0,0
1080,1,candidate,966,1280,720,1920,1080,11.0152,12.1321,9.63379,1,1,0,0,0,0
1080,1,candidate,967,1280,720,1920,1080,11.434,12.3717,10.0567,1,1,0,0,0,0
1080,1,candidate,968,1280,720,1920,1080,11.3521,12.2361,9.97888,1,1,0,0,0,0
1080,1,candidate,969,1280,720,1920,1080,9.89901,10.8478,8.52685,1,1,0,0,0,0
1080,1,candidate,970,1280,720,1920,1080,11.3818,12.2728,10.0035,1,1,0,0,0,0
1080,1,candidate,971,1280,720,1920,1080,11.265,12.2594,9.89082,1,1,0,0,0,0
1080,1,candidate,972,1280,720,1920,1080,11.6613,12.6563,10.2871,1,1,0,0,0,0
1080,1,candidate,973,1280,720,1920,1080,11.434,12.4612,10.0567,1,1,0,0,0,0
1080,1,candidate,974,1280,720,1920,1080,11.2916,12.2798,9.65325,1,1,0,0,0,0
1080,1,candidate,975,1280,720,1920,1080,11.2507,12.4648,9.87955,1,1,0,0,0,0
1080,1,candidate,976,1280,720,1920,1080,11.1841,12.3357,9.80378,1,1,0,0,0,0
1080,1,candidate,977,1280,720,1920,1080,11.2742,12.201,9.90003,1,1,0,0,0,0
1080,1,candidate,978,1280,720,1920,1080,11.2814,12.2447,9.90822,1,1,0,0,0,0
1080,1,candidate,979,1280,720,1920,1080,10.9814,12.0549,9.60819,1,1,0,0,0,0
1080,1,candidate,980,1280,720,1920,1080,11.3807,12.347,10.0014,1,1,0,0,0,0
1080,1,candidate,981,1280,720,1920,1080,11.05,12.2446,9.67475,1,1,0,0,0,0
1080,1,candidate,982,1280,720,1920,1080,11.4432,12.4631,10.068,1,1,0,0,0,0
1080,1,candidate,983,1280,720,1920,1080,11.2271,12.2232,9.8519,1,1,0,0,0,0
1080,1,candidate,984,1280,720,1920,1080,11.2404,12.2368,9.86522,1,1,0,0,0,0
1080,1,candidate,985,1280,720,1920,1080,11.5057,12.4434,10.1263,1,1,0,0,0,0
1080,1,candidate,986,1280,720,1920,1080,11.5425,12.7056,10.1673,1,1,0,0,0,0
1080,1,candidate,987,1280,720,1920,1080,11.2927,12.3278,9.91949,1,1,0,0,0,0
1080,1,candidate,988,1280,720,1920,1080,11.4586,12.4991,10.0833,1,1,0,0,0,0
1080,1,candidate,989,1280,720,1920,1080,11.4473,12.6205,10.0577,1,1,0,0,0,0
1080,1,candidate,990,1280,720,1920,1080,11.2312,12.1725,9.856,1,1,0,0,0,0
1080,1,candidate,991,1280,720,1920,1080,11.264,12.2838,9.88979,1,1,0,0,0,0
1080,1,candidate,992,1280,720,1920,1080,11.2456,12.2835,9.87136,1,1,0,0,0,0
1080,1,candidate,993,1280,720,1920,1080,11.2896,12.2732,9.91539,1,1,0,0,0,0
1080,1,candidate,994,1280,720,1920,1080,11.522,12.6465,9.87546,1,1,0,0,0,0
1080,1,candidate,995,1280,720,1920,1080,11.4401,12.5915,9.80275,1,1,0,0,0,0
1080,1,candidate,996,1280,720,1920,1080,11.2886,12.3337,9.9113,1,1,0,0,0,0
1080,1,candidate,997,1280,720,1920,1080,11.5016,12.5174,9.85907,1,1,0,0,0,0
1080,1,candidate,998,1280,720,1920,1080,11.1616,12.177,9.78842,1,1,0,0,0,0
1080,1,candidate,999,1280,720,1920,1080,11.3695,12.5523,9.99629,1,1,0,0,0,0
1080,1,candidate,1000,1280,720,1920,1080,11.5272,12.4642,9.82733,1,1,0,0,0,0
1080,1,candidate,1001,1280,720,1920,1080,11.4934,12.4936,9.9369,1,1,0,0,0,0
1080,1,candidate,1002,1280,720,1920,1080,11.3408,12.4098,9.96557,1,1,0,0,0,0
1080,1,candidate,1003,1280,720,1920,1080,11.2353,12.2514,9.86214,1,1,0,0,0,0
1080,1,candidate,1004,1280,720,1920,1080,11.4883,12.5699,9.83347,1,1,0,0,0,0
1080,1,candidate,1005,1280,720,1920,1080,11.4115,12.4354,9.7792,1,1,0,0,0,0
1080,1,candidate,1006,1280,720,1920,1080,11.4862,12.5181,9.85088,1,1,0,0,0,0
1080,1,candidate,1007,1280,720,1920,1080,11.4708,12.6025,9.83757,1,1,0,0,0,0
1080,1,candidate,1008,1280,720,1920,1080,11.5732,12.596,9.91539,1,1,0,0,0,0
1080,1,candidate,1009,1280,720,1920,1080,11.436,12.4395,9.78534,1,1,0,0,0,0
1080,1,candidate,1010,1280,720,1920,1080,11.4893,12.4871,9.84678,1,1,0,0,0,0
1080,1,candidate,1011,1280,720,1920,1080,11.4022,12.5652,9.76691,1,1,0,0,0,0
1080,1,candidate,1012,1280,720,1920,1080,11.3121,12.366,9.93792,1,1,0,0,0,0
1080,1,candidate,1013,1280,720,1920,1080,11.4596,12.5323,9.82221,1,1,0,0,0,0
1080,1,candidate,1014,1280,720,1920,1080,11.4534,12.4904,9.81504,1,1,0,0,0,0
1080,1,candidate,1015,1280,720,1920,1080,11.2712,12.3451,9.89798,1,1,0,0,0,0
1080,1,candidate,1016,1280,720,1920,1080,11.4483,12.4012,9.80582,1,1,0,0,0,0
1080,1,candidate,1017,1280,720,1920,1080,11.4995,12.811,9.86112,1,1,0,0,0,0
1080,1,candidate,1018,1280,720,1920,1080,11.2517,12.4675,9.87546,1,1,0,0,0,0
1080,1,candidate,1019,1280,720,1920,1080,11.2773,12.3315,9.9031,1,1,0,0,0,0
1080,1,candidate,1020,1280,720,1920,1080,11.5364,12.6138,9.89184,1,1,0,0,0,0
1080,1,candidate,1021,1280,720,1920,1080,11.3275,12.3079,9.95226,1,1,0,0,0,0
1080,1,candidate,1022,1280,720,1920,1080,11.4442,12.4516,9.80992,1,1,0,0,0,0
1080,1,candidate,1023,1280,720,1920,1080,11.4473,12.45,9.8089,1,1,0,0,0,0
1080,1,candidate,1024,1280,720,1920,1080,11.5149,12.4667,9.86419,1,1,0,0,0,0
1080,1,candidate,1025,1280,720,1920,1080,11.5456,12.6462,9.89491,1,1,0,0,0,0
1080,1,candidate,1026,1280,720,1920,1080,11.3101,12.4309,9.93382,1,1,0,0,0,0
1080,1,candidate,1027,1280,720,1920,1080,11.2353,12.228,9.8601,1,1,0,0,0,0
1080,1,candidate,1028,1280,720,1920,1080,11.4668,12.4367,9.82528,1,1,0,0,0,0
1080,1,candidate,1029,1280,720,1920,1080,9.88262,10.8576,8.50739,1,1,0,0,0,0
1080,1,candidate,1030,1280,720,1920,1080,9.40134,10.3549,8.02714,1,1,0,0,0,0
1080,1,candidate,1031,1280,720,1920,1080,11.4586,12.4981,10.0762,1,1,0,0,0,0
1080,1,candidate,1032,1280,720,1920,1080,11.905,13.3098,10.5247,1,1,0,0,0,0
1080,1,candidate,1033,1280,720,1920,1080,11.3295,12.3833,9.95635,1,1,0,0,0,0
1080,1,candidate,1034,1280,720,1920,1080,11.2548,12.2501,9.8775,1,1,0,0,0,0
1080,1,candidate,1035,1280,720,1920,1080,11.4586,12.3868,10.0803,1,1,0,0,0,0
1080,1,candidate,1036,1280,720,1920,1080,11.2804,12.1925,9.90515,1,1,0,0,0,0
1080,1,candidate,1037,1280,720,1920,1080,11.35,12.3945,9.97376,1,1,0,0,0,0
1080,1,candidate,1038,1280,720,1920,1080,11.4596,12.451,9.82221,1,1,0,0,0,0
1080,1,candidate,1039,1280,720,1920,1080,11.2558,12.2418,9.87955,1,1,0,0,0,0
1080,1,candidate,1040,1280,720,1920,1080,11.4084,12.4133,9.78432,1,1,0,0,0,0
1080,1,candidate,1041,1280,720,1920,1080,11.4985,12.5002,9.87034,1,1,0,0,0,0
1080,1,candidate,1042,1280,720,1920,1080,11.4074,12.3376,9.74438,1,1,0,0,0,0
1080,1,candidate,1043,1280,720,1920,1080,11.5149,12.6483,9.88365,1,1,0,0,0,0
1080,1,candidate,1044,1280,720,1920,1080,11.3439,12.4787,9.96762,1,1,0,0,0,0
1080,1,candidate,1045,1280,720,1920,1080,11.308,12.3366,9.93382,1,1,0,0,0,0
1080,1,candidate,1046,1280,720,1920,1080,11.5118,12.5207,9.86624,1,1,0,0,0,0
1080,1,candidate,1047,1280,720,1920,1080,11.5026,12.5288,9.85907,1,1,0,0,0,0
1080,1,candidate,1048,1280,720,1920,1080,9.90413,10.8684,8.52787,1,1,0,0,0,0
1080,1,candidate,1049,1280,720,1920,1080,10.7377,11.782,9.31942,1,1,0,0,0,0
1080,1,candidate,1050,1280,720,1920,1080,11.817,13.0667,10.4428,1,1,0,0,0,0
1080,1,candidate,1051,1280,720,1920,1080,11.0868,12.9235,9.69421,1,1,0,0,0,0
1080,1,candidate,1052,1280,720,1920,1080,11.4657,12.3828,10.0925,1,1,0,0,0,0
1080,1,candidate,1053,1280,720,1920,1080,11.2865,12.5374,9.90925,1,1,0,0,0,0
1080,1,candidate,1054,1280,720,1920,1080,11.5159,12.5478,9.89184,1,1,0,0,0,0
1080,1,candidate,1055,1280,720,1920,1080,11.3009,12.7542,9.92768,1,1,0,0,0,0
1080,1,candidate,1056,1280,720,1920,1080,11.4237,12.4482,10.0454,1,1,0,0,0,0
1080,1,candidate,1057,1280,720,1920,1080,11.3121,12.3009,9.67373,1,1,0,0,0,0
1080,1,candidate,1058,1280,720,1920,1080,11.3224,12.3586,9.68397,1,1,0,0,0,0
1080,1,candidate,1059,1280,720,1920,1080,11.221,12.6913,9.84576,1,1,0,0,0,0
1080,1,candidate,1060,1280,720,1920,1080,11.308,12.2747,9.66042,1,1,0,0,0,0
1080,1,candidate,1061,1280,720,1920,1080,11.2681,12.7416,9.89082,1,1,0,0,0,0
1080,1,candidate,1062,1280,720,1920,1080,11.2568,12.3481,9.69933,1,1,0,0,0,0
1080,1,candidate,1063,1280,720,1920,1080,11.4186,12.3798,10.0444,1,1,0,0,0,0
1080,1,candidate,1064,1280,720,1920,1080,9.91027,10.8215,8.53504,1,1,0,0,0,0
1080,1,candidate,1065,1280,720,1920,1080,12.546,13.6155,11.134,1,1,0,0,0,0
1080,1,candidate,1066,1280,720,1920,1080,9.92563,10.8874,8.55142,1,1,0,0,0,0
1080,1,candidate,1067,1280,720,1920,1080,11.1944,13.0011,9.81402,1,1,0,0,0,0
1080,1,candidate,1068,1280,720,1920,1080,11.1462,12.1884,9.71981,1,1,0,0,0,0
1080,1,candidate,1069,1280,720,1920,1080,11.7217,12.6035,10.0905,1,1,0,0,0,0
1080,1,candidate,1070,1280,720,1920,1080,11.0346,12.1279,9.62765,1,1,0,0,0,0
1080,1,candidate,1071,1280,720,1920,1080,11.607,12.6376,9.97274,1,1,0,0,0,0
1080,1,candidate,1072,1280,720,1920,1080,11.2251,12.3087,9.84883,1,1,0,0,0,0
1080,1,candidate,1073,1280,720,1920,1080,11.2753,12.2698,9.89798,1,1,0,0,0,0
1080,1,candidate,1074,1280,720,1920,1080,11.4596,12.4971,10.0833,1,1,0,0,0,0
1080,1,candidate,1075,1280,720,1920,1080,11.4627,12.4383,10.0884,1,1,0,0,0,0
1080,1,candidate,1076,1280,720,1920,1080,9.76589,10.7552,8.39168,1,1,0,0,0,0
1080,1,candidate,1077,1280,720,1920,1080,11.2865,12.1398,9.91334,1,1,0,0,0,0
1080,1,candidate,1078,1280,720,1920,1080,11.2763,12.3618,9.89491,1,1,0,0,0,0
1080,1,candidate,1079,1280,720,1920,1080,11.2681,12.3488,9.89389,1,1,0,0,0,0
1080,1,candidate,1080,1280,720,1920,1080,11.1954,12.1671,9.81914,1,1,0,0,0,0
1080,1,candidate,1081,1280,720,1920,1080,11.0019,12.0692,9.62662,1,1,0,0,0,0
1080,1,candidate,1082,1280,720,1920,1080,11.4842,12.4278,10.1089,1,1,0,0,0,0
1080,1,candidate,1083,1280,720,1920,1080,11.2957,12.3918,9.91744,1,1,0,0,0,0
1080,1,candidate,1084,1280,720,1920,1080,11.3766,12.3804,9.72493,1,1,0,0,0,0
1080,1,candidate,1085,1280,720,1920,1080,11.0541,12.227,9.65427,1,1,0,0,0,0
1080,1,candidate,1086,1280,720,1920,1080,11.4811,12.4233,10.0884,1,1,0,0,0,0
1080,1,candidate,1087,1280,720,1920,1080,11.3142,12.2692,9.93792,1,1,0,0,0,0
1080,1,candidate,1088,1280,720,1920,1080,11.2568,12.3014,9.88058,1,1,0,0,0,0
1080,1,candidate,1089,1280,720,1920,1080,11.135,12.2504,9.74234,1,1,0,0,0,0
1080,1,candidate,1090,1280,720,1920,1080,11.4207,12.4078,9.87853,1,1,0,0,0,0
1080,1,candidate,1091,1280,720,1920,1080,11.3787,12.3932,10.0035,1,1,0,0,0,0
1080,1,candidate,1092,1280,720,1920,1080,11.2527,12.1794,9.87443,1,1,0,0,0,0
1080,1,candidate,1093,1280,720,1920,1080,11.3183,12.2328,9.94406,1,1,0,0,0,0
1080,1,candidate,1094,1280,720,1920,1080,11.4299,12.3818,9.78944,1,1,0,0,0,0
1080,1,candidate,1095,1280,720,1920,1080,11.5241,12.6643,9.87546,1,1,0,0,0,0
1080,1,candidate,1096,1280,720,1920,1080,11.5702,12.6767,9.9287,1,1,0,0,0,0
1080,1,candidate,1097,1280,720,1920,1080,11.5292,12.5456,9.87955,1,1,0,0,0,0
1080,1,candidate,1098,1280,720,1920,1080,11.604,12.7886,9.96557,1,1,0,0,0,0
1080,1,candidate,1099,1280,720,1920,1080,11.308,12.3645,9.9287,1,1,0,0,0,0
1080,1,candidate,1100,1280,720,1920,1080,11.3203,12.4746,9.94406,1,1,0,0,0,0
1080,1,candidate,1101,1280,720,1920,1080,11.3807,12.4642,10.0014,1,1,0,0,0,0
1080,1,candidate,1102,1280,720,1920,1080,11.5384,12.5472,10.1591,1,1,0,0,0,0
1080,1,candidate,1103,1280,720,1920,1080,11.5149,12.5955,10.1376,1,1,0,0,0,0
1080,1,candidate,1104,1280,720,1920,1080,11.478,12.4908,10.0997,1,1,0,0,0,0
1080,1,candidate,1105,1280,720,1920,1080,11.4514,12.7092,10.0751,1,1,0,0,0,0
1080,1,candidate,1106,1280,720,1920,1080,11.2814,12.4208,9.90208,1,1,0,0,0,0
1080,1,candidate,1107,1280,720,1920,1080,11.5057,12.6906,10.1284,1,1,0,0,0,0
1080,1,candidate,1108,1280,720,1920,1080,11.3039,12.2784,9.92563,1,1,0,0,0,0
1080,1,candidate,1109,1280,720,1920,1080,11.4995,12.4933,10.1233,1,1,0,0,0,0
1080,1,candidate,1110,1280,720,1920,1080,11.3234,12.3015,9.94509,1,1,0,0,0,0
1080,1,candidate,1111,1280,720,1920,1080,11.2794,12.2421,9.9031,1,1,0,0,0,0
1080,1,candidate,1112,1280,720,1920,1080,11.2865,12.3239,9.90618,1,1,0,0,0,0
1080,1,candidate,1113,1280,720,1920,1080,11.4657,12.5475,9.82733,1,1,0,0,0,0
1080,1,candidate,1114,1280,720,1920,1080,11.3725,12.3055,9.99424,1,1,0,0,0,0
1080,1,candidate,1115,1280,720,1920,1080,11.2773,12.2218,9.90106,1,1,0,0,0,0
1080,1,candidate,1116,1280,720,1920,1080,11.0868,12.2333,9.67578,1,1,0,0,0,0
1080,1,candidate,1117,1280,720,1920,1080,11.8282,12.7876,10.1847,1,1,0,0,0,0
1080,1,candidate,1118,1280,720,1920,1080,11.2742,12.2695,9.89696,1,1,0,0,0,0
1080,1,candidate,1119,1280,720,1920,1080,11.4821,12.4548,9.8345,1,1,0,0,0,0
1080,1,candidate,1120,1280,720,1920,1080,11.4534,12.4641,9.80787,1,1,0,0,0,0
1080,1,candidate,1121,1280,720,1920,1080,11.4903,12.674,9.85088,1,1,0,0,0,0
1080,1,candidate,1122,1280,720,1920,1080,11.4483,12.534,9.79968,1,1,0,0,0,0
1080,1,candidate,1123,1280,720,1920,1080,11.4381,12.4247,9.79763,1,1,0,0,0,0
1080,1,candidate,1124,1280,720,1920,1080,11.5016,12.7245,9.86522,1,1,0,0,0,0
1080,1,candidate,1125,1280,720,1920,1080,11.4504,12.4863,10.0741,1,1,0,0,0,0
1080,1,candidate,1126,1280,720,1920,1080,11.307,12.3592,9.9287,1,1,0,0,0,0
1080,1,candidate,1127,1280,720,1920,1080,12.1068,13.0972,10.7244,1,1,0,0,0,0
1080,1,candidate,1128,1280,720,1920,1080,11.3869,12.4239,10.0076,1,1,0,0,0,0
1080,1,candidate,1129,1280,720,1920,1080,11.3357,12.2713,9.95738,1,1,0,0,0,0
1080,1,candidate,1130,1280,720,1920,1080,11.2742,12.2334,9.89491,1,1,0,0,0,0
1080,1,candidate,1131,1280,720,1920,1080,11.2824,12.2177,9.90618,1,1,0,0,0,0
1080,1,candidate,1132,1280,720,1920,1080,11.4545,12.5042,9.79968,1,1,0,0,0,0
1080,1,candidate,1133,1280,720,1920,1080,11.3644,12.5129,9.98605,1,1,0,0,0,0
1080,1,candidate,1134,1280,720,1920,1080,11.392,12.4526,10.0137,1,1,0,0,0,0
1080,1,candidate,1135,1280,720,1920,1080,11.3203,12.4267,9.94202,1,1,0,0,0,0
1080,1,candidate,1136,1280,720,1920,1080,11.2783,12.3298,9.89798,1,1,0,0,0,0
1080,1,candidate,1137,1280,720,1920,1080,11.5016,12.5899,9.85805,1,1,0,0,0,0
1080,1,candidate,1138,1280,720,1920,1080,11.5456,12.7128,9.90106,1,1,0,0,0,0
1080,1,candidate,1139,1280,720,1920,1080,11.4555,12.3816,9.81197,1,1,0,0,0,0
1080,1,candidate,1140,1280,720,1920,1080,11.3541,12.5151,9.97683,1,1,0,0,0,0
1080,1,candidate,1141,1280,720,1920,1080,11.3162,12.416,9.94099,1,1,0,0,0,0
1080,1,candidate,1142,1280,720,1920,1080,11.3326,12.3268,9.95328,1,1,0,0,0,0
1080,1,candidate,1143,1280,720,1920,1080,11.2824,12.278,9.90515,1,1,0,0,0,0
1080,1,candidate,1144,1280,720,1920,1080,11.2251,12.3679,9.83245,1,1,0,0,0,0
1080,1,candidate,1145,1280,720,1920,1080,11.4186,12.4152,10.0413,1,1,0,0,0,0
1080,1,candidate,1146,1280,720,1920,1080,11.3633,12.4708,9.70035,1,1,0,0,0,0
1080,1,candidate,1147,1280,720,1920,1080,11.4872,12.5981,9.83859,1,1,0,0,0,0
1080,1,candidate,1148,1280,720,1920,1080,9.83962,10.7716,8.46541,1,1,0,0,0,0
1080,1,candidate,1149,1280,720,1920,1080,10.6465,11.6951,7.99949,1,1,0,0,0,0
1080,1,candidate,1150,1280,720,1920,1080,12.074,13.203,10.6916,1,1,0,0,0,0
1080,1,candidate,1151,1280,720,1920,1080,12.4406,13.4818,11.0356,1,1,0,0,0,0
1080,1,candidate,1152,1280,720,1920,1080,11.6081,12.624,9.96659,1,1,0,0,0,0
1080,1,candidate,1153,1280,720,1920,1080,11.3132,12.5144,9.93485,1,1,0,0,0,0
1080,1,candidate,1154,1280,720,1920,1080,11.3613,12.4369,9.69728,1,1,0,0,0,0
1080,1,candidate,1155,1280,720,1920,1080,11.3234,12.6201,9.67475,1,1,0,0,0,0
1080,1,candidate,1156,1280,720,1920,1080,11.3152,12.3291,9.67475,1,1,0,0,0,0
1080,1,candidate,1157,1280,720,1920,1080,11.3377,12.2701,9.68806,1,1,0,0,0,0
1080,1,candidate,1158,1280,720,1920,1080,11.1933,12.3836,9.81709,1,1,0,0,0,0
1080,1,candidate,1159,1280,720,1920,1080,11.1913,12.2936,9.81504,1,1,0,0,0,0
1080,1,candidate,1160,1280,720,1920,1080,11.3316,12.3334,9.95226,1,1,0,0,0,0
1080,1,candidate,1161,1280,720,1920,1080,10.0495,11.0191,8.67328,1,1,0,0,0,0
1080,1,candidate,1162,1280,720,1920,1080,9.78432,10.7272,8.41011,1,1,0,0,0,0
1080,1,candidate,1163,1280,720,1920,1080,12.2348,13.1424,10.8165,1,1,0,0,0,0
1080,1,candidate,1164,1280,720,1920,1080,11.6255,12.6724,10.071,1,1,0,0,0,0
1080,1,candidate,1165,1280,720,1920,1080,11.1913,12.3173,9.76998,1,1,0,0,0,0
1080,1,candidate,1166,1280,720,1920,1080,11.0367,12.0735,9.66042,1,1,0,0,0,0
1080,1,candidate,1167,1280,720,1920,1080,11.1882,12.2031,9.81197,1,1,0,0,0,0
1080,1,candidate,1168,1280,720,1920,1080,10.8063,11.8022,9.42694,1,1,0,0,0,0
1080,1,candidate,1169,1280,720,1920,1080,11.7053,12.7815,10.2789,1,1,0,0,0,0
1080,1,candidate,1170,1280,720,1920,1080,10.9885,12.0717,9.61229,1,1,0,0,0,0
1080,1,candidate,1171,1280,720,1920,1080,10.8339,11.7812,9.46074,1,1,0,0,0,0
1080,1,candidate,1172,1280,720,1920,1080,10.9548,11.9516,9.57645,1,1,0,0,0,0
1080,1,candidate,1173,1280,720,1920,1080,11.4145,12.3178,10.0362,1,1,0,0,0,0
1080,1,candidate,1174,1280,720,1920,1080,11.2548,12.2304,9.87853,1,1,0,0,0,0
1080,1,candidate,1175,1280,720,1920,1080,11.0141,12.138,9.6256,1,1,0,0,0,0
1080,1,candidate,1176,1280,720,1920,1080,11.4596,12.3346,9.8263,1,1,0,0,0,0
1080,1,candidate,1177,1280,720,1920,1080,11.436,12.4443,10.0598,1,1,0,0,0,0
1080,1,candidate,1178,1280,720,1920,1080,11.4053,12.3004,10.028,1,1,0,0,0,0
1080,1,candidate,1179,1280,720,1920,1080,11.2937,12.1718,9.91642,1,1,0,0,0,0
1080,1,candidate,1180,1280,720,1920,1080,11.2609,12.2667,9.88467,1,1,0,0,0,0
1080,1,candidate,1181,1280,720,1920,1080,11.4135,12.3341,9.78637,1,1,0,0,0,0
1080,1,candidate,1182,1280,720,1920,1080,11.479,12.4355,9.84576,1,1,0,0,0,0
1080,1,candidate,1183,1280,720,1920,1080,11.2876,12.4084,9.91232,1,1,0,0,0,0
1080,1,candidate,1184,1280,720,1920,1080,11.5517,12.6447,9.92358,1,1,0,0,0,0
1080,1,candidate,1185,1280,720,1920,1080,11.4289,12.4366,9.80173,1,1,0,0,0,0
1080,1,candidate,1186,1280,720,1920,1080,11.4596,12.3764,9.82938,1,1,0,0,0,0
1080,1,candidate,1187,1280,720,1920,1080,11.4729,12.4217,9.83962,1,1,0,0,0,0
1080,1,candidate,1188,1280,720,1920,1080,11.9542,13.4544,10.5677,1,1,0,0,0,0
1080,1,candidate,1189,1280,720,1920,1080,11.4575,12.4581,10.0823,1,1,0,0,0,0
1080,1,candidate,1190,1280,720,1920,1080,11.2681,12.1774,9.89389,1,1,0,0,0,0
1080,1,candidate,1191,1280,720,1920,1080,11.2671,12.2885,9.89184,1,1,0,0,0,0
1080,1,candidate,1192,1280,720,1920,1080,11.3132,12.4397,9.93894,1,1,0,0,0,0
1080,1,candidate,1193,1280,720,1920,1080,11.2814,12.4756,9.90515,1,1,0,0,0,0
1080,1,candidate,1194,1280,720,1920,1080,11.5139,12.7777,9.88979,1,1,0,0,0,0
1080,1,candidate,1195,1280,720,1920,1080,11.4268,12.4283,10.0506,1,1,0,0,0,0
1080,1,candidate,1196,1280,720,1920,1080,11.4749,12.527,9.84576,1,1,0,0,0,0
1080,1,candidate,1197,1280,720,1920,1080,11.5251,12.5947,9.87853,1,1,0,0,0,0
1080,1,candidate,1198,1280,720,1920,1080,11.348,12.3282,9.77408,1,1,0,0,0,0
1080,1,candidate,1199,1280,720,1920,1080,11.4657,13.132,9.8263,1,1,0,0,0,0
1080,2,candidate,300,1280,720,1920,1080,11.2876,12.362,9.66246,1,1,0,0,0,0
1080,2,candidate,301,1280,720,1920,1080,11.1831,12.4399,9.80685,1,1,0,0,0,0
1080,2,candidate,302,1280,720,1920,1080,11.2947,12.5074,9.67373,1,1,0,0,0,0
1080,2,candidate,303,1280,720,1920,1080,11.221,12.4254,9.84474,1,1,0,0,0,0
1080,2,candidate,304,1280,720,1920,1080,11.2261,12.5167,9.85395,1,1,0,0,0,0
1080,2,candidate,305,1280,720,1920,1080,11.2466,12.651,9.86829,1,1,0,0,0,0
1080,2,candidate,306,1280,720,1920,1080,9.78022,10.8465,8.41011,1,1,0,0,0,0
1080,2,candidate,307,1280,720,1920,1080,12.1989,13.3321,9.89286,1,1,0,0,0,0
1080,2,candidate,308,1280,720,1920,1080,10.9507,12.0466,9.57338,1,1,0,0,0,0
1080,2,candidate,309,1280,720,1920,1080,11.2292,12.218,9.6727,1,1,0,0,0,0
1080,2,candidate,310,1280,720,1920,1080,11.3039,12.197,9.93075,1,1,0,0,0,0
1080,2,candidate,311,1280,720,1920,1080,11.1278,12.1913,9.75258,1,1,0,0,0,0
1080,2,candidate,312,1280,720,1920,1080,11.2937,12.3196,9.91846,1,1,0,0,0,0
1080,2,candidate,313,1280,720,1920,1080,11.0633,12.175,9.68806,1,1,0,0,0,0
1080,2,candidate,314,1280,720,1920,1080,11.4125,12.3196,10.0383,1,1,0,0,0,0
1080,2,candidate,315,1280,720,1920,1080,11.436,12.4365,10.0588,1,1,0,0,0,0
1080,2,candidate,316,1280,720,1920,1080,11.5016,12.4877,10.1274,1,1,0,0,0,0
1080,2,candidate,317,1280,720,1920,1080,11.4268,12.3854,10.0506,1,1,0,0,0,0
1080,2,candidate,318,1280,720,1920,1080,11.4391,12.374,10.0649,1,1,0,0,0,0
1080,2,candidate,319,1280,720,1920,1080,11.4237,12.4279,10.0444,1,1,0,0,0,0
1080,2,candidate,320,1280,720,1920,1080,11.4708,12.4225,10.0946,1,1,0,0,0,0
1080,2,candidate,321,1280,720,1920,1080,11.3807,12.3001,10.0014,1,1,0,0,0,0
1080,2,candidate,322,1280,720,1920,1080,9.73312,10.6334,8.36096,1,1,0,0,0,0
1080,2,candidate,323,1280,720,1920,1080,11.2998,12.2521,9.91949,1,1,0,0,0,0
1080,2,candidate,324,1280,720,1920,1080,9.75155,10.7255,8.38042,1,1,0,0,0,0
1080,2,candidate,325,1280,720,1920,1080,11.223,13.0149,8.59034,1,1,0,0,0,0
1080,2,candidate,326,1280,720,1920,1080,11.8395,12.9374,10.1898,1,1,0,0,0,0
1080,2,candidate,327,1280,720,1920,1080,10.9814,12.152,9.60614,1,1,0,0,0,0
1080,2,candidate,328,1280,720,1920,1080,10.9609,12.087,9.58566,1,1,0,0,0,0
1080,2,candidate,329,1280,720,1920,1080,11.6234,12.6959,9.99834,1,1,0,0,0,0
1080,2,candidate,330,1280,720,1920,1080,10.966,12.0581,9.59181,1,1,0,0,0,0
1080,2,candidate,331,1280,720,1920,1080,11.8938,12.8932,10.2707,1,1,0,0,0,0
1080,2,candidate,332,1280,720,1920,1080,11.3142,12.3453,9.94099,1,1,0,0,0,0
1080,2,candidate,333,1280,720,1920,1080,11.2773,12.2395,9.89696,1,1,0,0,0,0
1080,2,candidate,334,1280,720,1920,1080,11.2148,12.2748,8.58419,1,1,0,0,0,0
1080,2,candidate,335,1280,720,1920,1080,11.1677,12.1834,9.79046,1,1,0,0,0,0
1080,2,candidate,336,1280,720,1920,1080,11.0029,12.0714,9.62867,1,1,0,0,0,0
1080,2,candidate,337,1280,720,1920,1080,11.477,12.3808,9.89491,1,1,0,0,0,0
1080,2,candidate,338,1280,720,1920,1080,11.0397,12.1682,9.6471,1,1,0,0,0,0
1080,2,candidate,339,1280,720,1920,1080,11.0582,12.1011,9.68192,1,1,0,0,0,0
1080,2,candidate,340,1280,720,1920,1080,11.3889,12.381,10.0116,1,1,0,0,0,0
1080,2,candidate,341,1280,720,1920,1080,10.0844,10.969,8.70502,1,1,0,0,0,0
1080,2,candidate,342,1280,720,1920,1080,12.97,14.0043,11.5743,1,1,0,0,0,0
1080,2,candidate,343,1280,720,1920,1080,11.8579,12.7828,10.4786,1,1,0,0,0,0
1080,2,candidate,344,1280,720,1920,1080,9.76282,12.0162,8.38861,1,1,0,0,0,0
1080,2,candidate,345,1280,720,1920,1080,11.178,12.3189,9.80275,1,1,0,0,0,0
1080,2,candidate,346,1280,720,1920,1080,11.2906,12.2954,9.91437,1,1,0,0,0,0
1080,2,candidate,347,1280,720,1920,1080,11.3828,12.4994,10.0045,1,1,0,0,0,0
1080,2,candidate,348,1280,720,1920,1080,11.0449,12.2956,9.66963,1,1,0,0,0,0
1080,2,candidate,349,1280,720,1920,1080,11.4412,12.4022,9.80275,1,1,0,0,0,0
1080,2,candidate,350,1280,720,1920,1080,11.1565,12.4579,9.78227,1,1,0,0,0,0
1080,2,candidate,351,1280,720,1920,1080,11.3193,12.2967,9.94406,1,1,0,0,0,0
1080,2,candidate,352,1280,720,1920,1080,11.0602,12.1774,9.68806,1,1,0,0,0,0
1080,2,candidate,353,1280,720,1920,1080,11.0387,11.9776,9.65837,1,1,0,0,0,0
1080,2,candidate,354,1280,720,1920,1080,11.3469,12.2497,9.97069,1,1,0,0,0,0
1080,2,candidate,355,1280,720,1920,1080,11.2568,12.2226,9.87955,1,1,0,0,0,0
1080,2,candidate,356,1280,720,1920,1080,11.4493,12.3572,10.0731,1,1,0,0,0,0
1080,2,candidate,357,1280,720,1920,1080,11.5773,12.6286,10.2001,1,1,0,0,0,0
1080,2,candidate,358,1280,720,1920,1080,11.4872,12.47,10.113,1,1,0,0,0,0
1080,2,candidate,359,1280,720,1920,1080,11.4729,12.5157,10.0936,1,1,0,0,0,0
1080,2,candidate,360,1280,720,1920,1080,11.4493,12.3606,10.0721,1,1,0,0,0,0
1080,2,candidate,361,1280,720,1920,1080,9.82323,10.839,8.44595,1,1,0,0,0,0
1080,2,candidate,362,1280,720,1920,1080,11.1022,13.7782,9.7239,1,1,0,0,0,0
1080,2,candidate,363,1280,720,1920,1080,11.3562,12.2306,9.98093,1,1,0,0,0,0
1080,2,candidate,364,1280,720,1920,1080,11.2835,12.2528,9.90515,1,1,0,0,0,0
1080,2,candidate,365,1280,720,1920,1080,11.2804,12.2752,9.90208,1,1,0,0,0,0
1080,2,candidate,366,1280,720,1920,1080,11.4391,12.3893,9.80787,1,1,0,0,0,0
1080,2,candidate,367,1280,720,1920,1080,11.4514,12.4421,9.81299,1,1,0,0,0,0
1080,2,candidate,368,1280,720,1920,1080,11.4801,12.5216,9.83552,1,1,0,0,0,0
1080,2,candidate,369,1280,720,1920,1080,11.4698,12.4793,9.82221,1,1,0,0,0,0
1080,2,candidate,370,1280,720,1920,1080,11.3121,12.5009,9.65734,1,1,0,0,0,0
1080,2,candidate,371,1280,720,1920,1080,11.607,12.6868,9.95942,1,1,0,0,0,0
1080,2,candidate,372,1280,720,1920,1080,11.4627,12.4943,9.82118,1,1,0,0,0,0
1080,2,candidate,373,1280,720,1920,1080,11.5333,12.9133,9.89389,1,1,0,0,0,0
1080,2,candidate,374,1280,720,1920,1080,11.3213,12.4617,9.94509,1,1,0,0,0,0
1080,2,candidate,375,1280,720,1920,1080,10.9752,11.9722,9.5959,1,1,0,0,0,0
1080,2,candidate,376,1280,720,1920,1080,11.008,12.0788,9.63379,1,1,0,0,0,0
1080,2,candidate,377,1280,720,1920,1080,11.4637,12.3691,9.83245,1,1,0,0,0,0
1080,2,candidate,378,1280,720,1920,1080,11.479,12.4357,9.83552,1,1,0,0,0,0
1080,2,candidate,379,1280,720,1920,1080,11.4166,12.4342,9.76077,1,1,0,0,0,0
1080,2,candidate,380,1280,720,1920,1080,11.2046,12.1671,9.65427,1,1,0,0,0,0
1080,2,candidate,381,1280,720,1920,1080,11.4514,12.4753,10.0741,1,1,0,0,0,0
1080,2,candidate,382,1280,720,1920,1080,11.2558,12.1387,9.62048,1,1,0,0,0,0
1080,2,candidate,383,1280,720,1920,1080,11.3183,12.5475,9.93997,1,1,0,0,0,0
1080,2,candidate,384,1280,720,1920,1080,11.2835,12.4996,9.91027,1,1,0,0,0,0
1080,2,candidate,385,1280,720,1920,1080,11.2824,12.4479,9.9072,1,1,0,0,0,0
1080,2,candidate,386,1280,720,1920,1080,11.2906,12.3042,9.91642,1,1,0,0,0,0
1080,2,candidate,387,1280,720,1920,1080,11.2568,12.5103,9.88262,1,1,0,0,0,0
1080,2,candidate,388,1280,720,1920,1080,11.2896,12.8423,9.91539,1,1,0,0,0,0
1080,2,candidate,389,1280,720,1920,1080,11.3469,12.4045,9.96762,1,1,0,0,0,0
1080,2,candidate,390,1280,720,1920,1080,11.223,12.1956,9.67168,1,1,0,0,0,0
1080,2,candidate,391,1280,720,1920,1080,11.2497,12.2353,9.87238,1,1,0,0,0,0
1080,2,candidate,392,1280,720,1920,1080,11.2538,12.5053,9.87853,1,1,0,0,0,0
1080,2,candidate,393,1280,720,1920,1080,11.222,12.3902,9.84781,1,1,0,0,0,0
1080,2,candidate,394,1280,720,1920,1080,11.1493,12.1662,9.77306,1,1,0,0,0,0
1080,2,candidate,395,1280,720,1920,1080,11.8589,12.7695,10.241,1,1,0,0,0,0
1080,2,candidate,396,1280,720,1920,1080,11.0152,12.3381,9.63994,1,1,0,0,0,0
1080,2,candidate,397,1280,720,1920,1080,11.2538,12.4935,9.87443,1,1,0,0,0,0
1080,2,candidate,398,1280,720,1920,1080,11.307,12.4249,9.93485,1,1,0,0,0,0
1080,2,candidate,399,1280,720,1920,1080,11.3992,12.3854,10.0229,1,1,0,0,0,0
1080,2,candidate,400,1280,720,1920,1080,11.0152,12.2263,9.63891,1,1,0,0,0,0
1080,2,candidate,401,1280,720,1920,1080,11.0213,12.2867,9.64301,1,1,0,0,0,0
1080,2,candidate,402,1280,720,1920,1080,11.1555,12.3158,9.78125,1,1,0,0,0,0
1080,2,candidate,403,1280,720,1920,1080,11.0111,12.1488,9.63174,1,1,0,0,0,0
1080,2,candidate,404,1280,720,1920,1080,11.35,12.3531,9.97376,1,1,0,0,0,0
1080,2,candidate,405,1280,720,1920,1080,11.2876,12.2365,9.66861,1,1,0,0,0,0
1080,2,candidate,406,1280,720,1920,1080,10.9804,11.9743,8.33741,1,1,0,0,0,0
1080,2,candidate,407,1280,720,1920,1080,11.4596,12.3742,9.82528,1,1,0,0,0,0
1080,2,candidate,408,1280,720,1920,1080,11.2435,12.4305,9.87034,1,1,0,0,0,0
1080,2,candidate,409,1280,720,1920,1080,9.91949,10.8546,8.54426,1,1,0,0,0,0
1080,2,candidate,410,1280,720,1920,1080,12.1518,13.2475,9.86317,1,1,0,0,0,0
1080,2,candidate,411,1280,720,1920,1080,11.0602,12.1746,9.68499,1,1,0,0,0,0
1080,2,candidate,412,1280,720,1920,1080,9.79149,10.7725,8.41933,1,1,0,0,0,0
1080,2,candidate,413,1280,720,1920,1080,11.4319,12.3501,10.0413,1,1,0,0,0,0
1080,2,candidate,414,1280,720,1920,1080,12.7672,13.7146,11.1063,1,1,0,0,0,0
1080,2,candidate,415,1280,720,1920,1080,11.689,12.6463,10.0291,1,1,0,0,0,0
1080,2,candidate,416,1280,720,1920,1080,11.4196,12.4318,9.76486,1,1,0,0,0,0
1080,2,candidate,417,1280,720,1920,1080,11.3695,12.4972,9.69728,1,1,0,0,0,0
1080,2,candidate,418,1280,720,1920,1080,11.3234,12.2787,9.66144,1,1,0,0,0,0
1080,2,candidate,419,1280,720,1920,1080,11.3725,12.3391,9.728,1,1,0,0,0,0
1080,2,candidate,420,1280,720,1920,1080,11.2015,12.4119,9.82323,1,1,0,0,0,0
1080,2,candidate,421,1280,720,1920,1080,11.2609,12.4525,9.88365,1,1,0,0,0,0
1080,2,candidate,422,1280,720,1920,1080,11.305,12.3536,9.9328,1,1,0,0,0,0
1080,2,candidate,423,1280,720,1920,1080,11.2159,12.493,9.83962,1,1,0,0,0,0
1080,2,candidate,424,1280,720,1920,1080,11.2957,12.412,9.92154,1,1,0,0,0,0
1080,2,candidate,425,1280,720,1920,1080,11.3388,12.4503,9.96147,1,1,0,0,0,0
1080,2,candidate,426,1280,720,1920,1080,10.1243,11.0513,8.75008,1,1,0,0,0,0
1080,2,candidate,427,1280,720,1920,1080,10.9353,13.5158,9.54368,1,1,0,0,0,0
1080,2,candidate,428,1280,720,1920,1080,11.4309,12.5728,10.0567,1,1,0,0,0,0
1080,2,candidate,429,1280,720,1920,1080,11.0746,12.3935,9.69728,1,1,0,0,0,0
1080,2,candidate,430,1280,720,1920,1080,11.1104,12.4289,9.73722,1,1,0,0,0,0
1080,2,candidate,431,1280,720,1920,1080,11.2558,12.5145,9.88262,1,1,0,0,0,0
1080,2,candidate,432,1280,720,1920,1080,11.2445,12.4543,9.87238,1,1,0,0,0,0
1080,2,candidate,433,1280,720,1920,1080,11.2558,12.546,9.87955,1,1,0,0,0,0
1080,2,candidate,434,1280,720,1920,1080,11.3183,12.6866,9.94509,1,1,0,0,0,0
1080,2,candidate,435,1280,720,1920,1080,11.3664,12.3274,9.7536,1,1,0,0,0,0
1080,2,candidate,436,1280,720,1920,1080,11.2435,12.4433,9.87136,1,1,0,0,0,0
1080,2,candidate,437,1280,720,1920,1080,11.0735,12.2421,9.69523,1,1,0,0,0,0
1080,2,candidate,438,1280,720,1920,1080,11.2292,12.2338,9.856,1,1,0,0,0,0
1080,2,candidate,439,1280,720,1920,1080,11.4698,12.5811,10.0936,1,1,0,0,0,0
1080,2,candidate,440,1280,720,1920,1080,11.2906,12.6192,9.91642,1,1,0,0,0,0
1080,2,candidate,441,1280,720,1920,1080,11.1155,12.3871,9.73722,1,1,0,0,0,0
1080,2,candidate,442,1280,720,1920,1080,11.3777,12.4796,10.0045,1,1,0,0,0,0
1080,2,candidate,443,1280,720,1920,1080,9.76486,10.7286,8.38861,1,1,0,0,0,0
1080,2,candidate,444,1280,720,1920,1080,9.3952,10.3359,8.02611,1,1,0,0,0,0
1080,2,candidate,445,1280,720,1920,1080,11.2916,12.2418,9.91539,1,1,0,0,0,0
1080,2,candidate,446,1280,720,1920,1080,11.1974,13.0798,9.79968,1,1,0,0,0,0
1080,2,candidate,447,1280,720,1920,1080,11.3039,12.1917,9.92563,1,1,0,0,0,0
1080,2,candidate,448,1280,720,1920,1080,10.111,11.1164,8.73882,1,1,0,0,0,0
1080,2,candidate,449,1280,720,1920,1080,12.7222,13.757,9.97581,1,1,0,0,0,0
1080,2,candidate,450,1280,720,1920,1080,11.3234,12.9281,9.95226,1,1,0,0,0,0
1080,2,candidate,451,1280,720,1920,1080,11.1718,12.3516,9.79354,1,1,0,0,0,0
1080,2,candidate,452,1280,720,1920,1080,11.3162,12.3044,9.68294,1,1,0,0,0,0
1080,2,candidate,453,1280,720,1920,1080,11.2118,12.478,9.8345,1,1,0,0,0,0
1080,2,candidate,454,1280,720,1920,1080,11.1933,12.4315,9.81914,1,1,0,0,0,0
1080,2,candidate,455,1280,720,1920,1080,11.2517,12.3516,9.87648,1,1,0,0,0,0
1080,2,candidate,456,1280,720,1920,1080,11.1954,12.2905,9.82118,1,1,0,0,0,0
1080,2,candidate,457,1280,720,1920,1080,11.1923,12.1957,9.81606,1,1,0,0,0,0
1080,2,candidate,458,1280,720,1920,1080,10.9773,12.0625,9.6041,1,1,0,0,0,0
1080,2,candidate,459,1280,720,1920,1080,11.2906,12.5806,9.91027,1,1,0,0,0,0
1080,2,candidate,460,1280,720,1920,1080,11.0408,12.1323,9.66758,1,1,0,0,0,0
1080,2,candidate,461,1280,720,1920,1080,11.4473,12.338,10.068,1,1,0,0,0,0
1080,2,candidate,462,1280,720,1920,1080,11.3183,12.3717,9.68909,1,1,0,0,0,0
1080,2,candidate,463,1280,720,1920,1080,11.2456,12.1707,9.87034,1,1,0,0,0,0
1080,2,candidate,464,1280,720,1920,1080,11.2589,12.3041,9.88467,1,1,0,0,0,0
1080,2,candidate,465,1280,720,1920,1080,11.3039,12.2953,9.9287,1,1,0,0,0,0
1080,2,candidate,466,1280,720,1920,1080,11.435,12.5478,10.0618,1,1,0,0,0,0
1080,2,candidate,467,1280,720,1920,1080,11.4637,12.5479,10.0874,1,1,0,0,0,0
1080,2,candidate,468,1280,720,1920,1080,11.5487,12.6848,10.1765,1,1,0,0,0,0
1080,2,candidate,469,1280,720,1920,1080,11.1063,12.3599,9.71162,1,1,0,0,0,0
1080,2,candidate,470,1280,720,1920,1080,11.4278,12.4773,10.0516,1,1,0,0,0,0
1080,2,candidate,471,1280,720,1920,1080,11.3469,12.413,9.97171,1,1,0,0,0,0
1080,2,candidate,472,1280,720,1920,1080,11.2855,12.402,9.91027,1,1,0,0,0,0
1080,2,candidate,473,1280,720,1920,1080,11.4289,12.4515,10.0516,1,1,0,0,0,0
1080,2,candidate,474,1280,720,1920,1080,11.5005,12.4539,10.1274,1,1,0,0,0,0
1080,2,candidate,475,1280,720,1920,1080,11.4289,12.4099,10.0485,1,1,0,0,0,0
1080,2,candidate,476,1280,720,1920,1080,11.3859,12.4748,10.0127,1,1,0,0,0,0
1080,2,candidate,477,1280,720,1920,1080,11.4115,12.3454,10.0321,1,1,0,0,0,0
1080,2,candidate,478,1280,720,1920,1080,11.2835,12.5423,9.9072,1,1,0,0,0,0
1080,2,candidate,479,1280,720,1920,1080,11.2548,12.1996,9.87546,1,1,0,0,0,0
1080,2,candidate,480,1280,720,1920,1080,11.4278,12.43,10.0536,1,1,0,0,0,0
1080,2,candidate,481,1280,720,1920,1080,11.2916,12.2995,9.91232,1,1,0,0,0,0
1080,2,candidate,482,1280,720,1920,1080,11.4842,12.4746,9.84883,1,1,0,0,0,0
1080,2,candidate,483,1280,720,1920,1080,11.5016,12.5937,9.85088,1,1,0,0,0,0
1080,2,candidate,484,1280,720,1920,1080,11.4749,12.4466,9.84474,1,1,0,0,0,0
1080,2,candidate,485,1280,720,1920,1080,11.3449,12.5073,9.97069,1,1,0,0,0,0
1080,2,candidate,486,1280,720,1920,1080,11.3009,12.4535,9.92461,1,1,0,0,0,0
1080,2,candidate,487,1280,720,1920,1080,11.3469,12.4804,9.97274,1,1,0,0,0,0
1080,2,candidate,488,1280,720,1920,1080,11.348,12.3697,9.96966,1,1,0,0,0,0
1080,2,candidate,489,1280,720,1920,1080,11.3428,12.3015,9.96762,1,1,0,0,0,0
1080,2,candidate,490,1280,720,1920,1080,11.5067,12.4846,9.86214,1,1,0,0,0,0
1080,2,candidate,491,1280,720,1920,1080,11.4831,12.6026,9.84371,1,1,0,0,0,0
1080,2,candidate,492,1280,720,1920,1080,11.4678,12.5999,9.82835,1,1,0,0,0,0
1080,2,candidate,493,1280,720,1920,1080,11.2599,12.3038,9.88365,1,1,0,0,0,0
1080,2,candidate,494,1280,720,1920,1080,11.5128,12.5191,9.87443,1,1,0,0,0,0
1080,2,candidate,495,1280,720,1920,1080,11.5374,12.4734,9.90106,1,1,0,0,0,0
1080,2,candidate,496,1280,720,1920,1080,11.4586,12.4923,9.82323,1,1,0,0,0,0
1080,2,candidate,497,1280,720,1920,1080,11.5159,12.5925,9.87546,1,1,0,0,0,0
1080,2,candidate,498,1280,720,1920,1080,11.477,12.4152,9.83654,1,1,0,0,0,0
1080,2,candidate,499,1280,720,1920,1080,11.3142,12.3743,9.93894,1,1,0,0,0,0
1080,2,candidate,500,1280,720,1920,1080,11.3121,12.3668,9.93587,1,1,0,0,0,0
1080,2,candidate,501,1280,720,1920,1080,11.479,12.6553,9.82426,1,1,0,0,0,0
1080,2,candidate,502,1280,720,1920,1080,11.2138,12.4692,8.52685,1,1,0,0,0,0
1080,2,candidate,503,1280,720,1920,1080,11.2497,12.4726,9.87238,1,1,0,0,0,0
1080,2,candidate,504,1280,720,1920,1080,11.3828,12.5481,9.83757,1,1,0,0,0,0
1080,2,candidate,505,1280,720,1920,1080,11.3275,12.3392,9.95021,1,1,0,0,0,0
1080,2,candidate,506,1280,720,1920,1080,9.73517,10.7767,8.36301,1,1,0,0,0,0
1080,2,candidate,507,1280,720,1920,1080,9.83962,11.702,8.46336,1,1,0,0,0,0
1080,2,candidate,508,1280,720,1920,1080,10.9793,12.1191,9.60512,1,1,0,0,0,0
1080,2,candidate,509,1280,720,1920,1080,10.921,12.0706,9.5447,1,1,0,0,0,0
1080,2,candidate,510,1280,720,1920,1080,11.3449,12.2883,9.96966,1,1,0,0,0,0
1080,2,candidate,511,1280,720,1920,1080,12.6597,13.7529,11.2835,1,1,0,0,0,0
1080,2,candidate,512,1280,720,1920,1080,9.93178,10.941,8.56166,1,1,0,0,0,0
1080,2,candidate,513,1280,720,1920,1080,9.95635,12.1152,8.57702,1,1,0,0,0,0
1080,2,candidate,514,1280,720,1920,1080,11.5773,12.5603,10.2021,1,1,0,0,0,0
1080,2,candidate,515,1280,720,1920,1080,9.44845,10.324,8.07219,1,1,0,0,0,0
1080,2,candidate,516,1280,720,1920,1080,11.3582,13.3943,9.98195,1,1,0,0,0,0
1080,2,candidate,517,1280,720,1920,1080,11.1995,12.1834,9.81914,1,1,0,0,0,0
1080,2,candidate,518,1280,720,1920,1080,11.2466,12.3845,8.56986,1,1,0,0,0,0
1080,2,candidate,519,1280,720,1920,1080,11.3592,12.4043,9.98707,1,1,0,0,0,0
1080,2,candidate,520,1280,720,1920,1080,11.3439,12.3187,9.96557,1,1,0,0,0,0
1080,2,candidate,521,1280,720,1920,1080,11.01,12.0624,9.63379,1,1,0,0,0,0
1080,2,candidate,522,1280,720,1920,1080,11.3807,12.3334,10.0086,1,1,0,0,0,0
1080,2,candidate,523,1280,720,1920,1080,11.4217,12.4259,10.0434,1,1,0,0,0,0
1080,2,candidate,524,1280,720,1920,1080,11.1923,12.2609,9.81709,1,1,0,0,0,0
1080,2,candidate,525,1280,720,1920,1080,11.3367,12.5249,9.95942,1,1,0,0,0,0
1080,2,candidate,526,1280,720,1920,1080,11.0961,12.3457,9.72083,1,1,0,0,0,0
1080,2,candidate,527,1280,720,1920,1080,11.3807,12.3307,10.0045,1,1,0,0,0,0
1080,2,candidate,528,1280,720,1920,1080,11.2732,12.2782,9.89901,1,1,0,0,0,0
1080,2,candidate,529,1280,720,1920,1080,11.2558,12.2281,9.8775,1,1,0,0,0,0
1080,2,candidate,530,1280,720,1920,1080,11.2927,12.3219,9.91744,1,1,0,0,0,0
1080,2,candidate,531,1280,720,1920,1080,11.4483,12.4846,10.071,1,1,0,0,0,0
1080,2,candidate,532,1280,720,1920,1080,11.4883,12.4918,10.114,1,1,0,0,0,0
1080,2,candidate,533,1280,720,1920,1080,11.476,12.5556,10.1028,1,1,0,0,0,0
1080,2,candidate,534,1280,720,1920,1080,11.4432,12.4781,10.068,1,1,0,0,0,0
1080,2,candidate,535,1280,720,1920,1080,11.2906,12.4771,9.91642,1,1,0,0,0,0
1080,2,candidate,536,1280,720,1920,1080,11.4432,12.4333,10.068,1,1,0,0,0,0
1080,2,candidate,537,1280,720,1920,1080,11.4852,12.6086,10.1069,1,1,0,0,0,0
1080,2,candidate,538,1280,720,1920,1080,11.2957,12.3048,9.92256,1,1,0,0,0,0
1080,2,candidate,539,1280,720,1920,1080,11.5077,12.5819,10.1304,1,1,0,0,0,0
1080,2,candidate,540,1280,720,1920,1080,11.4893,12.5077,10.112,1,1,0,0,0,0
1080,2,candidate,541,1280,720,1920,1080,11.4381,12.558,10.0608,1,1,0,0,0,0
1080,2,candidate,542,1280,720,1920,1080,11.0715,12.2254,9.69421,1,1,0,0,0,0
1080,2,candidate,543,1280,720,1920,1080,11.4893,12.4967,10.112,1,1,0,0,0,0
1080,2,candidate,544,1280,720,1920,1080,11.5057,12.594,10.1325,1,1,0,0,0,0
1080,2,candidate,545,1280,720,1920,1080,11.266,12.241,9.88877,1,1,0,0,0,0
1080,2,candidate,546,1280,720,1920,1080,11.4862,12.5128,10.111,1,1,0,0,0,0
1080,2,candidate,547,1280,720,1920,1080,11.5343,12.5208,10.1571,1,1,0,0,0,0
1080,2,candidate,548,1280,720,1920,1080,11.3111,12.3614,9.93382,1,1,0,0,0,0
1080,2,candidate,549,1280,720,1920,1080,11.4094,12.5543,10.0332,1,1,0,0,0,0
1080,2,candidate,550,1280,720,1920,1080,11.4739,12.9118,10.0997,1,1,0,0,0,0
1080,2,candidate,551,1280,720,1920,1080,11.4217,12.5176,10.0434,1,1,0,0,0,0
1080,2,candidate,552,1280,720,1920,1080,9.74746,10.6856,8.37632,1,1,0,0,0,0
1080,2,candidate,553,1280,720,1920,1080,11.3541,13.5256,9.97581,1,1,0,0,0,0
1080,2,candidate,554,1280,720,1920,1080,11.4483,12.4514,10.071,1,1,0,0,0,0
1080,2,candidate,555,1280,720,1920,1080,11.307,12.4285,9.93075,1,1,0,0,0,0
1080,2,candidate,556,1280,720,1920,1080,11.1391,12.127,9.76384,1,1,0,0,0,0
1080,2,candidate,557,1280,720,1920,1080,11.0162,12.1255,9.64096,1,1,0,0,0,0
1080,2,candidate,558,1280,720,1920,1080,11.4196,12.3442,9.87034,1,1,0,0,0,0
1080,2,candidate,559,1280,720,1920,1080,11.4657,12.4584,10.0895,1,1,0,0,0,0
1080,2,candidate,560,1280,720,1920,1080,11.4934,12.4156,9.84064,1,1,0,0,0,0
1080,2,candidate,561,1280,720,1920,1080,11.3121,12.3208,9.65325,1,1,0,0,0,0
1080,2,candidate,562,1280,720,1920,1080,11.2845,12.2078,9.64915,1,1,0,0,0,0
1080,2,candidate,563,1280,720,1920,1080,11.2476,12.2682,9.69318,1,1,0,0,0,0
1080,2,candidate,564,1280,720,1920,1080,11.3091,12.5047,9.9369,1,1,0,0,0,0
1080,2,candidate,565,1280,720,1920,1080,10.1366,11.0057,8.76134,1,1,0,0,0,0
1080,2,candidate,566,1280,720,1920,1080,12.6116,13.6502,11.2056,1,1,0,0,0,0
1080,2,candidate,567,1280,720,1920,1080,9.71674,10.6805,8.34355,1,1,0,0,0,0
1080,2,candidate,568,1280,720,1920,1080,10.6271,13.0887,9.02554,1,1,0,0,0,0
1080,2,candidate,569,1280,720,1920,1080,9.79866,10.6887,8.4224,1,1,0,0,0,0
1080,2,candidate,570,1280,720,1920,1080,11.4739,13.4621,10.0997,1,1,0,0,0,0
1080,2,candidate,571,1280,720,1920,1080,11.4074,12.2663,10.0321,1,1,0,0,0,0
1080,2,candidate,572,1280,720,1920,1080,11.3234,12.2483,9.94816,1,1,0,0,0,0
1080,2,candidate,573,1280,720,1920,1080,11.1708,12.1532,9.79456,1,1,0,0,0,0
1080,2,candidate,574,1280,720,1920,1080,11.266,12.1595,9.89286,1,1,0,0,0,0
1080,2,candidate,575,1280,720,1920,1080,11.4534,12.3876,9.82016,1,1,0,0,0,0
1080,2,candidate,576,1280,720,1920,1080,11.3029,12.2557,9.65222,1,1,0,0,0,0
1080,2,candidate,577,1280,720,1920,1080,11.1923,12.2249,9.63789,1,1,0,0,0,0
1080,2,candidate,578,1280,720,1920,1080,11.4381,12.5327,10.0639,1,1,0,0,0,0
1080,2,candidate,579,1280,720,1920,1080,11.1852,12.3569,9.81094,1,1,0,0,0,0
1080,2,candidate,580,1280,720,1920,1080,11.094,12.3065,9.71878,1,1,0,0,0,0
1080,2,candidate,581,1280,720,1920,1080,9.76896,10.8877,8.39168,1,1,0,0,0,0
1080,2,candidate,582,1280,720,1920,1080,12.7252,13.8083,10.3875,1,1,0,0,0,0
1080,2,candidate,583,1280,720,1920,1080,11.4975,12.4716,9.95533,1,1,0,0,0,0
1080,2,candidate,584,1280,720,1920,1080,11.5108,12.4929,10.1376,1,1,0,0,0,0
1080,2,candidate,585,1280,720,1920,1080,11.0469,12.4238,9.67373,1,1,0,0,0,0
1080,2,candidate,586,1280,720,1920,1080,11.0643,12.3627,9.68909,1,1,0,0,0,0
1080,2,candidate,587,1280,720,1920,1080,11.1739,12.2232,9.79763,1,1,0,0,0,0
1080,2,candidate,588,1280,720,1920,1080,11.2558,12.2339,9.88262,1,1,0,0,0,0
1080,2,candidate,589,1280,720,1920,1080,11.3172,12.2411,9.94202,1,1,0,0,0,0
1080,2,candidate,590,1280,720,1920,1080,11.1217,12.1705,9.7495,1,1,0,0,0,0
1080,2,candidate,591,1280,720,1920,1080,11.2476,12.4462,9.87341,1,1,0,0,0,0
1080,2,candidate,592,1280,720,1920,1080,11.1831,12.3063,9.8089,1,1,0,0,0,0
1080,2,candidate,593,1280,720,1920,1080,11.9265,12.8511,10.3086,1,1,0,0,0,0
1080,2,candidate,594,1280,720,1920,1080,11.1258,12.2542,9.7536,1,1,0,0,0,0
1080,2,candidate,595,1280,720,1920,1080,11.394,12.4186,10.0178,1,1,0,0,0,0
1080,2,candidate,596,1280,720,1920,1080,11.2599,12.3129,9.88672,1,1,0,0,0,0
1080,2,candidate,597,1280,720,1920,1080,11.223,12.2875,9.84576,1,1,0,0,0,0
1080,2,candidate,598,1280,720,1920,1080,11.2527,12.3195,9.87955,1,1,0,0,0,0
1080,2,candidate,599,1280,720,1920,1080,11.4739,12.388,10.0966,1,1,0,0,0,0
1080,2,candidate,600,1280,720,1920,1080,11.2271,12.2812,9.85498,1,1,0,0,0,0
1080,2,candidate,601,1280,720,1920,1080,11.4452,12.5449,9.80173,1,1,0,0,0,0
1080,2,candidate,602,1280,720,1920,1080,11.4964,12.3865,10.1212,1,1,0,0,0,0
1080,2,candidate,603,1280,720,1920,1080,11.2988,12.2572,9.92358,1,1,0,0,0,0
1080,2,candidate,604,1280,720,1920,1080,11.2835,12.2806,9.91027,1,1,0,0,0,0
1080,2,candidate,605,1280,720,1920,1080,11.2456,12.2251,9.86829,1,1,0,0,0,0
1080,2,candidate,606,1280,720,1920,1080,11.476,12.5425,9.84269,1,1,0,0,0,0
1080,2,candidate,607,1280,720,1920,1080,11.4749,12.4241,9.83859,1,1,0,0,0,0
1080,2,candidate,608,1280,720,1920,1080,11.307,12.5173,9.93485,1,1,0,0,0,0
1080,2,candidate,609,1280,720,1920,1080,11.5476,12.5737,9.91027,1,1,0,0,0,0
1080,2,candidate,610,1280,720,1920,1080,11.1462,12.1387,9.77203,1,1,0,0,0,0
1080,2,candidate,611,1280,720,1920,1080,11.4493,12.4537,10.0741,1,1,0,0,0,0
1080,2,candidate,612,1280,720,1920,1080,11.4278,12.3689,9.79149,1,1,0,0,0,0
1080,2,candidate,613,1280,720,1920,1080,11.434,12.4752,9.79251,1,1,0,0,0,0
1080,2,candidate,614,1280,720,1920,1080,11.2927,12.3343,9.65734,1,1,0,0,0,0
1080,2,candidate,615,1280,720,1920,1080,11.4954,12.6069,9.86112,1,1,0,0,0,0
1080,2,candidate,616,1280,720,1920,1080,11.3162,12.26,9.6727,1,1,0,0,0,0
1080,2,candidate,617,1280,720,1920,1080,11.3142,12.5425,9.65325,1,1,0,0,0,0
1080,2,candidate,618,1280,720,1920,1080,11.0653,12.1056,9.65939,1,1,0,0,0,0
1080,2,candidate,619,1280,720,1920,1080,11.4811,12.3788,9.84269,1,1,0,0,0,0
1080,2,candidate,620,1280,720,1920,1080,11.2364,12.5158,9.86419,1,1,0,0,0,0
1080,2,candidate,621,1280,720,1920,1080,11.178,12.4303,9.80275,1,1,0,0,0,0
1080,2,candidate,622,1280,720,1920,1080,11.2722,12.6396,9.9031,1,1,0,0,0,0
1080,2,candidate,623,1280,720,1920,1080,11.348,12.4009,9.69523,1,1,0,0,0,0
1080,2,candidate,624,1280,720,1920,1080,11.1759,12.437,9.8048,1,1,0,0,0,0
1080,2,candidate,625,1280,720,1920,1080,11.2783,12.2711,9.62662,1,1,0,0,0,0
1080,2,candidate,626,1280,720,1920,1080,11.3039,12.6822,9.9287,1,1,0,0,0,0
1080,2,candidate,627,1280,720,1920,1080,11.5702,12.6053,9.91744,1,1,0,0,0,0
1080,2,candidate,628,1280,720,1920,1080,11.2579,12.3714,9.61741,1,1,0,0,0,0
1080,2,candidate,629,1280,720,1920,1080,11.1852,12.5262,9.8089,1,1,0,0,0,0
1080,2,candidate,630,1280,720,1920,1080,11.3091,12.6629,9.93894,1,1,0,0,0,0
1080,2,candidate,631,1280,720,1920,1080,11.2845,12.3207,9.90925,1,1,0,0,0,0
1080,2,candidate,632,1280,720,1920,1080,11.3285,12.2456,9.67987,1,1,0,0,0,0
1080,2,candidate,633,1280,720,1920,1080,11.2394,12.6183,9.86829,1,1,0,0,0,0
1080,2,candidate,634,1280,720,1920,1080,11.3531,12.5472,9.98195,1,1,0,0,0,0
1080,2,candidate,635,1280,720,1920,1080,11.4176,12.3118,10.0413,1,1,0,0,0,0
1080,2,candidate,636,1280,720,1920,1080,11.1882,12.4164,9.81709,1,1,0,0,0,0
1080,2,candidate,637,1280,720,1920,1080,11.476,12.5256,10.1038,1,1,0,0,0,0
1080,2,candidate,638,1280,720,1920,1080,11.263,12.4307,9.88877,1,1,0,0,0,0
1080,2,candidate,639,1280,720,1920,1080,11.4596,12.4794,10.0833,1,1,0,0,0,0
1080,2,candidate,640,1280,720,1920,1080,11.1974,12.6641,9.82733,1,1,0,0,0,0
1080,2,candidate,641,1280,720,1920,1080,11.4883,12.7327,10.113,1,1,0,0,0,0
1080,2,candidate,642,1280,720,1920,1080,11.0121,12.0689,9.64096,1,1,0,0,0,0
1080,2,candidate,643,1280,720,1920,1080,10.0383,12.3358,8.66611,1,1,0,0,0,0
1080,2,candidate,644,1280,720,1920,1080,11.1165,12.3095,9.74541,1,1,0,0,0,0
1080,2,candidate,645,1280,720,1920,1080,9.91437,10.793,8.53914,1,1,0,0,0,0
1080,2,candidate,646,1280,720,1920,1080,12.8123,13.8428,11.4412,1,1,0,0,0,0
1080,2,candidate,647,1280,720,1920,1080,11.4719,12.4637,10.0362,1,1,0,0,0,0
1080,2,candidate,648,1280,720,1920,1080,11.1012,12.1395,9.728,1,1,0,0,0,0
1080,2,candidate,649,1280,720,1920,1080,11.4708,12.9847,10.0966,1,1,0,0,0,0
1080,2,candidate,650,1280,720,1920,1080,9.9328,10.8866,8.56269,1,1,0,0,0,0
1080,2,candidate,651,1280,720,1920,1080,11.0694,12.1335,9.67475,1,1,0,0,0,0
1080,2,candidate,652,1280,720,1920,1080,9.7321,10.7947,8.36198,1,1,0,0,0,0
1080,2,candidate,653,1280,720,1920,1080,9.81709,12.2077,8.44288,1,1,0,0,0,0
1080,2,candidate,654,1280,720,1920,1080,11.3193,12.2758,9.94611,1,1,0,0,0,0
1080,2,candidate,655,1280,720,1920,1080,11.1882,12.3526,9.81402,1,1,0,0,0,0
1080,2,candidate,656,1280,720,1920,1080,11.0828,12.2383,9.70854,1,1,0,0,0,0
1080,2,candidate,657,1280,720,1920,1080,11.4299,12.4105,10.0516,1,1,0,0,0,0
1080,2,candidate,658,1280,720,1920,1080,11.0684,12.3773,9.6983,1,1,0,0,0,0
1080,2,candidate,659,1280,720,1920,1080,11.1626,12.4437,9.78739,1,1,0,0,0,0
1080,2,candidate,660,1280,720,1920,1080,11.4729,12.5376,10.1028,1,1,0,0,0,0
1080,2,candidate,661,1280,720,1920,1080,11.3306,12.3042,9.94714,1,1,0,0,0,0
1080,2,candidate,662,1280,720,1920,1080,11.1094,12.1837,9.74029,1,1,0,0,0,0
1080,2,candidate,663,1280,720,1920,1080,11.2927,12.3793,9.91744,1,1,0,0,0,0
1080,2,candidate,664,1280,720,1920,1080,11.5794,12.6866,9.9328,1,1,0,0,0,0
1080,2,candidate,665,1280,720,1920,1080,11.0019,12.1315,9.62458,1,1,0,0,0,0
1080,2,candidate,666,1280,720,1920,1080,11.6296,12.6093,9.99014,1,1,0,0,0,0
1080,2,candidate,667,1280,720,1920,1080,11.2876,12.3461,9.91642,1,1,0,0,0,0
1080,2,candidate,668,1280,720,1920,1080,11.0234,12.2477,9.64608,1,1,0,0,0,0
1080,2,candidate,669,1280,720,1920,1080,11.4145,12.3105,10.0393,1,1,0,0,0,0
1080,2,candidate,670,1280,720,1920,1080,11.0387,12.2105,9.65837,1,1,0,0,0,0
1080,2,candidate,671,1280,720,1920,1080,11.774,12.6964,10.1304,1,1,0,0,0,0
1080,2,candidate,672,1280,720,1920,1080,11.2159,12.2715,9.84371,1,1,0,0,0,0
1080,2,candidate,673,1280,720,1920,1080,11.4125,12.3754,10.0372,1,1,0,0,0,0
1080,2,candidate,674,1280,720,1920,1080,11.4452,12.516,10.0721,1,1,0,0,0,0
1080,2,candidate,675,1280,720,1920,1080,11.4555,12.5619,10.0803,1,1,0,0,0,0
1080,2,candidate,676,1280,720,1920,1080,11.4708,12.52,10.0987,1,1,0,0,0,0
1080,2,candidate,677,1280,720,1920,1080,11.4094,12.3269,10.0332,1,1,0,0,0,0
1080,2,candidate,678,1280,720,1920,1080,11.4309,12.5162,10.0557,1,1,0,0,0,0
1080,2,candidate,679,1280,720,1920,1080,9.9072,10.8872,8.53606,1,1,0,0,0,0
1080,2,candidate,680,1280,720,1920,1080,12.586,13.711,9.92563,1,1,0,0,0,0
1080,2,candidate,681,1280,720,1920,1080,9.91846,10.9156,8.54733,1,1,0,0,0,0
1080,2,candidate,682,1280,720,1920,1080,12.6198,13.8021,11.22,1,1,0,0,0,0
1080,2,candidate,683,1280,720,1920,1080,10.9158,11.9967,9.54061,1,1,0,0,0,0
1080,2,candidate,684,1280,720,1920,1080,11.0152,12.0902,9.64403,1,1,0,0,0,0
1080,2,candidate,685,1280,720,1920,1080,11.2394,12.1287,9.60102,1,1,0,0,0,0
1080,2,candidate,686,1280,720,1920,1080,11.2302,12.3639,9.85907,1,1,0,0,0,0
1080,2,candidate,687,1280,720,1920,1080,11.1657,12.2209,9.79354,1,1,0,0,0,0
1080,2,candidate,688,1280,720,1920,1080,11.0316,12.2854,9.66144,1,1,0,0,0,0
1080,2,candidate,689,1280,720,1920,1080,11.262,12.9757,9.8857,1,1,0,0,0,0
1080,2,candidate,690,1280,720,1920,1080,11.2568,12.4335,9.88365,1,1,0,0,0,0
1080,2,candidate,691,1280,720,1920,1080,11.2179,12.2096,9.84269,1,1,0,0,0,0
1080,2,candidate,692,1280,720,1920,1080,11.4186,12.607,10.0465,1,1,0,0,0,0
1080,2,candidate,693,1280,720,1920,1080,11.2814,12.2583,9.64915,1,1,0,0,0,0
1080,2,candidate,694,1280,720,1920,1080,11.6531,12.6857,10.0116,1,1,0,0,0,0
1080,2,candidate,695,1280,720,1920,1080,11.1657,12.3477,9.79046,1,1,0,0,0,0
1080,2,candidate,696,1280,720,1920,1080,11.1954,12.2679,9.82528,1,1,0,0,0,0
1080,2,candidate,697,1280,720,1920,1080,11.2712,12.2922,9.89696,1,1,0,0,0,0
1080,2,candidate,698,1280,720,1920,1080,11.2568,12.1495,9.88365,1,1,0,0,0,0
1080,2,candidate,699,1280,720,1920,1080,11.2886,12.2858,9.91232,1,1,0,0,0,0
1080,2,candidate,700,1280,720,1920,1080,11.1053,12.1576,9.73517,1,1,0,0,0,0
1080,2,candidate,701,1280,720,1920,1080,11.3736,12.2787,9.99731,1,1,0,0,0,0
1080,2,candidate,702,1280,720,1920,1080,11.1616,12.1431,9.78944,1,1,0,0,0,0
1080,2,candidate,703,1280,720,1920,1080,11.2579,12.2046,9.88365,1,1,0,0,0,0
1080,2,candidate,704,1280,720,1920,1080,11.3019,12.298,9.93075,1,1,0,0,0,0
1080,2,candidate,705,1280,720,1920,1080,9.93894,10.9411,8.56883,1,1,0,0,0,0
1080,2,candidate,706,1280,720,1920,1080,12.7826,13.8182,11.3664,1,1,0,0,0,0
1080,2,candidate,707,1280,720,1920,1080,11.5599,12.5179,10.1775,1,1,0,0,0,0
1080,2,candidate,708,1280,720,1920,1080,11.4115,12.3703,10.0413,1,1,0,0,0,0
1080,2,candidate,709,1280,720,1920,1080,11.2333,12.1907,9.8601,1,1,0,0,0,0
1080,2,candidate,710,1280,720,1920,1080,11.4883,12.4164,9.8519,1,1,0,0,0,0
1080,2,candidate,711,1280,720,1920,1080,11.4319,12.4868,9.79149,1,1,0,0,0,0
1080,2,candidate,712,1280,720,1920,1080,11.306,12.4462,9.93382,1,1,0,0,0,0
1080,2,candidate,713,1280,720,1920,1080,11.1944,12.2444,9.81811,1,1,0,0,0,0
1080,2,candidate,714,1280,720,1920,1080,11.4504,12.4054,9.80787,1,1,0,0,0,0
1080,2,candidate,715,1280,720,1920,1080,11.4432,12.4359,9.8048,1,1,0,0,0,0
1080,2,candidate,716,1280,720,1920,1080,11.2579,12.3657,9.73824,1,1,0,0,0,0
1080,2,candidate,717,1280,720,1920,1080,9.8519,10.789,8.47974,1,1,0,0,0,0
1080,2,candidate,718,1280,720,1920,1080,9.36858,10.2547,8.00051,1,1,0,0,0,0
1080,2,candidate,719,1280,720,1920,1080,12.6065,13.588,9.95328,1,1,0,0,0,0
1080,2,candidate,720,1280,720,1920,1080,11.0234,12.1318,9.64608,1,1,0,0,0,0
1080,2,candidate,721,1280,720,1920,1080,11.262,12.3047,9.88262,1,1,0,0,0,0
1080,2,candidate,722,1280,720,1920,1080,11.4688,12.3867,9.84883,1,1,0,0,0,0
1080,2,candidate,723,1280,720,1920,1080,11.3172,12.2309,9.94202,1,1,0,0,0,0
1080,2,candidate,724,1280,720,1920,1080,10.9916,12.1499,8.3456,1,1,0,0,0,0
1080,2,candidate,725,1280,720,1920,1080,11.3582,12.3271,9.98195,1,1,0,0,0,0
1080,2,candidate,726,1280,720,1920,1080,11.4145,12.363,9.79456,1,1,0,0,0,0
1080,2,candidate,727,1280,720,1920,1080,11.2753,12.2182,9.63174,1,1,0,0,0,0
1080,2,candidate,728,1280,720,1920,1080,11.2456,12.2075,9.62867,1,1,0,0,0,0
1080,2,candidate,729,1280,720,1920,1080,11.2906,12.2981,9.66349,1,1,0,0,0,0
1080,2,candidate,730,1280,720,1920,1080,11.2343,12.5754,9.86522,1,1,0,0,0,0
1080,2,candidate,731,1280,720,1920,1080,11.1811,12.4119,9.80685,1,1,0,0,0,0
1080,2,candidate,732,1280,720,1920,1080,11.2067,12.5565,9.8345,1,1,0,0,0,0
1080,2,candidate,733,1280,720,1920,1080,11.2189,12.502,9.84576,1,1,0,0,0,0
1080,2,candidate,734,1280,720,1920,1080,11.263,12.3752,9.61638,1,1,0,0,0,0
1080,2,candidate,735,1280,720,1920,1080,11.2159,12.4716,9.84269,1,1,0,0,0,0
1080,2,candidate,736,1280,720,1920,1080,11.2097,12.4654,9.83859,1,1,0,0,0,0
1080,2,candidate,737,1280,720,1920,1080,11.1626,12.3128,9.78637,1,1,0,0,0,0
1080,2,candidate,738,1280,720,1920,1080,11.3121,12.3448,9.9369,1,1,0,0,0,0
1080,2,candidate,739,1280,720,1920,1080,11.2292,12.3595,9.83757,1,1,0,0,0,0
1080,2,candidate,740,1280,720,1920,1080,9.71162,10.6128,8.3415,1,1,0,0,0,0
1080,2,candidate,741,1280,720,1920,1080,10.9937,13.4349,9.57542,1,1,0,0,0,0
1080,2,candidate,742,1280,720,1920,1080,11.4668,12.3724,9.81709,1,1,0,0,0,0
1080,2,candidate,743,1280,720,1920,1080,11.2282,12.2621,9.85395,1,1,0,0,0,0
1080,2,candidate,744,1280,720,1920,1080,11.2374,12.5875,9.86726,1,1,0,0,0,0
1080,2,candidate,745,1280,720,1920,1080,10.9332,11.9993,9.55904,1,1,0,0,0,0
1080,2,candidate,746,1280,720,1920,1080,11.2497,12.2127,9.87853,1,1,0,0,0,0
1080,2,candidate,747,1280,720,1920,1080,11.3336,12.3818,9.95738,1,1,0,0,0,0
1080,2,candidate,748,1280,720,1920,1080,11.2978,12.3026,9.92973,1,1,0,0,0,0
1080,2,candidate,749,1280,720,1920,1080,11.4043,12.3324,10.0301,1,1,0,0,0,0
1080,2,candidate,750,1280,720,1920,1080,11.4104,12.4299,9.79968,1,1,0,0,0,0
1080,2,candidate,751,1280,720,1920,1080,11.0121,12.1765,8.35379,1,1,0,0,0,0
1080,2,candidate,752,1280,720,1920,1080,11.2978,12.4255,9.92768,1,1,0,0,0,0
1080,2,candidate,753,1280,720,1920,1080,11.4678,12.4205,9.83962,1,1,0,0,0,0
1080,2,candidate,754,1280,720,1920,1080,11.436,12.3388,9.81606,1,1,0,0,0,0
1080,2,candidate,755,1280,720,1920,1080,11.2927,12.2165,9.65632,1,1,0,0,0,0
1080,2,candidate,756,1280,720,1920,1080,11.2916,12.3405,9.66246,1,1,0,0,0,0
1080,2,candidate,757,1280,720,1920,1080,11.1544,12.2122,9.61946,1,1,0,0,0,0
1080,2,candidate,758,1280,720,1920,1080,11.2845,12.3525,9.91437,1,1,0,0,0,0
1080,2,candidate,759,1280,720,1920,1080,11.2026,12.448,9.83245,1,1,0,0,0,0
1080,2,candidate,760,1280,720,1920,1080,11.5507,12.477,9.91334,1,1,0,0,0,0
1080,2,candidate,761,1280,720,1920,1080,12.1528,13.4642,10.7643,1,1,0,0,0,0
1080,2,candidate,762,1280,720,1920,1080,11.4422,12.4495,9.80992,1,1,0,0,0,0
1080,2,candidate,763,1280,720,1920,1080,11.4074,12.4754,9.76794,1,1,0,0,0,0
1080,2,candidate,764,1280,720,1920,1080,11.4309,12.4659,9.78534,1,1,0,0,0,0
1080,2,candidate,765,1280,720,1920,1080,11.348,12.3369,9.77818,1,1,0,0,0,0
1080,2,candidate,766,1280,720,1920,1080,11.4094,12.7887,10.0372,1,1,0,0,0,0
1080,2,candidate,767,1280,720,1920,1080,11.4545,12.4795,9.80582,1,1,0,0,0,0
1080,2,candidate,768,1280,720,1920,1080,11.3101,12.3322,9.66144,1,1,0,0,0,0
1080,2,candidate,769,1280,720,1920,1080,11.4258,12.4398,9.77408,1,1,0,0,0,0
1080,2,candidate,770,1280,720,1920,1080,11.3213,12.3416,9.6727,1,1,0,0,0,0
1080,2,candidate,771,1280,720,1920,1080,11.5139,12.5774,9.85702,1,1,0,0,0,0
1080,2,candidate,772,1280,720,1920,1080,11.522,12.5509,9.80173,1,1,0,0,0,0
1080,2,candidate,773,1280,720,1920,1080,11.4719,12.5313,9.82733,1,1,0,0,0,0
1080,2,candidate,774,1280,720,1920,1080,11.4514,12.4031,9.79456,1,1,0,0,0,0
1080,2,candidate,775,1280,720,1920,1080,12.0668,13.0957,10.6844,1,1,0,0,0,0
1080,2,candidate,776,1280,720,1920,1080,11.1647,12.2348,9.79354,1,1,0,0,0,0
1080,2,candidate,777,1280,720,1920,1080,11.4473,12.414,9.8048,1,1,0,0,0,0
1080,2,candidate,778,1280,720,1920,1080,11.4176,12.3862,9.76896,1,1,0,0,0,0
1080,2,candidate,779,1280,720,1920,1080,11.4708,12.5734,9.81811,1,1,0,0,0,0
1080,2,candidate,780,1280,720,1920,1080,11.518,12.6157,9.85395,1,1,0,0,0,0
1080,2,candidate,781,1280,720,1920,1080,11.3162,12.4568,9.94202,1,1,0,0,0,0
1080,2,candidate,782,1280,720,1920,1080,11.2435,12.3147,9.87136,1,1,0,0,0,0
1080,2,candidate,783,1280,720,1920,1080,11.2681,12.3063,9.89286,1,1,0,0,0,0
1080,2,candidate,784,1280,720,1920,1080,11.2609,12.2363,9.88877,1,1,0,0,0,0
1080,2,candidate,785,1280,720,1920,1080,11.4616,12.5039,9.81094,1,1,0,0,0,0
1080,2,candidate,786,1280,720,1920,1080,11.4227,12.4641,9.7751,1,1,0,0,0,0
1080,2,candidate,787,1280,720,1920,1080,11.4237,12.3599,9.77818,1,1,0,0,0,0
1080,2,candidate,788,1280,720,1920,1080,11.1667,12.2961,8.55245,1,1,0,0,0,0
1080,2,candidate,789,1280,720,1920,1080,10.8411,11.9318,9.46586,1,1,0,0,0,0
1080,2,candidate,790,1280,720,1920,1080,11.178,12.4526,9.80685,1,1,0,0,0,0
1080,2,candidate,791,1280,720,1920,1080,11.1759,12.5052,9.8007,1,1,0,0,0,0
1080,2,candidate,792,1280,720,1920,1080,11.3234,12.6481,9.94918,1,1,0,0,0,0
1080,2,candidate,793,1280,720,1920,1080,11.2445,12.372,9.87238,1,1,0,0,0,0
1080,2,candidate,794,1280,720,1920,1080,11.1954,12.1966,9.55904,1,1,0,0,0,0
1080,2,candidate,795,1280,720,1920,1080,11.3285,12.5593,9.95328,1,1,0,0,0,0
1080,2,candidate,796,1280,720,1920,1080,11.2097,12.4367,9.83859,1,1,0,0,0,0
1080,2,candidate,797,1280,720,1920,1080,11.478,12.626,10.1028,1,1,0,0,0,0
1080,2,candidate,798,1280,720,1920,1080,11.2404,12.528,9.86829,1,1,0,0,0,0
1080,2,candidate,799,1280,720,1920,1080,11.2968,12.3745,9.92563,1,1,0,0,0,0
1080,2,candidate,800,1280,720,1920,1080,11.4217,12.2768,9.78944,1,1,0,0,0,0
1080,2,candidate,801,1280,720,1920,1080,11.2353,12.4512,9.85907,1,1,0,0,0,0
1080,2,candidate,802,1280,720,1920,1080,11.3121,12.2484,9.93997,1,1,0,0,0,0
1080,2,candidate,803,1280,720,1920,1080,11.1944,12.7182,9.82118,1,1,0,0,0,0
1080,2,candidate,804,1280,720,1920,1080,11.2312,12.4715,9.85907,1,1,0,0,0,0
1080,2,candidate,805,1280,720,1920,1080,11.3162,12.2691,9.94202,1,1,0,0,0,0
1080,2,candidate,806,1280,720,1920,1080,11.1596,12.4057,9.78944,1,1,0,0,0,0
1080,2,candidate,807,1280,720,1920,1080,11.3531,12.4513,9.81402,1,1,0,0,0,0
1080,2,candidate,808,1280,720,1920,1080,11.2988,12.2924,9.92666,1,1,0,0,0,0
1080,2,candidate,809,1280,720,1920,1080,11.2794,12.2656,9.90003,1,1,0,0,0,0
1080,2,candidate,810,1280,720,1920,1080,11.0387,12.1687,9.66963,1,1,0,0,0,0
1080,2,candidate,811,1280,720,1920,1080,11.0633,12.4055,9.69216,1,1,0,0,0,0
1080,2,candidate,812,1280,720,1920,1080,10.9957,13.0702,9.61946,1,1,0,0,0,0
1080,2,candidate,813,1280,720,1920,1080,11.1104,12.3524,9.73722,1,1,0,0,0,0
1080,2,candidate,814,1280,720,1920,1080,11.1585,12.1971,9.75155,1,1,0,0,0,0
1080,2,candidate,815,1280,720,1920,1080,9.71878,10.643,8.34765,1,1,0,0,0,0
1080,2,candidate,816,1280,720,1920,1080,9.3952,10.2718,8.02611,1,1,0,0,0,0
1080,2,candidate,817,1280,720,1920,1080,12.5542,13.6751,11.1288,1,1,0,0,0,0
1080,2,candidate,818,1280,720,1920,1080,10.9445,12.1227,9.57235,1,1,0,0,0,0
1080,2,candidate,819,1280,720,1920,1080,10.9978,11.9639,9.6215,1,1,0,0,0,0
1080,2,candidate,820,1280,720,1920,1080,11.2497,12.1723,9.87648,1,1,0,0,0,0
1080,2,candidate,821,1280,720,1920,1080,11.1964,12.3368,9.82221,1,1,0,0,0,0
1080,2,candidate,822,1280,720,1920,1080,11.351,12.2727,9.97786,1,1,0,0,0,0
1080,2,candidate,823,1280,720,1920,1080,11.2824,12.1973,9.90515,1,1,0,0,0,0
1080,2,candidate,824,1280,720,1920,1080,10.9926,12.1183,9.57338,1,1,0,0,0,0
1080,2,candidate,825,1280,720,1920,1080,11.4094,12.4915,9.74746,1,1,0,0,0,0
1080,2,candidate,826,1280,720,1920,1080,11.3398,12.4,9.70342,1,1,0,0,0,0
1080,2,candidate,827,1280,720,1920,1080,10.9793,12.0305,9.6041,1,1,0,0,0,0
1080,2,candidate,828,1280,720,1920,1080,11.392,12.3614,9.7792,1,1,0,0,0,0
1080,2,candidate,829,1280,720,1920,1080,11.6951,12.6295,10.068,1,1,0,0,0,0
1080,2,candidate,830,1280,720,1920,1080,11.4145,12.4636,10.0413,1,1,0,0,0,0
1080,2,candidate,831,1280,720,1920,1080,11.3777,12.4359,10.0024,1,1,0,0,0,0
1080,2,candidate,832,1280,720,1920,1080,11.3193,12.4513,9.94611,1,1,0,0,0,0
1080,2,candidate,833,1280,720,1920,1080,11.4217,12.4749,10.0465,1,1,0,0,0,0
1080,2,candidate,834,1280,720,1920,1080,11.2589,12.23,9.88672,1,1,0,0,0,0
1080,2,candidate,835,1280,720,1920,1080,11.2558,12.2891,9.87955,1,1,0,0,0,0
1080,2,candidate,836,1280,720,1920,1080,11.2251,12.2954,9.85293,1,1,0,0,0,0
1080,2,candidate,837,1280,720,1920,1080,11.3336,12.4248,9.95942,1,1,0,0,0,0
1080,2,candidate,838,1280,720,1920,1080,11.4801,12.5028,9.84371,1,1,0,0,0,0
1080,2,candidate,839,1280,720,1920,1080,12.2225,13.1626,10.583,1,1,0,0,0,0
1080,2,candidate,840,1280,720,1920,1080,11.3142,12.3992,9.94099,1,1,0,0,0,0
1080,2,candidate,841,1280,720,1920,1080,11.4053,12.4018,10.027,1,1,0,0,0,0
1080,2,candidate,842,1280,720,1920,1080,11.4217,12.3449,10.0485,1,1,0,0,0,0
1080,2,candidate,843,1280,720,1920,1080,9.71981,10.6948,8.34765,1,1,0,0,0,0
1080,2,candidate,844,1280,720,1920,1080,10.6445,11.9489,8.02611,1,1,0,0,0,0
1080,2,candidate,845,1280,720,1920,1080,11.2425,12.2871,9.86112,1,1,0,0,0,0
1080,2,candidate,846,1280,720,1920,1080,9.76998,10.7876,8.39885,1,1,0,0,0,0
1080,2,candidate,847,1280,720,1920,1080,11.4176,12.3211,10.0403,1,1,0,0,0,0
1080,2,candidate,848,1280,720,1920,1080,11.1002,12.2562,9.728,1,1,0,0,0,0
1080,2,candidate,849,1280,720,1920,1080,11.2794,12.2155,9.90413,1,1,0,0,0,0
1080,2,candidate,850,1280,720,1920,1080,11.2794,12.2085,9.7321,1,1,0,0,0,0
1080,2,candidate,851,1280,720,1920,1080,11.2415,12.2165,9.86829,1,1,0,0,0,0
1080,2,candidate,852,1280,720,1920,1080,11.4964,12.6126,9.85088,1,1,0,0,0,0
1080,2,candidate,853,1280,720,1920,1080,11.3132,12.4279,9.6768,1,1,0,0,0,0
1080,2,candidate,854,1280,720,1920,1080,11.4145,12.4759,9.64915,1,1,0,0,0,0
1080,2,candidate,855,1280,720,1920,1080,11.2835,12.3362,9.63891,1,1,0,0,0,0
1080,2,candidate,856,1280,720,1920,1080,11.2876,12.358,9.65222,1,1,0,0,0,0
1080,2,candidate,857,1280,720,1920,1080,11.2968,12.2512,9.65837,1,1,0,0,0,0
1080,2,candidate,858,1280,720,1920,1080,11.4493,12.4304,9.82221,1,1,0,0,0,0
1080,2,candidate,859,1280,720,1920,1080,11.4831,12.5794,9.83757,1,1,0,0,0,0
1080,2,candidate,860,1280,720,1920,1080,11.1626,12.4301,9.79354,1,1,0,0,0,0
1080,2,candidate,861,1280,720,1920,1080,11.2783,12.253,9.90003,1,1,0,0,0,0
1080,2,candidate,862,1280,720,1920,1080,11.2128,12.6044,9.83962,1,1,0,0,0,0
1080,2,candidate,863,1280,720,1920,1080,11.2456,12.4677,9.87034,1,1,0,0,0,0
1080,2,candidate,864,1280,720,1920,1080,11.3347,12.3408,9.95942,1,1,0,0,0,0
1080,2,candidate,865,1280,720,1920,1080,11.1739,12.8195,9.79558,1,1,0,0,0,0
1080,2,candidate,866,1280,720,1920,1080,11.2353,12.4468,9.86214,1,1,0,0,0,0
1080,2,candidate,867,1280,720,1920,1080,11.2804,12.555,9.90413,1,1,0,0,0,0
1080,2,candidate,868,1280,720,1920,1080,11.1892,12.3125,9.81811,1,1,0,0,0,0
1080,2,candidate,869,1280,720,1920,1080,11.2067,12.1803,9.83142,1,1,0,0,0,0
1080,2,candidate,870,1280,720,1920,1080,11.264,12.2608,9.89184,1,1,0,0,0,0
1080,2,candidate,871,1280,720,1920,1080,11.1073,12.3803,9.73312,1,1,0,0,0,0
1080,2,candidate,872,1280,720,1920,1080,11.2701,12.4544,9.71366,1,1,0,0,0,0
1080,2,candidate,873,1280,720,1920,1080,11.2916,12.2506,9.91744,1,1,0,0,0,0
1080,2,candidate,874,1280,720,1920,1080,11.0643,12.0577,9.67578,1,1,0,0,0,0
1080,2,candidate,875,1280,720,1920,1080,11.4903,12.4194,10.1161,1,1,0,0,0,0
1080,2,candidate,876,1280,720,1920,1080,11.2292,12.2133,9.85395,1,1,0,0,0,0
1080,2,candidate,877,1280,720,1920,1080,11.262,12.2111,9.64915,1,1,0,0,0,0
1080,2,candidate,878,1280,720,1920,1080,11.2742,12.2348,9.90208,1,1,0,0,0,0
1080,2,candidate,879,1280,720,1920,1080,11.2517,12.164,9.87648,1,1,0,0,0,0
1080,2,candidate,880,1280,720,1920,1080,11.3736,12.3077,9.99731,1,1,0,0,0,0
1080,2,candidate,881,1280,720,1920,1080,11.2558,12.1653,9.87853,1,1,0,0,0,0
1080,2,candidate,882,1280,720,1920,1080,11.476,12.5163,9.84781,1,1,0,0,0,0
1080,2,candidate,883,1280,720,1920,1080,11.262,12.3696,9.88877,1,1,0,0,0,0
1080,2,candidate,884,1280,720,1920,1080,11.479,12.3998,9.84986,1,1,0,0,0,0
1080,2,candidate,885,1280,720,1920,1080,24.5484,25.5346,23.1711,1,1,0,0,0,0
1080,2,candidate,886,1280,720,1920,1080,11.3316,12.351,9.95533,1,1,0,0,0,0
1080,2,candidate,887,1280,720,1920,1080,11.262,12.242,9.88365,1,1,0,0,0,0
1080,2,candidate,888,1280,720,1920,1080,11.4586,12.4549,9.8007,1,1,0,0,0,0
1080,2,candidate,889,1280,720,1920,1080,11.3029,12.3366,9.92563,1,1,0,0,0,0
1080,2,candidate,890,1280,720,1920,1080,11.4565,12.4767,9.81606,1,1,0,0,0,0
1080,2,candidate,891,1280,720,1920,1080,11.2517,12.252,9.87238,1,1,0,0,0,0
1080,2,candidate,892,1280,720,1920,1080,11.4545,12.4336,9.81914,1,1,0,0,0,0
1080,2,candidate,893,1280,720,1920,1080,11.3254,12.4359,9.68192,1,1,0,0,0,0
1080,2,candidate,894,1280,720,1920,1080,11.3531,12.3004,9.80378,1,1,0,0,0,0
1080,2,candidate,895,1280,720,1920,1080,11.2876,12.3201,9.91334,1,1,0,0,0,0
1080,2,candidate,896,1280,720,1920,1080,11.2108,12.1369,9.56928,1,1,0,0,0,0
1080,2,candidate,897,1280,720,1920,1080,11.2568,12.5744,9.87853,1,1,0,0,0,0
1080,2,candidate,898,1280,720,1920,1080,11.1565,12.5211,9.7833,1,1,0,0,0,0
1080,2,candidate,899,1280,720,1920,1080,11.3736,12.4747,9.99629,1,1,0,0,0,0
1080,2,candidate,900,1280,720,1920,1080,11.3111,12.3304,9.93792,1,1,0,0,0,0
1080,2,candidate,901,1280,720,1920,1080,11.3623,12.2859,9.71059,1,1,0,0,0,0
1080,2,candidate,902,1280,720,1920,1080,11.3459,12.6667,9.97274,1,1,0,0,0,0
1080,2,candidate,903,1280,720,1920,1080,11.4186,12.6102,9.87853,1,1,0,0,0,0
1080,2,candidate,904,1280,720,1920,1080,11.2435,12.6095,9.87034,1,1,0,0,0,0
1080,2,candidate,905,1280,720,1920,1080,11.3009,12.2844,9.64198,1,1,0,0,0,0
1080,2,candidate,906,1280,720,1920,1080,11.4084,12.5944,8.7511,1,1,0,0,0,0
1080,2,candidate,907,1280,720,1920,1080,11.4442,12.3947,10.0588,1,1,0,0,0,0
1080,2,candidate,908,1280,720,1920,1080,11.2097,12.4845,9.83654,1,1,0,0,0,0
1080,2,candidate,909,1280,720,1920,1080,11.1524,12.1344,9.7751,1,1,0,0,0,0
1080,2,candidate,910,1280,720,1920,1080,11.2302,12.2144,9.85498,1,1,0,0,0,0
1080,2,candidate,911,1280,720,1920,1080,11.1114,12.3662,9.73722,1,1,0,0,0,0
1080,2,candidate,912,1280,720,1920,1080,11.0971,12.217,9.72493,1,1,0,0,0,0
1080,2,candidate,913,1280,720,1920,1080,11.2374,12.1781,9.86214,1,1,0,0,0,0
1080,2,candidate,914,1280,720,1920,1080,11.0449,12.1448,9.67168,1,1,0,0,0,0
1080,2,candidate,915,1280,720,1920,1080,12.0371,12.9809,10.6588,1,1,0,0,0,0
1080,2,candidate,916,1280,720,1920,1080,11.2394,12.2623,9.86624,1,1,0,0,0,0
1080,2,candidate,917,1280,720,1920,1080,11.2855,12.3532,9.91027,1,1,0,0,0,0
1080,2,candidate,918,1280,720,1920,1080,11.478,12.5526,10.0936,1,1,0,0,0,0
1080,2,candidate,919,1280,720,1920,1080,9.98298,10.9251,8.61082,1,1,0,0,0,0
1080,2,candidate,920,1280,720,1920,1080,12.5061,13.5691,11.1043,1,1,0,0,0,0
1080,2,candidate,921,1280,720,1920,1080,11.4637,12.4378,9.84166,1,1,0,0,0,0
1080,2,candidate,922,1280,720,1920,1080,11.1155,12.2222,9.72595,1,1,0,0,0,0
1080,2,candidate,923,1280,720,1920,1080,11.3633,12.3924,9.74643,1,1,0,0,0,0
1080,2,candidate,924,1280,720,1920,1080,11.265,12.2331,9.89286,1,1,0,0,0,0
1080,2,candidate,925,1280,720,1920,1080,11.4401,12.4239,10.0598,1,1,0,0,0,0
1080,2,candidate,926,1280,720,1920,1080,11.4053,12.4063,10.0321,1,1,0,0,0,0
1080,2,candidate,927,1280,720,1920,1080,11.4647,12.4719,10.0925,1,1,0,0,0,0
1080,2,candidate,928,1280,720,1920,1080,11.4514,12.4179,10.0762,1,1,0,0,0,0
1080,2,candidate,929,1280,720,1920,1080,11.394,12.2958,10.0168,1,1,0,0,0,0
1080,2,candidate,930,1280,720,1920,1080,11.3398,12.4117,9.96557,1,1,0,0,0,0
1080,2,candidate,931,1280,720,1920,1080,11.3521,12.4374,9.97478,1,1,0,0,0,0
1080,2,candidate,932,1280,720,1920,1080,11.2445,12.2198,9.87136,1,1,0,0,0,0
1080,2,candidate,933,1280,720,1920,1080,11.2916,12.2082,9.91846,1,1,0,0,0,0
1080,2,candidate,934,1280,720,1920,1080,11.3254,12.2788,9.95123,1,1,0,0,0,0
1080,2,candidate,935,1280,720,1920,1080,11.1995,12.1112,9.57338,1,1,0,0,0,0
1080,2,candidate,936,1280,720,1920,1080,11.3695,12.3177,9.61229,1,1,0,0,0,0
1080,2,candidate,937,1280,720,1920,1080,11.3152,12.2952,9.68602,1,1,0,0,0,0
1080,2,candidate,938,1280,720,1920,1080,11.1852,12.3281,9.81094,1,1,0,0,0,0
1080,2,candidate,939,1280,720,1920,1080,11.2609,12.564,9.8816,1,1,0,0,0,0
1080,2,candidate,940,1280,720,1920,1080,9.73312,10.7582,8.35994,1,1,0,0,0,0
1080,2,candidate,941,1280,720,1920,1080,11.8815,14.157,10.2205,1,1,0,0,0,0
1080,2,candidate,942,1280,720,1920,1080,9.99834,10.9911,8.62618,1,1,0,0,0,0
1080,2,candidate,943,1280,720,1920,1080,12.4262,13.6298,10.0997,1,1,0,0,0,0
1080,2,candidate,944,1280,720,1920,1080,11.1206,12.3154,9.74438,1,1,0,0,0,0
1080,2,candidate,945,1280,720,1920,1080,10.112,11.0395,8.7337,1,1,0,0,0,0
1080,2,candidate,946,1280,720,1920,1080,12.7662,13.7802,11.3736,1,1,0,0,0,0
1080,2,candidate,947,1280,720,1920,1080,11.436,12.4535,9.80275,1,1,0,0,0,0
1080,2,candidate,948,1280,720,1920,1080,11.05,12.1526,9.67373,1,1,0,0,0,0
1080,2,candidate,949,1280,720,1920,1080,11.3469,12.3283,9.97171,1,1,0,0,0,0
1080,2,candidate,950,1280,720,1920,1080,11.2148,12.2819,9.83962,1,1,0,0,0,0
1080,2,candidate,951,1280,720,1920,1080,11.2404,12.4553,9.8601,1,1,0,0,0,0
1080,2,candidate,952,1280,720,1920,1080,11.4319,12.3549,10.0598,1,1,0,0,0,0
1080,2,candidate,953,1280,720,1920,1080,11.262,12.2625,9.88467,1,1,0,0,0,0
1080,2,candidate,954,1280,720,1920,1080,10.9988,12.1404,9.62048,1,1,0,0,0,0
1080,2,candidate,955,1280,720,1920,1080,11.4524,12.4603,10.0792,1,1,0,0,0,0
1080,2,candidate,956,1280,720,1920,1080,11.2189,12.1909,9.84474,1,1,0,0,0,0
1080,2,candidate,957,1280,720,1920,1080,11.2609,12.2045,9.88058,1,1,0,0,0,0
1080,2,candidate,958,1280,720,1920,1080,11.4463,12.4298,10.07,1,1,0,0,0,0
1080,2,candidate,959,1280,720,1920,1080,11.2394,12.3515,9.86317,1,1,0,0,0,0
1080,2,candidate,960,1280,720,1920,1080,11.307,12.2774,9.93382,1,1,0,0,0,0
1080,2,candidate,961,1280,720,1920,1080,11.2671,12.2058,9.88672,1,1,0,0,0,0
1080,2,candidate,962,1280,720,1920,1080,11.5108,12.5381,9.88058,1,1,0,0,0,0
1080,2,candidate,963,1280,720,1920,1080,11.4401,12.3721,9.81299,1,1,0,0,0,0
1080,2,candidate,964,1280,720,1920,1080,11.4811,12.5105,9.856,1,1,0,0,0,0
1080,2,candidate,965,1280,720,1920,1080,9.84883,10.8272,8.47462,1,1,0,0,0,0
1080,2,candidate,966,1280,720,1920,1080,15.7798,17.0156,13.0447,1,1,0,0,0,0
1080,2,candidate,967,1280,720,1920,1080,11.3654,12.4636,9.98195,1,1,0,0,0,0
1080,2,candidate,968,1280,720,1920,1080,11.6326,12.6541,9.99219,1,1,0,0,0,0
1080,2,candidate,969,1280,720,1920,1080,11.2855,12.6292,9.90925,1,1,0,0,0,0
1080,2,candidate,970,1280,720,1920,1080,11.1995,12.575,9.82426,1,1,0,0,0,0
1080,2,candidate,971,1280,720,1920,1080,11.1831,12.6832,9.80582,1,1,0,0,0,0
1080,2,candidate,972,1280,720,1920,1080,11.2927,12.321,9.62662,1,1,0,0,0,0
1080,2,candidate,973,1280,720,1920,1080,11.2886,12.3358,9.63277,1,1,0,0,0,0
1080,2,candidate,974,1280,720,1920,1080,11.262,12.5631,9.8857,1,1,0,0,0,0
1080,2,candidate,975,1280,720,1920,1080,11.1718,12.5568,9.79456,1,1,0,0,0,0
1080,2,candidate,976,1280,720,1920,1080,11.2824,12.3262,9.90618,1,1,0,0,0,0
1080,2,candidate,977,1280,720,1920,1080,11.3449,12.3222,9.67782,1,1,0,0,0,0
1080,2,candidate,978,1280,720,1920,1080,11.1862,12.4892,9.81094,1,1,0,0,0,0
1080,2,candidate,979,1280,720,1920,1080,11.2261,12.6019,9.85088,1,1,0,0,0,0
1080,2,candidate,980,1280,720,1920,1080,11.2179,12.5262,9.84371,1,1,0,0,0,0
1080,2,candidate,981,1280,720,1920,1080,11.2138,12.3741,9.83142,1,1,0,0,0,0
1080,2,candidate,982,1280,720,1920,1080,11.3132,12.3213,9.93485,1,1,0,0,0,0
1080,2,candidate,983,1280,720,1920,1080,11.5692,12.5041,9.93997,1,1,0,0,0,0
1080,2,candidate,984,1280,720,1920,1080,11.3285,12.9062,9.95226,1,1,0,0,0,0
1080,2,candidate,985,1280,720,1920,1080,11.1954,12.3384,9.66144,1,1,0,0,0,0
1080,2,candidate,986,1280,720,1920,1080,11.5128,12.4902,10.1274,1,1,0,0,0,0
1080,2,candidate,987,1280,720,1920,1080,11.9388,12.9266,10.5472,1,1,0,0,0,0
1080,2,candidate,988,1280,720,1920,1080,11.2876,12.2938,9.63379,1,1,0,0,0,0
1080,2,candidate,989,1280,720,1920,1080,11.4668,12.4078,9.82528,1,1,0,0,0,0
1080,2,candidate,990,1280,720,1920,1080,11.3428,12.3195,9.69011,1,1,0,0,0,0
1080,2,candidate,991,1280,720,1920,1080,11.2527,12.4893,9.87546,1,1,0,0,0,0
1080,2,candidate,992,1280,720,1920,1080,11.2568,12.4844,9.8816,1,1,0,0,0,0
1080,2,candidate,993,1280,720,1920,1080,11.2794,12.3764,9.90208,1,1,0,0,0,0
1080,2,candidate,994,1280,720,1920,1080,11.2486,12.5128,9.87443,1,1,0,0,0,0
1080,2,candidate,995,1280,720,1920,1080,11.7084,12.997,10.3332,1,1,0,0,0,0
1080,2,candidate,996,1280,720,1920,1080,11.394,12.3335,9.82938,1,1,0,0,0,0
1080,2,candidate,997,1280,720,1920,1080,11.2773,12.2443,9.90003,1,1,0,0,0,0
1080,2,candidate,998,1280,720,1920,1080,11.4156,12.4639,9.77613,1,1,0,0,0,0
1080,2,candidate,999,1280,720,1920,1080,11.3756,12.8165,9.99936,1,1,0,0,0,0
1080,2,candidate,1000,1280,720,1920,1080,11.2261,12.3531,9.67782,1,1,0,0,0,0
1080,2,candidate,1001,1280,720,1920,1080,11.2302,12.2439,9.85088,1,1,0,0,0,0
1080,2,candidate,1002,1280,720,1920,1080,11.3091,12.2379,9.66349,1,1,0,0,0,0
1080,2,candidate,1003,1280,720,1920,1080,11.2568,12.6068,9.88058,1,1,0,0,0,0
1080,2,candidate,1004,1280,720,1920,1080,11.2681,12.3433,9.73312,1,1,0,0,0,0
1080,2,candidate,1005,1280,720,1920,1080,11.4483,12.5548,10.071,1,1,0,0,0,0
1080,2,candidate,1006,1280,720,1920,1080,11.3152,12.3867,9.66554,1,1,0,0,0,0
1080,2,candidate,1007,1280,720,1920,1080,11.4872,12.5887,9.84474,1,1,0,0,0,0
1080,2,candidate,1008,1280,720,1920,1080,11.2548,12.2599,9.6983,1,1,0,0,0,0
1080,2,candidate,1009,1280,720,1920,1080,11.263,12.366,9.88467,1,1,0,0,0,0
1080,2,candidate,1010,1280,720,1920,1080,11.3428,12.4252,9.69318,1,1,0,0,0,0
1080,2,candidate,1011,1280,720,1920,1080,11.2046,12.4501,9.82733,1,1,0,0,0,0
1080,2,candidate,1012,1280,720,1920,1080,11.2138,12.5587,9.83962,1,1,0,0,0,0
1080,2,candidate,1013,1280,720,1920,1080,11.4156,12.5329,10.0352,1,1,0,0,0,0
1080,2,candidate,1014,1280,720,1920,1080,11.1944,12.3497,9.82221,1,1,0,0,0,0
1080,2,candidate,1015,1280,720,1920,1080,11.3684,12.5054,9.99322,1,1,0,0,0,0
1080,2,candidate,1016,1280,720,1920,1080,11.3029,12.3239,9.92666,1,1,0,0,0,0
1080,2,candidate,1017,1280,720,1920,1080,11.2927,12.2902,9.91539,1,1,0,0,0,0
1080,2,candidate,1018,1280,720,1920,1080,11.3848,12.2909,10.0076,1,1,0,0,0,0
1080,2,candidate,1019,1280,720,1920,1080,11.2886,12.3857,9.9113,1,1,0,0,0,0
1080,2,candidate,1020,1280,720,1920,1080,11.1718,12.2428,9.79866,1,1,0,0,0,0
1080,2,candidate,1021,1280,720,1920,1080,11.4278,12.3663,10.0506,1,1,0,0,0,0
1080,2,candidate,1022,1280,720,1920,1080,11.3469,12.2598,9.97069,1,1,0,0,0,0
1080,2,candidate,1023,1280,720,1920,1080,11.2763,12.346,9.90208,1,1,0,0,0,0
1080,2,candidate,1024,1280,720,1920,1080,11.7699,12.7344,10.3956,1,1,0,0,0,0
1080,2,candidate,1025,1280,720,1920,1080,10.9793,12.2036,9.60102,1,1,0,0,0,0
1080,2,candidate,1026,1280,720,1920,1080,11.1452,12.197,9.77306,1,1,0,0,0,0
1080,2,candidate,1027,1280,720,1920,1080,11.3152,12.3879,9.93792,1,1,0,0,0,0
1080,2,candidate,1028,1280,720,1920,1080,11.0029,12.1935,9.62765,1,1,0,0,0,0
1080,2,candidate,1029,1280,720,1920,1080,11.3009,12.2548,9.92154,1,1,0,0,0,0
1080,2,candidate,1030,1280,720,1920,1080,11.2548,12.1942,9.87955,1,1,0,0,0,0
1080,2,candidate,1031,1280,720,1920,1080,11.4289,12.4261,10.0526,1,1,0,0,0,0
1080,2,candidate,1032,1280,720,1920,1080,11.7443,12.9535,10.1274,1,1,0,0,0,0
1080,2,candidate,1033,1280,720,1920,1080,11.6716,12.7127,10.0454,1,1,0,0,0,0
1080,2,candidate,1034,1280,720,1920,1080,10.9763,12.087,8.33434,1,1,0,0,0,0
1080,2,candidate,1035,1280,720,1920,1080,9.76179,10.7522,8.38656,1,1,0,0,0,0
1080,2,candidate,1036,1280,720,1920,1080,11.2824,13.4604,9.88672,1,1,0,0,0,0
1080,2,candidate,1037,1280,720,1920,1080,11.3695,12.309,9.74746,1,1,0,0,0,0
1080,2,candidate,1038,1280,720,1920,1080,11.4811,12.4671,9.83654,1,1,0,0,0,0
1080,2,candidate,1039,1280,720,1920,1080,11.308,12.3761,9.66246,1,1,0,0,0,0
1080,2,candidate,1040,1280,720,1920,1080,11.4565,12.5539,9.81811,1,1,0,0,0,0
1080,2,candidate,1041,1280,720,1920,1080,11.1882,12.2005,9.81094,1,1,0,0,0,0
1080,2,candidate,1042,1280,720,1920,1080,11.2579,12.2982,9.88058,1,1,0,0,0,0
1080,2,candidate,1043,1280,720,1920,1080,11.2466,12.2959,9.81811,1,1,0,0,0,0
1080,2,candidate,1044,1280,720,1920,1080,11.4145,12.3066,9.77408,1,1,0,0,0,0
1080,2,candidate,1045,1280,720,1920,1080,10.069,11.0406,8.69274,1,1,0,0,0,0
1080,2,candidate,1046,1280,720,1920,1080,13.0324,14.7078,11.39,1,1,0,0,0,0
1080,2,candidate,1047,1280,720,1920,1080,11.4616,12.4391,9.81197,1,1,0,0,0,0
1080,2,candidate,1048,1280,720,1920,1080,11.307,12.3044,9.91949,1,1,0,0,0,0
1080,2,candidate,1049,1280,720,1920,1080,9.91744,10.8325,8.53914,1,1,0,0,0,0
1080,2,candidate,1050,1280,720,1920,1080,12.3392,13.535,10.9404,1,1,0,0,0,0
1080,2,candidate,1051,1280,720,1920,1080,11.4432,12.565,10.0516,1,1,0,0,0,0
1080,2,candidate,1052,1280,720,1920,1080,11.3101,12.5695,9.67168,1,1,0,0,0,0
1080,2,candidate,1053,1280,720,1920,1080,11.2968,12.3513,9.65939,1,1,0,0,0,0
1080,2,candidate,1054,1280,720,1920,1080,11.306,12.252,9.65222,1,1,0,0,0,0
1080,2,candidate,1055,1280,720,1920,1080,11.2998,12.7403,9.92154,1,1,0,0,0,0
1080,2,candidate,1056,1280,720,1920,1080,11.2783,12.2851,9.62048,1,1,0,0,0,0
1080,2,candidate,1057,1280,720,1920,1080,11.5538,12.7794,9.89901,1,1,0,0,0,0
1080,2,candidate,1058,1280,720,1920,1080,11.2046,12.2165,9.66349,1,1,0,0,0,0
1080,2,candidate,1059,1280,720,1920,1080,11.4995,12.5222,10.1212,1,1,0,0,0,0
1080,2,candidate,1060,1280,720,1920,1080,11.2927,12.2902,9.65427,1,1,0,0,0,0
1080,2,candidate,1061,1280,720,1920,1080,11.2271,12.6518,9.84883,1,1,0,0,0,0
1080,2,candidate,1062,1280,720,1920,1080,11.3377,12.2707,9.68499,1,1,0,0,0,0
1080,2,candidate,1063,1280,720,1920,1080,11.8579,12.7923,10.2031,1,1,0,0,0,0
1080,2,candidate,1064,1280,720,1920,1080,11.2794,12.2555,9.64301,1,1,0,0,0,0
1080,2,candidate,1065,1280,720,1920,1080,11.3275,12.4034,9.66554,1,1,0,0,0,0
1080,2,candidate,1066,1280,720,1920,1080,11.2896,12.8496,9.91334,1,1,0,0,0,0
1080,2,candidate,1067,1280,720,1920,1080,11.3623,12.35,9.81504,1,1,0,0,0,0
1080,2,candidate,1068,1280,720,1920,1080,11.2364,12.3425,9.85907,1,1,0,0,0,0
1080,2,candidate,1069,1280,720,1920,1080,11.2896,12.2515,9.64915,1,1,0,0,0,0
1080,2,candidate,1070,1280,720,1920,1080,11.222,12.5088,9.84781,1,1,0,0,0,0
1080,2,candidate,1071,1280,720,1920,1080,9.9328,10.9231,8.55757,1,1,0,0,0,0
1080,2,candidate,1072,1280,720,1920,1080,9.3952,10.3433,8.02099,1,1,0,0,0,0
1080,2,candidate,1073,1280,720,1920,1080,11.1411,12.0625,9.76179,1,1,0,0,0,0
1080,2,candidate,1074,1280,720,1920,1080,11.1288,12.308,9.7536,1,1,0,0,0,0
1080,2,candidate,1075,1280,720,1920,1080,11.2691,12.312,9.89184,1,1,0,0,0,0
1080,2,candidate,1076,1280,720,1920,1080,11.0961,12.2515,9.71776,1,1,0,0,0,0
1080,2,candidate,1077,1280,720,1920,1080,9.73312,10.683,8.35379,1,1,0,0,0,0
1080,2,candidate,1078,1280,720,1920,1080,12.503,13.5459,11.1032,1,1,0,0,0,0
1080,2,candidate,1079,1280,720,1920,1080,11.4555,12.5184,10.071,1,1,0,0,0,0
1080,2,candidate,1080,1280,720,1920,1080,10.9394,12.0262,9.56109,1,1,0,0,0,0
1080,2,candidate,1081,1280,720,1920,1080,11.4022,12.3559,9.77306,1,1,0,0,0,0
1080,2,candidate,1082,1280,720,1920,1080,11.2456,12.2822,9.87136,1,1,0,0,0,0
1080,2,candidate,1083,1280,720,1920,1080,11.0438,12.1061,9.6471,1,1,0,0,0,0
1080,2,candidate,1084,1280,720,1920,1080,12.2481,13.3245,10.6168,1,1,0,0,0,0
1080,2,candidate,1085,1280,720,1920,1080,11.2722,12.2507,9.65734,1,1,0,0,0,0
1080,2,candidate,1086,1280,720,1920,1080,10.9373,12.0777,9.56314,1,1,0,0,0,0
1080,2,candidate,1087,1280,720,1920,1080,11.6931,12.71,10.0413,1,1,0,0,0,0
1080,2,candidate,1088,1280,720,1920,1080,9.85395,10.7788,8.47872,1,1,0,0,0,0
1080,2,candidate,1089,1280,720,1920,1080,12.2972,13.4489,10.8964,1,1,0,0,0,0
1080,2,candidate,1090,1280,720,1920,1080,10.8616,11.9501,9.48838,1,1,0,0,0,0
1080,2,candidate,1091,1280,720,1920,1080,11.4616,12.386,9.81914,1,1,0,0,0,0
1080,2,candidate,1092,1280,720,1920,1080,11.4719,12.413,9.82938,1,1,0,0,0,0
1080,2,candidate,1093,1280,720,1920,1080,9.92256,10.9451,8.54528,1,1,0,0,0,0
1080,2,candidate,1094,1280,720,1920,1080,9.40237,10.3002,8.02918,1,1,0,0,0,0
1080,2,candidate,1095,1280,720,1920,1080,10.9844,11.8179,9.6041,1,1,0,0,0,0
1080,2,candidate,1096,1280,720,1920,1080,11.3039,12.2216,9.66758,1,1,0,0,0,0
1080,2,candidate,1097,1280,720,1920,1080,11.4186,12.4645,9.74234,1,1,0,0,0,0
1080,2,candidate,1098,1280,720,1920,1080,11.3244,12.2841,9.67168,1,1,0,0,0,0
1080,2,candidate,1099,1280,720,1920,1080,11.2292,12.2134,9.66144,1,1,0,0,0,0
1080,2,candidate,1100,1280,720,1920,1080,11.2804,12.2982,9.90106,1,1,0,0,0,0
1080,2,candidate,1101,1280,720,1920,1080,11.3408,12.363,9.95942,1,1,0,0,0,0
1080,2,candidate,1102,1280,720,1920,1080,11.391,12.2755,10.0137,1,1,0,0,0,0
1080,2,candidate,1103,1280,720,1920,1080,11.3142,12.2703,9.93587,1,1,0,0,0,0
1080,2,candidate,1104,1280,720,1920,1080,11.3254,12.3529,9.94816,1,1,0,0,0,0
1080,2,candidate,1105,1280,720,1920,1080,11.1647,12.3516,9.78534,1,1,0,0,0,0
1080,2,candidate,1106,1280,720,1920,1080,11.4862,12.4648,10.1089,1,1,0,0,0,0
1080,2,candidate,1107,1280,720,1920,1080,11.2579,12.333,9.87955,1,1,0,0,0,0
1080,2,candidate,1108,1280,720,1920,1080,11.0797,12.1752,9.7024,1,1,0,0,0,0
1080,2,candidate,1109,1280,720,1920,1080,10.9722,12.1571,9.59078,1,1,0,0,0,0
1080,2,candidate,1110,1280,720,1920,1080,11.0295,12.0681,9.62765,1,1,0,0,0,0
1080,2,candidate,1111,1280,720,1920,1080,11.8497,12.7278,10.4724,1,1,0,0,0,0
1080,2,candidate,1112,1280,720,1920,1080,11.2835,12.3593,9.90822,1,1,0,0,0,0
1080,2,candidate,1113,1280,720,1920,1080,11.2548,12.2862,9.71366,1,1,0,0,0,0
1080,2,candidate,1114,1280,720,1920,1080,9.92051,10.881,8.5463,1,1,0,0,0,0
1080,2,candidate,1115,1280,720,1920,1080,12.7027,13.6683,11.3193,1,1,0,0,0,0
1080,2,candidate,1116,1280,720,1920,1080,11.4145,12.3359,10.0372,1,1,0,0,0,0
1080,2,candidate,1117,1280,720,1920,1080,11.6634,12.666,10.0106,1,1,0,0,0,0
1080,2,candidate,1118,1280,720,1920,1080,11.4483,12.3296,10.068,1,1,0,0,0,0
1080,2,candidate,1119,1280,720,1920,1080,11.2261,12.2468,9.84678,1,1,0,0,0,0
1080,2,candidate,1120,1280,720,1920,1080,11.2384,12.2189,9.8601,1,1,0,0,0,0
1080,2,candidate,1121,1280,720,1920,1080,11.4493,12.3302,9.82221,1,1,0,0,0,0
1080,2,candidate,1122,1280,720,1920,1080,11.2927,12.3242,9.65632,1,1,0,0,0,0
1080,2,candidate,1123,1280,720,1920,1080,11.2302,12.4253,9.84781,1,1,0,0,0,0
1080,2,candidate,1124,1280,720,1920,1080,11.1954,12.1192,9.6512,1,1,0,0,0,0
1080,2,candidate,1125,1280,720,1920,1080,11.3039,12.2281,9.92358,1,1,0,0,0,0
1080,2,candidate,1126,1280,720,1920,1080,10.068,10.9935,8.69171,1,1,0,0,0,0
1080,2,candidate,1127,1280,720,1920,1080,12.417,13.5877,10.9937,1,1,0,0,0,0
1080,2,candidate,1128,1280,720,1920,1080,11.307,12.2644,9.93178,1,1,0,0,0,0
1080,2,candidate,1129,1280,720,1920,1080,11.0653,12.3104,9.68499,1,1,0,0,0,0
1080,2,candidate,1130,1280,720,1920,1080,10.9885,12.2101,9.61126,1,1,0,0,0,0
1080,2,candidate,1131,1280,720,1920,1080,11.2527,12.2741,9.87546,1,1,0,0,0,0
1080,2,candidate,1132,1280,720,1920,1080,11.0961,12.1866,9.69626,1,1,0,0,0,0
1080,2,candidate,1133,1280,720,1920,1080,11.1391,12.4337,9.7577,1,1,0,0,0,0
1080,2,candidate,1134,1280,720,1920,1080,10.9619,12.0785,9.58362,1,1,0,0,0,0
1080,2,candidate,1135,1280,720,1920,1080,11.1473,12.3644,9.76077,1,1,0,0,0,0
1080,2,candidate,1136,1280,720,1920,1080,11.4084,12.4102,10.0311,1,1,0,0,0,0
1080,2,candidate,1137,1280,720,1920,1080,11.4616,12.4921,9.83142,1,1,0,0,0,0
1080,2,candidate,1138,1280,720,1920,1080,11.9685,12.9273,10.4059,1,1,0,0,0,0
1080,2,candidate,1139,1280,720,1920,1080,11.306,12.3051,9.67885,1,1,0,0,0,0
1080,2,candidate,1140,1280,720,1920,1080,11.2814,12.1836,9.65427,1,1,0,0,0,0
1080,2,candidate,1141,1280,720,1920,1080,11.4913,12.4626,10.1089,1,1,0,0,0,0
1080,2,candidate,1142,1280,720,1920,1080,11.4196,12.4161,10.0393,1,1,0,0,0,0
1080,2,candidate,1143,1280,720,1920,1080,11.4811,12.4148,10.1007,1,1,0,0,0,0
1080,2,candidate,1144,1280,720,1920,1080,11.4248,12.3847,10.0495,1,1,0,0,0,0
1080,2,candidate,1145,1280,720,1920,1080,11.2845,12.2476,9.90106,1,1,0,0,0,0
1080,2,candidate,1146,1280,720,1920,1080,11.305,12.2878,9.92768,1,1,0,0,0,0
1080,2,candidate,1147,1280,720,1920,1080,11.4995,12.7447,9.87238,1,1,0,0,0,0
1080,2,candidate,1148,1280,720,1920,1080,11.264,12.2123,9.88672,1,1,0,0,0,0
1080,2,candidate,1149,1280,720,1920,1080,11.3388,12.4393,9.9543,1,1,0,0,0,0
1080,2,candidate,1150,1280,720,1920,1080,11.2835,12.3003,9.90618,1,1,0,0,0,0
1080,2,candidate,1151,1280,720,1920,1080,11.4852,12.6379,9.85088,1,1,0,0,0,0
1080,2,candidate,1152,1280,720,1920,1080,11.2579,12.2324,9.87955,1,1,0,0,0,0
1080,2,candidate,1153,1280,720,1920,1080,11.4278,12.3389,9.79046,1,1,0,0,0,0
1080,2,candidate,1154,1280,720,1920,1080,11.4678,12.4493,9.81504,1,1,0,0,0,0
1080,2,candidate,1155,1280,720,1920,1080,11.2466,12.2056,9.61741,1,1,0,0,0,0
1080,2,candidate,1156,1280,720,1920,1080,11.3572,12.3103,9.71366,1,1,0,0,0,0
1080,2,candidate,1157,1280,720,1920,1080,11.2128,12.3805,9.8304,1,1,0,0,0,0
1080,2,candidate,1158,1280,720,1920,1080,10.1325,11.0901,8.75725,1,1,0,0,0,0
1080,2,candidate,1159,1280,720,1920,1080,12.5798,13.5693,10.24,1,1,0,0,0,0
1080,2,candidate,1160,1280,720,1920,1080,11.2415,12.3956,9.86624,1,1,0,0,0,0
1080,2,candidate,1161,1280,720,1920,1080,11.0868,12.1302,9.70342,1,1,0,0,0,0
1080,2,candidate,1162,1280,720,1920,1080,11.3183,12.3142,9.94099,1,1,0,0,0,0
1080,2,candidate,1163,1280,720,1920,1080,11.3019,12.2672,9.92051,1,1,0,0,0,0
1080,2,candidate,1164,1280,720,1920,1080,11.0162,12.1343,9.63686,1,1,0,0,0,0
1080,2,candidate,1165,1280,720,1920,1080,11.39,12.2535,10.0076,1,1,0,0,0,0
1080,2,candidate,1166,1280,720,1920,1080,11.2394,12.177,9.86317,1,1,0,0,0,0
1080,2,candidate,1167,1280,720,1920,1080,11.0674,12.1531,9.66861,1,1,0,0,0,0
1080,2,candidate,1168,1280,720,1920,1080,11.6603,12.6361,10.2769,1,1,0,0,0,0
1080,2,candidate,1169,1280,720,1920,1080,9.76691,10.7921,8.38246,1,1,0,0,0,0
1080,2,candidate,1170,1280,720,1920,1080,12.67,13.6818,10.0209,1,1,0,0,0,0
1080,2,candidate,1171,1280,720,1920,1080,11.4934,12.4442,9.82118,1,1,0,0,0,0
1080,2,candidate,1172,1280,720,1920,1080,11.4422,12.4391,9.87955,1,1,0,0,0,0
1080,2,candidate,1173,1280,720,1920,1080,11.2609,12.1943,9.62765,1,1,0,0,0,0
1080,2,candidate,1174,1280,720,1920,1080,9.79251,10.7418,8.4183,1,1,0,0,0,0
1080,2,candidate,1175,1280,720,1920,1080,12.1907,13.3329,9.86112,1,1,0,0,0,0
1080,2,candidate,1176,1280,720,1920,1080,10.9466,12.1338,8.32102,1,1,0,0,0,0
1080,2,candidate,1177,1280,720,1920,1080,10.9373,11.9503,9.55904,1,1,0,0,0,0
1080,2,candidate,1178,1280,720,1920,1080,11.3797,12.3788,10.0045,1,1,0,0,0,0
1080,2,candidate,1179,1280,720,1920,1080,11.1544,12.3537,9.7751,1,1,0,0,0,0
1080,2,candidate,1180,1280,720,1920,1080,11.0244,12.1825,9.64608,1,1,0,0,0,0
1080,2,candidate,1181,1280,720,1920,1080,11.2896,12.2626,9.90618,1,1,0,0,0,0
1080,2,candidate,1182,1280,720,1920,1080,11.3787,12.3105,10.0065,1,1,0,0,0,0
1080,2,candidate,1183,1280,720,1920,1080,11.3357,12.2636,9.95635,1,1,0,0,0,0
1080,2,candidate,1184,1280,720,1920,1080,11.178,12.2175,9.77818,1,1,0,0,0,0
1080,2,candidate,1185,1280,720,1920,1080,11.5026,12.4984,9.86214,1,1,0,0,0,0
1080,2,candidate,1186,1280,720,1920,1080,11.3326,12.3684,9.9584,1,1,0,0,0,0
1080,2,candidate,1187,1280,720,1920,1080,11.2968,12.3085,9.91744,1,1,0,0,0,0
1080,2,candidate,1188,1280,720,1920,1080,11.2824,12.2969,9.90822,1,1,0,0,0,0
1080,2,candidate,1189,1280,720,1920,1080,11.2916,12.3422,9.91232,1,1,0,0,0,0
1080,2,candidate,1190,1280,720,1920,1080,11.006,12.2374,9.58464,1,1,0,0,0,0
1080,2,candidate,1191,1280,720,1920,1080,11.9409,12.8895,10.3762,1,1,0,0,0,0
1080,2,candidate,1192,1280,720,1920,1080,10.7858,11.9216,9.41158,1,1,0,0,0,0
1080,2,candidate,1193,1280,720,1920,1080,11.1852,12.0837,9.80685,1,1,0,0,0,0
1080,2,candidate,1194,1280,720,1920,1080,11.4575,12.4534,10.0813,1,1,0,0,0,0
1080,2,candidate,1195,1280,720,1920,1080,11.4893,12.4637,9.84474,1,1,0,0,0,0
1080,2,candidate,1196,1280,720,1920,1080,11.4319,12.428,9.79558,1,1,0,0,0,0
1080,2,candidate,1197,1280,720,1920,1080,12.543,13.7358,10.9025,1,1,0,0,0,0
1080,2,candidate,1198,1280,720,1920,1080,11.4422,12.4153,10.0669,1,1,0,0,0,0
1080,2,candidate,1199,1280,720,1920,1080,11.2507,12.2831,9.87443,1,1,0,0,0,0
1080,2,reference,300,1280,720,1920,1080,11.4401,12.4457,9.81094,1,1,0,0,0,0
1080,2,reference,301,1280,720,1920,1080,11.4637,12.5013,9.83859,1,1,0,0,0,0
1080,2,reference,302,1280,720,1920,1080,11.5149,12.571,9.87443,1,1,0,0,0,0
1080,2,reference,303,1280,720,1920,1080,11.4545,12.3876,9.82938,1,1,0,0,0,0
1080,2,reference,304,1280,720,1920,1080,11.4196,12.6672,9.79456,1,1,0,0,0,0
1080,2,reference,305,1280,720,1920,1080,11.4319,12.4917,9.79866,1,1,0,0,0,0
1080,2,reference,306,1280,720,1920,1080,11.4749,12.4352,9.83654,1,1,0,0,0,0
1080,2,reference,307,1280,720,1920,1080,11.4811,12.6321,9.84781,1,1,0,0,0,0
1080,2,reference,308,1280,720,1920,1080,11.266,12.3842,9.88877,1,1,0,0,0,0
1080,2,reference,309,1280,720,1920,1080,11.4944,12.5076,9.85907,1,1,0,0,0,0
1080,2,reference,310,1280,720,1920,1080,11.2527,12.2894,9.87443,1,1,0,0,0,0
1080,2,reference,311,1280,720,1920,1080,11.2722,12.4542,9.89594,1,1,0,0,0,0
1080,2,reference,312,1280,720,1920,1080,11.4903,12.4132,9.86522,1,1,0,0,0,0
1080,2,reference,313,1280,720,1920,1080,11.4729,12.6937,9.83142,1,1,0,0,0,0
1080,2,reference,314,1280,720,1920,1080,11.1729,12.3507,9.79558,1,1,0,0,0,0
1080,2,reference,315,1280,720,1920,1080,11.4862,12.4752,10.1069,1,1,0,0,0,0
1080,2,reference,316,1280,720,1920,1080,11.5098,12.4755,9.86931,1,1,0,0,0,0
1080,2,reference,317,1280,720,1920,1080,11.4903,12.5254,9.8519,1,1,0,0,0,0
1080,2,reference,318,1280,720,1920,1080,11.4668,12.4488,9.81402,1,1,0,0,0,0
1080,2,reference,319,1280,720,1920,1080,11.4545,12.4931,9.79149,1,1,0,0,0,0
1080,2,reference,320,1280,720,1920,1080,11.3336,12.4666,9.95635,1,1,0,0,0,0
1080,2,reference,321,1280,720,1920,1080,11.4893,12.5017,9.8263,1,1,0,0,0,0
1080,2,reference,322,1280,720,1920,1080,11.4606,12.4831,9.81606,1,1,0,0,0,0
1080,2,reference,323,1280,720,1920,1080,11.5128,12.603,9.87238,1,1,0,0,0,0
1080,2,reference,324,1280,720,1920,1080,11.3172,12.3922,9.94202,1,1,0,0,0,0
1080,2,reference,325,1280,720,1920,1080,11.3316,12.3681,9.94714,1,1,0,0,0,0
1080,2,reference,326,1280,720,1920,1080,11.4749,12.5527,9.82733,1,1,0,0,0,0
1080,2,reference,327,1280,720,1920,1080,11.3142,12.3294,9.93587,1,1,0,0,0,0
1080,2,reference,328,1280,720,1920,1080,11.4237,12.3841,9.78022,1,1,0,0,0,0
1080,2,reference,329,1280,720,1920,1080,11.3869,12.4893,9.74438,1,1,0,0,0,0
1080,2,reference,330,1280,720,1920,1080,11.522,12.7517,9.88365,1,1,0,0,0,0
1080,2,reference,331,1280,720,1920,1080,11.5773,12.5184,9.92563,1,1,0,0,0,0
1080,2,reference,332,1280,720,1920,1080,11.4708,12.8188,9.83245,1,1,0,0,0,0
1080,2,reference,333,1280,720,1920,1080,11.4698,12.5678,9.8304,1,1,0,0,0,0
1080,2,reference,334,1280,720,1920,1080,11.3285,12.2699,9.95226,1,1,0,0,0,0
1080,2,reference,335,1280,720,1920,1080,11.3336,12.3377,9.95533,1,1,0,0,0,0
1080,2,reference,336,1280,720,1920,1080,11.2978,12.2202,9.92154,1,1,0,0,0,0
1080,2,reference,337,1280,720,1920,1080,11.351,12.3991,9.65222,1,1,0,0,0,0
1080,2,reference,338,1280,720,1920,1080,11.4545,12.5031,9.81709,1,1,0,0,0,0
1080,2,reference,339,1280,720,1920,1080,11.4954,12.4968,9.84576,1,1,0,0,0,0
1080,2,reference,340,1280,720,1920,1080,11.2046,12.235,9.78637,1,1,0,0,0,0
1080,2,reference,341,1280,720,1920,1080,11.9613,12.9697,10.3291,1,1,0,0,0,0
1080,2,reference,342,1280,720,1920,1080,11.2916,12.241,9.91539,1,1,0,0,0,0
1080,2,reference,343,1280,720,1920,1080,11.4811,12.4116,9.84678,1,1,0,0,0,0
1080,2,reference,344,1280,720,1920,1080,11.479,12.4635,9.83859,1,1,0,0,0,0
1080,2,reference,345,1280,720,1920,1080,11.2845,12.2317,9.64403,1,1,0,0,0,0
1080,2,reference,346,1280,720,1920,1080,11.4883,12.4688,9.84986,1,1,0,0,0,0
1080,2,reference,347,1280,720,1920,1080,11.2998,12.3743,9.66656,1,1,0,0,0,0
1080,2,reference,348,1280,720,1920,1080,11.2599,12.2525,9.62458,1,1,0,0,0,0
1080,2,reference,349,1280,720,1920,1080,11.2988,12.4519,9.65939,1,1,0,0,0,0
1080,2,reference,350,1280,720,1920,1080,11.348,12.3224,9.69933,1,1,0,0,0,0
1080,2,reference,351,1280,720,1920,1080,11.2538,12.463,9.87546,1,1,0,0,0,0
1080,2,reference,352,1280,720,1920,1080,11.2978,12.6463,9.92154,1,1,0,0,0,0
1080,2,reference,353,1280,720,1920,1080,11.4801,12.5468,10.1018,1,1,0,0,0,0
1080,2,reference,354,1280,720,1920,1080,11.3244,12.4978,9.68499,1,1,0,0,0,0
1080,2,reference,355,1280,720,1920,1080,11.2824,12.3063,9.6471,1,1,0,0,0,0
1080,2,reference,356,1280,720,1920,1080,11.3449,12.4739,9.70342,1,1,0,0,0,0
1080,2,reference,357,1280,720,1920,1080,11.2517,12.6906,9.87136,1,1,0,0,0,0
1080,2,reference,358,1280,720,1920,1080,11.2886,12.4326,9.91334,1,1,0,0,0,0
1080,2,reference,359,1280,720,1920,1080,11.4094,12.4543,10.0321,1,1,0,0,0,0
1080,2,reference,360,1280,720,1920,1080,11.2957,12.3214,9.6512,1,1,0,0,0,0
1080,2,reference,361,1280,720,1920,1080,11.2998,12.5257,9.92256,1,1,0,0,0,0
1080,2,reference,362,1280,720,1920,1080,11.2046,12.413,9.8263,1,1,0,0,0,0
1080,2,reference,363,1280,720,1920,1080,11.05,12.2731,9.67066,1,1,0,0,0,0
1080,2,reference,364,1280,720,1920,1080,11.5292,12.424,9.89901,1,1,0,0,0,0
1080,2,reference,365,1280,720,1920,1080,11.1698,12.4224,9.79149,1,1,0,0,0,0
1080,2,reference,366,1280,720,1920,1080,11.262,12.7186,9.8857,1,1,0,0,0,0
1080,2,reference,367,1280,720,1920,1080,11.263,12.4743,9.88877,1,1,0,0,0,0
1080,2,reference,368,1280,720,1920,1080,11.1995,12.4981,9.82323,1,1,0,0,0,0
1080,2,reference,369,1280,720,1920,1080,11.3306,12.3406,9.95328,1,1,0,0,0,0
1080,2,reference,370,1280,720,1920,1080,11.3705,12.4016,9.99014,1,1,0,0,0,0
1080,2,reference,371,1280,720,1920,1080,11.9583,13.0311,10.5841,1,1,0,0,0,0
1080,2,reference,372,1280,720,1920,1080,11.1575,12.2668,9.78022,1,1,0,0,0,0
1080,2,reference,373,1280,720,1920,1080,11.4739,12.4312,10.0915,1,1,0,0,0,0
1080,2,reference,374,1280,720,1920,1080,11.3347,12.2932,9.7065,1,1,0,0,0,0
1080,2,reference,375,1280,720,1920,1080,11.264,12.44,9.88774,1,1,0,0,0,0
1080,2,reference,376,1280,720,1920,1080,11.2415,12.478,9.86522,1,1,0,0,0,0
1080,2,reference,377,1280,720,1920,1080,11.2916,12.427,9.67168,1,1,0,0,0,0
1080,2,reference,378,1280,720,1920,1080,11.2968,12.5655,9.92358,1,1,0,0,0,0
1080,2,reference,379,1280,720,1920,1080,11.2568,12.4358,9.88058,1,1,0,0,0,0
1080,2,reference,380,1280,720,1920,1080,11.2742,12.2147,9.89696,1,1,0,0,0,0
1080,2,reference,381,1280,720,1920,1080,11.22,12.503,9.84371,1,1,0,0,0,0
1080,2,reference,382,1280,720,1920,1080,11.1145,12.4227,9.73722,1,1,0,0,0,0
1080,2,reference,383,1280,720,1920,1080,11.0766,12.4838,9.70035,1,1,0,0,0,0
1080,2,reference,384,1280,720,1920,1080,11.2282,12.7875,9.85293,1,1,0,0,0,0
1080,2,reference,385,1280,720,1920,1080,11.2507,12.4713,9.87034,1,1,0,0,0,0
1080,2,reference,386,1280,720,1920,1080,11.4565,12.7914,9.92256,1,1,0,0,0,0
1080,2,reference,387,1280,720,1920,1080,11.2855,12.3767,9.90618,1,1,0,0,0,0
1080,2,reference,388,1280,720,1920,1080,10.9701,12.118,9.5959,1,1,0,0,0,0
1080,2,reference,389,1280,720,1920,1080,11.3377,12.3347,9.96147,1,1,0,0,0,0
1080,2,reference,390,1280,720,1920,1080,11.3613,12.4166,9.98195,1,1,0,0,0,0
1080,2,reference,391,1280,720,1920,1080,11.4862,12.6296,10.111,1,1,0,0,0,0
1080,2,reference,392,1280,720,1920,1080,11.3254,12.5192,8.65792,1,1,0,0,0,0
1080,2,reference,393,1280,720,1920,1080,11.2251,12.2934,9.84986,1,1,0,0,0,0
1080,2,reference,394,1280,720,1920,1080,11.1995,12.2447,9.82323,1,1,0,0,0,0
1080,2,reference,395,1280,720,1920,1080,11.266,12.1558,9.88877,1,1,0,0,0,0
1080,2,reference,396,1280,720,1920,1080,11.1483,12.2602,9.76998,1,1,0,0,0,0
1080,2,reference,397,1280,720,1920,1080,11.3234,12.3149,9.77101,1,1,0,0,0,0
1080,2,reference,398,1280,720,1920,1080,11.264,12.1971,9.8816,1,1,0,0,0,0
1080,2,reference,399,1280,720,1920,1080,11.2722,12.5307,9.89389,1,1,0,0,0,0
1080,2,reference,400,1280,720,1920,1080,11.2425,12.3586,9.86829,1,1,0,0,0,0
1080,2,reference,401,1280,720,1920,1080,11.4545,12.426,9.82733,1,1,0,0,0,0
1080,2,reference,402,1280,720,1920,1080,10.9701,12.0563,9.59488,1,1,0,0,0,0
1080,2,reference,403,1280,720,1920,1080,11.1944,12.0927,9.63277,1,1,0,0,0,0
1080,2,reference,404,1280,720,1920,1080,11.1985,12.2658,9.8007,1,1,0,0,0,0
1080,2,reference,405,1280,720,1920,1080,11.2435,12.3259,9.86829,1,1,0,0,0,0
1080,2,reference,406,1280,720,1920,1080,11.2732,12.2303,9.89696,1,1,0,0,0,0
1080,2,reference,407,1280,720,1920,1080,11.2701,12.2492,9.88979,1,1,0,0,0,0
1080,2,reference,408,1280,720,1920,1080,11.4442,12.3664,9.80992,1,1,0,0,0,0
1080,2,reference,409,1280,720,1920,1080,11.5077,12.4317,9.8775,1,1,0,0,0,0
1080,2,reference,410,1280,720,1920,1080,11.3213,12.3147,9.69523,1,1,0,0,0,0
1080,2,reference,411,1280,720,1920,1080,11.3152,12.6969,9.94099,1,1,0,0,0,0
1080,2,reference,412,1280,720,1920,1080,11.3439,12.3304,9.79354,1,1,0,0,0,0
1080,2,reference,413,1280,720,1920,1080,11.3306,12.3348,9.95226,1,1,0,0,0,0
1080,2,reference,414,1280,720,1920,1080,11.3633,12.3779,9.71162,1,1,0,0,0,0
1080,2,reference,415,1280,720,1920,1080,11.3142,12.439,9.67782,1,1,0,0,0,0
1080,2,reference,416,1280,720,1920,1080,11.2957,12.2652,9.65325,1,1,0,0,0,0
1080,2,reference,417,1280,720,1920,1080,11.262,12.5144,9.88365,1,1,0,0,0,0
1080,2,reference,418,1280,720,1920,1080,11.1596,12.0983,9.62458,1,1,0,0,0,0
1080,2,reference,419,1280,720,1920,1080,11.5333,12.609,9.91334,1,1,0,0,0,0
1080,2,reference,420,1280,720,1920,1080,11.2476,12.6406,9.87238,1,1,0,0,0,0
1080,2,reference,421,1280,720,1920,1080,11.3039,12.7897,9.9287,1,1,0,0,0,0
1080,2,reference,422,1280,720,1920,1080,11.2466,12.2261,9.70445,1,1,0,0,0,0
1080,2,reference,423,1280,720,1920,1080,11.2927,12.3269,9.91846,1,1,0,0,0,0
1080,2,reference,424,1280,720,1920,1080,11.5968,12.7166,8.69376,1,1,0,0,0,0
1080,2,reference,425,1280,720,1920,1080,11.3756,12.5833,10.0035,1,1,0,0,0,0
1080,2,reference,426,1280,720,1920,1080,11.477,12.5865,10.0997,1,1,0,0,0,0
1080,2,reference,427,1280,720,1920,1080,11.1903,12.277,9.64301,1,1,0,0,0,0
1080,2,reference,428,1280,720,1920,1080,11.0633,12.1958,9.68704,1,1,0,0,0,0
1080,2,reference,429,1280,720,1920,1080,11.1718,12.3651,9.79661,1,1,0,0,0,0
1080,2,reference,430,1280,720,1920,1080,11.2732,12.4674,9.89696,1,1,0,0,0,0
1080,2,reference,431,1280,720,1920,1080,11.2527,12.503,9.87853,1,1,0,0,0,0
1080,2,reference,432,1280,720,1920,1080,11.2568,12.7323,9.88058,1,1,0,0,0,0
1080,2,reference,433,1280,720,1920,1080,11.3306,12.3375,9.66861,1,1,0,0,0,0
1080,2,reference,434,1280,720,1920,1080,11.0633,12.2922,9.68909,1,1,0,0,0,0
1080,2,reference,435,1280,720,1920,1080,9.95738,10.9463,8.58522,1,1,0,0,0,0
1080,2,reference,436,1280,720,1920,1080,9.78432,11.5724,8.41011,1,1,0,0,0,0
1080,2,reference,437,1280,720,1920,1080,10.9732,12.0451,9.59693,1,1,0,0,0,0
1080,2,reference,438,1280,720,1920,1080,11.0817,12.1242,9.7024,1,1,0,0,0,0
1080,2,reference,439,1280,720,1920,1080,12.2624,13.2205,10.6189,1,1,0,0,0,0
1080,2,reference,440,1280,720,1920,1080,11.3162,12.3219,9.93997,1,1,0,0,0,0
1080,2,reference,441,1280,720,1920,1080,11.3101,12.3031,9.93382,1,1,0,0,0,0
1080,2,reference,442,1280,720,1920,1080,11.3203,12.37,9.94406,1,1,0,0,0,0
1080,2,reference,443,1280,720,1920,1080,11.4545,12.4913,9.80992,1,1,0,0,0,0
1080,2,reference,444,1280,720,1920,1080,11.9112,13.1048,10.2687,1,1,0,0,0,0
1080,2,reference,445,1280,720,1920,1080,11.2855,12.2253,9.9113,1,1,0,0,0,0
1080,2,reference,446,1280,720,1920,1080,11.3111,12.3012,9.93382,1,1,0,0,0,0
1080,2,reference,447,1280,720,1920,1080,11.2814,12.2737,9.90822,1,1,0,0,0,0
1080,2,reference,448,1280,720,1920,1080,11.1923,12.2309,9.76691,1,1,0,0,0,0
1080,2,reference,449,1280,720,1920,1080,9.72493,10.6632,8.35072,1,1,0,0,0,0
1080,2,reference,450,1280,720,1920,1080,11.5466,13.5826,10.1724,1,1,0,0,0,0
1080,2,reference,451,1280,720,1920,1080,11.138,12.308,9.76282,1,1,0,0,0,0
1080,2,reference,452,1280,720,1920,1080,10.9537,12.0017,9.57747,1,1,0,0,0,0
1080,2,reference,453,1280,720,1920,1080,11.262,12.1604,9.88467,1,1,0,0,0,0
1080,2,reference,454,1280,720,1920,1080,11.3193,12.2851,9.94611,1,1,0,0,0,0
1080,2,reference,455,1280,720,1920,1080,11.3736,12.2585,9.75565,1,1,0,0,0,0
1080,2,reference,456,1280,720,1920,1080,11.1206,12.2295,9.74438,1,1,0,0,0,0
1080,2,reference,457,1280,720,1920,1080,13.2762,14.151,11.8999,1,1,0,0,0,0
1080,2,reference,458,1280,720,1920,1080,11.009,12.155,9.63174,1,1,0,0,0,0
1080,2,reference,459,1280,720,1920,1080,11.0715,12.1454,9.69728,1,1,0,0,0,0
1080,2,reference,460,1280,720,1920,1080,11.3019,12.2704,9.92358,1,1,0,0,0,0
1080,2,reference,461,1280,720,1920,1080,11.2896,12.4324,9.91334,1,1,0,0,0,0
1080,2,reference,462,1280,720,1920,1080,11.009,12.299,9.63379,1,1,0,0,0,0
1080,2,reference,463,1280,720,1920,1080,11.1483,12.6811,9.77306,1,1,0,0,0,0
1080,2,reference,464,1280,720,1920,1080,11.0264,12.2629,9.65018,1,1,0,0,0,0
1080,2,reference,465,1280,720,1920,1080,11.0131,12.0186,9.63789,1,1,0,0,0,0
1080,2,reference,466,1280,720,1920,1080,11.1903,12.2397,9.81402,1,1,0,0,0,0
1080,2,reference,467,1280,720,1920,1080,11.2097,12.3607,9.83552,1,1,0,0,0,0
1080,2,reference,468,1280,720,1920,1080,11.5251,12.4312,10.1489,1,1,0,0,0,0
1080,2,reference,469,1280,720,1920,1080,11.4473,12.3956,10.0618,1,1,0,0,0,0
1080,2,reference,470,1280,720,1920,1080,11.0234,12.014,9.6,1,1,0,0,0,0
1080,2,reference,471,1280,720,1920,1080,11.4964,12.4189,9.84678,1,1,0,0,0,0
1080,2,reference,472,1280,720,1920,1080,11.5087,12.4265,10.1315,1,1,0,0,0,0
1080,2,reference,473,1280,720,1920,1080,11.2865,12.2381,9.91027,1,1,0,0,0,0
1080,2,reference,474,1280,720,1920,1080,11.2732,12.2633,9.89491,1,1,0,0,0,0
1080,2,reference,475,1280,720,1920,1080,11.2896,12.2016,9.91232,1,1,0,0,0,0
1080,2,reference,476,1280,720,1920,1080,11.433,12.3906,9.80685,1,1,0,0,0,0
1080,2,reference,477,1280,720,1920,1080,12.1027,13.0248,10.7151,1,1,0,0,0,0
1080,2,reference,478,1280,720,1920,1080,11.2425,12.1717,9.86624,1,1,0,0,0,0
1080,2,reference,479,1280,720,1920,1080,11.476,12.4726,9.83245,1,1,0,0,0,0
1080,2,reference,480,1280,720,1920,1080,11.4412,12.4097,9.81299,1,1,0,0,0,0
1080,2,reference,481,1280,720,1920,1080,11.4852,12.4346,9.84678,1,1,0,0,0,0
1080,2,reference,482,1280,720,1920,1080,11.3254,12.3728,9.67578,1,1,0,0,0,0
1080,2,reference,483,1280,720,1920,1080,11.5343,12.4618,9.88774,1,1,0,0,0,0
1080,2,reference,484,1280,720,1920,1080,11.4422,12.4191,9.79866,1,1,0,0,0,0
1080,2,reference,485,1280,720,1920,1080,10.114,11.4905,8.73882,1,1,0,0,0,0
1080,2,reference,486,1280,720,1920,1080,12.6884,13.837,9.9113,1,1,0,0,0,0
1080,2,reference,487,1280,720,1920,1080,11.3111,12.3845,9.93075,1,1,0,0,0,0
1080,2,reference,488,1280,720,1920,1080,11.3009,12.3696,9.92358,1,1,0,0,0,0
1080,2,reference,489,1280,720,1920,1080,11.2364,12.277,8.55552,1,1,0,0,0,0
1080,2,reference,490,1280,720,1920,1080,10.9906,12.0842,9.61229,1,1,0,0,0,0
1080,2,reference,491,1280,720,1920,1080,11.2865,12.2101,9.91027,1,1,0,0,0,0
1080,2,reference,492,1280,720,1920,1080,11.2896,12.2189,9.9113,1,1,0,0,0,0
1080,2,reference,493,1280,720,1920,1080,11.4104,12.5355,8.72243,1,1,0,0,0,0
1080,2,reference,494,1280,720,1920,1080,11.1892,12.2714,9.81606,1,1,0,0,0,0
1080,2,reference,495,1280,720,1920,1080,10.9804,11.97,9.60512,1,1,0,0,0,0
1080,2,reference,496,1280,720,1920,1080,11.2753,12.1803,9.90106,1,1,0,0,0,0
1080,2,reference,497,1280,720,1920,1080,11.0336,12.1432,9.65734,1,1,0,0,0,0
1080,2,reference,498,1280,720,1920,1080,11.4319,12.379,10.0557,1,1,0,0,0,0
1080,2,reference,499,1280,720,1920,1080,11.3521,12.3526,9.97786,1,1,0,0,0,0
1080,2,reference,500,1280,720,1920,1080,11.0664,12.2884,9.68909,1,1,0,0,0,0
1080,2,reference,501,1280,720,1920,1080,11.4749,12.3989,10.0997,1,1,0,0,0,0
1080,2,reference,502,1280,720,1920,1080,11.0756,12.1877,9.69728,1,1,0,0,0,0
1080,2,reference,503,1280,720,1920,1080,11.2353,12.2732,9.81709,1,1,0,0,0,0
1080,2,reference,504,1280,720,1920,1080,11.5487,12.4339,9.79968,1,1,0,0,0,0
1080,2,reference,505,1280,720,1920,1080,16.3174,17.2989,14.6708,1,1,0,0,0,0
1080,2,reference,506,1280,720,1920,1080,11.5528,12.5849,9.93997,1,1,0,0,0,0
1080,2,reference,507,1280,720,1920,1080,11.3142,12.2403,9.93894,1,1,0,0,0,0
1080,2,reference,508,1280,720,1920,1080,11.264,12.3904,9.88467,1,1,0,0,0,0
1080,2,reference,509,1280,720,1920,1080,11.2445,12.277,9.86726,1,1,0,0,0,0
1080,2,reference,510,1280,720,1920,1080,11.4821,12.459,10.1038,1,1,0,0,0,0
1080,2,reference,511,1280,720,1920,1080,11.476,12.4408,10.1018,1,1,0,0,0,0
1080,2,reference,512,1280,720,1920,1080,11.5016,12.5181,10.1233,1,1,0,0,0,0
1080,2,reference,513,1280,720,1920,1080,11.4319,12.4373,10.0547,1,1,0,0,0,0
1080,2,reference,514,1280,720,1920,1080,11.4678,12.4812,10.0915,1,1,0,0,0,0
1080,2,reference,515,1280,720,1920,1080,11.4719,12.5816,9.89594,1,1,0,0,0,0
1080,2,reference,516,1280,720,1920,1080,11.4412,12.3708,9.8601,1,1,0,0,0,0
1080,2,reference,517,1280,720,1920,1080,11.4606,12.4225,10.0844,1,1,0,0,0,0
1080,2,reference,518,1280,720,1920,1080,9.94918,10.876,8.57498,1,1,0,0,0,0
1080,2,reference,519,1280,720,1920,1080,12.5778,13.5404,11.1821,1,1,0,0,0,0
1080,2,reference,520,1280,720,1920,1080,10.9773,12.0097,9.60205,1,1,0,0,0,0
1080,2,reference,521,1280,720,1920,1080,11.0223,12.0356,9.6471,1,1,0,0,0,0
1080,2,reference,522,1280,720,1920,1080,11.2978,12.2577,9.92051,1,1,0,0,0,0
1080,2,reference,523,1280,720,1920,1080,11.2773,12.2825,9.63277,1,1,0,0,0,0
1080,2,reference,524,1280,720,1920,1080,11.2108,12.4434,9.83757,1,1,0,0,0,0
1080,2,reference,525,1280,720,1920,1080,11.1852,12.3935,9.80992,1,1,0,0,0,0
1080,2,reference,526,1280,720,1920,1080,11.2896,12.2392,9.91334,1,1,0,0,0,0
1080,2,reference,527,1280,720,1920,1080,9.75155,10.6806,8.3753,1,1,0,0,0,0
1080,2,reference,528,1280,720,1920,1080,9.2887,12.0199,7.91347,1,1,0,0,0,0
1080,2,reference,529,1280,720,1920,1080,11.479,12.4299,9.84678,1,1,0,0,0,0
1080,2,reference,530,1280,720,1920,1080,11.0356,12.1877,8.35379,1,1,0,0,0,0
1080,2,reference,531,1280,720,1920,1080,11.008,12.1032,9.63482,1,1,0,0,0,0
1080,2,reference,532,1280,720,1920,1080,10.8861,12.0416,9.51091,1,1,0,0,0,0
1080,2,reference,533,1280,720,1920,1080,11.263,12.184,9.61434,1,1,0,0,0,0
1080,2,reference,534,1280,720,1920,1080,11.3193,12.2336,9.65939,1,1,0,0,0,0
1080,2,reference,535,1280,720,1920,1080,11.2312,12.6286,9.85805,1,1,0,0,0,0
1080,2,reference,536,1280,720,1920,1080,11.2435,12.481,9.86829,1,1,0,0,0,0
1080,2,reference,537,1280,720,1920,1080,11.4401,12.5838,9.9031,1,1,0,0,0,0
1080,2,reference,538,1280,720,1920,1080,11.266,12.2501,9.88979,1,1,0,0,0,0
1080,2,reference,539,1280,720,1920,1080,11.306,12.5415,9.92973,1,1,0,0,0,0
1080,2,reference,540,1280,720,1920,1080,11.2435,12.6277,9.86829,1,1,0,0,0,0
1080,2,reference,541,1280,720,1920,1080,11.2763,12.4631,9.90003,1,1,0,0,0,0
1080,2,reference,542,1280,720,1920,1080,11.2384,12.4508,9.86317,1,1,0,0,0,0
1080,2,reference,543,1280,720,1920,1080,11.1729,12.6129,9.79763,1,1,0,0,0,0
1080,2,reference,544,1280,720,1920,1080,11.348,12.7207,9.70138,1,1,0,0,0,0
1080,2,reference,545,1280,720,1920,1080,11.2916,12.3862,9.64198,1,1,0,0,0,0
1080,2,reference,546,1280,720,1920,1080,11.3183,12.3621,9.6727,1,1,0,0,0,0
1080,2,reference,547,1280,720,1920,1080,11.4678,12.4123,9.82118,1,1,0,0,0,0
1080,2,reference,548,1280,720,1920,1080,11.2497,12.8101,9.87341,1,1,0,0,0,0
1080,2,reference,549,1280,720,1920,1080,11.0981,12.2476,9.72186,1,1,0,0,0,0
1080,2,reference,550,1280,720,1920,1080,11.2374,12.2938,9.86317,1,1,0,0,0,0
1080,2,reference,551,1280,720,1920,1080,11.2763,12.2695,9.90106,1,1,0,0,0,0
1080,2,reference,552,1280,720,1920,1080,11.5395,12.4534,9.89491,1,1,0,0,0,0
1080,2,reference,553,1280,720,1920,1080,11.2404,12.2222,9.69318,1,1,0,0,0,0
1080,2,reference,554,1280,720,1920,1080,11.3377,12.4413,9.96045,1,1,0,0,0,0
1080,2,reference,555,1280,720,1920,1080,11.0316,12.0819,9.65222,1,1,0,0,0,0
1080,2,reference,556,1280,720,1920,1080,11.4934,12.5405,10.1181,1,1,0,0,0,0
1080,2,reference,557,1280,720,1920,1080,11.0531,12.219,9.6768,1,1,0,0,0,0
1080,2,reference,558,1280,720,1920,1080,9.99526,11.0624,8.62208,1,1,0,0,0,0
1080,2,reference,559,1280,720,1920,1080,10.965,13.3938,9.5703,1,1,0,0,0,0
1080,2,reference,560,1280,720,1920,1080,11.4678,12.448,10.0915,1,1,0,0,0,0
1080,2,reference,561,1280,720,1920,1080,11.0756,12.1742,9.67885,1,1,0,0,0,0
1080,2,reference,562,1280,720,1920,1080,11.5548,12.4136,9.91949,1,1,0,0,0,0
1080,2,reference,563,1280,720,1920,1080,11.3203,12.3909,9.92154,1,1,0,0,0,0
1080,2,reference,564,1280,720,1920,1080,11.4862,12.4273,10.0915,1,1,0,0,0,0
1080,2,reference,565,1280,720,1920,1080,11.3234,12.3884,9.94816,1,1,0,0,0,0
1080,2,reference,566,1280,720,1920,1080,11.2681,12.246,9.89082,1,1,0,0,0,0
1080,2,reference,567,1280,720,1920,1080,11.2957,12.2745,9.91949,1,1,0,0,0,0
1080,2,reference,568,1280,720,1920,1080,11.2814,12.2588,9.90106,1,1,0,0,0,0
1080,2,reference,569,1280,720,1920,1080,11.3541,12.4095,9.96966,1,1,0,0,0,0
1080,2,reference,570,1280,720,1920,1080,11.3469,12.5249,9.96147,1,1,0,0,0,0
1080,2,reference,571,1280,720,1920,1080,11.3142,12.3143,9.93587,1,1,0,0,0,0
1080,2,reference,572,1280,720,1920,1080,11.2589,12.2493,9.88467,1,1,0,0,0,0
1080,2,reference,573,1280,720,1920,1080,11.4381,12.4151,9.8089,1,1,0,0,0,0
1080,2,reference,574,1280,720,1920,1080,11.2998,12.5328,9.67782,1,1,0,0,0,0
1080,2,reference,575,1280,720,1920,1080,11.4995,12.7437,9.85907,1,1,0,0,0,0
1080,2,reference,576,1280,720,1920,1080,11.2855,12.2409,9.90515,1,1,0,0,0,0
1080,2,reference,577,1280,720,1920,1080,11.4289,12.358,9.8048,1,1,0,0,0,0
1080,2,reference,578,1280,720,1920,1080,11.5272,12.571,9.89389,1,1,0,0,0,0
1080,2,reference,579,1280,720,1920,1080,11.4708,12.508,9.84576,1,1,0,0,0,0
1080,2,reference,580,1280,720,1920,1080,11.4463,12.3963,9.82016,1,1,0,0,0,0
1080,2,reference,581,1280,720,1920,1080,11.2681,12.2819,9.64608,1,1,0,0,0,0
1080,2,reference,582,1280,720,1920,1080,11.4606,12.4876,9.83859,1,1,0,0,0,0
1080,2,reference,583,1280,720,1920,1080,11.4196,12.3844,9.79661,1,1,0,0,0,0
1080,2,reference,584,1280,720,1920,1080,11.3224,12.2675,9.68704,1,1,0,0,0,0
1080,2,reference,585,1280,720,1920,1080,11.3306,12.3153,9.70445,1,1,0,0,0,0
1080,2,reference,586,1280,720,1920,1080,11.3132,13.0104,9.93894,1,1,0,0,0,0
1080,2,reference,587,1280,720,1920,1080,11.179,12.3394,9.80582,1,1,0,0,0,0
1080,2,reference,588,1280,720,1920,1080,11.2589,12.2145,9.88467,1,1,0,0,0,0
1080,2,reference,589,1280,720,1920,1080,11.2855,12.3651,9.66042,1,1,0,0,0,0
1080,2,reference,590,1280,720,1920,1080,11.348,12.3338,9.70138,1,1,0,0,0,0
1080,2,reference,591,1280,720,1920,1080,11.2558,12.4534,9.88365,1,1,0,0,0,0
1080,2,reference,592,1280,720,1920,1080,11.3521,12.5038,9.97683,1,1,0,0,0,0
1080,2,reference,593,1280,720,1920,1080,11.2978,12.8008,9.92563,1,1,0,0,0,0
1080,2,reference,594,1280,720,1920,1080,11.2691,12.3093,9.65222,1,1,0,0,0,0
1080,2,reference,595,1280,720,1920,1080,11.1995,12.5455,9.82528,1,1,0,0,0,0
1080,2,reference,596,1280,720,1920,1080,11.2517,12.6001,9.87546,1,1,0,0,0,0
1080,2,reference,597,1280,720,1920,1080,11.2876,12.4484,9.62458,1,1,0,0,0,0
1080,2,reference,598,1280,720,1920,1080,11.393,12.4199,9.8304,1,1,0,0,0,0
1080,2,reference,599,1280,720,1920,1080,11.0316,12.1914,9.65837,1,1,0,0,0,0
1080,2,reference,600,1280,720,1920,1080,10.9015,12.0071,9.52422,1,1,0,0,0,0
1080,2,reference,601,1280,720,1920,1080,11.2302,12.2043,9.85702,1,1,0,0,0,0
1080,2,reference,602,1280,720,1920,1080,11.2824,12.2571,9.90822,1,1,0,0,0,0
1080,2,reference,603,1280,720,1920,1080,10.9445,12.075,9.5703,1,1,0,0,0,0
1080,2,reference,604,1280,720,1920,1080,11.3981,12.2858,10.0239,1,1,0,0,0,0
1080,2,reference,605,1280,720,1920,1080,11.264,12.2952,9.88774,1,1,0,0,0,0
1080,2,reference,606,1280,720,1920,1080,11.008,12.1755,9.63379,1,1,0,0,0,0
1080,2,reference,607,1280,720,1920,1080,11.4668,12.4094,10.0905,1,1,0,0,0,0
1080,2,reference,608,1280,720,1920,1080,11.1053,12.3165,9.71981,1,1,0,0,0,0
1080,2,reference,609,1280,720,1920,1080,11.3132,12.3908,8.48589,1,1,0,0,0,0
1080,2,reference,610,1280,720,1920,1080,11.1442,12.2162,9.76691,1,1,0,0,0,0
1080,2,reference,611,1280,720,1920,1080,11.3244,12.2797,9.65939,1,1,0,0,0,0
1080,2,reference,612,1280,720,1920,1080,11.2179,12.3398,9.82221,1,1,0,0,0,0
1080,2,reference,613,1280,720,1920,1080,11.4616,12.3942,10.0833,1,1,0,0,0,0
1080,2,reference,614,1280,720,1920,1080,11.3039,12.3061,9.92768,1,1,0,0,0,0
1080,2,reference,615,1280,720,1920,1080,11.4739,12.4977,9.8345,1,1,0,0,0,0
1080,2,reference,616,1280,720,1920,1080,11.5354,12.6521,9.88979,1,1,0,0,0,0
1080,2,reference,617,1280,720,1920,1080,11.2671,12.2825,9.89082,1,1,0,0,0,0
1080,2,reference,618,1280,720,1920,1080,11.3101,12.2739,9.93485,1,1,0,0,0,0
1080,2,reference,619,1280,720,1920,1080,11.5067,12.5243,9.85805,1,1,0,0,0,0
1080,2,reference,620,1280,720,1920,1080,11.4401,12.5928,9.8007,1,1,0,0,0,0
1080,2,reference,621,1280,720,1920,1080,11.4821,12.4858,9.83962,1,1,0,0,0,0
1080,2,reference,622,1280,720,1920,1080,11.3039,12.463,9.92768,1,1,0,0,0,0
1080,2,reference,623,1280,720,1920,1080,11.4698,12.5045,9.8345,1,1,0,0,0,0
1080,2,reference,624,1280,720,1920,1080,11.2804,12.3919,9.90413,1,1,0,0,0,0
1080,2,reference,625,1280,720,1920,1080,11.5087,12.5051,9.86522,1,1,0,0,0,0
1080,2,reference,626,1280,720,1920,1080,11.4319,12.5797,9.79558,1,1,0,0,0,0
1080,2,reference,627,1280,720,1920,1080,11.4811,12.4453,9.83962,1,1,0,0,0,0
1080,2,reference,628,1280,720,1920,1080,11.2886,12.4178,9.91334,1,1,0,0,0,0
1080,2,reference,629,1280,720,1920,1080,11.4371,12.3989,9.79558,1,1,0,0,0,0
1080,2,reference,630,1280,720,1920,1080,11.4862,12.5795,9.84371,1,1,0,0,0,0
1080,2,reference,631,1280,720,1920,1080,11.3551,12.6739,9.96966,1,1,0,0,0,0
1080,2,reference,632,1280,720,1920,1080,11.2732,12.2766,9.89696,1,1,0,0,0,0
1080,2,reference,633,1280,720,1920,1080,11.2579,12.1729,9.8816,1,1,0,0,0,0
1080,2,reference,634,1280,720,1920,1080,11.4627,12.3997,9.79968,1,1,0,0,0,0
1080,2,reference,635,1280,720,1920,1080,11.3388,12.2857,9.80378,1,1,0,0,0,0
1080,2,reference,636,1280,720,1920,1080,11.5548,12.5145,10.1816,1,1,0,0,0,0
1080,2,reference,637,1280,720,1920,1080,10.9875,12.0139,8.38349,1,1,0,0,0,0
1080,2,reference,638,1280,720,1920,1080,11.1585,12.2539,9.78432,1,1,0,0,0,0
1080,2,reference,639,1280,720,1920,1080,11.1421,12.1172,9.76896,1,1,0,0,0,0
1080,2,reference,640,1280,720,1920,1080,10.9097,12.1068,9.53651,1,1,0,0,0,0
1080,2,reference,641,1280,720,1920,1080,11.4524,12.4107,10.0751,1,1,0,0,0,0
1080,2,reference,642,1280,720,1920,1080,11.2415,12.3543,9.86726,1,1,0,0,0,0
1080,2,reference,643,1280,720,1920,1080,11.3039,12.2658,9.93075,1,1,0,0,0,0
1080,2,reference,644,1280,720,1920,1080,11.1606,12.1526,9.76896,1,1,0,0,0,0
1080,2,reference,645,1280,720,1920,1080,11.5231,12.4704,9.86317,1,1,0,0,0,0
1080,2,reference,646,1280,720,1920,1080,11.0541,12.2566,9.67987,1,1,0,0,0,0
1080,2,reference,647,1280,720,1920,1080,11.4237,12.3153,9.78637,1,1,0,0,0,0
1080,2,reference,648,1280,720,1920,1080,11.2568,12.2369,9.63789,1,1,0,0,0,0
1080,2,reference,649,1280,720,1920,1080,11.4135,12.4839,10.0403,1,1,0,0,0,0
1080,2,reference,650,1280,720,1920,1080,11.4575,12.4355,10.0833,1,1,0,0,0,0
1080,2,reference,651,1280,720,1920,1080,11.4575,12.3814,10.0844,1,1,0,0,0,0
1080,2,reference,652,1280,720,1920,1080,11.4811,12.4336,10.1079,1,1,0,0,0,0
1080,2,reference,653,1280,720,1920,1080,11.4903,12.6415,10.1151,1,1,0,0,0,0
1080,2,reference,654,1280,720,1920,1080,11.4412,12.408,10.068,1,1,0,0,0,0
1080,2,reference,655,1280,720,1920,1080,11.4135,12.3685,10.0383,1,1,0,0,0,0
1080,2,reference,656,1280,720,1920,1080,11.4616,12.8373,10.0895,1,1,0,0,0,0
1080,2,reference,657,1280,720,1920,1080,11.5016,12.5673,10.1263,1,1,0,0,0,0
1080,2,reference,658,1280,720,1920,1080,11.2742,12.228,9.89798,1,1,0,0,0,0
1080,2,reference,659,1280,720,1920,1080,11.4063,12.3412,10.0321,1,1,0,0,0,0
1080,2,reference,660,1280,720,1920,1080,11.3234,12.2578,9.95123,1,1,0,0,0,0
1080,2,reference,661,1280,720,1920,1080,11.2753,12.2014,9.90208,1,1,0,0,0,0
1080,2,reference,662,1280,720,1920,1080,11.4893,12.5238,9.8519,1,1,0,0,0,0
1080,2,reference,663,1280,720,1920,1080,11.2456,12.368,9.87238,1,1,0,0,0,0
1080,2,reference,664,1280,720,1920,1080,11.4913,12.6805,9.856,1,1,0,0,0,0
1080,2,reference,665,1280,720,1920,1080,11.4545,12.4592,9.82118,1,1,0,0,0,0
1080,2,reference,666,1280,720,1920,1080,12.1907,13.2053,10.8155,1,1,0,0,0,0
1080,2,reference,667,1280,720,1920,1080,11.5261,12.5876,10.153,1,1,0,0,0,0
1080,2,reference,668,1280,720,1920,1080,11.2968,12.3753,9.92461,1,1,0,0,0,0
1080,2,reference,669,1280,720,1920,1080,11.2896,12.2237,9.91642,1,1,0,0,0,0
1080,2,reference,670,1280,720,1920,1080,11.2701,12.246,9.89286,1,1,0,0,0,0
1080,2,reference,671,1280,720,1920,1080,11.5139,12.6899,9.87648,1,1,0,0,0,0
1080,2,reference,672,1280,720,1920,1080,11.477,12.611,10.0977,1,1,0,0,0,0
1080,2,reference,673,1280,720,1920,1080,11.5651,12.5845,10.1888,1,1,0,0,0,0
1080,2,reference,674,1280,720,1920,1080,11.2855,12.3052,9.90822,1,1,0,0,0,0
1080,2,reference,675,1280,720,1920,1080,11.2128,12.3012,9.83552,1,1,0,0,0,0
1080,2,reference,676,1280,720,1920,1080,11.9286,13.1082,10.2932,1,1,0,0,0,0
1080,2,reference,677,1280,720,1920,1080,11.4002,12.4028,10.025,1,1,0,0,0,0
1080,2,reference,678,1280,720,1920,1080,11.2415,12.27,9.86931,1,1,0,0,0,0
1080,2,reference,679,1280,720,1920,1080,11.2538,12.1965,9.88262,1,1,0,0,0,0
1080,2,reference,680,1280,720,1920,1080,11.262,12.2394,9.88774,1,1,0,0,0,0
1080,2,reference,681,1280,720,1920,1080,11.3316,12.5567,9.9584,1,1,0,0,0,0
1080,2,reference,682,1280,720,1920,1080,11.4217,12.4137,10.0475,1,1,0,0,0,0
1080,2,reference,683,1280,720,1920,1080,11.3029,12.3699,9.92973,1,1,0,0,0,0
1080,2,reference,684,1280,720,1920,1080,11.2927,12.3918,9.91846,1,1,0,0,0,0
1080,2,reference,685,1280,720,1920,1080,11.3367,12.3189,9.95738,1,1,0,0,0,0
1080,2,reference,686,1280,720,1920,1080,11.2548,12.2997,9.88058,1,1,0,0,0,0
1080,2,reference,687,1280,720,1920,1080,11.2763,12.2748,9.90413,1,1,0,0,0,0
1080,2,reference,688,1280,720,1920,1080,11.4545,12.4652,9.83245,1,1,0,0,0,0
1080,2,reference,689,1280,720,1920,1080,11.4811,12.7736,9.83962,1,1,0,0,0,0
1080,2,reference,690,1280,720,1920,1080,11.2691,12.2791,9.89389,1,1,0,0,0,0
1080,2,reference,691,1280,720,1920,1080,11.2855,12.2389,9.91027,1,1,0,0,0,0
1080,2,reference,692,1280,720,1920,1080,11.5466,12.4818,9.92051,1,1,0,0,0,0
1080,2,reference,693,1280,720,1920,1080,11.4586,12.5812,9.82733,1,1,0,0,0,0
1080,2,reference,694,1280,720,1920,1080,11.4473,12.5158,9.81299,1,1,0,0,0,0
1080,2,reference,695,1280,720,1920,1080,11.522,12.6466,9.88877,1,1,0,0,0,0
1080,2,reference,696,1280,720,1920,1080,11.2036,12.1162,9.8304,1,1,0,0,0,0
1080,2,reference,697,1280,720,1920,1080,11.4319,12.6144,9.80685,1,1,0,0,0,0
1080,2,reference,698,1280,720,1920,1080,11.4637,12.46,9.84371,1,1,0,0,0,0
1080,2,reference,699,1280,720,1920,1080,11.4299,12.5568,9.80173,1,1,0,0,0,0
1080,2,reference,700,1280,720,1920,1080,11.4258,12.4403,9.80275,1,1,0,0,0,0
1080,2,reference,701,1280,720,1920,1080,11.4196,12.3782,9.79661,1,1,0,0,0,0
1080,2,reference,702,1280,720,1920,1080,11.5098,12.4346,9.88979,1,1,0,0,0,0
1080,2,reference,703,1280,720,1920,1080,11.3674,12.3397,9.73926,1,1,0,0,0,0
1080,2,reference,704,1280,720,1920,1080,9.94611,10.9575,8.576,1,1,0,0,0,0
1080,2,reference,705,1280,720,1920,1080,12.6116,13.7269,11.1933,1,1,0,0,0,0
1080,2,reference,706,1280,720,1920,1080,11.4924,12.6589,9.85293,1,1,0,0,0,0
1080,2,reference,707,1280,720,1920,1080,11.3295,12.3558,9.6809,1,1,0,0,0,0
1080,2,reference,708,1280,720,1920,1080,11.3029,12.3075,9.65939,1,1,0,0,0,0
1080,2,reference,709,1280,720,1920,1080,11.2282,12.4259,9.85498,1,1,0,0,0,0
1080,2,reference,710,1280,720,1920,1080,11.2548,12.5789,9.8816,1,1,0,0,0,0
1080,2,reference,711,1280,720,1920,1080,11.4176,12.4391,10.0434,1,1,0,0,0,0
1080,2,reference,712,1280,720,1920,1080,11.2876,12.2298,9.65222,1,1,0,0,0,0
1080,2,reference,713,1280,720,1920,1080,11.2732,12.2055,9.62048,1,1,0,0,0,0
1080,2,reference,714,1280,720,1920,1080,11.0879,12.4897,9.71571,1,1,0,0,0,0
1080,2,reference,715,1280,720,1920,1080,11.2568,12.7244,9.88467,1,1,0,0,0,0
1080,2,reference,716,1280,720,1920,1080,11.3459,12.4632,9.97478,1,1,0,0,0,0
1080,2,reference,717,1280,720,1920,1080,11.2456,12.2719,9.87136,1,1,0,0,0,0
1080,2,reference,718,1280,720,1920,1080,11.3428,12.4123,9.96966,1,1,0,0,0,0
1080,2,reference,719,1280,720,1920,1080,11.5231,12.4851,10.1489,1,1,0,0,0,0
1080,2,reference,720,1280,720,1920,1080,11.3326,12.5046,9.79251,1,1,0,0,0,0
1080,2,reference,721,1280,720,1920,1080,11.392,12.4273,10.0157,1,1,0,0,0,0
1080,2,reference,722,1280,720,1920,1080,11.1739,12.3299,9.8048,1,1,0,0,0,0
1080,2,reference,723,1280,720,1920,1080,11.2794,12.2784,9.90515,1,1,0,0,0,0
1080,2,reference,724,1280,720,1920,1080,11.5507,12.5888,10.1765,1,1,0,0,0,0
1080,2,reference,725,1280,720,1920,1080,10.9435,12.0697,9.56416,1,1,0,0,0,0
1080,2,reference,726,1280,720,1920,1080,11.2988,12.3276,9.92461,1,1,0,0,0,0
1080,2,reference,727,1280,720,1920,1080,11.2364,12.1871,9.86522,1,1,0,0,0,0
1080,2,reference,728,1280,720,1920,1080,11.092,12.1701,9.72083,1,1,0,0,0,0
1080,2,reference,729,1280,720,1920,1080,11.3418,12.4314,9.96762,1,1,0,0,0,0
1080,2,reference,730,1280,720,1920,1080,11.2947,12.3471,9.64915,1,1,0,0,0,0
1080,2,reference,731,1280,720,1920,1080,11.8743,12.7984,10.2502,1,1,0,0,0,0
1080,2,reference,732,1280,720,1920,1080,10.9189,12.0574,9.54675,1,1,0,0,0,0
1080,2,reference,733,1280,720,1920,1080,11.3797,12.3094,10.0045,1,1,0,0,0,0
1080,2,reference,734,1280,720,1920,1080,11.2742,12.2523,9.90106,1,1,0,0,0,0
1080,2,reference,735,1280,720,1920,1080,11.2261,12.2499,9.85293,1,1,0,0,0,0
1080,2,reference,736,1280,720,1920,1080,11.4309,12.5409,10.0588,1,1,0,0,0,0
1080,2,reference,737,1280,720,1920,1080,11.2988,12.3929,9.92358,1,1,0,0,0,0
1080,2,reference,738,1280,720,1920,1080,9.79354,10.6951,8.4224,1,1,0,0,0,0
1080,2,reference,739,1280,720,1920,1080,12.5379,13.5565,9.88262,1,1,0,0,0,0
1080,2,reference,740,1280,720,1920,1080,9.75872,10.7251,8.38656,1,1,0,0,0,0
1080,2,reference,741,1280,720,1920,1080,11.5005,12.3469,9.96147,1,1,0,0,0,0
1080,2,reference,742,1280,720,1920,1080,11.1708,12.1909,9.79763,1,1,0,0,0,0
1080,2,reference,743,1280,720,1920,1080,11.2404,12.1632,9.86726,1,1,0,0,0,0
1080,2,reference,744,1280,720,1920,1080,11.0213,12.1508,9.64301,1,1,0,0,0,0
1080,2,reference,745,1280,720,1920,1080,11.3295,12.2637,9.95635,1,1,0,0,0,0
1080,2,reference,746,1280,720,1920,1080,11.2343,12.2371,9.86112,1,1,0,0,0,0
1080,2,reference,747,1280,720,1920,1080,11.4074,12.4792,10.0321,1,1,0,0,0,0
1080,2,reference,748,1280,720,1920,1080,16.0522,17.058,14.4343,1,1,0,0,0,0
1080,2,reference,749,1280,720,1920,1080,11.3039,12.5914,9.92973,1,1,0,0,0,0
1080,2,reference,750,1280,720,1920,1080,11.1995,12.1947,9.8263,1,1,0,0,0,0
1080,2,reference,751,1280,720,1920,1080,11.2374,12.2677,9.86419,1,1,0,0,0,0
1080,2,reference,752,1280,720,1920,1080,11.521,12.5216,10.1468,1,1,0,0,0,0
1080,2,reference,753,1280,720,1920,1080,11.4166,12.3582,10.0413,1,1,0,0,0,0
1080,2,reference,754,1280,720,1920,1080,11.4002,12.3609,10.027,1,1,0,0,0,0
1080,2,reference,755,1280,720,1920,1080,11.2742,12.2815,9.89696,1,1,0,0,0,0
1080,2,reference,756,1280,720,1920,1080,11.2404,12.215,9.86726,1,1,0,0,0,0
1080,2,reference,757,1280,720,1920,1080,11.4186,12.3901,9.77408,1,1,0,0,0,0
1080,2,reference,758,1280,720,1920,1080,11.4432,12.3737,9.8048,1,1,0,0,0,0
1080,2,reference,759,1280,720,1920,1080,11.1831,12.3353,8.52685,1,1,0,0,0,0
1080,2,reference,760,1280,720,1920,1080,11.0019,12.1386,9.62765,1,1,0,0,0,0
1080,2,reference,761,1280,720,1920,1080,11.1913,12.4823,9.76589,1,1,0,0,0,0
1080,2,reference,762,1280,720,1920,1080,11.1196,12.0758,9.74541,1,1,0,0,0,0
1080,2,reference,763,1280,720,1920,1080,11.4176,12.3319,10.0424,1,1,0,0,0,0
1080,2,reference,764,1280,720,1920,1080,11.1718,12.4069,9.79866,1,1,0,0,0,0
1080,2,reference,765,1280,720,1920,1080,11.1677,12.3122,9.79456,1,1,0,0,0,0
1080,2,reference,766,1280,720,1920,1080,11.4995,12.5126,10.1253,1,1,0,0,0,0
1080,2,reference,767,1280,720,1920,1080,11.1892,12.4412,9.81811,1,1,0,0,0,0
1080,2,reference,768,1280,720,1920,1080,11.0316,12.2829,9.65939,1,1,0,0,0,0
1080,2,reference,769,1280,720,1920,1080,10.923,12.0544,9.5488,1,1,0,0,0,0
1080,2,reference,770,1280,720,1920,1080,11.2579,12.3443,9.8857,1,1,0,0,0,0
1080,2,reference,771,1280,720,1920,1080,11.2435,12.2521,9.87136,1,1,0,0,0,0
1080,2,reference,772,1280,720,1920,1080,11.2804,12.2043,9.9072,1,1,0,0,0,0
1080,2,reference,773,1280,720,1920,1080,11.2865,12.257,9.67578,1,1,0,0,0,0
1080,2,reference,774,1280,720,1920,1080,11.2179,12.187,9.60102,1,1,0,0,0,0
1080,2,reference,775,1280,720,1920,1080,11.2855,12.2583,9.90822,1,1,0,0,0,0
1080,2,reference,776,1280,720,1920,1080,11.4862,12.4975,10.114,1,1,0,0,0,0
1080,2,reference,777,1280,720,1920,1080,11.4186,12.3499,10.0444,1,1,0,0,0,0
1080,2,reference,778,1280,720,1920,1080,11.4063,12.3139,10.0332,1,1,0,0,0,0
1080,2,reference,779,1280,720,1920,1080,11.4524,12.4985,10.0792,1,1,0,0,0,0
1080,2,reference,780,1280,720,1920,1080,11.436,12.5266,10.0618,1,1,0,0,0,0
1080,2,reference,781,1280,720,1920,1080,11.3797,12.5137,9.97171,1,1,0,0,0,0
1080,2,reference,782,1280,720,1920,1080,11.5855,12.5743,10.2113,1,1,0,0,0,0
1080,2,reference,783,1280,720,1920,1080,11.1514,12.1368,9.53549,1,1,0,0,0,0
1080,2,reference,784,1280,720,1920,1080,11.2374,12.2132,9.86317,1,1,0,0,0,0
1080,2,reference,785,1280,720,1920,1080,11.4463,12.4405,9.80685,1,1,0,0,0,0
1080,2,reference,786,1280,720,1920,1080,11.2599,12.2247,9.8857,1,1,0,0,0,0
1080,2,reference,787,1280,720,1920,1080,11.4514,12.3789,9.81504,1,1,0,0,0,0
1080,2,reference,788,1280,720,1920,1080,11.4074,12.5763,9.7751,1,1,0,0,0,0
1080,2,reference,789,1280,720,1920,1080,11.2466,12.1953,9.87238,1,1,0,0,0,0
1080,2,reference,790,1280,720,1920,1080,11.264,12.4362,9.62867,1,1,0,0,0,0
1080,2,reference,791,1280,720,1920,1080,11.2927,12.2395,9.63789,1,1,0,0,0,0
1080,2,reference,792,1280,720,1920,1080,12.4498,13.6056,10.7971,1,1,0,0,0,0
1080,2,reference,793,1280,720,1920,1080,11.3869,12.8592,10.0147,1,1,0,0,0,0
1080,2,reference,794,1280,720,1920,1080,11.5169,12.4917,10.1427,1,1,0,0,0,0
1080,2,reference,795,1280,720,1920,1080,11.3859,12.4242,10.0127,1,1,0,0,0,0
1080,2,reference,796,1280,720,1920,1080,11.6265,12.5522,10.2431,1,1,0,0,0,0
1080,2,reference,797,1280,720,1920,1080,11.1831,12.1418,9.80992,1,1,0,0,0,0
1080,2,reference,798,1280,720,1920,1080,11.305,12.2914,9.93178,1,1,0,0,0,0
1080,2,reference,799,1280,720,1920,1080,11.4156,12.3725,10.0424,1,1,0,0,0,0
1080,2,reference,800,1280,720,1920,1080,11.4422,12.3843,9.80582,1,1,0,0,0,0
1080,2,reference,801,1280,720,1920,1080,11.2742,12.2477,9.90106,1,1,0,0,0,0
1080,2,reference,802,1280,720,1920,1080,11.39,12.322,9.72186,1,1,0,0,0,0
1080,2,reference,803,1280,720,1920,1080,11.4545,12.483,9.81606,1,1,0,0,0,0
1080,2,reference,804,1280,720,1920,1080,11.435,12.3833,9.78739,1,1,0,0,0,0
1080,2,reference,805,1280,720,1920,1080,11.4913,12.5696,9.83654,1,1,0,0,0,0
1080,2,reference,806,1280,720,1920,1080,11.3562,12.3839,9.80787,1,1,0,0,0,0
1080,2,reference,807,1280,720,1920,1080,11.2476,12.3235,9.87648,1,1,0,0,0,0
1080,2,reference,808,1280,720,1920,1080,11.4063,12.3944,9.7833,1,1,0,0,0,0
1080,2,reference,809,1280,720,1920,1080,11.4156,12.4332,9.76794,1,1,0,0,0,0
1080,2,reference,810,1280,720,1920,1080,11.263,12.9481,9.88672,1,1,0,0,0,0
1080,2,reference,811,1280,720,1920,1080,11.2374,12.2507,9.86317,1,1,0,0,0,0
1080,2,reference,812,1280,720,1920,1080,11.2425,12.3828,9.60819,1,1,0,0,0,0
1080,2,reference,813,1280,720,1920,1080,11.2814,12.3254,9.64506,1,1,0,0,0,0
1080,2,reference,814,1280,720,1920,1080,11.1985,12.2298,9.66042,1,1,0,0,0,0
1080,2,reference,815,1280,720,1920,1080,11.2323,12.1835,9.85805,1,1,0,0,0,0
1080,2,reference,816,1280,720,1920,1080,11.1217,12.1286,9.75155,1,1,0,0,0,0
1080,2,reference,817,1280,720,1920,1080,11.4616,12.4086,10.0874,1,1,0,0,0,0
1080,2,reference,818,1280,720,1920,1080,11.2415,12.476,9.86829,1,1,0,0,0,0
1080,2,reference,819,1280,720,1920,1080,11.2261,12.5229,9.84883,1,1,0,0,0,0
1080,2,reference,820,1280,720,1920,1080,11.2568,12.5857,9.88467,1,1,0,0,0,0
1080,2,reference,821,1280,720,1920,1080,11.4821,12.4954,9.87238,1,1,0,0,0,0
1080,2,reference,822,1280,720,1920,1080,11.0531,12.2775,9.67885,1,1,0,0,0,0
1080,2,reference,823,1280,720,1920,1080,11.2681,12.1604,9.89286,1,1,0,0,0,0
1080,2,reference,824,1280,720,1920,1080,11.2589,12.1972,9.8857,1,1,0,0,0,0
1080,2,reference,825,1280,720,1920,1080,11.1073,12.216,9.7321,1,1,0,0,0,0
1080,2,reference,826,1280,720,1920,1080,11.3961,12.4985,10.0209,1,1,0,0,0,0
1080,2,reference,827,1280,720,1920,1080,11.0428,12.1479,9.66349,1,1,0,0,0,0
1080,2,reference,828,1280,720,1920,1080,15.6088,16.7212,14.2346,1,1,0,0,0,0
1080,2,reference,829,1280,720,1920,1080,11.2108,12.2014,9.83552,1,1,0,0,0,0
1080,2,reference,830,1280,720,1920,1080,11.262,12.2442,9.88877,1,1,0,0,0,0
1080,2,reference,831,1280,720,1920,1080,11.2241,12.2551,9.84986,1,1,0,0,0,0
1080,2,reference,832,1280,720,1920,1080,11.3766,12.3062,9.8263,1,1,0,0,0,0
1080,2,reference,833,1280,720,1920,1080,11.2466,12.2308,9.87034,1,1,0,0,0,0
1080,2,reference,834,1280,720,1920,1080,11.7012,12.678,9.95738,1,1,0,0,0,0
1080,2,reference,835,1280,720,1920,1080,11.434,12.3741,10.0628,1,1,0,0,0,0
1080,2,reference,836,1280,720,1920,1080,11.2691,12.1852,9.89491,1,1,0,0,0,0
1080,2,reference,837,1280,720,1920,1080,11.3725,12.4414,9.98707,1,1,0,0,0,0
1080,2,reference,838,1280,720,1920,1080,11.2753,12.2878,9.9031,1,1,0,0,0,0
1080,2,reference,839,1280,720,1920,1080,11.2701,12.2836,9.89696,1,1,0,0,0,0
1080,2,reference,840,1280,720,1920,1080,11.4381,12.4259,9.79251,1,1,0,0,0,0
1080,2,reference,841,1280,720,1920,1080,11.2722,12.215,9.63482,1,1,0,0,0,0
1080,2,reference,842,1280,720,1920,1080,11.2988,12.2427,9.66144,1,1,0,0,0,0
1080,2,reference,843,1280,720,1920,1080,11.1206,12.2014,9.74541,1,1,0,0,0,0
1080,2,reference,844,1280,720,1920,1080,10.9722,12.0104,9.60102,1,1,0,0,0,0
1080,2,reference,845,1280,720,1920,1080,11.265,12.3266,9.87238,1,1,0,0,0,0
1080,2,reference,846,1280,720,1920,1080,11.4852,12.3917,9.84269,1,1,0,0,0,0
1080,2,reference,847,1280,720,1920,1080,10.9691,12.2343,9.5959,1,1,0,0,0,0
1080,2,reference,848,1280,720,1920,1080,11.0776,12.2577,9.70342,1,1,0,0,0,0
1080,2,reference,849,1280,720,1920,1080,11.4166,12.3628,10.0413,1,1,0,0,0,0
1080,2,reference,850,1280,720,1920,1080,9.71674,10.6515,8.34458,1,1,0,0,0,0
1080,2,reference,851,1280,720,1920,1080,11.2763,13.1951,9.90208,1,1,0,0,0,0
1080,2,reference,852,1280,720,1920,1080,9.73722,10.6496,8.36301,1,1,0,0,0,0
1080,2,reference,853,1280,720,1920,1080,11.3521,12.1828,9.97581,1,1,0,0,0,0
1080,2,reference,854,1280,720,1920,1080,12.4723,13.6188,11.0459,1,1,0,0,0,0
1080,2,reference,855,1280,720,1920,1080,11.307,12.2601,9.9328,1,1,0,0,0,0
1080,2,reference,856,1280,720,1920,1080,11.265,12.3026,9.63072,1,1,0,0,0,0
1080,2,reference,857,1280,720,1920,1080,11.2773,12.2568,9.63584,1,1,0,0,0,0
1080,2,reference,858,1280,720,1920,1080,11.1882,12.4346,9.81402,1,1,0,0,0,0
1080,2,reference,859,1280,720,1920,1080,11.2384,12.2878,9.60307,1,1,0,0,0,0
1080,2,reference,860,1280,720,1920,1080,11.0643,12.2726,8.38451,1,1,0,0,0,0
1080,2,reference,861,1280,720,1920,1080,11.4514,12.6642,10.0741,1,1,0,0,0,0
1080,2,reference,862,1280,720,1920,1080,11.2189,12.4599,9.84269,1,1,0,0,0,0
1080,2,reference,863,1280,720,1920,1080,11.3183,12.3327,9.94509,1,1,0,0,0,0
1080,2,reference,864,1280,720,1920,1080,11.2957,12.38,9.92256,1,1,0,0,0,0
1080,2,reference,865,1280,720,1920,1080,11.092,12.2802,9.71571,1,1,0,0,0,0
1080,2,reference,866,1280,720,1920,1080,10.9609,12.187,9.58669,1,1,0,0,0,0
1080,2,reference,867,1280,720,1920,1080,11.1206,12.3392,9.74438,1,1,0,0,0,0
1080,2,reference,868,1280,720,1920,1080,11.1657,12.1636,9.79251,1,1,0,0,0,0
1080,2,reference,869,1280,720,1920,1080,11.1903,12.4251,9.81504,1,1,0,0,0,0
1080,2,reference,870,1280,720,1920,1080,11.223,12.1645,9.84781,1,1,0,0,0,0
1080,2,reference,871,1280,720,1920,1080,10.9588,12.0161,9.58259,1,1,0,0,0,0
1080,2,reference,872,1280,720,1920,1080,11.4063,12.3362,10.0198,1,1,0,0,0,0
1080,2,reference,873,1280,720,1920,1080,11.2148,12.3155,9.84064,1,1,0,0,0,0
1080,2,reference,874,1280,720,1920,1080,11.479,12.4721,10.1048,1,1,0,0,0,0
1080,2,reference,875,1280,720,1920,1080,11.4729,12.3849,10.0987,1,1,0,0,0,0
1080,2,reference,876,1280,720,1920,1080,11.4903,12.4655,10.1151,1,1,0,0,0,0
1080,2,reference,877,1280,720,1920,1080,11.2712,12.2112,9.89286,1,1,0,0,0,0
1080,2,reference,878,1280,720,1920,1080,11.2671,12.2367,9.88774,1,1,0,0,0,0
1080,2,reference,879,1280,720,1920,1080,11.2517,12.2352,9.87853,1,1,0,0,0,0
1080,2,reference,880,1280,720,1920,1080,11.3777,12.337,9.75053,1,1,0,0,0,0
1080,2,reference,881,1280,720,1920,1080,11.4207,12.3778,9.79354,1,1,0,0,0,0
1080,2,reference,882,1280,720,1920,1080,11.4811,12.4997,9.856,1,1,0,0,0,0
1080,2,reference,883,1280,720,1920,1080,11.3961,12.381,9.77408,1,1,0,0,0,0
1080,2,reference,884,1280,720,1920,1080,11.3336,12.3436,9.79251,1,1,0,0,0,0
1080,2,reference,885,1280,720,1920,1080,11.7002,12.8742,10.3178,1,1,0,0,0,0
1080,2,reference,886,1280,720,1920,1080,11.4473,12.5131,9.80378,1,1,0,0,0,0
1080,2,reference,887,1280,720,1920,1080,11.4637,12.6877,9.81914,1,1,0,0,0,0
1080,2,reference,888,1280,720,1920,1080,11.39,12.3934,9.75565,1,1,0,0,0,0
1080,2,reference,889,1280,720,1920,1080,11.2497,12.2068,9.87238,1,1,0,0,0,0
1080,2,reference,890,1280,720,1920,1080,11.476,12.5164,9.84064,1,1,0,0,0,0
1080,2,reference,891,1280,720,1920,1080,11.4616,12.726,9.8263,1,1,0,0,0,0
1080,2,reference,892,1280,720,1920,1080,11.2886,12.405,9.91232,1,1,0,0,0,0
1080,2,reference,893,1280,720,1920,1080,11.3336,12.2745,9.8007,1,1,0,0,0,0
1080,2,reference,894,1280,720,1920,1080,11.4975,12.6999,9.87341,1,1,0,0,0,0
1080,2,reference,895,1280,720,1920,1080,10.7827,11.764,9.40646,1,1,0,0,0,0
1080,2,reference,896,1280,720,1920,1080,11.2497,12.2645,9.87443,1,1,0,0,0,0
1080,2,reference,897,1280,720,1920,1080,11.5487,12.4912,9.91642,1,1,0,0,0,0
1080,2,reference,898,1280,720,1920,1080,11.4432,12.438,9.80275,1,1,0,0,0,0
1080,2,reference,899,1280,720,1920,1080,11.5149,12.5799,9.8775,1,1,0,0,0,0
1080,2,reference,900,1280,720,1920,1080,11.6756,12.6006,10.1151,1,1,0,0,0,0
1080,2,reference,901,1280,720,1920,1080,11.2108,12.2216,9.83552,1,1,0,0,0,0
1080,2,reference,902,1280,720,1920,1080,11.1903,12.3854,9.81504,1,1,0,0,0,0
1080,2,reference,903,1280,720,1920,1080,11.4381,12.6503,10.0659,1,1,0,0,0,0
1080,2,reference,904,1280,720,1920,1080,11.2169,12.436,9.84371,1,1,0,0,0,0
1080,2,reference,905,1280,720,1920,1080,11.2466,12.4769,9.86829,1,1,0,0,0,0
1080,2,reference,906,1280,720,1920,1080,11.4545,12.4995,10.0813,1,1,0,0,0,0
1080,2,reference,907,1280,720,1920,1080,11.1708,12.3774,9.79456,1,1,0,0,0,0
1080,2,reference,908,1280,720,1920,1080,10.1212,11.2707,8.74701,1,1,0,0,0,0
1080,2,reference,909,1280,720,1920,1080,16.9298,18.3871,15.529,1,1,0,0,0,0
1080,2,reference,910,1280,720,1920,1080,11.5323,12.5139,9.8775,1,1,0,0,0,0
1080,2,reference,911,1280,720,1920,1080,11.2681,12.26,9.6215,1,1,0,0,0,0
1080,2,reference,912,1280,720,1920,1080,11.3306,12.3491,9.68602,1,1,0,0,0,0
1080,2,reference,913,1280,720,1920,1080,11.3357,12.3238,9.68704,1,1,0,0,0,0
1080,2,reference,914,1280,720,1920,1080,11.1606,12.5311,9.78637,1,1,0,0,0,0
1080,2,reference,915,1280,720,1920,1080,11.2589,12.5149,9.88467,1,1,0,0,0,0
1080,2,reference,916,1280,720,1920,1080,11.223,12.3377,9.84986,1,1,0,0,0,0
1080,2,reference,917,1280,720,1920,1080,11.4739,12.5236,10.0987,1,1,0,0,0,0
1080,2,reference,918,1280,720,1920,1080,11.2548,12.1722,9.61126,1,1,0,0,0,0
1080,2,reference,919,1280,720,1920,1080,11.3306,12.2538,9.7065,1,1,0,0,0,0
1080,2,reference,920,1280,720,1920,1080,11.3336,12.4032,9.72083,1,1,0,0,0,0
1080,2,reference,921,1280,720,1920,1080,11.2445,12.8793,9.86829,1,1,0,0,0,0
1080,2,reference,922,1280,720,1920,1080,9.89389,12.2585,8.52173,1,1,0,0,0,0
1080,2,reference,923,1280,720,1920,1080,11.3736,12.4785,9.99629,1,1,0,0,0,0
1080,2,reference,924,1280,720,1920,1080,11.3162,12.3276,9.93894,1,1,0,0,0,0
1080,2,reference,925,1280,720,1920,1080,11.0408,12.2497,9.66042,1,1,0,0,0,0
1080,2,reference,926,1280,720,1920,1080,9.95738,10.8979,8.58214,1,1,0,0,0,0
1080,2,reference,927,1280,720,1920,1080,9.41158,10.3304,8.03635,1,1,0,0,0,0
1080,2,reference,928,1280,720,1920,1080,12.5471,13.5987,11.1432,1,1,0,0,0,0
1080,2,reference,929,1280,720,1920,1080,11.5395,12.5185,9.90515,1,1,0,0,0,0
1080,2,reference,930,1280,720,1920,1080,11.7494,12.7493,10.1089,1,1,0,0,0,0
1080,2,reference,931,1280,720,1920,1080,11.2282,12.1882,9.66758,1,1,0,0,0,0
1080,2,reference,932,1280,720,1920,1080,10.751,11.8418,9.3737,1,1,0,0,0,0
1080,2,reference,933,1280,720,1920,1080,10.9548,11.9726,9.5785,1,1,0,0,0,0
1080,2,reference,934,1280,720,1920,1080,11.2333,12.144,9.85907,1,1,0,0,0,0
1080,2,reference,935,1280,720,1920,1080,11.008,12.137,9.63174,1,1,0,0,0,0
1080,2,reference,936,1280,720,1920,1080,11.3132,12.2928,9.93587,1,1,0,0,0,0
1080,2,reference,937,1280,720,1920,1080,11.0193,12.2065,9.64506,1,1,0,0,0,0
1080,2,reference,938,1280,720,1920,1080,11.436,12.4245,10.0608,1,1,0,0,0,0
1080,2,reference,939,1280,720,1920,1080,11.2988,12.2679,9.6809,1,1,0,0,0,0
1080,2,reference,940,1280,720,1920,1080,18.3972,19.5379,17.0199,1,1,0,0,0,0
1080,2,reference,941,1280,720,1920,1080,11.7729,12.7352,10.1693,1,1,0,0,0,0
1080,2,reference,942,1280,720,1920,1080,11.4125,12.4003,10.0352,1,1,0,0,0,0
1080,2,reference,943,1280,720,1920,1080,11.2609,12.2455,9.88262,1,1,0,0,0,0
1080,2,reference,944,1280,720,1920,1080,11.2671,12.2134,9.89184,1,1,0,0,0,0
1080,2,reference,945,1280,720,1920,1080,11.4852,12.4851,9.86112,1,1,0,0,0,0
1080,2,reference,946,1280,720,1920,1080,11.4452,12.4617,9.82221,1,1,0,0,0,0
1080,2,reference,947,1280,720,1920,1080,11.4524,12.3903,9.8304,1,1,0,0,0,0
1080,2,reference,948,1280,720,1920,1080,11.519,12.7239,9.89184,1,1,0,0,0,0
1080,2,reference,949,1280,720,1920,1080,11.2671,12.2715,9.89184,1,1,0,0,0,0
1080,2,reference,950,1280,720,1920,1080,11.2691,12.2335,9.89389,1,1,0,0,0,0
1080,2,reference,951,1280,720,1920,1080,11.2783,12.2095,9.63891,1,1,0,0,0,0
1080,2,reference,952,1280,720,1920,1080,11.519,12.5075,9.88467,1,1,0,0,0,0
1080,2,reference,953,1280,720,1920,1080,11.308,12.5443,9.67475,1,1,0,0,0,0
1080,2,reference,954,1280,720,1920,1080,11.2957,12.3248,9.66758,1,1,0,0,0,0
1080,2,reference,955,1280,720,1920,1080,11.8804,12.7933,10.4837,1,1,0,0,0,0
1080,2,reference,956,1280,720,1920,1080,11.4637,12.4133,9.83552,1,1,0,0,0,0
1080,2,reference,957,1280,720,1920,1080,11.4463,12.3762,9.81299,1,1,0,0,0,0
1080,2,reference,958,1280,720,1920,1080,11.4924,12.5238,9.80378,1,1,0,0,0,0
1080,2,reference,959,1280,720,1920,1080,11.4442,12.6273,9.82118,1,1,0,0,0,0
1080,2,reference,960,1280,720,1920,1080,11.5272,12.7577,9.90208,1,1,0,0,0,0
1080,2,reference,961,1280,720,1920,1080,12.0699,13.0754,10.6813,1,1,0,0,0,0
1080,2,reference,962,1280,720,1920,1080,11.2916,12.2851,9.91642,1,1,0,0,0,0
1080,2,reference,963,1280,720,1920,1080,11.1831,12.1707,9.80173,1,1,0,0,0,0
1080,2,reference,964,1280,720,1920,1080,11.3347,12.3152,9.95533,1,1,0,0,0,0
1080,2,reference,965,1280,720,1920,1080,11.1708,12.1744,9.79558,1,1,0,0,0,0
1080,2,reference,966,1280,720,1920,1080,11.5231,12.5114,10.1478,1,1,0,0,0,0
1080,2,reference,967,1280,720,1920,1080,11.4145,12.3752,9.77408,1,1,0,0,0,0
1080,2,reference,968,1280,720,1920,1080,11.4104,12.3731,9.76282,1,1,0,0,0,0
1080,2,reference,969,1280,720,1920,1080,11.3019,12.2848,9.66349,1,1,0,0,0,0
1080,2,reference,970,1280,720,1920,1080,11.2323,12.431,9.85702,1,1,0,0,0,0
1080,2,reference,971,1280,720,1920,1080,11.2282,12.4329,9.66144,1,1,0,0,0,0
1080,2,reference,972,1280,720,1920,1080,11.4371,12.4901,10.0577,1,1,0,0,0,0
1080,2,reference,973,1280,720,1920,1080,11.3336,12.4325,9.68397,1,1,0,0,0,0
1080,2,reference,974,1280,720,1920,1080,11.2189,12.558,9.83962,1,1,0,0,0,0
1080,2,reference,975,1280,720,1920,1080,11.4483,12.4287,9.81606,1,1,0,0,0,0
1080,2,reference,976,1280,720,1920,1080,11.2968,12.231,9.73926,1,1,0,0,0,0
1080,2,reference,977,1280,720,1920,1080,11.4084,12.5128,10.0291,1,1,0,0,0,0
1080,2,reference,978,1280,720,1920,1080,11.3408,12.3991,9.69523,1,1,0,0,0,0
1080,2,reference,979,1280,720,1920,1080,11.2957,12.7721,9.91949,1,1,0,0,0,0
1080,2,reference,980,1280,720,1920,1080,11.1698,12.4697,9.79354,1,1,0,0,0,0
1080,2,reference,981,1280,720,1920,1080,11.2691,12.2468,9.63379,1,1,0,0,0,0
1080,2,reference,982,1280,720,1920,1080,11.3203,12.91,9.94099,1,1,0,0,0,0
1080,2,reference,983,1280,720,1920,1080,11.2609,12.2532,9.61638,1,1,0,0,0,0
1080,2,reference,984,1280,720,1920,1080,11.3275,12.2594,9.67578,1,1,0,0,0,0
1080,2,reference,985,1280,720,1920,1080,11.2015,12.4178,9.82426,1,1,0,0,0,0
1080,2,reference,986,1280,720,1920,1080,11.3664,12.7252,9.99117,1,1,0,0,0,0
1080,2,reference,987,1280,720,1920,1080,11.2476,12.3459,9.86931,1,1,0,0,0,0
1080,2,reference,988,1280,720,1920,1080,11.0234,12.2692,9.60717,1,1,0,0,0,0
1080,2,reference,989,1280,720,1920,1080,11.3398,12.6053,9.96045,1,1,0,0,0,0
1080,2,reference,990,1280,720,1920,1080,11.7658,12.7162,10.3772,1,1,0,0,0,0
1080,2,reference,991,1280,720,1920,1080,11.3951,12.6108,9.75872,1,1,0,0,0,0
1080,2,reference,992,1280,720,1920,1080,11.521,12.5182,9.96659,1,1,0,0,0,0
1080,2,reference,993,1280,720,1920,1080,11.2087,12.3381,9.82938,1,1,0,0,0,0
1080,2,reference,994,1280,720,1920,1080,11.2507,12.1851,9.61638,1,1,0,0,0,0
1080,2,reference,995,1280,720,1920,1080,11.2005,12.5844,9.82426,1,1,0,0,0,0
1080,2,reference,996,1280,720,1920,1080,11.3388,12.6068,9.79866,1,1,0,0,0,0
1080,2,reference,997,1280,720,1920,1080,11.3797,12.5753,9.99834,1,1,0,0,0,0
1080,2,reference,998,1280,720,1920,1080,11.2108,12.256,8.53504,1,1,0,0,0,0
1080,2,reference,999,1280,720,1920,1080,10.9609,12.0123,9.58259,1,1,0,0,0,0
1080,2,reference,1000,1280,720,1920,1080,10.1007,11.0114,8.7255,1,1,0,0,0,0
1080,2,reference,1001,1280,720,1920,1080,10.6609,11.8526,7.99539,1,1,0,0,0,0
1080,2,reference,1002,1280,720,1920,1080,11.1729,12.1785,9.53139,1,1,0,0,0,0
1080,2,reference,1003,1280,720,1920,1080,11.307,12.2463,9.9287,1,1,0,0,0,0
1080,2,reference,1004,1280,720,1920,1080,11.3203,12.3656,9.94406,1,1,0,0,0,0
1080,2,reference,1005,1280,720,1920,1080,11.2538,12.3307,9.87648,1,1,0,0,0,0
1080,2,reference,1006,1280,720,1920,1080,11.4647,12.4386,9.81811,1,1,0,0,0,0
1080,2,reference,1007,1280,720,1920,1080,11.4668,12.5543,9.80582,1,1,0,0,0,0
1080,2,reference,1008,1280,720,1920,1080,11.2722,12.2574,9.89491,1,1,0,0,0,0
1080,2,reference,1009,1280,720,1920,1080,11.2865,12.2636,9.9072,1,1,0,0,0,0
1080,2,reference,1010,1280,720,1920,1080,11.3623,12.3696,9.8263,1,1,0,0,0,0
1080,2,reference,1011,1280,720,1920,1080,11.433,12.6518,10.0567,1,1,0,0,0,0
1080,2,reference,1012,1280,720,1920,1080,11.4586,12.407,9.80582,1,1,0,0,0,0
1080,2,reference,1013,1280,720,1920,1080,11.4309,12.4227,9.78534,1,1,0,0,0,0
1080,2,reference,1014,1280,720,1920,1080,9.89286,10.8426,8.51866,1,1,0,0,0,0
1080,2,reference,1015,1280,720,1920,1080,12.2276,13.2875,9.90822,1,1,0,0,0,0
1080,2,reference,1016,1280,720,1920,1080,11.3428,12.5128,8.5975,1,1,0,0,0,0
1080,2,reference,1017,1280,720,1920,1080,11.2261,12.4454,9.84883,1,1,0,0,0,0
1080,2,reference,1018,1280,720,1920,1080,11.2302,12.4779,9.8519,1,1,0,0,0,0
1080,2,reference,1019,1280,720,1920,1080,11.305,12.5367,9.92461,1,1,0,0,0,0
1080,2,reference,1020,1280,720,1920,1080,11.306,12.277,9.65939,1,1,0,0,0,0
1080,2,reference,1021,1280,720,1920,1080,11.0889,12.316,9.70957,1,1,0,0,0,0
1080,2,reference,1022,1280,720,1920,1080,11.2988,12.5905,9.92051,1,1,0,0,0,0
1080,2,reference,1023,1280,720,1920,1080,11.1933,12.4108,9.81914,1,1,0,0,0,0
1080,2,reference,1024,1280,720,1920,1080,11.2445,12.7869,9.86624,1,1,0,0,0,0
1080,2,reference,1025,1280,720,1920,1080,11.2128,12.4047,9.83552,1,1,0,0,0,0
1080,2,reference,1026,1280,720,1920,1080,11.2302,12.4142,9.85088,1,1,0,0,0,0
1080,2,reference,1027,1280,720,1920,1080,10.8636,11.9668,9.48531,1,1,0,0,0,0
1080,2,reference,1028,1280,720,1920,1080,10.9711,12.0389,9.59386,1,1,0,0,0,0
1080,2,reference,1029,1280,720,1920,1080,11.2896,12.2239,9.9113,1,1,0,0,0,0
1080,2,reference,1030,1280,720,1920,1080,11.0295,12.0931,9.65222,1,1,0,0,0,0
1080,2,reference,1031,1280,720,1920,1080,11.4289,12.3262,10.0485,1,1,0,0,0,0
1080,2,reference,1032,1280,720,1920,1080,11.0049,12.2165,9.6256,1,1,0,0,0,0
1080,2,reference,1033,1280,720,1920,1080,11.4063,12.3343,10.027,1,1,0,0,0,0
1080,2,reference,1034,1280,720,1920,1080,11.2589,12.2411,9.8775,1,1,0,0,0,0
1080,2,reference,1035,1280,720,1920,1080,11.3162,12.2703,9.93382,1,1,0,0,0,0
1080,2,reference,1036,1280,720,1920,1080,11.307,12.2327,9.9287,1,1,0,0,0,0
1080,2,reference,1037,1280,720,1920,1080,11.2763,12.2228,9.89594,1,1,0,0,0,0
1080,2,reference,1038,1280,720,1920,1080,11.2404,12.235,9.86112,1,1,0,0,0,0
1080,2,reference,1039,1280,720,1920,1080,11.3306,12.3435,9.79456,1,1,0,0,0,0
1080,2,reference,1040,1280,720,1920,1080,11.392,12.5362,10.0106,1,1,0,0,0,0
1080,2,reference,1041,1280,720,1920,1080,11.4217,12.4441,10.0434,1,1,0,0,0,0
1080,2,reference,1042,1280,720,1920,1080,11.5927,12.8419,9.856,1,1,0,0,0,0
1080,2,reference,1043,1280,720,1920,1080,11.4842,12.4295,9.82733,1,1,0,0,0,0
1080,2,reference,1044,1280,720,1920,1080,11.39,12.4339,9.8519,1,1,0,0,0,0
1080,2,reference,1045,1280,720,1920,1080,11.4627,12.7022,9.82016,1,1,0,0,0,0
1080,2,reference,1046,1280,720,1920,1080,11.4084,12.3666,10.0188,1,1,0,0,0,0
1080,2,reference,1047,1280,720,1920,1080,11.476,12.4644,9.82733,1,1,0,0,0,0
1080,2,reference,1048,1280,720,1920,1080,11.2896,12.2098,9.90822,1,1,0,0,0,0
1080,2,reference,1049,1280,720,1920,1080,12.0146,13.0383,10.622,1,1,0,0,0,0
1080,2,reference,1050,1280,720,1920,1080,11.3347,12.2722,9.95635,1,1,0,0,0,0
1080,2,reference,1051,1280,720,1920,1080,11.4401,12.3699,9.80992,1,1,0,0,0,0
1080,2,reference,1052,1280,720,1920,1080,11.4708,12.5288,9.83654,1,1,0,0,0,0
1080,2,reference,1053,1280,720,1920,1080,11.2732,12.2789,9.89491,1,1,0,0,0,0
1080,2,reference,1054,1280,720,1920,1080,11.4586,12.4572,9.8263,1,1,0,0,0,0
1080,2,reference,1055,1280,720,1920,1080,11.734,13.2225,10.1018,1,1,0,0,0,0
1080,2,reference,1056,1280,720,1920,1080,11.434,12.674,9.8601,1,1,0,0,0,0
1080,2,reference,1057,1280,720,1920,1080,11.434,12.4509,9.79866,1,1,0,0,0,0
1080,2,reference,1058,1280,720,1920,1080,9.90208,10.8213,8.52275,1,1,0,0,0,0
1080,2,reference,1059,1280,720,1920,1080,11.1524,12.037,9.77306,1,1,0,0,0,0
1080,2,reference,1060,1280,720,1920,1080,11.604,12.585,10.2246,1,1,0,0,0,0
1080,2,reference,1061,1280,720,1920,1080,12.5368,13.6728,9.87648,1,1,0,0,0,0
1080,2,reference,1062,1280,720,1920,1080,11.5753,12.6039,9.94816,1,1,0,0,0,0
1080,2,reference,1063,1280,720,1920,1080,11.4493,12.4976,9.79968,1,1,0,0,0,0
1080,2,reference,1064,1280,720,1920,1080,11.2476,12.2116,9.86829,1,1,0,0,0,0
1080,2,reference,1065,1280,720,1920,1080,11.5139,12.5775,9.86112,1,1,0,0,0,0
1080,2,reference,1066,1280,720,1920,1080,11.4883,12.5427,9.84474,1,1,0,0,0,0
1080,2,reference,1067,1280,720,1920,1080,11.5241,12.6386,9.87341,1,1,0,0,0,0
1080,2,reference,1068,1280,720,1920,1080,9.90106,11.8972,8.52582,1,1,0,0,0,0
1080,2,reference,1069,1280,720,1920,1080,12.2798,13.6753,10.8984,1,1,0,0,0,0
1080,2,reference,1070,1280,720,1920,1080,11.308,12.3025,9.9287,1,1,0,0,0,0
1080,2,reference,1071,1280,720,1920,1080,11.903,12.8545,10.2728,1,1,0,0,0,0
1080,2,reference,1072,1280,720,1920,1080,11.305,12.3194,9.68602,1,1,0,0,0,0
1080,2,reference,1073,1280,720,1920,1080,11.2384,12.2033,9.856,1,1,0,0,0,0
1080,2,reference,1074,1280,720,1920,1080,11.4012,12.3857,10.0209,1,1,0,0,0,0
1080,2,reference,1075,1280,720,1920,1080,11.3039,12.2723,9.92461,1,1,0,0,0,0
1080,2,reference,1076,1280,720,1920,1080,11.3469,12.3599,9.96557,1,1,0,0,0,0
1080,2,reference,1077,1280,720,1920,1080,11.2886,12.3073,9.9072,1,1,0,0,0,0
1080,2,reference,1078,1280,720,1920,1080,11.3418,12.3186,9.9625,1,1,0,0,0,0
1080,2,reference,1079,1280,720,1920,1080,11.4995,12.5006,9.85907,1,1,0,0,0,0
1080,2,reference,1080,1280,720,1920,1080,11.2118,12.2323,9.82733,1,1,0,0,0,0
1080,2,reference,1081,1280,720,1920,1080,11.0172,12.1299,9.63789,1,1,0,0,0,0
1080,2,reference,1082,1280,720,1920,1080,11.2671,12.1771,9.61434,1,1,0,0,0,0
1080,2,reference,1083,1280,720,1920,1080,11.4207,12.5364,9.68909,1,1,0,0,0,0
1080,2,reference,1084,1280,720,1920,1080,11.2937,12.7557,9.91232,1,1,0,0,0,0
1080,2,reference,1085,1280,720,1920,1080,11.4033,12.4842,9.76691,1,1,0,0,0,0
1080,2,reference,1086,1280,720,1920,1080,11.306,12.308,9.66758,1,1,0,0,0,0
1080,2,reference,1087,1280,720,1920,1080,11.3469,12.389,9.68499,1,1,0,0,0,0
1080,2,reference,1088,1280,720,1920,1080,11.3756,12.3956,9.7065,1,1,0,0,0,0
1080,2,reference,1089,1280,720,1920,1080,11.4739,12.453,9.84166,1,1,0,0,0,0
1080,2,reference,1090,1280,720,1920,1080,11.4964,12.4134,9.83859,1,1,0,0,0,0
1080,2,reference,1091,1280,720,1920,1080,11.2097,12.4875,9.8304,1,1,0,0,0,0
1080,2,reference,1092,1280,720,1920,1080,11.4862,12.6302,9.82323,1,1,0,0,0,0
1080,2,reference,1093,1280,720,1920,1080,11.3408,12.3674,9.66963,1,1,0,0,0,0
1080,2,reference,1094,1280,720,1920,1080,11.1585,12.3628,9.77818,1,1,0,0,0,0
1080,2,reference,1095,1280,720,1920,1080,11.2067,12.4919,9.82733,1,1,0,0,0,0
1080,2,reference,1096,1280,720,1920,1080,11.5487,12.6374,9.88365,1,1,0,0,0,0
1080,2,reference,1097,1280,720,1920,1080,11.4729,12.4216,9.82323,1,1,0,0,0,0
1080,2,reference,1098,1280,720,1920,1080,11.7443,12.6977,10.0854,1,1,0,0,0,0
1080,2,reference,1099,1280,720,1920,1080,11.3582,12.4186,9.70138,1,1,0,0,0,0
1080,2,reference,1100,1280,720,1920,1080,11.1421,12.2753,9.76077,1,1,0,0,0,0
1080,2,reference,1101,1280,720,1920,1080,11.3777,12.3595,9.99731,1,1,0,0,0,0
1080,2,reference,1102,1280,720,1920,1080,11.4524,12.7288,9.90413,1,1,0,0,0,0
1080,2,reference,1103,1280,720,1920,1080,11.3152,12.6478,9.93382,1,1,0,0,0,0
1080,2,reference,1104,1280,720,1920,1080,10.9599,12.0589,9.57952,1,1,0,0,0,0
1080,2,reference,1105,1280,720,1920,1080,11.3295,12.2143,9.95021,1,1,0,0,0,0
1080,2,reference,1106,1280,720,1920,1080,11.2722,12.2623,9.64403,1,1,0,0,0,0
1080,2,reference,1107,1280,720,1920,1080,11.433,12.3234,9.80275,1,1,0,0,0,0
1080,2,reference,1108,1280,720,1920,1080,10.9967,12.4392,9.61638,1,1,0,0,0,0
1080,2,reference,1109,1280,720,1920,1080,11.0408,12.2284,9.65939,1,1,0,0,0,0
1080,2,reference,1110,1280,720,1920,1080,11.1944,12.158,9.81197,1,1,0,0,0,0
1080,2,reference,1111,1280,720,1920,1080,10.924,12.0196,9.5447,1,1,0,0,0,0
1080,2,reference,1112,1280,720,1920,1080,11.0367,12.096,9.63072,1,1,0,0,0,0
1080,2,reference,1113,1280,720,1920,1080,11.3449,12.2212,9.96557,1,1,0,0,0,0
1080,2,reference,1114,1280,720,1920,1080,11.3347,12.3323,9.95021,1,1,0,0,0,0
1080,2,reference,1115,1280,720,1920,1080,9.9072,10.9508,8.53197,1,1,0,0,0,0
1080,2,reference,1116,1280,720,1920,1080,9.40954,10.3735,8.02918,1,1,0,0,0,0
1080,2,reference,1117,1280,720,1920,1080,12.8082,13.8879,10.0905,1,1,0,0,0,0
1080,2,reference,1118,1280,720,1920,1080,11.5661,12.5681,9.9113,1,1,0,0,0,0
1080,2,reference,1119,1280,720,1920,1080,9.95533,10.8678,8.57498,1,1,0,0,0,0
1080,2,reference,1120,1280,720,1920,1080,12.7191,13.7109,11.3172,1,1,0,0,0,0
1080,2,reference,1121,1280,720,1920,1080,11.4463,12.4412,10.0628,1,1,0,0,0,0
1080,2,reference,1122,1280,720,1920,1080,11.2886,12.4071,9.90822,1,1,0,0,0,0
1080,2,reference,1123,1280,720,1920,1080,11.1749,12.2535,9.74746,1,1,0,0,0,0
1080,2,reference,1124,1280,720,1920,1080,9.68602,10.7182,8.30874,1,1,0,0,0,0
1080,2,reference,1125,1280,720,1920,1080,12.4764,13.5719,10.1458,1,1,0,0,0,0
1080,2,reference,1126,1280,720,1920,1080,11.1933,12.4265,9.81094,1,1,0,0,0,0
1080,2,reference,1127,1280,720,1920,1080,10.9435,12.1337,9.56314,1,1,0,0,0,0
1080,2,reference,1128,1280,720,1920,1080,11.2445,12.2536,9.86112,1,1,0,0,0,0
1080,2,reference,1129,1280,720,1920,1080,11.5087,12.5371,10.1274,1,1,0,0,0,0
1080,2,reference,1130,1280,720,1920,1080,11.52,12.4451,10.1356,1,1,0,0,0,0
1080,2,reference,1131,1280,720,1920,1080,11.478,12.5124,10.0997,1,1,0,0,0,0
1080,2,reference,1132,1280,720,1920,1080,11.5497,12.5863,10.1693,1,1,0,0,0,0
1080,2,reference,1133,1280,720,1920,1080,11.5231,12.5284,10.1386,1,1,0,0,0,0
1080,2,reference,1134,1280,720,1920,1080,11.3797,12.3207,9.99731,1,1,0,0,0,0
1080,2,reference,1135,1280,720,1920,1080,11.4237,12.5151,10.0434,1,1,0,0,0,0
1080,2,reference,1136,1280,720,1920,1080,11.4412,12.3806,10.0588,1,1,0,0,0,0
1080,2,reference,1137,1280,720,1920,1080,11.4319,12.4945,10.0495,1,1,0,0,0,0
1080,2,reference,1138,1280,720,1920,1080,11.4924,12.4617,10.111,1,1,0,0,0,0
1080,2,reference,1139,1280,720,1920,1080,11.4852,12.4729,10.1028,1,1,0,0,0,0
1080,2,reference,1140,1280,720,1920,1080,11.4688,12.484,10.0864,1,1,0,0,0,0
1080,2,reference,1141,1280,720,1920,1080,11.4698,12.4738,10.0844,1,1,0,0,0,0
1080,2,reference,1142,1280,720,1920,1080,11.477,12.42,10.0956,1,1,0,0,0,0
1080,2,reference,1143,1280,720,1920,1080,11.4985,12.5374,10.1171,1,1,0,0,0,0
1080,2,reference,1144,1280,720,1920,1080,11.4196,12.3805,10.0362,1,1,0,0,0,0
1080,2,reference,1145,1280,720,1920,1080,11.1954,12.4727,9.81197,1,1,0,0,0,0
1080,2,reference,1146,1280,720,1920,1080,9.92358,10.8939,8.54426,1,1,0,0,0,0
1080,2,reference,1147,1280,720,1920,1080,10.7213,11.8717,9.3399,1,1,0,0,0,0
1080,2,reference,1148,1280,720,1920,1080,11.179,12.1999,9.79968,1,1,0,0,0,0
1080,2,reference,1149,1280,720,1920,1080,13.9817,14.9097,12.4191,1,1,0,0,0,0
1080,2,reference,1150,1280,720,1920,1080,11.9378,12.9162,10.3066,1,1,0,0,0,0
1080,2,reference,1151,1280,720,1920,1080,11.2609,12.2392,9.8816,1,1,0,0,0,0
1080,2,reference,1152,1280,720,1920,1080,11.4545,12.4275,10.0721,1,1,0,0,0,0
1080,2,reference,1153,1280,720,1920,1080,11.4985,12.5934,10.1161,1,1,0,0,0,0
1080,2,reference,1154,1280,720,1920,1080,11.4749,12.5075,10.0915,1,1,0,0,0,0
1080,2,reference,1155,1280,720,1920,1080,11.4135,13.3622,10.0332,1,1,0,0,0,0
1080,2,reference,1156,1280,720,1920,1080,11.2282,12.1701,9.84883,1,1,0,0,0,0
1080,2,reference,1157,1280,720,1920,1080,11.3859,12.4508,9.75667,1,1,0,0,0,0
1080,2,reference,1158,1280,720,1920,1080,11.3121,12.306,9.68499,1,1,0,0,0,0
1080,2,reference,1159,1280,720,1920,1080,11.2671,12.2377,9.88672,1,1,0,0,0,0
1080,2,reference,1160,1280,720,1920,1080,11.4319,12.4262,10.0495,1,1,0,0,0,0
1080,2,reference,1161,1280,720,1920,1080,11.433,12.5162,10.0516,1,1,0,0,0,0
1080,2,reference,1162,1280,720,1920,1080,11.4616,12.4008,10.0782,1,1,0,0,0,0
1080,2,reference,1163,1280,720,1920,1080,11.5456,12.545,10.1642,1,1,0,0,0,0
1080,2,reference,1164,1280,720,1920,1080,11.4524,12.4405,10.07,1,1,0,0,0,0
1080,2,reference,1165,1280,720,1920,1080,11.4432,12.7854,10.0598,1,1,0,0,0,0
1080,2,reference,1166,1280,720,1920,1080,11.2538,12.3875,9.87546,1,1,0,0,0,0
1080,2,reference,1167,1280,720,1920,1080,11.2835,12.3224,9.90515,1,1,0,0,0,0
1080,2,reference,1168,1280,720,1920,1080,11.3541,12.3249,9.97376,1,1,0,0,0,0
1080,2,reference,1169,1280,720,1920,1080,11.1933,12.2919,9.81504,1,1,0,0,0,0
1080,2,reference,1170,1280,720,1920,1080,11.4176,12.5542,10.0362,1,1,0,0,0,0
1080,2,reference,1171,1280,720,1920,1080,11.4995,12.4916,10.1171,1,1,0,0,0,0
1080,2,reference,1172,1280,720,1920,1080,11.4094,12.6083,10.0291,1,1,0,0,0,0
1080,2,reference,1173,1280,720,1920,1080,11.3121,12.3674,9.93075,1,1,0,0,0,0
1080,2,reference,1174,1280,720,1920,1080,11.4596,12.526,10.0813,1,1,0,0,0,0
1080,2,reference,1175,1280,720,1920,1080,11.4565,12.4028,10.0782,1,1,0,0,0,0
1080,2,reference,1176,1280,720,1920,1080,11.307,12.2131,9.92666,1,1,0,0,0,0
1080,2,reference,1177,1280,720,1920,1080,11.3009,12.2862,9.92256,1,1,0,0,0,0
1080,2,reference,1178,1280,720,1920,1080,11.3121,12.2739,9.93075,1,1,0,0,0,0
1080,2,reference,1179,1280,720,1920,1080,11.4627,12.4357,9.82118,1,1,0,0,0,0
1080,2,reference,1180,1280,720,1920,1080,11.5108,12.7187,9.86419,1,1,0,0,0,0
1080,2,reference,1181,1280,720,1920,1080,11.3306,12.4436,9.95021,1,1,0,0,0,0
1080,2,reference,1182,1280,720,1920,1080,11.4442,12.4606,9.79456,1,1,0,0,0,0
1080,2,reference,1183,1280,720,1920,1080,11.2916,12.2446,9.9113,1,1,0,0,0,0
1080,2,reference,1184,1280,720,1920,1080,11.4708,12.4685,9.81606,1,1,0,0,0,0
1080,2,reference,1185,1280,720,1920,1080,9.8857,10.8635,8.50739,1,1,0,0,0,0
1080,2,reference,1186,1280,720,1920,1080,11.3684,12.4295,9.99014,1,1,0,0,0,0
1080,2,reference,1187,1280,720,1920,1080,12.1764,13.2372,10.7981,1,1,0,0,0,0
1080,2,reference,1188,1280,720,1920,1080,11.1575,12.077,9.77818,1,1,0,0,0,0
1080,2,reference,1189,1280,720,1920,1080,11.5436,12.5329,10.1663,1,1,0,0,0,0
1080,2,reference,1190,1280,720,1920,1080,9.75462,10.7548,8.37734,1,1,0,0,0,0
1080,2,reference,1191,1280,720,1920,1080,10.5431,13.0471,9.16787,1,1,0,0,0,0
1080,2,reference,1192,1280,720,1920,1080,10.9711,11.9454,9.59488,1,1,0,0,0,0
1080,2,reference,1193,1280,720,1920,1080,11.2855,12.2338,9.6512,1,1,0,0,0,0
1080,2,reference,1194,1280,720,1920,1080,11.3029,12.1909,9.92358,1,1,0,0,0,0
1080,2,reference,1195,1280,720,1920,1080,11.433,12.404,10.0516,1,1,0,0,0,0
1080,2,reference,1196,1280,720,1920,1080,11.2548,12.2108,9.87648,1,1,0,0,0,0
1080,2,reference,1197,1280,720,1920,1080,11.3582,12.3314,9.9799,1,1,0,0,0,0
1080,2,reference,1198,1280,720,1920,1080,11.2865,12.2511,9.90822,1,1,0,0,0,0
1080,2,reference,1199,1280,720,1920,1080,11.4493,12.4656,9.80992,1,1,0,0,0,0
1080,3,reference,300,1280,720,1920,1080,11.3234,12.2674,9.9369,1,1,0,0,0,0
1080,3,reference,301,1280,720,1920,1080,10.9711,12.0359,9.5959,1,1,0,0,0,0
1080,3,reference,302,1280,720,1920,1080,11.3132,12.3397,9.93587,1,1,0,0,0,0
1080,3,reference,303,1280,720,1920,1080,11.3275,12.2729,9.95021,1,1,0,0,0,0
1080,3,reference,304,1280,720,1920,1080,11.4749,12.5935,10.0956,1,1,0,0,0,0
1080,3,reference,305,1280,720,1920,1080,11.4944,12.4852,10.1151,1,1,0,0,0,0
1080,3,reference,306,1280,720,1920,1080,11.2691,12.3552,9.88979,1,1,0,0,0,0
1080,3,reference,307,1280,720,1920,1080,11.4801,12.4906,10.1048,1,1,0,0,0,0
1080,3,reference,308,1280,720,1920,1080,11.4831,12.4298,10.1048,1,1,0,0,0,0
1080,3,reference,309,1280,720,1920,1080,11.5169,12.5558,10.1396,1,1,0,0,0,0
1080,3,reference,310,1280,720,1920,1080,11.4688,12.4469,10.0915,1,1,0,0,0,0
1080,3,reference,311,1280,720,1920,1080,11.5364,12.6083,10.1581,1,1,0,0,0,0
1080,3,reference,312,1280,720,1920,1080,11.519,12.5668,10.1407,1,1,0,0,0,0
1080,3,reference,313,1280,720,1920,1080,11.2568,12.3086,9.87955,1,1,0,0,0,0
1080,3,reference,314,1280,720,1920,1080,11.4627,12.3869,10.0874,1,1,0,0,0,0
1080,3,reference,315,1280,720,1920,1080,11.3193,12.4931,9.94406,1,1,0,0,0,0
1080,3,reference,316,1280,720,1920,1080,11.4371,12.3942,10.0577,1,1,0,0,0,0
1080,3,reference,317,1280,720,1920,1080,11.4207,12.3837,10.0424,1,1,0,0,0,0
1080,3,reference,318,1280,720,1920,1080,11.3449,12.3106,9.96966,1,1,0,0,0,0
1080,3,reference,319,1280,720,1920,1080,11.3029,12.4442,9.92666,1,1,0,0,0,0
1080,3,reference,320,1280,720,1920,1080,11.3787,12.459,10.0024,1,1,0,0,0,0
1080,3,reference,321,1280,720,1920,1080,11.4647,12.4833,9.82323,1,1,0,0,0,0
1080,3,reference,322,1280,720,1920,1080,11.3203,12.2882,9.94099,1,1,0,0,0,0
1080,3,reference,323,1280,720,1920,1080,11.2988,12.3057,9.92051,1,1,0,0,0,0
1080,3,reference,324,1280,720,1920,1080,11.5661,12.5159,9.89594,1,1,0,0,0,0
1080,3,reference,325,1280,720,1920,1080,11.4708,12.6442,9.82835,1,1,0,0,0,0
1080,3,reference,326,1280,720,1920,1080,11.476,12.4954,9.83347,1,1,0,0,0,0
1080,3,reference,327,1280,720,1920,1080,11.4831,12.4925,9.83654,1,1,0,0,0,0
1080,3,reference,328,1280,720,1920,1080,11.2968,12.3667,9.91846,1,1,0,0,0,0
1080,3,reference,329,1280,720,1920,1080,11.3725,12.4089,9.84269,1,1,0,0,0,0
1080,3,reference,330,1280,720,1920,1080,11.3459,12.4633,9.96864,1,1,0,0,0,0
1080,3,reference,331,1280,720,1920,1080,11.2292,12.2187,9.8519,1,1,0,0,0,0
1080,3,reference,332,1280,720,1920,1080,11.4862,12.4154,9.83757,1,1,0,0,0,0
1080,3,reference,333,1280,720,1920,1080,11.4678,12.5942,9.84166,1,1,0,0,0,0
1080,3,reference,334,1280,720,1920,1080,11.4903,12.5149,9.84678,1,1,0,0,0,0
1080,3,reference,335,1280,720,1920,1080,11.4637,12.5078,9.83142,1,1,0,0,0,0
1080,3,reference,336,1280,720,1920,1080,11.4657,12.3928,9.83859,1,1,0,0,0,0
1080,3,reference,337,1280,720,1920,1080,11.4811,12.462,9.84269,1,1,0,0,0,0
1080,3,reference,338,1280,720,1920,1080,11.479,12.4392,9.84986,1,1,0,0,0,0
1080,3,reference,339,1280,720,1920,1080,11.5517,12.6946,9.89901,1,1,0,0,0,0
1080,3,reference,340,1280,720,1920,1080,11.2906,12.2471,9.91232,1,1,0,0,0,0
1080,3,reference,341,1280,720,1920,1080,11.4586,12.4268,9.83245,1,1,0,0,0,0
1080,3,reference,342,1280,720,1920,1080,11.479,12.5722,9.85498,1,1,0,0,0,0
1080,3,reference,343,1280,720,1920,1080,11.477,12.451,9.8519,1,1,0,0,0,0
1080,3,reference,344,1280,720,1920,1080,11.2896,12.2,9.66554,1,1,0,0,0,0
1080,3,reference,345,1280,720,1920,1080,11.262,12.2496,9.71981,1,1,0,0,0,0
1080,3,reference,346,1280,720,1920,1080,11.1688,12.3504,8.5289,1,1,0,0,0,0
1080,3,reference,347,1280,720,1920,1080,11.2763,12.7542,9.89798,1,1,0,0,0,0
1080,3,reference,348,1280,720,1920,1080,11.2824,12.2108,9.9031,1,1,0,0,0,0
1080,3,reference,349,1280,720,1920,1080,11.0459,12.0938,9.67168,1,1,0,0,0,0
1080,3,reference,350,1280,720,1920,1080,11.3203,12.2478,9.93894,1,1,0,0,0,0
1080,3,reference,351,1280,720,1920,1080,11.2394,12.4102,9.8601,1,1,0,0,0,0
1080,3,reference,352,1280,720,1920,1080,11.479,12.4948,9.9113,1,1,0,0,0,0
1080,3,reference,353,1280,720,1920,1080,11.393,12.3841,10.0147,1,1,0,0,0,0
1080,3,reference,354,1280,720,1920,1080,11.222,12.4965,9.84269,1,1,0,0,0,0
1080,3,reference,355,1280,720,1920,1080,11.3623,12.3095,9.80275,1,1,0,0,0,0
1080,3,reference,356,1280,720,1920,1080,11.3111,12.3423,9.93485,1,1,0,0,0,0
1080,3,reference,357,1280,720,1920,1080,10.9814,12.2653,9.60205,1,1,0,0,0,0
1080,3,reference,358,1280,720,1920,1080,11.2333,12.1377,9.85293,1,1,0,0,0,0
1080,3,reference,359,1280,720,1920,1080,11.394,12.4782,9.99834,1,1,0,0,0,0
1080,3,reference,360,1280,720,1920,1080,10.9814,12.0412,9.60307,1,1,0,0,0,0
1080,3,reference,361,1280,720,1920,1080,11.18,12.2137,9.79866,1,1,0,0,0,0
1080,3,reference,362,1280,720,1920,1080,11.5732,12.7245,10.1939,1,1,0,0,0,0
1080,3,reference,363,1280,720,1920,1080,11.2916,12.2468,9.91334,1,1,0,0,0,0
1080,3,reference,364,1280,720,1920,1080,11.266,12.2894,9.88877,1,1,0,0,0,0
1080,3,reference,365,1280,720,1920,1080,11.4893,12.4539,10.112,1,1,0,0,0,0
1080,3,reference,366,1280,720,1920,1080,11.5077,12.5131,10.1274,1,1,0,0,0,0
1080,3,reference,367,1280,720,1920,1080,11.4852,12.4166,10.1089,1,1,0,0,0,0
1080,3,reference,368,1280,720,1920,1080,11.4647,12.4618,10.0823,1,1,0,0,0,0
1080,3,reference,369,1280,720,1920,1080,11.1473,12.2567,9.75974,1,1,0,0,0,0
1080,3,reference,370,1280,720,1920,1080,11.4627,12.4936,10.0854,1,1,0,0,0,0
1080,3,reference,371,1280,720,1920,1080,11.222,12.2271,9.84474,1,1,0,0,0,0
1080,3,reference,372,1280,720,1920,1080,11.4811,12.4887,10.1018,1,1,0,0,0,0
1080,3,reference,373,1280,720,1920,1080,11.3162,12.287,9.93894,1,1,0,0,0,0
1080,3,reference,374,1280,720,1920,1080,11.2998,12.2453,9.92461,1,1,0,0,0,0
1080,3,reference,375,1280,720,1920,1080,11.3213,12.2855,9.94304,1,1,0,0,0,0
1080,3,reference,376,1280,720,1920,1080,11.4811,12.4241,9.84576,1,1,0,0,0,0
1080,3,reference,377,1280,720,1920,1080,11.478,12.5299,9.85293,1,1,0,0,0,0
1080,3,reference,378,1280,720,1920,1080,11.478,12.4485,9.83654,1,1,0,0,0,0
1080,3,reference,379,1280,720,1920,1080,11.4995,12.4553,9.8601,1,1,0,0,0,0
1080,3,reference,380,1280,720,1920,1080,11.2886,12.3982,9.9113,1,1,0,0,0,0
1080,3,reference,381,1280,720,1920,1080,11.2005,12.5506,9.82426,1,1,0,0,0,0
1080,3,reference,382,1280,720,1920,1080,11.1892,12.238,9.81094,1,1,0,0,0,0
1080,3,reference,383,1280,720,1920,1080,10.8585,11.877,9.48122,1,1,0,0,0,0
1080,3,reference,384,1280,720,1920,1080,11.2876,12.1727,9.63379,1,1,0,0,0,0
1080,3,reference,385,1280,720,1920,1080,11.2497,12.5478,9.87546,1,1,0,0,0,0
1080,3,reference,386,1280,720,1920,1080,9.92563,11.045,8.54938,1,1,0,0,0,0
1080,3,reference,387,1280,720,1920,1080,9.40237,10.407,8.02714,1,1,0,0,0,0
1080,3,reference,388,1280,720,1920,1080,12.7232,13.7047,11.2957,1,1,0,0,0,0
1080,3,reference,389,1280,720,1920,1080,11.0213,12.0235,9.63891,1,1,0,0,0,0
1080,3,reference,390,1280,720,1920,1080,11.2476,12.2864,9.86931,1,1,0,0,0,0
1080,3,reference,391,1280,720,1920,1080,11.3388,12.2153,9.80378,1,1,0,0,0,0
1080,3,reference,392,1280,720,1920,1080,11.4319,12.4745,10.0547,1,1,0,0,0,0
1080,3,reference,393,1280,720,1920,1080,11.4248,12.4981,9.76794,1,1,0,0,0,0
1080,3,reference,394,1280,720,1920,1080,11.4903,12.4611,9.84269,1,1,0,0,0,0
1080,3,reference,395,1280,720,1920,1080,11.3418,12.4994,9.69318,1,1,0,0,0,0
1080,3,reference,396,1280,720,1920,1080,11.4883,12.6648,9.8519,1,1,0,0,0,0
1080,3,reference,397,1280,720,1920,1080,11.3592,12.3164,9.80378,1,1,0,0,0,0
1080,3,reference,398,1280,720,1920,1080,11.2886,12.2994,9.90925,1,1,0,0,0,0
1080,3,reference,399,1280,720,1920,1080,11.3981,12.4845,9.77101,1,1,0,0,0,0
1080,3,reference,400,1280,720,1920,1080,11.3142,12.3354,9.66451,1,1,0,0,0,0
1080,3,reference,401,1280,720,1920,1080,11.3183,12.2446,9.67475,1,1,0,0,0,0
1080,3,reference,402,1280,720,1920,1080,11.2261,12.4061,9.84781,1,1,0,0,0,0
1080,3,reference,403,1280,720,1920,1080,11.2159,12.45,9.83757,1,1,0,0,0,0
1080,3,reference,404,1280,720,1920,1080,11.5446,12.6507,10.1652,1,1,0,0,0,0
1080,3,reference,405,1280,720,1920,1080,11.1852,12.2406,9.79149,1,1,0,0,0,0
1080,3,reference,406,1280,720,1920,1080,11.3592,12.3605,9.98298,1,1,0,0,0,0
1080,3,reference,407,1280,720,1920,1080,11.2824,12.2124,9.6553,1,1,0,0,0,0
1080,3,reference,408,1280,720,1920,1080,11.2896,12.7659,9.91334,1,1,0,0,0,0
1080,3,reference,409,1280,720,1920,1080,11.1985,12.2506,9.64403,1,1,0,0,0,0
1080,3,reference,410,1280,720,1920,1080,11.1657,12.2666,9.78637,1,1,0,0,0,0
1080,3,reference,411,1280,720,1920,1080,11.2906,12.5246,9.91334,1,1,0,0,0,0
1080,3,reference,412,1280,720,1920,1080,11.2722,12.7225,9.89389,1,1,0,0,0,0
1080,3,reference,413,1280,720,1920,1080,11.2425,12.5061,9.86522,1,1,0,0,0,0
1080,3,reference,414,1280,720,1920,1080,11.3183,12.7003,9.94304,1,1,0,0,0,0
1080,3,reference,415,1280,720,1920,1080,11.0776,12.2126,9.70138,1,1,0,0,0,0
1080,3,reference,416,1280,720,1920,1080,11.0223,12.0497,9.62048,1,1,0,0,0,0
1080,3,reference,417,1280,720,1920,1080,11.4678,12.4446,9.80582,1,1,0,0,0,0
1080,3,reference,418,1280,720,1920,1080,11.0684,12.2367,9.69421,1,1,0,0,0,0
1080,3,reference,419,1280,720,1920,1080,11.1319,12.2317,9.75258,1,1,0,0,0,0
1080,3,reference,420,1280,720,1920,1080,11.007,11.994,9.6297,1,1,0,0,0,0
1080,3,reference,421,1280,720,1920,1080,11.3152,12.2444,9.93485,1,1,0,0,0,0
1080,3,reference,422,1280,720,1920,1080,11.2763,12.2335,9.89798,1,1,0,0,0,0
1080,3,reference,423,1280,720,1920,1080,11.2497,12.2449,9.87136,1,1,0,0,0,0
1080,3,reference,424,1280,720,1920,1080,11.5077,12.5252,10.1274,1,1,0,0,0,0
1080,3,reference,425,1280,720,1920,1080,11.4217,12.6311,10.0444,1,1,0,0,0,0
1080,3,reference,426,1280,720,1920,1080,11.2691,12.2394,9.89286,1,1,0,0,0,0
1080,3,reference,427,1280,720,1920,1080,11.4821,12.4571,10.1059,1,1,0,0,0,0
1080,3,reference,428,1280,720,1920,1080,11.4995,12.5404,10.1222,1,1,0,0,0,0
1080,3,reference,429,1280,720,1920,1080,11.4647,12.6174,10.0884,1,1,0,0,0,0
1080,3,reference,430,1280,720,1920,1080,11.266,12.2581,9.87238,1,1,0,0,0,0
1080,3,reference,431,1280,720,1920,1080,11.4043,12.3477,10.0291,1,1,0,0,0,0
1080,3,reference,432,1280,720,1920,1080,12.0279,13.0221,10.3987,1,1,0,0,0,0
1080,3,reference,433,1280,720,1920,1080,11.2937,12.2737,9.67373,1,1,0,0,0,0
1080,3,reference,434,1280,720,1920,1080,11.2845,12.3283,9.90925,1,1,0,0,0,0
1080,3,reference,435,1280,720,1920,1080,11.3162,12.3604,9.93792,1,1,0,0,0,0
1080,3,reference,436,1280,720,1920,1080,11.4657,12.4717,10.0864,1,1,0,0,0,0
1080,3,reference,437,1280,720,1920,1080,11.2753,12.2135,9.89901,1,1,0,0,0,0
1080,3,reference,438,1280,720,1920,1080,11.2865,12.2144,9.91232,1,1,0,0,0,0
1080,3,reference,439,1280,720,1920,1080,11.3224,12.3648,9.94406,1,1,0,0,0,0
1080,3,reference,440,1280,720,1920,1080,11.1104,12.2139,9.73517,1,1,0,0,0,0
1080,3,reference,441,1280,720,1920,1080,11.1104,12.2443,9.73414,1,1,0,0,0,0
1080,3,reference,442,1280,720,1920,1080,11.0592,12.1442,9.68294,1,1,0,0,0,0
1080,3,reference,443,1280,720,1920,1080,9.91437,10.9355,8.54118,1,1,0,0,0,0
1080,3,reference,444,1280,720,1920,1080,11.6828,12.569,10.1294,1,1,0,0,0,0
1080,3,reference,445,1280,720,1920,1080,15.9785,17.1525,14.6012,1,1,0,0,0,0
1080,3,reference,446,1280,720,1920,1080,11.5272,12.6266,10.1509,1,1,0,0,0,0
1080,3,reference,447,1280,720,1920,1080,11.3531,12.3703,9.71776,1,1,0,0,0,0
1080,3,reference,448,1280,720,1920,1080,11.0223,12.2627,9.64608,1,1,0,0,0,0
1080,3,reference,449,1280,720,1920,1080,11.4678,12.409,10.0915,1,1,0,0,0,0
1080,3,reference,450,1280,720,1920,1080,11.2425,12.4201,9.86522,1,1,0,0,0,0
1080,3,reference,451,1280,720,1920,1080,11.2855,12.5517,9.9113,1,1,0,0,0,0
1080,3,reference,452,1280,720,1920,1080,11.0418,12.0988,9.63584,1,1,0,0,0,0
1080,3,reference,453,1280,720,1920,1080,11.136,12.203,9.76077,1,1,0,0,0,0
1080,3,reference,454,1280,720,1920,1080,11.2609,12.2559,9.88467,1,1,0,0,0,0
1080,3,reference,455,1280,720,1920,1080,11.863,12.7994,10.242,1,1,0,0,0,0
1080,3,reference,456,1280,720,1920,1080,11.1176,12.1805,9.74438,1,1,0,0,0,0
1080,3,reference,457,1280,720,1920,1080,11.4381,12.5288,9.80685,1,1,0,0,0,0
1080,3,reference,458,1280,720,1920,1080,11.3766,12.3656,9.75053,1,1,0,0,0,0
1080,3,reference,459,1280,720,1920,1080,11.0141,12.0931,8.38042,1,1,0,0,0,0
1080,3,reference,460,1280,720,1920,1080,11.6613,12.572,10.0895,1,1,0,0,0,0
1080,3,reference,461,1280,720,1920,1080,11.3306,12.3013,9.95226,1,1,0,0,0,0
1080,3,reference,462,1280,720,1920,1080,11.4217,12.5197,10.0444,1,1,0,0,0,0
1080,3,reference,463,1280,720,1920,1080,11.4586,12.4496,10.0813,1,1,0,0,0,0
1080,3,reference,464,1280,720,1920,1080,11.1933,12.3134,9.79763,1,1,0,0,0,0
1080,3,reference,465,1280,720,1920,1080,11.518,12.5979,10.1396,1,1,0,0,0,0
1080,3,reference,466,1280,720,1920,1080,11.4647,12.4519,10.0854,1,1,0,0,0,0
1080,3,reference,467,1280,720,1920,1080,11.4309,12.353,10.0557,1,1,0,0,0,0
1080,3,reference,468,1280,720,1920,1080,11.477,12.474,10.0997,1,1,0,0,0,0
1080,3,reference,469,1280,720,1920,1080,11.3132,12.2985,9.93792,1,1,0,0,0,0
1080,3,reference,470,1280,720,1920,1080,11.4432,12.4573,10.0639,1,1,0,0,0,0
1080,3,reference,471,1280,720,1920,1080,9.75155,10.6929,8.37837,1,1,0,0,0,0
1080,3,reference,472,1280,720,1920,1080,9.41056,10.254,8.03635,1,1,0,0,0,0
1080,3,reference,473,1280,720,1920,1080,11.222,13.0338,9.83142,1,1,0,0,0,0
1080,3,reference,474,1280,720,1920,1080,11.1636,12.1673,9.75462,1,1,0,0,0,0
1080,3,reference,475,1280,720,1920,1080,11.5405,12.4716,9.90618,1,1,0,0,0,0
1080,3,reference,476,1280,720,1920,1080,11.4534,12.4259,10.071,1,1,0,0,0,0
1080,3,reference,477,1280,720,1920,1080,11.521,12.5526,10.1386,1,1,0,0,0,0
1080,3,reference,478,1280,720,1920,1080,11.4043,12.3073,10.0301,1,1,0,0,0,0
1080,3,reference,479,1280,720,1920,1080,11.4893,12.7179,10.114,1,1,0,0,0,0
1080,3,reference,480,1280,720,1920,1080,11.4473,12.3753,10.068,1,1,0,0,0,0
1080,3,reference,481,1280,720,1920,1080,11.476,12.6384,10.0997,1,1,0,0,0,0
1080,3,reference,482,1280,720,1920,1080,11.2169,12.1857,9.83859,1,1,0,0,0,0
1080,3,reference,483,1280,720,1920,1080,11.2937,12.2106,9.91539,1,1,0,0,0,0
1080,3,reference,484,1280,720,1920,1080,11.4729,12.5045,9.84474,1,1,0,0,0,0
1080,3,reference,485,1280,720,1920,1080,11.3244,12.3247,9.94509,1,1,0,0,0,0
1080,3,reference,486,1280,720,1920,1080,11.3418,12.3842,9.96557,1,1,0,0,0,0
1080,3,reference,487,1280,720,1920,1080,11.3787,12.4123,9.68294,1,1,0,0,0,0
1080,3,reference,488,1280,720,1920,1080,11.2179,12.2437,9.84269,1,1,0,0,0,0
1080,3,reference,489,1280,720,1920,1080,11.4637,12.5431,9.83142,1,1,0,0,0,0
1080,3,reference,490,1280,720,1920,1080,11.4524,12.4168,9.81811,1,1,0,0,0,0
1080,3,reference,491,1280,720,1920,1080,11.5077,12.6618,9.86829,1,1,0,0,0,0
1080,3,reference,492,1280,720,1920,1080,11.436,12.4902,9.7833,1,1,0,0,0,0
1080,3,reference,493,1280,720,1920,1080,9.76691,10.7219,8.39168,1,1,0,0,0,0
1080,3,reference,494,1280,720,1920,1080,9.40339,10.2982,8.02816,1,1,0,0,0,0
1080,3,reference,495,1280,720,1920,1080,12.4477,13.4683,11.0295,1,1,0,0,0,0
1080,3,reference,496,1280,720,1920,1080,11.5476,12.5999,9.91027,1,1,0,0,0,0
1080,3,reference,497,1280,720,1920,1080,11.5886,12.5463,9.95123,1,1,0,0,0,0
1080,3,reference,498,1280,720,1920,1080,11.01,12.1502,9.63174,1,1,0,0,0,0
1080,3,reference,499,1280,720,1920,1080,11.3428,12.3042,9.96454,1,1,0,0,0,0
1080,3,reference,500,1280,720,1920,1080,11.2886,12.2728,9.91027,1,1,0,0,0,0
1080,3,reference,501,1280,720,1920,1080,11.3162,12.2571,9.93894,1,1,0,0,0,0
1080,3,reference,502,1280,720,1920,1080,11.2691,12.3833,9.89082,1,1,0,0,0,0
1080,3,reference,503,1280,720,1920,1080,11.4893,12.5176,10.111,1,1,0,0,0,0
1080,3,reference,504,1280,720,1920,1080,11.4924,12.4551,10.1151,1,1,0,0,0,0
1080,3,reference,505,1280,720,1920,1080,11.2671,12.2393,9.88877,1,1,0,0,0,0
1080,3,reference,506,1280,720,1920,1080,11.2742,12.3025,9.89798,1,1,0,0,0,0
1080,3,reference,507,1280,720,1920,1080,11.5087,12.4926,9.8601,1,1,0,0,0,0
1080,3,reference,508,1280,720,1920,1080,11.3674,12.669,9.98912,1,1,0,0,0,0
1080,3,reference,509,1280,720,1920,1080,11.305,12.3323,9.9287,1,1,0,0,0,0
1080,3,reference,510,1280,720,1920,1080,11.4749,12.4318,9.82733,1,1,0,0,0,0
1080,3,reference,511,1280,720,1920,1080,11.4801,12.6387,9.83757,1,1,0,0,0,0
1080,3,reference,512,1280,720,1920,1080,11.2753,12.2413,9.89798,1,1,0,0,0,0
1080,3,reference,513,1280,720,1920,1080,11.4924,12.4376,9.85293,1,1,0,0,0,0
1080,3,reference,514,1280,720,1920,1080,11.5866,12.5617,9.94918,1,1,0,0,0,0
1080,3,reference,515,1280,720,1920,1080,11.4903,12.5857,9.84371,1,1,0,0,0,0
1080,3,reference,516,1280,720,1920,1080,11.2814,12.2706,9.9031,1,1,0,0,0,0
1080,3,reference,517,1280,720,1920,1080,11.2855,12.3065,9.90822,1,1,0,0,0,0
1080,3,reference,518,1280,720,1920,1080,11.4627,12.3916,9.81709,1,1,0,0,0,0
1080,3,reference,519,1280,720,1920,1080,11.4893,12.47,9.85088,1,1,0,0,0,0
1080,3,reference,520,1280,720,1920,1080,11.5579,12.5326,9.87034,1,1,0,0,0,0
1080,3,reference,521,1280,720,1920,1080,11.5732,12.4626,9.81402,1,1,0,0,0,0
1080,3,reference,522,1280,720,1920,1080,11.4862,12.614,9.81709,1,1,0,0,0,0
1080,3,reference,523,1280,720,1920,1080,11.4299,12.3988,9.78125,1,1,0,0,0,0
1080,3,reference,524,1280,720,1920,1080,11.4473,12.3909,9.80685,1,1,0,0,0,0
1080,3,reference,525,1280,720,1920,1080,11.3347,12.3935,9.68909,1,1,0,0,0,0
1080,3,reference,526,1280,720,1920,1080,11.2087,12.3851,9.82938,1,1,0,0,0,0
1080,3,reference,527,1280,720,1920,1080,9.72288,10.6472,8.35072,1,1,0,0,0,0
1080,3,reference,528,1280,720,1920,1080,11.0674,13.0043,9.67373,1,1,0,0,0,0
1080,3,reference,529,1280,720,1920,1080,11.3531,12.2675,9.97786,1,1,0,0,0,0
1080,3,reference,530,1280,720,1920,1080,11.4483,12.5018,9.94406,1,1,0,0,0,0
1080,3,reference,531,1280,720,1920,1080,11.0244,12.199,9.64915,1,1,0,0,0,0
1080,3,reference,532,1280,720,1920,1080,11.1124,12.6842,9.74029,1,1,0,0,0,0
1080,3,reference,533,1280,720,1920,1080,11.5128,12.5191,10.1335,1,1,0,0,0,0
1080,3,reference,534,1280,720,1920,1080,11.3172,12.4792,9.93792,1,1,0,0,0,0
1080,3,reference,535,1280,720,1920,1080,11.0029,12.1019,9.6256,1,1,0,0,0,0
1080,3,reference,536,1280,720,1920,1080,11.3531,12.2398,9.97478,1,1,0,0,0,0
1080,3,reference,537,1280,720,1920,1080,11.2742,12.2704,9.89594,1,1,0,0,0,0
1080,3,reference,538,1280,720,1920,1080,11.3377,12.2777,9.9625,1,1,0,0,0,0
1080,3,reference,539,1280,720,1920,1080,11.2609,12.2549,9.88467,1,1,0,0,0,0
1080,3,reference,540,1280,720,1920,1080,11.52,12.4652,10.1417,1,1,0,0,0,0
1080,3,reference,541,1280,720,1920,1080,11.4401,12.5523,10.0649,1,1,0,0,0,0
1080,3,reference,542,1280,720,1920,1080,11.349,12.4078,9.97478,1,1,0,0,0,0
1080,3,reference,543,1280,720,1920,1080,11.4954,12.5143,10.1181,1,1,0,0,0,0
1080,3,reference,544,1280,720,1920,1080,11.351,12.2793,9.97581,1,1,0,0,0,0
1080,3,reference,545,1280,720,1920,1080,11.3797,12.4764,10.0045,1,1,0,0,0,0
1080,3,reference,546,1280,720,1920,1080,11.4698,12.4261,10.0905,1,1,0,0,0,0
1080,3,reference,547,1280,720,1920,1080,11.4749,12.4813,10.0997,1,1,0,0,0,0
1080,3,reference,548,1280,720,1920,1080,11.2804,12.4359,9.9031,1,1,0,0,0,0
1080,3,reference,549,1280,720,1920,1080,11.2845,12.2922,9.90618,1,1,0,0,0,0
1080,3,reference,550,1280,720,1920,1080,11.263,12.3286,9.88672,1,1,0,0,0,0
1080,3,reference,551,1280,720,1920,1080,11.35,12.4078,9.79661,1,1,0,0,0,0
1080,3,reference,552,1280,720,1920,1080,11.3592,12.3883,9.98502,1,1,0,0,0,0
1080,3,reference,553,1280,720,1920,1080,11.2691,12.2467,9.89286,1,1,0,0,0,0
1080,3,reference,554,1280,720,1920,1080,11.3766,12.4008,9.82221,1,1,0,0,0,0
1080,3,reference,555,1280,720,1920,1080,11.4289,12.4131,10.0526,1,1,0,0,0,0
1080,3,reference,556,1280,720,1920,1080,11.3142,12.2371,9.66656,1,1,0,0,0,0
1080,3,reference,557,1280,720,1920,1080,11.264,12.2148,9.62458,1,1,0,0,0,0
1080,3,reference,558,1280,720,1920,1080,11.1882,12.4092,9.81197,1,1,0,0,0,0
1080,3,reference,559,1280,720,1920,1080,11.2783,12.3611,9.9031,1,1,0,0,0,0
1080,3,reference,560,1280,720,1920,1080,11.4258,12.4582,10.0495,1,1,0,0,0,0
1080,3,reference,561,1280,720,1920,1080,11.3347,12.4145,9.69626,1,1,0,0,0,0
1080,3,reference,562,1280,720,1920,1080,11.2527,12.5003,9.8775,1,1,0,0,0,0
1080,3,reference,563,1280,720,1920,1080,11.2896,12.2917,9.64301,1,1,0,0,0,0
1080,3,reference,564,1280,720,1920,1080,11.692,12.6256,10.0444,1,1,0,0,0,0
1080,3,reference,565,1280,720,1920,1080,11.1923,12.5205,9.81606,1,1,0,0,0,0
1080,3,reference,566,1280,720,1920,1080,11.4596,12.4947,9.83654,1,1,0,0,0,0
1080,3,reference,567,1280,720,1920,1080,11.2691,12.3127,9.63686,1,1,0,0,0,0
1080,3,reference,568,1280,720,1920,1080,11.3541,12.4182,9.80173,1,1,0,0,0,0
1080,3,reference,569,1280,720,1920,1080,11.2927,12.2227,9.91642,1,1,0,0,0,0
1080,3,reference,570,1280,720,1920,1080,10.1079,11.0515,8.73165,1,1,0,0,0,0
1080,3,reference,571,1280,720,1920,1080,12.6075,13.6389,10.199,1,1,0,0,0,0
1080,3,reference,572,1280,720,1920,1080,11.137,12.3759,9.76077,1,1,0,0,0,0
1080,3,reference,573,1280,720,1920,1080,11.0459,11.9659,9.66656,1,1,0,0,0,0
1080,3,reference,574,1280,720,1920,1080,11.4422,12.3886,10.0659,1,1,0,0,0,0
1080,3,reference,575,1280,720,1920,1080,11.0182,12.2541,9.64403,1,1,0,0,0,0
1080,3,reference,576,1280,720,1920,1080,11.5118,12.385,10.1181,1,1,0,0,0,0
1080,3,reference,577,1280,720,1920,1080,11.2241,12.4083,9.84781,1,1,0,0,0,0
1080,3,reference,578,1280,720,1920,1080,11.2773,12.242,9.90208,1,1,0,0,0,0
1080,3,reference,579,1280,720,1920,1080,11.3111,12.3693,9.67578,1,1,0,0,0,0
1080,3,reference,580,1280,720,1920,1080,11.9439,12.8834,10.5544,1,1,0,0,0,0
1080,3,reference,581,1280,720,1920,1080,11.2466,12.2248,9.63584,1,1,0,0,0,0
1080,3,reference,582,1280,720,1920,1080,11.1196,12.3369,9.72595,1,1,0,0,0,0
1080,3,reference,583,1280,720,1920,1080,11.4278,12.3685,9.8089,1,1,0,0,0,0
1080,3,reference,584,1280,720,1920,1080,11.2148,12.2419,9.83757,1,1,0,0,0,0
1080,3,reference,585,1280,720,1920,1080,11.4248,12.3419,10.0475,1,1,0,0,0,0
1080,3,reference,586,1280,720,1920,1080,9.92051,10.8352,8.54733,1,1,0,0,0,0
1080,3,reference,587,1280,720,1920,1080,12.4826,13.4571,11.0612,1,1,0,0,0,0
1080,3,reference,588,1280,720,1920,1080,11.0664,12.1063,8.38963,1,1,0,0,0,0
1080,3,reference,589,1280,720,1920,1080,11.4381,12.3722,9.88672,1,1,0,0,0,0
1080,3,reference,590,1280,720,1920,1080,11.4534,12.4488,10.0751,1,1,0,0,0,0
1080,3,reference,591,1280,720,1920,1080,11.4248,12.3639,9.77715,1,1,0,0,0,0
1080,3,reference,592,1280,720,1920,1080,11.3111,12.2515,9.67066,1,1,0,0,0,0
1080,3,reference,593,1280,720,1920,1080,11.2906,12.5342,9.91539,1,1,0,0,0,0
1080,3,reference,594,1280,720,1920,1080,11.2876,12.4738,9.63174,1,1,0,0,0,0
1080,3,reference,595,1280,720,1920,1080,11.2271,12.4572,9.85395,1,1,0,0,0,0
1080,3,reference,596,1280,720,1920,1080,11.9101,12.883,10.5185,1,1,0,0,0,0
1080,3,reference,597,1280,720,1920,1080,11.2486,12.2439,9.86931,1,1,0,0,0,0
1080,3,reference,598,1280,720,1920,1080,11.2486,12.1941,9.62253,1,1,0,0,0,0
1080,3,reference,599,1280,720,1920,1080,11.2384,12.4059,9.86522,1,1,0,0,0,0
1080,3,reference,600,1280,720,1920,1080,11.2876,12.5361,9.91334,1,1,0,0,0,0
1080,3,reference,601,1280,720,1920,1080,11.435,12.4665,9.8857,1,1,0,0,0,0
1080,3,reference,602,1280,720,1920,1080,11.3408,12.4101,9.96352,1,1,0,0,0,0
1080,3,reference,603,1280,720,1920,1080,11.2476,12.4933,9.87136,1,1,0,0,0,0
1080,3,reference,604,1280,720,1920,1080,11.0234,12.0213,9.6471,1,1,0,0,0,0
1080,3,reference,605,1280,720,1920,1080,11.3152,12.2049,9.94099,1,1,0,0,0,0
1080,3,reference,606,1280,720,1920,1080,12.759,13.8031,11.3736,1,1,0,0,0,0
1080,3,reference,607,1280,720,1920,1080,12.0812,12.9897,10.6957,1,1,0,0,0,0
1080,3,reference,608,1280,720,1920,1080,11.4688,12.4055,9.81606,1,1,0,0,0,0
1080,3,reference,609,1280,720,1920,1080,11.4964,12.5712,9.84781,1,1,0,0,0,0
1080,3,reference,610,1280,720,1920,1080,11.478,12.5305,9.82323,1,1,0,0,0,0
1080,3,reference,611,1280,720,1920,1080,11.4801,12.3895,9.83142,1,1,0,0,0,0
1080,3,reference,612,1280,720,1920,1080,11.0152,12.0522,9.63686,1,1,0,0,0,0
1080,3,reference,613,1280,720,1920,1080,11.1053,12.2514,9.7321,1,1,0,0,0,0
1080,3,reference,614,1280,720,1920,1080,9.9328,10.9354,8.55962,1,1,0,0,0,0
1080,3,reference,615,1280,720,1920,1080,11.3398,12.2554,9.96557,1,1,0,0,0,0
1080,3,reference,616,1280,720,1920,1080,12.7877,14.0474,11.4094,1,1,0,0,0,0
1080,3,reference,617,1280,720,1920,1080,11.2947,12.2835,9.69523,1,1,0,0,0,0
1080,3,reference,618,1280,720,1920,1080,11.2364,12.2174,9.85702,1,1,0,0,0,0
1080,3,reference,619,1280,720,1920,1080,11.2876,12.2902,9.91027,1,1,0,0,0,0
1080,3,reference,620,1280,720,1920,1080,11.3971,12.3379,10.0219,1,1,0,0,0,0
1080,3,reference,621,1280,720,1920,1080,10.9507,12.228,9.57747,1,1,0,0,0,0
1080,3,reference,622,1280,720,1920,1080,11.1944,12.4313,9.82221,1,1,0,0,0,0
1080,3,reference,623,1280,720,1920,1080,11.3111,12.2788,9.92973,1,1,0,0,0,0
1080,3,reference,624,1280,720,1920,1080,11.2845,12.3056,9.91027,1,1,0,0,0,0
1080,3,reference,625,1280,720,1920,1080,11.1309,12.2442,9.7536,1,1,0,0,0,0
1080,3,reference,626,1280,720,1920,1080,11.52,12.3964,10.1458,1,1,0,0,0,0
1080,3,reference,627,1280,720,1920,1080,11.2108,12.4262,9.83552,1,1,0,0,0,0
1080,3,reference,628,1280,720,1920,1080,11.4176,12.4542,10.0393,1,1,0,0,0,0
1080,3,reference,629,1280,720,1920,1080,11.2282,12.3195,9.8519,1,1,0,0,0,0
1080,3,reference,630,1280,720,1920,1080,11.3357,12.4381,9.71264,1,1,0,0,0,0
1080,3,reference,631,1280,720,1920,1080,9.71674,10.6316,8.34662,1,1,0,0,0,0
1080,3,reference,632,1280,720,1920,1080,9.40134,10.2892,8.03226,1,1,0,0,0,0
1080,3,reference,633,1280,720,1920,1080,11.7289,13.5828,10.3506,1,1,0,0,0,0
1080,3,reference,634,1280,720,1920,1080,11.2753,12.3251,9.89286,1,1,0,0,0,0
1080,3,reference,635,1280,720,1920,1080,11.4289,12.3793,10.0536,1,1,0,0,0,0
1080,3,reference,636,1280,720,1920,1080,11.0254,12.1327,9.64813,1,1,0,0,0,0
1080,3,reference,637,1280,720,1920,1080,11.4145,12.296,10.0383,1,1,0,0,0,0
1080,3,reference,638,1280,720,1920,1080,11.2364,12.1926,9.85805,1,1,0,0,0,0
1080,3,reference,639,1280,720,1920,1080,11.2794,12.2719,9.9031,1,1,0,0,0,0
1080,3,reference,640,1280,720,1920,1080,11.3644,12.3959,9.74746,1,1,0,0,0,0
1080,3,reference,641,1280,720,1920,1080,11.477,12.4439,10.1038,1,1,0,0,0,0
1080,3,reference,642,1280,720,1920,1080,11.2773,12.2837,9.65632,1,1,0,0,0,0
1080,3,reference,643,1280,720,1920,1080,11.4688,12.3875,10.0977,1,1,0,0,0,0
1080,3,reference,644,1280,720,1920,1080,11.2548,12.2249,9.87955,1,1,0,0,0,0
1080,3,reference,645,1280,720,1920,1080,11.2701,12.2778,9.89184,1,1,0,0,0,0
1080,3,reference,646,1280,720,1920,1080,11.306,12.2465,9.93075,1,1,0,0,0,0
1080,3,reference,647,1280,720,1920,1080,11.2783,12.1976,9.90106,1,1,0,0,0,0
1080,3,reference,648,1280,720,1920,1080,11.2466,12.2685,9.87238,1,1,0,0,0,0
1080,3,reference,649,1280,720,1920,1080,11.2445,12.2109,9.62253,1,1,0,0,0,0
1080,3,reference,650,1280,720,1920,1080,11.5046,12.4194,9.87648,1,1,0,0,0,0
1080,3,reference,651,1280,720,1920,1080,11.3725,12.4854,9.74336,1,1,0,0,0,0
1080,3,reference,652,1280,720,1920,1080,11.3183,12.3044,9.67782,1,1,0,0,0,0
1080,3,reference,653,1280,720,1920,1080,11.2804,12.2352,9.6553,1,1,0,0,0,0
1080,3,reference,654,1280,720,1920,1080,11.3357,12.2439,9.68192,1,1,0,0,0,0
1080,3,reference,655,1280,720,1920,1080,10.9558,12.1262,9.58362,1,1,0,0,0,0
1080,3,reference,656,1280,720,1920,1080,11.2568,12.3896,9.88262,1,1,0,0,0,0
1080,3,reference,657,1280,720,1920,1080,11.2957,12.4459,9.92154,1,1,0,0,0,0
1080,3,reference,658,1280,720,1920,1080,11.2794,12.312,9.90618,1,1,0,0,0,0
1080,3,reference,659,1280,720,1920,1080,11.3449,12.304,9.91744,1,1,0,0,0,0
1080,3,reference,660,1280,720,1920,1080,11.1299,12.2325,9.75667,1,1,0,0,0,0
1080,3,reference,661,1280,720,1920,1080,11.5272,12.6003,10.1489,1,1,0,0,0,0
1080,3,reference,662,1280,720,1920,1080,11.3326,12.4498,9.95635,1,1,0,0,0,0
1080,3,reference,663,1280,720,1920,1080,11.2415,12.2952,9.86726,1,1,0,0,0,0
1080,3,reference,664,1280,720,1920,1080,11.266,12.225,9.88877,1,1,0,0,0,0
1080,3,reference,665,1280,720,1920,1080,11.0223,12.2018,9.6471,1,1,0,0,0,0
1080,3,reference,666,1280,720,1920,1080,11.4115,12.4328,10.0362,1,1,0,0,0,0
1080,3,reference,667,1280,720,1920,1080,11.2353,12.2345,9.86112,1,1,0,0,0,0
1080,3,reference,668,1280,720,1920,1080,11.2589,12.179,9.88262,1,1,0,0,0,0
1080,3,reference,669,1280,720,1920,1080,11.3265,12.3355,9.95021,1,1,0,0,0,0
1080,3,reference,670,1280,720,1920,1080,11.262,12.2544,9.8857,1,1,0,0,0,0
1080,3,reference,671,1280,720,1920,1080,11.2527,12.2244,9.87853,1,1,0,0,0,0
1080,3,reference,672,1280,720,1920,1080,11.4473,12.3956,9.80582,1,1,0,0,0,0
1080,3,reference,673,1280,720,1920,1080,11.392,12.3066,9.76794,1,1,0,0,0,0
1080,3,reference,674,1280,720,1920,1080,11.4616,12.488,9.83552,1,1,0,0,0,0
1080,3,reference,675,1280,720,1920,1080,11.39,12.3218,9.76589,1,1,0,0,0,0
1080,3,reference,676,1280,720,1920,1080,11.3101,12.2406,9.6809,1,1,0,0,0,0
1080,3,reference,677,1280,720,1920,1080,11.2415,12.2191,9.61843,1,1,0,0,0,0
1080,3,reference,678,1280,720,1920,1080,11.2323,12.2517,9.60717,1,1,0,0,0,0
1080,3,reference,679,1280,720,1920,1080,11.2804,12.4697,9.9072,1,1,0,0,0,0
1080,3,reference,680,1280,720,1920,1080,11.1882,12.4996,9.81504,1,1,0,0,0,0
1080,3,reference,681,1280,720,1920,1080,11.2701,12.5754,9.89594,1,1,0,0,0,0
1080,3,reference,682,1280,720,1920,1080,11.1575,12.3443,9.61229,1,1,0,0,0,0
1080,3,reference,683,1280,720,1920,1080,11.4125,12.5644,10.0372,1,1,0,0,0,0
1080,3,reference,684,1280,720,1920,1080,11.3152,12.321,9.67987,1,1,0,0,0,0
1080,3,reference,685,1280,720,1920,1080,11.2384,12.5244,9.86624,1,1,0,0,0,0
1080,3,reference,686,1280,720,1920,1080,11.006,12.2857,9.63174,1,1,0,0,0,0
1080,3,reference,687,1280,720,1920,1080,11.1739,12.3509,9.75974,1,1,0,0,0,0
1080,3,reference,688,1280,720,1920,1080,11.4586,12.7847,10.0803,1,1,0,0,0,0
1080,3,reference,689,1280,720,1920,1080,11.2517,12.2453,9.62048,1,1,0,0,0,0
1080,3,reference,690,1280,720,1920,1080,11.2599,12.6352,9.88774,1,1,0,0,0,0
1080,3,reference,691,1280,720,1920,1080,11.2681,12.6711,9.89286,1,1,0,0,0,0
1080,3,reference,692,1280,720,1920,1080,11.2323,12.4427,9.85702,1,1,0,0,0,0
1080,3,reference,693,1280,720,1920,1080,11.2589,12.5758,9.88365,1,1,0,0,0,0
1080,3,reference,694,1280,720,1920,1080,11.265,12.4997,9.89184,1,1,0,0,0,0
1080,3,reference,695,1280,720,1920,1080,11.2722,12.2995,9.61843,1,1,0,0,0,0
1080,3,reference,696,1280,720,1920,1080,11.1892,12.4816,9.81811,1,1,0,0,0,0
1080,3,reference,697,1280,720,1920,1080,11.2292,12.7229,9.85702,1,1,0,0,0,0
1080,3,reference,698,1280,720,1920,1080,11.265,12.4363,9.88979,1,1,0,0,0,0
1080,3,reference,699,1280,720,1920,1080,11.2425,12.3562,9.86829,1,1,0,0,0,0
1080,3,reference,700,1280,720,1920,1080,11.2282,12.5045,9.85498,1,1,0,0,0,0
1080,3,reference,701,1280,720,1920,1080,11.307,12.4306,9.65734,1,1,0,0,0,0
1080,3,reference,702,1280,720,1920,1080,11.265,12.7801,9.88877,1,1,0,0,0,0
1080,3,reference,703,1280,720,1920,1080,11.1585,12.3879,9.78842,1,1,0,0,0,0
1080,3,reference,704,1280,720,1920,1080,11.2824,12.3711,9.63174,1,1,0,0,0,0
1080,3,reference,705,1280,720,1920,1080,11.2783,12.81,9.90106,1,1,0,0,0,0
1080,3,reference,706,1280,720,1920,1080,11.2169,12.5037,8.5719,1,1,0,0,0,0
1080,3,reference,707,1280,720,1920,1080,11.1534,12.4521,9.77818,1,1,0,0,0,0
1080,3,reference,708,1280,720,1920,1080,11.2968,12.4199,9.64608,1,1,0,0,0,0
1080,3,reference,709,1280,720,1920,1080,11.2579,12.216,9.6215,1,1,0,0,0,0
1080,3,reference,710,1280,720,1920,1080,11.2568,12.4565,9.88467,1,1,0,0,0,0
1080,3,reference,711,1280,720,1920,1080,11.222,12.2354,9.68397,1,1,0,0,0,0
1080,3,reference,712,1280,720,1920,1080,11.4862,12.6708,10.111,1,1,0,0,0,0
1080,3,reference,713,1280,720,1920,1080,11.2241,12.4101,9.84883,1,1,0,0,0,0
1080,3,reference,714,1280,720,1920,1080,11.262,12.2731,9.63891,1,1,0,0,0,0
1080,3,reference,715,1280,720,1920,1080,11.2404,12.4271,9.86726,1,1,0,0,0,0
1080,3,reference,716,1280,720,1920,1080,11.2343,12.4029,9.86214,1,1,0,0,0,0
1080,3,reference,717,1280,720,1920,1080,11.178,12.6097,9.8048,1,1,0,0,0,0
1080,3,reference,718,1280,720,1920,1080,11.4237,12.4706,10.0485,1,1,0,0,0,0
1080,3,reference,719,1280,720,1920,1080,11.3132,12.2982,9.68294,1,1,0,0,0,0
1080,3,reference,720,1280,720,1920,1080,11.0899,12.3202,9.71674,1,1,0,0,0,0
1080,3,reference,721,1280,720,1920,1080,12.5635,13.5529,10.9404,1,1,0,0,0,0
1080,3,reference,722,1280,720,1920,1080,11.4115,12.827,9.79149,1,1,0,0,0,0
1080,3,reference,723,1280,720,1920,1080,11.4145,12.3391,9.79456,1,1,0,0,0,0
1080,3,reference,724,1280,720,1920,1080,11.4412,12.3851,9.81402,1,1,0,0,0,0
1080,3,reference,725,1280,720,1920,1080,11.435,12.4678,9.81094,1,1,0,0,0,0
1080,3,reference,726,1280,720,1920,1080,11.3664,12.4325,9.74336,1,1,0,0,0,0
1080,3,reference,727,1280,720,1920,1080,11.434,12.3481,9.81606,1,1,0,0,0,0
1080,3,reference,728,1280,720,1920,1080,11.2282,12.1884,9.59693,1,1,0,0,0,0
1080,3,reference,729,1280,720,1920,1080,11.2876,12.2669,9.65325,1,1,0,0,0,0
1080,3,reference,730,1280,720,1920,1080,11.2722,12.5218,9.89696,1,1,0,0,0,0
1080,3,reference,731,1280,720,1920,1080,10.1048,11.138,8.73062,1,1,0,0,0,0
1080,3,reference,732,1280,720,1920,1080,13.2803,14.3755,10.9691,1,1,0,0,0,0
1080,3,reference,733,1280,720,1920,1080,9.94406,10.8807,8.57088,1,1,0,0,0,0
1080,3,reference,734,1280,720,1920,1080,9.40442,10.3148,8.0343,1,1,0,0,0,0
1080,3,reference,735,1280,720,1920,1080,11.3674,13.2257,9.9584,1,1,0,0,0,0
1080,3,reference,736,1280,720,1920,1080,11.9706,12.8568,10.3291,1,1,0,0,0,0
1080,3,reference,737,1280,720,1920,1080,11.2404,12.2143,9.61434,1,1,0,0,0,0
1080,3,reference,738,1280,720,1920,1080,11.4186,12.3577,10.0444,1,1,0,0,0,0
1080,3,reference,739,1280,720,1920,1080,11.4319,12.4199,10.0557,1,1,0,0,0,0
1080,3,reference,740,1280,720,1920,1080,11.7084,12.6461,10.327,1,1,0,0,0,0
1080,3,reference,741,1280,720,1920,1080,11.4371,12.4155,10.0628,1,1,0,0,0,0
1080,3,reference,742,1280,720,1920,1080,12.0668,13.4087,10.6895,1,1,0,0,0,0
1080,3,reference,743,1280,720,1920,1080,11.222,12.2412,9.84883,1,1,0,0,0,0
1080,3,reference,744,1280,720,1920,1080,11.2783,12.2295,9.64915,1,1,0,0,0,0
1080,3,reference,745,1280,720,1920,1080,11.2538,12.2487,9.63789,1,1,0,0,0,0
1080,3,reference,746,1280,720,1920,1080,11.3029,12.2461,9.92973,1,1,0,0,0,0
1080,3,reference,747,1280,720,1920,1080,11.0981,12.141,9.72288,1,1,0,0,0,0
1080,3,reference,748,1280,720,1920,1080,11.4176,12.3261,9.8519,1,1,0,0,0,0
1080,3,reference,749,1280,720,1920,1080,11.2988,12.2565,9.92358,1,1,0,0,0,0
1080,3,reference,750,1280,720,1920,1080,11.2507,12.1703,9.87546,1,1,0,0,0,0
1080,3,reference,751,1280,720,1920,1080,11.4125,12.4023,9.76998,1,1,0,0,0,0
1080,3,reference,752,1280,720,1920,1080,11.3152,12.4262,9.67782,1,1,0,0,0,0
1080,3,reference,753,1280,720,1920,1080,11.4299,12.4273,9.79456,1,1,0,0,0,0
1080,3,reference,754,1280,720,1920,1080,11.4196,12.4835,9.77818,1,1,0,0,0,0
1080,3,reference,755,1280,720,1920,1080,11.394,12.4242,9.75667,1,1,0,0,0,0
1080,3,reference,756,1280,720,1920,1080,11.4422,12.4889,9.80582,1,1,0,0,0,0
1080,3,reference,757,1280,720,1920,1080,11.2681,12.2972,9.63379,1,1,0,0,0,0
1080,3,reference,758,1280,720,1920,1080,11.2947,12.3856,9.65632,1,1,0,0,0,0
1080,3,reference,759,1280,720,1920,1080,11.3295,12.3623,9.69216,1,1,0,0,0,0
1080,3,reference,760,1280,720,1920,1080,11.2579,12.574,9.88262,1,1,0,0,0,0
1080,3,reference,761,1280,720,1920,1080,11.0244,12.2886,9.6471,1,1,0,0,0,0
1080,3,reference,762,1280,720,1920,1080,11.2906,12.228,9.91949,1,1,0,0,0,0
1080,3,reference,763,1280,720,1920,1080,11.2548,12.3547,9.61536,1,1,0,0,0,0
1080,3,reference,764,1280,720,1920,1080,11.009,12.2412,9.63686,1,1,0,0,0,0
1080,3,reference,765,1280,720,1920,1080,11.0715,12.2946,9.6983,1,1,0,0,0,0
1080,3,reference,766,1280,720,1920,1080,11.138,12.2059,9.76486,1,1,0,0,0,0
1080,3,reference,767,1280,720,1920,1080,11.1401,12.222,9.76691,1,1,0,0,0,0
1080,3,reference,768,1280,720,1920,1080,15.6293,16.5189,14.252,1,1,0,0,0,0
1080,3,reference,769,1280,720,1920,1080,11.0551,12.1866,9.67885,1,1,0,0,0,0
1080,3,reference,770,1280,720,1920,1080,11.4166,12.3719,10.0434,1,1,0,0,0,0
1080,3,reference,771,1280,720,1920,1080,11.2128,12.3528,9.83757,1,1,0,0,0,0
1080,3,reference,772,1280,720,1920,1080,11.2906,12.2695,9.91437,1,1,0,0,0,0
1080,3,reference,773,1280,720,1920,1080,11.2497,12.3409,9.87238,1,1,0,0,0,0
1080,3,reference,774,1280,720,1920,1080,11.4596,12.624,10.0874,1,1,0,0,0,0
1080,3,reference,775,1280,720,1920,1080,9.79558,10.8179,8.42138,1,1,0,0,0,0
1080,3,reference,776,1280,720,1920,1080,12.5297,13.6281,11.1104,1,1,0,0,0,0
1080,3,reference,777,1280,720,1920,1080,11.4975,12.4487,9.9543,1,1,0,0,0,0
1080,3,reference,778,1280,720,1920,1080,11.2466,12.4014,9.87238,1,1,0,0,0,0
1080,3,reference,779,1280,720,1920,1080,11.8067,12.7523,10.2697,1,1,0,0,0,0
1080,3,reference,780,1280,720,1920,1080,11.5323,12.5567,9.90106,1,1,0,0,0,0
1080,3,reference,781,1280,720,1920,1080,11.393,12.3256,9.7751,1,1,0,0,0,0
1080,3,reference,782,1280,720,1920,1080,11.4268,12.4095,10.0526,1,1,0,0,0,0
1080,3,reference,783,1280,720,1920,1080,11.4493,12.5132,10.0751,1,1,0,0,0,0
1080,3,reference,784,1280,720,1920,1080,11.3398,12.3267,9.96557,1,1,0,0,0,0
1080,3,reference,785,1280,720,1920,1080,11.2681,12.2581,9.89082,1,1,0,0,0,0
1080,3,reference,786,1280,720,1920,1080,11.5159,12.7272,9.88365,1,1,0,0,0,0
1080,3,reference,787,1280,720,1920,1080,11.2568,12.197,9.87955,1,1,0,0,0,0
1080,3,reference,788,1280,720,1920,1080,11.2835,12.2178,9.90618,1,1,0,0,0,0
1080,3,reference,789,1280,720,1920,1080,11.477,12.4425,9.83654,1,1,0,0,0,0
1080,3,reference,790,1280,720,1920,1080,11.2937,12.2731,9.91642,1,1,0,0,0,0
1080,3,reference,791,1280,720,1920,1080,11.4033,12.4005,9.76896,1,1,0,0,0,0
1080,3,reference,792,1280,720,1920,1080,11.2927,12.2949,9.63379,1,1,0,0,0,0
1080,3,reference,793,1280,720,1920,1080,11.2722,12.2833,9.63072,1,1,0,0,0,0
1080,3,reference,794,1280,720,1920,1080,11.4043,12.9149,9.76896,1,1,0,0,0,0
1080,3,reference,795,1280,720,1920,1080,11.2916,12.3446,9.65427,1,1,0,0,0,0
1080,3,reference,796,1280,720,1920,1080,11.262,12.2425,9.6297,1,1,0,0,0,0
1080,3,reference,797,1280,720,1920,1080,11.2507,12.2863,9.61638,1,1,0,0,0,0
1080,3,reference,798,1280,720,1920,1080,11.178,12.5818,9.80787,1,1,0,0,0,0
1080,3,reference,799,1280,720,1920,1080,11.2876,12.542,9.65632,1,1,0,0,0,0
1080,3,reference,800,1280,720,1920,1080,11.266,12.3412,9.62458,1,1,0,0,0,0
1080,3,reference,801,1280,720,1920,1080,11.2394,12.5744,9.86317,1,1,0,0,0,0
1080,3,reference,802,1280,720,1920,1080,11.3357,12.6451,9.69114,1,1,0,0,0,0
1080,3,reference,803,1280,720,1920,1080,11.2568,12.2954,9.62458,1,1,0,0,0,0
1080,3,reference,804,1280,720,1920,1080,11.2404,12.2531,9.60717,1,1,0,0,0,0
1080,3,reference,805,1280,720,1920,1080,11.2701,12.2548,9.63686,1,1,0,0,0,0
1080,3,reference,806,1280,720,1920,1080,11.4196,13.1213,9.77818,1,1,0,0,0,0
1080,3,reference,807,1280,720,1920,1080,11.4381,12.4258,9.80787,1,1,0,0,0,0
1080,3,reference,808,1280,720,1920,1080,11.4401,12.4608,9.80378,1,1,0,0,0,0
1080,3,reference,809,1280,720,1920,1080,11.2691,12.3749,9.63174,1,1,0,0,0,0
1080,3,reference,810,1280,720,1920,1080,11.2671,12.2736,9.63277,1,1,0,0,0,0
1080,3,reference,811,1280,720,1920,1080,11.2527,12.7323,9.8775,1,1,0,0,0,0
1080,3,reference,812,1280,720,1920,1080,11.2814,12.3544,9.6471,1,1,0,0,0,0
1080,3,reference,813,1280,720,1920,1080,11.2916,12.3013,9.63994,1,1,0,0,0,0
1080,3,reference,814,1280,720,1920,1080,11.2343,12.1894,9.58976,1,1,0,0,0,0
1080,3,reference,815,1280,720,1920,1080,11.2374,12.6364,9.86214,1,1,0,0,0,0
1080,3,reference,816,1280,720,1920,1080,11.4043,12.6299,10.0321,1,1,0,0,0,0
1080,3,reference,817,1280,720,1920,1080,11.2763,12.3155,9.64301,1,1,0,0,0,0
1080,3,reference,818,1280,720,1920,1080,11.4872,12.4899,9.83552,1,1,0,0,0,0
1080,3,reference,819,1280,720,1920,1080,11.2087,12.5634,9.83347,1,1,0,0,0,0
1080,3,reference,820,1280,720,1920,1080,11.2425,12.815,9.86522,1,1,0,0,0,0
1080,3,reference,821,1280,720,1920,1080,11.8456,13.0555,10.4571,1,1,0,0,0,0
1080,3,reference,822,1280,720,1920,1080,11.3551,12.3207,9.9799,1,1,0,0,0,0
1080,3,reference,823,1280,720,1920,1080,11.433,12.5817,9.78432,1,1,0,0,0,0
1080,3,reference,824,1280,720,1920,1080,11.3326,12.9476,9.9584,1,1,0,0,0,0
1080,3,reference,825,1280,720,1920,1080,11.009,12.2181,8.36198,1,1,0,0,0,0
1080,3,reference,826,1280,720,1920,1080,11.4493,12.3716,9.81914,1,1,0,0,0,0
1080,3,reference,827,1280,720,1920,1080,11.2097,12.0964,9.83347,1,1,0,0,0,0
1080,3,reference,828,1280,720,1920,1080,11.4708,12.4584,9.8345,1,1,0,0,0,0
1080,3,reference,829,1280,720,1920,1080,11.393,12.3473,9.76589,1,1,0,0,0,0
1080,3,reference,830,1280,720,1920,1080,11.4371,12.4338,9.81402,1,1,0,0,0,0
1080,3,reference,831,1280,720,1920,1080,11.3121,12.4438,9.68499,1,1,0,0,0,0
1080,3,reference,832,1280,720,1920,1080,11.4268,12.3439,9.79354,1,1,0,0,0,0
1080,3,reference,833,1280,720,1920,1080,11.3521,12.2907,9.7239,1,1,0,0,0,0
1080,3,reference,834,1280,720,1920,1080,11.263,12.2141,9.63789,1,1,0,0,0,0
1080,3,reference,835,1280,720,1920,1080,11.2568,12.2908,9.6297,1,1,0,0,0,0
1080,3,reference,836,1280,720,1920,1080,11.2343,12.7346,9.86214,1,1,0,0,0,0
1080,3,reference,837,1280,720,1920,1080,11.8211,13.1936,10.1898,1,1,0,0,0,0
1080,3,reference,838,1280,720,1920,1080,11.477,12.4386,9.85088,1,1,0,0,0,0
1080,3,reference,839,1280,720,1920,1080,11.3684,12.3206,9.74438,1,1,0,0,0,0
1080,3,reference,840,1280,720,1920,1080,11.4473,12.4189,9.81914,1,1,0,0,0,0
1080,3,reference,841,1280,720,1920,1080,11.306,12.3195,9.6727,1,1,0,0,0,0
1080,3,reference,842,1280,720,1920,1080,11.2261,12.2793,9.5959,1,1,0,0,0,0
1080,3,reference,843,1280,720,1920,1080,11.2906,12.2688,9.66246,1,1,0,0,0,0
1080,3,reference,844,1280,720,1920,1080,11.2046,12.5293,9.83245,1,1,0,0,0,0
1080,3,reference,845,1280,720,1920,1080,11.1391,12.4217,9.76486,1,1,0,0,0,0
1080,3,reference,846,1280,720,1920,1080,11.4483,12.4557,9.89389,1,1,0,0,0,0
1080,3,reference,847,1280,720,1920,1080,19.9414,20.9693,18.5692,1,1,0,0,0,0
1080,3,reference,848,1280,720,1920,1080,10.9773,12.1355,9.60205,1,1,0,0,0,0
1080,3,reference,849,1280,720,1920,1080,10.1038,11.1184,8.73062,1,1,0,0,0,0
1080,3,reference,850,1280,720,1920,1080,12.671,13.7147,10.1079,1,1,0,0,0,0
1080,3,reference,851,1280,720,1920,1080,11.1278,12.1892,9.75155,1,1,0,0,0,0
1080,3,reference,852,1280,720,1920,1080,11.3132,12.4031,9.93894,1,1,0,0,0,0
1080,3,reference,853,1280,720,1920,1080,10.9732,12.2405,9.59693,1,1,0,0,0,0
1080,3,reference,854,1280,720,1920,1080,11.2845,12.264,9.90925,1,1,0,0,0,0
1080,3,reference,855,1280,720,1920,1080,11.2507,12.2087,9.87955,1,1,0,0,0,0
1080,3,reference,856,1280,720,1920,1080,11.0387,12.1303,9.66656,1,1,0,0,0,0
1080,3,reference,857,1280,720,1920,1080,11.4268,12.3518,10.0516,1,1,0,0,0,0
1080,3,reference,858,1280,720,1920,1080,11.2435,12.2628,9.86624,1,1,0,0,0,0
1080,3,reference,859,1280,720,1920,1080,11.2701,12.2586,9.89491,1,1,0,0,0,0
1080,3,reference,860,1280,720,1920,1080,11.265,12.2712,9.88979,1,1,0,0,0,0
1080,3,reference,861,1280,720,1920,1080,11.4729,12.4129,10.0936,1,1,0,0,0,0
1080,3,reference,862,1280,720,1920,1080,11.434,12.4946,10.0608,1,1,0,0,0,0
1080,3,reference,863,1280,720,1920,1080,11.5814,12.563,9.99117,1,1,0,0,0,0
1080,3,reference,864,1280,720,1920,1080,11.3111,12.3044,9.9369,1,1,0,0,0,0
1080,3,reference,865,1280,720,1920,1080,11.5128,12.4901,9.8089,1,1,0,0,0,0
1080,3,reference,866,1280,720,1920,1080,11.1852,12.2245,9.80685,1,1,0,0,0,0
1080,3,reference,867,1280,720,1920,1080,11.7821,12.6944,10.1396,1,1,0,0,0,0
1080,3,reference,868,1280,720,1920,1080,11.4258,12.3583,10.0495,1,1,0,0,0,0
1080,3,reference,869,1280,720,1920,1080,11.2701,12.2374,9.89491,1,1,0,0,0,0
1080,3,reference,870,1280,720,1920,1080,11.4074,12.4514,10.0332,1,1,0,0,0,0
1080,3,reference,871,1280,720,1920,1080,11.2722,12.2181,9.89594,1,1,0,0,0,0
1080,3,reference,872,1280,720,1920,1080,11.4995,12.4662,9.86317,1,1,0,0,0,0
1080,3,reference,873,1280,720,1920,1080,11.4289,12.3984,9.79558,1,1,0,0,0,0
1080,3,reference,874,1280,720,1920,1080,11.4452,12.4235,9.81811,1,1,0,0,0,0
1080,3,reference,875,1280,720,1920,1080,11.4493,12.4307,9.82426,1,1,0,0,0,0
1080,3,reference,876,1280,720,1920,1080,11.4524,12.5231,9.82938,1,1,0,0,0,0
1080,3,reference,877,1280,720,1920,1080,11.4565,12.3913,9.82938,1,1,0,0,0,0
1080,3,reference,878,1280,720,1920,1080,11.2271,12.1696,9.60512,1,1,0,0,0,0
1080,3,reference,879,1280,720,1920,1080,11.4022,12.4027,9.78125,1,1,0,0,0,0
1080,3,reference,880,1280,720,1920,1080,11.2753,12.2313,9.65325,1,1,0,0,0,0
1080,3,reference,881,1280,720,1920,1080,12.5256,13.4713,10.9005,1,1,0,0,0,0
1080,3,reference,882,1280,720,1920,1080,11.476,12.5713,9.84883,1,1,0,0,0,0
1080,3,reference,883,1280,720,1920,1080,11.2732,12.3477,9.89594,1,1,0,0,0,0
1080,3,reference,884,1280,720,1920,1080,11.4616,12.4266,9.8345,1,1,0,0,0,0
1080,3,reference,885,1280,720,1920,1080,11.4186,12.5882,9.79866,1,1,0,0,0,0
1080,3,reference,886,1280,720,1920,1080,11.264,12.2753,9.88774,1,1,0,0,0,0
1080,3,reference,887,1280,720,1920,1080,11.478,12.3961,9.84883,1,1,0,0,0,0
1080,3,reference,888,1280,720,1920,1080,11.4412,12.4166,9.8048,1,1,0,0,0,0
1080,3,reference,889,1280,720,1920,1080,11.5026,12.4717,9.88058,1,1,0,0,0,0
1080,3,reference,890,1280,720,1920,1080,11.4135,12.3947,9.79046,1,1,0,0,0,0
1080,3,reference,891,1280,720,1920,1080,11.4606,12.6581,9.8304,1,1,0,0,0,0
1080,3,reference,892,1280,720,1920,1080,11.4289,12.3816,9.79866,1,1,0,0,0,0
1080,3,reference,893,1280,720,1920,1080,11.3777,12.3054,9.75667,1,1,0,0,0,0
1080,3,reference,894,1280,720,1920,1080,11.2456,12.2477,9.61946,1,1,0,0,0,0
1080,3,reference,895,1280,720,1920,1080,11.2179,12.2029,9.59386,1,1,0,0,0,0
1080,3,reference,896,1280,720,1920,1080,11.2445,12.6407,9.87136,1,1,0,0,0,0
1080,3,reference,897,1280,720,1920,1080,11.6306,14.3141,10.2543,1,1,0,0,0,0
1080,3,reference,898,1280,720,1920,1080,10.9476,12.2634,9.57235,1,1,0,0,0,0
1080,3,reference,899,1280,720,1920,1080,11.2906,12.2876,9.91744,1,1,0,0,0,0
1080,3,reference,900,1280,720,1920,1080,11.4821,12.4144,10.1069,1,1,0,0,0,0
1080,3,reference,901,1280,720,1920,1080,11.4821,12.3895,10.1048,1,1,0,0,0,0
1080,3,reference,902,1280,720,1920,1080,11.4422,12.474,10.0669,1,1,0,0,0,0
1080,3,reference,903,1280,720,1920,1080,11.4084,12.331,10.0332,1,1,0,0,0,0
1080,3,reference,904,1280,720,1920,1080,11.262,12.2232,9.88774,1,1,0,0,0,0
1080,3,reference,905,1280,720,1920,1080,11.2671,12.3242,9.88877,1,1,0,0,0,0
1080,3,reference,906,1280,720,1920,1080,11.4452,12.364,9.78944,1,1,0,0,0,0
1080,3,reference,907,1280,720,1920,1080,11.4872,12.5757,9.8601,1,1,0,0,0,0
1080,3,reference,908,1280,720,1920,1080,11.4944,12.5241,9.86419,1,1,0,0,0,0
1080,3,reference,909,1280,720,1920,1080,11.4504,12.5145,9.81606,1,1,0,0,0,0
1080,3,reference,910,1280,720,1920,1080,11.4452,12.3948,9.81402,1,1,0,0,0,0
1080,3,reference,911,1280,720,1920,1080,11.4227,12.362,9.79866,1,1,0,0,0,0
1080,3,reference,912,1280,720,1920,1080,11.3009,12.2664,9.92461,1,1,0,0,0,0
1080,3,reference,913,1280,720,1920,1080,11.436,12.4354,9.80992,1,1,0,0,0,0
1080,3,reference,914,1280,720,1920,1080,11.433,12.4878,9.8089,1,1,0,0,0,0
1080,3,reference,915,1280,720,1920,1080,11.4678,12.4534,9.84371,1,1,0,0,0,0
1080,3,reference,916,1280,720,1920,1080,11.434,12.4266,9.80992,1,1,0,0,0,0
1080,3,reference,917,1280,720,1920,1080,11.4258,12.3833,9.79763,1,1,0,0,0,0
1080,3,reference,918,1280,720,1920,1080,11.4432,12.5247,9.81197,1,1,0,0,0,0
1080,3,reference,919,1280,720,1920,1080,11.4903,12.6382,9.86624,1,1,0,0,0,0
1080,3,reference,920,1280,720,1920,1080,11.4596,12.5973,9.83347,1,1,0,0,0,0
1080,3,reference,921,1280,720,1920,1080,11.4985,12.4424,9.87341,1,1,0,0,0,0
1080,3,reference,922,1280,720,1920,1080,11.4432,12.5403,9.81606,1,1,0,0,0,0
1080,3,reference,923,1280,720,1920,1080,11.433,12.3213,9.80787,1,1,0,0,0,0
1080,3,reference,924,1280,720,1920,1080,11.4391,12.4538,9.81299,1,1,0,0,0,0
1080,3,reference,925,1280,720,1920,1080,11.4627,12.6816,9.83757,1,1,0,0,0,0
1080,3,reference,926,1280,720,1920,1080,12.3003,13.6331,10.9261,1,1,0,0,0,0
1080,3,reference,927,1280,720,1920,1080,11.4473,12.4992,10.0721,1,1,0,0,0,0
1080,3,reference,928,1280,720,1920,1080,11.3766,12.4219,9.75872,1,1,0,0,0,0
1080,3,reference,929,1280,720,1920,1080,11.2384,12.2272,9.86317,1,1,0,0,0,0
1080,3,reference,930,1280,720,1920,1080,11.4422,12.4173,10.0659,1,1,0,0,0,0
1080,3,reference,931,1280,720,1920,1080,11.4575,12.4349,10.0792,1,1,0,0,0,0
1080,3,reference,932,1280,720,1920,1080,11.4483,12.4032,10.07,1,1,0,0,0,0
1080,3,reference,933,1280,720,1920,1080,11.4442,12.4543,10.0639,1,1,0,0,0,0
1080,3,reference,934,1280,720,1920,1080,11.4278,12.6858,10.0506,1,1,0,0,0,0
1080,3,reference,935,1280,720,1920,1080,11.4698,12.4244,10.0946,1,1,0,0,0,0
1080,3,reference,936,1280,720,1920,1080,11.4668,12.5128,10.0884,1,1,0,0,0,0
1080,3,reference,937,1280,720,1920,1080,11.3254,12.3663,9.9287,1,1,0,0,0,0
1080,3,reference,938,1280,720,1920,1080,11.4176,12.3094,9.8519,1,1,0,0,0,0
1080,3,reference,939,1280,720,1920,1080,11.4616,12.3948,9.81606,1,1,0,0,0,0
1080,3,reference,940,1280,720,1920,1080,11.4391,12.4428,10.0608,1,1,0,0,0,0
1080,3,reference,941,1280,720,1920,1080,11.2558,12.2624,9.87648,1,1,0,0,0,0
1080,3,reference,942,1280,720,1920,1080,11.3367,12.3959,9.96045,1,1,0,0,0,0
1080,3,reference,943,1280,720,1920,1080,11.4954,12.4318,9.85293,1,1,0,0,0,0
1080,3,reference,944,1280,720,1920,1080,11.3664,12.3119,9.73107,1,1,0,0,0,0
1080,3,reference,945,1280,720,1920,1080,11.2497,12.1938,9.86829,1,1,0,0,0,0
1080,3,reference,946,1280,720,1920,1080,11.2558,12.2547,9.61638,1,1,0,0,0,0
1080,3,reference,947,1280,720,1920,1080,11.0674,12.549,9.69114,1,1,0,0,0,0
1080,3,reference,948,1280,720,1920,1080,11.1657,12.554,9.79046,1,1,0,0,0,0
1080,3,reference,949,1280,720,1920,1080,11.4473,12.4191,10.07,1,1,0,0,0,0
1080,3,reference,950,1280,720,1920,1080,11.4309,12.3612,9.79661,1,1,0,0,0,0
1080,3,reference,951,1280,720,1920,1080,11.3111,12.2354,9.67885,1,1,0,0,0,0
1080,3,reference,952,1280,720,1920,1080,11.2486,12.1546,9.62458,1,1,0,0,0,0
1080,3,reference,953,1280,720,1920,1080,11.2732,12.5078,9.89696,1,1,0,0,0,0
1080,3,reference,954,1280,720,1920,1080,11.1995,12.5023,9.82323,1,1,0,0,0,0
1080,3,reference,955,1280,720,1920,1080,9.92154,10.9483,8.54733,1,1,0,0,0,0
1080,3,reference,956,1280,720,1920,1080,11.3562,12.266,9.97683,1,1,0,0,0,0
1080,3,reference,957,1280,720,1920,1080,11.0438,12.1783,9.66758,1,1,0,0,0,0
1080,3,reference,958,1280,720,1920,1080,11.4176,12.3255,10.0403,1,1,0,0,0,0
1080,3,reference,959,1280,720,1920,1080,11.2609,12.1823,9.88467,1,1,0,0,0,0
1080,3,reference,960,1280,720,1920,1080,11.3869,12.2811,10.0086,1,1,0,0,0,0
1080,3,reference,961,1280,720,1920,1080,11.3705,12.6364,9.99219,1,1,0,0,0,0
1080,3,reference,962,1280,720,1920,1080,11.7279,12.7123,10.1018,1,1,0,0,0,0
1080,3,reference,963,1280,720,1920,1080,11.179,12.1798,9.79968,1,1,0,0,0,0
1080,3,reference,964,1280,720,1920,1080,11.1677,12.293,9.78944,1,1,0,0,0,0
1080,3,reference,965,1280,720,1920,1080,9.93178,10.9059,8.5545,1,1,0,0,0,0
1080,3,reference,966,1280,720,1920,1080,12.5368,13.503,11.1268,1,1,0,0,0,0
1080,3,reference,967,1280,720,1920,1080,9.87648,10.8039,8.5033,1,1,0,0,0,0
1080,3,reference,968,1280,720,1920,1080,12.4938,13.5455,11.0633,1,1,0,0,0,0
1080,3,reference,969,1280,720,1920,1080,11.2681,12.3085,9.6256,1,1,0,0,0,0
1080,3,reference,970,1280,720,1920,1080,11.3265,12.3406,9.77408,1,1,0,0,0,0
1080,3,reference,971,1280,720,1920,1080,11.2302,12.2661,9.8519,1,1,0,0,0,0
1080,3,reference,972,1280,720,1920,1080,11.2476,12.4179,9.86522,1,1,0,0,0,0
1080,3,reference,973,1280,720,1920,1080,11.2589,12.4474,9.88058,1,1,0,0,0,0
1080,3,reference,974,1280,720,1920,1080,11.2804,12.2149,9.90106,1,1,0,0,0,0
1080,3,reference,975,1280,720,1920,1080,11.266,12.6271,9.88979,1,1,0,0,0,0
1080,3,reference,976,1280,720,1920,1080,11.3879,13.0685,10.0106,1,1,0,0,0,0
1080,3,reference,977,1280,720,1920,1080,11.263,12.3578,9.63482,1,1,0,0,0,0
1080,3,reference,978,1280,720,1920,1080,11.2261,12.1549,9.58874,1,1,0,0,0,0
1080,3,reference,979,1280,720,1920,1080,11.2456,12.4235,9.86931,1,1,0,0,0,0
1080,3,reference,980,1280,720,1920,1080,10.1089,11.1472,8.73165,1,1,0,0,0,0
1080,3,reference,981,1280,720,1920,1080,12.672,13.7424,9.97478,1,1,0,0,0,0
1080,3,reference,982,1280,720,1920,1080,10.0997,11.0322,8.7255,1,1,0,0,0,0
1080,3,reference,983,1280,720,1920,1080,12.8625,13.9062,10.2554,1,1,0,0,0,0
1080,3,reference,984,1280,720,1920,1080,11.2507,12.4513,9.87341,1,1,0,0,0,0
1080,3,reference,985,1280,720,1920,1080,11.266,12.7028,9.8857,1,1,0,0,0,0
1080,3,reference,986,1280,720,1920,1080,11.2876,12.8064,9.91027,1,1,0,0,0,0
1080,3,reference,987,1280,720,1920,1080,11.2906,12.5234,9.64301,1,1,0,0,0,0
1080,3,reference,988,1280,720,1920,1080,11.2466,12.2037,9.68192,1,1,0,0,0,0
1080,3,reference,989,1280,720,1920,1080,11.3039,12.3208,9.92461,1,1,0,0,0,0
1080,3,reference,990,1280,720,1920,1080,11.2988,12.4556,9.65939,1,1,0,0,0,0
1080,3,reference,991,1280,720,1920,1080,11.2599,12.721,9.88467,1,1,0,0,0,0
1080,3,reference,992,1280,720,1920,1080,11.2323,12.2221,9.67578,1,1,0,0,0,0
1080,3,reference,993,1280,720,1920,1080,11.2435,12.4747,9.84474,1,1,0,0,0,0
1080,3,reference,994,1280,720,1920,1080,9.74746,12.0154,8.37325,1,1,0,0,0,0
1080,3,reference,995,1280,720,1920,1080,11.3408,12.4283,9.96454,1,1,0,0,0,0
1080,3,reference,996,1280,720,1920,1080,11.4606,12.401,10.0833,1,1,0,0,0,0
1080,3,reference,997,1280,720,1920,1080,11.2579,12.2051,9.8816,1,1,0,0,0,0
1080,3,reference,998,1280,720,1920,1080,11.094,12.2522,9.71981,1,1,0,0,0,0
1080,3,reference,999,1280,720,1920,1080,11.1421,12.2892,9.76691,1,1,0,0,0,0
1080,3,reference,1000,1280,720,1920,1080,11.2323,12.1822,9.856,1,1,0,0,0,0
1080,3,reference,1001,1280,720,1920,1080,11.263,12.2351,9.88672,1,1,0,0,0,0
1080,3,reference,1002,1280,720,1920,1080,11.0561,12.1517,9.67885,1,1,0,0,0,0
1080,3,reference,1003,1280,720,1920,1080,11.3562,12.2255,9.97888,1,1,0,0,0,0
1080,3,reference,1004,1280,720,1920,1080,11.3101,12.3678,9.92973,1,1,0,0,0,0
1080,3,reference,1005,1280,720,1920,1080,11.4053,12.3589,10.026,1,1,0,0,0,0
1080,3,reference,1006,1280,720,1920,1080,11.2855,12.2128,9.90618,1,1,0,0,0,0
1080,3,reference,1007,1280,720,1920,1080,11.2527,12.2197,9.85805,1,1,0,0,0,0
1080,3,reference,1008,1280,720,1920,1080,11.3039,12.364,9.92461,1,1,0,0,0,0
1080,3,reference,1009,1280,720,1920,1080,11.5108,12.691,9.88365,1,1,0,0,0,0
1080,3,reference,1010,1280,720,1920,1080,11.0694,12.2338,9.65939,1,1,0,0,0,0
1080,3,reference,1011,1280,720,1920,1080,11.4156,12.4644,10.0393,1,1,0,0,0,0
1080,3,reference,1012,1280,720,1920,1080,11.265,12.3349,9.88774,1,1,0,0,0,0
1080,3,reference,1013,1280,720,1920,1080,11.4504,12.4174,9.81811,1,1,0,0,0,0
1080,3,reference,1014,1280,720,1920,1080,11.4248,12.53,9.80173,1,1,0,0,0,0
1080,3,reference,1015,1280,720,1920,1080,11.519,12.5841,9.88979,1,1,0,0,0,0
1080,3,reference,1016,1280,720,1920,1080,11.4954,12.574,9.85702,1,1,0,0,0,0
1080,3,reference,1017,1280,720,1920,1080,12.2429,13.2927,10.8442,1,1,0,0,0,0
1080,3,reference,1018,1280,720,1920,1080,11.4237,12.4715,10.0454,1,1,0,0,0,0
1080,3,reference,1019,1280,720,1920,1080,11.5436,12.6802,10.1642,1,1,0,0,0,0
1080,3,reference,1020,1280,720,1920,1080,11.1135,12.3334,9.71981,1,1,0,0,0,0
1080,3,reference,1021,1280,720,1920,1080,11.4586,12.5326,10.0823,1,1,0,0,0,0
1080,3,reference,1022,1280,720,1920,1080,11.2558,12.254,9.87853,1,1,0,0,0,0
1080,3,reference,1023,1280,720,1920,1080,11.4811,12.4853,10.1028,1,1,0,0,0,0
1080,3,reference,1024,1280,720,1920,1080,11.2456,12.2123,9.86829,1,1,0,0,0,0
1080,3,reference,1025,1280,720,1920,1080,11.394,12.4732,9.99936,1,1,0,0,0,0
1080,3,reference,1026,1280,720,1920,1080,11.2814,12.3341,9.90413,1,1,0,0,0,0
1080,3,reference,1027,1280,720,1920,1080,11.2763,12.1927,9.89696,1,1,0,0,0,0
1080,3,reference,1028,1280,720,1920,1080,11.4381,12.4694,9.81094,1,1,0,0,0,0
1080,3,reference,1029,1280,720,1920,1080,11.4401,12.3935,9.80378,1,1,0,0,0,0
1080,3,reference,1030,1280,720,1920,1080,11.4176,12.7045,9.77203,1,1,0,0,0,0
1080,3,reference,1031,1280,720,1920,1080,11.4504,12.5684,9.8263,1,1,0,0,0,0
1080,3,reference,1032,1280,720,1920,1080,11.4432,12.4836,9.81504,1,1,0,0,0,0
1080,3,reference,1033,1280,720,1920,1080,11.3582,12.3752,9.6983,1,1,0,0,0,0
1080,3,reference,1034,1280,720,1920,1080,9.74336,10.7639,8.36403,1,1,0,0,0,0
1080,3,reference,1035,1280,720,1920,1080,12.8983,13.9107,11.4729,1,1,0,0,0,0
1080,3,reference,1036,1280,720,1920,1080,11.7053,12.7955,10.0403,1,1,0,0,0,0
1080,3,reference,1037,1280,720,1920,1080,11.4739,12.5054,9.83552,1,1,0,0,0,0
1080,3,reference,1038,1280,720,1920,1080,11.4903,12.5103,9.85395,1,1,0,0,0,0
1080,3,reference,1039,1280,720,1920,1080,11.307,12.3799,9.9287,1,1,0,0,0,0
1080,3,reference,1040,1280,720,1920,1080,11.3121,12.2512,9.93075,1,1,0,0,0,0
1080,3,reference,1041,1280,720,1920,1080,11.2998,12.2409,9.91744,1,1,0,0,0,0
1080,3,reference,1042,1280,720,1920,1080,11.0909,12.3295,9.71366,1,1,0,0,0,0
1080,3,reference,1043,1280,720,1920,1080,9.88467,10.8641,8.50739,1,1,0,0,0,0
1080,3,reference,1044,1280,720,1920,1080,12.8225,13.9449,11.4063,1,1,0,0,0,0
1080,3,reference,1045,1280,720,1920,1080,9.75667,10.7044,8.38042,1,1,0,0,0,0
1080,3,reference,1046,1280,720,1920,1080,12.9208,13.9691,11.4883,1,1,0,0,0,0
1080,3,reference,1047,1280,720,1920,1080,11.4135,12.3457,9.87136,1,1,0,0,0,0
1080,3,reference,1048,1280,720,1920,1080,11.2916,12.2646,9.91232,1,1,0,0,0,0
1080,3,reference,1049,1280,720,1920,1080,11.3818,12.4,10.0024,1,1,0,0,0,0
1080,3,reference,1050,1280,720,1920,1080,10.9701,12.0057,9.59283,1,1,0,0,0,0
1080,3,reference,1051,1280,720,1920,1080,11.3838,12.3083,10.0055,1,1,0,0,0,0
1080,3,reference,1052,1280,720,1920,1080,11.2906,12.2789,9.90925,1,1,0,0,0,0
1080,3,reference,1053,1280,720,1920,1080,11.095,12.3008,9.71571,1,1,0,0,0,0
1080,3,reference,1054,1280,720,1920,1080,11.2794,12.2075,9.90208,1,1,0,0,0,0
1080,3,reference,1055,1280,720,1920,1080,11.3029,12.3553,9.68397,1,1,0,0,0,0
1080,3,reference,1056,1280,720,1920,1080,10.9722,12.0708,9.59283,1,1,0,0,0,0
1080,3,reference,1057,1280,720,1920,1080,11.3152,12.3723,9.9369,1,1,0,0,0,0
1080,3,reference,1058,1280,720,1920,1080,11.5948,12.6496,9.9625,1,1,0,0,0,0
1080,3,reference,1059,1280,720,1920,1080,11.3234,12.2467,9.94406,1,1,0,0,0,0
1080,3,reference,1060,1280,720,1920,1080,11.266,12.2671,9.8857,1,1,0,0,0,0
1080,3,reference,1061,1280,720,1920,1080,11.4678,12.4771,10.0854,1,1,0,0,0,0
1080,3,reference,1062,1280,720,1920,1080,11.4514,12.3916,10.0721,1,1,0,0,0,0
1080,3,reference,1063,1280,720,1920,1080,11.2824,12.2665,9.90208,1,1,0,0,0,0
1080,3,reference,1064,1280,720,1920,1080,11.2538,12.2326,9.87238,1,1,0,0,0,0
1080,3,reference,1065,1280,720,1920,1080,9.95328,11.2963,8.57293,1,1,0,0,0,0
1080,3,reference,1066,1280,720,1920,1080,9.39827,10.3506,8.02202,1,1,0,0,0,0
1080,3,reference,1067,1280,720,1920,1080,12.9751,13.9725,11.5743,1,1,0,0,0,0
1080,3,reference,1068,1280,720,1920,1080,11.308,12.2611,9.9287,1,1,0,0,0,0
1080,3,reference,1069,1280,720,1920,1080,11.2589,12.2534,9.87955,1,1,0,0,0,0
1080,3,reference,1070,1280,720,1920,1080,11.1401,12.272,9.76179,1,1,0,0,0,0
1080,3,reference,1071,1280,720,1920,1080,10.9353,12.1551,9.55597,1,1,0,0,0,0
1080,3,reference,1072,1280,720,1920,1080,11.3725,12.3659,9.99526,1,1,0,0,0,0
1080,3,reference,1073,1280,720,1920,1080,11.4524,12.5365,10.0731,1,1,0,0,0,0
1080,3,reference,1074,1280,720,1920,1080,11.0428,12.2161,9.66554,1,1,0,0,0,0
1080,3,reference,1075,1280,720,1920,1080,11.0356,12.0404,9.63686,1,1,0,0,0,0
1080,3,reference,1076,1280,720,1920,1080,11.5712,12.4988,9.92051,1,1,0,0,0,0
1080,3,reference,1077,1280,720,1920,1080,11.4412,12.3767,10.0608,1,1,0,0,0,0
1080,3,reference,1078,1280,720,1920,1080,11.4514,12.419,10.069,1,1,0,0,0,0
1080,3,reference,1079,1280,720,1920,1080,11.2814,12.4061,9.90208,1,1,0,0,0,0
1080,3,reference,1080,1280,720,1920,1080,11.4289,12.4043,10.0495,1,1,0,0,0,0
1080,3,reference,1081,1280,720,1920,1080,11.4391,12.501,10.0588,1,1,0,0,0,0
1080,3,reference,1082,1280,720,1920,1080,11.3326,12.434,9.9543,1,1,0,0,0,0
1080,3,reference,1083,1280,720,1920,1080,11.3009,12.2901,9.92358,1,1,0,0,0,0
1080,3,reference,1084,1280,720,1920,1080,11.348,12.4001,9.96762,1,1,0,0,0,0
1080,3,reference,1085,1280,720,1920,1080,11.521,12.4597,9.87443,1,1,0,0,0,0
1080,3,reference,1086,1280,720,1920,1080,11.4586,12.5025,9.81606,1,1,0,0,0,0
1080,3,reference,1087,1280,720,1920,1080,11.4852,12.5347,9.84269,1,1,0,0,0,0
1080,3,reference,1088,1280,720,1920,1080,11.3449,12.5003,9.9625,1,1,0,0,0,0
1080,3,reference,1089,1280,720,1920,1080,11.3531,12.4775,9.97069,1,1,0,0,0,0
1080,3,reference,1090,1280,720,1920,1080,11.4657,12.4332,9.82118,1,1,0,0,0,0
1080,3,reference,1091,1280,720,1920,1080,11.2712,12.2799,9.89082,1,1,0,0,0,0
1080,3,reference,1092,1280,720,1920,1080,11.479,12.5525,9.82938,1,1,0,0,0,0
1080,3,reference,1093,1280,720,1920,1080,11.4616,12.4255,9.81504,1,1,0,0,0,0
1080,3,reference,1094,1280,720,1920,1080,11.2876,12.2167,9.90822,1,1,0,0,0,0
1080,3,reference,1095,1280,720,1920,1080,11.4749,12.4846,9.82938,1,1,0,0,0,0
1080,3,reference,1096,1280,720,1920,1080,11.3582,12.3386,9.80787,1,1,0,0,0,0
1080,3,reference,1097,1280,720,1920,1080,11.478,12.6647,10.0946,1,1,0,0,0,0
1080,3,reference,1098,1280,720,1920,1080,11.0797,12.2072,9.70035,1,1,0,0,0,0
1080,3,reference,1099,1280,720,1920,1080,9.75565,10.6588,8.3753,1,1,0,0,0,0
1080,3,reference,1100,1280,720,1920,1080,12.5645,13.7423,10.2707,1,1,0,0,0,0
1080,3,reference,1101,1280,720,1920,1080,11.6972,12.9,10.0424,1,1,0,0,0,0
1080,3,reference,1102,1280,720,1920,1080,11.3418,12.3339,9.78637,1,1,0,0,0,0
1080,3,reference,1103,1280,720,1920,1080,11.4463,12.6594,10.0639,1,1,0,0,0,0
1080,3,reference,1104,1280,720,1920,1080,11.308,12.3264,9.64608,1,1,0,0,0,0
1080,3,reference,1105,1280,720,1920,1080,11.2916,12.2735,9.6471,1,1,0,0,0,0
1080,3,reference,1106,1280,720,1920,1080,11.3111,12.2944,9.65018,1,1,0,0,0,0
1080,3,reference,1107,1280,720,1920,1080,10.9998,12.3545,9.6215,1,1,0,0,0,0
1080,3,reference,1108,1280,720,1920,1080,11.3459,12.7116,9.96557,1,1,0,0,0,0
1080,3,reference,1109,1280,720,1920,1080,11.2927,12.5803,9.64608,1,1,0,0,0,0
1080,3,reference,1110,1280,720,1920,1080,11.3889,12.3761,9.69626,1,1,0,0,0,0
1080,3,reference,1111,1280,720,1920,1080,11.2845,12.349,9.64403,1,1,0,0,0,0
1080,3,reference,1112,1280,720,1920,1080,11.2527,12.6039,9.87341,1,1,0,0,0,0
1080,3,reference,1113,1280,720,1920,1080,11.2538,12.6712,8.57907,1,1,0,0,0,0
1080,3,reference,1114,1280,720,1920,1080,11.3039,12.532,9.92256,1,1,0,0,0,0
1080,3,reference,1115,1280,720,1920,1080,11.1688,12.3431,9.78739,1,1,0,0,0,0
1080,3,reference,1116,1280,720,1920,1080,11.2282,12.2758,9.84883,1,1,0,0,0,0
1080,3,reference,1117,1280,720,1920,1080,10.027,10.9681,8.6487,1,1,0,0,0,0
1080,3,reference,1118,1280,720,1920,1080,11.0623,12.1712,9.67987,1,1,0,0,0,0
1080,3,reference,1119,1280,720,1920,1080,12.4938,13.5124,10.2021,1,1,0,0,0,0
1080,3,reference,1120,1280,720,1920,1080,11.2251,12.3875,9.84678,1,1,0,0,0,0
1080,3,reference,1121,1280,720,1920,1080,11.3572,12.4174,9.97786,1,1,0,0,0,0
1080,3,reference,1122,1280,720,1920,1080,11.0111,12.0974,9.63277,1,1,0,0,0,0
1080,3,reference,1123,1280,720,1920,1080,11.3736,12.2733,9.99322,1,1,0,0,0,0
1080,3,reference,1124,1280,720,1920,1080,11.0541,12.1606,9.66246,1,1,0,0,0,0
1080,3,reference,1125,1280,720,1920,1080,11.2497,12.1607,9.62048,1,1,0,0,0,0
1080,3,reference,1126,1280,720,1920,1080,11.4125,12.4689,10.0332,1,1,0,0,0,0
1080,3,reference,1127,1280,720,1920,1080,11.4115,12.3341,10.0311,1,1,0,0,0,0
1080,3,reference,1128,1280,720,1920,1080,11.434,12.3985,10.0547,1,1,0,0,0,0
1080,3,reference,1129,1280,720,1920,1080,11.392,12.3956,10.0127,1,1,0,0,0,0
1080,3,reference,1130,1280,720,1920,1080,11.2568,12.2568,9.87341,1,1,0,0,0,0
1080,3,reference,1131,1280,720,1920,1080,11.477,12.5214,10.0977,1,1,0,0,0,0
1080,3,reference,1132,1280,720,1920,1080,11.2763,12.3221,9.89696,1,1,0,0,0,0
1080,3,reference,1133,1280,720,1920,1080,11.2824,12.404,9.90106,1,1,0,0,0,0
1080,3,reference,1134,1280,720,1920,1080,11.2691,12.2817,9.88774,1,1,0,0,0,0
1080,3,reference,1135,1280,720,1920,1080,11.2968,12.3768,9.91744,1,1,0,0,0,0
1080,3,reference,1136,1280,720,1920,1080,11.3009,12.5155,9.91846,1,1,0,0,0,0
1080,3,reference,1137,1280,720,1920,1080,11.4647,12.4218,9.83245,1,1,0,0,0,0
1080,3,reference,1138,1280,720,1920,1080,11.2916,12.2346,9.90925,1,1,0,0,0,0
1080,3,reference,1139,1280,720,1920,1080,11.479,12.5524,9.84269,1,1,0,0,0,0
1080,3,reference,1140,1280,720,1920,1080,11.4954,12.648,9.86522,1,1,0,0,0,0
1080,3,reference,1141,1280,720,1920,1080,11.4391,12.5509,9.79456,1,1,0,0,0,0
1080,3,reference,1142,1280,720,1920,1080,11.4811,12.5453,9.83654,1,1,0,0,0,0
1080,3,reference,1143,1280,720,1920,1080,11.3388,12.4595,9.95738,1,1,0,0,0,0
1080,3,reference,1144,1280,720,1920,1080,11.3111,12.3809,9.92666,1,1,0,0,0,0
1080,3,reference,1145,1280,720,1920,1080,11.5149,12.6326,9.85395,1,1,0,0,0,0
1080,3,reference,1146,1280,720,1920,1080,11.4821,12.562,9.8345,1,1,0,0,0,0
1080,3,reference,1147,1280,720,1920,1080,11.0612,12.3722,8.38246,1,1,0,0,0,0
1080,3,reference,1148,1280,720,1920,1080,9.76282,10.7707,8.38042,1,1,0,0,0,0
1080,3,reference,1149,1280,720,1920,1080,12.1344,13.0977,10.751,1,1,0,0,0,0
1080,3,reference,1150,1280,720,1920,1080,11.2783,12.3194,9.89594,1,1,0,0,0,0
1080,3,reference,1151,1280,720,1920,1080,11.2609,12.5961,9.88365,1,1,0,0,0,0
1080,3,reference,1152,1280,720,1920,1080,11.2927,12.3154,9.63891,1,1,0,0,0,0
1080,3,reference,1153,1280,720,1920,1080,11.262,12.4717,9.87955,1,1,0,0,0,0
1080,3,reference,1154,1280,720,1920,1080,11.3029,12.894,9.92358,1,1,0,0,0,0
1080,3,reference,1155,1280,720,1920,1080,11.4811,12.5448,10.1007,1,1,0,0,0,0
1080,3,reference,1156,1280,720,1920,1080,11.3357,12.295,9.67885,1,1,0,0,0,0
1080,3,reference,1157,1280,720,1920,1080,11.2701,12.5263,9.89082,1,1,0,0,0,0
1080,3,reference,1158,1280,720,1920,1080,11.3183,12.4468,9.67987,1,1,0,0,0,0
1080,3,reference,1159,1280,720,1920,1080,11.4207,12.4383,9.7792,1,1,0,0,0,0
1080,3,reference,1160,1280,720,1920,1080,11.2466,12.4655,9.86726,1,1,0,0,0,0
1080,3,reference,1161,1280,720,1920,1080,11.2722,12.5541,9.61946,1,1,0,0,0,0
1080,3,reference,1162,1280,720,1920,1080,11.4248,12.6539,9.78227,1,1,0,0,0,0
1080,3,reference,1163,1280,720,1920,1080,11.3039,12.3799,9.67066,1,1,0,0,0,0
1080,3,reference,1164,1280,720,1920,1080,11.2937,12.3128,9.64608,1,1,0,0,0,0
1080,3,reference,1165,1280,720,1920,1080,11.2384,12.4315,9.856,1,1,0,0,0,0
1080,3,reference,1166,1280,720,1920,1080,11.22,12.6147,9.84064,1,1,0,0,0,0
1080,3,reference,1167,1280,720,1920,1080,11.2804,12.3272,9.89901,1,1,0,0,0,0
1080,3,reference,1168,1280,720,1920,1080,11.3213,12.2884,9.67475,1,1,0,0,0,0
1080,3,reference,1169,1280,720,1920,1080,11.3705,12.4,9.94304,1,1,0,0,0,0
1080,3,reference,1170,1280,720,1920,1080,11.2876,12.2853,9.90618,1,1,0,0,0,0
1080,3,reference,1171,1280,720,1920,1080,11.2558,12.5492,9.8775,1,1,0,0,0,0
1080,3,reference,1172,1280,720,1920,1080,11.351,12.6342,9.97171,1,1,0,0,0,0
1080,3,reference,1173,1280,720,1920,1080,11.2527,12.4708,9.87546,1,1,0,0,0,0
1080,3,reference,1174,1280,720,1920,1080,11.2988,12.5444,9.91846,1,1,0,0,0,0
1080,3,reference,1175,1280,720,1920,1080,11.3551,12.459,9.68806,1,1,0,0,0,0
1080,3,reference,1176,1280,720,1920,1080,11.2763,12.6424,9.89901,1,1,0,0,0,0
1080,3,reference,1177,1280,720,1920,1080,11.2404,12.2385,9.68294,1,1,0,0,0,0
1080,3,reference,1178,1280,720,1920,1080,11.2261,12.7537,9.84678,1,1,0,0,0,0
1080,3,reference,1179,1280,720,1920,1080,11.1718,12.2542,8.54733,1,1,0,0,0,0
1080,3,reference,1180,1280,720,1920,1080,11.4186,12.4441,9.84883,1,1,0,0,0,0
1080,3,reference,1181,1280,720,1920,1080,11.3142,12.3941,9.93485,1,1,0,0,0,0
1080,3,reference,1182,1280,720,1920,1080,11.0305,12.2442,9.65325,1,1,0,0,0,0
1080,3,reference,1183,1280,720,1920,1080,11.2783,12.2826,9.90106,1,1,0,0,0,0
1080,3,reference,1184,1280,720,1920,1080,11.0316,12.2185,9.6553,1,1,0,0,0,0
1080,3,reference,1185,1280,720,1920,1080,11.179,12.2142,9.8007,1,1,0,0,0,0
1080,3,reference,1186,1280,720,1920,1080,11.1022,12.1303,9.71981,1,1,0,0,0,0
1080,3,reference,1187,1280,720,1920,1080,11.5036,12.3775,10.1253,1,1,0,0,0,0
1080,3,reference,1188,1280,720,1920,1080,11.0572,12.1959,9.66246,1,1,0,0,0,0
1080,3,reference,1189,1280,720,1920,1080,11.263,12.2023,9.6215,1,1,0,0,0,0
1080,3,reference,1190,1280,720,1920,1080,11.4944,12.4265,10.1151,1,1,0,0,0,0
1080,3,reference,1191,1280,720,1920,1080,11.4565,12.3554,10.0772,1,1,0,0,0,0
1080,3,reference,1192,1280,720,1920,1080,11.4811,12.3931,10.1028,1,1,0,0,0,0
1080,3,reference,1193,1280,720,1920,1080,11.4391,12.4074,10.0598,1,1,0,0,0,0
1080,3,reference,1194,1280,720,1920,1080,11.3275,12.3706,9.94816,1,1,0,0,0,0
1080,3,reference,1195,1280,720,1920,1080,11.3418,12.4668,9.96352,1,1,0,0,0,0
1080,3,reference,1196,1280,720,1920,1080,11.4534,12.5614,10.0741,1,1,0,0,0,0
1080,3,reference,1197,1280,720,1920,1080,11.3951,12.3514,10.0188,1,1,0,0,0,0
1080,3,reference,1198,1280,720,1920,1080,11.4207,12.3862,10.0403,1,1,0,0,0,0
1080,3,reference,1199,1280,720,1920,1080,9.91027,11.0646,8.53504,1,1,0,0,0,0
1080,3,candidate,300,1280,720,1920,1080,11.9593,13.0937,10.3987,1,1,0,0,0,0
1080,3,candidate,301,1280,720,1920,1080,11.2876,12.2882,9.90822,1,1,0,0,0,0
1080,3,candidate,302,1280,720,1920,1080,11.2671,12.3655,9.89184,1,1,0,0,0,0
1080,3,candidate,303,1280,720,1920,1080,11.4432,12.3678,10.0659,1,1,0,0,0,0
1080,3,candidate,304,1280,720,1920,1080,11.4913,12.451,10.114,1,1,0,0,0,0
1080,3,candidate,305,1280,720,1920,1080,11.2957,12.36,9.91334,1,1,0,0,0,0
1080,3,candidate,306,1280,720,1920,1080,11.4145,12.4358,10.0393,1,1,0,0,0,0
1080,3,candidate,307,1280,720,1920,1080,11.3039,12.7264,9.92154,1,1,0,0,0,0
1080,3,candidate,308,1280,720,1920,1080,11.4473,12.436,10.07,1,1,0,0,0,0
1080,3,candidate,309,1280,720,1920,1080,11.4463,12.4378,10.0659,1,1,0,0,0,0
1080,3,candidate,310,1280,720,1920,1080,11.4749,12.4543,10.1018,1,1,0,0,0,0
1080,3,candidate,311,1280,720,1920,1080,11.0275,12.0942,8.35994,1,1,0,0,0,0
1080,3,candidate,312,1280,720,1920,1080,11.1555,12.1154,9.78125,1,1,0,0,0,0
1080,3,candidate,313,1280,720,1920,1080,11.7391,12.6644,10.0977,1,1,0,0,0,0
1080,3,candidate,314,1280,720,1920,1080,11.351,12.3435,9.97683,1,1,0,0,0,0
1080,3,candidate,315,1280,720,1920,1080,11.435,12.3891,9.79354,1,1,0,0,0,0
1080,3,candidate,316,1280,720,1920,1080,11.4422,12.3954,9.79661,1,1,0,0,0,0
1080,3,candidate,317,1280,720,1920,1080,11.4596,12.5121,9.80992,1,1,0,0,0,0
1080,3,candidate,318,1280,720,1920,1080,11.4862,12.5337,9.84781,1,1,0,0,0,0
1080,3,candidate,319,1280,720,1920,1080,11.4964,12.4337,9.8519,1,1,0,0,0,0
1080,3,candidate,320,1280,720,1920,1080,11.4309,12.4844,9.77818,1,1,0,0,0,0
1080,3,candidate,321,1280,720,1920,1080,11.3009,12.2899,9.6471,1,1,0,0,0,0
1080,3,candidate,322,1280,720,1920,1080,11.8436,12.76,10.2625,1,1,0,0,0,0
1080,3,candidate,323,1280,720,1920,1080,11.2732,12.3087,9.89184,1,1,0,0,0,0
1080,3,candidate,324,1280,720,1920,1080,11.2456,12.3589,9.83859,1,1,0,0,0,0
1080,3,candidate,325,1280,720,1920,1080,10.9916,12.0745,8.3415,1,1,0,0,0,0
1080,3,candidate,326,1280,720,1920,1080,10.9558,12.0621,9.58362,1,1,0,0,0,0
1080,3,candidate,327,1280,720,1920,1080,11.2865,12.2221,9.90822,1,1,0,0,0,0
1080,3,candidate,328,1280,720,1920,1080,10.9752,12.1347,9.6,1,1,0,0,0,0
1080,3,candidate,329,1280,720,1920,1080,11.3101,12.3012,9.92973,1,1,0,0,0,0
1080,3,candidate,330,1280,720,1920,1080,11.0592,12.1151,9.68397,1,1,0,0,0,0
1080,3,candidate,331,1280,720,1920,1080,11.4565,12.3443,10.0741,1,1,0,0,0,0
1080,3,candidate,332,1280,720,1920,1080,11.2128,12.2602,9.83757,1,1,0,0,0,0
1080,3,candidate,333,1280,720,1920,1080,11.6275,12.5824,10.0024,1,1,0,0,0,0
1080,3,candidate,334,1280,720,1920,1080,11.1401,12.2859,9.76589,1,1,0,0,0,0
1080,3,candidate,335,1280,720,1920,1080,11.5927,12.5247,10.2134,1,1,0,0,0,0
1080,3,candidate,336,1280,720,1920,1080,11.2937,12.3436,9.91539,1,1,0,0,0,0
1080,3,candidate,337,1280,720,1920,1080,11.2486,12.1982,9.86829,1,1,0,0,0,0
1080,3,candidate,338,1280,720,1920,1080,11.2691,12.2619,9.89389,1,1,0,0,0,0
1080,3,candidate,339,1280,720,1920,1080,11.5169,12.4614,10.1366,1,1,0,0,0,0
1080,3,candidate,340,1280,720,1920,1080,11.4606,12.5347,10.0854,1,1,0,0,0,0
1080,3,candidate,341,1280,720,1920,1080,11.2415,12.3342,9.83859,1,1,0,0,0,0
1080,3,candidate,342,1280,720,1920,1080,12.0095,13.0466,10.3741,1,1,0,0,0,0
1080,3,candidate,343,1280,720,1920,1080,11.2712,12.2815,9.89184,1,1,0,0,0,0
1080,3,candidate,344,1280,720,1920,1080,11.2835,12.4108,9.90925,1,1,0,0,0,0
1080,3,candidate,345,1280,720,1920,1080,11.7596,13.032,10.3803,1,1,0,0,0,0
1080,3,candidate,346,1280,720,1920,1080,11.5108,12.5608,9.88058,1,1,0,0,0,0
1080,3,candidate,347,1280,720,1920,1080,10.9824,12.1374,9.6041,1,1,0,0,0,0
1080,3,candidate,348,1280,720,1920,1080,11.3326,12.2469,9.70957,1,1,0,0,0,0
1080,3,candidate,349,1280,720,1920,1080,11.4278,12.3275,10.0465,1,1,0,0,0,0
1080,3,candidate,350,1280,720,1920,1080,11.4166,12.4487,10.0383,1,1,0,0,0,0
1080,3,candidate,351,1280,720,1920,1080,11.4289,12.414,10.0485,1,1,0,0,0,0
1080,3,candidate,352,1280,720,1920,1080,11.4381,12.4611,10.0618,1,1,0,0,0,0
1080,3,candidate,353,1280,720,1920,1080,9.93587,11.0585,8.55757,1,1,0,0,0,0
1080,3,candidate,354,1280,720,1920,1080,11.3172,12.2998,9.93894,1,1,0,0,0,0
1080,3,candidate,355,1280,720,1920,1080,11.2343,12.2564,9.85293,1,1,0,0,0,0
1080,3,candidate,356,1280,720,1920,1080,11.2599,12.4315,9.88365,1,1,0,0,0,0
1080,3,candidate,357,1280,720,1920,1080,11.1913,12.5292,9.81094,1,1,0,0,0,0
1080,3,candidate,358,1280,720,1920,1080,11.4995,12.6662,10.1222,1,1,0,0,0,0
1080,3,candidate,359,1280,720,1920,1080,12.1047,13.1408,10.7172,1,1,0,0,0,0
1080,3,candidate,360,1280,720,1920,1080,11.4729,12.5477,9.8263,1,1,0,0,0,0
1080,3,candidate,361,1280,720,1920,1080,11.479,12.3922,9.83245,1,1,0,0,0,0
1080,3,candidate,362,1280,720,1920,1080,11.433,12.3954,9.79251,1,1,0,0,0,0
1080,3,candidate,363,1280,720,1920,1080,11.4627,12.4904,9.81094,1,1,0,0,0,0
1080,3,candidate,364,1280,720,1920,1080,11.4186,12.3619,9.6512,1,1,0,0,0,0
1080,3,candidate,365,1280,720,1920,1080,11.5466,12.6197,9.8816,1,1,0,0,0,0
1080,3,candidate,366,1280,720,1920,1080,11.476,12.5971,9.81914,1,1,0,0,0,0
1080,3,candidate,367,1280,720,1920,1080,11.5732,12.8331,9.92461,1,1,0,0,0,0
1080,3,candidate,368,1280,720,1920,1080,11.2599,12.3066,9.8816,1,1,0,0,0,0
1080,3,candidate,369,1280,720,1920,1080,11.265,12.2721,9.88262,1,1,0,0,0,0
1080,3,candidate,370,1280,720,1920,1080,11.4985,12.571,9.86112,1,1,0,0,0,0
1080,3,candidate,371,1280,720,1920,1080,11.4463,12.4625,9.8048,1,1,0,0,0,0
1080,3,candidate,372,1280,720,1920,1080,11.262,12.2422,9.88262,1,1,0,0,0,0
1080,3,candidate,373,1280,720,1920,1080,11.4422,12.386,9.79968,1,1,0,0,0,0
1080,3,candidate,374,1280,720,1920,1080,11.305,12.2719,9.66861,1,1,0,0,0,0
1080,3,candidate,375,1280,720,1920,1080,11.5026,12.4779,9.86317,1,1,0,0,0,0
1080,3,candidate,376,1280,720,1920,1080,11.4432,12.6294,9.8089,1,1,0,0,0,0
1080,3,candidate,377,1280,720,1920,1080,11.4739,12.5394,9.83347,1,1,0,0,0,0
1080,3,candidate,378,1280,720,1920,1080,11.4934,12.5356,9.8601,1,1,0,0,0,0
1080,3,candidate,379,1280,720,1920,1080,11.4371,12.3573,9.80275,1,1,0,0,0,0
1080,3,candidate,380,1280,720,1920,1080,11.8723,12.9925,10.2287,1,1,0,0,0,0
1080,3,candidate,381,1280,720,1920,1080,11.2957,12.2927,9.91539,1,1,0,0,0,0
1080,3,candidate,382,1280,720,1920,1080,11.478,12.4906,9.82323,1,1,0,0,0,0
1080,3,candidate,383,1280,720,1920,1080,11.2302,12.2341,9.65939,1,1,0,0,0,0
1080,3,candidate,384,1280,720,1920,1080,11.2312,12.221,9.85498,1,1,0,0,0,0
1080,3,candidate,385,1280,720,1920,1080,11.4442,12.4619,9.80275,1,1,0,0,0,0
1080,3,candidate,386,1280,720,1920,1080,11.391,12.3612,9.83552,1,1,0,0,0,0
1080,3,candidate,387,1280,720,1920,1080,11.3039,12.2761,9.92461,1,1,0,0,0,0
1080,3,candidate,388,1280,720,1920,1080,11.4811,12.3973,9.856,1,1,0,0,0,0
1080,3,candidate,389,1280,720,1920,1080,11.3449,12.3361,9.70445,1,1,0,0,0,0
1080,3,candidate,390,1280,720,1920,1080,11.266,12.607,9.88979,1,1,0,0,0,0
1080,3,candidate,391,1280,720,1920,1080,11.1974,12.3245,9.63072,1,1,0,0,0,0
1080,3,candidate,392,1280,720,1920,1080,11.692,12.9368,10.3086,1,1,0,0,0,0
1080,3,candidate,393,1280,720,1920,1080,11.4442,12.4531,9.75872,1,1,0,0,0,0
1080,3,candidate,394,1280,720,1920,1080,11.3009,12.3188,9.63686,1,1,0,0,0,0
1080,3,candidate,395,1280,720,1920,1080,11.3469,12.3194,9.7065,1,1,0,0,0,0
1080,3,candidate,396,1280,720,1920,1080,11.2824,12.8194,9.90618,1,1,0,0,0,0
1080,3,candidate,397,1280,720,1920,1080,11.562,12.5857,9.93792,1,1,0,0,0,0
1080,3,candidate,398,1280,720,1920,1080,11.4944,12.5899,9.8263,1,1,0,0,0,0
1080,3,candidate,399,1280,720,1920,1080,11.5036,12.5785,9.85498,1,1,0,0,0,0
1080,3,candidate,400,1280,720,1920,1080,11.4913,12.3934,9.83245,1,1,0,0,0,0
1080,3,candidate,401,1280,720,1920,1080,11.3306,12.333,9.76998,1,1,0,0,0,0
1080,3,candidate,402,1280,720,1920,1080,11.2824,12.2707,9.90413,1,1,0,0,0,0
1080,3,candidate,403,1280,720,1920,1080,11.5282,12.5891,9.96659,1,1,0,0,0,0
1080,3,candidate,404,1280,720,1920,1080,11.1852,12.3511,9.76384,1,1,0,0,0,0
1080,3,candidate,405,1280,720,1920,1080,11.0275,12.132,9.64198,1,1,0,0,0,0
1080,3,candidate,406,1280,720,1920,1080,11.0049,12.2808,9.62867,1,1,0,0,0,0
1080,3,candidate,407,1280,720,1920,1080,11.393,12.443,8.71834,1,1,0,0,0,0
1080,3,candidate,408,1280,720,1920,1080,10.9609,12.0098,9.58362,1,1,0,0,0,0
1080,3,candidate,409,1280,720,1920,1080,11.2579,12.2293,9.87853,1,1,0,0,0,0
1080,3,candidate,410,1280,720,1920,1080,11.2579,12.2582,9.88058,1,1,0,0,0,0
1080,3,candidate,411,1280,720,1920,1080,11.2794,12.286,9.89901,1,1,0,0,0,0
1080,3,candidate,412,1280,720,1920,1080,11.0848,12.249,9.70957,1,1,0,0,0,0
1080,3,candidate,413,1280,720,1920,1080,11.4831,12.4623,10.0966,1,1,0,0,0,0
1080,3,candidate,414,1280,720,1920,1080,11.0039,12.0917,9.62355,1,1,0,0,0,0
1080,3,candidate,415,1280,720,1920,1080,11.2865,12.2598,9.728,1,1,0,0,0,0
1080,3,candidate,416,1280,720,1920,1080,11.3541,12.3192,9.9799,1,1,0,0,0,0
1080,3,candidate,417,1280,720,1920,1080,11.434,12.447,10.0526,1,1,0,0,0,0
1080,3,candidate,418,1280,720,1920,1080,11.2271,12.1242,9.85293,1,1,0,0,0,0
1080,3,candidate,419,1280,720,1920,1080,11.2609,12.1907,9.8775,1,1,0,0,0,0
1080,3,candidate,420,1280,720,1920,1080,11.6081,12.613,9.99117,1,1,0,0,0,0
1080,3,candidate,421,1280,720,1920,1080,9.72493,10.7047,8.34765,1,1,0,0,0,0
1080,3,candidate,422,1280,720,1920,1080,12.587,13.6408,11.1585,1,1,0,0,0,0
1080,3,candidate,423,1280,720,1920,1080,11.4043,12.4039,9.76384,1,1,0,0,0,0
1080,3,candidate,424,1280,720,1920,1080,11.2855,12.2552,9.64096,1,1,0,0,0,0
1080,3,candidate,425,1280,720,1920,1080,11.3244,12.3699,9.68192,1,1,0,0,0,0
1080,3,candidate,426,1280,720,1920,1080,11.2425,12.2107,9.68806,1,1,0,0,0,0
1080,3,candidate,427,1280,720,1920,1080,11.4319,12.5002,10.0536,1,1,0,0,0,0
1080,3,candidate,428,1280,720,1920,1080,11.1944,12.3535,9.81914,1,1,0,0,0,0
1080,3,candidate,429,1280,720,1920,1080,11.2691,12.6418,9.89286,1,1,0,0,0,0
1080,3,candidate,430,1280,720,1920,1080,11.3377,12.3733,9.96147,1,1,0,0,0,0
1080,3,candidate,431,1280,720,1920,1080,11.5313,12.6208,10.155,1,1,0,0,0,0
1080,3,candidate,432,1280,720,1920,1080,11.1903,12.411,9.81709,1,1,0,0,0,0
1080,3,candidate,433,1280,720,1920,1080,11.3162,12.2529,9.66554,1,1,0,0,0,0
1080,3,candidate,434,1280,720,1920,1080,11.4903,12.4267,9.8519,1,1,0,0,0,0
1080,3,candidate,435,1280,720,1920,1080,11.3203,12.9375,9.93997,1,1,0,0,0,0
1080,3,candidate,436,1280,720,1920,1080,11.2916,12.4297,9.64608,1,1,0,0,0,0
1080,3,candidate,437,1280,720,1920,1080,11.35,12.3414,9.70035,1,1,0,0,0,0
1080,3,candidate,438,1280,720,1920,1080,11.2824,12.2209,9.63174,1,1,0,0,0,0
1080,3,candidate,439,1280,720,1920,1080,10.113,11.0491,8.73574,1,1,0,0,0,0
1080,3,candidate,440,1280,720,1920,1080,10.6885,11.8258,9.28154,1,1,0,0,0,0
1080,3,candidate,441,1280,720,1920,1080,11.3172,12.2059,9.75155,1,1,0,0,0,0
1080,3,candidate,442,1280,720,1920,1080,11.1831,12.2947,9.80378,1,1,0,0,0,0
1080,3,candidate,443,1280,720,1920,1080,11.0684,12.1544,8.38861,1,1,0,0,0,0
1080,3,candidate,444,1280,720,1920,1080,11.3224,12.2764,9.94816,1,1,0,0,0,0
1080,3,candidate,445,1280,720,1920,1080,9.8816,10.8043,8.50637,1,1,0,0,0,0
1080,3,candidate,446,1280,720,1920,1080,10.711,11.9118,9.32454,1,1,0,0,0,0
1080,3,candidate,447,1280,720,1920,1080,13.4595,14.5674,11.134,1,1,0,0,0,0
1080,3,candidate,448,1280,720,1920,1080,9.7792,10.7699,8.40602,1,1,0,0,0,0
1080,3,candidate,449,1280,720,1920,1080,12.8788,13.8607,10.0936,1,1,0,0,0,0
1080,3,candidate,450,1280,720,1920,1080,10.9722,12.0793,9.60205,1,1,0,0,0,0
1080,3,candidate,451,1280,720,1920,1080,11.3572,12.3561,9.97478,1,1,0,0,0,0
1080,3,candidate,452,1280,720,1920,1080,11.1616,12.413,9.78637,1,1,0,0,0,0
1080,3,candidate,453,1280,720,1920,1080,11.2497,12.6158,9.87034,1,1,0,0,0,0
1080,3,candidate,454,1280,720,1920,1080,11.307,12.5371,9.65837,1,1,0,0,0,0
1080,3,candidate,455,1280,720,1920,1080,11.2968,12.7967,9.91744,1,1,0,0,0,0
1080,3,candidate,456,1280,720,1920,1080,11.0356,12.2574,9.65939,1,1,0,0,0,0
1080,3,candidate,457,1280,720,1920,1080,11.4084,12.3506,9.85395,1,1,0,0,0,0
1080,3,candidate,458,1280,720,1920,1080,11.2988,12.2344,9.92256,1,1,0,0,0,0
1080,3,candidate,459,1280,720,1920,1080,11.2067,12.8228,9.82835,1,1,0,0,0,0
1080,3,candidate,460,1280,720,1920,1080,10.0608,11.3895,8.68864,1,1,0,0,0,0
1080,3,candidate,461,1280,720,1920,1080,17.1663,18.3166,15.7686,1,1,0,0,0,0
1080,3,candidate,462,1280,720,1920,1080,11.2445,12.5091,8.5504,1,1,0,0,0,0
1080,3,candidate,463,1280,720,1920,1080,11.1944,12.2583,9.81504,1,1,0,0,0,0
1080,3,candidate,464,1280,720,1920,1080,11.5149,12.5543,9.8601,1,1,0,0,0,0
1080,3,candidate,465,1280,720,1920,1080,11.4862,12.3707,9.82835,1,1,0,0,0,0
1080,3,candidate,466,1280,720,1920,1080,11.308,12.3568,9.66349,1,1,0,0,0,0
1080,3,candidate,467,1280,720,1920,1080,11.3306,12.3402,9.68602,1,1,0,0,0,0
1080,3,candidate,468,1280,720,1920,1080,11.2988,12.2659,9.64403,1,1,0,0,0,0
1080,3,candidate,469,1280,720,1920,1080,11.2261,12.4291,9.84474,1,1,0,0,0,0
1080,3,candidate,470,1280,720,1920,1080,11.2497,12.6296,9.8775,1,1,0,0,0,0
1080,3,candidate,471,1280,720,1920,1080,11.1974,12.2917,9.64301,1,1,0,0,0,0
1080,3,candidate,472,1280,720,1920,1080,11.4688,12.8804,10.0905,1,1,0,0,0,0
1080,3,candidate,473,1280,720,1920,1080,11.2988,12.3568,9.66758,1,1,0,0,0,0
1080,3,candidate,474,1280,720,1920,1080,11.1985,12.1951,9.63789,1,1,0,0,0,0
1080,3,candidate,475,1280,720,1920,1080,11.2579,12.3286,9.87853,1,1,0,0,0,0
1080,3,candidate,476,1280,720,1920,1080,11.2794,12.5395,9.90515,1,1,0,0,0,0
1080,3,candidate,477,1280,720,1920,1080,11.2579,12.718,9.87648,1,1,0,0,0,0
1080,3,candidate,478,1280,720,1920,1080,11.2527,12.6201,9.87853,1,1,0,0,0,0
1080,3,candidate,479,1280,720,1920,1080,11.3797,12.7225,9.72083,1,1,0,0,0,0
1080,3,candidate,480,1280,720,1920,1080,11.3531,12.4433,9.70035,1,1,0,0,0,0
1080,3,candidate,481,1280,720,1920,1080,11.3152,12.2931,9.67168,1,1,0,0,0,0
1080,3,candidate,482,1280,720,1920,1080,11.2558,12.7038,9.8816,1,1,0,0,0,0
1080,3,candidate,483,1280,720,1920,1080,11.5405,12.5602,9.90106,1,1,0,0,0,0
1080,3,candidate,484,1280,720,1920,1080,11.4995,12.4991,9.85805,1,1,0,0,0,0
1080,3,candidate,485,1280,720,1920,1080,11.4698,12.5071,9.81914,1,1,0,0,0,0
1080,3,candidate,486,1280,720,1920,1080,11.4708,12.8335,9.83552,1,1,0,0,0,0
1080,3,candidate,487,1280,720,1920,1080,11.4944,12.5095,9.84474,1,1,0,0,0,0
1080,3,candidate,488,1280,720,1920,1080,11.5384,12.7323,9.81606,1,1,0,0,0,0
1080,3,candidate,489,1280,720,1920,1080,11.2937,12.2837,9.91539,1,1,0,0,0,0
1080,3,candidate,490,1280,720,1920,1080,11.4944,12.5715,9.85907,1,1,0,0,0,0
1080,3,candidate,491,1280,720,1920,1080,11.2886,12.3281,9.90925,1,1,0,0,0,0
1080,3,candidate,492,1280,720,1920,1080,10.8954,11.9565,9.51706,1,1,0,0,0,0
1080,3,candidate,493,1280,720,1920,1080,11.306,12.2636,9.92563,1,1,0,0,0,0
1080,3,candidate,494,1280,720,1920,1080,11.3234,12.3455,9.67987,1,1,0,0,0,0
1080,3,candidate,495,1280,720,1920,1080,11.2282,12.5208,9.84883,1,1,0,0,0,0
1080,3,candidate,496,1280,720,1920,1080,11.2742,12.5081,9.89798,1,1,0,0,0,0
1080,3,candidate,497,1280,720,1920,1080,11.2906,12.4313,9.64096,1,1,0,0,0,0
1080,3,candidate,498,1280,720,1920,1080,11.3039,12.3487,9.66758,1,1,0,0,0,0
1080,3,candidate,499,1280,720,1920,1080,11.3193,12.2694,9.67578,1,1,0,0,0,0
1080,3,candidate,500,1280,720,1920,1080,11.222,12.4321,9.84883,1,1,0,0,0,0
1080,3,candidate,501,1280,720,1920,1080,11.5128,12.6383,9.74746,1,1,0,0,0,0
1080,3,candidate,502,1280,720,1920,1080,11.4043,12.4315,9.69011,1,1,0,0,0,0
1080,3,candidate,503,1280,720,1920,1080,11.2456,12.4839,9.86522,1,1,0,0,0,0
1080,3,candidate,504,1280,720,1920,1080,11.2046,12.6178,9.82938,1,1,0,0,0,0
1080,3,candidate,505,1280,720,1920,1080,11.2599,12.4423,9.8775,1,1,0,0,0,0
1080,3,candidate,506,1280,720,1920,1080,11.2558,12.285,9.88058,1,1,0,0,0,0
1080,3,candidate,507,1280,720,1920,1080,11.2968,12.5844,9.91949,1,1,0,0,0,0
1080,3,candidate,508,1280,720,1920,1080,10.9916,12.0351,9.61741,1,1,0,0,0,0
1080,3,candidate,509,1280,720,1920,1080,11.2036,12.5245,9.82221,1,1,0,0,0,0
1080,3,candidate,510,1280,720,1920,1080,11.4483,12.4074,9.88877,1,1,0,0,0,0
1080,3,candidate,511,1280,720,1920,1080,11.2916,12.2842,9.9113,1,1,0,0,0,0
1080,3,candidate,512,1280,720,1920,1080,11.1596,12.504,9.78534,1,1,0,0,0,0
1080,3,candidate,513,1280,720,1920,1080,11.3265,12.971,9.94611,1,1,0,0,0,0
1080,3,candidate,514,1280,720,1920,1080,11.2251,12.6511,9.84781,1,1,0,0,0,0
1080,3,candidate,515,1280,720,1920,1080,11.2804,12.2857,9.64096,1,1,0,0,0,0
1080,3,candidate,516,1280,720,1920,1080,11.264,12.5504,9.88877,1,1,0,0,0,0
1080,3,candidate,517,1280,720,1920,1080,11.2988,12.3267,9.64813,1,1,0,0,0,0
1080,3,candidate,518,1280,720,1920,1080,11.2681,12.6372,9.89491,1,1,0,0,0,0
1080,3,candidate,519,1280,720,1920,1080,11.2712,12.4029,9.63072,1,1,0,0,0,0
1080,3,candidate,520,1280,720,1920,1080,11.2404,12.7915,9.86522,1,1,0,0,0,0
1080,3,candidate,521,1280,720,1920,1080,11.2169,12.5441,9.83859,1,1,0,0,0,0
1080,3,candidate,522,1280,720,1920,1080,11.4924,12.642,10.1171,1,1,0,0,0,0
1080,3,candidate,523,1280,720,1920,1080,11.4954,12.477,9.85395,1,1,0,0,0,0
1080,3,candidate,524,1280,720,1920,1080,11.3388,12.4721,9.6983,1,1,0,0,0,0
1080,3,candidate,525,1280,720,1920,1080,11.4452,12.4911,9.79354,1,1,0,0,0,0
1080,3,candidate,526,1280,720,1920,1080,11.4719,12.5627,9.82938,1,1,0,0,0,0
1080,3,candidate,527,1280,720,1920,1080,11.5016,12.572,9.84166,1,1,0,0,0,0
1080,3,candidate,528,1280,720,1920,1080,11.4719,12.7594,9.8345,1,1,0,0,0,0
1080,3,candidate,529,1280,720,1920,1080,11.5323,12.5353,9.79866,1,1,0,0,0,0
1080,3,candidate,530,1280,720,1920,1080,11.306,12.3862,9.92973,1,1,0,0,0,0
1080,3,candidate,531,1280,720,1920,1080,11.4831,12.5308,9.84166,1,1,0,0,0,0
1080,3,candidate,532,1280,720,1920,1080,11.476,12.5386,9.83859,1,1,0,0,0,0
1080,3,candidate,533,1280,720,1920,1080,11.3234,12.4654,9.94509,1,1,0,0,0,0
1080,3,candidate,534,1280,720,1920,1080,11.4975,12.7538,9.86112,1,1,0,0,0,0
1080,3,candidate,535,1280,720,1920,1080,11.0305,12.2085,9.65018,1,1,0,0,0,0
1080,3,candidate,536,1280,720,1920,1080,11.39,12.5212,9.77203,1,1,0,0,0,0
1080,3,candidate,537,1280,720,1920,1080,10.9711,12.0452,9.59181,1,1,0,0,0,0
1080,3,candidate,538,1280,720,1920,1080,11.2732,12.3011,9.89696,1,1,0,0,0,0
1080,3,candidate,539,1280,720,1920,1080,9.93178,10.9278,8.55654,1,1,0,0,0,0
1080,3,candidate,540,1280,720,1920,1080,22.1,23.0717,20.7237,1,1,0,0,0,0
1080,3,candidate,541,1280,720,1920,1080,11.5538,12.543,10.1734,1,1,0,0,0,0
1080,3,candidate,542,1280,720,1920,1080,11.4893,12.5776,9.85702,1,1,0,0,0,0
1080,3,candidate,543,1280,720,1920,1080,11.4749,12.4852,10.0905,1,1,0,0,0,0
1080,3,candidate,544,1280,720,1920,1080,11.3213,12.2797,9.69933,1,1,0,0,0,0
1080,3,candidate,545,1280,720,1920,1080,11.4616,12.4084,9.84064,1,1,0,0,0,0
1080,3,candidate,546,1280,720,1920,1080,11.308,12.3419,9.93485,1,1,0,0,0,0
1080,3,candidate,547,1280,720,1920,1080,11.1831,12.2626,8.5289,1,1,0,0,0,0
1080,3,candidate,548,1280,720,1920,1080,9.9113,10.8522,8.54118,1,1,0,0,0,0
1080,3,candidate,549,1280,720,1920,1080,12.2429,13.2701,10.8636,1,1,0,0,0,0
1080,3,candidate,550,1280,720,1920,1080,11.5661,12.5371,10.1898,1,1,0,0,0,0
1080,3,candidate,551,1280,720,1920,1080,10.0536,10.9769,8.67635,1,1,0,0,0,0
1080,3,candidate,552,1280,720,1920,1080,12.8778,13.9104,11.5046,1,1,0,0,0,0
1080,3,candidate,553,1280,720,1920,1080,9.76896,10.7118,8.38963,1,1,0,0,0,0
1080,3,candidate,554,1280,720,1920,1080,11.4207,12.3107,10.0444,1,1,0,0,0,0
1080,3,candidate,555,1280,720,1920,1080,11.2763,12.2701,9.89491,1,1,0,0,0,0
1080,3,candidate,556,1280,720,1920,1080,11.2333,12.1661,9.8601,1,1,0,0,0,0
1080,3,candidate,557,1280,720,1920,1080,9.92154,10.8399,8.54426,1,1,0,0,0,0
1080,3,candidate,558,1280,720,1920,1080,11.3111,12.135,9.92461,1,1,0,0,0,0
1080,3,candidate,559,1280,720,1920,1080,11.3357,12.2804,9.94611,1,1,0,0,0,0
1080,3,candidate,560,1280,720,1920,1080,11.348,12.3606,9.96762,1,1,0,0,0,0
1080,3,candidate,561,1280,720,1920,1080,10.112,11.0416,8.73165,1,1,0,0,0,0
1080,3,candidate,562,1280,720,1920,1080,12.4723,13.505,11.0674,1,1,0,0,0,0
1080,3,candidate,563,1280,720,1920,1080,11.4565,12.5033,9.79763,1,1,0,0,0,0
1080,3,candidate,564,1280,720,1920,1080,11.2978,12.3042,9.92256,1,1,0,0,0,0
1080,3,candidate,565,1280,720,1920,1080,10.0168,10.9917,8.63949,1,1,0,0,0,0
1080,3,candidate,566,1280,720,1920,1080,12.5921,13.6779,11.1718,1,1,0,0,0,0
1080,3,candidate,567,1280,720,1920,1080,11.3172,12.3885,9.92358,1,1,0,0,0,0
1080,3,candidate,568,1280,720,1920,1080,11.3367,12.2345,9.9625,1,1,0,0,0,0
1080,3,candidate,569,1280,720,1920,1080,11.0449,12.1273,9.66554,1,1,0,0,0,0
1080,3,candidate,570,1280,720,1920,1080,11.2456,12.1514,9.87238,1,1,0,0,0,0
1080,3,candidate,571,1280,720,1920,1080,9.71878,10.6465,8.3415,1,1,0,0,0,0
1080,3,candidate,572,1280,720,1920,1080,12.8174,13.8412,10.3639,1,1,0,0,0,0
1080,3,candidate,573,1280,720,1920,1080,11.1258,12.2554,9.74746,1,1,0,0,0,0
1080,3,candidate,574,1280,720,1920,1080,9.7536,10.6252,8.38042,1,1,0,0,0,0
1080,3,candidate,575,1280,720,1920,1080,11.3132,13.2533,9.92768,1,1,0,0,0,0
1080,3,candidate,576,1280,720,1920,1080,9.94611,10.9328,8.57498,1,1,0,0,0,0
1080,3,candidate,577,1280,720,1920,1080,12.5983,13.6516,11.2036,1,1,0,0,0,0
1080,3,candidate,578,1280,720,1920,1080,11.4248,12.3611,10.0485,1,1,0,0,0,0
1080,3,candidate,579,1280,720,1920,1080,11.2425,12.1961,9.86419,1,1,0,0,0,0
1080,3,candidate,580,1280,720,1920,1080,11.0326,12.064,9.64403,1,1,0,0,0,0
1080,3,candidate,581,1280,720,1920,1080,11.4391,12.3511,10.0598,1,1,0,0,0,0
1080,3,candidate,582,1280,720,1920,1080,11.3039,12.2668,9.9287,1,1,0,0,0,0
1080,3,candidate,583,1280,720,1920,1080,9.96762,10.9645,8.58931,1,1,0,0,0,0
1080,3,candidate,584,1280,720,1920,1080,12.8,13.8222,11.3807,1,1,0,0,0,0
1080,3,candidate,585,1280,720,1920,1080,9.71776,10.7981,8.33843,1,1,0,0,0,0
1080,3,candidate,586,1280,720,1920,1080,12.3965,13.4677,9.55392,1,1,0,0,0,0
1080,3,candidate,587,1280,720,1920,1080,11.6009,12.5449,9.94918,1,1,0,0,0,0
1080,3,candidate,588,1280,720,1920,1080,11.4166,12.3415,10.0424,1,1,0,0,0,0
1080,3,candidate,589,1280,720,1920,1080,11.4166,12.3457,10.0393,1,1,0,0,0,0
1080,3,candidate,590,1280,720,1920,1080,10.9978,12.0546,9.62458,1,1,0,0,0,0
1080,3,candidate,591,1280,720,1920,1080,11.2312,12.1208,9.85395,1,1,0,0,0,0
1080,3,candidate,592,1280,720,1920,1080,11.0131,12.1396,9.63891,1,1,0,0,0,0
1080,3,candidate,593,1280,720,1920,1080,10.924,11.9594,9.54368,1,1,0,0,0,0
1080,3,candidate,594,1280,720,1920,1080,11.5313,12.51,10.155,1,1,0,0,0,0
1080,3,candidate,595,1280,720,1920,1080,10.0915,11.0302,8.71629,1,1,0,0,0,0
1080,3,candidate,596,1280,720,1920,1080,11.1329,12.1572,9.7577,1,1,0,0,0,0
1080,3,candidate,597,1280,720,1920,1080,11.4135,12.3677,10.0198,1,1,0,0,0,0
1080,3,candidate,598,1280,720,1920,1080,11.266,12.2835,9.89184,1,1,0,0,0,0
1080,3,candidate,599,1280,720,1920,1080,11.2916,12.3149,9.91437,1,1,0,0,0,0
1080,3,candidate,600,1280,720,1920,1080,9.70138,10.6376,8.32922,1,1,0,0,0,0
1080,3,candidate,601,1280,720,1920,1080,12.5676,13.6286,11.1688,1,1,0,0,0,0
1080,3,candidate,602,1280,720,1920,1080,11.4033,12.4188,9.76589,1,1,0,0,0,0
1080,3,candidate,603,1280,720,1920,1080,11.1964,12.2037,9.63174,1,1,0,0,0,0
1080,3,candidate,604,1280,720,1920,1080,11.2486,12.1871,9.87341,1,1,0,0,0,0
1080,3,candidate,605,1280,720,1920,1080,11.4104,12.3369,9.84678,1,1,0,0,0,0
1080,3,candidate,606,1280,720,1920,1080,11.1759,12.2827,9.78022,1,1,0,0,0,0
1080,3,candidate,607,1280,720,1920,1080,9.7792,10.6901,8.40499,1,1,0,0,0,0
1080,3,candidate,608,1280,720,1920,1080,9.34912,10.2242,7.97696,1,1,0,0,0,0
1080,3,candidate,609,1280,720,1920,1080,11.3777,13.2784,9.98707,1,1,0,0,0,0
1080,3,candidate,610,1280,720,1920,1080,11.5763,12.5936,10.1898,1,1,0,0,0,0
1080,3,candidate,611,1280,720,1920,1080,11.5415,12.5432,9.87853,1,1,0,0,0,0
1080,3,candidate,612,1280,720,1920,1080,11.3326,12.3726,9.95123,1,1,0,0,0,0
1080,3,candidate,613,1280,720,1920,1080,10.9947,12.0745,9.56928,1,1,0,0,0,0
1080,3,candidate,614,1280,720,1920,1080,10.9179,11.911,9.54573,1,1,0,0,0,0
1080,3,candidate,615,1280,720,1920,1080,11.052,12.1679,9.62867,1,1,0,0,0,0
1080,3,candidate,616,1280,720,1920,1080,11.4463,12.5826,9.67373,1,1,0,0,0,0
1080,3,candidate,617,1280,720,1920,1080,10.9967,12.0541,9.62048,1,1,0,0,0,0
1080,3,candidate,618,1280,720,1920,1080,9.87341,10.9191,8.50227,1,1,0,0,0,0
1080,3,candidate,619,1280,720,1920,1080,12.5993,13.639,10.2758,1,1,0,0,0,0
1080,3,candidate,620,1280,720,1920,1080,9.69523,10.6714,8.32512,1,1,0,0,0,0
1080,3,candidate,621,1280,720,1920,1080,9.66042,11.8447,8.28314,1,1,0,0,0,0
1080,3,candidate,622,1280,720,1920,1080,13.9121,14.9955,12.5317,1,1,0,0,0,0
1080,3,candidate,623,1280,720,1920,1080,11.5261,12.5161,10.1407,1,1,0,0,0,0
1080,3,candidate,624,1280,720,1920,1080,11.3111,12.5103,9.91744,1,1,0,0,0,0
1080,3,candidate,625,1280,720,1920,1080,9.87238,10.8168,8.49613,1,1,0,0,0,0
1080,3,candidate,626,1280,720,1920,1080,12.4088,13.434,10.9865,1,1,0,0,0,0
1080,3,candidate,627,1280,720,1920,1080,11.4545,12.3977,9.81606,1,1,0,0,0,0
1080,3,candidate,628,1280,720,1920,1080,9.856,10.8716,8.48486,1,1,0,0,0,0
1080,3,candidate,629,1280,720,1920,1080,12.5901,13.5956,11.1892,1,1,0,0,0,0
1080,3,candidate,630,1280,720,1920,1080,11.4248,12.4286,10.0413,1,1,0,0,0,0
1080,3,candidate,631,1280,720,1920,1080,11.2456,12.1806,9.86726,1,1,0,0,0,0
1080,3,candidate,632,1280,720,1920,1080,11.4647,12.4119,10.0905,1,1,0,0,0,0
1080,3,candidate,633,1280,720,1920,1080,11.5057,12.4259,10.1274,1,1,0,0,0,0
1080,3,candidate,634,1280,720,1920,1080,11.5323,12.4536,10.1489,1,1,0,0,0,0
1080,3,candidate,635,1280,720,1920,1080,11.4258,12.4019,9.80173,1,1,0,0,0,0
1080,3,candidate,636,1280,720,1920,1080,11.3859,12.281,10.0116,1,1,0,0,0,0
1080,3,candidate,637,1280,720,1920,1080,11.177,12.1866,9.79968,1,1,0,0,0,0
1080,3,candidate,638,1280,720,1920,1080,11.177,12.3298,9.80378,1,1,0,0,0,0
1080,3,candidate,639,1280,720,1920,1080,9.72902,10.629,8.35277,1,1,0,0,0,0
1080,3,candidate,640,1280,720,1920,1080,12.6198,13.6153,11.2005,1,1,0,0,0,0
1080,3,candidate,641,1280,720,1920,1080,9.7536,10.6897,8.37939,1,1,0,0,0,0
1080,3,candidate,642,1280,720,1920,1080,12.4641,13.5079,10.1632,1,1,0,0,0,0
1080,3,candidate,643,1280,720,1920,1080,11.5845,12.5721,10.025,1,1,0,0,0,0
1080,3,candidate,644,1280,720,1920,1080,11.2824,12.3352,9.90925,1,1,0,0,0,0
1080,3,candidate,645,1280,720,1920,1080,10.1028,11.0149,8.72755,1,1,0,0,0,0
1080,3,candidate,646,1280,720,1920,1080,12.6085,13.6088,10.2994,1,1,0,0,0,0
1080,3,candidate,647,1280,720,1920,1080,11.0131,12.1155,9.63789,1,1,0,0,0,0
1080,3,candidate,648,1280,720,1920,1080,11.2681,12.1849,9.89389,1,1,0,0,0,0
1080,3,candidate,649,1280,720,1920,1080,11.0316,12.1607,9.65325,1,1,0,0,0,0
1080,3,candidate,650,1280,720,1920,1080,11.4463,12.3702,10.0741,1,1,0,0,0,0
1080,3,candidate,651,1280,720,1920,1080,11.4227,12.3951,10.0362,1,1,0,0,0,0
1080,3,candidate,652,1280,720,1920,1080,11.4084,12.4309,10.0352,1,1,0,0,0,0
1080,3,candidate,653,1280,720,1920,1080,11.5405,12.5304,9.91949,1,1,0,0,0,0
1080,3,candidate,654,1280,720,1920,1080,11.2425,12.1658,9.6297,1,1,0,0,0,0
1080,3,candidate,655,1280,720,1920,1080,11.3889,12.3183,10.0137,1,1,0,0,0,0
1080,3,candidate,656,1280,720,1920,1080,11.5436,12.5503,9.99014,1,1,0,0,0,0
1080,3,candidate,657,1280,720,1920,1080,11.8252,12.8682,10.4468,1,1,0,0,0,0
1080,3,candidate,658,1280,720,1920,1080,11.4831,12.5411,10.1079,1,1,0,0,0,0
1080,3,candidate,659,1280,720,1920,1080,11.2865,12.2601,9.9113,1,1,0,0,0,0
1080,3,candidate,660,1280,720,1920,1080,11.2067,12.1823,9.8345,1,1,0,0,0,0
1080,3,candidate,661,1280,720,1920,1080,9.71469,10.675,8.3415,1,1,0,0,0,0
1080,3,candidate,662,1280,720,1920,1080,12.7058,13.7191,10.3854,1,1,0,0,0,0
1080,3,candidate,663,1280,720,1920,1080,9.72186,10.6443,8.34662,1,1,0,0,0,0
1080,3,candidate,664,1280,720,1920,1080,12.4365,13.4154,10.1734,1,1,0,0,0,0
1080,3,candidate,665,1280,720,1920,1080,11.1493,12.2593,9.77408,1,1,0,0,0,0
1080,3,candidate,666,1280,720,1920,1080,11.39,12.3277,10.0188,1,1,0,0,0,0
1080,3,candidate,667,1280,720,1920,1080,10.0854,10.9705,8.71014,1,1,0,0,0,0
1080,3,candidate,668,1280,720,1920,1080,12.5204,13.5153,11.1063,1,1,0,0,0,0
1080,3,candidate,669,1280,720,1920,1080,11.4801,12.4695,9.81504,1,1,0,0,0,0
1080,3,candidate,670,1280,720,1920,1080,9.91334,10.8781,8.54221,1,1,0,0,0,0
1080,3,candidate,671,1280,720,1920,1080,10.6885,11.7207,8.08038,1,1,0,0,0,0
1080,3,candidate,672,1280,720,1920,1080,11.0203,12.0509,9.64608,1,1,0,0,0,0
1080,3,candidate,673,1280,720,1920,1080,11.4586,12.3688,9.82016,1,1,0,0,0,0
1080,3,candidate,674,1280,720,1920,1080,11.4749,12.3836,9.82835,1,1,0,0,0,0
1080,3,candidate,675,1280,720,1920,1080,11.2835,12.2053,9.63072,1,1,0,0,0,0
1080,3,candidate,676,1280,720,1920,1080,11.2865,12.4156,9.63174,1,1,0,0,0,0
1080,3,candidate,677,1280,720,1920,1080,9.77408,10.6827,8.40192,1,1,0,0,0,0
1080,3,candidate,678,1280,720,1920,1080,9.41978,10.3368,8.04966,1,1,0,0,0,0
1080,3,candidate,679,1280,720,1920,1080,11.2486,12.1237,9.85702,1,1,0,0,0,0
1080,3,candidate,680,1280,720,1920,1080,11.4002,12.3345,10.0147,1,1,0,0,0,0
1080,3,candidate,681,1280,720,1920,1080,10.0895,11.014,8.71117,1,1,0,0,0,0
1080,3,candidate,682,1280,720,1920,1080,12.7375,13.7771,11.3613,1,1,0,0,0,0
1080,3,candidate,683,1280,720,1920,1080,11.2773,12.3462,9.9031,1,1,0,0,0,0
1080,3,candidate,684,1280,720,1920,1080,11.2374,12.1743,9.86726,1,1,0,0,0,0
1080,3,candidate,685,1280,720,1920,1080,11.2404,12.2084,9.86112,1,1,0,0,0,0
1080,3,candidate,686,1280,720,1920,1080,9.74234,10.6742,8.3712,1,1,0,0,0,0
1080,3,candidate,687,1280,720,1920,1080,12.8492,13.904,11.4514,1,1,0,0,0,0
1080,3,candidate,688,1280,720,1920,1080,9.83142,10.9078,8.45926,1,1,0,0,0,0
1080,3,candidate,689,1280,720,1920,1080,11.1258,12.0874,9.74643,1,1,0,0,0,0
1080,3,candidate,690,1280,720,1920,1080,11.2046,12.9074,9.81504,1,1,0,0,0,0
1080,3,candidate,691,1280,720,1920,1080,11.904,13.0385,10.3342,1,1,0,0,0,0
1080,3,candidate,692,1280,720,1920,1080,11.4688,12.3979,10.0977,1,1,0,0,0,0
1080,3,candidate,693,1280,720,1920,1080,11.3183,12.2921,9.93894,1,1,0,0,0,0
1080,3,candidate,694,1280,720,1920,1080,11.3019,12.3473,9.92973,1,1,0,0,0,0
1080,3,candidate,695,1280,720,1920,1080,11.2927,12.2753,9.91437,1,1,0,0,0,0
1080,3,candidate,696,1280,720,1920,1080,11.3132,12.297,9.93792,1,1,0,0,0,0
1080,3,candidate,697,1280,720,1920,1080,11.1084,12.1589,9.73107,1,1,0,0,0,0
1080,3,candidate,698,1280,720,1920,1080,11.3746,12.4257,10.0024,1,1,0,0,0,0
1080,3,candidate,699,1280,720,1920,1080,11.1985,12.2537,9.82118,1,1,0,0,0,0
1080,3,candidate,700,1280,720,1920,1080,10.9814,12.077,9.60922,1,1,0,0,0,0
1080,3,candidate,701,1280,720,1920,1080,11.0244,12.154,8.38451,1,1,0,0,0,0
1080,3,candidate,702,1280,720,1920,1080,19.3075,20.4453,17.9323,1,1,0,0,0,0
1080,3,candidate,703,1280,720,1920,1080,11.2773,12.3414,9.90106,1,1,0,0,0,0
1080,3,candidate,704,1280,720,1920,1080,11.2763,12.3223,9.90208,1,1,0,0,0,0
1080,3,candidate,705,1280,720,1920,1080,9.76179,10.6934,8.37939,1,1,0,0,0,0
1080,3,candidate,706,1280,720,1920,1080,9.70445,12.0176,8.33434,1,1,0,0,0,0
1080,3,candidate,707,1280,720,1920,1080,11.4637,12.41,9.82733,1,1,0,0,0,0
1080,3,candidate,708,1280,720,1920,1080,11.478,12.5123,9.89696,1,1,0,0,0,0
1080,3,candidate,709,1280,720,1920,1080,11.3572,12.3239,9.97888,1,1,0,0,0,0
1080,3,candidate,710,1280,720,1920,1080,11.4145,12.3521,9.7833,1,1,0,0,0,0
1080,3,candidate,711,1280,720,1920,1080,9.72902,10.6686,8.35379,1,1,0,0,0,0
1080,3,candidate,712,1280,720,1920,1080,9.31738,12.0395,7.94214,1,1,0,0,0,0
1080,3,candidate,713,1280,720,1920,1080,11.2835,12.2792,9.67066,1,1,0,0,0,0
1080,3,candidate,714,1280,720,1920,1080,11.2906,12.2615,9.91846,1,1,0,0,0,0
1080,3,candidate,715,1280,720,1920,1080,11.2691,12.3328,9.88877,1,1,0,0,0,0
1080,3,candidate,716,1280,720,1920,1080,11.4821,12.4186,10.1079,1,1,0,0,0,0
1080,3,candidate,717,1280,720,1920,1080,11.4227,12.383,10.0465,1,1,0,0,0,0
1080,3,candidate,718,1280,720,1920,1080,11.348,12.2409,9.79866,1,1,0,0,0,0
1080,3,candidate,719,1280,720,1920,1080,11.2845,12.2845,9.90618,1,1,0,0,0,0
1080,3,candidate,720,1280,720,1920,1080,11.2937,12.2914,9.91846,1,1,0,0,0,0
1080,3,candidate,721,1280,720,1920,1080,11.3623,12.3176,9.97069,1,1,0,0,0,0
1080,3,candidate,722,1280,720,1920,1080,11.18,12.3008,9.80992,1,1,0,0,0,0
1080,3,candidate,723,1280,720,1920,1080,9.9287,10.8448,8.55142,1,1,0,0,0,0
1080,3,candidate,724,1280,720,1920,1080,9.87238,11.6437,8.50125,1,1,0,0,0,0
1080,3,candidate,725,1280,720,1920,1080,10.9875,12.1747,9.56621,1,1,0,0,0,0
1080,3,candidate,726,1280,720,1920,1080,10.9588,12.1993,9.58259,1,1,0,0,0,0
1080,3,candidate,727,1280,720,1920,1080,11.2179,12.2583,9.83654,1,1,0,0,0,0
1080,3,candidate,728,1280,720,1920,1080,11.9122,12.867,10.2758,1,1,0,0,0,0
1080,3,candidate,729,1280,720,1920,1080,9.71366,10.6189,8.33946,1,1,0,0,0,0
1080,3,candidate,730,1280,720,1920,1080,11.177,13.114,9.80582,1,1,0,0,0,0
1080,3,candidate,731,1280,720,1920,1080,11.007,12.1011,9.6297,1,1,0,0,0,0
1080,3,candidate,732,1280,720,1920,1080,9.72902,10.7189,8.35994,1,1,0,0,0,0
1080,3,candidate,733,1280,720,1920,1080,11.8835,13.7713,10.069,1,1,0,0,0,0
1080,3,candidate,734,1280,720,1920,1080,11.1954,12.3393,9.82221,1,1,0,0,0,0
1080,3,candidate,735,1280,720,1920,1080,9.9625,10.9414,8.58624,1,1,0,0,0,0
1080,3,candidate,736,1280,720,1920,1080,11.7412,13.9864,10.3639,1,1,0,0,0,0
1080,3,candidate,737,1280,720,1920,1080,11.1862,12.3268,9.79763,1,1,0,0,0,0
1080,3,candidate,738,1280,720,1920,1080,12.2532,13.2693,8.73267,1,1,0,0,0,0
1080,3,candidate,739,1280,720,1920,1080,9.94304,10.9128,8.56781,1,1,0,0,0,0
1080,3,candidate,740,1280,720,1920,1080,13.228,14.1706,11.8016,1,1,0,0,0,0
1080,3,candidate,741,1280,720,1920,1080,11.4207,12.3605,9.83859,1,1,0,0,0,0
1080,3,candidate,742,1280,720,1920,1080,11.3111,12.3429,9.93894,1,1,0,0,0,0
1080,3,candidate,743,1280,720,1920,1080,10.9076,12.062,9.53344,1,1,0,0,0,0
1080,3,candidate,744,1280,720,1920,1080,11.3521,12.3146,9.9799,1,1,0,0,0,0
1080,3,candidate,745,1280,720,1920,1080,10.0342,10.9276,8.65894,1,1,0,0,0,0
1080,3,candidate,746,1280,720,1920,1080,12.5942,13.6598,10.2615,1,1,0,0,0,0
1080,3,candidate,747,1280,720,1920,1080,11.2404,12.4077,9.84474,1,1,0,0,0,0
1080,3,candidate,748,1280,720,1920,1080,11.264,12.217,9.89184,1,1,0,0,0,0
1080,3,candidate,749,1280,720,1920,1080,9.72083,10.7062,8.34355,1,1,0,0,0,0
1080,3,candidate,750,1280,720,1920,1080,12.9085,13.9536,11.4985,1,1,0,0,0,0
1080,3,candidate,751,1280,720,1920,1080,10.9558,12.2088,9.57952,1,1,0,0,0,0
1080,3,candidate,752,1280,720,1920,1080,11.265,12.2163,9.89286,1,1,0,0,0,0
1080,3,candidate,753,1280,720,1920,1080,11.3224,12.2879,9.94509,1,1,0,0,0,0
1080,3,candidate,754,1280,720,1920,1080,11.2404,12.2838,9.86726,1,1,0,0,0,0
1080,3,candidate,755,1280,720,1920,1080,11.2691,12.22,9.89184,1,1,0,0,0,0
1080,3,candidate,756,1280,720,1920,1080,11.4739,12.4696,10.0997,1,1,0,0,0,0
1080,3,candidate,757,1280,720,1920,1080,11.4801,12.5039,10.1018,1,1,0,0,0,0
1080,3,candidate,758,1280,720,1920,1080,11.4831,12.485,10.1089,1,1,0,0,0,0
1080,3,candidate,759,1280,720,1920,1080,11.4821,12.5151,10.1028,1,1,0,0,0,0
1080,3,candidate,760,1280,720,1920,1080,11.1657,12.1958,9.7751,1,1,0,0,0,0
1080,3,candidate,761,1280,720,1920,1080,11.3316,12.2323,9.77408,1,1,0,0,0,0
1080,3,candidate,762,1280,720,1920,1080,11.263,12.2182,9.61331,1,1,0,0,0,0
1080,3,candidate,763,1280,720,1920,1080,11.264,12.1722,9.88467,1,1,0,0,0,0
1080,3,candidate,764,1280,720,1920,1080,11.4176,12.3279,9.77818,1,1,0,0,0,0
1080,3,candidate,765,1280,720,1920,1080,11.4422,12.401,9.79456,1,1,0,0,0,0
1080,3,candidate,766,1280,720,1920,1080,11.3172,12.3403,9.68499,1,1,0,0,0,0
1080,3,candidate,767,1280,720,1920,1080,11.2916,12.2257,9.66349,1,1,0,0,0,0
1080,3,candidate,768,1280,720,1920,1080,11.2251,12.4487,9.85395,1,1,0,0,0,0
1080,3,candidate,769,1280,720,1920,1080,11.2241,12.256,9.6,1,1,0,0,0,0
1080,3,candidate,770,1280,720,1920,1080,11.4964,12.4917,9.87238,1,1,0,0,0,0
1080,3,candidate,771,1280,720,1920,1080,11.2466,12.7183,9.87034,1,1,0,0,0,0
1080,3,candidate,772,1280,720,1920,1080,11.2169,12.3329,9.5959,1,1,0,0,0,0
1080,3,candidate,773,1280,720,1920,1080,11.3142,12.9635,9.93587,1,1,0,0,0,0
1080,3,candidate,774,1280,720,1920,1080,11.2671,12.4593,9.64506,1,1,0,0,0,0
1080,3,candidate,775,1280,720,1920,1080,11.2384,12.2525,9.61229,1,1,0,0,0,0
1080,3,candidate,776,1280,720,1920,1080,11.3367,12.3544,9.71162,1,1,0,0,0,0
1080,3,candidate,777,1280,720,1920,1080,11.3193,12.2268,9.68602,1,1,0,0,0,0
1080,3,candidate,778,1280,720,1920,1080,11.2558,12.4467,9.88672,1,1,0,0,0,0
1080,3,candidate,779,1280,720,1920,1080,11.2374,12.3341,9.85907,1,1,0,0,0,0
1080,3,candidate,780,1280,720,1920,1080,11.394,12.4134,10.0209,1,1,0,0,0,0
1080,3,candidate,781,1280,720,1920,1080,11.392,12.3257,9.83757,1,1,0,0,0,0
1080,3,candidate,782,1280,720,1920,1080,11.3265,12.3823,9.95328,1,1,0,0,0,0
1080,3,candidate,783,1280,720,1920,1080,9.74234,10.7037,8.36915,1,1,0,0,0,0
1080,3,candidate,784,1280,720,1920,1080,15.23,16.2097,13.5977,1,1,0,0,0,0
1080,3,candidate,785,1280,720,1920,1080,11.4493,12.4308,10.07,1,1,0,0,0,0
1080,3,candidate,786,1280,720,1920,1080,11.5968,12.6957,9.89901,1,1,0,0,0,0
1080,3,candidate,787,1280,720,1920,1080,11.2599,12.3117,9.88262,1,1,0,0,0,0
1080,3,candidate,788,1280,720,1920,1080,11.2835,12.2885,9.90925,1,1,0,0,0,0
1080,3,candidate,789,1280,720,1920,1080,11.2691,12.2033,9.89184,1,1,0,0,0,0
1080,3,candidate,790,1280,720,1920,1080,11.3818,12.4415,9.74234,1,1,0,0,0,0
1080,3,candidate,791,1280,720,1920,1080,11.4299,12.3989,9.79149,1,1,0,0,0,0
1080,3,candidate,792,1280,720,1920,1080,11.2568,12.1998,9.61946,1,1,0,0,0,0
1080,3,candidate,793,1280,720,1920,1080,11.4575,12.4943,9.80582,1,1,0,0,0,0
1080,3,candidate,794,1280,720,1920,1080,11.2845,12.3598,9.65018,1,1,0,0,0,0
1080,3,candidate,795,1280,720,1920,1080,11.2906,12.3084,9.63789,1,1,0,0,0,0
1080,3,candidate,796,1280,720,1920,1080,11.2845,12.2041,9.63482,1,1,0,0,0,0
1080,3,candidate,797,1280,720,1920,1080,11.1954,12.4647,9.81504,1,1,0,0,0,0
1080,3,candidate,798,1280,720,1920,1080,11.0694,12.4332,9.70035,1,1,0,0,0,0
1080,3,candidate,799,1280,720,1920,1080,11.348,12.4768,9.96966,1,1,0,0,0,0
1080,3,candidate,800,1280,720,1920,1080,11.3101,12.3593,9.93894,1,1,0,0,0,0
1080,3,candidate,801,1280,720,1920,1080,10.0547,10.9545,8.67942,1,1,0,0,0,0
1080,3,candidate,802,1280,720,1920,1080,10.2758,13.3742,8.89856,1,1,0,0,0,0
1080,3,candidate,803,1280,720,1920,1080,11.4176,12.3823,10.0403,1,1,0,0,0,0
1080,3,candidate,804,1280,720,1920,1080,11.2005,12.2402,9.8263,1,1,0,0,0,0
1080,3,candidate,805,1280,720,1920,1080,11.266,12.4713,9.88877,1,1,0,0,0,0
1080,3,candidate,806,1280,720,1920,1080,11.2855,12.2833,9.91232,1,1,0,0,0,0
1080,3,candidate,807,1280,720,1920,1080,11.049,12.0654,9.66963,1,1,0,0,0,0
1080,3,candidate,808,1280,720,1920,1080,11.4524,12.4073,10.0813,1,1,0,0,0,0
1080,3,candidate,809,1280,720,1920,1080,9.59898,11.323,8.22067,1,1,0,0,0,0
1080,3,candidate,810,1280,720,1920,1080,9.35629,10.2682,7.98822,1,1,0,0,0,0
1080,3,candidate,811,1280,720,1920,1080,12.5194,13.5507,10.1908,1,1,0,0,0,0
1080,3,candidate,812,1280,720,1920,1080,10.8892,12.0028,9.52115,1,1,0,0,0,0
1080,3,candidate,813,1280,720,1920,1080,11.1698,12.1345,9.79251,1,1,0,0,0,0
1080,3,candidate,814,1280,720,1920,1080,10.9937,12.1755,9.62048,1,1,0,0,0,0
1080,3,candidate,815,1280,720,1920,1080,11.18,12.2695,9.78534,1,1,0,0,0,0
1080,3,candidate,816,1280,720,1920,1080,11.1831,12.1467,9.81094,1,1,0,0,0,0
1080,3,candidate,817,1280,720,1920,1080,11.2968,12.1634,9.68602,1,1,0,0,0,0
1080,3,candidate,818,1280,720,1920,1080,11.2343,12.1288,9.62355,1,1,0,0,0,0
1080,3,candidate,819,1280,720,1920,1080,11.4196,12.3414,10.0424,1,1,0,0,0,0
1080,3,candidate,820,1280,720,1920,1080,11.4524,12.6636,10.0803,1,1,0,0,0,0
1080,3,candidate,821,1280,720,1920,1080,11.4104,12.4142,10.0332,1,1,0,0,0,0
1080,3,candidate,822,1280,720,1920,1080,11.3889,12.3584,10.0137,1,1,0,0,0,0
1080,3,candidate,823,1280,720,1920,1080,11.2507,12.2221,9.86931,1,1,0,0,0,0
1080,3,candidate,824,1280,720,1920,1080,11.3019,12.2669,9.92768,1,1,0,0,0,0
1080,3,candidate,825,1280,720,1920,1080,11.2998,12.4697,9.92154,1,1,0,0,0,0
1080,3,candidate,826,1280,720,1920,1080,11.2937,12.2755,9.91744,1,1,0,0,0,0
1080,3,candidate,827,1280,720,1920,1080,11.2855,12.2522,9.90618,1,1,0,0,0,0
1080,3,candidate,828,1280,720,1920,1080,11.4186,12.4027,9.79354,1,1,0,0,0,0
1080,3,candidate,829,1280,720,1920,1080,11.394,12.622,9.76179,1,1,0,0,0,0
1080,3,candidate,830,1280,720,1920,1080,11.4299,12.3988,9.79661,1,1,0,0,0,0
1080,3,candidate,831,1280,720,1920,1080,11.2507,12.2391,9.6215,1,1,0,0,0,0
1080,3,candidate,832,1280,720,1920,1080,11.4452,12.4039,9.81709,1,1,0,0,0,0
1080,3,candidate,833,1280,720,1920,1080,11.2712,12.2377,9.63482,1,1,0,0,0,0
1080,3,candidate,834,1280,720,1920,1080,11.2353,12.1622,9.61024,1,1,0,0,0,0
1080,3,candidate,835,1280,720,1920,1080,11.2599,12.2654,9.62253,1,1,0,0,0,0
1080,3,candidate,836,1280,720,1920,1080,11.1862,12.5045,9.81197,1,1,0,0,0,0
1080,3,candidate,837,1280,720,1920,1080,11.0254,12.2047,9.64813,1,1,0,0,0,0
1080,3,candidate,838,1280,720,1920,1080,11.2773,12.1928,9.90106,1,1,0,0,0,0
1080,3,candidate,839,1280,720,1920,1080,11.2906,12.2985,9.9113,1,1,0,0,0,0
1080,3,candidate,840,1280,720,1920,1080,11.1206,12.2367,9.74643,1,1,0,0,0,0
1080,3,candidate,841,1280,720,1920,1080,11.435,12.4303,10.0567,1,1,0,0,0,0
1080,3,candidate,842,1280,720,1920,1080,11.2701,12.2473,9.89901,1,1,0,0,0,0
1080,3,candidate,843,1280,720,1920,1080,11.0418,12.1969,9.64198,1,1,0,0,0,0
1080,3,candidate,844,1280,720,1920,1080,11.0766,12.1221,9.68806,1,1,0,0,0,0
1080,3,candidate,845,1280,720,1920,1080,11.6828,12.8397,10.0506,1,1,0,0,0,0
1080,3,candidate,846,1280,720,1920,1080,11.2435,12.2634,9.61126,1,1,0,0,0,0
1080,3,candidate,847,1280,720,1920,1080,11.264,12.1591,9.8857,1,1,0,0,0,0
1080,3,candidate,848,1280,720,1920,1080,11.263,12.1746,9.88877,1,1,0,0,0,0
1080,3,candidate,849,1280,720,1920,1080,11.4647,12.3582,10.0854,1,1,0,0,0,0
1080,3,candidate,850,1280,720,1920,1080,11.263,12.3317,9.88979,1,1,0,0,0,0
1080,3,candidate,851,1280,720,1920,1080,11.1831,12.1161,9.80582,1,1,0,0,0,0
1080,3,candidate,852,1280,720,1920,1080,11.433,12.3822,9.8007,1,1,0,0,0,0
1080,3,candidate,853,1280,720,1920,1080,10.9998,12.1933,9.62048,1,1,0,0,0,0
1080,3,candidate,854,1280,720,1920,1080,11.4493,12.5681,10.0731,1,1,0,0,0,0
1080,3,candidate,855,1280,720,1920,1080,11.3388,12.4524,9.70035,1,1,0,0,0,0
1080,3,candidate,856,1280,720,1920,1080,11.2978,12.4064,9.66144,1,1,0,0,0,0
1080,3,candidate,857,1280,720,1920,1080,11.4278,12.3817,9.79251,1,1,0,0,0,0
1080,3,candidate,858,1280,720,1920,1080,11.2404,12.2588,9.61946,1,1,0,0,0,0
1080,3,candidate,859,1280,720,1920,1080,11.2241,12.1106,9.59488,1,1,0,0,0,0
1080,3,candidate,860,1280,720,1920,1080,11.2732,12.5455,9.90003,1,1,0,0,0,0
1080,3,candidate,861,1280,720,1920,1080,11.1452,12.547,9.76589,1,1,0,0,0,0
1080,3,candidate,862,1280,720,1920,1080,11.3009,12.3803,9.92666,1,1,0,0,0,0
1080,3,candidate,863,1280,720,1920,1080,11.2384,12.2416,9.68397,1,1,0,0,0,0
1080,3,candidate,864,1280,720,1920,1080,21.6259,22.6678,20.2537,1,1,0,0,0,0
1080,3,candidate,865,1280,720,1920,1080,11.7494,12.8045,10.11,1,1,0,0,0,0
1080,3,candidate,866,1280,720,1920,1080,11.3756,12.4602,10.0004,1,1,0,0,0,0
1080,3,candidate,867,1280,720,1920,1080,11.3193,12.3528,9.9369,1,1,0,0,0,0
1080,3,candidate,868,1280,720,1920,1080,11.604,12.59,10.2298,1,1,0,0,0,0
1080,3,candidate,869,1280,720,1920,1080,11.3787,12.6017,9.99834,1,1,0,0,0,0
1080,3,candidate,870,1280,720,1920,1080,11.4125,12.4386,10.0372,1,1,0,0,0,0
1080,3,candidate,871,1280,720,1920,1080,11.3859,12.4163,10.0086,1,1,0,0,0,0
1080,3,candidate,872,1280,720,1920,1080,11.307,12.4754,9.93485,1,1,0,0,0,0
1080,3,candidate,873,1280,720,1920,1080,11.4278,12.3802,10.0485,1,1,0,0,0,0
1080,3,candidate,874,1280,720,1920,1080,11.4217,12.5076,10.0454,1,1,0,0,0,0
1080,3,candidate,875,1280,720,1920,1080,11.4545,12.4289,10.0741,1,1,0,0,0,0
1080,3,candidate,876,1280,720,1920,1080,11.4074,12.4759,10.0332,1,1,0,0,0,0
1080,3,candidate,877,1280,720,1920,1080,11.4811,12.3853,10.1028,1,1,0,0,0,0
1080,3,candidate,878,1280,720,1920,1080,11.3224,12.3931,9.95021,1,1,0,0,0,0
1080,3,candidate,879,1280,720,1920,1080,11.4401,12.4157,9.79354,1,1,0,0,0,0
1080,3,candidate,880,1280,720,1920,1080,11.4278,12.4889,10.0526,1,1,0,0,0,0
1080,3,candidate,881,1280,720,1920,1080,11.4452,12.511,10.0649,1,1,0,0,0,0
1080,3,candidate,882,1280,720,1920,1080,11.4412,12.3819,10.0669,1,1,0,0,0,0
1080,3,candidate,883,1280,720,1920,1080,11.2435,12.2072,9.86522,1,1,0,0,0,0
1080,3,candidate,884,1280,720,1920,1080,11.2456,12.793,9.86931,1,1,0,0,0,0
1080,3,candidate,885,1280,720,1920,1080,11.3152,12.3447,9.93485,1,1,0,0,0,0
1080,3,candidate,886,1280,720,1920,1080,10.9527,12.1981,9.57952,1,1,0,0,0,0
1080,3,candidate,887,1280,720,1920,1080,11.1718,12.2089,8.53709,1,1,0,0,0,0
1080,3,candidate,888,1280,720,1920,1080,10.923,12.045,9.54982,1,1,0,0,0,0
1080,3,candidate,889,1280,720,1920,1080,9.79968,10.7617,8.42547,1,1,0,0,0,0
1080,3,candidate,890,1280,720,1920,1080,12.4396,13.5657,11.0623,1,1,0,0,0,0
1080,3,candidate,891,1280,720,1920,1080,11.4606,12.5208,10.0782,1,1,0,0,0,0
1080,3,candidate,892,1280,720,1920,1080,11.305,12.2514,9.93075,1,1,0,0,0,0
1080,3,candidate,893,1280,720,1920,1080,11.1811,12.4256,9.80275,1,1,0,0,0,0
1080,3,candidate,894,1280,720,1920,1080,10.9988,12.2306,9.62253,1,1,0,0,0,0
1080,3,candidate,895,1280,720,1920,1080,11.4002,12.4451,9.75974,1,1,0,0,0,0
1080,3,candidate,896,1280,720,1920,1080,11.0469,12.3204,9.67475,1,1,0,0,0,0
1080,3,candidate,897,1280,720,1920,1080,11.1718,12.5619,9.79149,1,1,0,0,0,0
1080,3,candidate,898,1280,720,1920,1080,11.221,12.3864,9.84576,1,1,0,0,0,0
1080,3,candidate,899,1280,720,1920,1080,11.0111,12.1602,9.63277,1,1,0,0,0,0
1080,3,candidate,900,1280,720,1920,1080,11.01,12.0978,9.63789,1,1,0,0,0,0
1080,3,candidate,901,1280,720,1920,1080,11.2978,12.1451,9.91949,1,1,0,0,0,0
1080,3,candidate,902,1280,720,1920,1080,11.2364,12.1773,9.62765,1,1,0,0,0,0
1080,3,candidate,903,1280,720,1920,1080,11.4309,12.3583,10.0495,1,1,0,0,0,0
1080,3,candidate,904,1280,720,1920,1080,11.4248,12.4345,10.0506,1,1,0,0,0,0
1080,3,candidate,905,1280,720,1920,1080,11.4483,12.558,10.07,1,1,0,0,0,0
1080,3,candidate,906,1280,720,1920,1080,11.4934,12.5833,10.1181,1,1,0,0,0,0
1080,3,candidate,907,1280,720,1920,1080,11.2722,12.4074,9.89286,1,1,0,0,0,0
1080,3,candidate,908,1280,720,1920,1080,11.2916,12.5361,9.91744,1,1,0,0,0,0
1080,3,candidate,909,1280,720,1920,1080,11.2599,12.2656,9.87853,1,1,0,0,0,0
1080,3,candidate,910,1280,720,1920,1080,11.4872,12.4172,10.114,1,1,0,0,0,0
1080,3,candidate,911,1280,720,1920,1080,9.80275,10.8232,8.42445,1,1,0,0,0,0
1080,3,candidate,912,1280,720,1920,1080,12.3976,13.545,10.9978,1,1,0,0,0,0
1080,3,candidate,913,1280,720,1920,1080,10.9138,12.0866,9.53549,1,1,0,0,0,0
1080,3,candidate,914,1280,720,1920,1080,11.3961,12.3207,9.77203,1,1,0,0,0,0
1080,3,candidate,915,1280,720,1920,1080,11.2579,12.1697,9.5959,1,1,0,0,0,0
1080,3,candidate,916,1280,720,1920,1080,11.049,12.2133,8.40602,1,1,0,0,0,0
1080,3,candidate,917,1280,720,1920,1080,11.136,12.3983,9.7577,1,1,0,0,0,0
1080,3,candidate,918,1280,720,1920,1080,11.2937,12.6723,9.91846,1,1,0,0,0,0
1080,3,candidate,919,1280,720,1920,1080,11.2865,12.3571,9.64301,1,1,0,0,0,0
1080,3,candidate,920,1280,720,1920,1080,11.2087,12.4394,9.83757,1,1,0,0,0,0
1080,3,candidate,921,1280,720,1920,1080,11.2988,12.3846,9.6553,1,1,0,0,0,0
1080,3,candidate,922,1280,720,1920,1080,11.2292,12.613,9.85395,1,1,0,0,0,0
1080,3,candidate,923,1280,720,1920,1080,11.3347,12.5012,9.67578,1,1,0,0,0,0
1080,3,candidate,924,1280,720,1920,1080,11.2783,12.91,9.90515,1,1,0,0,0,0
1080,3,candidate,925,1280,720,1920,1080,11.4514,12.6436,9.80685,1,1,0,0,0,0
1080,3,candidate,926,1280,720,1920,1080,11.2998,12.2512,9.63379,1,1,0,0,0,0
1080,3,candidate,927,1280,720,1920,1080,11.3029,12.2415,9.6471,1,1,0,0,0,0
1080,3,candidate,928,1280,720,1920,1080,11.2814,12.3872,9.63789,1,1,0,0,0,0
1080,3,candidate,929,1280,720,1920,1080,11.2282,12.4157,9.84883,1,1,0,0,0,0
1080,3,candidate,930,1280,720,1920,1080,11.2599,12.3494,9.61434,1,1,0,0,0,0
1080,3,candidate,931,1280,720,1920,1080,11.2394,12.4836,9.8601,1,1,0,0,0,0
1080,3,candidate,932,1280,720,1920,1080,11.2046,12.4487,9.82938,1,1,0,0,0,0
1080,3,candidate,933,1280,720,1920,1080,11.2579,12.4297,9.87853,1,1,0,0,0,0
1080,3,candidate,934,1280,720,1920,1080,11.308,12.3458,9.65632,1,1,0,0,0,0
1080,3,candidate,935,1280,720,1920,1080,11.2804,12.4486,9.90106,1,1,0,0,0,0
1080,3,candidate,936,1280,720,1920,1080,11.222,12.4718,9.84986,1,1,0,0,0,0
1080,3,candidate,937,1280,720,1920,1080,11.2394,12.4382,9.8601,1,1,0,0,0,0
1080,3,candidate,938,1280,720,1920,1080,11.1657,12.3311,9.78842,1,1,0,0,0,0
1080,3,candidate,939,1280,720,1920,1080,11.307,12.2218,9.92666,1,1,0,0,0,0
1080,3,candidate,940,1280,720,1920,1080,11.2353,12.2461,9.8601,1,1,0,0,0,0
1080,3,candidate,941,1280,720,1920,1080,11.2609,12.1999,9.88262,1,1,0,0,0,0
1080,3,candidate,942,1280,720,1920,1080,11.1206,12.2221,9.74746,1,1,0,0,0,0
1080,3,candidate,943,1280,720,1920,1080,11.3347,12.3799,9.95635,1,1,0,0,0,0
1080,3,candidate,944,1280,720,1920,1080,11.3172,12.5569,9.93997,1,1,0,0,0,0
1080,3,candidate,945,1280,720,1920,1080,11.2886,12.3325,9.66861,1,1,0,0,0,0
1080,3,candidate,946,1280,720,1920,1080,11.1329,12.2454,9.75872,1,1,0,0,0,0
1080,3,candidate,947,1280,720,1920,1080,11.4545,12.4383,10.069,1,1,0,0,0,0
1080,3,candidate,948,1280,720,1920,1080,11.0469,12.2788,9.67373,1,1,0,0,0,0
1080,3,candidate,949,1280,720,1920,1080,10.9384,12.0937,9.56006,1,1,0,0,0,0
1080,3,candidate,950,1280,720,1920,1080,11.3541,12.2513,9.98195,1,1,0,0,0,0
1080,3,candidate,951,1280,720,1920,1080,10.9056,11.9159,9.52934,1,1,0,0,0,0
1080,3,candidate,952,1280,720,1920,1080,11.392,12.2991,10.0157,1,1,0,0,0,0
1080,3,candidate,953,1280,720,1920,1080,11.4596,12.471,9.81709,1,1,0,0,0,0
1080,3,candidate,954,1280,720,1920,1080,11.391,12.3502,9.76179,1,1,0,0,0,0
1080,3,candidate,955,1280,720,1920,1080,11.5384,12.4762,9.89696,1,1,0,0,0,0
1080,3,candidate,956,1280,720,1920,1080,10.9466,12.0721,9.57133,1,1,0,0,0,0
1080,3,candidate,957,1280,720,1920,1080,11.2701,12.161,9.88979,1,1,0,0,0,0
1080,3,candidate,958,1280,720,1920,1080,11.2753,12.3205,9.90208,1,1,0,0,0,0
1080,3,candidate,959,1280,720,1920,1080,11.2527,12.2186,9.87136,1,1,0,0,0,0
1080,3,candidate,960,1280,720,1920,1080,11.2005,12.3282,8.53504,1,1,0,0,0,0
1080,3,candidate,961,1280,720,1920,1080,11.1667,12.4217,9.78637,1,1,0,0,0,0
1080,3,candidate,962,1280,720,1920,1080,11.2804,12.1955,9.90413,1,1,0,0,0,0
1080,3,candidate,963,1280,720,1920,1080,11.2671,12.2655,9.88672,1,1,0,0,0,0
1080,3,candidate,964,1280,720,1920,1080,11.1514,12.24,9.75667,1,1,0,0,0,0
1080,3,candidate,965,1280,720,1920,1080,11.7125,12.6881,10.3322,1,1,0,0,0,0
1080,3,candidate,966,1280,720,1920,1080,11.2998,12.275,9.92358,1,1,0,0,0,0
1080,3,candidate,967,1280,720,1920,1080,11.1565,12.2097,9.77613,1,1,0,0,0,0
1080,3,candidate,968,1280,720,1920,1080,11.4534,12.3499,10.0762,1,1,0,0,0,0
1080,3,candidate,969,1280,720,1920,1080,11.2548,12.2689,9.87546,1,1,0,0,0,0
1080,3,candidate,970,1280,720,1920,1080,11.3756,12.4987,9.97888,1,1,0,0,0,0
1080,3,candidate,971,1280,720,1920,1080,11.519,12.4066,9.87648,1,1,0,0,0,0
1080,3,candidate,972,1280,720,1920,1080,11.2404,12.2189,9.86726,1,1,0,0,0,0
1080,3,candidate,973,1280,720,1920,1080,11.2773,12.2554,9.89491,1,1,0,0,0,0
1080,3,candidate,974,1280,720,1920,1080,11.5425,12.4627,9.96352,1,1,0,0,0,0
1080,3,candidate,975,1280,720,1920,1080,11.3644,12.319,9.97683,1,1,0,0,0,0
1080,3,candidate,976,1280,720,1920,1080,11.394,12.3356,10.0106,1,1,0,0,0,0
1080,3,candidate,977,1280,720,1920,1080,11.3787,12.3888,9.99629,1,1,0,0,0,0
1080,3,candidate,978,1280,720,1920,1080,11.2681,12.2725,9.88877,1,1,0,0,0,0
1080,3,candidate,979,1280,720,1920,1080,11.7965,13.0565,10.1816,1,1,0,0,0,0
1080,3,candidate,980,1280,720,1920,1080,11.2896,12.235,9.91334,1,1,0,0,0,0
1080,3,candidate,981,1280,720,1920,1080,11.2804,12.2669,9.89798,1,1,0,0,0,0
1080,3,candidate,982,1280,720,1920,1080,11.5098,12.5969,9.87136,1,1,0,0,0,0
1080,3,candidate,983,1280,720,1920,1080,11.2517,12.2333,9.87136,1,1,0,0,0,0
1080,3,candidate,984,1280,720,1920,1080,11.4391,12.4213,9.80173,1,1,0,0,0,0
1080,3,candidate,985,1280,720,1920,1080,11.2886,12.3264,9.90618,1,1,0,0,0,0
1080,3,candidate,986,1280,720,1920,1080,11.4391,12.4023,9.8048,1,1,0,0,0,0
1080,3,candidate,987,1280,720,1920,1080,11.3398,12.3128,9.68909,1,1,0,0,0,0
1080,3,candidate,988,1280,720,1920,1080,11.3039,12.3311,9.65939,1,1,0,0,0,0
1080,3,candidate,989,1280,720,1920,1080,11.3111,12.3523,9.67066,1,1,0,0,0,0
1080,3,candidate,990,1280,720,1920,1080,11.2814,12.9222,9.90413,1,1,0,0,0,0
1080,3,candidate,991,1280,720,1920,1080,11.476,12.6473,9.81094,1,1,0,0,0,0
1080,3,candidate,992,1280,720,1920,1080,11.6132,12.6038,9.83245,1,1,0,0,0,0
1080,3,candidate,993,1280,720,1920,1080,11.1442,12.5064,8.4736,1,1,0,0,0,0
1080,3,candidate,994,1280,720,1920,1080,11.4719,12.4405,9.82323,1,1,0,0,0,0
1080,3,candidate,995,1280,720,1920,1080,11.3541,12.2986,9.97069,1,1,0,0,0,0
1080,3,candidate,996,1280,720,1920,1080,11.4504,12.4289,9.81914,1,1,0,0,0,0
1080,3,candidate,997,1280,720,1920,1080,11.433,12.4376,9.86624,1,1,0,0,0,0
1080,3,candidate,998,1280,720,1920,1080,11.2886,12.8583,9.91334,1,1,0,0,0,0
1080,3,candidate,999,1280,720,1920,1080,10.922,11.9811,9.54163,1,1,0,0,0,0
1080,3,candidate,1000,1280,720,1920,1080,11.3961,12.3924,10.0209,1,1,0,0,0,0
1080,3,candidate,1001,1280,720,1920,1080,11.4207,12.4573,9.77101,1,1,0,0,0,0
1080,3,candidate,1002,1280,720,1920,1080,11.3306,12.2837,9.67475,1,1,0,0,0,0
1080,3,candidate,1003,1280,720,1920,1080,11.3644,12.3757,9.7065,1,1,0,0,0,0
1080,3,candidate,1004,1280,720,1920,1080,11.3449,12.3029,9.7024,1,1,0,0,0,0
1080,3,candidate,1005,1280,720,1920,1080,11.2323,12.135,9.65939,1,1,0,0,0,0
1080,3,candidate,1006,1280,720,1920,1080,11.563,12.8246,10.1888,1,1,0,0,0,0
1080,3,candidate,1007,1280,720,1920,1080,11.2108,12.239,9.65018,1,1,0,0,0,0
1080,3,candidate,1008,1280,720,1920,1080,11.2609,12.2117,9.88467,1,1,0,0,0,0
1080,3,candidate,1009,1280,720,1920,1080,9.95021,11.0196,8.56986,1,1,0,0,0,0
1080,3,candidate,1010,1280,720,1920,1080,9.32762,12.0596,7.95341,1,1,0,0,0,0
1080,3,candidate,1011,1280,720,1920,1080,11.2957,12.2846,9.66451,1,1,0,0,0,0
1080,3,candidate,1012,1280,720,1920,1080,11.4022,12.3491,10.027,1,1,0,0,0,0
1080,3,candidate,1013,1280,720,1920,1080,11.4391,12.4034,10.0567,1,1,0,0,0,0
1080,3,candidate,1014,1280,720,1920,1080,11.4483,12.5119,10.07,1,1,0,0,0,0
1080,3,candidate,1015,1280,720,1920,1080,11.2527,12.2614,9.87034,1,1,0,0,0,0
1080,3,candidate,1016,1280,720,1920,1080,11.2896,12.3164,9.91232,1,1,0,0,0,0
1080,3,candidate,1017,1280,720,1920,1080,11.2896,12.2132,9.9072,1,1,0,0,0,0
1080,3,candidate,1018,1280,720,1920,1080,11.4278,12.4339,9.80173,1,1,0,0,0,0
1080,3,candidate,1019,1280,720,1920,1080,11.4637,12.7607,9.83552,1,1,0,0,0,0
1080,3,candidate,1020,1280,720,1920,1080,11.2712,12.3332,9.89389,1,1,0,0,0,0
1080,3,candidate,1021,1280,720,1920,1080,9.78227,10.7772,8.40294,1,1,0,0,0,0
1080,3,candidate,1022,1280,720,1920,1080,9.25389,11.9734,7.87968,1,1,0,0,0,0
1080,3,candidate,1023,1280,720,1920,1080,11.2906,12.1703,9.90106,1,1,0,0,0,0
1080,3,candidate,1024,1280,720,1920,1080,11.1421,12.207,9.76282,1,1,0,0,0,0
1080,3,candidate,1025,1280,720,1920,1080,11.2876,12.3491,9.67578,1,1,0,0,0,0
1080,3,candidate,1026,1280,720,1920,1080,11.3142,12.3255,9.69318,1,1,0,0,0,0
1080,3,candidate,1027,1280,720,1920,1080,11.3039,12.2092,9.91744,1,1,0,0,0,0
1080,3,candidate,1028,1280,720,1920,1080,11.2906,12.2648,9.91539,1,1,0,0,0,0
1080,3,candidate,1029,1280,720,1920,1080,11.4084,12.323,10.025,1,1,0,0,0,0
1080,3,candidate,1030,1280,720,1920,1080,11.2947,12.2474,9.91744,1,1,0,0,0,0
1080,3,candidate,1031,1280,720,1920,1080,11.3203,12.4263,9.9369,1,1,0,0,0,0
1080,3,candidate,1032,1280,720,1920,1080,11.3152,12.3154,9.9369,1,1,0,0,0,0
1080,3,candidate,1033,1280,720,1920,1080,11.4749,12.4117,9.82221,1,1,0,0,0,0
1080,3,candidate,1034,1280,720,1920,1080,12.1283,13.1037,10.7418,1,1,0,0,0,0
1080,3,candidate,1035,1280,720,1920,1080,11.348,12.5925,9.96454,1,1,0,0,0,0
1080,3,candidate,1036,1280,720,1920,1080,11.3234,12.3349,9.94406,1,1,0,0,0,0
1080,3,candidate,1037,1280,720,1920,1080,11.3388,12.3101,9.95533,1,1,0,0,0,0
1080,3,candidate,1038,1280,720,1920,1080,11.4719,12.5744,10.0956,1,1,0,0,0,0
1080,3,candidate,1039,1280,720,1920,1080,11.4565,12.4138,9.86931,1,1,0,0,0,0
1080,3,candidate,1040,1280,720,1920,1080,12.0924,13.1507,10.7069,1,1,0,0,0,0
1080,3,candidate,1041,1280,720,1920,1080,11.4002,12.3823,9.77306,1,1,0,0,0,0
1080,3,candidate,1042,1280,720,1920,1080,11.4196,12.4077,10.0403,1,1,0,0,0,0
1080,3,candidate,1043,1280,720,1920,1080,11.266,12.267,9.88058,1,1,0,0,0,0
1080,3,candidate,1044,1280,720,1920,1080,11.2753,12.251,9.89901,1,1,0,0,0,0
1080,3,candidate,1045,1280,720,1920,1080,11.3981,12.4392,10.0127,1,1,0,0,0,0
1080,3,candidate,1046,1280,720,1920,1080,11.3633,12.3584,9.98707,1,1,0,0,0,0
1080,3,candidate,1047,1280,720,1920,1080,11.4575,12.4143,10.0731,1,1,0,0,0,0
1080,3,candidate,1048,1280,720,1920,1080,11.3254,12.2636,9.95123,1,1,0,0,0,0
1080,3,candidate,1049,1280,720,1920,1080,11.2988,12.2774,9.91437,1,1,0,0,0,0
1080,3,candidate,1050,1280,720,1920,1080,11.4893,12.4899,9.84269,1,1,0,0,0,0
1080,3,candidate,1051,1280,720,1920,1080,11.4913,12.5043,9.8345,1,1,0,0,0,0
1080,3,candidate,1052,1280,720,1920,1080,11.2691,12.292,9.89082,1,1,0,0,0,0
1080,3,candidate,1053,1280,720,1920,1080,11.478,12.6062,9.82733,1,1,0,0,0,0
1080,3,candidate,1054,1280,720,1920,1080,11.4627,12.4817,9.82426,1,1,0,0,0,0
1080,3,candidate,1055,1280,720,1920,1080,11.522,12.6988,9.87341,1,1,0,0,0,0
1080,3,candidate,1056,1280,720,1920,1080,11.2732,12.2382,9.89696,1,1,0,0,0,0
1080,3,candidate,1057,1280,720,1920,1080,11.2609,12.3489,9.87546,1,1,0,0,0,0
1080,3,candidate,1058,1280,720,1920,1080,11.5773,12.7167,9.93894,1,1,0,0,0,0
1080,3,candidate,1059,1280,720,1920,1080,11.2937,12.3314,9.90925,1,1,0,0,0,0
1080,3,candidate,1060,1280,720,1920,1080,11.5046,12.5623,9.86317,1,1,0,0,0,0
1080,3,candidate,1061,1280,720,1920,1080,11.6378,12.6119,9.99117,1,1,0,0,0,0
1080,3,candidate,1062,1280,720,1920,1080,11.5436,12.6623,9.9072,1,1,0,0,0,0
1080,3,candidate,1063,1280,720,1920,1080,11.3357,12.4444,9.94918,1,1,0,0,0,0
1080,3,candidate,1064,1280,720,1920,1080,11.2804,12.2881,9.9031,1,1,0,0,0,0
1080,3,candidate,1065,1280,720,1920,1080,11.478,12.5736,9.83347,1,1,0,0,0,0
1080,3,candidate,1066,1280,720,1920,1080,11.2988,12.3803,9.92154,1,1,0,0,0,0
1080,3,candidate,1067,1280,720,1920,1080,11.5282,12.6301,9.87648,1,1,0,0,0,0
1080,3,candidate,1068,1280,720,1920,1080,11.308,12.386,9.9287,1,1,0,0,0,0
1080,3,candidate,1069,1280,720,1920,1080,11.2988,12.3273,9.91437,1,1,0,0,0,0
1080,3,candidate,1070,1280,720,1920,1080,11.4883,12.5832,9.84781,1,1,0,0,0,0
1080,3,candidate,1071,1280,720,1920,1080,11.3101,12.3705,9.92666,1,1,0,0,0,0
1080,3,candidate,1072,1280,720,1920,1080,11.3285,12.3737,9.95123,1,1,0,0,0,0
1080,3,candidate,1073,1280,720,1920,1080,11.4862,12.4267,9.83142,1,1,0,0,0,0
1080,3,candidate,1074,1280,720,1920,1080,11.476,12.4858,9.83859,1,1,0,0,0,0
1080,3,candidate,1075,1280,720,1920,1080,11.6204,12.7606,9.87546,1,1,0,0,0,0
1080,3,candidate,1076,1280,720,1920,1080,11.3142,12.557,9.93587,1,1,0,0,0,0
1080,3,candidate,1077,1280,720,1920,1080,11.3439,12.37,9.95942,1,1,0,0,0,0
1080,3,candidate,1078,1280,720,1920,1080,11.2691,12.3436,9.89389,1,1,0,0,0,0
1080,3,candidate,1079,1280,720,1920,1080,11.3316,12.344,9.94611,1,1,0,0,0,0
1080,3,candidate,1080,1280,720,1920,1080,11.2722,12.2287,9.89286,1,1,0,0,0,0
1080,3,candidate,1081,1280,720,1920,1080,11.5169,12.6091,9.85907,1,1,0,0,0,0
1080,3,candidate,1082,1280,720,1920,1080,11.4975,12.6358,9.8519,1,1,0,0,0,0
1080,3,candidate,1083,1280,720,1920,1080,11.3029,12.4056,9.91846,1,1,0,0,0,0
1080,3,candidate,1084,1280,720,1920,1080,11.3009,12.2792,9.92154,1,1,0,0,0,0
1080,3,candidate,1085,1280,720,1920,1080,11.5261,12.6019,9.8775,1,1,0,0,0,0
1080,3,candidate,1086,1280,720,1920,1080,11.3347,12.4414,9.95533,1,1,0,0,0,0
1080,3,candidate,1087,1280,720,1920,1080,11.479,12.5251,9.82835,1,1,0,0,0,0
1080,3,candidate,1088,1280,720,1920,1080,11.518,12.5768,9.87648,1,1,0,0,0,0
1080,3,candidate,1089,1280,720,1920,1080,11.22,12.5666,9.83859,1,1,0,0,0,0
1080,3,candidate,1090,1280,720,1920,1080,11.2548,12.2891,9.87648,1,1,0,0,0,0
1080,3,candidate,1091,1280,720,1920,1080,11.2507,12.278,9.86522,1,1,0,0,0,0
1080,3,candidate,1092,1280,720,1920,1080,11.435,12.3408,9.79866,1,1,0,0,0,0
1080,3,candidate,1093,1280,720,1920,1080,11.4893,12.4754,9.8304,1,1,0,0,0,0
1080,3,candidate,1094,1280,720,1920,1080,11.4749,12.4697,9.83757,1,1,0,0,0,0
1080,3,candidate,1095,1280,720,1920,1080,11.5016,12.4933,9.84678,1,1,0,0,0,0
1080,3,candidate,1096,1280,720,1920,1080,11.434,12.5384,9.79456,1,1,0,0,0,0
1080,3,candidate,1097,1280,720,1920,1080,11.4749,12.4373,9.82938,1,1,0,0,0,0
1080,3,candidate,1098,1280,720,1920,1080,12.0924,13.0327,10.7039,1,1,0,0,0,0
1080,3,candidate,1099,1280,720,1920,1080,11.5589,12.7207,9.91334,1,1,0,0,0,0
1080,3,candidate,1100,1280,720,1920,1080,11.4473,12.5938,10.07,1,1,0,0,0,0
1080,3,candidate,1101,1280,720,1920,1080,11.561,12.8136,10.1755,1,1,0,0,0,0
1080,3,candidate,1102,1280,720,1920,1080,11.4647,12.4459,10.0854,1,1,0,0,0,0
1080,3,candidate,1103,1280,720,1920,1080,11.2189,12.2252,9.83654,1,1,0,0,0,0
1080,3,candidate,1104,1280,720,1920,1080,11.4668,12.4888,10.0884,1,1,0,0,0,0
1080,3,candidate,1105,1280,720,1920,1080,11.2251,12.3032,9.79456,1,1,0,0,0,0
1080,3,candidate,1106,1280,720,1920,1080,11.4545,12.4235,10.0751,1,1,0,0,0,0
1080,3,candidate,1107,1280,720,1920,1080,11.5999,12.7367,10.1888,1,1,0,0,0,0
1080,3,candidate,1108,1280,720,1920,1080,11.8241,12.708,10.1806,1,1,0,0,0,0
1080,3,candidate,1109,1280,720,1920,1080,11.2701,12.2497,9.88262,1,1,0,0,0,0
1080,3,candidate,1110,1280,720,1920,1080,11.4545,12.3615,10.0762,1,1,0,0,0,0
1080,3,candidate,1111,1280,720,1920,1080,11.2527,12.1583,9.86726,1,1,0,0,0,0
1080,3,candidate,1112,1280,720,1920,1080,11.2753,12.1983,9.89491,1,1,0,0,0,0
1080,3,candidate,1113,1280,720,1920,1080,11.4217,12.3585,9.78534,1,1,0,0,0,0
1080,3,candidate,1114,1280,720,1920,1080,11.4309,12.4657,9.80378,1,1,0,0,0,0
1080,3,candidate,1115,1280,720,1920,1080,11.3091,12.2913,9.66451,1,1,0,0,0,0
1080,3,candidate,1116,1280,720,1920,1080,11.4319,12.3484,9.78432,1,1,0,0,0,0
1080,3,candidate,1117,1280,720,1920,1080,11.2855,12.222,9.63379,1,1,0,0,0,0
1080,3,candidate,1118,1280,720,1920,1080,11.3367,12.3174,9.70445,1,1,0,0,0,0
1080,3,candidate,1119,1280,720,1920,1080,9.77306,11.1053,8.38554,1,1,0,0,0,0
1080,3,candidate,1120,1280,720,1920,1080,12.544,13.7147,11.1329,1,1,0,0,0,0
1080,3,candidate,1121,1280,720,1920,1080,9.72902,10.6922,8.3456,1,1,0,0,0,0
1080,3,candidate,1122,1280,720,1920,1080,12.5635,13.494,10.2451,1,1,0,0,0,0
1080,3,candidate,1123,1280,720,1920,1080,11.8354,12.8642,10.1612,1,1,0,0,0,0
1080,3,candidate,1124,1280,720,1920,1080,11.1063,12.3105,9.728,1,1,0,0,0,0
1080,3,candidate,1125,1280,720,1920,1080,9.92461,10.9204,8.54016,1,1,0,0,0,0
1080,3,candidate,1126,1280,720,1920,1080,11.2845,13.8558,9.90208,1,1,0,0,0,0
1080,3,candidate,1127,1280,720,1920,1080,11.3347,12.3444,9.94611,1,1,0,0,0,0
1080,3,candidate,1128,1280,720,1920,1080,9.72186,10.6826,8.34458,1,1,0,0,0,0
1080,3,candidate,1129,1280,720,1920,1080,11.1565,13.5557,9.77203,1,1,0,0,0,0
1080,3,candidate,1130,1280,720,1920,1080,11.4145,12.3952,10.0362,1,1,0,0,0,0
1080,3,candidate,1131,1280,720,1920,1080,11.0725,12.1746,9.67066,1,1,0,0,0,0
1080,3,candidate,1132,1280,720,1920,1080,11.4534,12.3642,10.0762,1,1,0,0,0,0
1080,3,candidate,1133,1280,720,1920,1080,11.3234,12.3614,9.9369,1,1,0,0,0,0
1080,3,candidate,1134,1280,720,1920,1080,11.4299,12.4776,10.0526,1,1,0,0,0,0
1080,3,candidate,1135,1280,720,1920,1080,11.4719,12.445,10.0844,1,1,0,0,0,0
1080,3,candidate,1136,1280,720,1920,1080,11.4309,12.4144,10.0475,1,1,0,0,0,0
1080,3,candidate,1137,1280,720,1920,1080,11.4483,12.3428,10.0608,1,1,0,0,0,0
1080,3,candidate,1138,1280,720,1920,1080,11.306,12.2712,9.92666,1,1,0,0,0,0
1080,3,candidate,1139,1280,720,1920,1080,11.434,12.3995,10.0475,1,1,0,0,0,0
1080,3,candidate,1140,1280,720,1920,1080,11.3039,12.2581,9.92461,1,1,0,0,0,0
1080,3,candidate,1141,1280,720,1920,1080,11.2835,12.2139,9.89798,1,1,0,0,0,0
1080,3,candidate,1142,1280,720,1920,1080,11.4811,12.4219,9.85498,1,1,0,0,0,0
1080,3,candidate,1143,1280,720,1920,1080,11.5907,12.6507,9.9584,1,1,0,0,0,0
1080,3,candidate,1144,1280,720,1920,1080,11.2783,12.2428,9.89901,1,1,0,0,0,0
1080,3,candidate,1145,1280,720,1920,1080,11.4739,12.4081,9.83757,1,1,0,0,0,0
1080,3,candidate,1146,1280,720,1920,1080,11.4616,12.539,9.83347,1,1,0,0,0,0
1080,3,candidate,1147,1280,720,1920,1080,11.4637,12.5358,9.82528,1,1,0,0,0,0
1080,3,candidate,1148,1280,720,1920,1080,11.4964,12.4985,9.8601,1,1,0,0,0,0
1080,3,candidate,1149,1280,720,1920,1080,11.4821,12.4894,9.84883,1,1,0,0,0,0
1080,3,candidate,1150,1280,720,1920,1080,11.4657,12.4177,9.8304,1,1,0,0,0,0
1080,3,candidate,1151,1280,720,1920,1080,11.2978,12.5187,9.91437,1,1,0,0,0,0
1080,3,candidate,1152,1280,720,1920,1080,11.435,12.381,9.80582,1,1,0,0,0,0
1080,3,candidate,1153,1280,720,1920,1080,11.2599,12.2716,9.87341,1,1,0,0,0,0
1080,3,candidate,1154,1280,720,1920,1080,11.2568,12.4256,8.58829,1,1,0,0,0,0
1080,3,candidate,1155,1280,720,1920,1080,11.0428,12.1265,9.65939,1,1,0,0,0,0
1080,3,candidate,1156,1280,720,1920,1080,11.2558,12.3685,9.87648,1,1,0,0,0,0
1080,3,candidate,1157,1280,720,1920,1080,11.179,12.5491,9.79251,1,1,0,0,0,0
1080,3,candidate,1158,1280,720,1920,1080,11.3213,12.25,9.94099,1,1,0,0,0,0
1080,3,candidate,1159,1280,720,1920,1080,11.1923,12.3526,9.80685,1,1,0,0,0,0
1080,3,candidate,1160,1280,720,1920,1080,11.2251,12.3468,9.84678,1,1,0,0,0,0
1080,3,candidate,1161,1280,720,1920,1080,11.4534,12.5465,10.0659,1,1,0,0,0,0
1080,3,candidate,1162,1280,720,1920,1080,11.4084,12.4312,9.85293,1,1,0,0,0,0
1080,3,candidate,1163,1280,720,1920,1080,11.5466,12.7727,10.1601,1,1,0,0,0,0
1080,3,candidate,1164,1280,720,1920,1080,11.2507,12.5388,9.87238,1,1,0,0,0,0
1080,3,candidate,1165,1280,720,1920,1080,11.2333,12.441,9.84678,1,1,0,0,0,0
1080,3,candidate,1166,1280,720,1920,1080,11.4258,12.4758,10.0465,1,1,0,0,0,0
1080,3,candidate,1167,1280,720,1920,1080,11.3807,12.6103,9.99834,1,1,0,0,0,0
1080,3,candidate,1168,1280,720,1920,1080,11.2364,12.4735,9.85907,1,1,0,0,0,0
1080,3,candidate,1169,1280,720,1920,1080,11.3469,12.3774,9.9625,1,1,0,0,0,0
1080,3,candidate,1170,1280,720,1920,1080,11.0223,12.1783,9.64403,1,1,0,0,0,0
1080,3,candidate,1171,1280,720,1920,1080,11.1903,12.2249,9.80582,1,1,0,0,0,0
1080,3,candidate,1172,1280,720,1920,1080,11.2927,12.2848,9.91437,1,1,0,0,0,0
1080,3,candidate,1173,1280,720,1920,1080,11.0305,12.1009,9.64608,1,1,0,0,0,0
1080,3,candidate,1174,1280,720,1920,1080,11.2916,12.3889,9.91334,1,1,0,0,0,0
1080,3,candidate,1175,1280,720,1920,1080,11.2108,12.1795,9.82835,1,1,0,0,0,0
1080,3,candidate,1176,1280,720,1920,1080,11.0572,12.1713,9.67578,1,1,0,0,0,0
1080,3,candidate,1177,1280,720,1920,1080,11.4924,12.3928,10.1069,1,1,0,0,0,0
1080,3,candidate,1178,1280,720,1920,1080,11.2486,12.2439,9.87136,1,1,0,0,0,0
1080,3,candidate,1179,1280,720,1920,1080,11.392,12.3187,10.0096,1,1,0,0,0,0
1080,3,candidate,1180,1280,720,1920,1080,11.1811,12.1907,9.80582,1,1,0,0,0,0
1080,3,candidate,1181,1280,720,1920,1080,11.3449,12.2584,9.9625,1,1,0,0,0,0
1080,3,candidate,1182,1280,720,1920,1080,11.3019,12.276,9.92256,1,1,0,0,0,0
1080,3,candidate,1183,1280,720,1920,1080,11.4493,12.4831,9.80582,1,1,0,0,0,0
1080,3,candidate,1184,1280,720,1920,1080,11.264,12.3719,9.88467,1,1,0,0,0,0
1080,3,candidate,1185,1280,720,1920,1080,11.4811,12.3985,9.83654,1,1,0,0,0,0
1080,3,candidate,1186,1280,720,1920,1080,11.5866,12.653,9.93997,1,1,0,0,0,0
1080,3,candidate,1187,1280,720,1920,1080,11.6009,12.8302,9.95533,1,1,0,0,0,0
1080,3,candidate,1188,1280,720,1920,1080,11.3306,12.4343,9.95533,1,1,0,0,0,0
1080,3,candidate,1189,1280,720,1920,1080,11.2691,12.2265,9.88467,1,1,0,0,0,0
1080,3,candidate,1190,1280,720,1920,1080,11.3265,12.2718,9.95021,1,1,0,0,0,0
1080,3,candidate,1191,1280,720,1920,1080,11.2906,12.2709,9.90618,1,1,0,0,0,0
1080,3,candidate,1192,1280,720,1920,1080,11.4309,12.4062,9.78842,1,1,0,0,0,0
1080,3,candidate,1193,1280,720,1920,1080,11.4145,12.5218,9.7751,1,1,0,0,0,0
1080,3,candidate,1194,1280,720,1920,1080,11.2712,12.2424,9.89286,1,1,0,0,0,0
1080,3,candidate,1195,1280,720,1920,1080,11.4401,12.749,10.0588,1,1,0,0,0,0
1080,3,candidate,1196,1280,720,1920,1080,11.2609,12.3485,9.8857,1,1,0,0,0,0
1080,3,candidate,1197,1280,720,1920,1080,9.87648,10.8288,8.49613,1,1,0,0,0,0
1080,3,candidate,1198,1280,720,1920,1080,12.4273,13.5097,10.1079,1,1,0,0,0,0
1080,3,candidate,1199,1280,720,1920,1080,11.5722,12.5284,10.0157,1,1,0,0,0,0
1080,4,candidate,300,1280,720,1920,1080,11.5978,12.6116,9.96762,1,1,0,0,0,0
1080,4,candidate,301,1280,720,1920,1080,11.1145,12.1968,9.74131,1,1,0,0,0,0
1080,4,candidate,302,1280,720,1920,1080,11.4872,12.4931,10.111,1,1,0,0,0,0
1080,4,candidate,303,1280,720,1920,1080,11.5313,12.6611,10.1519,1,1,0,0,0,0
1080,4,candidate,304,1280,720,1920,1080,11.1841,12.3076,9.79251,1,1,0,0,0,0
1080,4,candidate,305,1280,720,1920,1080,11.4678,12.4549,10.0936,1,1,0,0,0,0
1080,4,candidate,306,1280,720,1920,1080,11.2568,12.3187,9.88058,1,1,0,0,0,0
1080,4,candidate,307,1280,720,1920,1080,11.0623,12.2371,9.68499,1,1,0,0,0,0
1080,4,candidate,308,1280,720,1920,1080,11.3787,12.3396,10.0055,1,1,0,0,0,0
1080,4,candidate,309,1280,720,1920,1080,9.79046,10.6915,8.42035,1,1,0,0,0,0
1080,4,candidate,310,1280,720,1920,1080,12.414,13.4711,11.0182,1,1,0,0,0,0
1080,4,candidate,311,1280,720,1920,1080,14.6534,15.7711,8.54221,1,1,0,0,0,0
1080,4,candidate,312,1280,720,1920,1080,11.3592,12.4527,9.98298,1,1,0,0,0,0
1080,4,candidate,313,1280,720,1920,1080,11.2323,12.2532,9.8601,1,1,0,0,0,0
1080,4,candidate,314,1280,720,1920,1080,11.2865,12.2415,9.63277,1,1,0,0,0,0
1080,4,candidate,315,1280,720,1920,1080,11.264,12.6423,9.88979,1,1,0,0,0,0
1080,4,candidate,316,1280,720,1920,1080,11.1882,12.2333,9.63174,1,1,0,0,0,0
1080,4,candidate,317,1280,720,1920,1080,11.3254,12.4468,9.94918,1,1,0,0,0,0
1080,4,candidate,318,1280,720,1920,1080,10.0905,11.0633,8.71629,1,1,0,0,0,0
1080,4,candidate,319,1280,720,1920,1080,11.0643,12.9059,9.68704,1,1,0,0,0,0
1080,4,candidate,320,1280,720,1920,1080,11.2138,12.0835,9.66246,1,1,0,0,0,0
1080,4,candidate,321,1280,720,1920,1080,11.391,12.3139,9.77306,1,1,0,0,0,0
1080,4,candidate,322,1280,720,1920,1080,11.3469,12.3758,9.95533,1,1,0,0,0,0
1080,4,candidate,323,1280,720,1920,1080,11.39,12.2857,10.0137,1,1,0,0,0,0
1080,4,candidate,324,1280,720,1920,1080,11.221,12.3186,9.84576,1,1,0,0,0,0
1080,4,candidate,325,1280,720,1920,1080,11.5139,12.6838,10.1407,1,1,0,0,0,0
1080,4,candidate,326,1280,720,1920,1080,11.2896,12.4254,9.91437,1,1,0,0,0,0
1080,4,candidate,327,1280,720,1920,1080,11.2681,12.2167,9.89082,1,1,0,0,0,0
1080,4,candidate,328,1280,720,1920,1080,11.4483,12.4462,10.0731,1,1,0,0,0,0
1080,4,candidate,329,1280,720,1920,1080,11.4227,12.4791,10.0495,1,1,0,0,0,0
1080,4,candidate,330,1280,720,1920,1080,11.4893,12.5814,10.111,1,1,0,0,0,0
1080,4,candidate,331,1280,720,1920,1080,11.478,12.5281,10.1038,1,1,0,0,0,0
1080,4,candidate,332,1280,720,1920,1080,11.4627,12.5037,10.0864,1,1,0,0,0,0
1080,4,candidate,333,1280,720,1920,1080,11.4442,12.4028,10.07,1,1,0,0,0,0
1080,4,candidate,334,1280,720,1920,1080,11.2476,12.2621,9.87034,1,1,0,0,0,0
1080,4,candidate,335,1280,720,1920,1080,11.3019,12.3819,9.9287,1,1,0,0,0,0
1080,4,candidate,336,1280,720,1920,1080,11.2814,12.2464,9.90413,1,1,0,0,0,0
1080,4,candidate,337,1280,720,1920,1080,11.2835,12.2941,9.90925,1,1,0,0,0,0
1080,4,candidate,338,1280,720,1920,1080,11.3572,12.4688,9.72902,1,1,0,0,0,0
1080,4,candidate,339,1280,720,1920,1080,11.2476,12.2503,9.87443,1,1,0,0,0,0
1080,4,candidate,340,1280,720,1920,1080,11.4657,12.3857,9.83757,1,1,0,0,0,0
1080,4,candidate,341,1280,720,1920,1080,11.4248,12.4371,9.79968,1,1,0,0,0,0
1080,4,candidate,342,1280,720,1920,1080,11.3951,12.3539,9.76896,1,1,0,0,0,0
1080,4,candidate,343,1280,720,1920,1080,11.5804,12.819,9.84474,1,1,0,0,0,0
1080,4,candidate,344,1280,720,1920,1080,11.433,12.5062,9.80378,1,1,0,0,0,0
1080,4,candidate,345,1280,720,1920,1080,11.4412,12.4956,9.81709,1,1,0,0,0,0
1080,4,candidate,346,1280,720,1920,1080,11.2497,12.1813,9.87238,1,1,0,0,0,0
1080,4,candidate,347,1280,720,1920,1080,11.519,12.6119,9.79661,1,1,0,0,0,0
1080,4,candidate,348,1280,720,1920,1080,11.2886,12.2146,9.91027,1,1,0,0,0,0
1080,4,candidate,349,1280,720,1920,1080,11.4719,12.624,9.76691,1,1,0,0,0,0
1080,4,candidate,350,1280,720,1920,1080,11.5118,12.4776,9.84781,1,1,0,0,0,0
1080,4,candidate,351,1280,720,1920,1080,11.4647,12.6126,9.83552,1,1,0,0,0,0
1080,4,candidate,352,1280,720,1920,1080,11.4862,12.4657,9.84781,1,1,0,0,0,0
1080,4,candidate,353,1280,720,1920,1080,11.4473,12.3568,9.81606,1,1,0,0,0,0
1080,4,candidate,354,1280,720,1920,1080,11.4401,12.33,9.81299,1,1,0,0,0,0
1080,4,candidate,355,1280,720,1920,1080,11.5538,12.4937,9.92154,1,1,0,0,0,0
1080,4,candidate,356,1280,720,1920,1080,11.478,12.5726,9.85088,1,1,0,0,0,0
1080,4,candidate,357,1280,720,1920,1080,11.3592,12.5193,9.94918,1,1,0,0,0,0
1080,4,candidate,358,1280,720,1920,1080,11.4924,12.4667,9.84781,1,1,0,0,0,0
1080,4,candidate,359,1280,720,1920,1080,11.4534,12.4014,9.81197,1,1,0,0,0,0
1080,4,candidate,360,1280,720,1920,1080,11.4688,12.4061,9.83654,1,1,0,0,0,0
1080,4,candidate,361,1280,720,1920,1080,9.75462,10.9867,8.38246,1,1,0,0,0,0
1080,4,candidate,362,1280,720,1920,1080,11.3224,12.3735,9.94406,1,1,0,0,0,0
1080,4,candidate,363,1280,720,1920,1080,9.98605,10.9207,8.61389,1,1,0,0,0,0
1080,4,candidate,364,1280,720,1920,1080,11.5876,12.6163,10.2093,1,1,0,0,0,0
1080,4,candidate,365,1280,720,1920,1080,11.1872,12.6481,9.79558,1,1,0,0,0,0
1080,4,candidate,366,1280,720,1920,1080,9.73414,10.7265,8.35891,1,1,0,0,0,0
1080,4,candidate,367,1280,720,1920,1080,9.28154,11.7706,7.9063,1,1,0,0,0,0
1080,4,candidate,368,1280,720,1920,1080,11.2517,12.3301,9.87648,1,1,0,0,0,0
1080,4,candidate,369,1280,720,1920,1080,11.4883,12.4922,9.93792,1,1,0,0,0,0
1080,4,candidate,370,1280,720,1920,1080,11.3203,12.3305,9.93997,1,1,0,0,0,0
1080,4,candidate,371,1280,720,1920,1080,10.9988,12.2108,9.62458,1,1,0,0,0,0
1080,4,candidate,372,1280,720,1920,1080,11.093,12.2125,9.66349,1,1,0,0,0,0
1080,4,candidate,373,1280,720,1920,1080,11.1585,12.4718,9.78227,1,1,0,0,0,0
1080,4,candidate,374,1280,720,1920,1080,11.3326,12.262,9.95635,1,1,0,0,0,0
1080,4,candidate,375,1280,720,1920,1080,10.9363,12.152,9.56314,1,1,0,0,0,0
1080,4,candidate,376,1280,720,1920,1080,11.3213,12.2785,9.94509,1,1,0,0,0,0
1080,4,candidate,377,1280,720,1920,1080,9.71162,10.685,8.34048,1,1,0,0,0,0
1080,4,candidate,378,1280,720,1920,1080,11.2927,13.4519,9.90925,1,1,0,0,0,0
1080,4,candidate,379,1280,720,1920,1080,11.306,12.35,9.93485,1,1,0,0,0,0
1080,4,candidate,380,1280,720,1920,1080,11.3746,12.3678,9.99731,1,1,0,0,0,0
1080,4,candidate,381,1280,720,1920,1080,11.2712,12.1822,9.89594,1,1,0,0,0,0
1080,4,candidate,382,1280,720,1920,1080,11.4668,12.5704,9.8263,1,1,0,0,0,0
1080,4,candidate,383,1280,720,1920,1080,11.5251,12.6902,9.89184,1,1,0,0,0,0
1080,4,candidate,384,1280,720,1920,1080,11.5333,12.4939,9.89491,1,1,0,0,0,0
1080,4,candidate,385,1280,720,1920,1080,11.4268,12.4295,10.0526,1,1,0,0,0,0
1080,4,candidate,386,1280,720,1920,1080,11.4964,12.5867,9.85907,1,1,0,0,0,0
1080,4,candidate,387,1280,720,1920,1080,11.3172,12.4359,9.94304,1,1,0,0,0,0
1080,4,candidate,388,1280,720,1920,1080,11.5425,12.6022,9.89491,1,1,0,0,0,0
1080,4,candidate,389,1280,720,1920,1080,11.604,12.6363,10.2308,1,1,0,0,0,0
1080,4,candidate,390,1280,720,1920,1080,11.2742,12.2493,9.89594,1,1,0,0,0,0
1080,4,candidate,391,1280,720,1920,1080,11.3142,12.342,9.93792,1,1,0,0,0,0
1080,4,candidate,392,1280,720,1920,1080,16.0287,17.4679,14.6483,1,1,0,0,0,0
1080,4,candidate,393,1280,720,1920,1080,11.4186,12.5169,10.0454,1,1,0,0,0,0
1080,4,candidate,394,1280,720,1920,1080,11.2722,12.3137,9.89594,1,1,0,0,0,0
1080,4,candidate,395,1280,720,1920,1080,11.2773,12.2716,9.90208,1,1,0,0,0,0
1080,4,candidate,396,1280,720,1920,1080,11.2056,12.1675,9.82938,1,1,0,0,0,0
1080,4,candidate,397,1280,720,1920,1080,11.351,12.4299,9.97581,1,1,0,0,0,0
1080,4,candidate,398,1280,720,1920,1080,11.3869,12.5547,10.0106,1,1,0,0,0,0
1080,4,candidate,399,1280,720,1920,1080,11.4995,12.7049,10.1243,1,1,0,0,0,0
1080,4,candidate,400,1280,720,1920,1080,11.4627,12.43,10.0874,1,1,0,0,0,0
1080,4,candidate,401,1280,720,1920,1080,11.2794,12.2605,9.90208,1,1,0,0,0,0
1080,4,candidate,402,1280,720,1920,1080,11.4678,12.4026,9.84474,1,1,0,0,0,0
1080,4,candidate,403,1280,720,1920,1080,11.3162,12.287,9.94099,1,1,0,0,0,0
1080,4,candidate,404,1280,720,1920,1080,11.477,12.3909,9.84064,1,1,0,0,0,0
1080,4,candidate,405,1280,720,1920,1080,11.4473,12.4394,9.81709,1,1,0,0,0,0
1080,4,candidate,406,1280,720,1920,1080,11.4412,12.4092,9.81606,1,1,0,0,0,0
1080,4,candidate,407,1280,720,1920,1080,11.4944,12.5459,9.85805,1,1,0,0,0,0
1080,4,candidate,408,1280,720,1920,1080,11.563,12.9527,9.9287,1,1,0,0,0,0
1080,4,candidate,409,1280,720,1920,1080,11.4463,12.6301,10.0721,1,1,0,0,0,0
1080,4,candidate,410,1280,720,1920,1080,11.5354,12.5948,10.1581,1,1,0,0,0,0
1080,4,candidate,411,1280,720,1920,1080,11.1544,12.5013,9.76486,1,1,0,0,0,0
1080,4,candidate,412,1280,720,1920,1080,11.6101,12.7043,10.2308,1,1,0,0,0,0
1080,4,candidate,413,1280,720,1920,1080,11.2701,12.2628,9.89389,1,1,0,0,0,0
1080,4,candidate,414,1280,720,1920,1080,11.4473,12.38,10.07,1,1,0,0,0,0
1080,4,candidate,415,1280,720,1920,1080,11.3121,12.4512,9.93894,1,1,0,0,0,0
1080,4,candidate,416,1280,720,1920,1080,11.522,12.7756,10.1448,1,1,0,0,0,0
1080,4,candidate,417,1280,720,1920,1080,11.3019,12.3747,9.9287,1,1,0,0,0,0
1080,4,candidate,418,1280,720,1920,1080,11.4596,12.4118,10.0823,1,1,0,0,0,0
1080,4,candidate,419,1280,720,1920,1080,11.4391,12.5215,10.0659,1,1,0,0,0,0
1080,4,candidate,420,1280,720,1920,1080,11.4596,12.6125,10.0823,1,1,0,0,0,0
1080,4,candidate,421,1280,720,1920,1080,11.4094,12.4889,9.79866,1,1,0,0,0,0
1080,4,candidate,422,1280,720,1920,1080,11.2517,12.2101,9.87853,1,1,0,0,0,0
1080,4,candidate,423,1280,720,1920,1080,11.4217,12.4074,10.0485,1,1,0,0,0,0
1080,4,candidate,424,1280,720,1920,1080,11.3306,12.3539,9.95328,1,1,0,0,0,0
1080,4,candidate,425,1280,720,1920,1080,11.0909,12.1922,9.69523,1,1,0,0,0,0
1080,4,candidate,426,1280,720,1920,1080,11.3828,12.604,9.68192,1,1,0,0,0,0
1080,4,candidate,427,1280,720,1920,1080,11.5005,12.4825,10.1243,1,1,0,0,0,0
1080,4,candidate,428,1280,720,1920,1080,11.3603,12.4008,9.984,1,1,0,0,0,0
1080,4,candidate,429,1280,720,1920,1080,11.0879,12.0758,9.71469,1,1,0,0,0,0
1080,4,candidate,430,1280,720,1920,1080,10.8503,11.9053,9.47302,1,1,0,0,0,0
1080,4,candidate,431,1280,720,1920,1080,11.5558,12.6097,9.99526,1,1,0,0,0,0
1080,4,candidate,432,1280,720,1920,1080,9.91437,10.8902,8.54118,1,1,0,0,0,0
1080,4,candidate,433,1280,720,1920,1080,10.9885,11.9164,9.61331,1,1,0,0,0,0
1080,4,candidate,434,1280,720,1920,1080,11.4463,12.3369,10.0721,1,1,0,0,0,0
1080,4,candidate,435,1280,720,1920,1080,11.8528,12.793,10.2175,1,1,0,0,0,0
1080,4,candidate,436,1280,720,1920,1080,10.9517,12.1089,9.5785,1,1,0,0,0,0
1080,4,candidate,437,1280,720,1920,1080,11.3111,12.2666,9.93587,1,1,0,0,0,0
1080,4,candidate,438,1280,720,1920,1080,11.2794,12.3233,9.65837,1,1,0,0,0,0
1080,4,candidate,439,1280,720,1920,1080,11.5016,12.4869,10.1304,1,1,0,0,0,0
1080,4,candidate,440,1280,720,1920,1080,11.2486,12.2993,9.87341,1,1,0,0,0,0
1080,4,candidate,441,1280,720,1920,1080,11.0131,12.0338,9.63789,1,1,0,0,0,0
1080,4,candidate,442,1280,720,1920,1080,11.82,12.7126,10.1847,1,1,0,0,0,0
1080,4,candidate,443,1280,720,1920,1080,11.4473,12.3942,10.0721,1,1,0,0,0,0
1080,4,candidate,444,1280,720,1920,1080,11.3377,12.4402,9.95942,1,1,0,0,0,0
1080,4,candidate,445,1280,720,1920,1080,11.5487,12.7746,10.1734,1,1,0,0,0,0
1080,4,candidate,446,1280,720,1920,1080,11.477,12.5524,10.1028,1,1,0,0,0,0
1080,4,candidate,447,1280,720,1920,1080,11.4524,12.4513,10.0782,1,1,0,0,0,0
1080,4,candidate,448,1280,720,1920,1080,11.4432,12.4427,10.068,1,1,0,0,0,0
1080,4,candidate,449,1280,720,1920,1080,11.5548,12.9111,10.1796,1,1,0,0,0,0
1080,4,candidate,450,1280,720,1920,1080,11.0766,12.3334,9.7024,1,1,0,0,0,0
1080,4,candidate,451,1280,720,1920,1080,11.4545,12.4423,10.0833,1,1,0,0,0,0
1080,4,candidate,452,1280,720,1920,1080,11.2855,12.2586,9.66349,1,1,0,0,0,0
1080,4,candidate,453,1280,720,1920,1080,11.4412,12.3632,10.0659,1,1,0,0,0,0
1080,4,candidate,454,1280,720,1920,1080,11.4596,12.5599,10.0813,1,1,0,0,0,0
1080,4,candidate,455,1280,720,1920,1080,9.94611,10.8481,8.576,1,1,0,0,0,0
1080,4,candidate,456,1280,720,1920,1080,12.8369,13.8472,11.4412,1,1,0,0,0,0
1080,4,candidate,457,1280,720,1920,1080,11.3828,12.4167,10.0014,1,1,0,0,0,0
1080,4,candidate,458,1280,720,1920,1080,9.69318,10.7794,8.32102,1,1,0,0,0,0
1080,4,candidate,459,1280,720,1920,1080,12.5829,13.5733,9.91027,1,1,0,0,0,0
1080,4,candidate,460,1280,720,1920,1080,11.1534,12.2281,8.50125,1,1,0,0,0,0
1080,4,candidate,461,1280,720,1920,1080,11.3439,12.3387,9.96557,1,1,0,0,0,0
1080,4,candidate,462,1280,720,1920,1080,11.4944,12.5602,9.80685,1,1,0,0,0,0
1080,4,candidate,463,1280,720,1920,1080,9.76998,10.8612,8.39987,1,1,0,0,0,0
1080,4,candidate,464,1280,720,1920,1080,11.2302,12.159,9.85395,1,1,0,0,0,0
1080,4,candidate,465,1280,720,1920,1080,10.9885,12.8921,9.61126,1,1,0,0,0,0
1080,4,candidate,466,1280,720,1920,1080,11.0346,12.0402,9.66144,1,1,0,0,0,0
1080,4,candidate,467,1280,720,1920,1080,11.0182,12.0138,9.64506,1,1,0,0,0,0
1080,4,candidate,468,1280,720,1920,1080,11.4668,12.4598,10.0905,1,1,0,0,0,0
1080,4,candidate,469,1280,720,1920,1080,11.3428,12.3286,9.96864,1,1,0,0,0,0
1080,4,candidate,470,1280,720,1920,1080,11.2794,12.2766,9.9031,1,1,0,0,0,0
1080,4,candidate,471,1280,720,1920,1080,11.4698,12.4608,10.0966,1,1,0,0,0,0
1080,4,candidate,472,1280,720,1920,1080,11.3654,12.3941,9.9881,1,1,0,0,0,0
1080,4,candidate,473,1280,720,1920,1080,13.6837,14.7237,12.3064,1,1,0,0,0,0
1080,4,candidate,474,1280,720,1920,1080,11.307,12.3463,9.93075,1,1,0,0,0,0
1080,4,candidate,475,1280,720,1920,1080,11.266,12.5566,9.89389,1,1,0,0,0,0
1080,4,candidate,476,1280,720,1920,1080,11.3152,12.5784,9.93894,1,1,0,0,0,0
1080,4,candidate,477,1280,720,1920,1080,11.348,12.3845,9.97376,1,1,0,0,0,0
1080,4,candidate,478,1280,720,1920,1080,11.3193,12.4899,9.94099,1,1,0,0,0,0
1080,4,candidate,479,1280,720,1920,1080,11.2998,12.2685,9.92358,1,1,0,0,0,0
1080,4,candidate,480,1280,720,1920,1080,11.4954,12.6889,10.1212,1,1,0,0,0,0
1080,4,candidate,481,1280,720,1920,1080,11.4074,12.4833,10.0321,1,1,0,0,0,0
1080,4,candidate,482,1280,720,1920,1080,11.2732,12.5751,9.89594,1,1,0,0,0,0
1080,4,candidate,483,1280,720,1920,1080,11.3357,12.4051,9.96454,1,1,0,0,0,0
1080,4,candidate,484,1280,720,1920,1080,11.3039,12.3757,9.92666,1,1,0,0,0,0
1080,4,candidate,485,1280,720,1920,1080,11.3244,12.3146,8.70093,1,1,0,0,0,0
1080,4,candidate,486,1280,720,1920,1080,11.266,12.442,9.88877,1,1,0,0,0,0
1080,4,candidate,487,1280,720,1920,1080,11.2896,12.2022,9.91744,1,1,0,0,0,0
1080,4,candidate,488,1280,720,1920,1080,11.3541,12.4195,9.97888,1,1,0,0,0,0
1080,4,candidate,489,1280,720,1920,1080,9.74643,10.7617,8.37427,1,1,0,0,0,0
1080,4,candidate,490,1280,720,1920,1080,12.5839,13.6135,11.179,1,1,0,0,0,0
1080,4,candidate,491,1280,720,1920,1080,10.9763,12.1831,9.60307,1,1,0,0,0,0
1080,4,candidate,492,1280,720,1920,1080,11.2558,12.416,9.8816,1,1,0,0,0,0
1080,4,candidate,493,1280,720,1920,1080,11.3357,12.4454,9.71366,1,1,0,0,0,0
1080,4,candidate,494,1280,720,1920,1080,10.9988,11.9983,9.59795,1,1,0,0,0,0
1080,4,candidate,495,1280,720,1920,1080,11.2312,12.1696,9.66963,1,1,0,0,0,0
1080,4,candidate,496,1280,720,1920,1080,11.4698,12.4113,10.0905,1,1,0,0,0,0
1080,4,candidate,497,1280,720,1920,1080,11.3306,12.2476,9.95328,1,1,0,0,0,0
1080,4,candidate,498,1280,720,1920,1080,11.2855,12.2273,9.90822,1,1,0,0,0,0
1080,4,candidate,499,1280,720,1920,1080,11.4688,12.4307,9.84269,1,1,0,0,0,0
1080,4,candidate,500,1280,720,1920,1080,11.2507,12.3006,9.87443,1,1,0,0,0,0
1080,4,candidate,501,1280,720,1920,1080,11.519,12.8151,9.89184,1,1,0,0,0,0
1080,4,candidate,502,1280,720,1920,1080,11.4125,12.4253,9.78842,1,1,0,0,0,0
1080,4,candidate,503,1280,720,1920,1080,11.2896,12.4285,9.91539,1,1,0,0,0,0
1080,4,candidate,504,1280,720,1920,1080,11.3326,12.2606,9.95635,1,1,0,0,0,0
1080,4,candidate,505,1280,720,1920,1080,11.4391,12.4132,9.81504,1,1,0,0,0,0
1080,4,candidate,506,1280,720,1920,1080,11.4678,12.4929,9.84371,1,1,0,0,0,0
1080,4,candidate,507,1280,720,1920,1080,11.4739,12.4043,9.85293,1,1,0,0,0,0
1080,4,candidate,508,1280,720,1920,1080,11.4473,12.5489,9.82323,1,1,0,0,0,0
1080,4,candidate,509,1280,720,1920,1080,11.4944,12.5142,9.79149,1,1,0,0,0,0
1080,4,candidate,510,1280,720,1920,1080,11.4944,12.4742,9.84883,1,1,0,0,0,0
1080,4,candidate,511,1280,720,1920,1080,11.4207,12.4,9.79661,1,1,0,0,0,0
1080,4,candidate,512,1280,720,1920,1080,11.2292,12.2102,9.85293,1,1,0,0,0,0
1080,4,candidate,513,1280,720,1920,1080,11.4913,12.4018,9.86317,1,1,0,0,0,0
1080,4,candidate,514,1280,720,1920,1080,11.3111,12.3298,9.66144,1,1,0,0,0,0
1080,4,candidate,515,1280,720,1920,1080,11.3152,12.3703,9.68192,1,1,0,0,0,0
1080,4,candidate,516,1280,720,1920,1080,11.2814,12.2302,9.64506,1,1,0,0,0,0
1080,4,candidate,517,1280,720,1920,1080,11.2855,12.5471,9.91232,1,1,0,0,0,0
1080,4,candidate,518,1280,720,1920,1080,11.2323,12.5468,9.85702,1,1,0,0,0,0
1080,4,candidate,519,1280,720,1920,1080,11.2046,12.1807,9.66144,1,1,0,0,0,0
1080,4,candidate,520,1280,720,1920,1080,11.2384,12.3246,9.86624,1,1,0,0,0,0
1080,4,candidate,521,1280,720,1920,1080,11.2036,12.5435,9.82938,1,1,0,0,0,0
1080,4,candidate,522,1280,720,1920,1080,11.4647,12.4856,10.0874,1,1,0,0,0,0
1080,4,candidate,523,1280,720,1920,1080,11.2742,12.6426,9.90106,1,1,0,0,0,0
1080,4,candidate,524,1280,720,1920,1080,11.307,12.3569,9.65632,1,1,0,0,0,0
1080,4,candidate,525,1280,720,1920,1080,11.2097,12.4638,9.83654,1,1,0,0,0,0
1080,4,candidate,526,1280,720,1920,1080,11.436,12.765,10.0598,1,1,0,0,0,0
1080,4,candidate,527,1280,720,1920,1080,11.2876,12.4168,9.91539,1,1,0,0,0,0
1080,4,candidate,528,1280,720,1920,1080,11.2415,12.5321,9.86419,1,1,0,0,0,0
1080,4,candidate,529,1280,720,1920,1080,11.2855,12.2871,9.63379,1,1,0,0,0,0
1080,4,candidate,530,1280,720,1920,1080,11.2486,12.6125,9.87443,1,1,0,0,0,0
1080,4,candidate,531,1280,720,1920,1080,11.2148,12.5431,9.84166,1,1,0,0,0,0
1080,4,candidate,532,1280,720,1920,1080,11.4954,12.6858,9.83654,1,1,0,0,0,0
1080,4,candidate,533,1280,720,1920,1080,11.2691,12.2796,9.63379,1,1,0,0,0,0
1080,4,candidate,534,1280,720,1920,1080,11.3111,12.3455,9.67168,1,1,0,0,0,0
1080,4,candidate,535,1280,720,1920,1080,11.2957,12.4351,9.66042,1,1,0,0,0,0
1080,4,candidate,536,1280,720,1920,1080,11.1974,12.4386,9.82323,1,1,0,0,0,0
1080,4,candidate,537,1280,720,1920,1080,11.3828,13.136,10.0076,1,1,0,0,0,0
1080,4,candidate,538,1280,720,1920,1080,11.39,12.518,9.73926,1,1,0,0,0,0
1080,4,candidate,539,1280,720,1920,1080,11.4924,12.4806,9.85395,1,1,0,0,0,0
1080,4,candidate,540,1280,720,1920,1080,11.4975,12.7812,9.85907,1,1,0,0,0,0
1080,4,candidate,541,1280,720,1920,1080,11.4565,12.4161,9.81811,1,1,0,0,0,0
1080,4,candidate,542,1280,720,1920,1080,11.5098,12.4919,9.86317,1,1,0,0,0,0
1080,4,candidate,543,1280,720,1920,1080,11.522,12.5935,9.8857,1,1,0,0,0,0
1080,4,candidate,544,1280,720,1920,1080,11.3981,12.3294,9.83142,1,1,0,0,0,0
1080,4,candidate,545,1280,720,1920,1080,11.3848,12.4653,10.0086,1,1,0,0,0,0
1080,4,candidate,546,1280,720,1920,1080,10.8503,11.9169,9.472,1,1,0,0,0,0
1080,4,candidate,547,1280,720,1920,1080,11.0479,12.1755,8.38656,1,1,0,0,0,0
1080,4,candidate,548,1280,720,1920,1080,11.4053,12.2837,9.83757,1,1,0,0,0,0
1080,4,candidate,549,1280,720,1920,1080,11.2609,12.2079,9.88672,1,1,0,0,0,0
1080,4,candidate,550,1280,720,1920,1080,11.2691,12.4554,9.89082,1,1,0,0,0,0
1080,4,candidate,551,1280,720,1920,1080,10.9722,12.354,9.60205,1,1,0,0,0,0
1080,4,candidate,552,1280,720,1920,1080,11.3029,12.8063,9.92973,1,1,0,0,0,0
1080,4,candidate,553,1280,720,1920,1080,11.3039,12.4895,9.9328,1,1,0,0,0,0
1080,4,candidate,554,1280,720,1920,1080,11.0397,12.1801,9.66349,1,1,0,0,0,0
1080,4,candidate,555,1280,720,1920,1080,11.0612,12.2047,9.68806,1,1,0,0,0,0
1080,4,candidate,556,1280,720,1920,1080,11.0121,12.0732,9.63789,1,1,0,0,0,0
1080,4,candidate,557,1280,720,1920,1080,11.4463,12.3976,10.0741,1,1,0,0,0,0
1080,4,candidate,558,1280,720,1920,1080,10.9844,12.0884,9.61024,1,1,0,0,0,0
1080,4,candidate,559,1280,720,1920,1080,11.3183,12.1704,9.94611,1,1,0,0,0,0
1080,4,candidate,560,1280,720,1920,1080,10.9455,12.0706,9.56723,1,1,0,0,0,0
1080,4,candidate,561,1280,720,1920,1080,11.3418,12.1882,9.69728,1,1,0,0,0,0
1080,4,candidate,562,1280,720,1920,1080,11.4084,12.3125,9.84986,1,1,0,0,0,0
1080,4,candidate,563,1280,720,1920,1080,9.91232,10.8509,8.54016,1,1,0,0,0,0
1080,4,candidate,564,1280,720,1920,1080,11.0889,11.9994,9.71264,1,1,0,0,0,0
1080,4,candidate,565,1280,720,1920,1080,11.2732,12.2598,9.90208,1,1,0,0,0,0
1080,4,candidate,566,1280,720,1920,1080,11.3695,12.2966,9.73517,1,1,0,0,0,0
1080,4,candidate,567,1280,720,1920,1080,11.0817,12.396,9.70957,1,1,0,0,0,0
1080,4,candidate,568,1280,720,1920,1080,11.135,12.5886,9.76077,1,1,0,0,0,0
1080,4,candidate,569,1280,720,1920,1080,11.2835,12.282,9.90925,1,1,0,0,0,0
1080,4,candidate,570,1280,720,1920,1080,11.2548,12.4333,9.87955,1,1,0,0,0,0
1080,4,candidate,571,1280,720,1920,1080,11.2712,12.3351,9.89696,1,1,0,0,0,0
1080,4,candidate,572,1280,720,1920,1080,11.0684,12.2086,9.66963,1,1,0,0,0,0
1080,4,candidate,573,1280,720,1920,1080,11.0408,12.0032,9.63584,1,1,0,0,0,0
1080,4,candidate,574,1280,720,1920,1080,11.1575,12.0126,9.78125,1,1,0,0,0,0
1080,4,candidate,575,1280,720,1920,1080,11.4801,12.4185,9.84781,1,1,0,0,0,0
1080,4,candidate,576,1280,720,1920,1080,11.2998,12.2298,9.92563,1,1,0,0,0,0
1080,4,candidate,577,1280,720,1920,1080,11.306,12.5499,9.93178,1,1,0,0,0,0
1080,4,candidate,578,1280,720,1920,1080,11.2896,12.3633,9.91539,1,1,0,0,0,0
1080,4,candidate,579,1280,720,1920,1080,11.2824,12.433,9.91027,1,1,0,0,0,0
1080,4,candidate,580,1280,720,1920,1080,11.2538,12.2079,9.8775,1,1,0,0,0,0
1080,4,candidate,581,1280,720,1920,1080,11.4586,12.479,9.82528,1,1,0,0,0,0
1080,4,candidate,582,1280,720,1920,1080,11.2968,12.3732,9.92051,1,1,0,0,0,0
1080,4,candidate,583,1280,720,1920,1080,11.266,12.3094,9.89389,1,1,0,0,0,0
1080,4,candidate,584,1280,720,1920,1080,11.4289,12.5376,9.79251,1,1,0,0,0,0
1080,4,candidate,585,1280,720,1920,1080,11.4473,12.5761,9.81094,1,1,0,0,0,0
1080,4,candidate,586,1280,720,1920,1080,11.4913,12.6533,9.85293,1,1,0,0,0,0
1080,4,candidate,587,1280,720,1920,1080,11.4493,12.5624,9.81094,1,1,0,0,0,0
1080,4,candidate,588,1280,720,1920,1080,11.3736,12.5595,9.99424,1,1,0,0,0,0
1080,4,candidate,589,1280,720,1920,1080,11.4657,12.4134,9.83142,1,1,0,0,0,0
1080,4,candidate,590,1280,720,1920,1080,9.88979,11.1717,8.51661,1,1,0,0,0,0
1080,4,candidate,591,1280,720,1920,1080,9.36141,10.2497,7.99334,1,1,0,0,0,0
1080,4,candidate,592,1280,720,1920,1080,10.9763,11.7764,9.60307,1,1,0,0,0,0
1080,4,candidate,593,1280,720,1920,1080,10.9056,12.1811,9.53549,1,1,0,0,0,0
1080,4,candidate,594,1280,720,1920,1080,10.2574,11.4213,8.3927,1,1,0,0,0,0
1080,4,candidate,595,1280,720,1920,1080,12.6802,13.7872,11.2773,1,1,0,0,0,0
1080,4,candidate,596,1280,720,1920,1080,10.9251,12.0827,9.5447,1,1,0,0,0,0
1080,4,candidate,597,1280,720,1920,1080,11.3388,12.3483,9.96352,1,1,0,0,0,0
1080,4,candidate,598,1280,720,1920,1080,11.2783,12.2382,9.64096,1,1,0,0,0,0
1080,4,candidate,599,1280,720,1920,1080,11.2097,12.4655,9.83654,1,1,0,0,0,0
1080,4,candidate,600,1280,720,1920,1080,11.1933,12.1825,9.63482,1,1,0,0,0,0
1080,4,candidate,601,1280,720,1920,1080,11.3172,12.4183,9.94099,1,1,0,0,0,0
1080,4,candidate,602,1280,720,1920,1080,11.1729,12.5103,9.79763,1,1,0,0,0,0
1080,4,candidate,603,1280,720,1920,1080,11.2026,12.1828,9.82835,1,1,0,0,0,0
1080,4,candidate,604,1280,720,1920,1080,11.2722,12.255,9.89696,1,1,0,0,0,0
1080,4,candidate,605,1280,720,1920,1080,11.479,12.5085,10.0772,1,1,0,0,0,0
1080,4,candidate,606,1280,720,1920,1080,11.5466,12.5294,9.88979,1,1,0,0,0,0
1080,4,candidate,607,1280,720,1920,1080,11.2609,12.499,9.88774,1,1,0,0,0,0
1080,4,candidate,608,1280,720,1920,1080,11.5456,12.7972,9.89082,1,1,0,0,0,0
1080,4,candidate,609,1280,720,1920,1080,11.1913,12.4231,9.81811,1,1,0,0,0,0
1080,4,candidate,610,1280,720,1920,1080,11.265,12.3658,9.89082,1,1,0,0,0,0
1080,4,candidate,611,1280,720,1920,1080,11.306,12.5411,9.93075,1,1,0,0,0,0
1080,4,candidate,612,1280,720,1920,1080,11.306,12.3402,9.92973,1,1,0,0,0,0
1080,4,candidate,613,1280,720,1920,1080,11.6347,12.5618,10.2625,1,1,0,0,0,0
1080,4,candidate,614,1280,720,1920,1080,11.3572,12.3579,9.98298,1,1,0,0,0,0
1080,4,candidate,615,1280,720,1920,1080,9.72288,10.6739,8.35174,1,1,0,0,0,0
1080,4,candidate,616,1280,720,1920,1080,12.4375,13.434,11.0275,1,1,0,0,0,0
1080,4,candidate,617,1280,720,1920,1080,11.4278,12.5132,9.76998,1,1,0,0,0,0
1080,4,candidate,618,1280,720,1920,1080,11.2988,12.4009,9.92666,1,1,0,0,0,0
1080,4,candidate,619,1280,720,1920,1080,10.9988,12.0994,9.6297,1,1,0,0,0,0
1080,4,candidate,620,1280,720,1920,1080,11.3439,12.4693,9.96864,1,1,0,0,0,0
1080,4,candidate,621,1280,720,1920,1080,11.2691,12.2496,9.89798,1,1,0,0,0,0
1080,4,candidate,622,1280,720,1920,1080,11.2671,12.294,9.89286,1,1,0,0,0,0
1080,4,candidate,623,1280,720,1920,1080,11.2957,12.2049,9.92461,1,1,0,0,0,0
1080,4,candidate,624,1280,720,1920,1080,11.4084,12.3507,10.0332,1,1,0,0,0,0
1080,4,candidate,625,1280,720,1920,1080,11.2425,12.2445,9.86829,1,1,0,0,0,0
1080,4,candidate,626,1280,720,1920,1080,11.4452,12.5381,9.87648,1,1,0,0,0,0
1080,4,candidate,627,1280,720,1920,1080,11.4514,12.4562,9.83654,1,1,0,0,0,0
1080,4,candidate,628,1280,720,1920,1080,9.73722,10.7361,8.36403,1,1,0,0,0,0
1080,4,candidate,629,1280,720,1920,1080,12.1702,13.107,10.7796,1,1,0,0,0,0
1080,4,candidate,630,1280,720,1920,1080,9.9113,10.8892,8.53811,1,1,0,0,0,0
1080,4,candidate,631,1280,720,1920,1080,11.9931,13.139,10.0014,1,1,0,0,0,0
1080,4,candidate,632,1280,720,1920,1080,11.2343,12.5897,9.84371,1,1,0,0,0,0
1080,4,candidate,633,1280,720,1920,1080,11.4903,12.4013,10.1192,1,1,0,0,0,0
1080,4,candidate,634,1280,720,1920,1080,11.0664,12.2919,9.69216,1,1,0,0,0,0
1080,4,candidate,635,1280,720,1920,1080,11.4432,12.4101,10.07,1,1,0,0,0,0
1080,4,candidate,636,1280,720,1920,1080,11.1186,12.4281,9.74643,1,1,0,0,0,0
1080,4,candidate,637,1280,720,1920,1080,11.3459,12.433,9.97376,1,1,0,0,0,0
1080,4,candidate,638,1280,720,1920,1080,10.9855,12.1054,9.61024,1,1,0,0,0,0
1080,4,candidate,639,1280,720,1920,1080,11.435,12.3572,9.79763,1,1,0,0,0,0
1080,4,candidate,640,1280,720,1920,1080,11.2128,12.2291,9.83962,1,1,0,0,0,0
1080,4,candidate,641,1280,720,1920,1080,11.435,12.4843,10.0628,1,1,0,0,0,0
1080,4,candidate,642,1280,720,1920,1080,11.262,12.2674,9.88774,1,1,0,0,0,0
1080,4,candidate,643,1280,720,1920,1080,11.2876,12.2929,9.91744,1,1,0,0,0,0
1080,4,candidate,644,1280,720,1920,1080,11.2517,12.2575,9.8775,1,1,0,0,0,0
1080,4,candidate,645,1280,720,1920,1080,11.2241,12.1571,9.85088,1,1,0,0,0,0
1080,4,candidate,646,1280,720,1920,1080,11.2691,12.2071,9.89594,1,1,0,0,0,0
1080,4,candidate,647,1280,720,1920,1080,11.3531,12.5372,9.98093,1,1,0,0,0,0
1080,4,candidate,648,1280,720,1920,1080,11.4412,12.4222,10.0639,1,1,0,0,0,0
1080,4,candidate,649,1280,720,1920,1080,11.2845,12.3186,9.91232,1,1,0,0,0,0
1080,4,candidate,650,1280,720,1920,1080,9.75053,10.7354,8.37837,1,1,0,0,0,0
1080,4,candidate,651,1280,720,1920,1080,9.42285,10.3267,8.05376,1,1,0,0,0,0
1080,4,candidate,652,1280,720,1920,1080,12.8932,14.0818,10.5236,1,1,0,0,0,0
1080,4,candidate,653,1280,720,1920,1080,10.9527,12.0316,9.57645,1,1,0,0,0,0
1080,4,candidate,654,1280,720,1920,1080,11.4504,12.4192,10.0782,1,1,0,0,0,0
1080,4,candidate,655,1280,720,1920,1080,11.266,12.2614,9.72186,1,1,0,0,0,0
1080,4,candidate,656,1280,720,1920,1080,11.393,12.3391,10.0178,1,1,0,0,0,0
1080,4,candidate,657,1280,720,1920,1080,11.2394,12.2492,9.86522,1,1,0,0,0,0
1080,4,candidate,658,1280,720,1920,1080,11.2916,12.2675,9.91642,1,1,0,0,0,0
1080,4,candidate,659,1280,720,1920,1080,11.3736,12.3482,10.0024,1,1,0,0,0,0
1080,4,candidate,660,1280,720,1920,1080,11.2927,12.2412,9.92154,1,1,0,0,0,0
1080,4,candidate,661,1280,720,1920,1080,11.5804,12.7184,9.9287,1,1,0,0,0,0
1080,4,candidate,662,1280,720,1920,1080,11.4493,12.3819,9.79968,1,1,0,0,0,0
1080,4,candidate,663,1280,720,1920,1080,11.4452,12.3887,9.79661,1,1,0,0,0,0
1080,4,candidate,664,1280,720,1920,1080,11.4176,12.3396,10.0454,1,1,0,0,0,0
1080,4,candidate,665,1280,720,1920,1080,11.2364,12.1436,9.86624,1,1,0,0,0,0
1080,4,candidate,666,1280,720,1920,1080,12.0166,13.0116,10.367,1,1,0,0,0,0
1080,4,candidate,667,1280,720,1920,1080,11.3562,12.3333,9.984,1,1,0,0,0,0
1080,4,candidate,668,1280,720,1920,1080,11.2814,12.386,9.89901,1,1,0,0,0,0
1080,4,candidate,669,1280,720,1920,1080,11.4422,12.4765,9.80685,1,1,0,0,0,0
1080,4,candidate,670,1280,720,1920,1080,11.1268,12.4407,9.75258,1,1,0,0,0,0
1080,4,candidate,671,1280,720,1920,1080,11.0551,12.1458,9.68499,1,1,0,0,0,0
1080,4,candidate,672,1280,720,1920,1080,10.9978,12.0991,9.62458,1,1,0,0,0,0
1080,4,candidate,673,1280,720,1920,1080,9.72083,10.6277,8.34867,1,1,0,0,0,0
1080,4,candidate,674,1280,720,1920,1080,11.4719,13.3161,10.0977,1,1,0,0,0,0
1080,4,candidate,675,1280,720,1920,1080,11.1217,12.2642,9.74848,1,1,0,0,0,0
1080,4,candidate,676,1280,720,1920,1080,11.4309,12.3952,10.0547,1,1,0,0,0,0
1080,4,candidate,677,1280,720,1920,1080,11.0981,12.2011,9.72698,1,1,0,0,0,0
1080,4,candidate,678,1280,720,1920,1080,11.4637,12.3941,10.0905,1,1,0,0,0,0
1080,4,candidate,679,1280,720,1920,1080,11.2753,12.2172,9.9031,1,1,0,0,0,0
1080,4,candidate,680,1280,720,1920,1080,11.2886,12.3737,9.91437,1,1,0,0,0,0
1080,4,candidate,681,1280,720,1920,1080,11.2691,12.2107,9.89696,1,1,0,0,0,0
1080,4,candidate,682,1280,720,1920,1080,11.2056,12.1868,9.83347,1,1,0,0,0,0
1080,4,candidate,683,1280,720,1920,1080,11.3295,12.2267,9.94714,1,1,0,0,0,0
1080,4,candidate,684,1280,720,1920,1080,11.606,12.4931,9.93894,1,1,0,0,0,0
1080,4,candidate,685,1280,720,1920,1080,11.5241,12.478,9.86931,1,1,0,0,0,0
1080,4,candidate,686,1280,720,1920,1080,11.5128,12.48,10.1417,1,1,0,0,0,0
1080,4,candidate,687,1280,720,1920,1080,11.4606,12.5022,10.0925,1,1,0,0,0,0
1080,4,candidate,688,1280,720,1920,1080,11.4237,12.3689,10.0495,1,1,0,0,0,0
1080,4,candidate,689,1280,720,1920,1080,11.3889,12.3563,10.0157,1,1,0,0,0,0
1080,4,candidate,690,1280,720,1920,1080,11.3562,12.3269,9.984,1,1,0,0,0,0
1080,4,candidate,691,1280,720,1920,1080,11.4473,12.4379,10.0772,1,1,0,0,0,0
1080,4,candidate,692,1280,720,1920,1080,11.2589,12.2409,9.8857,1,1,0,0,0,0
1080,4,candidate,693,1280,720,1920,1080,11.4432,12.536,9.80992,1,1,0,0,0,0
1080,4,candidate,694,1280,720,1920,1080,11.4719,12.5425,9.81504,1,1,0,0,0,0
1080,4,candidate,695,1280,720,1920,1080,11.4719,12.5022,9.84166,1,1,0,0,0,0
1080,4,candidate,696,1280,720,1920,1080,11.3101,12.5744,9.93587,1,1,0,0,0,0
1080,4,candidate,697,1280,720,1920,1080,11.4647,12.7042,10.0946,1,1,0,0,0,0
1080,4,candidate,698,1280,720,1920,1080,12.0433,13.1007,10.6588,1,1,0,0,0,0
1080,4,candidate,699,1280,720,1920,1080,11.2118,12.1642,9.84269,1,1,0,0,0,0
1080,4,candidate,700,1280,720,1920,1080,11.2568,12.2442,9.8857,1,1,0,0,0,0
1080,4,candidate,701,1280,720,1920,1080,11.4432,12.3588,10.0721,1,1,0,0,0,0
1080,4,candidate,702,1280,720,1920,1080,11.2292,12.31,9.856,1,1,0,0,0,0
1080,4,candidate,703,1280,720,1920,1080,11.2435,12.3921,9.87443,1,1,0,0,0,0
1080,4,candidate,704,1280,720,1920,1080,11.817,13.3166,10.1827,1,1,0,0,0,0
1080,4,candidate,705,1280,720,1920,1080,11.2118,12.3777,9.83859,1,1,0,0,0,0
1080,4,candidate,706,1280,720,1920,1080,11.262,12.3771,9.88774,1,1,0,0,0,0
1080,4,candidate,707,1280,720,1920,1080,11.2425,12.1908,9.87136,1,1,0,0,0,0
1080,4,candidate,708,1280,720,1920,1080,9.87136,10.8137,8.50227,1,1,0,0,0,0
1080,4,candidate,709,1280,720,1920,1080,12.4457,13.46,11.0367,1,1,0,0,0,0
1080,4,candidate,710,1280,720,1920,1080,11.3613,12.3795,9.98605,1,1,0,0,0,0
1080,4,candidate,711,1280,720,1920,1080,11.4289,12.3675,9.81094,1,1,0,0,0,0
1080,4,candidate,712,1280,720,1920,1080,11.476,12.475,9.8519,1,1,0,0,0,0
1080,4,candidate,713,1280,720,1920,1080,11.4412,12.4073,9.82016,1,1,0,0,0,0
1080,4,candidate,714,1280,720,1920,1080,11.436,12.4102,9.81402,1,1,0,0,0,0
1080,4,candidate,715,1280,720,1920,1080,11.3295,12.2928,9.70547,1,1,0,0,0,0
1080,4,candidate,716,1280,720,1920,1080,11.4237,12.3772,9.80378,1,1,0,0,0,0
1080,4,candidate,717,1280,720,1920,1080,11.2599,12.2655,9.70957,1,1,0,0,0,0
1080,4,candidate,718,1280,720,1920,1080,10.9752,12.4925,9.60102,1,1,0,0,0,0
1080,4,candidate,719,1280,720,1920,1080,9.76179,10.6844,8.39066,1,1,0,0,0,0
1080,4,candidate,720,1280,720,1920,1080,12.4436,13.5374,11.0193,1,1,0,0,0,0
1080,4,candidate,721,1280,720,1920,1080,11.2056,12.2496,8.5801,1,1,0,0,0,0
1080,4,candidate,722,1280,720,1920,1080,11.2005,12.324,9.82938,1,1,0,0,0,0
1080,4,candidate,723,1280,720,1920,1080,10.9947,12.0378,9.62662,1,1,0,0,0,0
1080,4,candidate,724,1280,720,1920,1080,11.2343,12.126,9.86112,1,1,0,0,0,0
1080,4,candidate,725,1280,720,1920,1080,11.0295,12.1111,9.65632,1,1,0,0,0,0
1080,4,candidate,726,1280,720,1920,1080,11.2886,12.3524,9.91437,1,1,0,0,0,0
1080,4,candidate,727,1280,720,1920,1080,11.4391,12.4008,10.0659,1,1,0,0,0,0
1080,4,candidate,728,1280,720,1920,1080,11.4063,12.3034,10.0342,1,1,0,0,0,0
1080,4,candidate,729,1280,720,1920,1080,11.4196,12.4307,10.0454,1,1,0,0,0,0
1080,4,candidate,730,1280,720,1920,1080,11.4688,12.5117,10.0956,1,1,0,0,0,0
1080,4,candidate,731,1280,720,1920,1080,11.393,12.3727,10.025,1,1,0,0,0,0
1080,4,candidate,732,1280,720,1920,1080,11.4473,12.4428,10.0731,1,1,0,0,0,0
1080,4,candidate,733,1280,720,1920,1080,11.3879,12.3432,10.0157,1,1,0,0,0,0
1080,4,candidate,734,1280,720,1920,1080,11.2742,12.4544,9.90208,1,1,0,0,0,0
1080,4,candidate,735,1280,720,1920,1080,11.391,12.4977,10.0178,1,1,0,0,0,0
1080,4,candidate,736,1280,720,1920,1080,11.2456,12.2448,9.87341,1,1,0,0,0,0
1080,4,candidate,737,1280,720,1920,1080,11.2998,12.3255,9.92768,1,1,0,0,0,0
1080,4,candidate,738,1280,720,1920,1080,11.3254,12.2669,9.95021,1,1,0,0,0,0
1080,4,candidate,739,1280,720,1920,1080,11.4401,12.4099,9.79354,1,1,0,0,0,0
1080,4,candidate,740,1280,720,1920,1080,11.3377,12.3697,9.79251,1,1,0,0,0,0
1080,4,candidate,741,1280,720,1920,1080,11.4924,12.6156,10.1161,1,1,0,0,0,0
1080,4,candidate,742,1280,720,1920,1080,9.90413,10.9055,8.53402,1,1,0,0,0,0
1080,4,candidate,743,1280,720,1920,1080,9.42899,10.3623,8.05786,1,1,0,0,0,0
1080,4,candidate,744,1280,720,1920,1080,12.3843,13.2932,10.9926,1,1,0,0,0,0
1080,4,candidate,745,1280,720,1920,1080,11.4729,12.5053,9.85395,1,1,0,0,0,0
1080,4,candidate,746,1280,720,1920,1080,11.2517,12.2103,9.87955,1,1,0,0,0,0
1080,4,candidate,747,1280,720,1920,1080,11.2415,12.164,9.87238,1,1,0,0,0,0
1080,4,candidate,748,1280,720,1920,1080,11.4616,12.4283,10.0874,1,1,0,0,0,0
1080,4,candidate,749,1280,720,1920,1080,11.2343,12.1467,9.86419,1,1,0,0,0,0
1080,4,candidate,750,1280,720,1920,1080,11.2138,12.3291,9.84166,1,1,0,0,0,0
1080,4,candidate,751,1280,720,1920,1080,11.4412,12.6297,9.82016,1,1,0,0,0,0
1080,4,candidate,752,1280,720,1920,1080,11.4514,12.5062,9.82835,1,1,0,0,0,0
1080,4,candidate,753,1280,720,1920,1080,11.4616,12.4324,9.8345,1,1,0,0,0,0
1080,4,candidate,754,1280,720,1920,1080,11.3459,12.5815,9.96045,1,1,0,0,0,0
1080,4,candidate,755,1280,720,1920,1080,11.2609,12.3285,9.89184,1,1,0,0,0,0
1080,4,candidate,756,1280,720,1920,1080,11.3183,12.2952,9.94406,1,1,0,0,0,0
1080,4,candidate,757,1280,720,1920,1080,11.2988,12.253,9.92768,1,1,0,0,0,0
1080,4,candidate,758,1280,720,1920,1080,11.2527,12.4101,9.87955,1,1,0,0,0,0
1080,4,candidate,759,1280,720,1920,1080,11.4534,12.3933,9.81811,1,1,0,0,0,0
1080,4,candidate,760,1280,720,1920,1080,11.3091,12.2633,9.6727,1,1,0,0,0,0
1080,4,candidate,761,1280,720,1920,1080,11.3859,12.4254,9.75258,1,1,0,0,0,0
1080,4,candidate,762,1280,720,1920,1080,11.4299,12.4258,9.79866,1,1,0,0,0,0
1080,4,candidate,763,1280,720,1920,1080,11.2732,12.217,9.64198,1,1,0,0,0,0
1080,4,candidate,764,1280,720,1920,1080,11.3183,12.2391,9.68909,1,1,0,0,0,0
1080,4,candidate,765,1280,720,1920,1080,11.2087,12.4688,9.83654,1,1,0,0,0,0
1080,4,candidate,766,1280,720,1920,1080,11.1759,12.6669,9.80378,1,1,0,0,0,0
1080,4,candidate,767,1280,720,1920,1080,11.1626,12.4934,9.79046,1,1,0,0,0,0
1080,4,candidate,768,1280,720,1920,1080,11.1892,12.5534,9.81504,1,1,0,0,0,0
1080,4,candidate,769,1280,720,1920,1080,11.2548,12.3759,9.61434,1,1,0,0,0,0
1080,4,candidate,770,1280,720,1920,1080,11.2579,12.2299,9.61331,1,1,0,0,0,0
1080,4,candidate,771,1280,720,1920,1080,11.1176,12.29,9.74541,1,1,0,0,0,0
1080,4,candidate,772,1280,720,1920,1080,11.2671,12.3368,9.89491,1,1,0,0,0,0
1080,4,candidate,773,1280,720,1920,1080,11.3111,12.5442,9.93997,1,1,0,0,0,0
1080,4,candidate,774,1280,720,1920,1080,10.9466,12.0548,9.57542,1,1,0,0,0,0
1080,4,candidate,775,1280,720,1920,1080,11.2671,12.3033,9.89696,1,1,0,0,0,0
1080,4,candidate,776,1280,720,1920,1080,11.4964,12.4927,10.1171,1,1,0,0,0,0
1080,4,candidate,777,1280,720,1920,1080,11.2353,12.262,9.82221,1,1,0,0,0,0
1080,4,candidate,778,1280,720,1920,1080,11.1022,12.2434,9.73312,1,1,0,0,0,0
1080,4,candidate,779,1280,720,1920,1080,11.1206,12.4047,9.7495,1,1,0,0,0,0
1080,4,candidate,780,1280,720,1920,1080,11.2445,12.1963,9.87136,1,1,0,0,0,0
1080,4,candidate,781,1280,720,1920,1080,11.1964,12.2229,9.82426,1,1,0,0,0,0
1080,4,candidate,782,1280,720,1920,1080,11.221,12.2086,9.84781,1,1,0,0,0,0
1080,4,candidate,783,1280,720,1920,1080,11.3859,12.3249,9.84269,1,1,0,0,0,0
1080,4,candidate,784,1280,720,1920,1080,11.7074,12.7557,10.0854,1,1,0,0,0,0
1080,4,candidate,785,1280,720,1920,1080,9.91949,10.8384,8.55245,1,1,0,0,0,0
1080,4,candidate,786,1280,720,1920,1080,11.2456,12.1236,9.87136,1,1,0,0,0,0
1080,4,candidate,787,1280,720,1920,1080,11.2988,12.2725,9.92768,1,1,0,0,0,0
1080,4,candidate,788,1280,720,1920,1080,11.2312,12.1988,9.85498,1,1,0,0,0,0
1080,4,candidate,789,1280,720,1920,1080,10.9711,12.2303,9.59795,1,1,0,0,0,0
1080,4,candidate,790,1280,720,1920,1080,11.35,12.772,9.97171,1,1,0,0,0,0
1080,4,candidate,791,1280,720,1920,1080,11.3715,12.5172,9.99526,1,1,0,0,0,0
1080,4,candidate,792,1280,720,1920,1080,11.2384,12.2011,9.63072,1,1,0,0,0,0
1080,4,candidate,793,1280,720,1920,1080,11.095,12.2024,9.7239,1,1,0,0,0,0
1080,4,candidate,794,1280,720,1920,1080,11.4637,12.552,10.0905,1,1,0,0,0,0
1080,4,candidate,795,1280,720,1920,1080,11.2763,12.3663,9.90515,1,1,0,0,0,0
1080,4,candidate,796,1280,720,1920,1080,13.4543,14.4551,12.0801,1,1,0,0,0,0
1080,4,candidate,797,1280,720,1920,1080,11.4401,12.4644,9.81606,1,1,0,0,0,0
1080,4,candidate,798,1280,720,1920,1080,9.91642,10.9379,8.54426,1,1,0,0,0,0
1080,4,candidate,799,1280,720,1920,1080,9.40544,10.3372,8.03738,1,1,0,0,0,0
1080,4,candidate,800,1280,720,1920,1080,12.4037,13.4335,11.0008,1,1,0,0,0,0
1080,4,candidate,801,1280,720,1920,1080,11.606,12.6265,9.81914,1,1,0,0,0,0
1080,4,candidate,802,1280,720,1920,1080,11.2589,12.3129,9.88774,1,1,0,0,0,0
1080,4,candidate,803,1280,720,1920,1080,11.264,12.2686,9.89389,1,1,0,0,0,0
1080,4,candidate,804,1280,720,1920,1080,11.3275,12.4573,9.95533,1,1,0,0,0,0
1080,4,candidate,805,1280,720,1920,1080,11.2425,12.182,9.87136,1,1,0,0,0,0
1080,4,candidate,806,1280,720,1920,1080,11.2753,12.2925,9.9031,1,1,0,0,0,0
1080,4,candidate,807,1280,720,1920,1080,11.1391,12.1916,9.76179,1,1,0,0,0,0
1080,4,candidate,808,1280,720,1920,1080,11.3992,12.4417,9.75565,1,1,0,0,0,0
1080,4,candidate,809,1280,720,1920,1080,10.8851,11.9645,9.51296,1,1,0,0,0,0
1080,4,candidate,810,1280,720,1920,1080,11.307,12.2621,9.7495,1,1,0,0,0,0
1080,4,candidate,811,1280,720,1920,1080,11.2753,12.2543,9.90515,1,1,0,0,0,0
1080,4,candidate,812,1280,720,1920,1080,11.5036,13.1795,9.85805,1,1,0,0,0,0
1080,4,candidate,813,1280,720,1920,1080,11.2579,12.2536,9.88672,1,1,0,0,0,0
1080,4,candidate,814,1280,720,1920,1080,11.4104,12.3601,9.76896,1,1,0,0,0,0
1080,4,candidate,815,1280,720,1920,1080,11.4657,12.6096,9.83859,1,1,0,0,0,0
1080,4,candidate,816,1280,720,1920,1080,11.4944,12.6345,9.85907,1,1,0,0,0,0
1080,4,candidate,817,1280,720,1920,1080,11.2527,12.3395,9.88058,1,1,0,0,0,0
1080,4,candidate,818,1280,720,1920,1080,11.4309,12.4112,9.79661,1,1,0,0,0,0
1080,4,candidate,819,1280,720,1920,1080,11.3388,12.2927,9.78125,1,1,0,0,0,0
1080,4,candidate,820,1280,720,1920,1080,11.1493,12.3353,9.7792,1,1,0,0,0,0
1080,4,candidate,821,1280,720,1920,1080,11.1739,12.1565,8.57395,1,1,0,0,0,0
1080,4,candidate,822,1280,720,1920,1080,11.7299,12.6029,10.0649,1,1,0,0,0,0
1080,4,candidate,823,1280,720,1920,1080,11.2282,12.1903,9.58874,1,1,0,0,0,0
1080,4,candidate,824,1280,720,1920,1080,11.0367,12.2498,9.66451,1,1,0,0,0,0
1080,4,candidate,825,1280,720,1920,1080,11.222,12.6131,9.85293,1,1,0,0,0,0
1080,4,candidate,826,1280,720,1920,1080,11.1995,12.5772,9.82733,1,1,0,0,0,0
1080,4,candidate,827,1280,720,1920,1080,11.2036,12.436,9.83347,1,1,0,0,0,0
1080,4,candidate,828,1280,720,1920,1080,11.2067,12.6544,9.8345,1,1,0,0,0,0
1080,4,candidate,829,1280,720,1920,1080,11.3408,13.1211,9.96966,1,1,0,0,0,0
1080,4,candidate,830,1280,720,1920,1080,11.4043,12.4522,9.856,1,1,0,0,0,0
1080,4,candidate,831,1280,720,1920,1080,11.2026,12.2252,9.8304,1,1,0,0,0,0
1080,4,candidate,832,1280,720,1920,1080,11.1002,12.2023,9.69011,1,1,0,0,0,0
1080,4,candidate,833,1280,720,1920,1080,11.5354,12.5868,9.91437,1,1,0,0,0,0
1080,4,candidate,834,1280,720,1920,1080,11.305,12.3449,9.66758,1,1,0,0,0,0
1080,4,candidate,835,1280,720,1920,1080,11.222,12.2714,9.58771,1,1,0,0,0,0
1080,4,candidate,836,1280,720,1920,1080,11.223,12.4174,9.84883,1,1,0,0,0,0
1080,4,candidate,837,1280,720,1920,1080,11.5794,12.8371,9.94099,1,1,0,0,0,0
1080,4,candidate,838,1280,720,1920,1080,11.0551,12.5489,9.63174,1,1,0,0,0,0
1080,4,candidate,839,1280,720,1920,1080,11.4217,12.4219,9.78022,1,1,0,0,0,0
1080,4,candidate,840,1280,720,1920,1080,11.5589,12.4603,9.91642,1,1,0,0,0,0
1080,4,candidate,841,1280,720,1920,1080,11.1575,12.4473,9.78637,1,1,0,0,0,0
1080,4,candidate,842,1280,720,1920,1080,11.3162,12.3761,9.6215,1,1,0,0,0,0
1080,4,candidate,843,1280,720,1920,1080,11.2558,12.6391,9.88467,1,1,0,0,0,0
1080,4,candidate,844,1280,720,1920,1080,11.2548,12.2395,9.6983,1,1,0,0,0,0
1080,4,candidate,845,1280,720,1920,1080,11.4678,12.7286,10.0956,1,1,0,0,0,0
1080,4,candidate,846,1280,720,1920,1080,11.3469,12.4103,9.68909,1,1,0,0,0,0
1080,4,candidate,847,1280,720,1920,1080,11.2333,12.1995,9.59181,1,1,0,0,0,0
1080,4,candidate,848,1280,720,1920,1080,11.2333,12.473,9.86214,1,1,0,0,0,0
1080,4,candidate,849,1280,720,1920,1080,11.2783,12.696,9.63994,1,1,0,0,0,0
1080,4,candidate,850,1280,720,1920,1080,11.2886,12.229,9.65222,1,1,0,0,0,0
1080,4,candidate,851,1280,720,1920,1080,11.1933,12.4626,9.82221,1,1,0,0,0,0
1080,4,candidate,852,1280,720,1920,1080,11.2456,12.4755,9.87238,1,1,0,0,0,0
1080,4,candidate,853,1280,720,1920,1080,11.2189,12.7622,9.84678,1,1,0,0,0,0
1080,4,candidate,854,1280,720,1920,1080,11.2435,12.6446,9.87341,1,1,0,0,0,0
1080,4,candidate,855,1280,720,1920,1080,11.2947,12.5326,9.6512,1,1,0,0,0,0
1080,4,candidate,856,1280,720,1920,1080,11.3254,12.344,9.68192,1,1,0,0,0,0
1080,4,candidate,857,1280,720,1920,1080,11.5794,12.6029,9.93997,1,1,0,0,0,0
1080,4,candidate,858,1280,720,1920,1080,11.5098,12.5944,9.85805,1,1,0,0,0,0
1080,4,candidate,859,1280,720,1920,1080,11.4125,12.3278,9.77613,1,1,0,0,0,0
1080,4,candidate,860,1280,720,1920,1080,11.3715,12.288,9.73619,1,1,0,0,0,0
1080,4,candidate,861,1280,720,1920,1080,11.2876,12.2466,9.64915,1,1,0,0,0,0
1080,4,candidate,862,1280,720,1920,1080,11.2957,12.2426,9.64608,1,1,0,0,0,0
1080,4,candidate,863,1280,720,1920,1080,11.2732,12.5546,9.90208,1,1,0,0,0,0
1080,4,candidate,864,1280,720,1920,1080,11.1903,12.6334,9.81504,1,1,0,0,0,0
1080,4,candidate,865,1280,720,1920,1080,11.4483,12.5546,9.81914,1,1,0,0,0,0
1080,4,candidate,866,1280,720,1920,1080,11.2783,12.2018,9.64096,1,1,0,0,0,0
1080,4,candidate,867,1280,720,1920,1080,11.1964,12.4461,9.82323,1,1,0,0,0,0
1080,4,candidate,868,1280,720,1920,1080,11.2824,12.596,9.90822,1,1,0,0,0,0
1080,4,candidate,869,1280,720,1920,1080,11.1852,12.5072,9.81197,1,1,0,0,0,0
1080,4,candidate,870,1280,720,1920,1080,11.2466,12.4869,9.87238,1,1,0,0,0,0
1080,4,candidate,871,1280,720,1920,1080,11.2701,12.6463,9.89798,1,1,0,0,0,0
1080,4,candidate,872,1280,720,1920,1080,11.263,12.2283,9.63482,1,1,0,0,0,0
1080,4,candidate,873,1280,720,1920,1080,11.265,12.6384,9.89491,1,1,0,0,0,0
1080,4,candidate,874,1280,720,1920,1080,11.2783,12.6219,9.90515,1,1,0,0,0,0
1080,4,candidate,875,1280,720,1920,1080,10.9128,11.941,9.54368,1,1,0,0,0,0
1080,4,candidate,876,1280,720,1920,1080,11.2609,12.167,9.88774,1,1,0,0,0,0
1080,4,candidate,877,1280,720,1920,1080,11.1974,12.3563,9.82528,1,1,0,0,0,0
1080,4,candidate,878,1280,720,1920,1080,11.0019,11.9993,9.62867,1,1,0,0,0,0
1080,4,candidate,879,1280,720,1920,1080,11.3951,12.3156,10.0229,1,1,0,0,0,0
1080,4,candidate,880,1280,720,1920,1080,11.1442,12.707,9.77203,1,1,0,0,0,0
1080,4,candidate,881,1280,720,1920,1080,10.8769,12.0724,9.50477,1,1,0,0,0,0
1080,4,candidate,882,1280,720,1920,1080,11.2701,12.2703,9.89901,1,1,0,0,0,0
1080,4,candidate,883,1280,720,1920,1080,11.2548,12.2852,9.8816,1,1,0,0,0,0
1080,4,candidate,884,1280,720,1920,1080,11.3398,12.2985,9.96557,1,1,0,0,0,0
1080,4,candidate,885,1280,720,1920,1080,11.2814,12.2786,9.64198,1,1,0,0,0,0
1080,4,candidate,886,1280,720,1920,1080,11.2282,12.1479,9.85293,1,1,0,0,0,0
1080,4,candidate,887,1280,720,1920,1080,11.2579,12.2301,9.88672,1,1,0,0,0,0
1080,4,candidate,888,1280,720,1920,1080,10.8974,11.9273,8.29338,1,1,0,0,0,0
1080,4,candidate,889,1280,720,1920,1080,11.1401,12.2978,9.76896,1,1,0,0,0,0
1080,4,candidate,890,1280,720,1920,1080,11.2691,12.2601,9.89594,1,1,0,0,0,0
1080,4,candidate,891,1280,720,1920,1080,11.2732,12.2287,9.62253,1,1,0,0,0,0
1080,4,candidate,892,1280,720,1920,1080,10.0844,11.0825,8.71322,1,1,0,0,0,0
1080,4,candidate,893,1280,720,1920,1080,12.4109,13.474,11.0367,1,1,0,0,0,0
1080,4,candidate,894,1280,720,1920,1080,11.3275,12.3372,9.94918,1,1,0,0,0,0
1080,4,candidate,895,1280,720,1920,1080,11.2742,12.2623,9.89798,1,1,0,0,0,0
1080,4,candidate,896,1280,720,1920,1080,11.007,12.4025,9.63072,1,1,0,0,0,0
1080,4,candidate,897,1280,720,1920,1080,11.1575,12.2766,9.78432,1,1,0,0,0,0
1080,4,candidate,898,1280,720,1920,1080,11.2916,12.7894,9.91642,1,1,0,0,0,0
1080,4,candidate,899,1280,720,1920,1080,11.2538,12.2841,9.88058,1,1,0,0,0,0
1080,4,candidate,900,1280,720,1920,1080,11.0469,12.1523,9.6727,1,1,0,0,0,0
1080,4,candidate,901,1280,720,1920,1080,10.9292,12.0126,9.55699,1,1,0,0,0,0
1080,4,candidate,902,1280,720,1920,1080,11.2712,12.214,9.89798,1,1,0,0,0,0
1080,4,candidate,903,1280,720,1920,1080,11.2067,12.1431,9.83245,1,1,0,0,0,0
1080,4,candidate,904,1280,720,1920,1080,11.478,12.5191,10.1059,1,1,0,0,0,0
1080,4,candidate,905,1280,720,1920,1080,11.305,12.2103,9.93178,1,1,0,0,0,0
1080,4,candidate,906,1280,720,1920,1080,11.4227,12.5194,10.0465,1,1,0,0,0,0
1080,4,candidate,907,1280,720,1920,1080,11.4473,12.3996,10.0731,1,1,0,0,0,0
1080,4,candidate,908,1280,720,1920,1080,11.4289,12.5943,10.0536,1,1,0,0,0,0
1080,4,candidate,909,1280,720,1920,1080,11.4391,12.433,10.0669,1,1,0,0,0,0
1080,4,candidate,910,1280,720,1920,1080,11.4534,12.6759,10.0782,1,1,0,0,0,0
1080,4,candidate,911,1280,720,1920,1080,11.2497,12.2433,9.87648,1,1,0,0,0,0
1080,4,candidate,912,1280,720,1920,1080,11.4493,12.3739,10.0731,1,1,0,0,0,0
1080,4,candidate,913,1280,720,1920,1080,11.2845,12.4288,9.9113,1,1,0,0,0,0
1080,4,candidate,914,1280,720,1920,1080,11.4524,12.6118,10.0782,1,1,0,0,0,0
1080,4,candidate,915,1280,720,1920,1080,11.4493,12.4773,10.071,1,1,0,0,0,0
1080,4,candidate,916,1280,720,1920,1080,11.479,12.4771,10.1038,1,1,0,0,0,0
1080,4,candidate,917,1280,720,1920,1080,11.3336,12.7126,9.96147,1,1,0,0,0,0
1080,4,candidate,918,1280,720,1920,1080,11.4831,12.5904,10.1089,1,1,0,0,0,0
1080,4,candidate,919,1280,720,1920,1080,11.2527,12.2801,9.87955,1,1,0,0,0,0
1080,4,candidate,920,1280,720,1920,1080,11.2753,12.316,9.89901,1,1,0,0,0,0
1080,4,candidate,921,1280,720,1920,1080,11.4381,12.4723,10.0649,1,1,0,0,0,0
1080,4,candidate,922,1280,720,1920,1080,11.4657,12.5642,10.0895,1,1,0,0,0,0
1080,4,candidate,923,1280,720,1920,1080,11.1985,12.3357,9.82528,1,1,0,0,0,0
1080,4,candidate,924,1280,720,1920,1080,11.2968,12.3616,9.92051,1,1,0,0,0,0
1080,4,candidate,925,1280,720,1920,1080,12.0187,13.0007,10.2717,1,1,0,0,0,0
1080,4,candidate,926,1280,720,1920,1080,11.2456,12.2511,9.86931,1,1,0,0,0,0
1080,4,candidate,927,1280,720,1920,1080,11.4647,12.3936,10.0925,1,1,0,0,0,0
1080,4,candidate,928,1280,720,1920,1080,11.4708,12.7235,10.0977,1,1,0,0,0,0
1080,4,candidate,929,1280,720,1920,1080,11.2589,12.3011,9.88262,1,1,0,0,0,0
1080,4,candidate,930,1280,720,1920,1080,9.88365,10.9094,8.51046,1,1,0,0,0,0
1080,4,candidate,931,1280,720,1920,1080,12.4017,13.4212,11.006,1,1,0,0,0,0
1080,4,candidate,932,1280,720,1920,1080,11.3889,12.4681,9.82835,1,1,0,0,0,0
1080,4,candidate,933,1280,720,1920,1080,11.2742,12.2589,9.89798,1,1,0,0,0,0
1080,4,candidate,934,1280,720,1920,1080,11.2978,12.2892,9.91846,1,1,0,0,0,0
1080,4,candidate,935,1280,720,1920,1080,11.5016,12.4234,9.86214,1,1,0,0,0,0
1080,4,candidate,936,1280,720,1920,1080,11.2691,12.2141,9.63482,1,1,0,0,0,0
1080,4,candidate,937,1280,720,1920,1080,11.2671,12.2062,9.63174,1,1,0,0,0,0
1080,4,candidate,938,1280,720,1920,1080,11.2742,12.3789,9.64096,1,1,0,0,0,0
1080,4,candidate,939,1280,720,1920,1080,11.2835,12.2485,9.63686,1,1,0,0,0,0
1080,4,candidate,940,1280,720,1920,1080,11.1647,12.3866,9.79149,1,1,0,0,0,0
1080,4,candidate,941,1280,720,1920,1080,11.2374,12.4832,9.86317,1,1,0,0,0,0
1080,4,candidate,942,1280,720,1920,1080,11.0479,12.262,9.67373,1,1,0,0,0,0
1080,4,candidate,943,1280,720,1920,1080,11.1913,12.5605,9.81606,1,1,0,0,0,0
1080,4,candidate,944,1280,720,1920,1080,11.2599,12.3489,9.61434,1,1,0,0,0,0
1080,4,candidate,945,1280,720,1920,1080,11.0551,12.6217,9.67885,1,1,0,0,0,0
1080,4,candidate,946,1280,720,1920,1080,11.2394,12.5941,9.86317,1,1,0,0,0,0
1080,4,candidate,947,1280,720,1920,1080,10.1151,11.1698,8.74496,1,1,0,0,0,0
1080,4,candidate,948,1280,720,1920,1080,12.2737,13.3025,10.8524,1,1,0,0,0,0
1080,4,candidate,949,1280,720,1920,1080,11.7094,12.7856,10.0598,1,1,0,0,0,0
1080,4,candidate,950,1280,720,1920,1080,11.0449,12.1046,9.67373,1,1,0,0,0,0
1080,4,candidate,951,1280,720,1920,1080,11.2712,12.2442,9.89798,1,1,0,0,0,0
1080,4,candidate,952,1280,720,1920,1080,11.2343,12.2453,9.85395,1,1,0,0,0,0
1080,4,candidate,953,1280,720,1920,1080,11.4995,12.475,10.1192,1,1,0,0,0,0
1080,4,candidate,954,1280,720,1920,1080,11.1196,12.1409,9.69728,1,1,0,0,0,0
1080,4,candidate,955,1280,720,1920,1080,11.2599,12.239,9.88979,1,1,0,0,0,0
1080,4,candidate,956,1280,720,1920,1080,11.2681,12.1907,9.65632,1,1,0,0,0,0
1080,4,candidate,957,1280,720,1920,1080,11.2497,12.188,9.87546,1,1,0,0,0,0
1080,4,candidate,958,1280,720,1920,1080,11.4268,12.3688,10.0485,1,1,0,0,0,0
1080,4,candidate,959,1280,720,1920,1080,11.4156,12.3737,10.0434,1,1,0,0,0,0
1080,4,candidate,960,1280,720,1920,1080,11.4575,12.4217,10.0823,1,1,0,0,0,0
1080,4,candidate,961,1280,720,1920,1080,11.2814,12.2413,9.90515,1,1,0,0,0,0
1080,4,candidate,962,1280,720,1920,1080,11.3234,12.3709,9.94816,1,1,0,0,0,0
1080,4,candidate,963,1280,720,1920,1080,9.93894,10.9518,8.56781,1,1,0,0,0,0
1080,4,candidate,964,1280,720,1920,1080,11.2404,12.1888,9.86317,1,1,0,0,0,0
1080,4,candidate,965,1280,720,1920,1080,10.2257,11.772,8.85248,1,1,0,0,0,0
1080,4,candidate,966,1280,720,1920,1080,11.348,13.0734,9.96762,1,1,0,0,0,0
1080,4,candidate,967,1280,720,1920,1080,11.4115,12.4299,10.0383,1,1,0,0,0,0
1080,4,candidate,968,1280,720,1920,1080,11.2978,12.2791,9.91949,1,1,0,0,0,0
1080,4,candidate,969,1280,720,1920,1080,11.2056,12.2234,9.8304,1,1,0,0,0,0
1080,4,candidate,970,1280,720,1920,1080,11.0264,12.2186,9.64915,1,1,0,0,0,0
1080,4,candidate,971,1280,720,1920,1080,11.4422,12.4444,10.0669,1,1,0,0,0,0
1080,4,candidate,972,1280,720,1920,1080,11.3172,12.2904,9.69011,1,1,0,0,0,0
1080,4,candidate,973,1280,720,1920,1080,11.3879,12.476,10.0127,1,1,0,0,0,0
1080,4,candidate,974,1280,720,1920,1080,11.4248,12.4009,10.0485,1,1,0,0,0,0
1080,4,candidate,975,1280,720,1920,1080,11.3039,12.2935,9.6768,1,1,0,0,0,0
1080,4,candidate,976,1280,720,1920,1080,11.2927,12.227,9.91334,1,1,0,0,0,0
1080,4,candidate,977,1280,720,1920,1080,11.435,12.3463,10.0567,1,1,0,0,0,0
1080,4,candidate,978,1280,720,1920,1080,11.4432,12.3778,10.0649,1,1,0,0,0,0
1080,4,candidate,979,1280,720,1920,1080,11.4719,12.4553,10.0966,1,1,0,0,0,0
1080,4,candidate,980,1280,720,1920,1080,11.2568,12.2208,9.88058,1,1,0,0,0,0
1080,4,candidate,981,1280,720,1920,1080,11.2753,12.1752,9.90106,1,1,0,0,0,0
1080,4,candidate,982,1280,720,1920,1080,11.2794,12.2323,9.90106,1,1,0,0,0,0
1080,4,candidate,983,1280,720,1920,1080,11.4115,12.3673,9.78637,1,1,0,0,0,0
1080,4,candidate,984,1280,720,1920,1080,11.605,12.683,9.96454,1,1,0,0,0,0
1080,4,candidate,985,1280,720,1920,1080,11.4883,12.481,9.85395,1,1,0,0,0,0
1080,4,candidate,986,1280,720,1920,1080,11.4688,12.3683,9.83962,1,1,0,0,0,0
1080,4,candidate,987,1280,720,1920,1080,11.2896,12.3674,9.66144,1,1,0,0,0,0
1080,4,candidate,988,1280,720,1920,1080,11.2957,12.4428,9.66963,1,1,0,0,0,0
1080,4,candidate,989,1280,720,1920,1080,11.4258,12.4392,9.8007,1,1,0,0,0,0
1080,4,candidate,990,1280,720,1920,1080,11.4125,12.3254,9.78842,1,1,0,0,0,0
1080,4,candidate,991,1280,720,1920,1080,11.4258,12.5131,9.80173,1,1,0,0,0,0
1080,4,candidate,992,1280,720,1920,1080,11.2906,12.1941,9.65939,1,1,0,0,0,0
1080,4,candidate,993,1280,720,1920,1080,11.2773,12.4625,9.9031,1,1,0,0,0,0
1080,4,candidate,994,1280,720,1920,1080,11.4412,12.6447,9.81402,1,1,0,0,0,0
1080,4,candidate,995,1280,720,1920,1080,11.3367,12.449,9.71264,1,1,0,0,0,0
1080,4,candidate,996,1280,720,1920,1080,11.2466,12.2445,9.62253,1,1,0,0,0,0
1080,4,candidate,997,1280,720,1920,1080,11.2763,12.2556,9.65427,1,1,0,0,0,0
1080,4,candidate,998,1280,720,1920,1080,11.5272,12.5188,9.90618,1,1,0,0,0,0
1080,4,candidate,999,1280,720,1920,1080,11.2896,12.3663,9.66246,1,1,0,0,0,0
1080,4,candidate,1000,1280,720,1920,1080,11.5732,12.5208,9.9369,1,1,0,0,0,0
1080,4,candidate,1001,1280,720,1920,1080,11.3316,12.4207,9.70445,1,1,0,0,0,0
1080,4,candidate,1002,1280,720,1920,1080,11.2579,12.267,9.62867,1,1,0,0,0,0
1080,4,candidate,1003,1280,720,1920,1080,11.2753,12.4915,9.90106,1,1,0,0,0,0
1080,4,candidate,1004,1280,720,1920,1080,11.3203,12.3994,9.67885,1,1,0,0,0,0
1080,4,candidate,1005,1280,720,1920,1080,11.2425,12.5608,9.86726,1,1,0,0,0,0
1080,4,candidate,1006,1280,720,1920,1080,11.2814,12.5666,9.9031,1,1,0,0,0,0
1080,4,candidate,1007,1280,720,1920,1080,11.262,12.5108,9.89082,1,1,0,0,0,0
1080,4,candidate,1008,1280,720,1920,1080,11.3889,12.719,9.68192,1,1,0,0,0,0
1080,4,candidate,1009,1280,720,1920,1080,11.2701,12.2361,9.62867,1,1,0,0,0,0
1080,4,candidate,1010,1280,720,1920,1080,11.2579,12.6341,9.88058,1,1,0,0,0,0
1080,4,candidate,1011,1280,720,1920,1080,11.177,12.3793,9.62355,1,1,0,0,0,0
1080,4,candidate,1012,1280,720,1920,1080,11.4719,12.6125,10.0946,1,1,0,0,0,0
1080,4,candidate,1013,1280,720,1920,1080,11.2855,12.2826,9.64915,1,1,0,0,0,0
1080,4,candidate,1014,1280,720,1920,1080,11.2364,12.509,9.8601,1,1,0,0,0,0
1080,4,candidate,1015,1280,720,1920,1080,11.2507,12.542,9.87853,1,1,0,0,0,0
1080,4,candidate,1016,1280,720,1920,1080,11.2732,12.6678,9.89389,1,1,0,0,0,0
1080,4,candidate,1017,1280,720,1920,1080,11.5661,12.5403,9.92256,1,1,0,0,0,0
1080,4,candidate,1018,1280,720,1920,1080,11.2148,12.4169,9.83859,1,1,0,0,0,0
1080,4,candidate,1019,1280,720,1920,1080,10.0659,11.0174,8.69376,1,1,0,0,0,0
1080,4,candidate,1020,1280,720,1920,1080,12.6136,13.694,9.97069,1,1,0,0,0,0
1080,4,candidate,1021,1280,720,1920,1080,11.3603,12.395,9.98605,1,1,0,0,0,0
1080,4,candidate,1022,1280,720,1920,1080,11.3244,12.2756,9.94611,1,1,0,0,0,0
1080,4,candidate,1023,1280,720,1920,1080,11.2384,12.341,9.86522,1,1,0,0,0,0
1080,4,candidate,1024,1280,720,1920,1080,11.3469,12.3547,9.96659,1,1,0,0,0,0
1080,4,candidate,1025,1280,720,1920,1080,11.5804,12.5203,10.2042,1,1,0,0,0,0
1080,4,candidate,1026,1280,720,1920,1080,10.9906,12.1731,9.61024,1,1,0,0,0,0
1080,4,candidate,1027,1280,720,1920,1080,11.1227,12.3043,9.74848,1,1,0,0,0,0
1080,4,candidate,1028,1280,720,1920,1080,11.5128,12.6801,10.1335,1,1,0,0,0,0
1080,4,candidate,1029,1280,720,1920,1080,11.0377,12.4477,9.66349,1,1,0,0,0,0
1080,4,candidate,1030,1280,720,1920,1080,11.1391,12.2817,9.75974,1,1,0,0,0,0
1080,4,candidate,1031,1280,720,1920,1080,11.4524,12.6234,10.0772,1,1,0,0,0,0
1080,4,candidate,1032,1280,720,1920,1080,11.052,12.3902,9.67373,1,1,0,0,0,0
1080,4,candidate,1033,1280,720,1920,1080,11.136,12.2572,9.76282,1,1,0,0,0,0
1080,4,candidate,1034,1280,720,1920,1080,11.3183,12.2725,9.93997,1,1,0,0,0,0
1080,4,candidate,1035,1280,720,1920,1080,11.1073,12.2165,9.73312,1,1,0,0,0,0
1080,4,candidate,1036,1280,720,1920,1080,11.308,12.3216,9.92256,1,1,0,0,0,0
1080,4,candidate,1037,1280,720,1920,1080,10.9588,12.0646,9.58566,1,1,0,0,0,0
1080,4,candidate,1038,1280,720,1920,1080,11.8671,12.887,10.2185,1,1,0,0,0,0
1080,4,candidate,1039,1280,720,1920,1080,11.4063,12.4146,10.0332,1,1,0,0,0,0
1080,4,candidate,1040,1280,720,1920,1080,11.9726,12.9527,10.3557,1,1,0,0,0,0
1080,4,candidate,1041,1280,720,1920,1080,11.0193,12.1153,9.59898,1,1,0,0,0,0
1080,4,candidate,1042,1280,720,1920,1080,11.9695,13.0457,10.3383,1,1,0,0,0,0
1080,4,candidate,1043,1280,720,1920,1080,11.2732,12.2235,9.88979,1,1,0,0,0,0
1080,4,candidate,1044,1280,720,1920,1080,11.1442,12.2945,9.76589,1,1,0,0,0,0
1080,4,candidate,1045,1280,720,1920,1080,11.2599,12.1763,9.87443,1,1,0,0,0,0
1080,4,candidate,1046,1280,720,1920,1080,11.479,12.4288,10.1007,1,1,0,0,0,0
1080,4,candidate,1047,1280,720,1920,1080,11.2773,12.298,9.9031,1,1,0,0,0,0
1080,4,candidate,1048,1280,720,1920,1080,11.1636,12.3913,9.76691,1,1,0,0,0,0
1080,4,candidate,1049,1280,720,1920,1080,11.4186,12.4726,10.0444,1,1,0,0,0,0
1080,4,candidate,1050,1280,720,1920,1080,11.5804,12.7342,10.1878,1,1,0,0,0,0
1080,4,candidate,1051,1280,720,1920,1080,11.5333,12.4942,10.155,1,1,0,0,0,0
1080,4,candidate,1052,1280,720,1920,1080,11.3203,12.2762,9.94406,1,1,0,0,0,0
1080,4,candidate,1053,1280,720,1920,1080,11.2148,12.1957,9.83962,1,1,0,0,0,0
1080,4,candidate,1054,1280,720,1920,1080,11.7975,12.7357,10.1325,1,1,0,0,0,0
1080,4,candidate,1055,1280,720,1920,1080,11.2753,12.2873,9.9031,1,1,0,0,0,0
1080,4,candidate,1056,1280,720,1920,1080,11.5169,12.687,10.1366,1,1,0,0,0,0
1080,4,candidate,1057,1280,720,1920,1080,11.4668,12.4839,10.0884,1,1,0,0,0,0
1080,4,candidate,1058,1280,720,1920,1080,11.4504,12.4797,10.0669,1,1,0,0,0,0
1080,4,candidate,1059,1280,720,1920,1080,11.564,12.8554,10.1888,1,1,0,0,0,0
1080,4,candidate,1060,1280,720,1920,1080,11.306,12.389,9.92256,1,1,0,0,0,0
1080,4,candidate,1061,1280,720,1920,1080,11.2282,12.2178,9.85293,1,1,0,0,0,0
1080,4,candidate,1062,1280,720,1920,1080,11.4473,12.4874,10.068,1,1,0,0,0,0
1080,4,candidate,1063,1280,720,1920,1080,11.4258,12.3903,10.0506,1,1,0,0,0,0
1080,4,candidate,1064,1280,720,1920,1080,11.5139,12.7978,10.1315,1,1,0,0,0,0
1080,4,candidate,1065,1280,720,1920,1080,11.3725,12.3744,9.74131,1,1,0,0,0,0
1080,4,candidate,1066,1280,720,1920,1080,11.2241,12.1503,9.84474,1,1,0,0,0,0
1080,4,candidate,1067,1280,720,1920,1080,11.4258,12.3436,10.0485,1,1,0,0,0,0
1080,4,candidate,1068,1280,720,1920,1080,11.3265,12.3151,9.94509,1,1,0,0,0,0
1080,4,candidate,1069,1280,720,1920,1080,11.306,12.2869,9.93178,1,1,0,0,0,0
1080,4,candidate,1070,1280,720,1920,1080,11.4739,12.7085,10.0977,1,1,0,0,0,0
1080,4,candidate,1071,1280,720,1920,1080,11.4074,12.3667,10.0342,1,1,0,0,0,0
1080,4,candidate,1072,1280,720,1920,1080,11.4647,12.3667,10.0833,1,1,0,0,0,0
1080,4,candidate,1073,1280,720,1920,1080,11.391,12.4134,10.0188,1,1,0,0,0,0
1080,4,candidate,1074,1280,720,1920,1080,11.2579,12.2886,9.88058,1,1,0,0,0,0
1080,4,candidate,1075,1280,720,1920,1080,11.3091,12.3032,9.93382,1,1,0,0,0,0
1080,4,candidate,1076,1280,720,1920,1080,11.4186,12.4093,9.78842,1,1,0,0,0,0
1080,4,candidate,1077,1280,720,1920,1080,11.4207,12.345,9.79456,1,1,0,0,0,0
1080,4,candidate,1078,1280,720,1920,1080,11.3193,12.2793,9.69011,1,1,0,0,0,0
1080,4,candidate,1079,1280,720,1920,1080,11.4248,12.4505,9.79251,1,1,0,0,0,0
1080,4,candidate,1080,1280,720,1920,1080,11.3039,12.2311,9.67066,1,1,0,0,0,0
1080,4,candidate,1081,1280,720,1920,1080,11.2824,12.3011,9.6553,1,1,0,0,0,0
1080,4,candidate,1082,1280,720,1920,1080,11.2876,12.6349,9.91027,1,1,0,0,0,0
1080,4,candidate,1083,1280,720,1920,1080,11.221,12.3535,9.67475,1,1,0,0,0,0
1080,4,candidate,1084,1280,720,1920,1080,11.4493,12.5751,10.0669,1,1,0,0,0,0
1080,4,candidate,1085,1280,720,1920,1080,11.3521,12.3113,9.69523,1,1,0,0,0,0
1080,4,candidate,1086,1280,720,1920,1080,11.305,12.3126,9.66451,1,1,0,0,0,0
1080,4,candidate,1087,1280,720,1920,1080,11.3172,12.8123,9.94202,1,1,0,0,0,0
1080,4,candidate,1088,1280,720,1920,1080,11.2353,12.5648,9.85702,1,1,0,0,0,0
1080,4,candidate,1089,1280,720,1920,1080,11.2886,12.4214,9.63379,1,1,0,0,0,0
1080,4,candidate,1090,1280,720,1920,1080,11.2691,12.2818,9.6256,1,1,0,0,0,0
1080,4,candidate,1091,1280,720,1920,1080,11.3347,12.3581,9.69216,1,1,0,0,0,0
1080,4,candidate,1092,1280,720,1920,1080,11.1524,12.477,9.77408,1,1,0,0,0,0
1080,4,candidate,1093,1280,720,1920,1080,11.1739,12.8535,9.79866,1,1,0,0,0,0
1080,4,candidate,1094,1280,720,1920,1080,11.5466,12.8223,10.1591,1,1,0,0,0,0
1080,4,candidate,1095,1280,720,1920,1080,11.4872,12.5508,9.83245,1,1,0,0,0,0
1080,4,candidate,1096,1280,720,1920,1080,11.522,12.4772,9.84166,1,1,0,0,0,0
1080,4,candidate,1097,1280,720,1920,1080,11.4401,12.3813,9.8048,1,1,0,0,0,0
1080,4,candidate,1098,1280,720,1920,1080,11.3213,12.3672,9.67066,1,1,0,0,0,0
1080,4,candidate,1099,1280,720,1920,1080,11.4708,12.47,9.82528,1,1,0,0,0,0
1080,4,candidate,1100,1280,720,1920,1080,11.4719,12.586,9.82118,1,1,0,0,0,0
1080,4,candidate,1101,1280,720,1920,1080,11.394,12.3898,9.8304,1,1,0,0,0,0
1080,4,candidate,1102,1280,720,1920,1080,11.3009,12.2821,9.92051,1,1,0,0,0,0
1080,4,candidate,1103,1280,720,1920,1080,9.93178,10.8925,8.55859,1,1,0,0,0,0
1080,4,candidate,1104,1280,720,1920,1080,9.38803,10.241,8.0087,1,1,0,0,0,0
1080,4,candidate,1105,1280,720,1920,1080,11.6777,13.8908,10.2984,1,1,0,0,0,0
1080,4,candidate,1106,1280,720,1920,1080,11.2732,12.2831,9.64198,1,1,0,0,0,0
1080,4,candidate,1107,1280,720,1920,1080,11.4637,12.3516,10.0854,1,1,0,0,0,0
1080,4,candidate,1108,1280,720,1920,1080,11.4801,12.4567,10.1007,1,1,0,0,0,0
1080,4,candidate,1109,1280,720,1920,1080,11.4524,12.5438,10.0751,1,1,0,0,0,0
1080,4,candidate,1110,1280,720,1920,1080,11.4493,12.4314,10.0669,1,1,0,0,0,0
1080,4,candidate,1111,1280,720,1920,1080,11.4586,12.5805,10.0823,1,1,0,0,0,0
1080,4,candidate,1112,1280,720,1920,1080,11.4801,12.5212,10.1018,1,1,0,0,0,0
1080,4,candidate,1113,1280,720,1920,1080,11.1852,12.2735,9.80787,1,1,0,0,0,0
1080,4,candidate,1114,1280,720,1920,1080,11.5261,12.5474,10.1448,1,1,0,0,0,0
1080,4,candidate,1115,1280,720,1920,1080,11.5169,12.5061,10.1396,1,1,0,0,0,0
1080,4,candidate,1116,1280,720,1920,1080,11.4975,12.475,10.1181,1,1,0,0,0,0
1080,4,candidate,1117,1280,720,1920,1080,11.6111,12.9356,10.0588,1,1,0,0,0,0
1080,4,candidate,1118,1280,720,1920,1080,11.5036,12.5698,9.86829,1,1,0,0,0,0
1080,4,candidate,1119,1280,720,1920,1080,11.2712,12.25,9.89798,1,1,0,0,0,0
1080,4,candidate,1120,1280,720,1920,1080,11.2179,12.1905,9.83654,1,1,0,0,0,0
1080,4,candidate,1121,1280,720,1920,1080,11.7371,12.7127,10.0997,1,1,0,0,0,0
1080,4,candidate,1122,1280,720,1920,1080,11.2937,12.3465,9.91334,1,1,0,0,0,0
1080,4,candidate,1123,1280,720,1920,1080,11.5026,12.4185,9.92358,1,1,0,0,0,0
1080,4,candidate,1124,1280,720,1920,1080,11.5395,12.4679,10.1591,1,1,0,0,0,0
1080,4,candidate,1125,1280,720,1920,1080,10.9773,11.9718,9.60102,1,1,0,0,0,0
1080,4,candidate,1126,1280,720,1920,1080,11.7432,12.6782,10.0936,1,1,0,0,0,0
1080,4,candidate,1127,1280,720,1920,1080,11.4452,12.3636,10.069,1,1,0,0,0,0
1080,4,candidate,1128,1280,720,1920,1080,11.862,12.8103,10.2943,1,1,0,0,0,0
1080,4,candidate,1129,1280,720,1920,1080,11.3162,12.2184,9.93792,1,1,0,0,0,0
1080,4,candidate,1130,1280,720,1920,1080,11.2794,12.3687,9.89798,1,1,0,0,0,0
1080,4,candidate,1131,1280,720,1920,1080,11.3295,12.3979,9.9543,1,1,0,0,0,0
1080,4,candidate,1132,1280,720,1920,1080,11.3224,12.3254,9.94202,1,1,0,0,0,0
1080,4,candidate,1133,1280,720,1920,1080,11.2876,12.2838,9.90925,1,1,0,0,0,0
1080,4,candidate,1134,1280,720,1920,1080,9.9369,10.9119,8.55654,1,1,0,0,0,0
1080,4,candidate,1135,1280,720,1920,1080,11.264,12.2826,9.88672,1,1,0,0,0,0
1080,4,candidate,1136,1280,720,1920,1080,11.4002,12.3069,9.77203,1,1,0,0,0,0
1080,4,candidate,1137,1280,720,1920,1080,11.2353,12.4636,9.85805,1,1,0,0,0,0
1080,4,candidate,1138,1280,720,1920,1080,11.561,12.5153,10.1775,1,1,0,0,0,0
1080,4,candidate,1139,1280,720,1920,1080,11.0182,12.2074,9.64301,1,1,0,0,0,0
1080,4,candidate,1140,1280,720,1920,1080,10.9599,12.0606,9.57747,1,1,0,0,0,0
1080,4,candidate,1141,1280,720,1920,1080,11.3367,12.3142,9.9584,1,1,0,0,0,0
1080,4,candidate,1142,1280,720,1920,1080,11.3039,12.3377,9.92154,1,1,0,0,0,0
1080,4,candidate,1143,1280,720,1920,1080,11.2579,12.2767,9.88058,1,1,0,0,0,0
1080,4,candidate,1144,1280,720,1920,1080,11.2794,12.3255,9.89798,1,1,0,0,0,0
1080,4,candidate,1145,1280,720,1920,1080,11.2927,12.3022,9.91437,1,1,0,0,0,0
1080,4,candidate,1146,1280,720,1920,1080,11.4616,12.4885,10.0813,1,1,0,0,0,0
1080,4,candidate,1147,1280,720,1920,1080,11.4524,12.5701,10.0741,1,1,0,0,0,0
1080,4,candidate,1148,1280,720,1920,1080,11.3183,12.2948,9.93894,1,1,0,0,0,0
1080,4,candidate,1149,1280,720,1920,1080,11.5302,12.7384,10.155,1,1,0,0,0,0
1080,4,candidate,1150,1280,720,1920,1080,11.478,12.7155,10.0987,1,1,0,0,0,0
1080,4,candidate,1151,1280,720,1920,1080,11.2968,12.4224,9.92154,1,1,0,0,0,0
1080,4,candidate,1152,1280,720,1920,1080,11.2865,12.2797,9.66451,1,1,0,0,0,0
1080,4,candidate,1153,1280,720,1920,1080,11.478,12.3882,10.0987,1,1,0,0,0,0
1080,4,candidate,1154,1280,720,1920,1080,11.5436,12.5336,10.1622,1,1,0,0,0,0
1080,4,candidate,1155,1280,720,1920,1080,11.4668,12.5038,10.0884,1,1,0,0,0,0
1080,4,candidate,1156,1280,720,1920,1080,11.4749,12.6174,10.0936,1,1,0,0,0,0
1080,4,candidate,1157,1280,720,1920,1080,11.2333,12.2608,9.85805,1,1,0,0,0,0
1080,4,candidate,1158,1280,720,1920,1080,11.478,12.4642,10.0977,1,1,0,0,0,0
1080,4,candidate,1159,1280,720,1920,1080,11.3224,12.3782,9.94406,1,1,0,0,0,0
1080,4,candidate,1160,1280,720,1920,1080,11.3449,12.2966,9.96557,1,1,0,0,0,0
1080,4,candidate,1161,1280,720,1920,1080,11.2927,12.2657,9.91437,1,1,0,0,0,0
1080,4,candidate,1162,1280,720,1920,1080,11.5999,13.0759,10.2175,1,1,0,0,0,0
1080,4,candidate,1163,1280,720,1920,1080,11.3285,12.3776,9.95328,1,1,0,0,0,0
1080,4,candidate,1164,1280,720,1920,1080,11.4657,12.3978,10.0854,1,1,0,0,0,0
1080,4,candidate,1165,1280,720,1920,1080,11.476,12.5135,10.0987,1,1,0,0,0,0
1080,4,candidate,1166,1280,720,1920,1080,11.4749,12.5869,10.0936,1,1,0,0,0,0
1080,4,candidate,1167,1280,720,1920,1080,11.4422,12.4039,10.0659,1,1,0,0,0,0
1080,4,candidate,1168,1280,720,1920,1080,11.519,12.695,10.1376,1,1,0,0,0,0
1080,4,candidate,1169,1280,720,1920,1080,11.2916,12.3454,9.91539,1,1,0,0,0,0
1080,4,candidate,1170,1280,720,1920,1080,11.1923,12.1911,9.81299,1,1,0,0,0,0
1080,4,candidate,1171,1280,720,1920,1080,11.3203,12.375,9.94509,1,1,0,0,0,0
1080,4,candidate,1172,1280,720,1920,1080,11.2558,12.2169,9.87443,1,1,0,0,0,0
1080,4,candidate,1173,1280,720,1920,1080,11.5446,12.5463,9.89798,1,1,0,0,0,0
1080,4,candidate,1174,1280,720,1920,1080,11.4698,12.5066,9.82938,1,1,0,0,0,0
1080,4,candidate,1175,1280,720,1920,1080,11.394,12.3734,10.0188,1,1,0,0,0,0
1080,4,candidate,1176,1280,720,1920,1080,11.2896,12.3103,9.90925,1,1,0,0,0,0
1080,4,candidate,1177,1280,720,1920,1080,11.2404,12.2272,9.86522,1,1,0,0,0,0
1080,4,candidate,1178,1280,720,1920,1080,11.4627,12.7099,9.80787,1,1,0,0,0,0
1080,4,candidate,1179,1280,720,1920,1080,11.4831,12.4874,9.84678,1,1,0,0,0,0
1080,4,candidate,1180,1280,720,1920,1080,11.2507,12.2923,9.87136,1,1,0,0,0,0
1080,4,candidate,1181,1280,720,1920,1080,11.4903,12.4125,9.84269,1,1,0,0,0,0
1080,4,candidate,1182,1280,720,1920,1080,11.3101,12.2991,9.66042,1,1,0,0,0,0
1080,4,candidate,1183,1280,720,1920,1080,11.5067,12.5138,9.86317,1,1,0,0,0,0
1080,4,candidate,1184,1280,720,1920,1080,11.1995,12.1284,9.63277,1,1,0,0,0,0
1080,4,candidate,1185,1280,720,1920,1080,11.137,12.2394,9.76179,1,1,0,0,0,0
1080,4,candidate,1186,1280,720,1920,1080,11.3654,12.3398,9.9881,1,1,0,0,0,0
1080,4,candidate,1187,1280,720,1920,1080,11.2896,12.2394,9.91027,1,1,0,0,0,0
1080,4,candidate,1188,1280,720,1920,1080,11.2148,12.4328,9.83962,1,1,0,0,0,0
1080,4,candidate,1189,1280,720,1920,1080,11.2302,12.4704,9.85498,1,1,0,0,0,0
1080,4,candidate,1190,1280,720,1920,1080,11.1862,12.6673,9.80787,1,1,0,0,0,0
1080,4,candidate,1191,1280,720,1920,1080,11.4289,12.4806,10.0516,1,1,0,0,0,0
1080,4,candidate,1192,1280,720,1920,1080,11.2865,12.2835,9.90822,1,1,0,0,0,0
1080,4,candidate,1193,1280,720,1920,1080,11.1811,12.4179,9.80787,1,1,0,0,0,0
1080,4,candidate,1194,1280,720,1920,1080,11.3633,12.3883,9.79251,1,1,0,0,0,0
1080,4,candidate,1195,1280,720,1920,1080,11.4401,12.5351,10.0659,1,1,0,0,0,0
1080,4,candidate,1196,1280,720,1920,1080,10.9793,12.1913,9.60307,1,1,0,0,0,0
1080,4,candidate,1197,1280,720,1920,1080,11.0438,12.1589,9.67373,1,1,0,0,0,0
1080,4,candidate,1198,1280,720,1920,1080,11.5272,12.5492,10.1478,1,1,0,0,0,0
1080,4,candidate,1199,1280,720,1920,1080,11.2794,12.4472,9.90822,1,1,0,0,0,0
1080,4,reference,300,1280,720,1920,1080,11.4575,12.468,9.82118,1,1,0,0,0,0
1080,4,reference,301,1280,720,1920,1080,11.4883,12.402,9.84986,1,1,0,0,0,0
1080,4,reference,302,1280,720,1920,1080,11.4934,12.5969,9.83142,1,1,0,0,0,0
1080,4,reference,303,1280,720,1920,1080,11.4729,12.6206,9.82221,1,1,0,0,0,0
1080,4,reference,304,1280,720,1920,1080,11.1729,12.3014,9.76896,1,1,0,0,0,0
1080,4,reference,305,1280,720,1920,1080,11.4391,12.5165,9.78739,1,1,0,0,0,0
1080,4,reference,306,1280,720,1920,1080,11.3183,12.3382,9.67168,1,1,0,0,0,0
1080,4,reference,307,1280,720,1920,1080,11.3265,12.4822,9.66963,1,1,0,0,0,0
1080,4,reference,308,1280,720,1920,1080,11.3121,12.3796,9.66861,1,1,0,0,0,0
1080,4,reference,309,1280,720,1920,1080,11.3152,12.2722,9.65734,1,1,0,0,0,0
1080,4,reference,310,1280,720,1920,1080,11.2599,12.2598,9.60205,1,1,0,0,0,0
1080,4,reference,311,1280,720,1920,1080,11.3428,12.413,9.70547,1,1,0,0,0,0
1080,4,reference,312,1280,720,1920,1080,11.2435,12.5183,9.86931,1,1,0,0,0,0
1080,4,reference,313,1280,720,1920,1080,11.2896,12.3768,9.73517,1,1,0,0,0,0
1080,4,reference,314,1280,720,1920,1080,11.3961,12.411,10.0229,1,1,0,0,0,0
1080,4,reference,315,1280,720,1920,1080,11.2538,12.386,9.87648,1,1,0,0,0,0
1080,4,reference,316,1280,720,1920,1080,11.3111,12.3035,9.93587,1,1,0,0,0,0
1080,4,reference,317,1280,720,1920,1080,11.351,12.3639,9.72493,1,1,0,0,0,0
1080,4,reference,318,1280,720,1920,1080,11.0418,12.3145,9.66758,1,1,0,0,0,0
1080,4,reference,319,1280,720,1920,1080,11.223,12.4908,9.84986,1,1,0,0,0,0
1080,4,reference,320,1280,720,1920,1080,11.18,12.2979,9.8048,1,1,0,0,0,0
1080,4,reference,321,1280,720,1920,1080,11.1094,12.2165,9.73414,1,1,0,0,0,0
1080,4,reference,322,1280,720,1920,1080,11.3101,12.5349,9.93485,1,1,0,0,0,0
1080,4,reference,323,1280,720,1920,1080,11.4739,12.4172,10.0936,1,1,0,0,0,0
1080,4,reference,324,1280,720,1920,1080,11.1217,12.3304,9.7495,1,1,0,0,0,0
1080,4,reference,325,1280,720,1920,1080,11.1176,12.2189,9.74029,1,1,0,0,0,0
1080,4,reference,326,1280,720,1920,1080,11.3521,12.5215,9.97581,1,1,0,0,0,0
1080,4,reference,327,1280,720,1920,1080,11.3091,12.3208,9.9328,1,1,0,0,0,0
1080,4,reference,328,1280,720,1920,1080,11.2988,12.3982,9.66656,1,1,0,0,0,0
1080,4,reference,329,1280,720,1920,1080,10.9732,12.0467,9.59898,1,1,0,0,0,0
1080,4,reference,330,1280,720,1920,1080,11.2927,12.2658,9.67987,1,1,0,0,0,0
1080,4,reference,331,1280,720,1920,1080,11.4063,12.2673,9.84371,1,1,0,0,0,0
1080,4,reference,332,1280,720,1920,1080,11.3244,12.2572,9.95123,1,1,0,0,0,0
1080,4,reference,333,1280,720,1920,1080,11.2916,12.2163,9.91539,1,1,0,0,0,0
1080,4,reference,334,1280,720,1920,1080,11.2916,12.3778,9.91642,1,1,0,0,0,0
1080,4,reference,335,1280,720,1920,1080,11.3029,12.2437,9.92768,1,1,0,0,0,0
1080,4,reference,336,1280,720,1920,1080,11.8436,13.0369,10.2093,1,1,0,0,0,0
1080,4,reference,337,1280,720,1920,1080,11.264,12.2972,9.88672,1,1,0,0,0,0
1080,4,reference,338,1280,720,1920,1080,11.2783,12.3362,9.90413,1,1,0,0,0,0
1080,4,reference,339,1280,720,1920,1080,11.2927,12.3061,9.91437,1,1,0,0,0,0
1080,4,reference,340,1280,720,1920,1080,11.4493,12.6341,9.80275,1,1,0,0,0,0
1080,4,reference,341,1280,720,1920,1080,11.3971,12.5094,9.99731,1,1,0,0,0,0
1080,4,reference,342,1280,720,1920,1080,11.3623,12.48,9.98707,1,1,0,0,0,0
1080,4,reference,343,1280,720,1920,1080,11.3009,12.3527,9.92256,1,1,0,0,0,0
1080,4,reference,344,1280,720,1920,1080,11.4964,12.6964,9.84576,1,1,0,0,0,0
1080,4,reference,345,1280,720,1920,1080,11.4801,12.5337,9.82323,1,1,0,0,0,0
1080,4,reference,346,1280,720,1920,1080,11.3357,12.3958,9.95738,1,1,0,0,0,0
1080,4,reference,347,1280,720,1920,1080,11.2497,12.2742,9.87238,1,1,0,0,0,0
1080,4,reference,348,1280,720,1920,1080,11.4708,12.6235,9.83859,1,1,0,0,0,0
1080,4,reference,349,1280,720,1920,1080,11.3039,12.3031,9.92358,1,1,0,0,0,0
1080,4,reference,350,1280,720,1920,1080,11.4473,12.4313,10.071,1,1,0,0,0,0
1080,4,reference,351,1280,720,1920,1080,11.519,12.7126,9.87648,1,1,0,0,0,0
1080,4,reference,352,1280,720,1920,1080,11.2906,12.407,9.91642,1,1,0,0,0,0
1080,4,reference,353,1280,720,1920,1080,11.5067,12.5249,9.856,1,1,0,0,0,0
1080,4,reference,354,1280,720,1920,1080,11.4883,12.4748,9.82938,1,1,0,0,0,0
1080,4,reference,355,1280,720,1920,1080,11.8548,13.2155,10.1837,1,1,0,0,0,0
1080,4,reference,356,1280,720,1920,1080,11.2179,12.3287,9.84269,1,1,0,0,0,0
1080,4,reference,357,1280,720,1920,1080,11.4534,12.4592,10.0762,1,1,0,0,0,0
1080,4,reference,358,1280,720,1920,1080,11.4964,12.6974,10.1181,1,1,0,0,0,0
1080,4,reference,359,1280,720,1920,1080,11.4729,12.4477,10.0956,1,1,0,0,0,0
1080,4,reference,360,1280,720,1920,1080,11.2138,12.2406,9.83962,1,1,0,0,0,0
1080,4,reference,361,1280,720,1920,1080,11.4647,12.4634,10.0864,1,1,0,0,0,0
1080,4,reference,362,1280,720,1920,1080,11.4463,12.6439,10.0721,1,1,0,0,0,0
1080,4,reference,363,1280,720,1920,1080,11.136,12.2798,9.74131,1,1,0,0,0,0
1080,4,reference,364,1280,720,1920,1080,11.5681,12.6126,10.1898,1,1,0,0,0,0
1080,4,reference,365,1280,720,1920,1080,11.4954,12.7827,10.1181,1,1,0,0,0,0
1080,4,reference,366,1280,720,1920,1080,11.4739,12.4557,10.0966,1,1,0,0,0,0
1080,4,reference,367,1280,720,1920,1080,11.2712,12.3036,9.89389,1,1,0,0,0,0
1080,4,reference,368,1280,720,1920,1080,11.4289,12.3856,10.0516,1,1,0,0,0,0
1080,4,reference,369,1280,720,1920,1080,11.308,12.2853,9.92973,1,1,0,0,0,0
1080,4,reference,370,1280,720,1920,1080,11.6818,12.6291,10.3045,1,1,0,0,0,0
1080,4,reference,371,1280,720,1920,1080,11.4586,12.4649,10.0823,1,1,0,0,0,0
1080,4,reference,372,1280,720,1920,1080,11.5067,12.5899,10.1315,1,1,0,0,0,0
1080,4,reference,373,1280,720,1920,1080,11.2927,12.3392,9.91232,1,1,0,0,0,0
1080,4,reference,374,1280,720,1920,1080,11.4483,12.4,10.0741,1,1,0,0,0,0
1080,4,reference,375,1280,720,1920,1080,11.1985,12.1133,9.66144,1,1,0,0,0,0
1080,4,reference,376,1280,720,1920,1080,11.3828,12.276,10.0086,1,1,0,0,0,0
1080,4,reference,377,1280,720,1920,1080,11.308,12.2793,9.92973,1,1,0,0,0,0
1080,4,reference,378,1280,720,1920,1080,11.4657,12.5083,9.83142,1,1,0,0,0,0
1080,4,reference,379,1280,720,1920,1080,11.2855,12.3008,9.90515,1,1,0,0,0,0
1080,4,reference,380,1280,720,1920,1080,11.4555,12.463,9.82016,1,1,0,0,0,0
1080,4,reference,381,1280,720,1920,1080,12.0801,13.0122,10.6916,1,1,0,0,0,0
1080,4,reference,382,1280,720,1920,1080,9.76282,10.706,8.39168,1,1,0,0,0,0
1080,4,reference,383,1280,720,1920,1080,10.9404,12.3121,9.56211,1,1,0,0,0,0
1080,4,reference,384,1280,720,1920,1080,12.7631,13.9152,10.1253,1,1,0,0,0,0
1080,4,reference,385,1280,720,1920,1080,11.3828,12.5709,10.0065,1,1,0,0,0,0
1080,4,reference,386,1280,720,1920,1080,11.222,12.1978,9.84678,1,1,0,0,0,0
1080,4,reference,387,1280,720,1920,1080,11.4258,12.3819,10.0495,1,1,0,0,0,0
1080,4,reference,388,1280,720,1920,1080,11.4944,12.4884,9.82835,1,1,0,0,0,0
1080,4,reference,389,1280,720,1920,1080,11.5855,12.6405,9.9031,1,1,0,0,0,0
1080,4,reference,390,1280,720,1920,1080,11.7166,12.7416,10.0424,1,1,0,0,0,0
1080,4,reference,391,1280,720,1920,1080,11.3449,12.2821,9.96762,1,1,0,0,0,0
1080,4,reference,392,1280,720,1920,1080,11.3152,12.3656,9.94202,1,1,0,0,0,0
1080,4,reference,393,1280,720,1920,1080,11.4289,12.4391,9.79251,1,1,0,0,0,0
1080,4,reference,394,1280,720,1920,1080,11.7074,12.7882,10.1366,1,1,0,0,0,0
1080,4,reference,395,1280,720,1920,1080,11.1032,12.1215,9.68397,1,1,0,0,0,0
1080,4,reference,396,1280,720,1920,1080,11.4217,12.4294,9.78534,1,1,0,0,0,0
1080,4,reference,397,1280,720,1920,1080,10.879,12.1282,9.50272,1,1,0,0,0,0
1080,4,reference,398,1280,720,1920,1080,11.094,12.1621,9.72083,1,1,0,0,0,0
1080,4,reference,399,1280,720,1920,1080,11.3408,12.3254,9.62662,1,1,0,0,0,0
1080,4,reference,400,1280,720,1920,1080,11.2128,12.487,9.83962,1,1,0,0,0,0
1080,4,reference,401,1280,720,1920,1080,11.2148,12.4448,9.83245,1,1,0,0,0,0
1080,4,reference,402,1280,720,1920,1080,11.1503,12.279,9.77408,1,1,0,0,0,0
1080,4,reference,403,1280,720,1920,1080,11.305,12.2647,9.92461,1,1,0,0,0,0
1080,4,reference,404,1280,720,1920,1080,11.0152,12.3625,9.63891,1,1,0,0,0,0
1080,4,reference,405,1280,720,1920,1080,11.0438,12.1487,9.66758,1,1,0,0,0,0
1080,4,reference,406,1280,720,1920,1080,11.263,12.3125,9.88774,1,1,0,0,0,0
1080,4,reference,407,1280,720,1920,1080,11.2876,12.3402,9.9072,1,1,0,0,0,0
1080,4,reference,408,1280,720,1920,1080,11.4309,12.374,9.66758,1,1,0,0,0,0
1080,4,reference,409,1280,720,1920,1080,11.2282,12.333,9.84678,1,1,0,0,0,0
1080,4,reference,410,1280,720,1920,1080,11.3091,12.3098,9.93587,1,1,0,0,0,0
1080,4,reference,411,1280,720,1920,1080,11.1165,12.3703,9.73926,1,1,0,0,0,0
1080,4,reference,412,1280,720,1920,1080,11.0664,12.0656,9.67373,1,1,0,0,0,0
1080,4,reference,413,1280,720,1920,1080,11.5169,12.4798,9.88774,1,1,0,0,0,0
1080,4,reference,414,1280,720,1920,1080,11.3695,12.3001,9.99629,1,1,0,0,0,0
1080,4,reference,415,1280,720,1920,1080,11.306,12.2266,9.93075,1,1,0,0,0,0
1080,4,reference,416,1280,720,1920,1080,11.2036,12.301,8.90266,1,1,0,0,0,0
1080,4,reference,417,1280,720,1920,1080,9.91539,10.7909,8.54016,1,1,0,0,0,0
1080,4,reference,418,1280,720,1920,1080,12.4529,13.4365,10.1816,1,1,0,0,0,0
1080,4,reference,419,1280,720,1920,1080,11.1165,12.3604,9.74131,1,1,0,0,0,0
1080,4,reference,420,1280,720,1920,1080,11.39,12.3139,10.0168,1,1,0,0,0,0
1080,4,reference,421,1280,720,1920,1080,11.3132,12.3025,9.66758,1,1,0,0,0,0
1080,4,reference,422,1280,720,1920,1080,11.2333,12.5011,9.85907,1,1,0,0,0,0
1080,4,reference,423,1280,720,1920,1080,11.2476,12.3032,9.69318,1,1,0,0,0,0
1080,4,reference,424,1280,720,1920,1080,11.3152,12.3474,9.94099,1,1,0,0,0,0
1080,4,reference,425,1280,720,1920,1080,11.1575,12.4751,9.7833,1,1,0,0,0,0
1080,4,reference,426,1280,720,1920,1080,11.1903,12.4498,9.81709,1,1,0,0,0,0
1080,4,reference,427,1280,720,1920,1080,11.4883,12.6547,10.112,1,1,0,0,0,0
1080,4,reference,428,1280,720,1920,1080,11.3459,12.4491,9.70547,1,1,0,0,0,0
1080,4,reference,429,1280,720,1920,1080,11.2148,12.6175,9.83859,1,1,0,0,0,0
1080,4,reference,430,1280,720,1920,1080,11.2507,12.4779,9.87853,1,1,0,0,0,0
1080,4,reference,431,1280,720,1920,1080,11.3029,12.3569,9.66042,1,1,0,0,0,0
1080,4,reference,432,1280,720,1920,1080,11.3183,12.3933,9.68602,1,1,0,0,0,0
1080,4,reference,433,1280,720,1920,1080,11.265,12.8915,9.89184,1,1,0,0,0,0
1080,4,reference,434,1280,720,1920,1080,11.4473,12.5163,9.80787,1,1,0,0,0,0
1080,4,reference,435,1280,720,1920,1080,11.2886,12.288,9.6512,1,1,0,0,0,0
1080,4,reference,436,1280,720,1920,1080,11.3152,12.3366,9.66963,1,1,0,0,0,0
1080,4,reference,437,1280,720,1920,1080,11.2241,12.5475,9.84678,1,1,0,0,0,0
1080,4,reference,438,1280,720,1920,1080,11.2824,12.7456,9.91027,1,1,0,0,0,0
1080,4,reference,439,1280,720,1920,1080,11.2783,12.2866,9.90413,1,1,0,0,0,0
1080,4,reference,440,1280,720,1920,1080,11.3818,12.3919,9.73722,1,1,0,0,0,0
1080,4,reference,441,1280,720,1920,1080,11.177,12.1916,9.61126,1,1,0,0,0,0
1080,4,reference,442,1280,720,1920,1080,11.5159,12.4798,10.1437,1,1,0,0,0,0
1080,4,reference,443,1280,720,1920,1080,9.8007,10.7651,8.42547,1,1,0,0,0,0
1080,4,reference,444,1280,720,1920,1080,11.0469,12.9971,9.6727,1,1,0,0,0,0
1080,4,reference,445,1280,720,1920,1080,11.049,12.0525,9.6727,1,1,0,0,0,0
1080,4,reference,446,1280,720,1920,1080,11.3613,12.2391,9.9881,1,1,0,0,0,0
1080,4,reference,447,1280,720,1920,1080,11.3172,12.2926,9.94202,1,1,0,0,0,0
1080,4,reference,448,1280,720,1920,1080,11.3357,12.3337,9.95942,1,1,0,0,0,0
1080,4,reference,449,1280,720,1920,1080,11.5743,12.5374,10.196,1,1,0,0,0,0
1080,4,reference,450,1280,720,1920,1080,11.4422,12.4004,9.87341,1,1,0,0,0,0
1080,4,reference,451,1280,720,1920,1080,11.6122,12.6211,9.99322,1,1,0,0,0,0
1080,4,reference,452,1280,720,1920,1080,11.8446,12.8558,10.4632,1,1,0,0,0,0
1080,4,reference,453,1280,720,1920,1080,11.307,12.1745,9.68704,1,1,0,0,0,0
1080,4,reference,454,1280,720,1920,1080,11.4493,12.35,10.0762,1,1,0,0,0,0
1080,4,reference,455,1280,720,1920,1080,11.3613,12.2426,9.98707,1,1,0,0,0,0
1080,4,reference,456,1280,720,1920,1080,11.2333,12.3634,9.83654,1,1,0,0,0,0
1080,4,reference,457,1280,720,1920,1080,11.0346,12.0621,9.61434,1,1,0,0,0,0
1080,4,reference,458,1280,720,1920,1080,11.2128,12.1568,9.82835,1,1,0,0,0,0
1080,4,reference,459,1280,720,1920,1080,11.391,12.4532,10.0024,1,1,0,0,0,0
1080,4,reference,460,1280,720,1920,1080,11.4627,12.4653,9.8048,1,1,0,0,0,0
1080,4,reference,461,1280,720,1920,1080,9.95123,10.961,8.576,1,1,0,0,0,0
1080,4,reference,462,1280,720,1920,1080,12.2737,14.1464,10.2851,1,1,0,0,0,0
1080,4,reference,463,1280,720,1920,1080,11.6234,12.8547,10.2472,1,1,0,0,0,0
1080,4,reference,464,1280,720,1920,1080,11.305,12.33,9.93075,1,1,0,0,0,0
1080,4,reference,465,1280,720,1920,1080,11.4749,12.4423,9.81811,1,1,0,0,0,0
1080,4,reference,466,1280,720,1920,1080,11.3162,12.2275,9.94406,1,1,0,0,0,0
1080,4,reference,467,1280,720,1920,1080,11.477,12.4779,9.82426,1,1,0,0,0,0
1080,4,reference,468,1280,720,1920,1080,11.4647,12.5163,9.81197,1,1,0,0,0,0
1080,4,reference,469,1280,720,1920,1080,11.4852,12.5287,9.84678,1,1,0,0,0,0
1080,4,reference,470,1280,720,1920,1080,11.6163,12.6135,9.93075,1,1,0,0,0,0
1080,4,reference,471,1280,720,1920,1080,11.4893,12.3987,9.84269,1,1,0,0,0,0
1080,4,reference,472,1280,720,1920,1080,9.91437,10.8953,8.54323,1,1,0,0,0,0
1080,4,reference,473,1280,720,1920,1080,12.7795,13.8537,11.3664,1,1,0,0,0,0
1080,4,reference,474,1280,720,1920,1080,9.7536,10.7842,8.38349,1,1,0,0,0,0
1080,4,reference,475,1280,720,1920,1080,12.3003,13.4534,9.9625,1,1,0,0,0,0
1080,4,reference,476,1280,720,1920,1080,11.648,12.7122,10.0035,1,1,0,0,0,0
1080,4,reference,477,1280,720,1920,1080,11.3951,12.4306,9.73824,1,1,0,0,0,0
1080,4,reference,478,1280,720,1920,1080,11.3091,12.2565,9.66758,1,1,0,0,0,0
1080,4,reference,479,1280,720,1920,1080,11.3039,12.2337,9.65632,1,1,0,0,0,0
1080,4,reference,480,1280,720,1920,1080,11.0981,12.4973,9.72288,1,1,0,0,0,0
1080,4,reference,481,1280,720,1920,1080,11.1954,12.5661,9.82118,1,1,0,0,0,0
1080,4,reference,482,1280,720,1920,1080,10.0966,11.1809,8.72448,1,1,0,0,0,0
1080,4,reference,483,1280,720,1920,1080,12.3361,13.3818,10.9609,1,1,0,0,0,0
1080,4,reference,484,1280,720,1920,1080,11.4217,12.4216,10.0475,1,1,0,0,0,0
1080,4,reference,485,1280,720,1920,1080,11.2845,12.3963,9.9072,1,1,0,0,0,0
1080,4,reference,486,1280,720,1920,1080,11.0234,12.1679,9.64915,1,1,0,0,0,0
1080,4,reference,487,1280,720,1920,1080,11.4125,12.5443,9.76998,1,1,0,0,0,0
1080,4,reference,488,1280,720,1920,1080,11.0725,12.5108,9.6983,1,1,0,0,0,0
1080,4,reference,489,1280,720,1920,1080,11.0541,12.375,9.67885,1,1,0,0,0,0
1080,4,reference,490,1280,720,1920,1080,11.1831,12.3771,9.80787,1,1,0,0,0,0
1080,4,reference,491,1280,720,1920,1080,11.18,12.2117,9.80378,1,1,0,0,0,0
1080,4,reference,492,1280,720,1920,1080,11.263,12.3813,9.88979,1,1,0,0,0,0
1080,4,reference,493,1280,720,1920,1080,11.008,12.1342,9.63072,1,1,0,0,0,0
1080,4,reference,494,1280,720,1920,1080,11.3172,12.2687,9.67578,1,1,0,0,0,0
1080,4,reference,495,1280,720,1920,1080,11.3234,12.2573,9.94714,1,1,0,0,0,0
1080,4,reference,496,1280,720,1920,1080,11.4012,12.3123,10.0239,1,1,0,0,0,0
1080,4,reference,497,1280,720,1920,1080,11.2701,12.2275,9.88979,1,1,0,0,0,0
1080,4,reference,498,1280,720,1920,1080,11.3254,12.4733,9.95021,1,1,0,0,0,0
1080,4,reference,499,1280,720,1920,1080,11.3019,12.326,9.92461,1,1,0,0,0,0
1080,4,reference,500,1280,720,1920,1080,11.3203,12.3064,9.94816,1,1,0,0,0,0
1080,4,reference,501,1280,720,1920,1080,11.3091,12.2973,9.93382,1,1,0,0,0,0
1080,4,reference,502,1280,720,1920,1080,11.4565,12.3909,9.83245,1,1,0,0,0,0
1080,4,reference,503,1280,720,1920,1080,11.4883,12.5065,9.85088,1,1,0,0,0,0
1080,4,reference,504,1280,720,1920,1080,11.4872,12.4502,9.84986,1,1,0,0,0,0
1080,4,reference,505,1280,720,1920,1080,11.4647,12.4803,9.82426,1,1,0,0,0,0
1080,4,reference,506,1280,720,1920,1080,11.5405,12.5497,9.87853,1,1,0,0,0,0
1080,4,reference,507,1280,720,1920,1080,11.4412,12.4478,9.86726,1,1,0,0,0,0
1080,4,reference,508,1280,720,1920,1080,11.3746,12.4339,10.0014,1,1,0,0,0,0
1080,4,reference,509,1280,720,1920,1080,11.179,12.0931,9.79763,1,1,0,0,0,0
1080,4,reference,510,1280,720,1920,1080,11.2527,12.2119,9.8775,1,1,0,0,0,0
1080,4,reference,511,1280,720,1920,1080,11.5436,12.5398,9.90003,1,1,0,0,0,0
1080,4,reference,512,1280,720,1920,1080,11.3377,12.4554,9.68294,1,1,0,0,0,0
1080,4,reference,513,1280,720,1920,1080,11.5405,12.6877,9.89082,1,1,0,0,0,0
1080,4,reference,514,1280,720,1920,1080,11.2906,12.3178,9.63994,1,1,0,0,0,0
1080,4,reference,515,1280,720,1920,1080,11.3039,12.3197,9.6553,1,1,0,0,0,0
1080,4,reference,516,1280,720,1920,1080,11.2824,12.3543,9.64096,1,1,0,0,0,0
1080,4,reference,517,1280,720,1920,1080,11.3592,12.3365,9.71776,1,1,0,0,0,0
1080,4,reference,518,1280,720,1920,1080,11.266,12.2426,9.63174,1,1,0,0,0,0
1080,4,reference,519,1280,720,1920,1080,11.2015,12.3896,9.82733,1,1,0,0,0,0
1080,4,reference,520,1280,720,1920,1080,11.3019,13.1607,9.92973,1,1,0,0,0,0
1080,4,reference,521,1280,720,1920,1080,11.3142,12.3289,9.65734,1,1,0,0,0,0
1080,4,reference,522,1280,720,1920,1080,11.2292,12.2484,9.58976,1,1,0,0,0,0
1080,4,reference,523,1280,720,1920,1080,11.4145,12.7907,10.0403,1,1,0,0,0,0
1080,4,reference,524,1280,720,1920,1080,11.3306,12.3547,9.68602,1,1,0,0,0,0
1080,4,reference,525,1280,720,1920,1080,11.2886,12.4255,9.63891,1,1,0,0,0,0
1080,4,reference,526,1280,720,1920,1080,11.3326,12.3868,9.69523,1,1,0,0,0,0
1080,4,reference,527,1280,720,1920,1080,11.3521,12.8571,9.97683,1,1,0,0,0,0
1080,4,reference,528,1280,720,1920,1080,11.3336,12.5468,9.68704,1,1,0,0,0,0
1080,4,reference,529,1280,720,1920,1080,11.4422,12.3507,9.80378,1,1,0,0,0,0
1080,4,reference,530,1280,720,1920,1080,11.4412,12.417,9.80582,1,1,0,0,0,0
1080,4,reference,531,1280,720,1920,1080,11.4371,12.577,9.69933,1,1,0,0,0,0
1080,4,reference,532,1280,720,1920,1080,11.5374,12.4738,9.9072,1,1,0,0,0,0
1080,4,reference,533,1280,720,1920,1080,11.4278,12.4343,9.79866,1,1,0,0,0,0
1080,4,reference,534,1280,720,1920,1080,11.2466,12.2999,9.60922,1,1,0,0,0,0
1080,4,reference,535,1280,720,1920,1080,11.39,12.3548,9.74131,1,1,0,0,0,0
1080,4,reference,536,1280,720,1920,1080,11.2415,12.5199,9.86726,1,1,0,0,0,0
1080,4,reference,537,1280,720,1920,1080,11.3029,12.335,9.65018,1,1,0,0,0,0
1080,4,reference,538,1280,720,1920,1080,11.1841,12.6094,9.81299,1,1,0,0,0,0
1080,4,reference,539,1280,720,1920,1080,11.3838,12.9909,10.0086,1,1,0,0,0,0
1080,4,reference,540,1280,720,1920,1080,11.4125,12.5012,10.0372,1,1,0,0,0,0
1080,4,reference,541,1280,720,1920,1080,11.4688,12.3846,9.84371,1,1,0,0,0,0
1080,4,reference,542,1280,720,1920,1080,11.393,12.3112,9.74848,1,1,0,0,0,0
1080,4,reference,543,1280,720,1920,1080,11.393,12.3073,9.7495,1,1,0,0,0,0
1080,4,reference,544,1280,720,1920,1080,11.2681,12.4607,9.89798,1,1,0,0,0,0
1080,4,reference,545,1280,720,1920,1080,11.3203,12.8252,9.94611,1,1,0,0,0,0
1080,4,reference,546,1280,720,1920,1080,11.051,12.2916,8.39373,1,1,0,0,0,0
1080,4,reference,547,1280,720,1920,1080,11.7289,12.6956,10.1847,1,1,0,0,0,0
1080,4,reference,548,1280,720,1920,1080,11.266,12.2493,9.89286,1,1,0,0,0,0
1080,4,reference,549,1280,720,1920,1080,11.2241,12.2747,9.67578,1,1,0,0,0,0
1080,4,reference,550,1280,720,1920,1080,11.4534,12.597,10.0803,1,1,0,0,0,0
1080,4,reference,551,1280,720,1920,1080,11.0223,12.083,8.39782,1,1,0,0,0,0
1080,4,reference,552,1280,720,1920,1080,11.1606,12.3607,9.78534,1,1,0,0,0,0
1080,4,reference,553,1280,720,1920,1080,11.3347,12.3327,9.95738,1,1,0,0,0,0
1080,4,reference,554,1280,720,1920,1080,11.393,12.3982,10.0198,1,1,0,0,0,0
1080,4,reference,555,1280,720,1920,1080,11.2855,12.3247,9.9072,1,1,0,0,0,0
1080,4,reference,556,1280,720,1920,1080,11.2589,12.5729,9.88467,1,1,0,0,0,0
1080,4,reference,557,1280,720,1920,1080,11.2671,12.3587,9.88877,1,1,0,0,0,0
1080,4,reference,558,1280,720,1920,1080,11.2394,12.3064,9.86624,1,1,0,0,0,0
1080,4,reference,559,1280,720,1920,1080,11.2087,12.2358,9.8345,1,1,0,0,0,0
1080,4,reference,560,1280,720,1920,1080,11.4616,12.4126,10.0884,1,1,0,0,0,0
1080,4,reference,561,1280,720,1920,1080,11.2886,12.3226,9.90515,1,1,0,0,0,0
1080,4,reference,562,1280,720,1920,1080,11.6716,12.6204,10.2984,1,1,0,0,0,0
1080,4,reference,563,1280,720,1920,1080,11.3091,12.2577,9.9328,1,1,0,0,0,0
1080,4,reference,564,1280,720,1920,1080,11.1217,12.4421,9.7495,1,1,0,0,0,0
1080,4,reference,565,1280,720,1920,1080,11.2527,12.3582,9.8775,1,1,0,0,0,0
1080,4,reference,566,1280,720,1920,1080,11.2282,12.169,9.856,1,1,0,0,0,0
1080,4,reference,567,1280,720,1920,1080,11.0766,12.2156,9.68499,1,1,0,0,0,0
1080,4,reference,568,1280,720,1920,1080,11.2773,12.1848,9.73005,1,1,0,0,0,0
1080,4,reference,569,1280,720,1920,1080,11.4596,12.3704,10.0823,1,1,0,0,0,0
1080,4,reference,570,1280,720,1920,1080,11.3562,12.4281,9.9799,1,1,0,0,0,0
1080,4,reference,571,1280,720,1920,1080,11.4893,12.6765,10.111,1,1,0,0,0,0
1080,4,reference,572,1280,720,1920,1080,11.5814,12.6046,10.2052,1,1,0,0,0,0
1080,4,reference,573,1280,720,1920,1080,11.3439,12.3404,9.96659,1,1,0,0,0,0
1080,4,reference,574,1280,720,1920,1080,11.308,12.3257,9.9328,1,1,0,0,0,0
1080,4,reference,575,1280,720,1920,1080,11.3265,12.4884,9.69626,1,1,0,0,0,0
1080,4,reference,576,1280,720,1920,1080,11.3111,12.248,9.93485,1,1,0,0,0,0
1080,4,reference,577,1280,720,1920,1080,11.2425,12.2079,9.86624,1,1,0,0,0,0
1080,4,reference,578,1280,720,1920,1080,11.2763,12.2816,9.90208,1,1,0,0,0,0
1080,4,reference,579,1280,720,1920,1080,9.91949,11.1089,8.54733,1,1,0,0,0,0
1080,4,reference,580,1280,720,1920,1080,9.38701,10.3849,8.0169,1,1,0,0,0,0
1080,4,reference,581,1280,720,1920,1080,12.6925,13.6971,11.2681,1,1,0,0,0,0
1080,4,reference,582,1280,720,1920,1080,11.4975,12.6482,9.83347,1,1,0,0,0,0
1080,4,reference,583,1280,720,1920,1080,11.2916,12.6328,9.91642,1,1,0,0,0,0
1080,4,reference,584,1280,720,1920,1080,11.2947,12.3464,9.92256,1,1,0,0,0,0
1080,4,reference,585,1280,720,1920,1080,11.2845,12.4377,9.90822,1,1,0,0,0,0
1080,4,reference,586,1280,720,1920,1080,11.4207,12.3961,10.0465,1,1,0,0,0,0
1080,4,reference,587,1280,720,1920,1080,11.2425,12.4275,9.86829,1,1,0,0,0,0
1080,4,reference,588,1280,720,1920,1080,11.3193,12.3243,9.94714,1,1,0,0,0,0
1080,4,reference,589,1280,720,1920,1080,11.2271,12.3544,9.85293,1,1,0,0,0,0
1080,4,reference,590,1280,720,1920,1080,10.9353,12.0473,9.56314,1,1,0,0,0,0
1080,4,reference,591,1280,720,1920,1080,10.9486,12.1075,9.57747,1,1,0,0,0,0
1080,4,reference,592,1280,720,1920,1080,11.5599,12.5934,10.1806,1,1,0,0,0,0
1080,4,reference,593,1280,720,1920,1080,11.562,12.5394,10.1827,1,1,0,0,0,0
1080,4,reference,594,1280,720,1920,1080,11.4493,12.4445,10.0721,1,1,0,0,0,0
1080,4,reference,595,1280,720,1920,1080,11.3101,12.3588,9.9328,1,1,0,0,0,0
1080,4,reference,596,1280,720,1920,1080,11.5794,12.7112,10.2052,1,1,0,0,0,0
1080,4,reference,597,1280,720,1920,1080,11.2579,12.3948,9.88058,1,1,0,0,0,0
1080,4,reference,598,1280,720,1920,1080,11.266,12.3616,9.89286,1,1,0,0,0,0
1080,4,reference,599,1280,720,1920,1080,11.2599,12.2472,9.88467,1,1,0,0,0,0
1080,4,reference,600,1280,720,1920,1080,11.4739,12.4222,10.1007,1,1,0,0,0,0
1080,4,reference,601,1280,720,1920,1080,11.4616,12.4541,10.0844,1,1,0,0,0,0
1080,4,reference,602,1280,720,1920,1080,11.0643,12.1324,9.65939,1,1,0,0,0,0
1080,4,reference,603,1280,720,1920,1080,11.5016,12.5146,9.88467,1,1,0,0,0,0
1080,4,reference,604,1280,720,1920,1080,11.2988,12.2212,9.92461,1,1,0,0,0,0
1080,4,reference,605,1280,720,1920,1080,11.4207,12.3493,9.7792,1,1,0,0,0,0
1080,4,reference,606,1280,720,1920,1080,11.4831,12.416,9.84166,1,1,0,0,0,0
1080,4,reference,607,1280,720,1920,1080,11.478,12.7127,9.84371,1,1,0,0,0,0
1080,4,reference,608,1280,720,1920,1080,11.3756,12.5202,10.0035,1,1,0,0,0,0
1080,4,reference,609,1280,720,1920,1080,11.262,12.3371,9.88672,1,1,0,0,0,0
1080,4,reference,610,1280,720,1920,1080,11.2906,12.293,9.91539,1,1,0,0,0,0
1080,4,reference,611,1280,720,1920,1080,11.4688,12.62,9.8304,1,1,0,0,0,0
1080,4,reference,612,1280,720,1920,1080,11.2548,12.3251,9.87955,1,1,0,0,0,0
1080,4,reference,613,1280,720,1920,1080,11.4668,12.4205,9.83142,1,1,0,0,0,0
1080,4,reference,614,1280,720,1920,1080,11.605,12.602,9.87546,1,1,0,0,0,0
1080,4,reference,615,1280,720,1920,1080,11.5231,12.5273,9.8857,1,1,0,0,0,0
1080,4,reference,616,1280,720,1920,1080,11.4412,12.3638,9.80378,1,1,0,0,0,0
1080,4,reference,617,1280,720,1920,1080,11.4698,12.7495,9.83245,1,1,0,0,0,0
1080,4,reference,618,1280,720,1920,1080,11.2681,12.3397,9.89696,1,1,0,0,0,0
1080,4,reference,619,1280,720,1920,1080,11.2783,12.2841,9.90106,1,1,0,0,0,0
1080,4,reference,620,1280,720,1920,1080,11.4319,12.4991,9.79763,1,1,0,0,0,0
1080,4,reference,621,1280,720,1920,1080,11.4903,12.5878,9.82118,1,1,0,0,0,0
1080,4,reference,622,1280,720,1920,1080,11.5599,12.5878,9.89389,1,1,0,0,0,0
1080,4,reference,623,1280,720,1920,1080,11.2957,12.3545,9.91949,1,1,0,0,0,0
1080,4,reference,624,1280,720,1920,1080,11.2558,12.3226,9.88467,1,1,0,0,0,0
1080,4,reference,625,1280,720,1920,1080,11.5128,12.4631,9.83654,1,1,0,0,0,0
1080,4,reference,626,1280,720,1920,1080,11.4616,12.403,9.80685,1,1,0,0,0,0
1080,4,reference,627,1280,720,1920,1080,11.221,12.2158,9.57952,1,1,0,0,0,0
1080,4,reference,628,1280,720,1920,1080,11.3019,12.508,9.63379,1,1,0,0,0,0
1080,4,reference,629,1280,720,1920,1080,11.4545,12.5847,9.81504,1,1,0,0,0,0
1080,4,reference,630,1280,720,1920,1080,11.5395,12.6313,9.8816,1,1,0,0,0,0
1080,4,reference,631,1280,720,1920,1080,11.4862,12.5559,9.84371,1,1,0,0,0,0
1080,4,reference,632,1280,720,1920,1080,11.518,12.7316,9.84269,1,1,0,0,0,0
1080,4,reference,633,1280,720,1920,1080,11.4289,12.4607,9.79149,1,1,0,0,0,0
1080,4,reference,634,1280,720,1920,1080,11.2916,12.4014,9.91642,1,1,0,0,0,0
1080,4,reference,635,1280,720,1920,1080,11.4473,12.4186,9.80173,1,1,0,0,0,0
1080,4,reference,636,1280,720,1920,1080,11.4708,12.43,9.8345,1,1,0,0,0,0
1080,4,reference,637,1280,720,1920,1080,11.2773,12.3022,9.90208,1,1,0,0,0,0
1080,4,reference,638,1280,720,1920,1080,11.4924,12.5294,9.84474,1,1,0,0,0,0
1080,4,reference,639,1280,720,1920,1080,11.4821,12.4497,9.82016,1,1,0,0,0,0
1080,4,reference,640,1280,720,1920,1080,11.4483,12.3771,9.79149,1,1,0,0,0,0
1080,4,reference,641,1280,720,1920,1080,11.4432,12.4461,9.80582,1,1,0,0,0,0
1080,4,reference,642,1280,720,1920,1080,11.4412,12.5543,9.80992,1,1,0,0,0,0
1080,4,reference,643,1280,720,1920,1080,11.179,12.2831,9.80685,1,1,0,0,0,0
1080,4,reference,644,1280,720,1920,1080,10.9926,12.0431,9.62048,1,1,0,0,0,0
1080,4,reference,645,1280,720,1920,1080,10.0741,11.0749,8.70093,1,1,0,0,0,0
1080,4,reference,646,1280,720,1920,1080,9.40032,10.2976,8.02918,1,1,0,0,0,0
1080,4,reference,647,1280,720,1920,1080,11.1012,12.1394,9.728,1,1,0,0,0,0
1080,4,reference,648,1280,720,1920,1080,12.2849,13.4969,10.8943,1,1,0,0,0,0
1080,4,reference,649,1280,720,1920,1080,11.4145,12.4974,10.0291,1,1,0,0,0,0
1080,4,reference,650,1280,720,1920,1080,11.2435,12.2609,9.87034,1,1,0,0,0,0
1080,4,reference,651,1280,720,1920,1080,11.2845,12.2581,9.9072,1,1,0,0,0,0
1080,4,reference,652,1280,720,1920,1080,11.2497,12.2306,9.87853,1,1,0,0,0,0
1080,4,reference,653,1280,720,1920,1080,11.3469,12.5359,9.71162,1,1,0,0,0,0
1080,4,reference,654,1280,720,1920,1080,11.2835,12.3754,9.63891,1,1,0,0,0,0
1080,4,reference,655,1280,720,1920,1080,9.74438,10.7676,8.37325,1,1,0,0,0,0
1080,4,reference,656,1280,720,1920,1080,12.3341,13.4721,10.0332,1,1,0,0,0,0
1080,4,reference,657,1280,720,1920,1080,11.1739,12.1061,9.80173,1,1,0,0,0,0
1080,4,reference,658,1280,720,1920,1080,11.0275,12.0531,9.65427,1,1,0,0,0,0
1080,4,reference,659,1280,720,1920,1080,11.1186,12.1182,8.5033,1,1,0,0,0,0
1080,4,reference,660,1280,720,1920,1080,11.0367,12.2714,9.66451,1,1,0,0,0,0
1080,4,reference,661,1280,720,1920,1080,11.2589,12.2266,9.88262,1,1,0,0,0,0
1080,4,reference,662,1280,720,1920,1080,11.3254,12.3341,9.71264,1,1,0,0,0,0
1080,4,reference,663,1280,720,1920,1080,11.2763,12.2242,9.90003,1,1,0,0,0,0
1080,4,reference,664,1280,720,1920,1080,11.2353,12.2426,9.86522,1,1,0,0,0,0
1080,4,reference,665,1280,720,1920,1080,11.4299,12.41,10.0547,1,1,0,0,0,0
1080,4,reference,666,1280,720,1920,1080,11.3172,12.377,9.94509,1,1,0,0,0,0
1080,4,reference,667,1280,720,1920,1080,11.2732,12.2566,9.89696,1,1,0,0,0,0
1080,4,reference,668,1280,720,1920,1080,11.2579,12.293,9.88365,1,1,0,0,0,0
1080,4,reference,669,1280,720,1920,1080,11.2814,12.2596,9.90618,1,1,0,0,0,0
1080,4,reference,670,1280,720,1920,1080,11.4463,12.4544,9.82528,1,1,0,0,0,0
1080,4,reference,671,1280,720,1920,1080,11.4309,12.4898,9.80992,1,1,0,0,0,0
1080,4,reference,672,1280,720,1920,1080,11.4821,12.498,9.82426,1,1,0,0,0,0
1080,4,reference,673,1280,720,1920,1080,11.4237,12.4113,9.78432,1,1,0,0,0,0
1080,4,reference,674,1280,720,1920,1080,11.4463,12.5391,9.8048,1,1,0,0,0,0
1080,4,reference,675,1280,720,1920,1080,11.2507,12.1884,9.87648,1,1,0,0,0,0
1080,4,reference,676,1280,720,1920,1080,11.4862,12.408,9.84474,1,1,0,0,0,0
1080,4,reference,677,1280,720,1920,1080,11.4412,12.5321,9.80685,1,1,0,0,0,0
1080,4,reference,678,1280,720,1920,1080,11.3316,12.3135,9.67475,1,1,0,0,0,0
1080,4,reference,679,1280,720,1920,1080,11.4647,12.5319,9.82221,1,1,0,0,0,0
1080,4,reference,680,1280,720,1920,1080,11.3756,12.4263,9.81914,1,1,0,0,0,0
1080,4,reference,681,1280,720,1920,1080,11.436,12.4121,10.0598,1,1,0,0,0,0
1080,4,reference,682,1280,720,1920,1080,11.4872,12.4936,9.85293,1,1,0,0,0,0
1080,4,reference,683,1280,720,1920,1080,11.5005,12.5606,9.85702,1,1,0,0,0,0
1080,4,reference,684,1280,720,1920,1080,11.0213,12.4543,9.60102,1,1,0,0,0,0
1080,4,reference,685,1280,720,1920,1080,10.794,11.8639,9.4208,1,1,0,0,0,0
1080,4,reference,686,1280,720,1920,1080,11.0531,12.1986,9.67373,1,1,0,0,0,0
1080,4,reference,687,1280,720,1920,1080,11.1759,12.0983,9.8007,1,1,0,0,0,0
1080,4,reference,688,1280,720,1920,1080,11.2865,12.3413,9.91539,1,1,0,0,0,0
1080,4,reference,689,1280,720,1920,1080,11.0684,12.2223,9.69421,1,1,0,0,0,0
1080,4,reference,690,1280,720,1920,1080,11.1677,12.4395,9.79558,1,1,0,0,0,0
1080,4,reference,691,1280,720,1920,1080,11.263,12.3305,9.88877,1,1,0,0,0,0
1080,4,reference,692,1280,720,1920,1080,10.8677,12.0121,9.49862,1,1,0,0,0,0
1080,4,reference,693,1280,720,1920,1080,11.2558,12.3151,9.8816,1,1,0,0,0,0
1080,4,reference,694,1280,720,1920,1080,11.0367,12.1663,9.64915,1,1,0,0,0,0
1080,4,reference,695,1280,720,1920,1080,11.9255,12.8131,10.2963,1,1,0,0,0,0
1080,4,reference,696,1280,720,1920,1080,11.4575,12.4364,9.82323,1,1,0,0,0,0
1080,4,reference,697,1280,720,1920,1080,11.3418,12.4375,9.96864,1,1,0,0,0,0
1080,4,reference,698,1280,720,1920,1080,11.2732,12.2482,9.90413,1,1,0,0,0,0
1080,4,reference,699,1280,720,1920,1080,11.3992,12.3416,10.0239,1,1,0,0,0,0
1080,4,reference,700,1280,720,1920,1080,11.4145,12.4315,10.0444,1,1,0,0,0,0
1080,4,reference,701,1280,720,1920,1080,11.433,12.422,10.0557,1,1,0,0,0,0
1080,4,reference,702,1280,720,1920,1080,11.2671,12.3026,9.89798,1,1,0,0,0,0
1080,4,reference,703,1280,720,1920,1080,11.1985,12.3828,8.54938,1,1,0,0,0,0
1080,4,reference,704,1280,720,1920,1080,11.221,12.2635,9.84781,1,1,0,0,0,0
1080,4,reference,705,1280,720,1920,1080,11.3951,12.3186,10.0157,1,1,0,0,0,0
1080,4,reference,706,1280,720,1920,1080,11.4145,12.5082,9.79456,1,1,0,0,0,0
1080,4,reference,707,1280,720,1920,1080,11.4196,12.453,9.79456,1,1,0,0,0,0
1080,4,reference,708,1280,720,1920,1080,11.2558,12.4257,9.88467,1,1,0,0,0,0
1080,4,reference,709,1280,720,1920,1080,11.4248,12.5113,9.79149,1,1,0,0,0,0
1080,4,reference,710,1280,720,1920,1080,11.4524,12.5385,9.8345,1,1,0,0,0,0
1080,4,reference,711,1280,720,1920,1080,11.264,12.2956,9.88877,1,1,0,0,0,0
1080,4,reference,712,1280,720,1920,1080,11.4545,12.4984,9.81606,1,1,0,0,0,0
1080,4,reference,713,1280,720,1920,1080,11.3654,12.3316,9.81504,1,1,0,0,0,0
1080,4,reference,714,1280,720,1920,1080,11.4698,12.5668,10.0997,1,1,0,0,0,0
1080,4,reference,715,1280,720,1920,1080,11.4627,12.6465,9.81606,1,1,0,0,0,0
1080,4,reference,716,1280,720,1920,1080,11.2814,12.2155,9.91027,1,1,0,0,0,0
1080,4,reference,717,1280,720,1920,1080,11.4258,12.4893,9.7833,1,1,0,0,0,0
1080,4,reference,718,1280,720,1920,1080,11.4319,12.457,9.79251,1,1,0,0,0,0
1080,4,reference,719,1280,720,1920,1080,11.5241,12.561,9.87648,1,1,0,0,0,0
1080,4,reference,720,1280,720,1920,1080,11.4821,12.5369,9.84883,1,1,0,0,0,0
1080,4,reference,721,1280,720,1920,1080,11.4217,12.4372,9.78637,1,1,0,0,0,0
1080,4,reference,722,1280,720,1920,1080,11.4514,12.4561,9.81299,1,1,0,0,0,0
1080,4,reference,723,1280,720,1920,1080,11.4913,12.5368,9.84474,1,1,0,0,0,0
1080,4,reference,724,1280,720,1920,1080,11.4831,12.7075,9.85088,1,1,0,0,0,0
1080,4,reference,725,1280,720,1920,1080,11.2548,12.382,9.88058,1,1,0,0,0,0
1080,4,reference,726,1280,720,1920,1080,11.4381,12.645,9.8048,1,1,0,0,0,0
1080,4,reference,727,1280,720,1920,1080,11.948,13.4678,10.3127,1,1,0,0,0,0
1080,4,reference,728,1280,720,1920,1080,11.4493,12.5367,10.0772,1,1,0,0,0,0
1080,4,reference,729,1280,720,1920,1080,11.2814,12.3971,9.90618,1,1,0,0,0,0
1080,4,reference,730,1280,720,1920,1080,11.2179,12.4703,9.84986,1,1,0,0,0,0
1080,4,reference,731,1280,720,1920,1080,11.4934,12.6519,9.87034,1,1,0,0,0,0
1080,4,reference,732,1280,720,1920,1080,11.1288,12.2004,9.74234,1,1,0,0,0,0
1080,4,reference,733,1280,720,1920,1080,12.0269,13.0574,10.4172,1,1,0,0,0,0
1080,4,reference,734,1280,720,1920,1080,10.9097,12.0045,9.53754,1,1,0,0,0,0
1080,4,reference,735,1280,720,1920,1080,11.4022,12.3873,10.028,1,1,0,0,0,0
1080,4,reference,736,1280,720,1920,1080,11.2036,12.2316,9.83245,1,1,0,0,0,0
1080,4,reference,737,1280,720,1920,1080,11.4473,12.52,10.07,1,1,0,0,0,0
1080,4,reference,738,1280,720,1920,1080,11.5005,12.5558,10.1274,1,1,0,0,0,0
1080,4,reference,739,1280,720,1920,1080,11.2753,12.4028,9.90003,1,1,0,0,0,0
1080,4,reference,740,1280,720,1920,1080,11.1688,12.2082,9.54982,1,1,0,0,0,0
1080,4,reference,741,1280,720,1920,1080,11.4217,12.3744,10.0434,1,1,0,0,0,0
1080,4,reference,742,1280,720,1920,1080,11.4319,12.5589,10.0577,1,1,0,0,0,0
1080,4,reference,743,1280,720,1920,1080,11.4299,12.3775,10.0567,1,1,0,0,0,0
1080,4,reference,744,1280,720,1920,1080,11.3039,12.2982,9.93178,1,1,0,0,0,0
1080,4,reference,745,1280,720,1920,1080,11.2835,12.3113,9.90822,1,1,0,0,0,0
1080,4,reference,746,1280,720,1920,1080,11.4381,12.5694,9.81811,1,1,0,0,0,0
1080,4,reference,747,1280,720,1920,1080,11.2527,12.3237,9.87648,1,1,0,0,0,0
1080,4,reference,748,1280,720,1920,1080,11.2568,12.1609,9.8857,1,1,0,0,0,0
1080,4,reference,749,1280,720,1920,1080,11.478,12.3968,9.85498,1,1,0,0,0,0
1080,4,reference,750,1280,720,1920,1080,11.5159,12.6042,9.89594,1,1,0,0,0,0
1080,4,reference,751,1280,720,1920,1080,11.4217,12.4814,9.79763,1,1,0,0,0,0
1080,4,reference,752,1280,720,1920,1080,11.3971,12.4762,9.77715,1,1,0,0,0,0
1080,4,reference,753,1280,720,1920,1080,11.4207,12.3568,9.79763,1,1,0,0,0,0
1080,4,reference,754,1280,720,1920,1080,11.4995,12.6141,9.87238,1,1,0,0,0,0
1080,4,reference,755,1280,720,1920,1080,11.4534,12.407,9.81094,1,1,0,0,0,0
1080,4,reference,756,1280,720,1920,1080,11.3039,12.2877,9.9287,1,1,0,0,0,0
1080,4,reference,757,1280,720,1920,1080,11.348,12.4184,9.80378,1,1,0,0,0,0
1080,4,reference,758,1280,720,1920,1080,11.4196,12.5221,10.0495,1,1,0,0,0,0
1080,4,reference,759,1280,720,1920,1080,11.5261,12.6367,9.88877,1,1,0,0,0,0
1080,4,reference,760,1280,720,1920,1080,11.4176,12.3757,9.78227,1,1,0,0,0,0
1080,4,reference,761,1280,720,1920,1080,11.4678,12.597,9.82118,1,1,0,0,0,0
1080,4,reference,762,1280,720,1920,1080,11.4186,12.4392,9.77613,1,1,0,0,0,0
1080,4,reference,763,1280,720,1920,1080,11.3879,12.3855,9.75155,1,1,0,0,0,0
1080,4,reference,764,1280,720,1920,1080,11.4555,12.4284,9.82426,1,1,0,0,0,0
1080,4,reference,765,1280,720,1920,1080,11.4401,12.5121,9.79354,1,1,0,0,0,0
1080,4,reference,766,1280,720,1920,1080,11.4125,12.5121,9.76998,1,1,0,0,0,0
1080,4,reference,767,1280,720,1920,1080,11.4442,12.617,9.8089,1,1,0,0,0,0
1080,4,reference,768,1280,720,1920,1080,11.4381,12.4101,9.80582,1,1,0,0,0,0
1080,4,reference,769,1280,720,1920,1080,11.3418,12.5389,9.70138,1,1,0,0,0,0
1080,4,reference,770,1280,720,1920,1080,11.4483,12.6556,9.81606,1,1,0,0,0,0
1080,4,reference,771,1280,720,1920,1080,11.4463,12.5061,9.80275,1,1,0,0,0,0
1080,4,reference,772,1280,720,1920,1080,11.263,12.2307,9.88979,1,1,0,0,0,0
1080,4,reference,773,1280,720,1920,1080,11.3039,12.5518,9.66758,1,1,0,0,0,0
1080,4,reference,774,1280,720,1920,1080,11.4125,12.4535,9.78022,1,1,0,0,0,0
1080,4,reference,775,1280,720,1920,1080,11.4944,12.491,9.83859,1,1,0,0,0,0
1080,4,reference,776,1280,720,1920,1080,11.433,12.4887,9.79251,1,1,0,0,0,0
1080,4,reference,777,1280,720,1920,1080,11.3828,12.4057,9.73926,1,1,0,0,0,0
1080,4,reference,778,1280,720,1920,1080,11.436,12.6217,9.80582,1,1,0,0,0,0
1080,4,reference,779,1280,720,1920,1080,11.6234,12.6697,9.84166,1,1,0,0,0,0
1080,4,reference,780,1280,720,1920,1080,10.9814,12.0356,9.56211,1,1,0,0,0,0
1080,4,reference,781,1280,720,1920,1080,11.39,12.3956,9.77613,1,1,0,0,0,0
1080,4,reference,782,1280,720,1920,1080,11.3029,12.2222,9.6727,1,1,0,0,0,0
1080,4,reference,783,1280,720,1920,1080,11.262,12.1922,9.63891,1,1,0,0,0,0
1080,4,reference,784,1280,720,1920,1080,11.2394,12.3536,9.59898,1,1,0,0,0,0
1080,4,reference,785,1280,720,1920,1080,11.1606,12.0909,9.60717,1,1,0,0,0,0
1080,4,reference,786,1280,720,1920,1080,11.2507,12.3452,9.8775,1,1,0,0,0,0
1080,4,reference,787,1280,720,1920,1080,11.2548,12.494,9.87955,1,1,0,0,0,0
1080,4,reference,788,1280,720,1920,1080,11.179,12.521,9.8089,1,1,0,0,0,0
1080,4,reference,789,1280,720,1920,1080,11.2691,12.3066,9.89184,1,1,0,0,0,0
1080,4,reference,790,1280,720,1920,1080,11.1882,12.6682,9.81504,1,1,0,0,0,0
1080,4,reference,791,1280,720,1920,1080,11.308,12.9321,9.93485,1,1,0,0,0,0
1080,4,reference,792,1280,720,1920,1080,11.2896,12.4659,9.64301,1,1,0,0,0,0
1080,4,reference,793,1280,720,1920,1080,11.2538,12.2634,9.60512,1,1,0,0,0,0
1080,4,reference,794,1280,720,1920,1080,11.2077,12.3843,9.83859,1,1,0,0,0,0
1080,4,reference,795,1280,720,1920,1080,11.4166,12.6408,10.0444,1,1,0,0,0,0
1080,4,reference,796,1280,720,1920,1080,11.263,12.1833,9.62662,1,1,0,0,0,0
1080,4,reference,797,1280,720,1920,1080,11.1647,12.5945,9.79046,1,1,0,0,0,0
1080,4,reference,798,1280,720,1920,1080,11.2148,12.5005,9.84166,1,1,0,0,0,0
1080,4,reference,799,1280,720,1920,1080,11.2497,12.5226,9.87136,1,1,0,0,0,0
1080,4,reference,800,1280,720,1920,1080,11.2824,12.4674,9.64506,1,1,0,0,0,0
1080,4,reference,801,1280,720,1920,1080,11.2988,12.4833,9.66246,1,1,0,0,0,0
1080,4,reference,802,1280,720,1920,1080,11.3132,12.3455,9.6768,1,1,0,0,0,0
1080,4,reference,803,1280,720,1920,1080,11.221,12.4377,9.84781,1,1,0,0,0,0
1080,4,reference,804,1280,720,1920,1080,11.2292,12.5026,9.856,1,1,0,0,0,0
1080,4,reference,805,1280,720,1920,1080,11.2937,12.2871,9.91846,1,1,0,0,0,0
1080,4,reference,806,1280,720,1920,1080,10.0751,10.9479,8.7081,1,1,0,0,0,0
1080,4,reference,807,1280,720,1920,1080,11.7473,12.7352,9.73414,1,1,0,0,0,0
1080,4,reference,808,1280,720,1920,1080,9.96454,11.7813,8.58317,1,1,0,0,0,0
1080,4,reference,809,1280,720,1920,1080,11.3746,12.3904,9.99219,1,1,0,0,0,0
1080,4,reference,810,1280,720,1920,1080,11.4903,12.4043,10.1151,1,1,0,0,0,0
1080,4,reference,811,1280,720,1920,1080,11.3111,13.051,9.93587,1,1,0,0,0,0
1080,4,reference,812,1280,720,1920,1080,11.4063,12.5517,10.0383,1,1,0,0,0,0
1080,4,reference,813,1280,720,1920,1080,11.2415,12.2056,9.86829,1,1,0,0,0,0
1080,4,reference,814,1280,720,1920,1080,11.2353,12.2831,9.86214,1,1,0,0,0,0
1080,4,reference,815,1280,720,1920,1080,11.2497,12.2707,9.87341,1,1,0,0,0,0
1080,4,reference,816,1280,720,1920,1080,11.2589,12.1888,9.88672,1,1,0,0,0,0
1080,4,reference,817,1280,720,1920,1080,11.265,12.2287,9.88877,1,1,0,0,0,0
1080,4,reference,818,1280,720,1920,1080,9.9625,10.8864,8.59238,1,1,0,0,0,0
1080,4,reference,819,1280,720,1920,1080,11.266,12.2155,9.89184,1,1,0,0,0,0
1080,4,reference,820,1280,720,1920,1080,11.2794,12.2473,9.90618,1,1,0,0,0,0
1080,4,reference,821,1280,720,1920,1080,9.95635,10.9359,8.58214,1,1,0,0,0,0
1080,4,reference,822,1280,720,1920,1080,10.9384,13.1827,9.56518,1,1,0,0,0,0
1080,4,reference,823,1280,720,1920,1080,11.1186,12.3816,9.72493,1,1,0,0,0,0
1080,4,reference,824,1280,720,1920,1080,11.7135,12.7647,10.3311,1,1,0,0,0,0
1080,4,reference,825,1280,720,1920,1080,11.0971,12.2915,9.72186,1,1,0,0,0,0
1080,4,reference,826,1280,720,1920,1080,11.4043,12.3649,10.0321,1,1,0,0,0,0
1080,4,reference,827,1280,720,1920,1080,11.2456,12.2579,9.86931,1,1,0,0,0,0
1080,4,reference,828,1280,720,1920,1080,11.134,12.2045,9.74643,1,1,0,0,0,0
1080,4,reference,829,1280,720,1920,1080,11.5128,12.5258,10.1376,1,1,0,0,0,0
1080,4,reference,830,1280,720,1920,1080,11.4227,12.3545,10.0506,1,1,0,0,0,0
1080,4,reference,831,1280,720,1920,1080,11.2824,12.2329,9.90822,1,1,0,0,0,0
1080,4,reference,832,1280,720,1920,1080,11.4135,12.46,10.0424,1,1,0,0,0,0
1080,4,reference,833,1280,720,1920,1080,11.4289,12.539,10.0495,1,1,0,0,0,0
1080,4,reference,834,1280,720,1920,1080,11.6582,12.8801,10.2871,1,1,0,0,0,0
1080,4,reference,835,1280,720,1920,1080,11.4545,12.5458,10.0751,1,1,0,0,0,0
1080,4,reference,836,1280,720,1920,1080,11.2179,12.2088,9.84576,1,1,0,0,0,0
1080,4,reference,837,1280,720,1920,1080,11.2773,12.2908,9.90003,1,1,0,0,0,0
1080,4,reference,838,1280,720,1920,1080,11.3101,12.3549,9.93894,1,1,0,0,0,0
1080,4,reference,839,1280,720,1920,1080,11.2937,12.3446,9.91744,1,1,0,0,0,0
1080,4,reference,840,1280,720,1920,1080,11.4156,12.5615,9.78227,1,1,0,0,0,0
1080,4,reference,841,1280,720,1920,1080,11.2497,12.2918,9.87443,1,1,0,0,0,0
1080,4,reference,842,1280,720,1920,1080,11.2855,12.304,9.91334,1,1,0,0,0,0
1080,4,reference,843,1280,720,1920,1080,11.4401,12.5028,9.80173,1,1,0,0,0,0
1080,4,reference,844,1280,720,1920,1080,11.4883,12.7818,9.85498,1,1,0,0,0,0
1080,4,reference,845,1280,720,1920,1080,10.8913,12.0385,9.51706,1,1,0,0,0,0
1080,4,reference,846,1280,720,1920,1080,11.007,12.089,8.37222,1,1,0,0,0,0
1080,4,reference,847,1280,720,1920,1080,11.1565,12.2423,9.78227,1,1,0,0,0,0
1080,4,reference,848,1280,720,1920,1080,11.4422,12.3603,10.069,1,1,0,0,0,0
1080,4,reference,849,1280,720,1920,1080,11.0633,12.162,8.40704,1,1,0,0,0,0
1080,4,reference,850,1280,720,1920,1080,9.75053,10.7919,8.37939,1,1,0,0,0,0
1080,4,reference,851,1280,720,1920,1080,12.6874,13.9032,10.3711,1,1,0,0,0,0
1080,4,reference,852,1280,720,1920,1080,10.9588,12.1078,9.58669,1,1,0,0,0,0
1080,4,reference,853,1280,720,1920,1080,11.2773,12.2035,9.90106,1,1,0,0,0,0
1080,4,reference,854,1280,720,1920,1080,11.0285,12.1705,9.65427,1,1,0,0,0,0
1080,4,reference,855,1280,720,1920,1080,11.4627,12.4258,10.0874,1,1,0,0,0,0
1080,4,reference,856,1280,720,1920,1080,11.223,12.2807,9.84986,1,1,0,0,0,0
1080,4,reference,857,1280,720,1920,1080,11.0356,12.1095,9.63891,1,1,0,0,0,0
1080,4,reference,858,1280,720,1920,1080,11.9306,12.8609,10.5492,1,1,0,0,0,0
1080,4,reference,859,1280,720,1920,1080,10.8995,11.9515,9.52422,1,1,0,0,0,0
1080,4,reference,860,1280,720,1920,1080,11.4596,12.3531,9.82938,1,1,0,0,0,0
1080,4,reference,861,1280,720,1920,1080,11.433,12.3762,10.0567,1,1,0,0,0,0
1080,4,reference,862,1280,720,1920,1080,11.391,12.3607,10.0188,1,1,0,0,0,0
1080,4,reference,863,1280,720,1920,1080,11.2548,12.2993,9.87648,1,1,0,0,0,0
1080,4,reference,864,1280,720,1920,1080,11.222,12.1868,9.84986,1,1,0,0,0,0
1080,4,reference,865,1280,720,1920,1080,11.262,12.2622,9.8857,1,1,0,0,0,0
1080,4,reference,866,1280,720,1920,1080,11.2783,12.2449,9.90822,1,1,0,0,0,0
1080,4,reference,867,1280,720,1920,1080,11.4104,12.3533,9.78944,1,1,0,0,0,0
1080,4,reference,868,1280,720,1920,1080,11.2599,12.2151,9.63994,1,1,0,0,0,0
1080,4,reference,869,1280,720,1920,1080,11.4729,12.6577,9.85293,1,1,0,0,0,0
1080,4,reference,870,1280,720,1920,1080,11.4575,12.5951,9.83142,1,1,0,0,0,0
1080,4,reference,871,1280,720,1920,1080,11.434,12.3953,9.8089,1,1,0,0,0,0
1080,4,reference,872,1280,720,1920,1080,11.4176,12.4554,9.79046,1,1,0,0,0,0
1080,4,reference,873,1280,720,1920,1080,11.5251,12.7945,9.89901,1,1,0,0,0,0
1080,4,reference,874,1280,720,1920,1080,11.262,12.3692,9.88979,1,1,0,0,0,0
1080,4,reference,875,1280,720,1920,1080,11.2599,12.2656,9.88262,1,1,0,0,0,0
1080,4,reference,876,1280,720,1920,1080,11.265,12.339,9.89184,1,1,0,0,0,0
1080,4,reference,877,1280,720,1920,1080,11.4657,12.6577,9.84166,1,1,0,0,0,0
1080,4,reference,878,1280,720,1920,1080,11.4401,12.4785,9.81709,1,1,0,0,0,0
1080,4,reference,879,1280,720,1920,1080,11.3725,12.3498,9.8089,1,1,0,0,0,0
1080,4,reference,880,1280,720,1920,1080,11.1698,12.3075,9.79763,1,1,0,0,0,0
1080,4,reference,881,1280,720,1920,1080,11.265,12.2255,9.63686,1,1,0,0,0,0
1080,4,reference,882,1280,720,1920,1080,11.3551,12.4405,9.80378,1,1,0,0,0,0
1080,4,reference,883,1280,720,1920,1080,11.2517,12.1898,9.87443,1,1,0,0,0,0
1080,4,reference,884,1280,720,1920,1080,11.2005,12.4269,9.82733,1,1,0,0,0,0
1080,4,reference,885,1280,720,1920,1080,9.95226,11.054,8.57907,1,1,0,0,0,0
1080,4,reference,886,1280,720,1920,1080,12.9751,14.0336,11.5569,1,1,0,0,0,0
1080,4,reference,887,1280,720,1920,1080,11.5466,12.6089,9.91846,1,1,0,0,0,0
1080,4,reference,888,1280,720,1920,1080,11.2835,12.2544,9.64813,1,1,0,0,0,0
1080,4,reference,889,1280,720,1920,1080,11.263,12.5081,9.88672,1,1,0,0,0,0
1080,4,reference,890,1280,720,1920,1080,11.2384,12.7311,9.86214,1,1,0,0,0,0
1080,4,reference,891,1280,720,1920,1080,11.307,12.7312,9.66554,1,1,0,0,0,0
1080,4,reference,892,1280,720,1920,1080,11.2876,12.2972,9.65427,1,1,0,0,0,0
1080,4,reference,893,1280,720,1920,1080,11.262,12.5797,9.88365,1,1,0,0,0,0
1080,4,reference,894,1280,720,1920,1080,11.3541,12.5067,9.80275,1,1,0,0,0,0
1080,4,reference,895,1280,720,1920,1080,11.2108,12.2894,9.83859,1,1,0,0,0,0
1080,4,reference,896,1280,720,1920,1080,11.3603,12.5658,9.98912,1,1,0,0,0,0
1080,4,reference,897,1280,720,1920,1080,11.1227,12.1832,9.74746,1,1,0,0,0,0
1080,4,reference,898,1280,720,1920,1080,11.22,12.5129,9.84986,1,1,0,0,0,0
1080,4,reference,899,1280,720,1920,1080,11.3265,12.3069,9.6727,1,1,0,0,0,0
1080,4,reference,900,1280,720,1920,1080,11.2609,12.4851,9.88979,1,1,0,0,0,0
1080,4,reference,901,1280,720,1920,1080,10.0741,11.09,8.69786,1,1,0,0,0,0
1080,4,reference,902,1280,720,1920,1080,12.586,13.7836,11.1667,1,1,0,0,0,0
1080,4,reference,903,1280,720,1920,1080,11.5446,12.553,9.88774,1,1,0,0,0,0
1080,4,reference,904,1280,720,1920,1080,11.2097,12.7154,9.83552,1,1,0,0,0,0
1080,4,reference,905,1280,720,1920,1080,11.2722,12.4449,9.89901,1,1,0,0,0,0
1080,4,reference,906,1280,720,1920,1080,11.4514,12.5369,10.0782,1,1,0,0,0,0
1080,4,reference,907,1280,720,1920,1080,11.3428,12.3316,9.69933,1,1,0,0,0,0
1080,4,reference,908,1280,720,1920,1080,11.2159,12.3205,9.57542,1,1,0,0,0,0
1080,4,reference,909,1280,720,1920,1080,11.178,12.6295,9.80275,1,1,0,0,0,0
1080,4,reference,910,1280,720,1920,1080,11.2947,12.6824,9.92154,1,1,0,0,0,0
1080,4,reference,911,1280,720,1920,1080,11.2794,12.6839,9.9031,1,1,0,0,0,0
1080,4,reference,912,1280,720,1920,1080,11.2568,12.3045,9.70445,1,1,0,0,0,0
1080,4,reference,913,1280,720,1920,1080,11.5886,12.6397,9.9584,1,1,0,0,0,0
1080,4,reference,914,1280,720,1920,1080,11.01,12.1707,8.36608,1,1,0,0,0,0
1080,4,reference,915,1280,720,1920,1080,9.80685,10.7509,8.43162,1,1,0,0,0,0
1080,4,reference,916,1280,720,1920,1080,11.0111,12.9081,9.63994,1,1,0,0,0,0
1080,4,reference,917,1280,720,1920,1080,11.3152,12.2284,9.92666,1,1,0,0,0,0
1080,4,reference,918,1280,720,1920,1080,11.1616,12.2491,9.75462,1,1,0,0,0,0
1080,4,reference,919,1280,720,1920,1080,11.1391,12.2681,9.76384,1,1,0,0,0,0
1080,4,reference,920,1280,720,1920,1080,11.3715,12.3204,9.99731,1,1,0,0,0,0
1080,4,reference,921,1280,720,1920,1080,11.4565,12.5381,10.0772,1,1,0,0,0,0
1080,4,reference,922,1280,720,1920,1080,11.264,12.3644,9.88877,1,1,0,0,0,0
1080,4,reference,923,1280,720,1920,1080,11.2609,12.4482,9.88365,1,1,0,0,0,0
1080,4,reference,924,1280,720,1920,1080,11.2568,12.2724,9.88365,1,1,0,0,0,0
1080,4,reference,925,1280,720,1920,1080,11.4811,12.5485,10.1069,1,1,0,0,0,0
1080,4,reference,926,1280,720,1920,1080,11.476,12.5319,10.1038,1,1,0,0,0,0
1080,4,reference,927,1280,720,1920,1080,11.2947,12.3136,9.91949,1,1,0,0,0,0
1080,4,reference,928,1280,720,1920,1080,11.2814,12.2682,9.90925,1,1,0,0,0,0
1080,4,reference,929,1280,720,1920,1080,11.4115,12.3677,10.0362,1,1,0,0,0,0
1080,4,reference,930,1280,720,1920,1080,11.2507,12.2833,9.87546,1,1,0,0,0,0
1080,4,reference,931,1280,720,1920,1080,11.3111,12.4469,9.93792,1,1,0,0,0,0
1080,4,reference,932,1280,720,1920,1080,11.2343,12.2732,9.8601,1,1,0,0,0,0
1080,4,reference,933,1280,720,1920,1080,11.3101,12.3389,9.9287,1,1,0,0,0,0
1080,4,reference,934,1280,720,1920,1080,11.4115,12.4836,9.77408,1,1,0,0,0,0
1080,4,reference,935,1280,720,1920,1080,11.4452,12.4523,9.79149,1,1,0,0,0,0
1080,4,reference,936,1280,720,1920,1080,11.434,12.3769,9.79968,1,1,0,0,0,0
1080,4,reference,937,1280,720,1920,1080,11.476,12.7082,9.82733,1,1,0,0,0,0
1080,4,reference,938,1280,720,1920,1080,11.4575,12.6007,9.81299,1,1,0,0,0,0
1080,4,reference,939,1280,720,1920,1080,11.2701,12.3119,9.89286,1,1,0,0,0,0
1080,4,reference,940,1280,720,1920,1080,11.4924,12.5081,9.84781,1,1,0,0,0,0
1080,4,reference,941,1280,720,1920,1080,11.3234,12.266,9.94509,1,1,0,0,0,0
1080,4,reference,942,1280,720,1920,1080,11.4698,12.4349,9.83859,1,1,0,0,0,0
1080,4,reference,943,1280,720,1920,1080,11.4493,12.5653,9.80685,1,1,0,0,0,0
1080,4,reference,944,1280,720,1920,1080,11.3306,12.3103,9.95738,1,1,0,0,0,0
1080,4,reference,945,1280,720,1920,1080,11.4493,12.4098,9.80992,1,1,0,0,0,0
1080,4,reference,946,1280,720,1920,1080,11.5313,12.4939,9.8775,1,1,0,0,0,0
1080,4,reference,947,1280,720,1920,1080,11.4729,12.5562,9.81197,1,1,0,0,0,0
1080,4,reference,948,1280,720,1920,1080,11.4616,12.4344,9.83245,1,1,0,0,0,0
1080,4,reference,949,1280,720,1920,1080,11.5128,12.527,9.84883,1,1,0,0,0,0
1080,4,reference,950,1280,720,1920,1080,11.3992,12.4031,9.76896,1,1,0,0,0,0
1080,4,reference,951,1280,720,1920,1080,11.5855,12.6312,9.91846,1,1,0,0,0,0
1080,4,reference,952,1280,720,1920,1080,11.4156,12.3281,9.78022,1,1,0,0,0,0
1080,4,reference,953,1280,720,1920,1080,11.3439,12.3268,9.78534,1,1,0,0,0,0
1080,4,reference,954,1280,720,1920,1080,11.2005,12.6009,8.54118,1,1,0,0,0,0
1080,4,reference,955,1280,720,1920,1080,11.1688,12.2862,9.79456,1,1,0,0,0,0
1080,4,reference,956,1280,720,1920,1080,11.1974,12.209,9.82528,1,1,0,0,0,0
1080,4,reference,957,1280,720,1920,1080,10.8913,11.9219,9.51194,1,1,0,0,0,0
1080,4,reference,958,1280,720,1920,1080,11.1759,12.1813,9.8007,1,1,0,0,0,0
1080,4,reference,959,1280,720,1920,1080,11.2876,12.3476,9.90925,1,1,0,0,0,0
1080,4,reference,960,1280,720,1920,1080,11.0879,12.3881,9.71674,1,1,0,0,0,0
1080,4,reference,961,1280,720,1920,1080,11.5302,12.8135,9.88877,1,1,0,0,0,0
1080,4,reference,962,1280,720,1920,1080,10.9711,12.2565,9.59693,1,1,0,0,0,0
1080,4,reference,963,1280,720,1920,1080,11.0971,12.4102,9.72083,1,1,0,0,0,0
1080,4,reference,964,1280,720,1920,1080,11.2374,12.3306,9.86317,1,1,0,0,0,0
1080,4,reference,965,1280,720,1920,1080,11.2876,12.521,9.91027,1,1,0,0,0,0
1080,4,reference,966,1280,720,1920,1080,11.306,12.2866,9.93178,1,1,0,0,0,0
1080,4,reference,967,1280,720,1920,1080,10.9517,12.0971,9.5744,1,1,0,0,0,0
1080,4,reference,968,1280,720,1920,1080,11.4524,12.526,10.0751,1,1,0,0,0,0
1080,4,reference,969,1280,720,1920,1080,9.73312,10.7235,8.35686,1,1,0,0,0,0
1080,4,reference,970,1280,720,1920,1080,11.305,13.569,9.92051,1,1,0,0,0,0
1080,4,reference,971,1280,720,1920,1080,11.4995,12.5627,10.1161,1,1,0,0,0,0
1080,4,reference,972,1280,720,1920,1080,11.2538,12.3239,9.87955,1,1,0,0,0,0
1080,4,reference,973,1280,720,1920,1080,11.6244,12.5629,10.0035,1,1,0,0,0,0
1080,4,reference,974,1280,720,1920,1080,11.3981,12.3452,10.0239,1,1,0,0,0,0
1080,4,reference,975,1280,720,1920,1080,11.263,12.1972,9.88672,1,1,0,0,0,0
1080,4,reference,976,1280,720,1920,1080,11.2845,12.2701,9.91027,1,1,0,0,0,0
1080,4,reference,977,1280,720,1920,1080,11.3009,12.3234,9.92154,1,1,0,0,0,0
1080,4,reference,978,1280,720,1920,1080,11.2691,12.3158,9.89491,1,1,0,0,0,0
1080,4,reference,979,1280,720,1920,1080,11.2886,12.22,9.91027,1,1,0,0,0,0
1080,4,reference,980,1280,720,1920,1080,11.4504,12.414,9.81606,1,1,0,0,0,0
1080,4,reference,981,1280,720,1920,1080,11.263,12.2324,9.88672,1,1,0,0,0,0
1080,4,reference,982,1280,720,1920,1080,11.4678,12.5102,9.8304,1,1,0,0,0,0
1080,4,reference,983,1280,720,1920,1080,11.3859,12.4472,9.82528,1,1,0,0,0,0
1080,4,reference,984,1280,720,1920,1080,11.4534,12.4658,10.0782,1,1,0,0,0,0
1080,4,reference,985,1280,720,1920,1080,11.4729,12.4136,9.82323,1,1,0,0,0,0
1080,4,reference,986,1280,720,1920,1080,11.4166,12.6642,9.77306,1,1,0,0,0,0
1080,4,reference,987,1280,720,1920,1080,11.4575,12.5069,9.80787,1,1,0,0,0,0
1080,4,reference,988,1280,720,1920,1080,11.4995,12.4775,9.77715,1,1,0,0,0,0
1080,4,reference,989,1280,720,1920,1080,9.90618,10.9048,8.5289,1,1,0,0,0,0
1080,4,reference,990,1280,720,1920,1080,12.3976,13.3837,10.0854,1,1,0,0,0,0
1080,4,reference,991,1280,720,1920,1080,11.1309,12.3062,9.75155,1,1,0,0,0,0
1080,4,reference,992,1280,720,1920,1080,11.2486,12.2225,9.87443,1,1,0,0,0,0
1080,4,reference,993,1280,720,1920,1080,11.2527,12.5533,9.87238,1,1,0,0,0,0
1080,4,reference,994,1280,720,1920,1080,11.2241,12.3408,9.85088,1,1,0,0,0,0
1080,4,reference,995,1280,720,1920,1080,11.307,12.3889,9.92666,1,1,0,0,0,0
1080,4,reference,996,1280,720,1920,1080,11.0858,12.3673,9.71059,1,1,0,0,0,0
1080,4,reference,997,1280,720,1920,1080,11.3213,12.7837,9.94202,1,1,0,0,0,0
1080,4,reference,998,1280,720,1920,1080,11.0234,12.179,9.65018,1,1,0,0,0,0
1080,4,reference,999,1280,720,1920,1080,11.4954,12.4834,10.1212,1,1,0,0,0,0
1080,4,reference,1000,1280,720,1920,1080,9.76589,10.9406,8.39168,1,1,0,0,0,0
1080,4,reference,1001,1280,720,1920,1080,11.0275,12.083,9.61638,1,1,0,0,0,0
1080,4,reference,1002,1280,720,1920,1080,12.0852,13.2457,10.239,1,1,0,0,0,0
1080,4,reference,1003,1280,720,1920,1080,11.2056,12.7908,9.82528,1,1,0,0,0,0
1080,4,reference,1004,1280,720,1920,1080,11.4176,12.3006,10.0424,1,1,0,0,0,0
1080,4,reference,1005,1280,720,1920,1080,11.266,12.2821,9.89184,1,1,0,0,0,0
1080,4,reference,1006,1280,720,1920,1080,11.0459,12.1325,9.66246,1,1,0,0,0,0
1080,4,reference,1007,1280,720,1920,1080,11.5057,12.4989,10.1304,1,1,0,0,0,0
1080,4,reference,1008,1280,720,1920,1080,11.2886,12.2719,9.91642,1,1,0,0,0,0
1080,4,reference,1009,1280,720,1920,1080,11.2486,12.4429,9.87034,1,1,0,0,0,0
1080,4,reference,1010,1280,720,1920,1080,11.4227,12.3658,10.0495,1,1,0,0,0,0
1080,4,reference,1011,1280,720,1920,1080,11.4842,12.568,10.1048,1,1,0,0,0,0
1080,4,reference,1012,1280,720,1920,1080,11.5651,12.8547,10.1919,1,1,0,0,0,0
1080,4,reference,1013,1280,720,1920,1080,11.3039,12.264,9.67578,1,1,0,0,0,0
1080,4,reference,1014,1280,720,1920,1080,11.2824,12.2011,9.90822,1,1,0,0,0,0
1080,4,reference,1015,1280,720,1920,1080,11.4452,12.4818,10.0669,1,1,0,0,0,0
1080,4,reference,1016,1280,720,1920,1080,11.4278,12.4603,10.0526,1,1,0,0,0,0
1080,4,reference,1017,1280,720,1920,1080,11.4248,12.3387,10.0475,1,1,0,0,0,0
1080,4,reference,1018,1280,720,1920,1080,11.2589,12.3343,9.8857,1,1,0,0,0,0
1080,4,reference,1019,1280,720,1920,1080,11.2712,12.2175,9.89389,1,1,0,0,0,0
1080,4,reference,1020,1280,720,1920,1080,11.4729,12.4328,9.84781,1,1,0,0,0,0
1080,4,reference,1021,1280,720,1920,1080,11.1923,12.3835,9.81402,1,1,0,0,0,0
1080,4,reference,1022,1280,720,1920,1080,11.3398,12.5204,9.96352,1,1,0,0,0,0
1080,4,reference,1023,1280,720,1920,1080,11.2384,12.2859,9.86317,1,1,0,0,0,0
1080,4,reference,1024,1280,720,1920,1080,11.2701,12.2622,9.89798,1,1,0,0,0,0
1080,4,reference,1025,1280,720,1920,1080,9.7792,10.9949,8.40294,1,1,0,0,0,0
1080,4,reference,1026,1280,720,1920,1080,12.4918,13.5854,10.2052,1,1,0,0,0,0
1080,4,reference,1027,1280,720,1920,1080,11.6132,12.7047,9.98707,1,1,0,0,0,0
1080,4,reference,1028,1280,720,1920,1080,11.5681,12.6019,9.87238,1,1,0,0,0,0
1080,4,reference,1029,1280,720,1920,1080,11.3992,12.342,9.77203,1,1,0,0,0,0
1080,4,reference,1030,1280,720,1920,1080,11.4545,12.5522,9.82835,1,1,0,0,0,0
1080,4,reference,1031,1280,720,1920,1080,11.5313,12.4776,9.87136,1,1,0,0,0,0
1080,4,reference,1032,1280,720,1920,1080,11.4391,12.5415,9.81299,1,1,0,0,0,0
1080,4,reference,1033,1280,720,1920,1080,11.3725,12.6092,9.82221,1,1,0,0,0,0
1080,4,reference,1034,1280,720,1920,1080,11.4668,12.6579,10.0936,1,1,0,0,0,0
1080,4,reference,1035,1280,720,1920,1080,11.4883,12.5399,9.84064,1,1,0,0,0,0
1080,4,reference,1036,1280,720,1920,1080,11.3111,12.3668,9.93485,1,1,0,0,0,0
1080,4,reference,1037,1280,720,1920,1080,11.4483,12.5343,9.80173,1,1,0,0,0,0
1080,4,reference,1038,1280,720,1920,1080,11.4739,12.4344,9.83757,1,1,0,0,0,0
1080,4,reference,1039,1280,720,1920,1080,11.2681,12.2289,9.88979,1,1,0,0,0,0
1080,4,reference,1040,1280,720,1920,1080,11.4924,12.5098,9.85395,1,1,0,0,0,0
1080,4,reference,1041,1280,720,1920,1080,11.4883,12.4295,9.84781,1,1,0,0,0,0
1080,4,reference,1042,1280,720,1920,1080,11.4422,12.561,9.8007,1,1,0,0,0,0
1080,4,reference,1043,1280,720,1920,1080,11.4668,12.4673,9.8263,1,1,0,0,0,0
1080,4,reference,1044,1280,720,1920,1080,11.4442,12.3716,9.80378,1,1,0,0,0,0
1080,4,reference,1045,1280,720,1920,1080,11.4596,12.4235,9.8304,1,1,0,0,0,0
1080,4,reference,1046,1280,720,1920,1080,11.4739,12.5597,9.83245,1,1,0,0,0,0
1080,4,reference,1047,1280,720,1920,1080,11.4452,12.5105,9.82118,1,1,0,0,0,0
1080,4,reference,1048,1280,720,1920,1080,11.4422,12.4321,9.81299,1,1,0,0,0,0
1080,4,reference,1049,1280,720,1920,1080,11.4719,12.4926,9.84474,1,1,0,0,0,0
1080,4,reference,1050,1280,720,1920,1080,11.5087,12.397,9.88467,1,1,0,0,0,0
1080,4,reference,1051,1280,720,1920,1080,11.4463,12.3872,9.81811,1,1,0,0,0,0
1080,4,reference,1052,1280,720,1920,1080,11.3234,12.3147,9.69626,1,1,0,0,0,0
1080,4,reference,1053,1280,720,1920,1080,11.263,12.1934,9.63379,1,1,0,0,0,0
1080,4,reference,1054,1280,720,1920,1080,11.3316,12.3167,9.70138,1,1,0,0,0,0
1080,4,reference,1055,1280,720,1920,1080,11.5313,12.5018,9.90208,1,1,0,0,0,0
1080,4,reference,1056,1280,720,1920,1080,11.2425,12.4762,9.86726,1,1,0,0,0,0
1080,4,reference,1057,1280,720,1920,1080,11.2906,12.382,9.66349,1,1,0,0,0,0
1080,4,reference,1058,1280,720,1920,1080,11.2783,12.4661,9.90515,1,1,0,0,0,0
1080,4,reference,1059,1280,720,1920,1080,11.5405,12.5706,9.92154,1,1,0,0,0,0
1080,4,reference,1060,1280,720,1920,1080,9.91027,11.0006,8.53504,1,1,0,0,0,0
1080,4,reference,1061,1280,720,1920,1080,11.0479,13.0163,9.66349,1,1,0,0,0,0
1080,4,reference,1062,1280,720,1920,1080,11.007,11.9946,9.63379,1,1,0,0,0,0
1080,4,reference,1063,1280,720,1920,1080,11.1473,12.0719,9.76896,1,1,0,0,0,0
1080,4,reference,1064,1280,720,1920,1080,11.2435,12.2312,9.86726,1,1,0,0,0,0
1080,4,reference,1065,1280,720,1920,1080,11.3152,12.3155,9.93485,1,1,0,0,0,0
1080,4,reference,1066,1280,720,1920,1080,11.3377,12.3089,9.96352,1,1,0,0,0,0
1080,4,reference,1067,1280,720,1920,1080,11.6193,12.5677,10.239,1,1,0,0,0,0
1080,4,reference,1068,1280,720,1920,1080,11.4391,12.5319,10.0628,1,1,0,0,0,0
1080,4,reference,1069,1280,720,1920,1080,11.4524,12.5146,10.069,1,1,0,0,0,0
1080,4,reference,1070,1280,720,1920,1080,11.3766,12.5246,10.0014,1,1,0,0,0,0
1080,4,reference,1071,1280,720,1920,1080,11.3111,12.2835,9.93178,1,1,0,0,0,0
1080,4,reference,1072,1280,720,1920,1080,11.4227,12.3675,10.0454,1,1,0,0,0,0
1080,4,reference,1073,1280,720,1920,1080,11.2609,12.3273,9.88365,1,1,0,0,0,0
1080,4,reference,1074,1280,720,1920,1080,11.0326,12.1518,9.65632,1,1,0,0,0,0
1080,4,reference,1075,1280,720,1920,1080,10.9804,12.0971,8.31488,1,1,0,0,0,0
1080,4,reference,1076,1280,720,1920,1080,11.2323,12.3406,9.85498,1,1,0,0,0,0
1080,4,reference,1077,1280,720,1920,1080,11.3531,12.2477,9.97069,1,1,0,0,0,0
1080,4,reference,1078,1280,720,1920,1080,11.008,12.0584,8.38554,1,1,0,0,0,0
1080,4,reference,1079,1280,720,1920,1080,11.1432,12.3201,9.76486,1,1,0,0,0,0
1080,4,reference,1080,1280,720,1920,1080,11.307,12.2957,9.64301,1,1,0,0,0,0
1080,4,reference,1081,1280,720,1920,1080,11.1862,12.5305,9.80685,1,1,0,0,0,0
1080,4,reference,1082,1280,720,1920,1080,11.5046,12.6005,9.89594,1,1,0,0,0,0
1080,4,reference,1083,1280,720,1920,1080,11.3439,12.3987,9.96659,1,1,0,0,0,0
1080,4,reference,1084,1280,720,1920,1080,11.3961,12.4254,10.0198,1,1,0,0,0,0
1080,4,reference,1085,1280,720,1920,1080,11.3152,12.466,9.93587,1,1,0,0,0,0
1080,4,reference,1086,1280,720,1920,1080,11.5292,12.5367,9.9584,1,1,0,0,0,0
1080,4,reference,1087,1280,720,1920,1080,11.3265,12.2796,9.94816,1,1,0,0,0,0
1080,4,reference,1088,1280,720,1920,1080,11.7883,12.7453,10.1427,1,1,0,0,0,0
1080,4,reference,1089,1280,720,1920,1080,11.2476,12.286,9.59795,1,1,0,0,0,0
1080,4,reference,1090,1280,720,1920,1080,11.2497,12.4944,9.8775,1,1,0,0,0,0
1080,4,reference,1091,1280,720,1920,1080,11.1309,12.3932,9.7495,1,1,0,0,0,0
1080,4,reference,1092,1280,720,1920,1080,11.3705,12.5117,8.72755,1,1,0,0,0,0
1080,4,reference,1093,1280,720,1920,1080,11.6214,12.5583,10.0721,1,1,0,0,0,0
1080,4,reference,1094,1280,720,1920,1080,9.76486,10.7236,8.38963,1,1,0,0,0,0
1080,4,reference,1095,1280,720,1920,1080,11.0653,12.9548,9.68602,1,1,0,0,0,0
1080,4,reference,1096,1280,720,1920,1080,11.3377,12.4178,9.96045,1,1,0,0,0,0
1080,4,reference,1097,1280,720,1920,1080,11.2118,12.2567,9.8304,1,1,0,0,0,0
1080,4,reference,1098,1280,720,1920,1080,11.3951,12.321,10.0188,1,1,0,0,0,0
1080,4,reference,1099,1280,720,1920,1080,11.3213,12.4446,9.94099,1,1,0,0,0,0
1080,4,reference,1100,1280,720,1920,1080,11.3152,12.2917,9.93894,1,1,0,0,0,0
1080,4,reference,1101,1280,720,1920,1080,11.4913,12.5038,10.114,1,1,0,0,0,0
1080,4,reference,1102,1280,720,1920,1080,11.5425,12.7902,10.1673,1,1,0,0,0,0
1080,4,reference,1103,1280,720,1920,1080,11.3213,12.3327,9.94202,1,1,0,0,0,0
1080,4,reference,1104,1280,720,1920,1080,11.2845,12.266,9.9031,1,1,0,0,0,0
1080,4,reference,1105,1280,720,1920,1080,11.2804,12.2199,9.90106,1,1,0,0,0,0
1080,4,reference,1106,1280,720,1920,1080,11.2876,12.1935,9.91334,1,1,0,0,0,0
1080,4,reference,1107,1280,720,1920,1080,11.3377,12.4326,9.95738,1,1,0,0,0,0
1080,4,reference,1108,1280,720,1920,1080,11.4104,12.6613,10.0342,1,1,0,0,0,0
1080,4,reference,1109,1280,720,1920,1080,11.3695,12.4282,9.98707,1,1,0,0,0,0
1080,4,reference,1110,1280,720,1920,1080,11.3203,12.2415,9.94202,1,1,0,0,0,0
1080,4,reference,1111,1280,720,1920,1080,11.4381,12.3945,10.0577,1,1,0,0,0,0
1080,4,reference,1112,1280,720,1920,1080,11.4483,12.3936,9.80582,1,1,0,0,0,0
1080,4,reference,1113,1280,720,1920,1080,11.4596,12.4498,9.81811,1,1,0,0,0,0
1080,4,reference,1114,1280,720,1920,1080,11.4237,12.3456,9.7792,1,1,0,0,0,0
1080,4,reference,1115,1280,720,1920,1080,11.5405,12.5551,9.86931,1,1,0,0,0,0
1080,4,reference,1116,1280,720,1920,1080,11.5139,12.6371,9.86726,1,1,0,0,0,0
1080,4,reference,1117,1280,720,1920,1080,11.3265,12.5095,9.94509,1,1,0,0,0,0
1080,4,reference,1118,1280,720,1920,1080,11.4678,12.4957,9.82835,1,1,0,0,0,0
1080,4,reference,1119,1280,720,1920,1080,11.3388,12.5412,9.95738,1,1,0,0,0,0
1080,4,reference,1120,1280,720,1920,1080,11.2947,12.2481,9.91846,1,1,0,0,0,0
1080,4,reference,1121,1280,720,1920,1080,11.3449,12.4496,9.96147,1,1,0,0,0,0
1080,4,reference,1122,1280,720,1920,1080,11.2691,12.3266,9.89286,1,1,0,0,0,0
1080,4,reference,1123,1280,720,1920,1080,11.5702,12.77,9.9287,1,1,0,0,0,0
1080,4,reference,1124,1280,720,1920,1080,11.476,12.5805,9.83859,1,1,0,0,0,0
1080,4,reference,1125,1280,720,1920,1080,11.3388,12.3349,9.95738,1,1,0,0,0,0
1080,4,reference,1126,1280,720,1920,1080,11.4729,12.4518,9.8345,1,1,0,0,0,0
1080,4,reference,1127,1280,720,1920,1080,11.4924,12.4913,9.84986,1,1,0,0,0,0
1080,4,reference,1128,1280,720,1920,1080,11.4647,12.4272,9.8263,1,1,0,0,0,0
1080,4,reference,1129,1280,720,1920,1080,11.2753,12.2499,9.89389,1,1,0,0,0,0
1080,4,reference,1130,1280,720,1920,1080,11.4903,12.6085,9.84474,1,1,0,0,0,0
1080,4,reference,1131,1280,720,1920,1080,11.5446,12.5301,9.9031,1,1,0,0,0,0
1080,4,reference,1132,1280,720,1920,1080,11.2886,12.2413,9.91232,1,1,0,0,0,0
1080,4,reference,1133,1280,720,1920,1080,11.4401,12.4532,9.80173,1,1,0,0,0,0
1080,4,reference,1134,1280,720,1920,1080,11.3306,12.4705,9.69318,1,1,0,0,0,0
1080,4,reference,1135,1280,720,1920,1080,11.4739,12.5269,9.83245,1,1,0,0,0,0
1080,4,reference,1136,1280,720,1920,1080,11.4442,12.5088,9.80582,1,1,0,0,0,0
1080,4,reference,1137,1280,720,1920,1080,11.4944,12.4492,9.8519,1,1,0,0,0,0
1080,4,reference,1138,1280,720,1920,1080,11.307,12.3742,9.9287,1,1,0,0,0,0
1080,4,reference,1139,1280,720,1920,1080,11.393,12.5892,9.74234,1,1,0,0,0,0
1080,4,reference,1140,1280,720,1920,1080,11.4872,12.4661,9.84576,1,1,0,0,0,0
1080,4,reference,1141,1280,720,1920,1080,11.521,12.4865,9.8601,1,1,0,0,0,0
1080,4,reference,1142,1280,720,1920,1080,11.4985,12.5113,9.85088,1,1,0,0,0,0
1080,4,reference,1143,1280,720,1920,1080,11.4934,12.471,9.8345,1,1,0,0,0,0
1080,4,reference,1144,1280,720,1920,1080,11.2947,12.2813,9.91642,1,1,0,0,0,0
1080,4,reference,1145,1280,720,1920,1080,11.4473,12.3758,9.78842,1,1,0,0,0,0
1080,4,reference,1146,1280,720,1920,1080,11.3828,12.361,9.72698,1,1,0,0,0,0
1080,4,reference,1147,1280,720,1920,1080,11.3715,12.2952,9.7239,1,1,0,0,0,0
1080,4,reference,1148,1280,720,1920,1080,9.75258,10.7575,8.37734,1,1,0,0,0,0
1080,4,reference,1149,1280,720,1920,1080,12.4109,13.532,10.1151,1,1,0,0,0,0
1080,4,reference,1150,1280,720,1920,1080,11.2056,12.5315,9.82938,1,1,0,0,0,0
1080,4,reference,1151,1280,720,1920,1080,11.2763,12.5959,9.89594,1,1,0,0,0,0
1080,4,reference,1152,1280,720,1920,1080,9.97888,11.2338,8.60365,1,1,0,0,0,0
1080,4,reference,1153,1280,720,1920,1080,11.2374,12.2733,9.84986,1,1,0,0,0,0
1080,4,reference,1154,1280,720,1920,1080,9.98502,11.7927,8.60877,1,1,0,0,0,0
1080,4,reference,1155,1280,720,1920,1080,11.1217,12.1134,9.69318,1,1,0,0,0,0
1080,4,reference,1156,1280,720,1920,1080,11.5732,12.5471,9.9369,1,1,0,0,0,0
1080,4,reference,1157,1280,720,1920,1080,11.2998,12.1972,9.92154,1,1,0,0,0,0
1080,4,reference,1158,1280,720,1920,1080,11.3459,12.3386,9.96762,1,1,0,0,0,0
1080,4,reference,1159,1280,720,1920,1080,11.4924,12.4635,9.85293,1,1,0,0,0,0
1080,4,reference,1160,1280,720,1920,1080,11.3275,12.3736,9.9543,1,1,0,0,0,0
1080,4,reference,1161,1280,720,1920,1080,11.4719,12.511,9.82938,1,1,0,0,0,0
1080,4,reference,1162,1280,720,1920,1080,11.476,12.4623,9.82016,1,1,0,0,0,0
1080,4,reference,1163,1280,720,1920,1080,12.1283,13.2177,10.7407,1,1,0,0,0,0
1080,4,reference,1164,1280,720,1920,1080,11.4872,12.4934,10.111,1,1,0,0,0,0
1080,4,reference,1165,1280,720,1920,1080,11.4668,12.6002,10.0833,1,1,0,0,0,0
1080,4,reference,1166,1280,720,1920,1080,11.5077,12.5082,10.1304,1,1,0,0,0,0
1080,4,reference,1167,1280,720,1920,1080,11.4432,12.3442,10.0628,1,1,0,0,0,0
1080,4,reference,1168,1280,720,1920,1080,11.4524,12.4548,10.0751,1,1,0,0,0,0
1080,4,reference,1169,1280,720,1920,1080,11.4913,12.5094,10.112,1,1,0,0,0,0
1080,4,reference,1170,1280,720,1920,1080,11.2794,12.2823,9.9031,1,1,0,0,0,0
1080,4,reference,1171,1280,720,1920,1080,11.4934,12.503,10.114,1,1,0,0,0,0
1080,4,reference,1172,1280,720,1920,1080,11.2794,12.2774,9.9031,1,1,0,0,0,0
1080,4,reference,1173,1280,720,1920,1080,11.391,12.5809,10.0106,1,1,0,0,0,0
1080,4,reference,1174,1280,720,1920,1080,11.3172,12.3978,9.93997,1,1,0,0,0,0
1080,4,reference,1175,1280,720,1920,1080,11.2927,12.3004,9.91232,1,1,0,0,0,0
1080,4,reference,1176,1280,720,1920,1080,11.4412,12.4879,9.81299,1,1,0,0,0,0
1080,4,reference,1177,1280,720,1920,1080,11.479,12.4671,9.83757,1,1,0,0,0,0
1080,4,reference,1178,1280,720,1920,1080,11.3009,12.3439,9.92461,1,1,0,0,0,0
1080,4,reference,1179,1280,720,1920,1080,11.4524,12.4516,9.81402,1,1,0,0,0,0
1080,4,reference,1180,1280,720,1920,1080,11.2814,12.3388,9.9031,1,1,0,0,0,0
1080,4,reference,1181,1280,720,1920,1080,11.433,12.382,9.7751,1,1,0,0,0,0
1080,4,reference,1182,1280,720,1920,1080,11.4708,12.4765,9.8345,1,1,0,0,0,0
1080,4,reference,1183,1280,720,1920,1080,11.4176,12.4248,9.75667,1,1,0,0,0,0
1080,4,reference,1184,1280,720,1920,1080,11.4596,12.4465,9.79968,1,1,0,0,0,0
1080,4,reference,1185,1280,720,1920,1080,11.4657,12.4279,9.82118,1,1,0,0,0,0
1080,4,reference,1186,1280,720,1920,1080,11.3172,12.2834,9.65837,1,1,0,0,0,0
1080,4,reference,1187,1280,720,1920,1080,11.263,12.3898,9.60205,1,1,0,0,0,0
1080,4,reference,1188,1280,720,1920,1080,11.2732,12.4598,9.62765,1,1,0,0,0,0
1080,4,reference,1189,1280,720,1920,1080,11.2896,12.2468,9.63174,1,1,0,0,0,0
1080,4,reference,1190,1280,720,1920,1080,11.2845,12.3236,9.64608,1,1,0,0,0,0
1080,4,reference,1191,1280,720,1920,1080,11.2138,12.6575,9.83552,1,1,0,0,0,0
1080,4,reference,1192,1280,720,1920,1080,11.2302,12.5274,9.85498,1,1,0,0,0,0
1080,4,reference,1193,1280,720,1920,1080,11.2138,12.3325,9.64506,1,1,0,0,0,0
1080,4,reference,1194,1280,720,1920,1080,11.4289,12.3873,10.0557,1,1,0,0,0,0
1080,4,reference,1195,1280,720,1920,1080,11.2947,12.2884,9.64198,1,1,0,0,0,0
1080,4,reference,1196,1280,720,1920,1080,11.1299,12.4098,9.75462,1,1,0,0,0,0
1080,4,reference,1197,1280,720,1920,1080,11.178,12.6033,9.80378,1,1,0,0,0,0
1080,4,reference,1198,1280,720,1920,1080,11.2957,12.5746,9.92154,1,1,0,0,0,0
1080,4,reference,1199,1280,720,1920,1080,11.2998,13.4201,9.92461,1,1,0,0,0,0
1080,5,reference,300,1280,720,1920,1080,11.476,12.5108,10.0977,1,1,0,0,0,0
1080,5,reference,301,1280,720,1920,1080,11.3654,12.3481,9.71264,1,1,0,0,0,0
1080,5,reference,302,1280,720,1920,1080,11.4749,12.4056,10.0946,1,1,0,0,0,0
1080,5,reference,303,1280,720,1920,1080,11.4852,12.5103,10.1048,1,1,0,0,0,0
1080,5,reference,304,1280,720,1920,1080,11.4657,12.5436,10.0884,1,1,0,0,0,0
1080,5,reference,305,1280,720,1920,1080,11.4842,12.556,10.1048,1,1,0,0,0,0
1080,5,reference,306,1280,720,1920,1080,11.2558,12.1623,9.87648,1,1,0,0,0,0
1080,5,reference,307,1280,720,1920,1080,11.4616,12.5375,10.0823,1,1,0,0,0,0
1080,5,reference,308,1280,720,1920,1080,11.5016,12.747,10.1192,1,1,0,0,0,0
1080,5,reference,309,1280,720,1920,1080,11.2937,12.3886,9.91334,1,1,0,0,0,0
1080,5,reference,310,1280,720,1920,1080,11.4637,12.5015,10.0823,1,1,0,0,0,0
1080,5,reference,311,1280,720,1920,1080,11.348,12.3332,9.96966,1,1,0,0,0,0
1080,5,reference,312,1280,720,1920,1080,11.308,12.4391,9.92563,1,1,0,0,0,0
1080,5,reference,313,1280,720,1920,1080,11.4545,12.8812,10.0751,1,1,0,0,0,0
1080,5,reference,314,1280,720,1920,1080,11.4913,12.4977,10.111,1,1,0,0,0,0
1080,5,reference,315,1280,720,1920,1080,11.3101,12.2958,9.93075,1,1,0,0,0,0
1080,5,reference,316,1280,720,1920,1080,11.2589,12.2367,9.87955,1,1,0,0,0,0
1080,5,reference,317,1280,720,1920,1080,11.3162,12.271,9.93792,1,1,0,0,0,0
1080,5,reference,318,1280,720,1920,1080,11.3336,12.3487,9.9543,1,1,0,0,0,0
1080,5,reference,319,1280,720,1920,1080,11.3275,12.324,9.94611,1,1,0,0,0,0
1080,5,reference,320,1280,720,1920,1080,11.2773,12.3897,9.89798,1,1,0,0,0,0
1080,5,reference,321,1280,720,1920,1080,11.2896,12.2298,9.90925,1,1,0,0,0,0
1080,5,reference,322,1280,720,1920,1080,11.5364,12.4566,9.87853,1,1,0,0,0,0
1080,5,reference,323,1280,720,1920,1080,11.4954,12.4416,9.8519,1,1,0,0,0,0
1080,5,reference,324,1280,720,1920,1080,11.4719,12.5539,9.82835,1,1,0,0,0,0
1080,5,reference,325,1280,720,1920,1080,11.4258,12.423,9.7833,1,1,0,0,0,0
1080,5,reference,326,1280,720,1920,1080,11.434,12.5307,9.79558,1,1,0,0,0,0
1080,5,reference,327,1280,720,1920,1080,11.4688,12.4721,9.81709,1,1,0,0,0,0
1080,5,reference,328,1280,720,1920,1080,11.4504,12.4023,9.79558,1,1,0,0,0,0
1080,5,reference,329,1280,720,1920,1080,11.434,12.4115,9.78534,1,1,0,0,0,0
1080,5,reference,330,1280,720,1920,1080,11.4657,12.5615,9.81709,1,1,0,0,0,0
1080,5,reference,331,1280,720,1920,1080,11.4514,12.4692,9.6471,1,1,0,0,0,0
1080,5,reference,332,1280,720,1920,1080,11.4739,12.3918,9.8263,1,1,0,0,0,0
1080,5,reference,333,1280,720,1920,1080,11.3019,12.4541,9.91949,1,1,0,0,0,0
1080,5,reference,334,1280,720,1920,1080,11.5026,12.4253,9.8519,1,1,0,0,0,0
1080,5,reference,335,1280,720,1920,1080,11.5476,12.5133,9.8857,1,1,0,0,0,0
1080,5,reference,336,1280,720,1920,1080,11.4944,12.5695,9.85498,1,1,0,0,0,0
1080,5,reference,337,1280,720,1920,1080,11.4831,12.5141,9.8263,1,1,0,0,0,0
1080,5,reference,338,1280,720,1920,1080,11.4268,12.4926,9.87136,1,1,0,0,0,0
1080,5,reference,339,1280,720,1920,1080,11.3295,12.4119,9.95123,1,1,0,0,0,0
1080,5,reference,340,1280,720,1920,1080,11.4749,12.4283,9.8304,1,1,0,0,0,0
1080,5,reference,341,1280,720,1920,1080,11.4289,12.5262,9.79046,1,1,0,0,0,0
1080,5,reference,342,1280,720,1920,1080,11.434,12.3741,9.79661,1,1,0,0,0,0
1080,5,reference,343,1280,720,1920,1080,11.5282,12.5591,9.8816,1,1,0,0,0,0
1080,5,reference,344,1280,720,1920,1080,11.5558,12.5679,9.90413,1,1,0,0,0,0
1080,5,reference,345,1280,720,1920,1080,11.4821,12.5708,9.84166,1,1,0,0,0,0
1080,5,reference,346,1280,720,1920,1080,11.4954,12.6172,9.84781,1,1,0,0,0,0
1080,5,reference,347,1280,720,1920,1080,11.2865,12.3833,9.9072,1,1,0,0,0,0
1080,5,reference,348,1280,720,1920,1080,11.3009,12.4011,9.91846,1,1,0,0,0,0
1080,5,reference,349,1280,720,1920,1080,11.2804,12.4685,9.90106,1,1,0,0,0,0
1080,5,reference,350,1280,720,1920,1080,11.4678,12.5089,9.83654,1,1,0,0,0,0
1080,5,reference,351,1280,720,1920,1080,11.305,12.4501,9.92461,1,1,0,0,0,0
1080,5,reference,352,1280,720,1920,1080,11.4268,12.4208,9.79763,1,1,0,0,0,0
1080,5,reference,353,1280,720,1920,1080,11.4954,12.9707,9.86726,1,1,0,0,0,0
1080,5,reference,354,1280,720,1920,1080,11.3582,12.3312,9.97376,1,1,0,0,0,0
1080,5,reference,355,1280,720,1920,1080,11.4729,12.4105,9.8345,1,1,0,0,0,0
1080,5,reference,356,1280,720,1920,1080,11.5128,12.4309,9.88262,1,1,0,0,0,0
1080,5,reference,357,1280,720,1920,1080,11.3213,12.2665,9.94099,1,1,0,0,0,0
1080,5,reference,358,1280,720,1920,1080,11.305,12.5216,9.92563,1,1,0,0,0,0
1080,5,reference,359,1280,720,1920,1080,11.0203,12.2112,8.38656,1,1,0,0,0,0
1080,5,reference,360,1280,720,1920,1080,11.0541,12.1552,9.67066,1,1,0,0,0,0
1080,5,reference,361,1280,720,1920,1080,11.2507,12.3264,9.83347,1,1,0,0,0,0
1080,5,reference,362,1280,720,1920,1080,11.5968,12.65,9.96966,1,1,0,0,0,0
1080,5,reference,363,1280,720,1920,1080,11.4545,12.4639,9.81402,1,1,0,0,0,0
1080,5,reference,364,1280,720,1920,1080,11.3183,12.2381,9.66451,1,1,0,0,0,0
1080,5,reference,365,1280,720,1920,1080,11.3132,12.2643,9.66554,1,1,0,0,0,0
1080,5,reference,366,1280,720,1920,1080,11.2691,12.4627,9.89082,1,1,0,0,0,0
1080,5,reference,367,1280,720,1920,1080,11.263,12.4805,9.88672,1,1,0,0,0,0
1080,5,reference,368,1280,720,1920,1080,11.2671,12.7065,9.88877,1,1,0,0,0,0
1080,5,reference,369,1280,720,1920,1080,11.3306,12.3319,9.6768,1,1,0,0,0,0
1080,5,reference,370,1280,720,1920,1080,11.3459,12.4059,9.69011,1,1,0,0,0,0
1080,5,reference,371,1280,720,1920,1080,11.3162,12.2489,9.67168,1,1,0,0,0,0
1080,5,reference,372,1280,720,1920,1080,11.2957,12.7678,9.91642,1,1,0,0,0,0
1080,5,reference,373,1280,720,1920,1080,11.2845,12.5935,9.73926,1,1,0,0,0,0
1080,5,reference,374,1280,720,1920,1080,11.5231,12.7389,10.0936,1,1,0,0,0,0
1080,5,reference,375,1280,720,1920,1080,11.4811,12.4464,9.84781,1,1,0,0,0,0
1080,5,reference,376,1280,720,1920,1080,11.3244,12.3323,9.69318,1,1,0,0,0,0
1080,5,reference,377,1280,720,1920,1080,11.3838,12.3018,9.73005,1,1,0,0,0,0
1080,5,reference,378,1280,720,1920,1080,11.3418,12.3826,9.69421,1,1,0,0,0,0
1080,5,reference,379,1280,720,1920,1080,11.308,12.3028,9.66656,1,1,0,0,0,0
1080,5,reference,380,1280,720,1920,1080,11.179,12.3881,9.79866,1,1,0,0,0,0
1080,5,reference,381,1280,720,1920,1080,11.264,12.4575,9.88365,1,1,0,0,0,0
1080,5,reference,382,1280,720,1920,1080,11.3224,12.2351,9.67885,1,1,0,0,0,0
1080,5,reference,383,1280,720,1920,1080,9.91027,10.939,8.53094,1,1,0,0,0,0
1080,5,reference,384,1280,720,1920,1080,13.0232,14.1466,10.6926,1,1,0,0,0,0
1080,5,reference,385,1280,720,1920,1080,11.1985,12.2316,9.82016,1,1,0,0,0,0
1080,5,reference,386,1280,720,1920,1080,11.3254,12.3034,9.94304,1,1,0,0,0,0
1080,5,reference,387,1280,720,1920,1080,9.79251,10.7733,8.41523,1,1,0,0,0,0
1080,5,reference,388,1280,720,1920,1080,12.8993,13.9448,11.4842,1,1,0,0,0,0
1080,5,reference,389,1280,720,1920,1080,11.2671,12.2801,9.8857,1,1,0,0,0,0
1080,5,reference,390,1280,720,1920,1080,11.3469,12.3345,9.96659,1,1,0,0,0,0
1080,5,reference,391,1280,720,1920,1080,11.0643,12.1576,9.68602,1,1,0,0,0,0
1080,5,reference,392,1280,720,1920,1080,11.435,12.4462,10.0547,1,1,0,0,0,0
1080,5,reference,393,1280,720,1920,1080,11.2456,12.2164,9.86419,1,1,0,0,0,0
1080,5,reference,394,1280,720,1920,1080,10.966,12.0236,9.58771,1,1,0,0,0,0
1080,5,reference,395,1280,720,1920,1080,11.3603,12.2593,9.728,1,1,0,0,0,0
1080,5,reference,396,1280,720,1920,1080,10.1663,11.1278,8.78694,1,1,0,0,0,0
1080,5,reference,397,1280,720,1920,1080,9.37984,10.2963,8.00256,1,1,0,0,0,0
1080,5,reference,398,1280,720,1920,1080,10.6557,13.2974,9.2375,1,1,0,0,0,0
1080,5,reference,399,1280,720,1920,1080,11.6982,12.6148,10.0649,1,1,0,0,0,0
1080,5,reference,400,1280,720,1920,1080,10.965,12.0418,9.58771,1,1,0,0,0,0
1080,5,reference,401,1280,720,1920,1080,11.3326,12.2595,9.95328,1,1,0,0,0,0
1080,5,reference,402,1280,720,1920,1080,11.3388,12.3538,9.71674,1,1,0,0,0,0
1080,5,reference,403,1280,720,1920,1080,11.3019,12.2586,9.92154,1,1,0,0,0,0
1080,5,reference,404,1280,720,1920,1080,11.2794,12.2771,9.89798,1,1,0,0,0,0
1080,5,reference,405,1280,720,1920,1080,10.9732,12.1318,9.59386,1,1,0,0,0,0
1080,5,reference,406,1280,720,1920,1080,11.477,12.4764,10.0987,1,1,0,0,0,0
1080,5,reference,407,1280,720,1920,1080,11.4094,12.4224,10.0301,1,1,0,0,0,0
1080,5,reference,408,1280,720,1920,1080,11.4749,12.5092,10.0956,1,1,0,0,0,0
1080,5,reference,409,1280,720,1920,1080,11.262,12.3274,9.8816,1,1,0,0,0,0
1080,5,reference,410,1280,720,1920,1080,11.4749,12.4762,10.0936,1,1,0,0,0,0
1080,5,reference,411,1280,720,1920,1080,9.88058,10.8951,8.5033,1,1,0,0,0,0
1080,5,reference,412,1280,720,1920,1080,12.8174,13.8507,11.4186,1,1,0,0,0,0
1080,5,reference,413,1280,720,1920,1080,11.5558,12.6179,9.91539,1,1,0,0,0,0
1080,5,reference,414,1280,720,1920,1080,11.3019,12.2249,9.92256,1,1,0,0,0,0
1080,5,reference,415,1280,720,1920,1080,11.5497,12.4756,9.89594,1,1,0,0,0,0
1080,5,reference,416,1280,720,1920,1080,11.4545,12.5578,9.82221,1,1,0,0,0,0
1080,5,reference,417,1280,720,1920,1080,11.4708,12.5836,9.84371,1,1,0,0,0,0
1080,5,reference,418,1280,720,1920,1080,11.3244,12.3926,9.94509,1,1,0,0,0,0
1080,5,reference,419,1280,720,1920,1080,11.3183,12.2735,9.93792,1,1,0,0,0,0
1080,5,reference,420,1280,720,1920,1080,11.3408,12.3578,9.95942,1,1,0,0,0,0
1080,5,reference,421,1280,720,1920,1080,11.3398,12.674,9.96147,1,1,0,0,0,0
1080,5,reference,422,1280,720,1920,1080,11.2916,12.285,9.91334,1,1,0,0,0,0
1080,5,reference,423,1280,720,1920,1080,11.4934,12.4377,9.86419,1,1,0,0,0,0
1080,5,reference,424,1280,720,1920,1080,11.4893,12.5046,9.856,1,1,0,0,0,0
1080,5,reference,425,1280,720,1920,1080,11.4186,12.4132,9.78739,1,1,0,0,0,0
1080,5,reference,426,1280,720,1920,1080,11.2824,12.2014,9.9031,1,1,0,0,0,0
1080,5,reference,427,1280,720,1920,1080,11.4749,12.3818,9.84678,1,1,0,0,0,0
1080,5,reference,428,1280,720,1920,1080,11.4862,12.4591,9.84678,1,1,0,0,0,0
1080,5,reference,429,1280,720,1920,1080,11.4545,12.4091,9.82528,1,1,0,0,0,0
1080,5,reference,430,1280,720,1920,1080,11.4893,12.608,9.85805,1,1,0,0,0,0
1080,5,reference,431,1280,720,1920,1080,11.4289,12.3527,9.79763,1,1,0,0,0,0
1080,5,reference,432,1280,720,1920,1080,11.3162,12.2839,9.68499,1,1,0,0,0,0
1080,5,reference,433,1280,720,1920,1080,11.3039,12.2959,9.67373,1,1,0,0,0,0
1080,5,reference,434,1280,720,1920,1080,11.989,12.9784,10.5994,1,1,0,0,0,0
1080,5,reference,435,1280,720,1920,1080,11.4268,12.4314,9.79251,1,1,0,0,0,0
1080,5,reference,436,1280,720,1920,1080,11.4811,12.442,9.84678,1,1,0,0,0,0
1080,5,reference,437,1280,720,1920,1080,11.351,12.341,9.71674,1,1,0,0,0,0
1080,5,reference,438,1280,720,1920,1080,11.3408,12.3225,9.70547,1,1,0,0,0,0
1080,5,reference,439,1280,720,1920,1080,11.4022,12.481,9.77101,1,1,0,0,0,0
1080,5,reference,440,1280,720,1920,1080,11.3162,12.3737,9.66963,1,1,0,0,0,0
1080,5,reference,441,1280,720,1920,1080,11.308,12.321,9.67987,1,1,0,0,0,0
1080,5,reference,442,1280,720,1920,1080,11.3152,12.2641,9.66758,1,1,0,0,0,0
1080,5,reference,443,1280,720,1920,1080,11.2609,12.4563,9.88262,1,1,0,0,0,0
1080,5,reference,444,1280,720,1920,1080,11.3644,12.4038,8.72858,1,1,0,0,0,0
1080,5,reference,445,1280,720,1920,1080,11.4586,12.4923,9.80582,1,1,0,0,0,0
1080,5,reference,446,1280,720,1920,1080,11.0254,12.2281,9.6471,1,1,0,0,0,0
1080,5,reference,447,1280,720,1920,1080,11.2486,12.585,9.87034,1,1,0,0,0,0
1080,5,reference,448,1280,720,1920,1080,11.0377,12.384,9.65939,1,1,0,0,0,0
1080,5,reference,449,1280,720,1920,1080,11.1094,12.2296,9.72902,1,1,0,0,0,0
1080,5,reference,450,1280,720,1920,1080,11.264,12.3154,9.88774,1,1,0,0,0,0
1080,5,reference,451,1280,720,1920,1080,11.3029,12.2661,9.92256,1,1,0,0,0,0
1080,5,reference,452,1280,720,1920,1080,11.3101,12.3092,9.93075,1,1,0,0,0,0
1080,5,reference,453,1280,720,1920,1080,11.1534,12.3771,9.77408,1,1,0,0,0,0
1080,5,reference,454,1280,720,1920,1080,11.4821,12.5919,10.0997,1,1,0,0,0,0
1080,5,reference,455,1280,720,1920,1080,11.1729,12.3183,9.7751,1,1,0,0,0,0
1080,5,reference,456,1280,720,1920,1080,13.8691,15.1526,12.4723,1,1,0,0,0,0
1080,5,reference,457,1280,720,1920,1080,11.3285,12.4009,9.94714,1,1,0,0,0,0
1080,5,reference,458,1280,720,1920,1080,11.3756,12.3367,9.99834,1,1,0,0,0,0
1080,5,reference,459,1280,720,1920,1080,11.5538,12.5436,9.92666,1,1,0,0,0,0
1080,5,reference,460,1280,720,1920,1080,11.4289,12.4861,9.8007,1,1,0,0,0,0
1080,5,reference,461,1280,720,1920,1080,11.3295,12.3269,9.94918,1,1,0,0,0,0
1080,5,reference,462,1280,720,1920,1080,11.4596,12.4022,9.83859,1,1,0,0,0,0
1080,5,reference,463,1280,720,1920,1080,11.4647,12.7696,9.8263,1,1,0,0,0,0
1080,5,reference,464,1280,720,1920,1080,11.3101,12.3993,9.9287,1,1,0,0,0,0
1080,5,reference,465,1280,720,1920,1080,11.4442,12.4388,9.8048,1,1,0,0,0,0
1080,5,reference,466,1280,720,1920,1080,11.3541,12.563,9.97478,1,1,0,0,0,0
1080,5,reference,467,1280,720,1920,1080,11.3408,12.3842,9.9625,1,1,0,0,0,0
1080,5,reference,468,1280,720,1920,1080,11.5415,12.6455,9.90003,1,1,0,0,0,0
1080,5,reference,469,1280,720,1920,1080,11.3234,12.281,9.94202,1,1,0,0,0,0
1080,5,reference,470,1280,720,1920,1080,11.4442,12.409,9.80378,1,1,0,0,0,0
1080,5,reference,471,1280,720,1920,1080,11.4534,12.4054,9.81299,1,1,0,0,0,0
1080,5,reference,472,1280,720,1920,1080,11.4575,12.5299,9.81299,1,1,0,0,0,0
1080,5,reference,473,1280,720,1920,1080,11.4637,12.5714,9.82118,1,1,0,0,0,0
1080,5,reference,474,1280,720,1920,1080,11.4852,12.5,9.83962,1,1,0,0,0,0
1080,5,reference,475,1280,720,1920,1080,11.4698,12.4826,9.81914,1,1,0,0,0,0
1080,5,reference,476,1280,720,1920,1080,11.5036,12.5732,9.84883,1,1,0,0,0,0
1080,5,reference,477,1280,720,1920,1080,11.3541,12.359,9.97274,1,1,0,0,0,0
1080,5,reference,478,1280,720,1920,1080,11.4504,12.4612,9.8007,1,1,0,0,0,0
1080,5,reference,479,1280,720,1920,1080,11.2445,12.2631,9.86522,1,1,0,0,0,0
1080,5,reference,480,1280,720,1920,1080,11.7299,12.7504,10.1028,1,1,0,0,0,0
1080,5,reference,481,1280,720,1920,1080,11.2845,12.2622,9.9031,1,1,0,0,0,0
1080,5,reference,482,1280,720,1920,1080,11.5261,12.602,9.87443,1,1,0,0,0,0
1080,5,reference,483,1280,720,1920,1080,11.4934,12.6495,9.84269,1,1,0,0,0,0
1080,5,reference,484,1280,720,1920,1080,11.4811,12.5136,9.84269,1,1,0,0,0,0
1080,5,reference,485,1280,720,1920,1080,11.2988,12.2364,9.91846,1,1,0,0,0,0
1080,5,reference,486,1280,720,1920,1080,11.522,12.4941,9.86214,1,1,0,0,0,0
1080,5,reference,487,1280,720,1920,1080,11.4606,12.4528,9.80173,1,1,0,0,0,0
1080,5,reference,488,1280,720,1920,1080,11.4135,12.5653,9.76077,1,1,0,0,0,0
1080,5,reference,489,1280,720,1920,1080,11.3265,12.3149,9.94509,1,1,0,0,0,0
1080,5,reference,490,1280,720,1920,1080,11.3152,12.3518,9.93485,1,1,0,0,0,0
1080,5,reference,491,1280,720,1920,1080,11.4524,12.5657,9.81299,1,1,0,0,0,0
1080,5,reference,492,1280,720,1920,1080,11.5579,12.4968,9.91027,1,1,0,0,0,0
1080,5,reference,493,1280,720,1920,1080,11.5384,12.4925,9.87341,1,1,0,0,0,0
1080,5,reference,494,1280,720,1920,1080,11.4125,12.5207,9.85498,1,1,0,0,0,0
1080,5,reference,495,1280,720,1920,1080,11.521,12.6023,9.8816,1,1,0,0,0,0
1080,5,reference,496,1280,720,1920,1080,11.266,12.4336,9.8857,1,1,0,0,0,0
1080,5,reference,497,1280,720,1920,1080,11.3562,12.322,9.97478,1,1,0,0,0,0
1080,5,reference,498,1280,720,1920,1080,11.4125,12.4498,10.0321,1,1,0,0,0,0
1080,5,reference,499,1280,720,1920,1080,11.5528,12.4895,9.88877,1,1,0,0,0,0
1080,5,reference,500,1280,720,1920,1080,11.5773,12.6674,9.92461,1,1,0,0,0,0
1080,5,reference,501,1280,720,1920,1080,11.5139,12.5192,9.85702,1,1,0,0,0,0
1080,5,reference,502,1280,720,1920,1080,11.3306,12.406,9.95123,1,1,0,0,0,0
1080,5,reference,503,1280,720,1920,1080,11.4964,12.568,9.84166,1,1,0,0,0,0
1080,5,reference,504,1280,720,1920,1080,11.2497,12.2484,9.86829,1,1,0,0,0,0
1080,5,reference,505,1280,720,1920,1080,11.3725,12.4404,9.99117,1,1,0,0,0,0
1080,5,reference,506,1280,720,1920,1080,11.5825,12.674,9.9287,1,1,0,0,0,0
1080,5,reference,507,1280,720,1920,1080,11.522,12.654,9.86931,1,1,0,0,0,0
1080,5,reference,508,1280,720,1920,1080,11.5251,12.6727,10.1458,1,1,0,0,0,0
1080,5,reference,509,1280,720,1920,1080,11.3265,12.4178,9.94816,1,1,0,0,0,0
1080,5,reference,510,1280,720,1920,1080,11.4708,12.6411,10.0905,1,1,0,0,0,0
1080,5,reference,511,1280,720,1920,1080,11.4319,12.5316,10.0557,1,1,0,0,0,0
1080,5,reference,512,1280,720,1920,1080,12.033,13.0424,10.6547,1,1,0,0,0,0
1080,5,reference,513,1280,720,1920,1080,11.5364,12.6027,10.155,1,1,0,0,0,0
1080,5,reference,514,1280,720,1920,1080,11.4545,12.4638,10.0731,1,1,0,0,0,0
1080,5,reference,515,1280,720,1920,1080,10.9763,12.1024,9.59693,1,1,0,0,0,0
1080,5,reference,516,1280,720,1920,1080,11.521,12.6772,10.1356,1,1,0,0,0,0
1080,5,reference,517,1280,720,1920,1080,11.2865,12.3265,9.90515,1,1,0,0,0,0
1080,5,reference,518,1280,720,1920,1080,11.3111,12.3257,9.93178,1,1,0,0,0,0
1080,5,reference,519,1280,720,1920,1080,11.6767,12.7243,10.0342,1,1,0,0,0,0
1080,5,reference,520,1280,720,1920,1080,11.3859,12.3389,10.0055,1,1,0,0,0,0
1080,5,reference,521,1280,720,1920,1080,11.3336,12.3642,9.9543,1,1,0,0,0,0
1080,5,reference,522,1280,720,1920,1080,11.4186,12.4172,10.0372,1,1,0,0,0,0
1080,5,reference,523,1280,720,1920,1080,13.2352,14.5843,11.8538,1,1,0,0,0,0
1080,5,reference,524,1280,720,1920,1080,11.5517,12.7661,9.9031,1,1,0,0,0,0
1080,5,reference,525,1280,720,1920,1080,11.3623,12.4831,9.67578,1,1,0,0,0,0
1080,5,reference,526,1280,720,1920,1080,11.349,12.4035,9.68909,1,1,0,0,0,0
1080,5,reference,527,1280,720,1920,1080,11.1985,12.6211,9.82221,1,1,0,0,0,0
1080,5,reference,528,1280,720,1920,1080,11.3101,12.641,9.92768,1,1,0,0,0,0
1080,5,reference,529,1280,720,1920,1080,11.222,12.6876,9.84474,1,1,0,0,0,0
1080,5,reference,530,1280,720,1920,1080,11.4842,12.6464,9.82016,1,1,0,0,0,0
1080,5,reference,531,1280,720,1920,1080,11.4719,12.5681,9.82528,1,1,0,0,0,0
1080,5,reference,532,1280,720,1920,1080,11.4217,12.408,9.85907,1,1,0,0,0,0
1080,5,reference,533,1280,720,1920,1080,11.4319,12.401,10.0506,1,1,0,0,0,0
1080,5,reference,534,1280,720,1920,1080,11.351,12.2845,9.68192,1,1,0,0,0,0
1080,5,reference,535,1280,720,1920,1080,11.4534,12.4557,9.81197,1,1,0,0,0,0
1080,5,reference,536,1280,720,1920,1080,11.4893,12.501,9.84781,1,1,0,0,0,0
1080,5,reference,537,1280,720,1920,1080,11.4708,12.4169,9.80992,1,1,0,0,0,0
1080,5,reference,538,1280,720,1920,1080,11.3961,12.3962,9.82835,1,1,0,0,0,0
1080,5,reference,539,1280,720,1920,1080,11.903,12.9207,10.0864,1,1,0,0,0,0
1080,5,reference,540,1280,720,1920,1080,12.2644,14.1223,10.878,1,1,0,0,0,0
1080,5,reference,541,1280,720,1920,1080,9.65837,10.5754,8.28211,1,1,0,0,0,0
1080,5,reference,542,1280,720,1920,1080,10.794,13.5362,9.41363,1,1,0,0,0,0
1080,5,reference,543,1280,720,1920,1080,11.5804,12.5289,10.0137,1,1,0,0,0,0
1080,5,reference,544,1280,720,1920,1080,11.5354,12.6061,9.91642,1,1,0,0,0,0
1080,5,reference,545,1280,720,1920,1080,11.435,12.3781,10.0567,1,1,0,0,0,0
1080,5,reference,546,1280,720,1920,1080,11.4903,12.4503,10.111,1,1,0,0,0,0
1080,5,reference,547,1280,720,1920,1080,11.4739,12.3937,10.0946,1,1,0,0,0,0
1080,5,reference,548,1280,720,1920,1080,11.5108,12.5405,10.1294,1,1,0,0,0,0
1080,5,reference,549,1280,720,1920,1080,11.4668,12.4723,10.0874,1,1,0,0,0,0
1080,5,reference,550,1280,720,1920,1080,11.7658,12.8864,10.3844,1,1,0,0,0,0
1080,5,reference,551,1280,720,1920,1080,11.2568,12.3238,9.87955,1,1,0,0,0,0
1080,5,reference,552,1280,720,1920,1080,11.4401,12.3659,10.0608,1,1,0,0,0,0
1080,5,reference,553,1280,720,1920,1080,11.3132,12.2809,9.9328,1,1,0,0,0,0
1080,5,reference,554,1280,720,1920,1080,11.4821,12.5209,10.1028,1,1,0,0,0,0
1080,5,reference,555,1280,720,1920,1080,11.4627,12.4201,10.0833,1,1,0,0,0,0
1080,5,reference,556,1280,720,1920,1080,11.4975,12.4892,10.1192,1,1,0,0,0,0
1080,5,reference,557,1280,720,1920,1080,11.4842,12.6078,10.1028,1,1,0,0,0,0
1080,5,reference,558,1280,720,1920,1080,11.4555,12.5656,10.0762,1,1,0,0,0,0
1080,5,reference,559,1280,720,1920,1080,11.1145,12.3167,9.73619,1,1,0,0,0,0
1080,5,reference,560,1280,720,1920,1080,11.6644,12.6043,10.2851,1,1,0,0,0,0
1080,5,reference,561,1280,720,1920,1080,11.2671,12.3657,9.87136,1,1,0,0,0,0
1080,5,reference,562,1280,720,1920,1080,11.2978,12.4675,9.92154,1,1,0,0,0,0
1080,5,reference,563,1280,720,1920,1080,11.4432,12.3491,9.8007,1,1,0,0,0,0
1080,5,reference,564,1280,720,1920,1080,11.2435,12.1971,9.86214,1,1,0,0,0,0
1080,5,reference,565,1280,720,1920,1080,11.3418,12.2951,9.9625,1,1,0,0,0,0
1080,5,reference,566,1280,720,1920,1080,11.4596,12.4196,9.82835,1,1,0,0,0,0
1080,5,reference,567,1280,720,1920,1080,11.4831,12.4247,9.85293,1,1,0,0,0,0
1080,5,reference,568,1280,720,1920,1080,11.4995,12.5252,9.84371,1,1,0,0,0,0
1080,5,reference,569,1280,720,1920,1080,11.5323,12.6113,9.89696,1,1,0,0,0,0
1080,5,reference,570,1280,720,1920,1080,11.3992,12.3495,9.84678,1,1,0,0,0,0
1080,5,reference,571,1280,720,1920,1080,11.2538,12.3245,9.87546,1,1,0,0,0,0
1080,5,reference,572,1280,720,1920,1080,11.2865,12.2099,9.73312,1,1,0,0,0,0
1080,5,reference,573,1280,720,1920,1080,11.4412,12.4654,10.0618,1,1,0,0,0,0
1080,5,reference,574,1280,720,1920,1080,11.5005,12.4879,9.85702,1,1,0,0,0,0
1080,5,reference,575,1280,720,1920,1080,11.4924,12.5622,9.8345,1,1,0,0,0,0
1080,5,reference,576,1280,720,1920,1080,11.1596,12.2201,8.5248,1,1,0,0,0,0
1080,5,reference,577,1280,720,1920,1080,11.0653,12.1532,9.68499,1,1,0,0,0,0
1080,5,reference,578,1280,720,1920,1080,11.2927,12.3234,9.91539,1,1,0,0,0,0
1080,5,reference,579,1280,720,1920,1080,11.3828,12.4542,10.0045,1,1,0,0,0,0
1080,5,reference,580,1280,720,1920,1080,11.2783,12.3972,9.89389,1,1,0,0,0,0
1080,5,reference,581,1280,720,1920,1080,11.6705,12.8544,10.2881,1,1,0,0,0,0
1080,5,reference,582,1280,720,1920,1080,11.3981,12.436,10.0209,1,1,0,0,0,0
1080,5,reference,583,1280,720,1920,1080,11.3029,12.3946,9.92256,1,1,0,0,0,0
1080,5,reference,584,1280,720,1920,1080,11.3213,12.2747,9.68397,1,1,0,0,0,0
1080,5,reference,585,1280,720,1920,1080,11.4616,12.5176,9.81811,1,1,0,0,0,0
1080,5,reference,586,1280,720,1920,1080,11.263,12.5201,9.88467,1,1,0,0,0,0
1080,5,reference,587,1280,720,1920,1080,11.5907,12.6016,9.94304,1,1,0,0,0,0
1080,5,reference,588,1280,720,1920,1080,11.1882,12.3095,9.81094,1,1,0,0,0,0
1080,5,reference,589,1280,720,1920,1080,12.073,13.069,10.6916,1,1,0,0,0,0
1080,5,reference,590,1280,720,1920,1080,11.3859,12.3611,9.75872,1,1,0,0,0,0
1080,5,reference,591,1280,720,1920,1080,11.3193,12.2176,9.67782,1,1,0,0,0,0
1080,5,reference,592,1280,720,1920,1080,11.3347,12.3749,9.68704,1,1,0,0,0,0
1080,5,reference,593,1280,720,1920,1080,11.265,12.6398,9.88774,1,1,0,0,0,0
1080,5,reference,594,1280,720,1920,1080,11.0438,12.186,9.66451,1,1,0,0,0,0
1080,5,reference,595,1280,720,1920,1080,9.71878,12.0736,8.33741,1,1,0,0,0,0
1080,5,reference,596,1280,720,1920,1080,10.0198,10.9345,8.64358,1,1,0,0,0,0
1080,5,reference,597,1280,720,1920,1080,13.0406,14.2188,11.6255,1,1,0,0,0,0
1080,5,reference,598,1280,720,1920,1080,11.2486,12.5174,9.87136,1,1,0,0,0,0
1080,5,reference,599,1280,720,1920,1080,11.2445,12.4704,9.86829,1,1,0,0,0,0
1080,5,reference,600,1280,720,1920,1080,11.2097,12.516,9.83245,1,1,0,0,0,0
1080,5,reference,601,1280,720,1920,1080,11.4749,12.4931,9.82016,1,1,0,0,0,0
1080,5,reference,602,1280,720,1920,1080,11.2671,12.5187,9.8857,1,1,0,0,0,0
1080,5,reference,603,1280,720,1920,1080,11.3234,13.0733,9.94509,1,1,0,0,0,0
1080,5,reference,604,1280,720,1920,1080,11.4289,12.4664,9.66246,1,1,0,0,0,0
1080,5,reference,605,1280,720,1920,1080,11.6163,12.7022,9.93485,1,1,0,0,0,0
1080,5,reference,606,1280,720,1920,1080,11.436,12.5943,9.75462,1,1,0,0,0,0
1080,5,reference,607,1280,720,1920,1080,11.606,12.707,9.84678,1,1,0,0,0,0
1080,5,reference,608,1280,720,1920,1080,11.434,12.4336,9.728,1,1,0,0,0,0
1080,5,reference,609,1280,720,1920,1080,11.52,12.5483,9.8601,1,1,0,0,0,0
1080,5,reference,610,1280,720,1920,1080,11.522,12.5244,9.83142,1,1,0,0,0,0
1080,5,reference,611,1280,720,1920,1080,11.3234,12.3234,9.94509,1,1,0,0,0,0
1080,5,reference,612,1280,720,1920,1080,11.478,12.4666,9.81504,1,1,0,0,0,0
1080,5,reference,613,1280,720,1920,1080,11.6777,12.9676,10.0004,1,1,0,0,0,0
1080,5,reference,614,1280,720,1920,1080,11.8753,12.896,10.3004,1,1,0,0,0,0
1080,5,reference,615,1280,720,1920,1080,11.9224,12.8259,10.2902,1,1,0,0,0,0
1080,5,reference,616,1280,720,1920,1080,10.964,11.9825,9.58771,1,1,0,0,0,0
1080,5,reference,617,1280,720,1920,1080,11.8047,12.8411,10.4243,1,1,0,0,0,0
1080,5,reference,618,1280,720,1920,1080,11.3654,12.4795,9.98502,1,1,0,0,0,0
1080,5,reference,619,1280,720,1920,1080,11.2722,12.2388,9.89389,1,1,0,0,0,0
1080,5,reference,620,1280,720,1920,1080,11.1606,12.2998,9.76486,1,1,0,0,0,0
1080,5,reference,621,1280,720,1920,1080,11.6142,12.6753,10.2277,1,1,0,0,0,0
1080,5,reference,622,1280,720,1920,1080,11.4616,12.5686,10.0854,1,1,0,0,0,0
1080,5,reference,623,1280,720,1920,1080,11.3326,12.3403,9.9543,1,1,0,0,0,0
1080,5,reference,624,1280,720,1920,1080,10.9251,12.1934,9.52832,1,1,0,0,0,0
1080,5,reference,625,1280,720,1920,1080,13.5066,14.7144,10.9322,1,1,0,0,0,0
1080,5,reference,626,1280,720,1920,1080,11.0193,12.3985,9.64096,1,1,0,0,0,0
1080,5,reference,627,1280,720,1920,1080,12.1088,13.1765,10.7305,1,1,0,0,0,0
1080,5,reference,628,1280,720,1920,1080,11.2947,12.4729,9.65837,1,1,0,0,0,0
1080,5,reference,629,1280,720,1920,1080,11.3674,12.4594,9.68397,1,1,0,0,0,0
1080,5,reference,630,1280,720,1920,1080,11.2691,12.2688,9.61843,1,1,0,0,0,0
1080,5,reference,631,1280,720,1920,1080,11.3183,12.3424,9.65632,1,1,0,0,0,0
1080,5,reference,632,1280,720,1920,1080,11.2558,12.4593,9.87853,1,1,0,0,0,0
1080,5,reference,633,1280,720,1920,1080,11.2118,12.5061,9.83347,1,1,0,0,0,0
1080,5,reference,634,1280,720,1920,1080,11.3039,12.7015,9.92563,1,1,0,0,0,0
1080,5,reference,635,1280,720,1920,1080,11.3295,12.4249,9.6512,1,1,0,0,0,0
1080,5,reference,636,1280,720,1920,1080,11.3152,12.3611,9.66963,1,1,0,0,0,0
1080,5,reference,637,1280,720,1920,1080,11.1657,12.436,9.78842,1,1,0,0,0,0
1080,5,reference,638,1280,720,1920,1080,11.5005,12.58,9.8601,1,1,0,0,0,0
1080,5,reference,639,1280,720,1920,1080,11.3111,12.3207,9.66349,1,1,0,0,0,0
1080,5,reference,640,1280,720,1920,1080,11.2476,12.5324,9.86931,1,1,0,0,0,0
1080,5,reference,641,1280,720,1920,1080,10.9292,12.1644,9.5529,1,1,0,0,0,0
1080,5,reference,642,1280,720,1920,1080,11.3316,12.4463,9.9543,1,1,0,0,0,0
1080,5,reference,643,1280,720,1920,1080,11.3951,12.8624,9.84064,1,1,0,0,0,0
1080,5,reference,644,1280,720,1920,1080,11.2886,12.3132,9.91232,1,1,0,0,0,0
1080,5,reference,645,1280,720,1920,1080,11.1974,12.4863,9.82323,1,1,0,0,0,0
1080,5,reference,646,1280,720,1920,1080,11.4033,12.4157,9.73517,1,1,0,0,0,0
1080,5,reference,647,1280,720,1920,1080,11.3521,12.5575,9.97376,1,1,0,0,0,0
1080,5,reference,648,1280,720,1920,1080,11.3603,12.5201,9.98298,1,1,0,0,0,0
1080,5,reference,649,1280,720,1920,1080,11.2783,12.2462,9.90208,1,1,0,0,0,0
1080,5,reference,650,1280,720,1920,1080,11.3347,12.3305,9.95738,1,1,0,0,0,0
1080,5,reference,651,1280,720,1920,1080,11.4524,12.5098,10.0741,1,1,0,0,0,0
1080,5,reference,652,1280,720,1920,1080,11.2077,12.4011,9.82938,1,1,0,0,0,0
1080,5,reference,653,1280,720,1920,1080,11.0756,12.3272,9.6983,1,1,0,0,0,0
1080,5,reference,654,1280,720,1920,1080,11.0397,12.3735,9.66246,1,1,0,0,0,0
1080,5,reference,655,1280,720,1920,1080,11.306,12.3488,9.73312,1,1,0,0,0,0
1080,5,reference,656,1280,720,1920,1080,11.4534,12.4737,10.0741,1,1,0,0,0,0
1080,5,reference,657,1280,720,1920,1080,10.9548,12.1836,9.57747,1,1,0,0,0,0
1080,5,reference,658,1280,720,1920,1080,11.093,12.3274,9.71469,1,1,0,0,0,0
1080,5,reference,659,1280,720,1920,1080,11.3603,12.416,9.98093,1,1,0,0,0,0
1080,5,reference,660,1280,720,1920,1080,11.2814,12.3086,9.90515,1,1,0,0,0,0
1080,5,reference,661,1280,720,1920,1080,11.0633,12.3696,9.6809,1,1,0,0,0,0
1080,5,reference,662,1280,720,1920,1080,11.3039,12.2016,9.92666,1,1,0,0,0,0
1080,5,reference,663,1280,720,1920,1080,11.3336,12.3885,9.71059,1,1,0,0,0,0
1080,5,reference,664,1280,720,1920,1080,11.2538,12.2314,9.86419,1,1,0,0,0,0
1080,5,reference,665,1280,720,1920,1080,11.5569,12.6445,10.1765,1,1,0,0,0,0
1080,5,reference,666,1280,720,1920,1080,11.2845,12.2819,9.90618,1,1,0,0,0,0
1080,5,reference,667,1280,720,1920,1080,11.3541,12.539,9.9799,1,1,0,0,0,0
1080,5,reference,668,1280,720,1920,1080,11.4289,12.5089,9.80173,1,1,0,0,0,0
1080,5,reference,669,1280,720,1920,1080,11.3152,12.2487,9.69011,1,1,0,0,0,0
1080,5,reference,670,1280,720,1920,1080,11.2804,12.217,9.90413,1,1,0,0,0,0
1080,5,reference,671,1280,720,1920,1080,11.2681,12.2387,9.89389,1,1,0,0,0,0
1080,5,reference,672,1280,720,1920,1080,11.262,12.35,9.8857,1,1,0,0,0,0
1080,5,reference,673,1280,720,1920,1080,11.4268,12.5007,9.78637,1,1,0,0,0,0
1080,5,reference,674,1280,720,1920,1080,11.3971,12.3882,9.75565,1,1,0,0,0,0
1080,5,reference,675,1280,720,1920,1080,11.3981,12.4631,9.7577,1,1,0,0,0,0
1080,5,reference,676,1280,720,1920,1080,11.4104,12.486,10.0352,1,1,0,0,0,0
1080,5,reference,677,1280,720,1920,1080,11.3275,12.2664,9.95021,1,1,0,0,0,0
1080,5,reference,678,1280,720,1920,1080,11.4401,12.4253,9.80992,1,1,0,0,0,0
1080,5,reference,679,1280,720,1920,1080,11.5139,12.5849,9.87341,1,1,0,0,0,0
1080,5,reference,680,1280,720,1920,1080,11.3152,12.2619,9.9369,1,1,0,0,0,0
1080,5,reference,681,1280,720,1920,1080,11.4586,12.3864,9.82835,1,1,0,0,0,0
1080,5,reference,682,1280,720,1920,1080,11.4401,12.3633,9.81606,1,1,0,0,0,0
1080,5,reference,683,1280,720,1920,1080,11.4391,12.561,9.81094,1,1,0,0,0,0
1080,5,reference,684,1280,720,1920,1080,11.3551,12.4088,9.72288,1,1,0,0,0,0
1080,5,reference,685,1280,720,1920,1080,11.4104,12.3745,9.77613,1,1,0,0,0,0
1080,5,reference,686,1280,720,1920,1080,11.3121,12.2393,9.61434,1,1,0,0,0,0
1080,5,reference,687,1280,720,1920,1080,11.1974,12.4455,9.82323,1,1,0,0,0,0
1080,5,reference,688,1280,720,1920,1080,11.3951,12.3589,9.84371,1,1,0,0,0,0
1080,5,reference,689,1280,720,1920,1080,11.2824,12.2671,9.90515,1,1,0,0,0,0
1080,5,reference,690,1280,720,1920,1080,11.1636,12.4256,9.78739,1,1,0,0,0,0
1080,5,reference,691,1280,720,1920,1080,11.0981,12.3264,9.72288,1,1,0,0,0,0
1080,5,reference,692,1280,720,1920,1080,11.3111,12.409,9.9328,1,1,0,0,0,0
1080,5,reference,693,1280,720,1920,1080,11.3664,12.4274,9.9881,1,1,0,0,0,0
1080,5,reference,694,1280,720,1920,1080,11.4647,12.4577,10.0874,1,1,0,0,0,0
1080,5,reference,695,1280,720,1920,1080,11.2005,12.759,9.82323,1,1,0,0,0,0
1080,5,reference,696,1280,720,1920,1080,11.2783,12.5948,9.9031,1,1,0,0,0,0
1080,5,reference,697,1280,720,1920,1080,11.3347,12.7678,9.95738,1,1,0,0,0,0
1080,5,reference,698,1280,720,1920,1080,11.2814,12.6984,9.90618,1,1,0,0,0,0
1080,5,reference,699,1280,720,1920,1080,11.4565,12.4673,9.8089,1,1,0,0,0,0
1080,5,reference,700,1280,720,1920,1080,11.2773,12.2487,9.63994,1,1,0,0,0,0
1080,5,reference,701,1280,720,1920,1080,11.2282,12.4574,9.84678,1,1,0,0,0,0
1080,5,reference,702,1280,720,1920,1080,11.2118,12.4942,9.83654,1,1,0,0,0,0
1080,5,reference,703,1280,720,1920,1080,11.434,12.6733,10.0588,1,1,0,0,0,0
1080,5,reference,704,1280,720,1920,1080,11.2927,12.3852,9.66554,1,1,0,0,0,0
1080,5,reference,705,1280,720,1920,1080,11.5282,12.7141,9.90106,1,1,0,0,0,0
1080,5,reference,706,1280,720,1920,1080,11.3981,12.6858,9.77101,1,1,0,0,0,0
1080,5,reference,707,1280,720,1920,1080,11.6255,12.5901,10.0751,1,1,0,0,0,0
1080,5,reference,708,1280,720,1920,1080,11.2701,12.3692,9.89184,1,1,0,0,0,0
1080,5,reference,709,1280,720,1920,1080,11.3818,12.5221,9.75258,1,1,0,0,0,0
1080,5,reference,710,1280,720,1920,1080,11.4196,12.6326,9.77203,1,1,0,0,0,0
1080,5,reference,711,1280,720,1920,1080,11.4729,12.4549,9.8263,1,1,0,0,0,0
1080,5,reference,712,1280,720,1920,1080,11.4831,12.7666,9.85088,1,1,0,0,0,0
1080,5,reference,713,1280,720,1920,1080,11.5528,12.7018,9.9031,1,1,0,0,0,0
1080,5,reference,714,1280,720,1920,1080,11.2568,12.235,9.87955,1,1,0,0,0,0
1080,5,reference,715,1280,720,1920,1080,11.4596,12.4746,9.81811,1,1,0,0,0,0
1080,5,reference,716,1280,720,1920,1080,11.4893,12.466,9.84166,1,1,0,0,0,0
1080,5,reference,717,1280,720,1920,1080,11.0408,12.227,9.63482,1,1,0,0,0,0
1080,5,reference,718,1280,720,1920,1080,11.4186,12.4578,10.0413,1,1,0,0,0,0
1080,5,reference,719,1280,720,1920,1080,11.265,12.2232,9.88877,1,1,0,0,0,0
1080,5,reference,720,1280,720,1920,1080,11.4391,12.3941,9.8007,1,1,0,0,0,0
1080,5,reference,721,1280,720,1920,1080,11.3388,12.3322,9.70752,1,1,0,0,0,0
1080,5,reference,722,1280,720,1920,1080,11.2968,12.2311,9.65939,1,1,0,0,0,0
1080,5,reference,723,1280,720,1920,1080,11.5599,12.543,9.92973,1,1,0,0,0,0
1080,5,reference,724,1280,720,1920,1080,11.6951,12.6483,10.0465,1,1,0,0,0,0
1080,5,reference,725,1280,720,1920,1080,11.1206,12.3016,9.74438,1,1,0,0,0,0
1080,5,reference,726,1280,720,1920,1080,10.9292,12.0097,9.55597,1,1,0,0,0,0
1080,5,reference,727,1280,720,1920,1080,11.348,12.6114,9.94816,1,1,0,0,0,0
1080,5,reference,728,1280,720,1920,1080,9.80378,10.809,8.42957,1,1,0,0,0,0
1080,5,reference,729,1280,720,1920,1080,12.6863,13.7774,11.2732,1,1,0,0,0,0
1080,5,reference,730,1280,720,1920,1080,12.1262,13.1109,10.4509,1,1,0,0,0,0
1080,5,reference,731,1280,720,1920,1080,11.2589,12.3362,9.6041,1,1,0,0,0,0
1080,5,reference,732,1280,720,1920,1080,11.3705,12.4361,9.72186,1,1,0,0,0,0
1080,5,reference,733,1280,720,1920,1080,11.2701,12.2275,9.62765,1,1,0,0,0,0
1080,5,reference,734,1280,720,1920,1080,11.2609,12.6585,9.88672,1,1,0,0,0,0
1080,5,reference,735,1280,720,1920,1080,11.2548,12.4761,9.8775,1,1,0,0,0,0
1080,5,reference,736,1280,720,1920,1080,10.9824,12.2118,9.60717,1,1,0,0,0,0
1080,5,reference,737,1280,720,1920,1080,11.4821,12.6978,10.1028,1,1,0,0,0,0
1080,5,reference,738,1280,720,1920,1080,11.4084,12.4565,10.0321,1,1,0,0,0,0
1080,5,reference,739,1280,720,1920,1080,11.2261,12.4215,9.8519,1,1,0,0,0,0
1080,5,reference,740,1280,720,1920,1080,11.3408,12.5135,9.96557,1,1,0,0,0,0
1080,5,reference,741,1280,720,1920,1080,11.4586,12.5496,10.0803,1,1,0,0,0,0
1080,5,reference,742,1280,720,1920,1080,10.9793,12.1481,8.35174,1,1,0,0,0,0
1080,5,reference,743,1280,720,1920,1080,11.0541,12.1929,9.67782,1,1,0,0,0,0
1080,5,reference,744,1280,720,1920,1080,11.3265,12.423,9.94918,1,1,0,0,0,0
1080,5,reference,745,1280,720,1920,1080,11.3336,12.2822,9.71059,1,1,0,0,0,0
1080,5,reference,746,1280,720,1920,1080,11.2691,12.3081,9.8816,1,1,0,0,0,0
1080,5,reference,747,1280,720,1920,1080,11.3859,12.3903,10.0106,1,1,0,0,0,0
1080,5,reference,748,1280,720,1920,1080,11.4074,12.3743,9.79661,1,1,0,0,0,0
1080,5,reference,749,1280,720,1920,1080,10.9117,11.9574,9.53549,1,1,0,0,0,0
1080,5,reference,750,1280,720,1920,1080,14.2756,15.3797,12.8471,1,1,0,0,0,0
1080,5,reference,751,1280,720,1920,1080,11.2896,12.4213,9.86419,1,1,0,0,0,0
1080,5,reference,752,1280,720,1920,1080,11.2988,12.2112,9.92051,1,1,0,0,0,0
1080,5,reference,753,1280,720,1920,1080,11.4063,12.4763,9.77818,1,1,0,0,0,0
1080,5,reference,754,1280,720,1920,1080,9.95635,11.0084,8.58419,1,1,0,0,0,0
1080,5,reference,755,1280,720,1920,1080,12.3812,13.5466,10.9537,1,1,0,0,0,0
1080,5,reference,756,1280,720,1920,1080,9.89184,10.8684,8.51661,1,1,0,0,0,0
1080,5,reference,757,1280,720,1920,1080,12.6587,13.6695,11.2374,1,1,0,0,0,0
1080,5,reference,758,1280,720,1920,1080,9.74643,10.7016,8.3712,1,1,0,0,0,0
1080,5,reference,759,1280,720,1920,1080,11.0572,12.1592,9.66144,1,1,0,0,0,0
1080,5,reference,760,1280,720,1920,1080,11.0039,12.2277,9.62662,1,1,0,0,0,0
1080,5,reference,761,1280,720,1920,1080,11.7555,12.6904,10.1171,1,1,0,0,0,0
1080,5,reference,762,1280,720,1920,1080,11.2681,12.3007,9.88672,1,1,0,0,0,0
1080,5,reference,763,1280,720,1920,1080,11.2824,12.2551,9.90618,1,1,0,0,0,0
1080,5,reference,764,1280,720,1920,1080,11.4043,12.5658,10.027,1,1,0,0,0,0
1080,5,reference,765,1280,720,1920,1080,11.308,12.2483,9.93178,1,1,0,0,0,0
1080,5,reference,766,1280,720,1920,1080,11.2988,12.3011,9.91846,1,1,0,0,0,0
1080,5,reference,767,1280,720,1920,1080,11.522,12.5187,9.88467,1,1,0,0,0,0
1080,5,reference,768,1280,720,1920,1080,11.3162,12.2993,9.93997,1,1,0,0,0,0
1080,5,reference,769,1280,720,1920,1080,11.6029,12.6674,9.87546,1,1,0,0,0,0
1080,5,reference,770,1280,720,1920,1080,9.72083,10.8006,8.34662,1,1,0,0,0,0
1080,5,reference,771,1280,720,1920,1080,9.40646,10.3931,8.03328,1,1,0,0,0,0
1080,5,reference,772,1280,720,1920,1080,11.095,12.0337,9.71878,1,1,0,0,0,0
1080,5,reference,773,1280,720,1920,1080,11.3357,12.3205,9.95328,1,1,0,0,0,0
1080,5,reference,774,1280,720,1920,1080,11.3428,12.3069,9.96147,1,1,0,0,0,0
1080,5,reference,775,1280,720,1920,1080,11.3592,12.3735,9.79251,1,1,0,0,0,0
1080,5,reference,776,1280,720,1920,1080,11.3357,12.3698,9.96045,1,1,0,0,0,0
1080,5,reference,777,1280,720,1920,1080,11.9409,13.0283,10.5574,1,1,0,0,0,0
1080,5,reference,778,1280,720,1920,1080,11.3603,12.4239,9.98605,1,1,0,0,0,0
1080,5,reference,779,1280,720,1920,1080,11.2148,12.2449,9.8345,1,1,0,0,0,0
1080,5,reference,780,1280,720,1920,1080,11.4186,12.3786,9.78432,1,1,0,0,0,0
1080,5,reference,781,1280,720,1920,1080,11.4688,12.6441,9.82323,1,1,0,0,0,0
1080,5,reference,782,1280,720,1920,1080,11.4237,12.4572,9.78842,1,1,0,0,0,0
1080,5,reference,783,1280,720,1920,1080,11.2364,12.3386,9.85702,1,1,0,0,0,0
1080,5,reference,784,1280,720,1920,1080,11.4043,12.3459,9.76998,1,1,0,0,0,0
1080,5,reference,785,1280,720,1920,1080,11.2865,12.2033,9.63686,1,1,0,0,0,0
1080,5,reference,786,1280,720,1920,1080,11.2712,12.2737,9.63072,1,1,0,0,0,0
1080,5,reference,787,1280,720,1920,1080,11.8098,12.8686,10.1847,1,1,0,0,0,0
1080,5,reference,788,1280,720,1920,1080,11.4381,12.4395,9.79866,1,1,0,0,0,0
1080,5,reference,789,1280,720,1920,1080,11.4534,12.4467,9.80275,1,1,0,0,0,0
1080,5,reference,790,1280,720,1920,1080,11.4483,12.4331,9.80992,1,1,0,0,0,0
1080,5,reference,791,1280,720,1920,1080,11.3459,12.3721,9.7024,1,1,0,0,0,0
1080,5,reference,792,1280,720,1920,1080,11.2599,12.3861,9.6256,1,1,0,0,0,0
1080,5,reference,793,1280,720,1920,1080,11.3265,12.2566,9.67885,1,1,0,0,0,0
1080,5,reference,794,1280,720,1920,1080,11.3183,12.4919,9.67066,1,1,0,0,0,0
1080,5,reference,795,1280,720,1920,1080,11.2466,12.2778,9.61126,1,1,0,0,0,0
1080,5,reference,796,1280,720,1920,1080,11.2609,12.7762,9.8857,1,1,0,0,0,0
1080,5,reference,797,1280,720,1920,1080,11.2077,12.1943,9.65325,1,1,0,0,0,0
1080,5,reference,798,1280,720,1920,1080,11.4237,12.4051,10.0454,1,1,0,0,0,0
1080,5,reference,799,1280,720,1920,1080,11.1923,12.4214,9.81606,1,1,0,0,0,0
1080,5,reference,800,1280,720,1920,1080,11.1647,12.4995,9.78842,1,1,0,0,0,0
1080,5,reference,801,1280,720,1920,1080,11.2353,12.5916,9.85805,1,1,0,0,0,0
1080,5,reference,802,1280,720,1920,1080,11.3981,12.368,10.0188,1,1,0,0,0,0
1080,5,reference,803,1280,720,1920,1080,11.2773,12.3856,9.90106,1,1,0,0,0,0
1080,5,reference,804,1280,720,1920,1080,11.436,12.4229,10.0577,1,1,0,0,0,0
1080,5,reference,805,1280,720,1920,1080,11.2527,12.8109,9.87955,1,1,0,0,0,0
1080,5,reference,806,1280,720,1920,1080,11.2865,12.3052,9.63891,1,1,0,0,0,0
1080,5,reference,807,1280,720,1920,1080,11.1841,12.5378,9.80787,1,1,0,0,0,0
1080,5,reference,808,1280,720,1920,1080,11.4186,13.0995,9.77818,1,1,0,0,0,0
1080,5,reference,809,1280,720,1920,1080,11.4412,12.3586,9.79456,1,1,0,0,0,0
1080,5,reference,810,1280,720,1920,1080,11.4811,12.4686,9.81197,1,1,0,0,0,0
1080,5,reference,811,1280,720,1920,1080,11.5118,12.4997,9.85293,1,1,0,0,0,0
1080,5,reference,812,1280,720,1920,1080,11.2906,12.2707,9.62765,1,1,0,0,0,0
1080,5,reference,813,1280,720,1920,1080,11.2138,12.5945,9.83962,1,1,0,0,0,0
1080,5,reference,814,1280,720,1920,1080,11.4094,12.3394,9.77715,1,1,0,0,0,0
1080,5,reference,815,1280,720,1920,1080,11.266,12.2347,9.6297,1,1,0,0,0,0
1080,5,reference,816,1280,720,1920,1080,11.3152,12.4073,9.64506,1,1,0,0,0,0
1080,5,reference,817,1280,720,1920,1080,11.2159,12.4441,9.83859,1,1,0,0,0,0
1080,5,reference,818,1280,720,1920,1080,11.1585,12.3616,9.78432,1,1,0,0,0,0
1080,5,reference,819,1280,720,1920,1080,11.5589,12.6762,9.89594,1,1,0,0,0,0
1080,5,reference,820,1280,720,1920,1080,11.2312,12.6182,9.85702,1,1,0,0,0,0
1080,5,reference,821,1280,720,1920,1080,11.1841,12.4432,9.8048,1,1,0,0,0,0
1080,5,reference,822,1280,720,1920,1080,11.1565,12.3133,9.7792,1,1,0,0,0,0
1080,5,reference,823,1280,720,1920,1080,11.2886,12.2503,9.91437,1,1,0,0,0,0
1080,5,reference,824,1280,720,1920,1080,11.4381,12.3515,9.78842,1,1,0,0,0,0
1080,5,reference,825,1280,720,1920,1080,11.1923,12.7903,9.81504,1,1,0,0,0,0
1080,5,reference,826,1280,720,1920,1080,11.1636,12.2787,9.78637,1,1,0,0,0,0
1080,5,reference,827,1280,720,1920,1080,11.4381,12.3874,10.0608,1,1,0,0,0,0
1080,5,reference,828,1280,720,1920,1080,11.1514,12.4356,9.77715,1,1,0,0,0,0
1080,5,reference,829,1280,720,1920,1080,11.433,12.6921,10.0547,1,1,0,0,0,0
1080,5,reference,830,1280,720,1920,1080,11.4432,12.4426,9.89286,1,1,0,0,0,0
1080,5,reference,831,1280,720,1920,1080,11.4913,12.5948,10.1151,1,1,0,0,0,0
1080,5,reference,832,1280,720,1920,1080,11.4749,12.3924,9.82835,1,1,0,0,0,0
1080,5,reference,833,1280,720,1920,1080,11.522,12.5093,9.88365,1,1,0,0,0,0
1080,5,reference,834,1280,720,1920,1080,11.1462,12.3163,9.76998,1,1,0,0,0,0
1080,5,reference,835,1280,720,1920,1080,11.177,12.126,9.79763,1,1,0,0,0,0
1080,5,reference,836,1280,720,1920,1080,11.1452,12.4087,9.76896,1,1,0,0,0,0
1080,5,reference,837,1280,720,1920,1080,11.1667,12.2121,9.78944,1,1,0,0,0,0
1080,5,reference,838,1280,720,1920,1080,11.3162,12.3227,9.94099,1,1,0,0,0,0
1080,5,reference,839,1280,720,1920,1080,11.2404,12.2082,9.86317,1,1,0,0,0,0
1080,5,reference,840,1280,720,1920,1080,11.0244,12.237,9.64915,1,1,0,0,0,0
1080,5,reference,841,1280,720,1920,1080,11.5456,12.5301,10.1683,1,1,0,0,0,0
1080,5,reference,842,1280,720,1920,1080,10.9435,12.0927,9.56826,1,1,0,0,0,0
1080,5,reference,843,1280,720,1920,1080,11.0285,12.244,9.65222,1,1,0,0,0,0
1080,5,reference,844,1280,720,1920,1080,11.2988,12.3412,9.92051,1,1,0,0,0,0
1080,5,reference,845,1280,720,1920,1080,11.4504,12.5123,10.0721,1,1,0,0,0,0
1080,5,reference,846,1280,720,1920,1080,11.392,12.3449,9.8048,1,1,0,0,0,0
1080,5,reference,847,1280,720,1920,1080,11.4186,12.4133,9.8048,1,1,0,0,0,0
1080,5,reference,848,1280,720,1920,1080,11.436,12.3525,10.0588,1,1,0,0,0,0
1080,5,reference,849,1280,720,1920,1080,9.9369,10.9183,8.56166,1,1,0,0,0,0
1080,5,reference,850,1280,720,1920,1080,11.0909,11.9958,9.71469,1,1,0,0,0,0
1080,5,reference,851,1280,720,1920,1080,11.2456,12.2158,9.86726,1,1,0,0,0,0
1080,5,reference,852,1280,720,1920,1080,10.9466,12.0486,9.56928,1,1,0,0,0,0
1080,5,reference,853,1280,720,1920,1080,11.4688,12.4514,10.0874,1,1,0,0,0,0
1080,5,reference,854,1280,720,1920,1080,11.0756,12.2575,9.69421,1,1,0,0,0,0
1080,5,reference,855,1280,720,1920,1080,11.4084,12.3821,10.0321,1,1,0,0,0,0
1080,5,reference,856,1280,720,1920,1080,11.265,12.5298,9.88774,1,1,0,0,0,0
1080,5,reference,857,1280,720,1920,1080,11.3142,12.2965,9.93382,1,1,0,0,0,0
1080,5,reference,858,1280,720,1920,1080,11.1974,12.3809,9.82221,1,1,0,0,0,0
1080,5,reference,859,1280,720,1920,1080,11.4135,12.4573,10.0393,1,1,0,0,0,0
1080,5,reference,860,1280,720,1920,1080,11.0367,12.1488,9.65325,1,1,0,0,0,0
1080,5,reference,861,1280,720,1920,1080,11.3777,12.4677,9.99936,1,1,0,0,0,0
1080,5,reference,862,1280,720,1920,1080,11.264,12.3147,9.88774,1,1,0,0,0,0
1080,5,reference,863,1280,720,1920,1080,11.1954,12.2194,9.81606,1,1,0,0,0,0
1080,5,reference,864,1280,720,1920,1080,11.4606,12.5068,10.0803,1,1,0,0,0,0
1080,5,reference,865,1280,720,1920,1080,11.4616,12.495,10.0833,1,1,0,0,0,0
1080,5,reference,866,1280,720,1920,1080,11.393,12.4185,10.0168,1,1,0,0,0,0
1080,5,reference,867,1280,720,1920,1080,11.4299,12.528,10.0536,1,1,0,0,0,0
1080,5,reference,868,1280,720,1920,1080,11.2968,12.3745,9.91846,1,1,0,0,0,0
1080,5,reference,869,1280,720,1920,1080,11.4412,12.4464,10.0639,1,1,0,0,0,0
1080,5,reference,870,1280,720,1920,1080,11.435,12.4248,10.0557,1,1,0,0,0,0
1080,5,reference,871,1280,720,1920,1080,11.3234,12.2813,9.94611,1,1,0,0,0,0
1080,5,reference,872,1280,720,1920,1080,11.2681,12.485,9.89082,1,1,0,0,0,0
1080,5,reference,873,1280,720,1920,1080,11.3142,12.3511,9.93382,1,1,0,0,0,0
1080,5,reference,874,1280,720,1920,1080,11.2189,12.2156,9.84064,1,1,0,0,0,0
1080,5,reference,875,1280,720,1920,1080,11.4432,12.3755,9.81606,1,1,0,0,0,0
1080,5,reference,876,1280,720,1920,1080,11.435,12.3862,9.80685,1,1,0,0,0,0
1080,5,reference,877,1280,720,1920,1080,11.4299,12.3593,9.80173,1,1,0,0,0,0
1080,5,reference,878,1280,720,1920,1080,11.4606,12.6278,9.82221,1,1,0,0,0,0
1080,5,reference,879,1280,720,1920,1080,11.3725,12.4634,9.74643,1,1,0,0,0,0
1080,5,reference,880,1280,720,1920,1080,11.4749,12.5575,9.81811,1,1,0,0,0,0
1080,5,reference,881,1280,720,1920,1080,11.2261,12.2299,9.84781,1,1,0,0,0,0
1080,5,reference,882,1280,720,1920,1080,11.4268,12.3525,9.7751,1,1,0,0,0,0
1080,5,reference,883,1280,720,1920,1080,11.4371,12.3815,9.79968,1,1,0,0,0,0
1080,5,reference,884,1280,720,1920,1080,11.349,12.3104,9.68909,1,1,0,0,0,0
1080,5,reference,885,1280,720,1920,1080,11.2906,12.8917,9.91232,1,1,0,0,0,0
1080,5,reference,886,1280,720,1920,1080,11.5087,12.6158,9.86317,1,1,0,0,0,0
1080,5,reference,887,1280,720,1920,1080,11.3316,12.3189,9.95635,1,1,0,0,0,0
1080,5,reference,888,1280,720,1920,1080,11.4166,12.378,9.77203,1,1,0,0,0,0
1080,5,reference,889,1280,720,1920,1080,11.3531,12.3418,9.79763,1,1,0,0,0,0
1080,5,reference,890,1280,720,1920,1080,11.1759,12.4036,9.75872,1,1,0,0,0,0
1080,5,reference,891,1280,720,1920,1080,10.8636,11.9095,9.48531,1,1,0,0,0,0
1080,5,reference,892,1280,720,1920,1080,11.1852,12.2838,9.8089,1,1,0,0,0,0
1080,5,reference,893,1280,720,1920,1080,11.2988,12.2841,9.92256,1,1,0,0,0,0
1080,5,reference,894,1280,720,1920,1080,11.3121,12.5222,9.93485,1,1,0,0,0,0
1080,5,reference,895,1280,720,1920,1080,11.393,12.3305,10.0137,1,1,0,0,0,0
1080,5,reference,896,1280,720,1920,1080,9.91642,10.9131,8.53811,1,1,0,0,0,0
1080,5,reference,897,1280,720,1920,1080,12.7611,13.8329,11.349,1,1,0,0,0,0
1080,5,reference,898,1280,720,1920,1080,11.01,12.2326,9.63379,1,1,0,0,0,0
1080,5,reference,899,1280,720,1920,1080,10.0055,10.9493,8.63027,1,1,0,0,0,0
1080,5,reference,900,1280,720,1920,1080,10.0741,13.0354,8.69786,1,1,0,0,0,0
1080,5,reference,901,1280,720,1920,1080,10.9937,12.082,9.61536,1,1,0,0,0,0
1080,5,reference,902,1280,720,1920,1080,11.4063,12.4285,10.0291,1,1,0,0,0,0
1080,5,reference,903,1280,720,1920,1080,11.5323,12.5345,10.1499,1,1,0,0,0,0
1080,5,reference,904,1280,720,1920,1080,11.1442,12.1213,9.76589,1,1,0,0,0,0
1080,5,reference,905,1280,720,1920,1080,11.8968,12.8405,10.2625,1,1,0,0,0,0
1080,5,reference,906,1280,720,1920,1080,11.4432,12.4553,10.0659,1,1,0,0,0,0
1080,5,reference,907,1280,720,1920,1080,11.2701,12.4238,9.89184,1,1,0,0,0,0
1080,5,reference,908,1280,720,1920,1080,9.92256,10.844,8.5463,1,1,0,0,0,0
1080,5,reference,909,1280,720,1920,1080,12.6689,13.7856,9.88979,1,1,0,0,0,0
1080,5,reference,910,1280,720,1920,1080,9.92358,10.9288,8.54835,1,1,0,0,0,0
1080,5,reference,911,1280,720,1920,1080,11.2773,12.2801,9.89594,1,1,0,0,0,0
1080,5,reference,912,1280,720,1920,1080,12.4252,13.4596,11.0479,1,1,0,0,0,0
1080,5,reference,913,1280,720,1920,1080,11.2046,12.3358,9.82528,1,1,0,0,0,0
1080,5,reference,914,1280,720,1920,1080,11.1667,12.2397,9.79149,1,1,0,0,0,0
1080,5,reference,915,1280,720,1920,1080,11.5343,12.498,10.1478,1,1,0,0,0,0
1080,5,reference,916,1280,720,1920,1080,11.4647,12.4561,9.79866,1,1,0,0,0,0
1080,5,reference,917,1280,720,1920,1080,9.87341,10.7903,8.4992,1,1,0,0,0,0
1080,5,reference,918,1280,720,1920,1080,13.1287,14.1367,11.7012,1,1,0,0,0,0
1080,5,reference,919,1280,720,1920,1080,11.3961,12.3439,10.0198,1,1,0,0,0,0
1080,5,reference,920,1280,720,1920,1080,11.2333,12.2846,9.856,1,1,0,0,0,0
1080,5,reference,921,1280,720,1920,1080,11.3152,12.3048,9.93792,1,1,0,0,0,0
1080,5,reference,922,1280,720,1920,1080,11.4156,12.4174,10.0372,1,1,0,0,0,0
1080,5,reference,923,1280,720,1920,1080,11.2906,12.2617,9.91232,1,1,0,0,0,0
1080,5,reference,924,1280,720,1920,1080,11.3306,12.3443,9.94611,1,1,0,0,0,0
1080,5,reference,925,1280,720,1920,1080,11.3766,12.3014,9.72493,1,1,0,0,0,0
1080,5,reference,926,1280,720,1920,1080,11.262,12.6203,9.88262,1,1,0,0,0,0
1080,5,reference,927,1280,720,1920,1080,11.4678,12.5915,10.0874,1,1,0,0,0,0
1080,5,reference,928,1280,720,1920,1080,10.9578,12.1646,9.57952,1,1,0,0,0,0
1080,5,reference,929,1280,720,1920,1080,11.4432,12.451,9.78125,1,1,0,0,0,0
1080,5,reference,930,1280,720,1920,1080,11.0531,12.2197,9.6768,1,1,0,0,0,0
1080,5,reference,931,1280,720,1920,1080,11.4872,12.462,10.0936,1,1,0,0,0,0
1080,5,reference,932,1280,720,1920,1080,11.0019,12.2042,9.62458,1,1,0,0,0,0
1080,5,reference,933,1280,720,1920,1080,11.1442,12.206,9.74848,1,1,0,0,0,0
1080,5,reference,934,1280,720,1920,1080,11.2732,12.1657,9.89491,1,1,0,0,0,0
1080,5,reference,935,1280,720,1920,1080,11.2968,12.4148,9.91539,1,1,0,0,0,0
1080,5,reference,936,1280,720,1920,1080,11.0367,12.1336,9.63994,1,1,0,0,0,0
1080,5,reference,937,1280,720,1920,1080,11.8129,12.6983,10.1601,1,1,0,0,0,0
1080,5,reference,938,1280,720,1920,1080,11.2507,12.2223,9.87034,1,1,0,0,0,0
1080,5,reference,939,1280,720,1920,1080,11.5395,12.519,10.1601,1,1,0,0,0,0
1080,5,reference,940,1280,720,1920,1080,9.96659,10.9171,8.59136,1,1,0,0,0,0
1080,5,reference,941,1280,720,1920,1080,11.1964,12.1598,9.81709,1,1,0,0,0,0
1080,5,reference,942,1280,720,1920,1080,11.1964,12.3197,9.77203,1,1,0,0,0,0
1080,5,reference,943,1280,720,1920,1080,11.2947,12.4071,9.91744,1,1,0,0,0,0
1080,5,reference,944,1280,720,1920,1080,11.3183,12.3281,9.94099,1,1,0,0,0,0
1080,5,reference,945,1280,720,1920,1080,11.2364,12.3966,9.85907,1,1,0,0,0,0
1080,5,reference,946,1280,720,1920,1080,11.3664,12.3476,9.98912,1,1,0,0,0,0
1080,5,reference,947,1280,720,1920,1080,9.93894,10.8518,8.56269,1,1,0,0,0,0
1080,5,reference,948,1280,720,1920,1080,11.3039,12.1546,9.92666,1,1,0,0,0,0
1080,5,reference,949,1280,720,1920,1080,11.2671,12.1715,9.88058,1,1,0,0,0,0
1080,5,reference,950,1280,720,1920,1080,12.6269,13.5797,10.9947,1,1,0,0,0,0
1080,5,reference,951,1280,720,1920,1080,10.9322,12.2368,9.55597,1,1,0,0,0,0
1080,5,reference,952,1280,720,1920,1080,11.4688,12.4639,10.0905,1,1,0,0,0,0
1080,5,reference,953,1280,720,1920,1080,11.2988,12.2736,9.91744,1,1,0,0,0,0
1080,5,reference,954,1280,720,1920,1080,11.4534,12.4669,10.0741,1,1,0,0,0,0
1080,5,reference,955,1280,720,1920,1080,11.4862,12.4895,10.1059,1,1,0,0,0,0
1080,5,reference,956,1280,720,1920,1080,11.4729,12.4574,10.0936,1,1,0,0,0,0
1080,5,reference,957,1280,720,1920,1080,11.4309,12.5069,10.0485,1,1,0,0,0,0
1080,5,reference,958,1280,720,1920,1080,11.6029,12.6753,10.2062,1,1,0,0,0,0
1080,5,reference,959,1280,720,1920,1080,9.79251,10.8681,8.41114,1,1,0,0,0,0
1080,5,reference,960,1280,720,1920,1080,11.3592,13.0887,9.93792,1,1,0,0,0,0
1080,5,reference,961,1280,720,1920,1080,11.4657,12.4296,9.89184,1,1,0,0,0,0
1080,5,reference,962,1280,720,1920,1080,10.8175,11.9668,9.43821,1,1,0,0,0,0
1080,5,reference,963,1280,720,1920,1080,11.1503,12.1347,8.51354,1,1,0,0,0,0
1080,5,reference,964,1280,720,1920,1080,11.0285,12.073,9.64608,1,1,0,0,0,0
1080,5,reference,965,1280,720,1920,1080,11.3193,12.239,9.93792,1,1,0,0,0,0
1080,5,reference,966,1280,720,1920,1080,11.1841,12.3674,9.80378,1,1,0,0,0,0
1080,5,reference,967,1280,720,1920,1080,11.4637,12.4338,10.0782,1,1,0,0,0,0
1080,5,reference,968,1280,720,1920,1080,11.3132,12.3328,9.93075,1,1,0,0,0,0
1080,5,reference,969,1280,720,1920,1080,11.2548,12.2598,9.87648,1,1,0,0,0,0
1080,5,reference,970,1280,720,1920,1080,11.2763,12.2909,9.89798,1,1,0,0,0,0
1080,5,reference,971,1280,720,1920,1080,11.0254,12.3079,9.64506,1,1,0,0,0,0
1080,5,reference,972,1280,720,1920,1080,11.3183,12.2252,9.93894,1,1,0,0,0,0
1080,5,reference,973,1280,720,1920,1080,11.262,12.2229,9.8816,1,1,0,0,0,0
1080,5,reference,974,1280,720,1920,1080,11.0694,12.1431,9.67066,1,1,0,0,0,0
1080,5,reference,975,1280,720,1920,1080,11.3603,12.3015,9.71674,1,1,0,0,0,0
1080,5,reference,976,1280,720,1920,1080,11.4668,12.3968,9.65837,1,1,0,0,0,0
1080,5,reference,977,1280,720,1920,1080,11.4668,12.5844,10.0854,1,1,0,0,0,0
1080,5,reference,978,1280,720,1920,1080,11.4657,12.6718,10.0854,1,1,0,0,0,0
1080,5,reference,979,1280,720,1920,1080,11.0838,12.1905,9.68397,1,1,0,0,0,0
1080,5,reference,980,1280,720,1920,1080,11.607,12.5438,10.2226,1,1,0,0,0,0
1080,5,reference,981,1280,720,1920,1080,11.4504,12.3627,10.069,1,1,0,0,0,0
1080,5,reference,982,1280,720,1920,1080,11.2937,12.2355,9.91232,1,1,0,0,0,0
1080,5,reference,983,1280,720,1920,1080,11.433,12.4571,10.0557,1,1,0,0,0,0
1080,5,reference,984,1280,720,1920,1080,11.3101,12.4408,9.9287,1,1,0,0,0,0
1080,5,reference,985,1280,720,1920,1080,11.3234,12.3589,9.93792,1,1,0,0,0,0
1080,5,reference,986,1280,720,1920,1080,11.2773,12.2375,9.89696,1,1,0,0,0,0
1080,5,reference,987,1280,720,1920,1080,11.4493,12.4575,9.80685,1,1,0,0,0,0
1080,5,reference,988,1280,720,1920,1080,11.4237,12.3802,9.78637,1,1,0,0,0,0
1080,5,reference,989,1280,720,1920,1080,11.5077,12.7383,9.856,1,1,0,0,0,0
1080,5,reference,990,1280,720,1920,1080,11.4708,12.4341,9.8263,1,1,0,0,0,0
1080,5,reference,991,1280,720,1920,1080,11.5005,12.5084,9.8601,1,1,0,0,0,0
1080,5,reference,992,1280,720,1920,1080,11.4657,12.4957,9.82733,1,1,0,0,0,0
1080,5,reference,993,1280,720,1920,1080,11.2927,12.3324,9.9113,1,1,0,0,0,0
1080,5,reference,994,1280,720,1920,1080,11.4412,12.4382,9.87443,1,1,0,0,0,0
1080,5,reference,995,1280,720,1920,1080,11.2876,12.3631,9.91027,1,1,0,0,0,0
1080,5,reference,996,1280,720,1920,1080,11.4299,12.391,9.7833,1,1,0,0,0,0
1080,5,reference,997,1280,720,1920,1080,11.519,12.5658,9.8816,1,1,0,0,0,0
1080,5,reference,998,1280,720,1920,1080,11.3172,12.4107,9.6809,1,1,0,0,0,0
1080,5,reference,999,1280,720,1920,1080,11.3889,12.3175,9.82528,1,1,0,0,0,0
1080,5,reference,1000,1280,720,1920,1080,11.4391,12.5513,10.0598,1,1,0,0,0,0
1080,5,reference,1001,1280,720,1920,1080,11.3572,12.5537,9.79149,1,1,0,0,0,0
1080,5,reference,1002,1280,720,1920,1080,11.3807,12.3551,10.0014,1,1,0,0,0,0
1080,5,reference,1003,1280,720,1920,1080,11.3705,12.3638,9.70752,1,1,0,0,0,0
1080,5,reference,1004,1280,720,1920,1080,11.2947,12.3034,9.63994,1,1,0,0,0,0
1080,5,reference,1005,1280,720,1920,1080,11.3531,12.5294,9.70957,1,1,0,0,0,0
1080,5,reference,1006,1280,720,1920,1080,11.3572,12.382,9.68602,1,1,0,0,0,0
1080,5,reference,1007,1280,720,1920,1080,11.3592,12.3186,9.68499,1,1,0,0,0,0
1080,5,reference,1008,1280,720,1920,1080,11.3091,12.3486,9.64506,1,1,0,0,0,0
1080,5,reference,1009,1280,720,1920,1080,11.3592,12.439,9.70035,1,1,0,0,0,0
1080,5,reference,1010,1280,720,1920,1080,11.5651,12.5571,9.90822,1,1,0,0,0,0
1080,5,reference,1011,1280,720,1920,1080,11.479,12.4266,9.75565,1,1,0,0,0,0
1080,5,reference,1012,1280,720,1920,1080,11.3316,12.3092,9.66963,1,1,0,0,0,0
1080,5,reference,1013,1280,720,1920,1080,12.075,13.0782,10.409,1,1,0,0,0,0
1080,5,reference,1014,1280,720,1920,1080,11.3654,12.5727,9.71571,1,1,0,0,0,0
1080,5,reference,1015,1280,720,1920,1080,11.4606,12.4136,9.80378,1,1,0,0,0,0
1080,5,reference,1016,1280,720,1920,1080,11.3388,12.2618,9.69216,1,1,0,0,0,0
1080,5,reference,1017,1280,720,1920,1080,11.5098,12.5372,9.75258,1,1,0,0,0,0
1080,5,reference,1018,1280,720,1920,1080,11.3418,12.4531,9.69523,1,1,0,0,0,0
1080,5,reference,1019,1280,720,1920,1080,11.3787,12.359,9.70445,1,1,0,0,0,0
1080,5,reference,1020,1280,720,1920,1080,11.394,12.717,9.75155,1,1,0,0,0,0
1080,5,reference,1021,1280,720,1920,1080,12.0986,13.2168,10.7121,1,1,0,0,0,0
1080,5,reference,1022,1280,720,1920,1080,11.2681,12.2957,9.88774,1,1,0,0,0,0
1080,5,reference,1023,1280,720,1920,1080,11.351,12.3679,9.97171,1,1,0,0,0,0
1080,5,reference,1024,1280,720,1920,1080,11.4606,12.4426,9.81299,1,1,0,0,0,0
1080,5,reference,1025,1280,720,1920,1080,11.4708,12.4283,9.82528,1,1,0,0,0,0
1080,5,reference,1026,1280,720,1920,1080,11.4913,12.5081,9.84064,1,1,0,0,0,0
1080,5,reference,1027,1280,720,1920,1080,11.3459,12.2785,9.78534,1,1,0,0,0,0
1080,5,reference,1028,1280,720,1920,1080,11.2998,12.5115,9.91949,1,1,0,0,0,0
1080,5,reference,1029,1280,720,1920,1080,11.1933,12.3193,9.81299,1,1,0,0,0,0
1080,5,reference,1030,1280,720,1920,1080,11.2169,12.1924,9.83552,1,1,0,0,0,0
1080,5,reference,1031,1280,720,1920,1080,11.2384,12.1619,9.85498,1,1,0,0,0,0
1080,5,reference,1032,1280,720,1920,1080,11.2609,12.2142,9.87955,1,1,0,0,0,0
1080,5,reference,1033,1280,720,1920,1080,11.2159,12.3951,9.65427,1,1,0,0,0,0
1080,5,reference,1034,1280,720,1920,1080,11.0971,12.296,9.71571,1,1,0,0,0,0
1080,5,reference,1035,1280,720,1920,1080,11.0346,12.3083,9.65325,1,1,0,0,0,0
1080,5,reference,1036,1280,720,1920,1080,11.2599,12.3992,9.87341,1,1,0,0,0,0
1080,5,reference,1037,1280,720,1920,1080,11.3377,12.4068,9.9584,1,1,0,0,0,0
1080,5,reference,1038,1280,720,1920,1080,11.3306,12.285,9.70342,1,1,0,0,0,0
1080,5,reference,1039,1280,720,1920,1080,11.1862,12.2763,9.80685,1,1,0,0,0,0
1080,5,reference,1040,1280,720,1920,1080,11.3623,12.2719,9.97786,1,1,0,0,0,0
1080,5,reference,1041,1280,720,1920,1080,11.0715,12.35,9.69011,1,1,0,0,0,0
1080,5,reference,1042,1280,720,1920,1080,11.3203,12.256,9.9369,1,1,0,0,0,0
1080,5,reference,1043,1280,720,1920,1080,10.882,11.9702,9.50374,1,1,0,0,0,0
1080,5,reference,1044,1280,720,1920,1080,11.4995,12.3759,10.1181,1,1,0,0,0,0
1080,5,reference,1045,1280,720,1920,1080,11.1954,12.2122,9.81504,1,1,0,0,0,0
1080,5,reference,1046,1280,720,1920,1080,11.4944,12.4943,10.114,1,1,0,0,0,0
1080,5,reference,1047,1280,720,1920,1080,11.4821,12.3775,9.84678,1,1,0,0,0,0
1080,5,reference,1048,1280,720,1920,1080,11.095,12.2478,9.71366,1,1,0,0,0,0
1080,5,reference,1049,1280,720,1920,1080,11.5343,12.4939,9.90106,1,1,0,0,0,0
1080,5,reference,1050,1280,720,1920,1080,11.3633,12.3602,9.984,1,1,0,0,0,0
1080,5,reference,1051,1280,720,1920,1080,11.4627,12.5408,9.80582,1,1,0,0,0,0
1080,5,reference,1052,1280,720,1920,1080,11.4688,12.5425,9.79866,1,1,0,0,0,0
1080,5,reference,1053,1280,720,1920,1080,11.2998,12.471,9.91744,1,1,0,0,0,0
1080,5,reference,1054,1280,720,1920,1080,11.4903,12.4785,9.83859,1,1,0,0,0,0
1080,5,reference,1055,1280,720,1920,1080,11.2927,12.3091,9.9113,1,1,0,0,0,0
1080,5,reference,1056,1280,720,1920,1080,11.3183,12.3188,9.93382,1,1,0,0,0,0
1080,5,reference,1057,1280,720,1920,1080,11.4401,12.4121,9.79763,1,1,0,0,0,0
1080,5,reference,1058,1280,720,1920,1080,11.5927,12.6209,9.83654,1,1,0,0,0,0
1080,5,reference,1059,1280,720,1920,1080,11.3562,12.329,9.97274,1,1,0,0,0,0
1080,5,reference,1060,1280,720,1920,1080,11.4801,12.474,9.81094,1,1,0,0,0,0
1080,5,reference,1061,1280,720,1920,1080,11.3746,12.4453,9.81094,1,1,0,0,0,0
1080,5,reference,1062,1280,720,1920,1080,11.305,12.2971,9.92256,1,1,0,0,0,0
1080,5,reference,1063,1280,720,1920,1080,11.2773,12.2712,9.63994,1,1,0,0,0,0
1080,5,reference,1064,1280,720,1920,1080,11.2998,12.2808,9.65427,1,1,0,0,0,0
1080,5,reference,1065,1280,720,1920,1080,11.22,12.4209,9.83859,1,1,0,0,0,0
1080,5,reference,1066,1280,720,1920,1080,11.2701,12.5172,9.89082,1,1,0,0,0,0
1080,5,reference,1067,1280,720,1920,1080,11.3869,12.4874,9.83245,1,1,0,0,0,0
1080,5,reference,1068,1280,720,1920,1080,11.3244,12.3894,9.94099,1,1,0,0,0,0
1080,5,reference,1069,1280,720,1920,1080,11.179,12.3903,9.79968,1,1,0,0,0,0
1080,5,reference,1070,1280,720,1920,1080,11.3172,12.3456,9.68294,1,1,0,0,0,0
1080,5,reference,1071,1280,720,1920,1080,11.2118,12.5911,9.82938,1,1,0,0,0,0
1080,5,reference,1072,1280,720,1920,1080,11.2097,12.4904,9.82938,1,1,0,0,0,0
1080,5,reference,1073,1280,720,1920,1080,11.1729,12.4434,9.79251,1,1,0,0,0,0
1080,5,reference,1074,1280,720,1920,1080,11.3132,12.3317,9.66963,1,1,0,0,0,0
1080,5,reference,1075,1280,720,1920,1080,11.2517,12.4222,9.87136,1,1,0,0,0,0
1080,5,reference,1076,1280,720,1920,1080,11.2364,12.5593,9.8519,1,1,0,0,0,0
1080,5,reference,1077,1280,720,1920,1080,11.2568,12.2629,9.87238,1,1,0,0,0,0
1080,5,reference,1078,1280,720,1920,1080,11.2701,12.5004,9.88979,1,1,0,0,0,0
1080,5,reference,1079,1280,720,1920,1080,11.2855,12.7336,9.90515,1,1,0,0,0,0
1080,5,reference,1080,1280,720,1920,1080,11.3674,12.3898,9.70854,1,1,0,0,0,0
1080,5,reference,1081,1280,720,1920,1080,11.4033,12.379,9.73926,1,1,0,0,0,0
1080,5,reference,1082,1280,720,1920,1080,10.1376,11.1536,8.75827,1,1,0,0,0,0
1080,5,reference,1083,1280,720,1920,1080,12.6956,13.8808,10.3598,1,1,0,0,0,0
1080,5,reference,1084,1280,720,1920,1080,11.2384,12.403,9.8601,1,1,0,0,0,0
1080,5,reference,1085,1280,720,1920,1080,11.3039,12.233,9.92256,1,1,0,0,0,0
1080,5,reference,1086,1280,720,1920,1080,11.2036,12.4128,9.82118,1,1,0,0,0,0
1080,5,reference,1087,1280,720,1920,1080,11.008,12.2262,9.6297,1,1,0,0,0,0
1080,5,reference,1088,1280,720,1920,1080,11.0551,12.341,9.67475,1,1,0,0,0,0
1080,5,reference,1089,1280,720,1920,1080,11.3521,12.3754,9.96864,1,1,0,0,0,0
1080,5,reference,1090,1280,720,1920,1080,11.2947,12.3044,9.91437,1,1,0,0,0,0
1080,5,reference,1091,1280,720,1920,1080,11.3162,12.2978,9.9328,1,1,0,0,0,0
1080,5,reference,1092,1280,720,1920,1080,10.9814,12.0624,9.59795,1,1,0,0,0,0
1080,5,reference,1093,1280,720,1920,1080,11.4237,12.3907,10.0413,1,1,0,0,0,0
1080,5,reference,1094,1280,720,1920,1080,11.3009,12.2508,9.91846,1,1,0,0,0,0
1080,5,reference,1095,1280,720,1920,1080,11.3091,12.3648,9.92358,1,1,0,0,0,0
1080,5,reference,1096,1280,720,1920,1080,11.3439,12.3109,9.95738,1,1,0,0,0,0
1080,5,reference,1097,1280,720,1920,1080,11.5016,12.4883,10.1192,1,1,0,0,0,0
1080,5,reference,1098,1280,720,1920,1080,11.3992,12.5025,10.0157,1,1,0,0,0,0
1080,5,reference,1099,1280,720,1920,1080,11.308,12.3153,9.92666,1,1,0,0,0,0
1080,5,reference,1100,1280,720,1920,1080,11.5937,12.6493,10.2072,1,1,0,0,0,0
1080,5,reference,1101,1280,720,1920,1080,11.3787,12.2993,9.99424,1,1,0,0,0,0
1080,5,reference,1102,1280,720,1920,1080,11.4473,12.3825,10.0669,1,1,0,0,0,0
1080,5,reference,1103,1280,720,1920,1080,11.8508,13.1669,10.4653,1,1,0,0,0,0
1080,5,reference,1104,1280,720,1920,1080,11.65,12.803,10.2625,1,1,0,0,0,0
1080,5,reference,1105,1280,720,1920,1080,11.3203,12.4373,9.93485,1,1,0,0,0,0
1080,5,reference,1106,1280,720,1920,1080,11.4668,12.4656,10.0792,1,1,0,0,0,0
1080,5,reference,1107,1280,720,1920,1080,10.9814,12.0446,9.59898,1,1,0,0,0,0
1080,5,reference,1108,1280,720,1920,1080,11.4381,12.4909,10.0557,1,1,0,0,0,0
1080,5,reference,1109,1280,720,1920,1080,11.2732,12.2833,9.88877,1,1,0,0,0,0
1080,5,reference,1110,1280,720,1920,1080,11.305,12.3109,9.92051,1,1,0,0,0,0
1080,5,reference,1111,1280,720,1920,1080,11.479,12.5159,10.0905,1,1,0,0,0,0
1080,5,reference,1112,1280,720,1920,1080,11.4678,12.4751,10.0792,1,1,0,0,0,0
1080,5,reference,1113,1280,720,1920,1080,11.4903,12.4734,10.1069,1,1,0,0,0,0
1080,5,reference,1114,1280,720,1920,1080,11.5005,12.5062,10.112,1,1,0,0,0,0
1080,5,reference,1115,1280,720,1920,1080,11.3213,12.3318,9.93894,1,1,0,0,0,0
1080,5,reference,1116,1280,720,1920,1080,11.5016,12.5359,10.1181,1,1,0,0,0,0
1080,5,reference,1117,1280,720,1920,1080,11.4944,12.6202,10.11,1,1,0,0,0,0
1080,5,reference,1118,1280,720,1920,1080,11.308,12.3559,9.92256,1,1,0,0,0,0
1080,5,reference,1119,1280,720,1920,1080,11.52,12.7363,10.1345,1,1,0,0,0,0
1080,5,reference,1120,1280,720,1920,1080,11.3562,12.4144,9.96762,1,1,0,0,0,0
1080,5,reference,1121,1280,720,1920,1080,11.2978,12.2758,9.9113,1,1,0,0,0,0
1080,5,reference,1122,1280,720,1920,1080,11.4586,12.4102,10.0731,1,1,0,0,0,0
1080,5,reference,1123,1280,720,1920,1080,11.4729,12.4637,10.0884,1,1,0,0,0,0
1080,5,reference,1124,1280,720,1920,1080,11.6398,13.1266,10.2513,1,1,0,0,0,0
1080,5,reference,1125,1280,720,1920,1080,11.2947,12.2861,9.9113,1,1,0,0,0,0
1080,5,reference,1126,1280,720,1920,1080,11.2998,12.2434,9.91949,1,1,0,0,0,0
1080,5,reference,1127,1280,720,1920,1080,11.2691,12.395,9.86624,1,1,0,0,0,0
1080,5,reference,1128,1280,720,1920,1080,11.5139,12.6314,10.1253,1,1,0,0,0,0
1080,5,reference,1129,1280,720,1920,1080,11.3265,12.2781,9.94406,1,1,0,0,0,0
1080,5,reference,1130,1280,720,1920,1080,11.435,12.391,9.86419,1,1,0,0,0,0
1080,5,reference,1131,1280,720,1920,1080,11.2712,12.3395,9.89082,1,1,0,0,0,0
1080,5,reference,1132,1280,720,1920,1080,11.4954,12.4211,10.114,1,1,0,0,0,0
1080,5,reference,1133,1280,720,1920,1080,11.4729,12.3938,10.0874,1,1,0,0,0,0
1080,5,reference,1134,1280,720,1920,1080,9.75053,10.723,8.36813,1,1,0,0,0,0
1080,5,reference,1135,1280,720,1920,1080,11.561,12.5783,10.1745,1,1,0,0,0,0
1080,5,reference,1136,1280,720,1920,1080,12.4385,13.634,11.049,1,1,0,0,0,0
1080,5,reference,1137,1280,720,1920,1080,11.3203,12.3906,9.93382,1,1,0,0,0,0
1080,5,reference,1138,1280,720,1920,1080,11.5292,12.4621,9.88365,1,1,0,0,0,0
1080,5,reference,1139,1280,720,1920,1080,11.52,12.5779,9.88365,1,1,0,0,0,0
1080,5,reference,1140,1280,720,1920,1080,11.5487,12.6957,9.90106,1,1,0,0,0,0
1080,5,reference,1141,1280,720,1920,1080,11.4309,12.617,10.0465,1,1,0,0,0,0
1080,5,reference,1142,1280,720,1920,1080,11.2947,12.2476,9.90822,1,1,0,0,0,0
1080,5,reference,1143,1280,720,1920,1080,11.3224,12.455,9.93792,1,1,0,0,0,0
1080,5,reference,1144,1280,720,1920,1080,11.2988,12.3545,9.91437,1,1,0,0,0,0
1080,5,reference,1145,1280,720,1920,1080,11.5159,12.4963,9.88365,1,1,0,0,0,0
1080,5,reference,1146,1280,720,1920,1080,11.4678,12.4567,9.83245,1,1,0,0,0,0
1080,5,reference,1147,1280,720,1920,1080,11.3193,12.6172,9.93485,1,1,0,0,0,0
1080,5,reference,1148,1280,720,1920,1080,11.3367,12.2584,9.95226,1,1,0,0,0,0
1080,5,reference,1149,1280,720,1920,1080,11.4586,12.3647,9.82835,1,1,0,0,0,0
1080,5,reference,1150,1280,720,1920,1080,11.4258,12.5727,9.78637,1,1,0,0,0,0
1080,5,reference,1151,1280,720,1920,1080,11.5005,12.6293,9.86726,1,1,0,0,0,0
1080,5,reference,1152,1280,720,1920,1080,11.4227,12.4786,9.79046,1,1,0,0,0,0
1080,5,reference,1153,1280,720,1920,1080,11.223,12.1826,9.84064,1,1,0,0,0,0
1080,5,reference,1154,1280,720,1920,1080,11.4289,12.3478,9.79661,1,1,0,0,0,0
1080,5,reference,1155,1280,720,1920,1080,11.6808,12.7003,9.99936,1,1,0,0,0,0
1080,5,reference,1156,1280,720,1920,1080,11.3766,12.4038,9.7321,1,1,0,0,0,0
1080,5,reference,1157,1280,720,1920,1080,11.4688,12.4994,9.83859,1,1,0,0,0,0
1080,5,reference,1158,1280,720,1920,1080,11.4893,12.4584,9.84576,1,1,0,0,0,0
1080,5,reference,1159,1280,720,1920,1080,11.2036,12.4492,9.81914,1,1,0,0,0,0
1080,5,reference,1160,1280,720,1920,1080,11.2865,12.3355,9.90208,1,1,0,0,0,0
1080,5,reference,1161,1280,720,1920,1080,11.4842,12.5056,9.83142,1,1,0,0,0,0
1080,5,reference,1162,1280,720,1920,1080,11.4268,12.4297,9.79046,1,1,0,0,0,0
1080,5,reference,1163,1280,720,1920,1080,11.3009,12.3422,9.64915,1,1,0,0,0,0
1080,5,reference,1164,1280,720,1920,1080,11.3009,12.2876,9.64403,1,1,0,0,0,0
1080,5,reference,1165,1280,720,1920,1080,11.5272,12.6059,9.85498,1,1,0,0,0,0
1080,5,reference,1166,1280,720,1920,1080,11.4739,12.4958,9.82426,1,1,0,0,0,0
1080,5,reference,1167,1280,720,1920,1080,11.2824,12.2863,9.63277,1,1,0,0,0,0
1080,5,reference,1168,1280,720,1920,1080,11.5067,12.5221,9.85498,1,1,0,0,0,0
1080,5,reference,1169,1280,720,1920,1080,11.3449,12.5546,9.69114,1,1,0,0,0,0
1080,5,reference,1170,1280,720,1920,1080,11.3162,12.2352,9.66963,1,1,0,0,0,0
1080,5,reference,1171,1280,720,1920,1080,11.2916,12.2442,9.64301,1,1,0,0,0,0
1080,5,reference,1172,1280,720,1920,1080,11.2312,12.493,9.84781,1,1,0,0,0,0
1080,5,reference,1173,1280,720,1920,1080,11.2804,12.6877,9.90003,1,1,0,0,0,0
1080,5,reference,1174,1280,720,1920,1080,11.306,12.365,9.7321,1,1,0,0,0,0
1080,5,reference,1175,1280,720,1920,1080,11.3091,12.2619,9.9287,1,1,0,0,0,0
1080,5,reference,1176,1280,720,1920,1080,11.264,12.4744,9.8816,1,1,0,0,0,0
1080,5,reference,1177,1280,720,1920,1080,11.3551,12.4361,9.69728,1,1,0,0,0,0
1080,5,reference,1178,1280,720,1920,1080,11.351,12.4467,9.69114,1,1,0,0,0,0
1080,5,reference,1179,1280,720,1920,1080,11.222,12.5419,9.83654,1,1,0,0,0,0
1080,5,reference,1180,1280,720,1920,1080,11.2814,12.6785,9.89901,1,1,0,0,0,0
1080,5,reference,1181,1280,720,1920,1080,11.3592,12.4149,9.70138,1,1,0,0,0,0
1080,5,reference,1182,1280,720,1920,1080,11.478,12.572,9.74541,1,1,0,0,0,0
1080,5,reference,1183,1280,720,1920,1080,11.2824,12.7884,9.90208,1,1,0,0,0,0
1080,5,reference,1184,1280,720,1920,1080,11.308,12.2674,9.64915,1,1,0,0,0,0
1080,5,reference,1185,1280,720,1920,1080,11.307,12.2382,9.65837,1,1,0,0,0,0
1080,5,reference,1186,1280,720,1920,1080,11.564,12.4952,9.92154,1,1,0,0,0,0
1080,5,reference,1187,1280,720,1920,1080,11.3091,12.7235,9.92256,1,1,0,0,0,0
1080,5,reference,1188,1280,720,1920,1080,11.3254,12.2773,9.94202,1,1,0,0,0,0
1080,5,reference,1189,1280,720,1920,1080,11.2609,12.2265,9.63789,1,1,0,0,0,0
1080,5,reference,1190,1280,720,1920,1080,11.3019,12.3213,9.66042,1,1,0,0,0,0
1080,5,reference,1191,1280,720,1920,1080,11.2681,12.4608,9.89082,1,1,0,0,0,0
1080,5,reference,1192,1280,720,1920,1080,11.2517,12.705,9.87136,1,1,0,0,0,0
1080,5,reference,1193,1280,720,1920,1080,11.3101,12.3845,9.66656,1,1,0,0,0,0
1080,5,reference,1194,1280,720,1920,1080,11.2435,12.5193,9.86419,1,1,0,0,0,0
1080,5,reference,1195,1280,720,1920,1080,10.114,11.1304,8.73574,1,1,0,0,0,0
1080,5,reference,1196,1280,720,1920,1080,9.34707,10.3431,7.96877,1,1,0,0,0,0
1080,5,reference,1197,1280,720,1920,1080,12.2143,13.4132,10.7858,1,1,0,0,0,0
1080,5,reference,1198,1280,720,1920,1080,11.9409,13.0664,10.3793,1,1,0,0,0,0
1080,5,reference,1199,1280,720,1920,1080,11.3121,12.386,9.92666,1,1,0,0,0,0
1080,5,candidate,300,1280,720,1920,1080,9.8048,10.8724,8.42854,1,1,0,0,0,0
1080,5,candidate,301,1280,720,1920,1080,13.1103,14.1551,11.6879,1,1,0,0,0,0
1080,5,candidate,302,1280,720,1920,1080,9.72288,10.6722,8.34662,1,1,0,0,0,0
1080,5,candidate,303,1280,720,1920,1080,12.6679,13.6843,10.3322,1,1,0,0,0,0
1080,5,candidate,304,1280,720,1920,1080,11.2742,12.4717,9.89798,1,1,0,0,0,0
1080,5,candidate,305,1280,720,1920,1080,10.0874,10.9805,8.71424,1,1,0,0,0,0
1080,5,candidate,306,1280,720,1920,1080,12.4723,13.4017,11.051,1,1,0,0,0,0
1080,5,candidate,307,1280,720,1920,1080,11.2497,12.3621,9.87853,1,1,0,0,0,0
1080,5,candidate,308,1280,720,1920,1080,11.0387,12.2777,9.65734,1,1,0,0,0,0
1080,5,candidate,309,1280,720,1920,1080,11.2753,12.45,9.90003,1,1,0,0,0,0
1080,5,candidate,310,1280,720,1920,1080,11.2712,12.3166,9.89286,1,1,0,0,0,0
1080,5,candidate,311,1280,720,1920,1080,11.2271,12.2366,9.85395,1,1,0,0,0,0
1080,5,candidate,312,1280,720,1920,1080,11.2978,12.2646,9.91949,1,1,0,0,0,0
1080,5,candidate,313,1280,720,1920,1080,11.5743,12.6144,9.95635,1,1,0,0,0,0
1080,5,candidate,314,1280,720,1920,1080,11.3142,12.4285,9.93485,1,1,0,0,0,0
1080,5,candidate,315,1280,720,1920,1080,11.3736,12.3137,9.75565,1,1,0,0,0,0
1080,5,candidate,316,1280,720,1920,1080,9.71366,10.6464,8.33946,1,1,0,0,0,0
1080,5,candidate,317,1280,720,1920,1080,11.0746,13.0479,9.69933,1,1,0,0,0,0
1080,5,candidate,318,1280,720,1920,1080,11.0008,12.0502,9.62458,1,1,0,0,0,0
1080,5,candidate,319,1280,720,1920,1080,9.73722,10.6881,8.36301,1,1,0,0,0,0
1080,5,candidate,320,1280,720,1920,1080,11.2056,12.1298,9.8304,1,1,0,0,0,0
1080,5,candidate,321,1280,720,1920,1080,11.0592,12.1793,9.6809,1,1,0,0,0,0
1080,5,candidate,322,1280,720,1920,1080,11.3132,12.3173,9.93587,1,1,0,0,0,0
1080,5,candidate,323,1280,720,1920,1080,11.2343,12.2111,9.69523,1,1,0,0,0,0
1080,5,candidate,324,1280,720,1920,1080,11.4452,12.3749,10.0669,1,1,0,0,0,0
1080,5,candidate,325,1280,720,1920,1080,11.4493,12.3569,10.0741,1,1,0,0,0,0
1080,5,candidate,326,1280,720,1920,1080,11.2988,12.2076,9.91846,1,1,0,0,0,0
1080,5,candidate,327,1280,720,1920,1080,11.4698,12.476,10.0956,1,1,0,0,0,0
1080,5,candidate,328,1280,720,1920,1080,11.4125,12.3659,10.0362,1,1,0,0,0,0
1080,5,candidate,329,1280,720,1920,1080,11.2896,12.2672,9.91334,1,1,0,0,0,0
1080,5,candidate,330,1280,720,1920,1080,11.3367,12.3284,9.96147,1,1,0,0,0,0
1080,5,candidate,331,1280,720,1920,1080,11.4483,12.3919,9.82733,1,1,0,0,0,0
1080,5,candidate,332,1280,720,1920,1080,11.4463,12.4335,9.82118,1,1,0,0,0,0
1080,5,candidate,333,1280,720,1920,1080,11.4729,12.3869,9.8519,1,1,0,0,0,0
1080,5,candidate,334,1280,720,1920,1080,11.4821,12.4009,9.84576,1,1,0,0,0,0
1080,5,candidate,335,1280,720,1920,1080,12.1037,13.0813,10.7172,1,1,0,0,0,0
1080,5,candidate,336,1280,720,1920,1080,12.1672,13.1262,10.7868,1,1,0,0,0,0
1080,5,candidate,337,1280,720,1920,1080,11.1432,12.2541,9.75155,1,1,0,0,0,0
1080,5,candidate,338,1280,720,1920,1080,11.4237,12.4396,10.0475,1,1,0,0,0,0
1080,5,candidate,339,1280,720,1920,1080,11.4278,12.5014,10.0516,1,1,0,0,0,0
1080,5,candidate,340,1280,720,1920,1080,11.4862,12.5413,10.1089,1,1,0,0,0,0
1080,5,candidate,341,1280,720,1920,1080,11.4627,12.4355,10.0864,1,1,0,0,0,0
1080,5,candidate,342,1280,720,1920,1080,11.0244,12.2633,8.38656,1,1,0,0,0,0
1080,5,candidate,343,1280,720,1920,1080,11.178,12.344,9.80582,1,1,0,0,0,0
1080,5,candidate,344,1280,720,1920,1080,11.008,12.1246,8.35072,1,1,0,0,0,0
1080,5,candidate,345,1280,720,1920,1080,11.177,12.3467,9.80275,1,1,0,0,0,0
1080,5,candidate,346,1280,720,1920,1080,11.3971,12.4499,10.0168,1,1,0,0,0,0
1080,5,candidate,347,1280,720,1920,1080,11.2364,12.1537,9.86112,1,1,0,0,0,0
1080,5,candidate,348,1280,720,1920,1080,11.2865,12.2014,9.64198,1,1,0,0,0,0
1080,5,candidate,349,1280,720,1920,1080,11.2998,12.299,9.66758,1,1,0,0,0,0
1080,5,candidate,350,1280,720,1920,1080,11.265,12.5299,9.88467,1,1,0,0,0,0
1080,5,candidate,351,1280,720,1920,1080,11.2927,12.2418,9.67066,1,1,0,0,0,0
1080,5,candidate,352,1280,720,1920,1080,11.5988,12.7602,9.94816,1,1,0,0,0,0
1080,5,candidate,353,1280,720,1920,1080,9.76179,10.7841,8.38861,1,1,0,0,0,0
1080,5,candidate,354,1280,720,1920,1080,12.4795,13.4367,11.0623,1,1,0,0,0,0
1080,5,candidate,355,1280,720,1920,1080,11.4534,12.5272,9.8007,1,1,0,0,0,0
1080,5,candidate,356,1280,720,1920,1080,10.9619,12.1955,9.58464,1,1,0,0,0,0
1080,5,candidate,357,1280,720,1920,1080,11.1309,12.2734,9.75462,1,1,0,0,0,0
1080,5,candidate,358,1280,720,1920,1080,11.2527,12.4285,9.87341,1,1,0,0,0,0
1080,5,candidate,359,1280,720,1920,1080,11.2998,12.3865,9.92461,1,1,0,0,0,0
1080,5,candidate,360,1280,720,1920,1080,11.3203,12.2987,9.94099,1,1,0,0,0,0
1080,5,candidate,361,1280,720,1920,1080,11.1493,12.2509,9.7751,1,1,0,0,0,0
1080,5,candidate,362,1280,720,1920,1080,11.52,12.5244,10.1407,1,1,0,0,0,0
1080,5,candidate,363,1280,720,1920,1080,11.3029,12.2205,9.66246,1,1,0,0,0,0
1080,5,candidate,364,1280,720,1920,1080,9.71162,10.7101,8.33434,1,1,0,0,0,0
1080,5,candidate,365,1280,720,1920,1080,11.4739,13.5904,10.0495,1,1,0,0,0,0
1080,5,candidate,366,1280,720,1920,1080,11.5958,12.5465,9.93792,1,1,0,0,0,0
1080,5,candidate,367,1280,720,1920,1080,11.351,12.3391,9.97786,1,1,0,0,0,0
1080,5,candidate,368,1280,720,1920,1080,11.3285,12.4139,9.95226,1,1,0,0,0,0
1080,5,candidate,369,1280,720,1920,1080,11.1933,12.3031,9.81811,1,1,0,0,0,0
1080,5,candidate,370,1280,720,1920,1080,11.8999,12.864,10.24,1,1,0,0,0,0
1080,5,candidate,371,1280,720,1920,1080,11.4493,12.358,10.0751,1,1,0,0,0,0
1080,5,candidate,372,1280,720,1920,1080,11.4749,12.3852,10.0956,1,1,0,0,0,0
1080,5,candidate,373,1280,720,1920,1080,11.3224,12.2912,9.94611,1,1,0,0,0,0
1080,5,candidate,374,1280,720,1920,1080,11.3142,12.3324,9.93382,1,1,0,0,0,0
1080,5,candidate,375,1280,720,1920,1080,11.3203,12.2997,9.94611,1,1,0,0,0,0
1080,5,candidate,376,1280,720,1920,1080,11.3521,12.3177,9.97376,1,1,0,0,0,0
1080,5,candidate,377,1280,720,1920,1080,11.3132,12.3844,9.94099,1,1,0,0,0,0
1080,5,candidate,378,1280,720,1920,1080,11.52,12.5223,9.86829,1,1,0,0,0,0
1080,5,candidate,379,1280,720,1920,1080,11.4493,12.4248,9.80275,1,1,0,0,0,0
1080,5,candidate,380,1280,720,1920,1080,11.4739,12.4186,9.82221,1,1,0,0,0,0
1080,5,candidate,381,1280,720,1920,1080,11.1176,12.3331,9.74541,1,1,0,0,0,0
1080,5,candidate,382,1280,720,1920,1080,11.2916,12.3009,9.91334,1,1,0,0,0,0
1080,5,candidate,383,1280,720,1920,1080,10.9691,12.1766,9.59693,1,1,0,0,0,0
1080,5,candidate,384,1280,720,1920,1080,11.2445,12.4122,9.86624,1,1,0,0,0,0
1080,5,candidate,385,1280,720,1920,1080,10.0598,10.9549,8.68762,1,1,0,0,0,0
1080,5,candidate,386,1280,720,1920,1080,11.0643,13.2966,9.68499,1,1,0,0,0,0
1080,5,candidate,387,1280,720,1920,1080,10.9158,12.0791,9.54266,1,1,0,0,0,0
1080,5,candidate,388,1280,720,1920,1080,11.1544,12.3742,9.77715,1,1,0,0,0,0
1080,5,candidate,389,1280,720,1920,1080,11.2968,12.2581,9.92154,1,1,0,0,0,0
1080,5,candidate,390,1280,720,1920,1080,11.1155,12.2723,9.73926,1,1,0,0,0,0
1080,5,candidate,391,1280,720,1920,1080,11.1411,12.263,9.76794,1,1,0,0,0,0
1080,5,candidate,392,1280,720,1920,1080,11.2876,12.2339,9.90618,1,1,0,0,0,0
1080,5,candidate,393,1280,720,1920,1080,11.2599,12.2978,9.88672,1,1,0,0,0,0
1080,5,candidate,394,1280,720,1920,1080,11.1227,12.4017,9.73005,1,1,0,0,0,0
1080,5,candidate,395,1280,720,1920,1080,11.5272,12.7857,10.1499,1,1,0,0,0,0
1080,5,candidate,396,1280,720,1920,1080,11.3265,12.4628,9.94918,1,1,0,0,0,0
1080,5,candidate,397,1280,720,1920,1080,11.3172,12.4711,9.94304,1,1,0,0,0,0
1080,5,candidate,398,1280,720,1920,1080,11.3562,12.3234,9.73619,1,1,0,0,0,0
1080,5,candidate,399,1280,720,1920,1080,11.2435,12.2454,9.87034,1,1,0,0,0,0
1080,5,candidate,400,1280,720,1920,1080,11.4637,12.5228,10.0854,1,1,0,0,0,0
1080,5,candidate,401,1280,720,1920,1080,11.4627,12.4042,10.0874,1,1,0,0,0,0
1080,5,candidate,402,1280,720,1920,1080,11.4647,12.3987,10.0854,1,1,0,0,0,0
1080,5,candidate,403,1280,720,1920,1080,11.3091,12.2626,9.93382,1,1,0,0,0,0
1080,5,candidate,404,1280,720,1920,1080,11.4627,12.3843,10.0844,1,1,0,0,0,0
1080,5,candidate,405,1280,720,1920,1080,11.4391,12.3776,9.81402,1,1,0,0,0,0
1080,5,candidate,406,1280,720,1920,1080,11.3357,12.2616,9.95226,1,1,0,0,0,0
1080,5,candidate,407,1280,720,1920,1080,11.22,12.169,9.84371,1,1,0,0,0,0
1080,5,candidate,408,1280,720,1920,1080,11.4708,12.4019,9.84269,1,1,0,0,0,0
1080,5,candidate,409,1280,720,1920,1080,12.0525,13.0125,10.667,1,1,0,0,0,0
1080,5,candidate,410,1280,720,1920,1080,11.5139,12.5566,10.1386,1,1,0,0,0,0
1080,5,candidate,411,1280,720,1920,1080,11.092,12.3028,9.71878,1,1,0,0,0,0
1080,5,candidate,412,1280,720,1920,1080,11.1258,12.2477,9.72595,1,1,0,0,0,0
1080,5,candidate,413,1280,720,1920,1080,12.1723,13.2229,10.7878,1,1,0,0,0,0
1080,5,candidate,414,1280,720,1920,1080,11.5436,12.5258,10.1673,1,1,0,0,0,0
1080,5,candidate,415,1280,720,1920,1080,11.476,12.492,10.1018,1,1,0,0,0,0
1080,5,candidate,416,1280,720,1920,1080,11.4596,12.4972,10.0833,1,1,0,0,0,0
1080,5,candidate,417,1280,720,1920,1080,11.4412,12.4057,10.069,1,1,0,0,0,0
1080,5,candidate,418,1280,720,1920,1080,11.5231,12.5512,10.1437,1,1,0,0,0,0
1080,5,candidate,419,1280,720,1920,1080,11.3971,12.4681,10.0239,1,1,0,0,0,0
1080,5,candidate,420,1280,720,1920,1080,11.3357,12.3331,9.96045,1,1,0,0,0,0
1080,5,candidate,421,1280,720,1920,1080,11.3531,12.3174,9.97069,1,1,0,0,0,0
1080,5,candidate,422,1280,720,1920,1080,11.3521,12.3899,9.97274,1,1,0,0,0,0
1080,5,candidate,423,1280,720,1920,1080,11.3449,12.2901,9.97069,1,1,0,0,0,0
1080,5,candidate,424,1280,720,1920,1080,9.79354,10.8275,8.41626,1,1,0,0,0,0
1080,5,candidate,425,1280,720,1920,1080,9.33478,12.0436,7.96365,1,1,0,0,0,0
1080,5,candidate,426,1280,720,1920,1080,11.4084,12.4738,9.75462,1,1,0,0,0,0
1080,5,candidate,427,1280,720,1920,1080,11.1268,12.2376,9.75565,1,1,0,0,0,0
1080,5,candidate,428,1280,720,1920,1080,11.2998,12.3023,9.92154,1,1,0,0,0,0
1080,5,candidate,429,1280,720,1920,1080,11.307,12.2497,9.93485,1,1,0,0,0,0
1080,5,candidate,430,1280,720,1920,1080,11.0602,12.1789,9.68192,1,1,0,0,0,0
1080,5,candidate,431,1280,720,1920,1080,11.3183,12.2528,9.93894,1,1,0,0,0,0
1080,5,candidate,432,1280,720,1920,1080,11.3418,12.338,9.96352,1,1,0,0,0,0
1080,5,candidate,433,1280,720,1920,1080,9.92768,10.8458,8.55757,1,1,0,0,0,0
1080,5,candidate,434,1280,720,1920,1080,12.4068,13.5281,11.007,1,1,0,0,0,0
1080,5,candidate,435,1280,720,1920,1080,11.8405,12.7796,10.282,1,1,0,0,0,0
1080,5,candidate,436,1280,720,1920,1080,11.2118,12.2133,8.54221,1,1,0,0,0,0
1080,5,candidate,437,1280,720,1920,1080,11.137,12.1506,9.76282,1,1,0,0,0,0
1080,5,candidate,438,1280,720,1920,1080,11.2364,12.2985,9.82835,1,1,0,0,0,0
1080,5,candidate,439,1280,720,1920,1080,11.4371,12.529,10.068,1,1,0,0,0,0
1080,5,candidate,440,1280,720,1920,1080,11.0858,12.283,9.71059,1,1,0,0,0,0
1080,5,candidate,441,1280,720,1920,1080,11.393,12.283,9.76794,1,1,0,0,0,0
1080,5,candidate,442,1280,720,1920,1080,11.4964,12.452,9.83757,1,1,0,0,0,0
1080,5,candidate,443,1280,720,1920,1080,11.4872,12.4542,9.85395,1,1,0,0,0,0
1080,5,candidate,444,1280,720,1920,1080,11.4698,12.5324,9.8304,1,1,0,0,0,0
1080,5,candidate,445,1280,720,1920,1080,11.3121,12.2387,9.67885,1,1,0,0,0,0
1080,5,candidate,446,1280,720,1920,1080,11.3459,12.3989,9.70547,1,1,0,0,0,0
1080,5,candidate,447,1280,720,1920,1080,11.3121,12.2396,9.67475,1,1,0,0,0,0
1080,5,candidate,448,1280,720,1920,1080,11.4258,12.4286,9.65632,1,1,0,0,0,0
1080,5,candidate,449,1280,720,1920,1080,11.2118,12.467,9.83654,1,1,0,0,0,0
1080,5,candidate,450,1280,720,1920,1080,11.4575,12.4255,10.0803,1,1,0,0,0,0
1080,5,candidate,451,1280,720,1920,1080,11.3039,12.2844,9.66861,1,1,0,0,0,0
1080,5,candidate,452,1280,720,1920,1080,10.0977,11.0001,8.7255,1,1,0,0,0,0
1080,5,candidate,453,1280,720,1920,1080,9.39213,10.2602,8.02099,1,1,0,0,0,0
1080,5,candidate,454,1280,720,1920,1080,12.3279,13.3932,10.9148,1,1,0,0,0,0
1080,5,candidate,455,1280,720,1920,1080,11.4565,12.6214,10.0721,1,1,0,0,0,0
1080,5,candidate,456,1280,720,1920,1080,11.3418,12.2689,9.9584,1,1,0,0,0,0
1080,5,candidate,457,1280,720,1920,1080,11.2937,12.2474,9.92051,1,1,0,0,0,0
1080,5,candidate,458,1280,720,1920,1080,11.2568,12.2658,9.87853,1,1,0,0,0,0
1080,5,candidate,459,1280,720,1920,1080,11.52,12.5788,9.88365,1,1,0,0,0,0
1080,5,candidate,460,1280,720,1920,1080,11.2763,12.2689,9.89696,1,1,0,0,0,0
1080,5,candidate,461,1280,720,1920,1080,11.4309,12.5074,9.79251,1,1,0,0,0,0
1080,5,candidate,462,1280,720,1920,1080,11.4678,12.4577,9.83245,1,1,0,0,0,0
1080,5,candidate,463,1280,720,1920,1080,11.3736,12.393,9.82016,1,1,0,0,0,0
1080,5,candidate,464,1280,720,1920,1080,11.2742,12.3867,9.89798,1,1,0,0,0,0
1080,5,candidate,465,1280,720,1920,1080,11.5036,12.5374,9.85702,1,1,0,0,0,0
1080,5,candidate,466,1280,720,1920,1080,11.4432,12.5812,9.82118,1,1,0,0,0,0
1080,5,candidate,467,1280,720,1920,1080,11.4708,12.4174,9.81914,1,1,0,0,0,0
1080,5,candidate,468,1280,720,1920,1080,11.3019,12.2313,9.66451,1,1,0,0,0,0
1080,5,candidate,469,1280,720,1920,1080,11.1708,12.4475,9.79763,1,1,0,0,0,0
1080,5,candidate,470,1280,720,1920,1080,9.73517,10.7417,8.35994,1,1,0,0,0,0
1080,5,candidate,471,1280,720,1920,1080,12.5614,13.6717,11.1432,1,1,0,0,0,0
1080,5,candidate,472,1280,720,1920,1080,11.392,12.3044,9.82016,1,1,0,0,0,0
1080,5,candidate,473,1280,720,1920,1080,11.3152,12.3617,9.94099,1,1,0,0,0,0
1080,5,candidate,474,1280,720,1920,1080,11.2896,12.4202,9.9113,1,1,0,0,0,0
1080,5,candidate,475,1280,720,1920,1080,11.092,12.3558,9.72083,1,1,0,0,0,0
1080,5,candidate,476,1280,720,1920,1080,11.2906,12.2998,9.91437,1,1,0,0,0,0
1080,5,candidate,477,1280,720,1920,1080,11.2486,12.2504,9.87341,1,1,0,0,0,0
1080,5,candidate,478,1280,720,1920,1080,11.2476,12.2026,9.86931,1,1,0,0,0,0
1080,5,candidate,479,1280,720,1920,1080,11.3859,12.4786,10.0096,1,1,0,0,0,0
1080,5,candidate,480,1280,720,1920,1080,11.2988,12.2892,9.68397,1,1,0,0,0,0
1080,5,candidate,481,1280,720,1920,1080,11.1831,12.1442,9.78944,1,1,0,0,0,0
1080,5,candidate,482,1280,720,1920,1080,11.4985,12.5492,9.86726,1,1,0,0,0,0
1080,5,candidate,483,1280,720,1920,1080,11.308,12.3358,9.68397,1,1,0,0,0,0
1080,5,candidate,484,1280,720,1920,1080,11.2753,12.4019,9.89491,1,1,0,0,0,0
1080,5,candidate,485,1280,720,1920,1080,11.2374,12.2035,9.62662,1,1,0,0,0,0
1080,5,candidate,486,1280,720,1920,1080,11.2957,12.4197,9.92051,1,1,0,0,0,0
1080,5,candidate,487,1280,720,1920,1080,11.4156,12.4185,10.0413,1,1,0,0,0,0
1080,5,candidate,488,1280,720,1920,1080,11.434,12.3702,10.0557,1,1,0,0,0,0
1080,5,candidate,489,1280,720,1920,1080,11.2773,12.3132,9.9031,1,1,0,0,0,0
1080,5,candidate,490,1280,720,1920,1080,11.4964,12.5441,10.1212,1,1,0,0,0,0
1080,5,candidate,491,1280,720,1920,1080,11.3961,12.4637,10.0229,1,1,0,0,0,0
1080,5,candidate,492,1280,720,1920,1080,11.4463,12.4074,10.069,1,1,0,0,0,0
1080,5,candidate,493,1280,720,1920,1080,11.4708,12.4947,10.0966,1,1,0,0,0,0
1080,5,candidate,494,1280,720,1920,1080,11.4524,12.4351,10.0762,1,1,0,0,0,0
1080,5,candidate,495,1280,720,1920,1080,11.4299,12.5029,10.0567,1,1,0,0,0,0
1080,5,candidate,496,1280,720,1920,1080,11.4412,12.4246,10.0618,1,1,0,0,0,0
1080,5,candidate,497,1280,720,1920,1080,11.4289,12.3682,10.0536,1,1,0,0,0,0
1080,5,candidate,498,1280,720,1920,1080,11.266,12.2695,9.88774,1,1,0,0,0,0
1080,5,candidate,499,1280,720,1920,1080,11.434,12.4762,9.81197,1,1,0,0,0,0
1080,5,candidate,500,1280,720,1920,1080,11.4084,12.3979,9.7751,1,1,0,0,0,0
1080,5,candidate,501,1280,720,1920,1080,11.4719,12.548,9.83757,1,1,0,0,0,0
1080,5,candidate,502,1280,720,1920,1080,11.2589,12.2497,9.87853,1,1,0,0,0,0
1080,5,candidate,503,1280,720,1920,1080,11.4575,12.5603,9.83347,1,1,0,0,0,0
1080,5,candidate,504,1280,720,1920,1080,11.4309,12.3641,9.79763,1,1,0,0,0,0
1080,5,candidate,505,1280,720,1920,1080,11.2845,12.354,9.9072,1,1,0,0,0,0
1080,5,candidate,506,1280,720,1920,1080,11.4483,12.3752,9.80582,1,1,0,0,0,0
1080,5,candidate,507,1280,720,1920,1080,11.3551,12.3632,9.71264,1,1,0,0,0,0
1080,5,candidate,508,1280,720,1920,1080,12.118,13.0877,10.7295,1,1,0,0,0,0
1080,5,candidate,509,1280,720,1920,1080,11.2794,12.2106,9.90618,1,1,0,0,0,0
1080,5,candidate,510,1280,720,1920,1080,11.4371,12.4279,9.79968,1,1,0,0,0,0
1080,5,candidate,511,1280,720,1920,1080,11.5251,12.54,9.88979,1,1,0,0,0,0
1080,5,candidate,512,1280,720,1920,1080,11.3162,12.3056,9.93587,1,1,0,0,0,0
1080,5,candidate,513,1280,720,1920,1080,11.4176,12.3838,9.7792,1,1,0,0,0,0
1080,5,candidate,514,1280,720,1920,1080,11.3152,12.2401,9.69011,1,1,0,0,0,0
1080,5,candidate,515,1280,720,1920,1080,11.4534,12.4792,9.82016,1,1,0,0,0,0
1080,5,candidate,516,1280,720,1920,1080,11.2927,12.2548,9.65427,1,1,0,0,0,0
1080,5,candidate,517,1280,720,1920,1080,11.2599,12.4347,9.6256,1,1,0,0,0,0
1080,5,candidate,518,1280,720,1920,1080,11.2323,12.5254,9.856,1,1,0,0,0,0
1080,5,candidate,519,1280,720,1920,1080,11.3285,12.5294,9.68704,1,1,0,0,0,0
1080,5,candidate,520,1280,720,1920,1080,11.3316,12.3322,9.66349,1,1,0,0,0,0
1080,5,candidate,521,1280,720,1920,1080,11.2445,12.3438,9.67987,1,1,0,0,0,0
1080,5,candidate,522,1280,720,1920,1080,11.2466,12.1488,9.87136,1,1,0,0,0,0
1080,5,candidate,523,1280,720,1920,1080,10.0598,10.9401,8.68762,1,1,0,0,0,0
1080,5,candidate,524,1280,720,1920,1080,9.29894,11.9483,7.92064,1,1,0,0,0,0
1080,5,candidate,525,1280,720,1920,1080,9.90413,10.8495,8.53299,1,1,0,0,0,0
1080,5,candidate,526,1280,720,1920,1080,11.2333,12.1201,9.856,1,1,0,0,0,0
1080,5,candidate,527,1280,720,1920,1080,12.4611,13.532,11.0889,1,1,0,0,0,0
1080,5,candidate,528,1280,720,1920,1080,11.1544,12.2689,9.77818,1,1,0,0,0,0
1080,5,candidate,529,1280,720,1920,1080,11.3418,12.2695,9.96762,1,1,0,0,0,0
1080,5,candidate,530,1280,720,1920,1080,11.2384,12.1865,9.67987,1,1,0,0,0,0
1080,5,candidate,531,1280,720,1920,1080,11.3879,12.4233,10.0137,1,1,0,0,0,0
1080,5,candidate,532,1280,720,1920,1080,11.5343,12.5784,9.84371,1,1,0,0,0,0
1080,5,candidate,533,1280,720,1920,1080,11.2282,12.4212,9.85293,1,1,0,0,0,0
1080,5,candidate,534,1280,720,1920,1080,11.2865,12.3415,9.63994,1,1,0,0,0,0
1080,5,candidate,535,1280,720,1920,1080,11.1698,12.3691,9.79354,1,1,0,0,0,0
1080,5,candidate,536,1280,720,1920,1080,11.2323,12.4197,9.856,1,1,0,0,0,0
1080,5,candidate,537,1280,720,1920,1080,11.4504,12.4408,10.0772,1,1,0,0,0,0
1080,5,candidate,538,1280,720,1920,1080,11.2384,12.4293,9.8601,1,1,0,0,0,0
1080,5,candidate,539,1280,720,1920,1080,11.4627,12.4985,10.0915,1,1,0,0,0,0
1080,5,candidate,540,1280,720,1920,1080,9.76282,10.8223,8.38963,1,1,0,0,0,0
1080,5,candidate,541,1280,720,1920,1080,12.8256,13.8252,10.5175,1,1,0,0,0,0
1080,5,candidate,542,1280,720,1920,1080,11.1421,12.2808,9.76486,1,1,0,0,0,0
1080,5,candidate,543,1280,720,1920,1080,9.79354,10.7947,8.42342,1,1,0,0,0,0
1080,5,candidate,544,1280,720,1920,1080,12.4846,13.4993,11.0643,1,1,0,0,0,0
1080,5,candidate,545,1280,720,1920,1080,11.2538,12.4427,9.87955,1,1,0,0,0,0
1080,5,candidate,546,1280,720,1920,1080,11.2783,12.3275,9.90003,1,1,0,0,0,0
1080,5,candidate,547,1280,720,1920,1080,11.3142,12.4167,9.94202,1,1,0,0,0,0
1080,5,candidate,548,1280,720,1920,1080,11.2712,12.3322,9.89286,1,1,0,0,0,0
1080,5,candidate,549,1280,720,1920,1080,11.2394,12.1807,9.86522,1,1,0,0,0,0
1080,5,candidate,550,1280,720,1920,1080,11.3357,12.353,9.96147,1,1,0,0,0,0
1080,5,candidate,551,1280,720,1920,1080,11.4637,12.5692,10.0915,1,1,0,0,0,0
1080,5,candidate,552,1280,720,1920,1080,11.2978,12.3923,9.92051,1,1,0,0,0,0
1080,5,candidate,553,1280,720,1920,1080,11.4555,12.4684,10.0803,1,1,0,0,0,0
1080,5,candidate,554,1280,720,1920,1080,11.477,12.6988,10.0987,1,1,0,0,0,0
1080,5,candidate,555,1280,720,1920,1080,11.4452,12.5417,10.0669,1,1,0,0,0,0
1080,5,candidate,556,1280,720,1920,1080,11.2742,12.1556,9.89594,1,1,0,0,0,0
1080,5,candidate,557,1280,720,1920,1080,11.4237,12.3956,10.0495,1,1,0,0,0,0
1080,5,candidate,558,1280,720,1920,1080,11.7842,12.8642,10.1581,1,1,0,0,0,0
1080,5,candidate,559,1280,720,1920,1080,11.2486,12.3187,9.87546,1,1,0,0,0,0
1080,5,candidate,560,1280,720,1920,1080,11.2671,12.2633,9.88774,1,1,0,0,0,0
1080,5,candidate,561,1280,720,1920,1080,11.436,12.3849,10.0598,1,1,0,0,0,0
1080,5,candidate,562,1280,720,1920,1080,11.2978,12.2686,9.92358,1,1,0,0,0,0
1080,5,candidate,563,1280,720,1920,1080,11.262,12.2826,9.8857,1,1,0,0,0,0
1080,5,candidate,564,1280,720,1920,1080,11.263,12.217,9.88262,1,1,0,0,0,0
1080,5,candidate,565,1280,720,1920,1080,11.2476,12.1526,9.87443,1,1,0,0,0,0
1080,5,candidate,566,1280,720,1920,1080,11.9327,12.8947,10.5462,1,1,0,0,0,0
1080,5,candidate,567,1280,720,1920,1080,11.4309,12.4622,9.80992,1,1,0,0,0,0
1080,5,candidate,568,1280,720,1920,1080,11.2497,12.3211,9.87443,1,1,0,0,0,0
1080,5,candidate,569,1280,720,1920,1080,11.4299,12.4228,9.81094,1,1,0,0,0,0
1080,5,candidate,570,1280,720,1920,1080,11.5128,12.5565,9.86317,1,1,0,0,0,0
1080,5,candidate,571,1280,720,1920,1080,11.4698,12.4357,9.84678,1,1,0,0,0,0
1080,5,candidate,572,1280,720,1920,1080,11.3869,12.3985,9.83654,1,1,0,0,0,0
1080,5,candidate,573,1280,720,1920,1080,11.5046,12.7135,10.1007,1,1,0,0,0,0
1080,5,candidate,574,1280,720,1920,1080,11.3695,12.3184,9.99322,1,1,0,0,0,0
1080,5,candidate,575,1280,720,1920,1080,11.4811,12.4292,9.84781,1,1,0,0,0,0
1080,5,candidate,576,1280,720,1920,1080,11.5067,12.5972,9.85702,1,1,0,0,0,0
1080,5,candidate,577,1280,720,1920,1080,11.5405,12.4873,9.90618,1,1,0,0,0,0
1080,5,candidate,578,1280,720,1920,1080,11.0572,12.2258,9.65837,1,1,0,0,0,0
1080,5,candidate,579,1280,720,1920,1080,11.137,12.1009,9.76589,1,1,0,0,0,0
1080,5,candidate,580,1280,720,1920,1080,11.2978,12.2824,9.65734,1,1,0,0,0,0
1080,5,candidate,581,1280,720,1920,1080,11.2722,12.3424,9.63994,1,1,0,0,0,0
1080,5,candidate,582,1280,720,1920,1080,11.0572,12.3438,9.68192,1,1,0,0,0,0
1080,5,candidate,583,1280,720,1920,1080,11.3162,12.2875,9.93997,1,1,0,0,0,0
1080,5,candidate,584,1280,720,1920,1080,11.2271,12.3459,9.85088,1,1,0,0,0,0
1080,5,candidate,585,1280,720,1920,1080,11.4596,12.436,10.0864,1,1,0,0,0,0
1080,5,candidate,586,1280,720,1920,1080,9.76794,10.7283,8.39066,1,1,0,0,0,0
1080,5,candidate,587,1280,720,1920,1080,11.094,12.0852,9.71776,1,1,0,0,0,0
1080,5,candidate,588,1280,720,1920,1080,9.38496,10.4355,8.00973,1,1,0,0,0,0
1080,5,candidate,589,1280,720,1920,1080,12.6341,13.6456,11.2138,1,1,0,0,0,0
1080,5,candidate,590,1280,720,1920,1080,11.4371,12.5092,9.80582,1,1,0,0,0,0
1080,5,candidate,591,1280,720,1920,1080,11.4309,12.3724,9.79149,1,1,0,0,0,0
1080,5,candidate,592,1280,720,1920,1080,11.3121,12.2437,9.6768,1,1,0,0,0,0
1080,5,candidate,593,1280,720,1920,1080,11.306,12.2691,9.67782,1,1,0,0,0,0
1080,5,candidate,594,1280,720,1920,1080,11.263,12.5279,9.6256,1,1,0,0,0,0
1080,5,candidate,595,1280,720,1920,1080,11.348,12.2774,9.69728,1,1,0,0,0,0
1080,5,candidate,596,1280,720,1920,1080,11.3316,12.6352,9.95738,1,1,0,0,0,0
1080,5,candidate,597,1280,720,1920,1080,11.2814,12.3104,9.64813,1,1,0,0,0,0
1080,5,candidate,598,1280,720,1920,1080,11.2855,12.2064,9.65018,1,1,0,0,0,0
1080,5,candidate,599,1280,720,1920,1080,11.1954,12.6424,9.82323,1,1,0,0,0,0
1080,5,candidate,600,1280,720,1920,1080,11.22,12.5343,9.84474,1,1,0,0,0,0
1080,5,candidate,601,1280,720,1920,1080,11.5149,12.6252,10.1407,1,1,0,0,0,0
1080,5,candidate,602,1280,720,1920,1080,11.262,12.2074,9.63482,1,1,0,0,0,0
1080,5,candidate,603,1280,720,1920,1080,11.2886,12.2348,9.66656,1,1,0,0,0,0
1080,5,candidate,604,1280,720,1920,1080,11.1647,12.3998,9.78637,1,1,0,0,0,0
1080,5,candidate,605,1280,720,1920,1080,11.2599,12.6258,9.88774,1,1,0,0,0,0
1080,5,candidate,606,1280,720,1920,1080,11.2507,12.4994,9.87648,1,1,0,0,0,0
1080,5,candidate,607,1280,720,1920,1080,11.2138,12.354,9.84371,1,1,0,0,0,0
1080,5,candidate,608,1280,720,1920,1080,11.4954,12.4977,10.114,1,1,0,0,0,0
1080,5,candidate,609,1280,720,1920,1080,10.0751,11.075,8.70195,1,1,0,0,0,0
1080,5,candidate,610,1280,720,1920,1080,12.7703,13.7203,11.3787,1,1,0,0,0,0
1080,5,candidate,611,1280,720,1920,1080,11.434,12.315,10.0495,1,1,0,0,0,0
1080,5,candidate,612,1280,720,1920,1080,11.2916,12.2713,9.91027,1,1,0,0,0,0
1080,5,candidate,613,1280,720,1920,1080,11.2108,12.1603,9.66758,1,1,0,0,0,0
1080,5,candidate,614,1280,720,1920,1080,11.3316,12.3299,9.95328,1,1,0,0,0,0
1080,5,candidate,615,1280,720,1920,1080,11.3848,12.402,10.0106,1,1,0,0,0,0
1080,5,candidate,616,1280,720,1920,1080,11.1063,12.4471,9.73312,1,1,0,0,0,0
1080,5,candidate,617,1280,720,1920,1080,11.2998,12.228,9.9287,1,1,0,0,0,0
1080,5,candidate,618,1280,720,1920,1080,11.0633,12.2897,9.68192,1,1,0,0,0,0
1080,5,candidate,619,1280,720,1920,1080,14.891,15.8325,13.5209,1,1,0,0,0,0
1080,5,candidate,620,1280,720,1920,1080,11.3295,12.4422,9.9543,1,1,0,0,0,0
1080,5,candidate,621,1280,720,1920,1080,11.3428,12.2947,9.97069,1,1,0,0,0,0
1080,5,candidate,622,1280,720,1920,1080,11.3213,12.2295,9.94714,1,1,0,0,0,0
1080,5,candidate,623,1280,720,1920,1080,11.1759,12.1665,9.75565,1,1,0,0,0,0
1080,5,candidate,624,1280,720,1920,1080,11.9869,12.977,10.3322,1,1,0,0,0,0
1080,5,candidate,625,1280,720,1920,1080,10.8165,11.8968,9.4464,1,1,0,0,0,0
1080,5,candidate,626,1280,720,1920,1080,11.094,12.3129,9.71776,1,1,0,0,0,0
1080,5,candidate,627,1280,720,1920,1080,11.1729,12.3758,9.80173,1,1,0,0,0,0
1080,5,candidate,628,1280,720,1920,1080,10.9824,12.0059,9.60922,1,1,0,0,0,0
1080,5,candidate,629,1280,720,1920,1080,11.2046,12.4273,9.83347,1,1,0,0,0,0
1080,5,candidate,630,1280,720,1920,1080,11.2251,12.5022,9.84883,1,1,0,0,0,0
1080,5,candidate,631,1280,720,1920,1080,11.1862,12.4526,9.81606,1,1,0,0,0,0
1080,5,candidate,632,1280,720,1920,1080,11.0367,12.3234,9.66144,1,1,0,0,0,0
1080,5,candidate,633,1280,720,1920,1080,11.2527,12.7083,9.87955,1,1,0,0,0,0
1080,5,candidate,634,1280,720,1920,1080,11.6439,12.6892,9.99526,1,1,0,0,0,0
1080,5,candidate,635,1280,720,1920,1080,11.2998,12.2746,9.64915,1,1,0,0,0,0
1080,5,candidate,636,1280,720,1920,1080,11.1903,12.436,9.81811,1,1,0,0,0,0
1080,5,candidate,637,1280,720,1920,1080,11.2056,12.4057,9.83347,1,1,0,0,0,0
1080,5,candidate,638,1280,720,1920,1080,11.2251,12.377,9.85088,1,1,0,0,0,0
1080,5,candidate,639,1280,720,1920,1080,11.0449,12.3202,9.67373,1,1,0,0,0,0
1080,5,candidate,640,1280,720,1920,1080,11.1063,12.3912,9.73107,1,1,0,0,0,0
1080,5,candidate,641,1280,720,1920,1080,11.4811,12.4812,9.83552,1,1,0,0,0,0
1080,5,candidate,642,1280,720,1920,1080,11.0019,12.287,9.63072,1,1,0,0,0,0
1080,5,candidate,643,1280,720,1920,1080,11.0039,12.3154,9.63277,1,1,0,0,0,0
1080,5,candidate,644,1280,720,1920,1080,11.3797,12.3223,9.73722,1,1,0,0,0,0
1080,5,candidate,645,1280,720,1920,1080,11.2374,12.3915,9.86931,1,1,0,0,0,0
1080,5,candidate,646,1280,720,1920,1080,11.2445,12.3134,9.87136,1,1,0,0,0,0
1080,5,candidate,647,1280,720,1920,1080,11.2701,12.5122,9.89798,1,1,0,0,0,0
1080,5,candidate,648,1280,720,1920,1080,11.2763,12.2165,9.90106,1,1,0,0,0,0
1080,5,candidate,649,1280,720,1920,1080,11.0377,12.206,9.66861,1,1,0,0,0,0
1080,5,candidate,650,1280,720,1920,1080,11.433,12.4223,10.0547,1,1,0,0,0,0
1080,5,candidate,651,1280,720,1920,1080,11.2568,12.3909,9.8857,1,1,0,0,0,0
1080,5,candidate,652,1280,720,1920,1080,11.2374,12.2673,9.86112,1,1,0,0,0,0
1080,5,candidate,653,1280,720,1920,1080,10.9537,12.2858,9.58157,1,1,0,0,0,0
1080,5,candidate,654,1280,720,1920,1080,11.4432,12.404,10.0669,1,1,0,0,0,0
1080,5,candidate,655,1280,720,1920,1080,11.4115,12.4384,10.0403,1,1,0,0,0,0
1080,5,candidate,656,1280,720,1920,1080,11.6439,12.5904,10.2687,1,1,0,0,0,0
1080,5,candidate,657,1280,720,1920,1080,11.1012,12.1787,9.71162,1,1,0,0,0,0
1080,5,candidate,658,1280,720,1920,1080,11.3736,12.3969,9.99424,1,1,0,0,0,0
1080,5,candidate,659,1280,720,1920,1080,11.2742,12.3748,9.89901,1,1,0,0,0,0
1080,5,candidate,660,1280,720,1920,1080,11.2691,12.2778,9.89184,1,1,0,0,0,0
1080,5,candidate,661,1280,720,1920,1080,11.4985,12.4467,9.86624,1,1,0,0,0,0
1080,5,candidate,662,1280,720,1920,1080,11.2271,12.2635,9.84986,1,1,0,0,0,0
1080,5,candidate,663,1280,720,1920,1080,11.4156,12.3787,9.79558,1,1,0,0,0,0
1080,5,candidate,664,1280,720,1920,1080,11.4821,12.3922,9.8519,1,1,0,0,0,0
1080,5,candidate,665,1280,720,1920,1080,11.519,12.5608,9.87853,1,1,0,0,0,0
1080,5,candidate,666,1280,720,1920,1080,11.4749,12.681,9.83552,1,1,0,0,0,0
1080,5,candidate,667,1280,720,1920,1080,11.4688,12.4541,9.8345,1,1,0,0,0,0
1080,5,candidate,668,1280,720,1920,1080,11.4821,12.6242,9.84474,1,1,0,0,0,0
1080,5,candidate,669,1280,720,1920,1080,11.4586,12.401,9.8304,1,1,0,0,0,0
1080,5,candidate,670,1280,720,1920,1080,11.4688,12.7105,9.8304,1,1,0,0,0,0
1080,5,candidate,671,1280,720,1920,1080,11.2865,12.3227,9.91539,1,1,0,0,0,0
1080,5,candidate,672,1280,720,1920,1080,11.4913,12.4695,9.86419,1,1,0,0,0,0
1080,5,candidate,673,1280,720,1920,1080,11.4381,12.3713,9.79866,1,1,0,0,0,0
1080,5,candidate,674,1280,720,1920,1080,11.4371,12.3705,9.81299,1,1,0,0,0,0
1080,5,candidate,675,1280,720,1920,1080,11.4074,12.4337,9.79046,1,1,0,0,0,0
1080,5,candidate,676,1280,720,1920,1080,11.4227,12.3893,9.78432,1,1,0,0,0,0
1080,5,candidate,677,1280,720,1920,1080,11.4217,12.3854,9.80275,1,1,0,0,0,0
1080,5,candidate,678,1280,720,1920,1080,11.4668,12.4528,9.8304,1,1,0,0,0,0
1080,5,candidate,679,1280,720,1920,1080,11.3295,12.3148,9.6983,1,1,0,0,0,0
1080,5,candidate,680,1280,720,1920,1080,11.2353,12.2379,9.61126,1,1,0,0,0,0
1080,5,candidate,681,1280,720,1920,1080,11.222,12.1445,9.59693,1,1,0,0,0,0
1080,5,candidate,682,1280,720,1920,1080,11.2466,12.5554,9.87341,1,1,0,0,0,0
1080,5,candidate,683,1280,720,1920,1080,11.2108,12.4533,9.84064,1,1,0,0,0,0
1080,5,candidate,684,1280,720,1920,1080,11.2957,12.3832,9.66451,1,1,0,0,0,0
1080,5,candidate,685,1280,720,1920,1080,11.2077,12.4489,9.83654,1,1,0,0,0,0
1080,5,candidate,686,1280,720,1920,1080,11.1739,12.3872,9.79866,1,1,0,0,0,0
1080,5,candidate,687,1280,720,1920,1080,11.2937,12.2451,9.92358,1,1,0,0,0,0
1080,5,candidate,688,1280,720,1920,1080,11.1544,12.3668,9.7833,1,1,0,0,0,0
1080,5,candidate,689,1280,720,1920,1080,11.263,12.7447,9.89184,1,1,0,0,0,0
1080,5,candidate,690,1280,720,1920,1080,11.3009,12.7029,9.92563,1,1,0,0,0,0
1080,5,candidate,691,1280,720,1920,1080,11.4391,12.4564,10.069,1,1,0,0,0,0
1080,5,candidate,692,1280,720,1920,1080,11.1688,12.3758,9.79661,1,1,0,0,0,0
1080,5,candidate,693,1280,720,1920,1080,11.2404,12.376,9.86829,1,1,0,0,0,0
1080,5,candidate,694,1280,720,1920,1080,11.2814,12.1901,9.91027,1,1,0,0,0,0
1080,5,candidate,695,1280,720,1920,1080,11.0858,12.3145,9.71571,1,1,0,0,0,0
1080,5,candidate,696,1280,720,1920,1080,11.5046,12.4987,10.1284,1,1,0,0,0,0
1080,5,candidate,697,1280,720,1920,1080,11.2138,12.4077,9.84064,1,1,0,0,0,0
1080,5,candidate,698,1280,720,1920,1080,11.4821,12.543,10.1007,1,1,0,0,0,0
1080,5,candidate,699,1280,720,1920,1080,11.0244,12.1486,9.6553,1,1,0,0,0,0
1080,5,candidate,700,1280,720,1920,1080,11.2681,12.3783,9.89389,1,1,0,0,0,0
1080,5,candidate,701,1280,720,1920,1080,11.5098,12.6253,10.1396,1,1,0,0,0,0
1080,5,candidate,702,1280,720,1920,1080,11.009,12.1635,9.63994,1,1,0,0,0,0
1080,5,candidate,703,1280,720,1920,1080,11.4391,12.3587,10.068,1,1,0,0,0,0
1080,5,candidate,704,1280,720,1920,1080,11.0858,12.1933,9.71264,1,1,0,0,0,0
1080,5,candidate,705,1280,720,1920,1080,11.3039,12.4615,9.93178,1,1,0,0,0,0
1080,5,candidate,706,1280,720,1920,1080,11.2046,12.2255,9.82835,1,1,0,0,0,0
1080,5,candidate,707,1280,720,1920,1080,11.2947,12.3312,9.68602,1,1,0,0,0,0
1080,5,candidate,708,1280,720,1920,1080,11.4043,12.3824,10.0311,1,1,0,0,0,0
1080,5,candidate,709,1280,720,1920,1080,11.4156,12.5107,10.0454,1,1,0,0,0,0
1080,5,candidate,710,1280,720,1920,1080,11.4401,12.5945,10.0659,1,1,0,0,0,0
1080,5,candidate,711,1280,720,1920,1080,11.2876,12.4568,9.67168,1,1,0,0,0,0
1080,5,candidate,712,1280,720,1920,1080,11.2323,12.275,9.85805,1,1,0,0,0,0
1080,5,candidate,713,1280,720,1920,1080,11.2538,12.3677,9.8816,1,1,0,0,0,0
1080,5,candidate,714,1280,720,1920,1080,9.88774,10.8425,8.51763,1,1,0,0,0,0
1080,5,candidate,715,1280,720,1920,1080,11.2302,12.217,9.85805,1,1,0,0,0,0
1080,5,candidate,716,1280,720,1920,1080,12.5276,13.5839,11.1473,1,1,0,0,0,0
1080,5,candidate,717,1280,720,1920,1080,11.2282,12.4061,9.81606,1,1,0,0,0,0
1080,5,candidate,718,1280,720,1920,1080,11.3848,12.5058,9.75258,1,1,0,0,0,0
1080,5,candidate,719,1280,720,1920,1080,11.2957,12.2337,9.9287,1,1,0,0,0,0
1080,5,candidate,720,1280,720,1920,1080,11.4309,12.3534,9.79354,1,1,0,0,0,0
1080,5,candidate,721,1280,720,1920,1080,11.264,12.2053,9.63482,1,1,0,0,0,0
1080,5,candidate,722,1280,720,1920,1080,11.2548,12.6246,9.88262,1,1,0,0,0,0
1080,5,candidate,723,1280,720,1920,1080,11.305,12.3747,9.75974,1,1,0,0,0,0
1080,5,candidate,724,1280,720,1920,1080,11.3029,12.3787,9.92461,1,1,0,0,0,0
1080,5,candidate,725,1280,720,1920,1080,11.2681,12.2478,9.6297,1,1,0,0,0,0
1080,5,candidate,726,1280,720,1920,1080,11.2998,12.2798,9.66246,1,1,0,0,0,0
1080,5,candidate,727,1280,720,1920,1080,11.2108,12.6525,9.83757,1,1,0,0,0,0
1080,5,candidate,728,1280,720,1920,1080,11.2589,12.2944,9.61126,1,1,0,0,0,0
1080,5,candidate,729,1280,720,1920,1080,11.5384,12.4602,9.89798,1,1,0,0,0,0
1080,5,candidate,730,1280,720,1920,1080,11.1852,12.4038,9.81094,1,1,0,0,0,0
1080,5,candidate,731,1280,720,1920,1080,11.1944,12.4354,9.82323,1,1,0,0,0,0
1080,5,candidate,732,1280,720,1920,1080,11.1503,12.624,9.77715,1,1,0,0,0,0
1080,5,candidate,733,1280,720,1920,1080,11.2148,12.3563,9.84576,1,1,0,0,0,0
1080,5,candidate,734,1280,720,1920,1080,11.3777,12.3597,10.0065,1,1,0,0,0,0
1080,5,candidate,735,1280,720,1920,1080,11.2282,12.5273,9.8601,1,1,0,0,0,0
1080,5,candidate,736,1280,720,1920,1080,11.3633,12.2801,9.73107,1,1,0,0,0,0
1080,5,candidate,737,1280,720,1920,1080,9.93997,10.9789,8.56986,1,1,0,0,0,0
1080,5,candidate,738,1280,720,1920,1080,10.5298,13.1188,9.1392,1,1,0,0,0,0
1080,5,candidate,739,1280,720,1920,1080,11.5968,12.5937,10.2236,1,1,0,0,0,0
1080,5,candidate,740,1280,720,1920,1080,10.0127,11.0948,8.64051,1,1,0,0,0,0
1080,5,candidate,741,1280,720,1920,1080,11.0449,12.2584,9.67373,1,1,0,0,0,0
1080,5,candidate,742,1280,720,1920,1080,12.5358,13.6713,11.1432,1,1,0,0,0,0
1080,5,candidate,743,1280,720,1920,1080,11.0029,12.1221,9.5959,1,1,0,0,0,0
1080,5,candidate,744,1280,720,1920,1080,10.9588,12.1825,9.58771,1,1,0,0,0,0
1080,5,candidate,745,1280,720,1920,1080,11.2579,12.3484,9.88672,1,1,0,0,0,0
1080,5,candidate,746,1280,720,1920,1080,11.5057,12.524,9.86317,1,1,0,0,0,0
1080,5,candidate,747,1280,720,1920,1080,11.4043,12.3272,10.0321,1,1,0,0,0,0
1080,5,candidate,748,1280,720,1920,1080,11.3951,12.4478,10.0198,1,1,0,0,0,0
1080,5,candidate,749,1280,720,1920,1080,11.4678,12.5379,10.0966,1,1,0,0,0,0
1080,5,candidate,750,1280,720,1920,1080,11.478,12.4068,10.1038,1,1,0,0,0,0
1080,5,candidate,751,1280,720,1920,1080,11.2722,12.3235,9.88877,1,1,0,0,0,0
1080,5,candidate,752,1280,720,1920,1080,11.2773,12.249,9.89901,1,1,0,0,0,0
1080,5,candidate,753,1280,720,1920,1080,11.479,12.5783,9.83347,1,1,0,0,0,0
1080,5,candidate,754,1280,720,1920,1080,11.1995,12.2213,9.82733,1,1,0,0,0,0
1080,5,candidate,755,1280,720,1920,1080,11.2835,12.3129,9.90925,1,1,0,0,0,0
1080,5,candidate,756,1280,720,1920,1080,11.4422,12.4789,9.7833,1,1,0,0,0,0
1080,5,candidate,757,1280,720,1920,1080,11.4698,12.5726,9.80275,1,1,0,0,0,0
1080,5,candidate,758,1280,720,1920,1080,11.3142,12.4412,9.68192,1,1,0,0,0,0
1080,5,candidate,759,1280,720,1920,1080,11.6234,12.5547,10.2513,1,1,0,0,0,0
1080,5,candidate,760,1280,720,1920,1080,11.5016,12.5711,9.81606,1,1,0,0,0,0
1080,5,candidate,761,1280,720,1920,1080,11.4975,12.6142,9.84883,1,1,0,0,0,0
1080,5,candidate,762,1280,720,1920,1080,11.4801,12.5109,9.82733,1,1,0,0,0,0
1080,5,candidate,763,1280,720,1920,1080,11.3121,12.41,9.94099,1,1,0,0,0,0
1080,5,candidate,764,1280,720,1920,1080,11.519,12.4961,9.84166,1,1,0,0,0,0
1080,5,candidate,765,1280,720,1920,1080,11.2722,12.4398,9.90106,1,1,0,0,0,0
1080,5,candidate,766,1280,720,1920,1080,11.2466,12.3127,9.87034,1,1,0,0,0,0
1080,5,candidate,767,1280,720,1920,1080,11.479,12.7377,9.83347,1,1,0,0,0,0
1080,5,candidate,768,1280,720,1920,1080,11.2159,12.4102,9.82733,1,1,0,0,0,0
1080,5,candidate,769,1280,720,1920,1080,11.6808,12.7605,10.3086,1,1,0,0,0,0
1080,5,candidate,770,1280,720,1920,1080,11.4432,12.4389,10.069,1,1,0,0,0,0
1080,5,candidate,771,1280,720,1920,1080,11.4719,12.6197,10.1018,1,1,0,0,0,0
1080,5,candidate,772,1280,720,1920,1080,11.4442,12.4596,10.069,1,1,0,0,0,0
1080,5,candidate,773,1280,720,1920,1080,11.4227,12.3524,10.0495,1,1,0,0,0,0
1080,5,candidate,774,1280,720,1920,1080,11.4248,12.3715,10.0485,1,1,0,0,0,0
1080,5,candidate,775,1280,720,1920,1080,11.2364,12.2386,9.86624,1,1,0,0,0,0
1080,5,candidate,776,1280,720,1920,1080,11.307,12.2808,9.93178,1,1,0,0,0,0
1080,5,candidate,777,1280,720,1920,1080,11.5261,12.4481,9.87034,1,1,0,0,0,0
1080,5,candidate,778,1280,720,1920,1080,11.4289,12.5976,9.79149,1,1,0,0,0,0
1080,5,candidate,779,1280,720,1920,1080,11.2804,12.2693,9.90925,1,1,0,0,0,0
1080,5,candidate,780,1280,720,1920,1080,11.9808,12.9928,10.3332,1,1,0,0,0,0
1080,5,candidate,781,1280,720,1920,1080,11.2763,12.2605,9.90515,1,1,0,0,0,0
1080,5,candidate,782,1280,720,1920,1080,11.3644,12.574,9.99014,1,1,0,0,0,0
1080,5,candidate,783,1280,720,1920,1080,12.0617,13.2186,10.4509,1,1,0,0,0,0
1080,5,candidate,784,1280,720,1920,1080,11.266,12.2489,9.88979,1,1,0,0,0,0
1080,5,candidate,785,1280,720,1920,1080,11.2753,12.2976,9.90106,1,1,0,0,0,0
1080,5,candidate,786,1280,720,1920,1080,11.178,12.1954,9.79968,1,1,0,0,0,0
1080,5,candidate,787,1280,720,1920,1080,11.5149,12.5721,10.1437,1,1,0,0,0,0
1080,5,candidate,788,1280,720,1920,1080,11.433,12.4265,10.0598,1,1,0,0,0,0
1080,5,candidate,789,1280,720,1920,1080,11.394,12.368,10.0229,1,1,0,0,0,0
1080,5,candidate,790,1280,720,1920,1080,11.4145,12.4862,10.0413,1,1,0,0,0,0
1080,5,candidate,791,1280,720,1920,1080,11.2722,12.1995,9.90106,1,1,0,0,0,0
1080,5,candidate,792,1280,720,1920,1080,11.5077,12.4839,9.86624,1,1,0,0,0,0
1080,5,candidate,793,1280,720,1920,1080,11.3213,12.4109,9.94918,1,1,0,0,0,0
1080,5,candidate,794,1280,720,1920,1080,11.4514,12.5274,9.82938,1,1,0,0,0,0
1080,5,candidate,795,1280,720,1920,1080,11.2425,12.287,9.86931,1,1,0,0,0,0
1080,5,candidate,796,1280,720,1920,1080,11.2763,12.2363,9.63789,1,1,0,0,0,0
1080,5,candidate,797,1280,720,1920,1080,11.2701,12.3825,9.65222,1,1,0,0,0,0
1080,5,candidate,798,1280,720,1920,1080,11.4852,12.4588,9.84064,1,1,0,0,0,0
1080,5,candidate,799,1280,720,1920,1080,11.4248,12.4708,9.8089,1,1,0,0,0,0
1080,5,candidate,800,1280,720,1920,1080,11.4319,12.4658,9.80685,1,1,0,0,0,0
1080,5,candidate,801,1280,720,1920,1080,11.3162,12.4087,9.68294,1,1,0,0,0,0
1080,5,candidate,802,1280,720,1920,1080,11.2814,12.2283,9.65018,1,1,0,0,0,0
1080,5,candidate,803,1280,720,1920,1080,11.9501,13.2753,10.5687,1,1,0,0,0,0
1080,5,candidate,804,1280,720,1920,1080,11.6644,12.6935,10.028,1,1,0,0,0,0
1080,5,candidate,805,1280,720,1920,1080,11.5169,12.5273,9.8816,1,1,0,0,0,0
1080,5,candidate,806,1280,720,1920,1080,9.74234,10.6678,8.3712,1,1,0,0,0,0
1080,5,candidate,807,1280,720,1920,1080,12.5061,13.5638,11.095,1,1,0,0,0,0
1080,5,candidate,808,1280,720,1920,1080,10.9988,12.1119,9.62458,1,1,0,0,0,0
1080,5,candidate,809,1280,720,1920,1080,11.3971,12.4078,9.78534,1,1,0,0,0,0
1080,5,candidate,810,1280,720,1920,1080,11.4186,13.1724,9.79456,1,1,0,0,0,0
1080,5,candidate,811,1280,720,1920,1080,11.4299,12.3981,9.80275,1,1,0,0,0,0
1080,5,candidate,812,1280,720,1920,1080,11.2527,12.3764,9.62765,1,1,0,0,0,0
1080,5,candidate,813,1280,720,1920,1080,11.3152,12.3087,9.6983,1,1,0,0,0,0
1080,5,candidate,814,1280,720,1920,1080,11.2579,12.3204,9.63482,1,1,0,0,0,0
1080,5,candidate,815,1280,720,1920,1080,11.2415,12.1613,9.62253,1,1,0,0,0,0
1080,5,candidate,816,1280,720,1920,1080,11.1882,12.5341,9.81402,1,1,0,0,0,0
1080,5,candidate,817,1280,720,1920,1080,11.1555,12.4317,9.78534,1,1,0,0,0,0
1080,5,candidate,818,1280,720,1920,1080,11.2036,12.5788,9.82938,1,1,0,0,0,0
1080,5,candidate,819,1280,720,1920,1080,11.7094,12.7806,10.0813,1,1,0,0,0,0
1080,5,candidate,820,1280,720,1920,1080,11.2927,12.2402,9.73926,1,1,0,0,0,0
1080,5,candidate,821,1280,720,1920,1080,11.2978,12.3903,9.92768,1,1,0,0,0,0
1080,5,candidate,822,1280,720,1920,1080,11.0049,12.2201,8.37222,1,1,0,0,0,0
1080,5,candidate,823,1280,720,1920,1080,10.9609,11.9588,9.59386,1,1,0,0,0,0
1080,5,candidate,824,1280,720,1920,1080,11.2845,12.2591,9.9113,1,1,0,0,0,0
1080,5,candidate,825,1280,720,1920,1080,11.308,12.2814,9.93792,1,1,0,0,0,0
1080,5,candidate,826,1280,720,1920,1080,10.9332,12.2024,9.55904,1,1,0,0,0,0
1080,5,candidate,827,1280,720,1920,1080,11.3715,12.3443,9.99731,1,1,0,0,0,0
1080,5,candidate,828,1280,720,1920,1080,11.0838,12.2144,9.70445,1,1,0,0,0,0
1080,5,candidate,829,1280,720,1920,1080,11.007,12.1196,9.61638,1,1,0,0,0,0
1080,5,candidate,830,1280,720,1920,1080,11.2783,12.2579,9.90208,1,1,0,0,0,0
1080,5,candidate,831,1280,720,1920,1080,11.349,12.3386,9.97581,1,1,0,0,0,0
1080,5,candidate,832,1280,720,1920,1080,11.3234,12.2791,9.94611,1,1,0,0,0,0
1080,5,candidate,833,1280,720,1920,1080,11.306,12.3524,9.93485,1,1,0,0,0,0
1080,5,candidate,834,1280,720,1920,1080,11.2189,12.167,9.84371,1,1,0,0,0,0
1080,5,candidate,835,1280,720,1920,1080,11.4248,12.4769,9.8048,1,1,0,0,0,0
1080,5,candidate,836,1280,720,1920,1080,11.5732,12.6552,9.93792,1,1,0,0,0,0
1080,5,candidate,837,1280,720,1920,1080,11.3009,12.2691,9.92768,1,1,0,0,0,0
1080,5,candidate,838,1280,720,1920,1080,11.2425,12.2038,9.87034,1,1,0,0,0,0
1080,5,candidate,839,1280,720,1920,1080,11.4289,12.3909,9.79149,1,1,0,0,0,0
1080,5,candidate,840,1280,720,1920,1080,11.4309,12.3974,9.80582,1,1,0,0,0,0
1080,5,candidate,841,1280,720,1920,1080,11.4371,12.4027,9.81094,1,1,0,0,0,0
1080,5,candidate,842,1280,720,1920,1080,11.2282,12.2556,9.61229,1,1,0,0,0,0
1080,5,candidate,843,1280,720,1920,1080,11.264,12.4184,9.62253,1,1,0,0,0,0
1080,5,candidate,844,1280,720,1920,1080,11.1729,12.4926,9.79968,1,1,0,0,0,0
1080,5,candidate,845,1280,720,1920,1080,11.1677,12.4651,9.79558,1,1,0,0,0,0
1080,5,candidate,846,1280,720,1920,1080,11.8835,12.9797,10.5032,1,1,0,0,0,0
1080,5,candidate,847,1280,720,1920,1080,11.478,12.4849,10.1038,1,1,0,0,0,0
1080,5,candidate,848,1280,720,1920,1080,11.561,12.5752,9.90822,1,1,0,0,0,0
1080,5,candidate,849,1280,720,1920,1080,11.5476,12.5101,9.86214,1,1,0,0,0,0
1080,5,candidate,850,1280,720,1920,1080,11.4237,12.4288,9.77408,1,1,0,0,0,0
1080,5,candidate,851,1280,720,1920,1080,11.2138,12.2836,9.56928,1,1,0,0,0,0
1080,5,candidate,852,1280,720,1920,1080,9.98912,11.017,8.61184,1,1,0,0,0,0
1080,5,candidate,853,1280,720,1920,1080,12.7324,13.8718,11.3265,1,1,0,0,0,0
1080,5,candidate,854,1280,720,1920,1080,11.2456,12.4397,9.86829,1,1,0,0,0,0
1080,5,candidate,855,1280,720,1920,1080,10.8442,11.8826,9.47302,1,1,0,0,0,0
1080,5,candidate,856,1280,720,1920,1080,11.2968,12.3467,9.63072,1,1,0,0,0,0
1080,5,candidate,857,1280,720,1920,1080,11.1534,12.4528,9.78022,1,1,0,0,0,0
1080,5,candidate,858,1280,720,1920,1080,11.2906,12.5256,9.91334,1,1,0,0,0,0
1080,5,candidate,859,1280,720,1920,1080,11.1718,12.3894,9.79968,1,1,0,0,0,0
1080,5,candidate,860,1280,720,1920,1080,11.1759,12.6411,9.79968,1,1,0,0,0,0
1080,5,candidate,861,1280,720,1920,1080,11.1524,12.5013,9.78125,1,1,0,0,0,0
1080,5,candidate,862,1280,720,1920,1080,11.1811,12.5691,9.80582,1,1,0,0,0,0
1080,5,candidate,863,1280,720,1920,1080,11.2988,12.3649,9.6553,1,1,0,0,0,0
1080,5,candidate,864,1280,720,1920,1080,11.3388,12.2976,9.65837,1,1,0,0,0,0
1080,5,candidate,865,1280,720,1920,1080,11.521,12.4731,9.84166,1,1,0,0,0,0
1080,5,candidate,866,1280,720,1920,1080,11.2456,12.5119,9.87136,1,1,0,0,0,0
1080,5,candidate,867,1280,720,1920,1080,11.564,12.6476,9.89696,1,1,0,0,0,0
1080,5,candidate,868,1280,720,1920,1080,11.3244,12.2519,9.64813,1,1,0,0,0,0
1080,5,candidate,869,1280,720,1920,1080,11.2292,12.4964,9.85702,1,1,0,0,0,0
1080,5,candidate,870,1280,720,1920,1080,11.1534,12.7288,9.7792,1,1,0,0,0,0
1080,5,candidate,871,1280,720,1920,1080,11.1411,12.6088,9.76794,1,1,0,0,0,0
1080,5,candidate,872,1280,720,1920,1080,11.0735,12.1704,9.69626,1,1,0,0,0,0
1080,5,candidate,873,1280,720,1920,1080,11.1411,12.4332,9.76998,1,1,0,0,0,0
1080,5,candidate,874,1280,720,1920,1080,11.1811,12.135,9.62253,1,1,0,0,0,0
1080,5,candidate,875,1280,720,1920,1080,11.2763,12.2634,9.90208,1,1,0,0,0,0
1080,5,candidate,876,1280,720,1920,1080,11.3213,12.2496,9.67987,1,1,0,0,0,0
1080,5,candidate,877,1280,720,1920,1080,11.0592,12.3286,9.68397,1,1,0,0,0,0
1080,5,candidate,878,1280,720,1920,1080,11.0131,12.2065,9.63891,1,1,0,0,0,0
1080,5,candidate,879,1280,720,1920,1080,11.0971,12.3053,9.728,1,1,0,0,0,0
1080,5,candidate,880,1280,720,1920,1080,11.2701,12.2577,9.89286,1,1,0,0,0,0
1080,5,candidate,881,1280,720,1920,1080,11.2128,12.209,9.83962,1,1,0,0,0,0
1080,5,candidate,882,1280,720,1920,1080,11.8753,12.8133,10.4847,1,1,0,0,0,0
1080,5,candidate,883,1280,720,1920,1080,10.9292,12.1977,9.55904,1,1,0,0,0,0
1080,5,candidate,884,1280,720,1920,1080,11.348,12.3064,9.97069,1,1,0,0,0,0
1080,5,candidate,885,1280,720,1920,1080,11.2384,12.2499,9.86522,1,1,0,0,0,0
1080,5,candidate,886,1280,720,1920,1080,11.3971,12.3032,10.0219,1,1,0,0,0,0
1080,5,candidate,887,1280,720,1920,1080,11.3152,12.2754,9.94202,1,1,0,0,0,0
1080,5,candidate,888,1280,720,1920,1080,11.4647,12.5474,10.0874,1,1,0,0,0,0
1080,5,candidate,889,1280,720,1920,1080,11.4115,12.4905,10.0393,1,1,0,0,0,0
1080,5,candidate,890,1280,720,1920,1080,11.2978,12.4696,9.92358,1,1,0,0,0,0
1080,5,candidate,891,1280,720,1920,1080,11.5087,12.5304,10.1366,1,1,0,0,0,0
1080,5,candidate,892,1280,720,1920,1080,11.2988,12.2001,9.92358,1,1,0,0,0,0
1080,5,candidate,893,1280,720,1920,1080,11.2425,12.2297,9.87034,1,1,0,0,0,0
1080,5,candidate,894,1280,720,1920,1080,11.4463,12.5217,9.81197,1,1,0,0,0,0
1080,5,candidate,895,1280,720,1920,1080,11.2415,12.1693,9.86931,1,1,0,0,0,0
1080,5,candidate,896,1280,720,1920,1080,11.4555,12.4575,9.81504,1,1,0,0,0,0
1080,5,candidate,897,1280,720,1920,1080,11.4125,12.4565,9.77306,1,1,0,0,0,0
1080,5,candidate,898,1280,720,1920,1080,11.2517,12.2502,9.61331,1,1,0,0,0,0
1080,5,candidate,899,1280,720,1920,1080,11.3285,12.3649,9.69421,1,1,0,0,0,0
1080,5,candidate,900,1280,720,1920,1080,11.3418,12.3839,9.69011,1,1,0,0,0,0
1080,5,candidate,901,1280,720,1920,1080,11.2374,12.2954,9.6041,1,1,0,0,0,0
1080,5,candidate,902,1280,720,1920,1080,11.2957,12.3323,9.65939,1,1,0,0,0,0
1080,5,candidate,903,1280,720,1920,1080,11.2763,12.538,9.90106,1,1,0,0,0,0
1080,5,candidate,904,1280,720,1920,1080,11.1882,12.2638,9.61229,1,1,0,0,0,0
1080,5,candidate,905,1280,720,1920,1080,11.5528,12.4593,10.1806,1,1,0,0,0,0
1080,5,candidate,906,1280,720,1920,1080,11.1534,12.3821,9.7792,1,1,0,0,0,0
1080,5,candidate,907,1280,720,1920,1080,11.2568,12.5266,9.8857,1,1,0,0,0,0
1080,5,candidate,908,1280,720,1920,1080,11.1247,13.0042,9.75053,1,1,0,0,0,0
1080,5,candidate,909,1280,720,1920,1080,9.90003,10.9095,8.53197,1,1,0,0,0,0
1080,5,candidate,910,1280,720,1920,1080,11.4831,13.5061,10.0792,1,1,0,0,0,0
1080,5,candidate,911,1280,720,1920,1080,11.2087,12.4039,9.8345,1,1,0,0,0,0
1080,5,candidate,912,1280,720,1920,1080,11.265,12.446,9.89082,1,1,0,0,0,0
1080,5,candidate,913,1280,720,1920,1080,11.3183,12.2483,9.94509,1,1,0,0,0,0
1080,5,candidate,914,1280,720,1920,1080,10.9117,12.018,9.53754,1,1,0,0,0,0
1080,5,candidate,915,1280,720,1920,1080,11.4831,12.557,9.76282,1,1,0,0,0,0
1080,5,candidate,916,1280,720,1920,1080,11.3009,12.2284,9.73517,1,1,0,0,0,0
1080,5,candidate,917,1280,720,1920,1080,11.4483,12.5741,10.0751,1,1,0,0,0,0
1080,5,candidate,918,1280,720,1920,1080,11.0828,12.4621,9.7065,1,1,0,0,0,0
1080,5,candidate,919,1280,720,1920,1080,11.0664,12.4036,9.69421,1,1,0,0,0,0
1080,5,candidate,920,1280,720,1920,1080,11.1278,12.4047,9.7536,1,1,0,0,0,0
1080,5,candidate,921,1280,720,1920,1080,11.5548,12.5347,9.92973,1,1,0,0,0,0
1080,5,candidate,922,1280,720,1920,1080,11.1841,12.3595,9.80787,1,1,0,0,0,0
1080,5,candidate,923,1280,720,1920,1080,11.6009,12.5463,9.97581,1,1,0,0,0,0
1080,5,candidate,924,1280,720,1920,1080,11.2415,12.37,9.85088,1,1,0,0,0,0
1080,5,candidate,925,1280,720,1920,1080,12.117,13.1018,10.7233,1,1,0,0,0,0
1080,5,candidate,926,1280,720,1920,1080,11.2466,12.2739,9.87238,1,1,0,0,0,0
1080,5,candidate,927,1280,720,1920,1080,10.9527,12.1624,9.58054,1,1,0,0,0,0
1080,5,candidate,928,1280,720,1920,1080,11.3111,12.1941,9.93485,1,1,0,0,0,0
1080,5,candidate,929,1280,720,1920,1080,11.2497,12.2071,9.87648,1,1,0,0,0,0
1080,5,candidate,930,1280,720,1920,1080,11.3132,12.3482,9.93792,1,1,0,0,0,0
1080,5,candidate,931,1280,720,1920,1080,11.0182,12.166,9.64506,1,1,0,0,0,0
1080,5,candidate,932,1280,720,1920,1080,11.4575,12.389,10.0792,1,1,0,0,0,0
1080,5,candidate,933,1280,720,1920,1080,11.2312,12.2253,9.85702,1,1,0,0,0,0
1080,5,candidate,934,1280,720,1920,1080,11.4545,12.4568,10.0772,1,1,0,0,0,0
1080,5,candidate,935,1280,720,1920,1080,11.4442,12.508,10.071,1,1,0,0,0,0
1080,5,candidate,936,1280,720,1920,1080,11.433,12.4746,10.0526,1,1,0,0,0,0
1080,5,candidate,937,1280,720,1920,1080,11.4606,12.5673,10.0854,1,1,0,0,0,0
1080,5,candidate,938,1280,720,1920,1080,11.5036,12.5546,10.1274,1,1,0,0,0,0
1080,5,candidate,939,1280,720,1920,1080,11.2507,12.2865,9.87648,1,1,0,0,0,0
1080,5,candidate,940,1280,720,1920,1080,12.0187,13.1406,10.6424,1,1,0,0,0,0
1080,5,candidate,941,1280,720,1920,1080,11.4002,12.4473,10.027,1,1,0,0,0,0
1080,5,candidate,942,1280,720,1920,1080,11.2876,12.3793,9.90822,1,1,0,0,0,0
1080,5,candidate,943,1280,720,1920,1080,11.2179,12.3395,9.84474,1,1,0,0,0,0
1080,5,candidate,944,1280,720,1920,1080,11.2876,12.3569,9.90515,1,1,0,0,0,0
1080,5,candidate,945,1280,720,1920,1080,11.3347,12.4538,9.9543,1,1,0,0,0,0
1080,5,candidate,946,1280,720,1920,1080,11.2906,12.2831,9.9113,1,1,0,0,0,0
1080,5,candidate,947,1280,720,1920,1080,11.2507,12.2802,9.8775,1,1,0,0,0,0
1080,5,candidate,948,1280,720,1920,1080,11.4022,12.4516,10.0219,1,1,0,0,0,0
1080,5,candidate,949,1280,720,1920,1080,11.5487,12.6879,10.1734,1,1,0,0,0,0
1080,5,candidate,950,1280,720,1920,1080,11.4309,12.6404,10.0444,1,1,0,0,0,0
1080,5,candidate,951,1280,720,1920,1080,11.4606,12.5029,10.0854,1,1,0,0,0,0
1080,5,candidate,952,1280,720,1920,1080,11.307,12.3563,9.9287,1,1,0,0,0,0
1080,5,candidate,953,1280,720,1920,1080,11.4811,12.449,10.1079,1,1,0,0,0,0
1080,5,candidate,954,1280,720,1920,1080,11.6244,12.6232,10.2277,1,1,0,0,0,0
1080,5,candidate,955,1280,720,1920,1080,11.0469,12.2568,9.64813,1,1,0,0,0,0
1080,5,candidate,956,1280,720,1920,1080,11.5333,12.628,10.1571,1,1,0,0,0,0
1080,5,candidate,957,1280,720,1920,1080,12.2327,13.1677,10.5574,1,1,0,0,0,0
1080,5,candidate,958,1280,720,1920,1080,11.2886,12.3048,9.9072,1,1,0,0,0,0
1080,5,candidate,959,1280,720,1920,1080,10.965,12.0983,9.55187,1,1,0,0,0,0
1080,5,candidate,960,1280,720,1920,1080,11.137,12.4233,9.74746,1,1,0,0,0,0
1080,5,candidate,961,1280,720,1920,1080,11.3623,12.3978,9.99014,1,1,0,0,0,0
1080,5,candidate,962,1280,720,1920,1080,9.91232,10.8772,8.53811,1,1,0,0,0,0
1080,5,candidate,963,1280,720,1920,1080,9.28154,12.026,7.90528,1,1,0,0,0,0
1080,5,candidate,964,1280,720,1920,1080,11.1811,12.3217,9.80685,1,1,0,0,0,0
1080,5,candidate,965,1280,720,1920,1080,11.3654,12.4322,9.97888,1,1,0,0,0,0
1080,5,candidate,966,1280,720,1920,1080,11.3746,12.5237,9.99117,1,1,0,0,0,0
1080,5,candidate,967,1280,720,1920,1080,11.1708,12.2108,9.79661,1,1,0,0,0,0
1080,5,candidate,968,1280,720,1920,1080,11.2712,12.2149,9.89184,1,1,0,0,0,0
1080,5,candidate,969,1280,720,1920,1080,11.2589,12.4045,9.88365,1,1,0,0,0,0
1080,5,candidate,970,1280,720,1920,1080,11.2701,12.3951,9.89184,1,1,0,0,0,0
1080,5,candidate,971,1280,720,1920,1080,11.4309,12.4201,10.0342,1,1,0,0,0,0
1080,5,candidate,972,1280,720,1920,1080,11.5466,12.5766,10.1601,1,1,0,0,0,0
1080,5,candidate,973,1280,720,1920,1080,11.3224,12.3532,9.94816,1,1,0,0,0,0
1080,5,candidate,974,1280,720,1920,1080,11.1421,12.4075,9.76486,1,1,0,0,0,0
1080,5,candidate,975,1280,720,1920,1080,12.2173,13.2984,10.5687,1,1,0,0,0,0
1080,5,candidate,976,1280,720,1920,1080,11.391,12.5034,10.0137,1,1,0,0,0,0
1080,5,candidate,977,1280,720,1920,1080,11.2753,12.4318,9.89696,1,1,0,0,0,0
1080,5,candidate,978,1280,720,1920,1080,11.2128,12.2784,9.8345,1,1,0,0,0,0
1080,5,candidate,979,1280,720,1920,1080,11.2753,12.2193,9.90106,1,1,0,0,0,0
1080,5,candidate,980,1280,720,1920,1080,11.0469,12.3857,9.66861,1,1,0,0,0,0
1080,5,candidate,981,1280,720,1920,1080,11.3326,12.415,9.95226,1,1,0,0,0,0
1080,5,candidate,982,1280,720,1920,1080,11.3244,12.5744,9.94202,1,1,0,0,0,0
1080,5,candidate,983,1280,720,1920,1080,11.3654,12.3932,9.99219,1,1,0,0,0,0
1080,5,candidate,984,1280,720,1920,1080,11.2671,12.2894,9.88877,1,1,0,0,0,0
1080,5,candidate,985,1280,720,1920,1080,11.2998,12.2416,9.92563,1,1,0,0,0,0
1080,5,candidate,986,1280,720,1920,1080,11.1186,12.3403,9.73926,1,1,0,0,0,0
1080,5,candidate,987,1280,720,1920,1080,11.4401,12.4076,10.0659,1,1,0,0,0,0
1080,5,candidate,988,1280,720,1920,1080,11.2374,12.3365,9.85805,1,1,0,0,0,0
1080,5,candidate,989,1280,720,1920,1080,11.3234,12.275,9.69728,1,1,0,0,0,0
1080,5,candidate,990,1280,720,1920,1080,11.1073,12.21,9.72288,1,1,0,0,0,0
1080,5,candidate,991,1280,720,1920,1080,11.5302,12.5284,10.1468,1,1,0,0,0,0
1080,5,candidate,992,1280,720,1920,1080,11.2998,12.2438,9.92154,1,1,0,0,0,0
1080,5,candidate,993,1280,720,1920,1080,11.5067,12.4592,10.1325,1,1,0,0,0,0
1080,5,candidate,994,1280,720,1920,1080,11.3551,12.3844,9.97581,1,1,0,0,0,0
1080,5,candidate,995,1280,720,1920,1080,11.2681,12.2637,9.89696,1,1,0,0,0,0
1080,5,candidate,996,1280,720,1920,1080,11.5046,12.5189,10.1263,1,1,0,0,0,0
1080,5,candidate,997,1280,720,1920,1080,11.4811,12.5183,10.1069,1,1,0,0,0,0
1080,5,candidate,998,1280,720,1920,1080,11.4463,12.5327,10.0669,1,1,0,0,0,0
1080,5,candidate,999,1280,720,1920,1080,11.4586,12.4446,10.0854,1,1,0,0,0,0
1080,5,candidate,1000,1280,720,1920,1080,11.4115,12.4312,10.0342,1,1,0,0,0,0
1080,5,candidate,1001,1280,720,1920,1080,11.4575,12.4018,10.0864,1,1,0,0,0,0
1080,5,candidate,1002,1280,720,1920,1080,11.2988,12.2072,9.92154,1,1,0,0,0,0
1080,5,candidate,1003,1280,720,1920,1080,11.3541,12.33,9.9799,1,1,0,0,0,0
1080,5,candidate,1004,1280,720,1920,1080,11.2579,12.3959,9.87648,1,1,0,0,0,0
1080,5,candidate,1005,1280,720,1920,1080,9.91437,10.8366,8.54528,1,1,0,0,0,0
1080,5,candidate,1006,1280,720,1920,1080,9.41773,10.4397,8.04352,1,1,0,0,0,0
1080,5,candidate,1007,1280,720,1920,1080,11.2865,12.204,9.89798,1,1,0,0,0,0
1080,5,candidate,1008,1280,720,1920,1080,11.5763,12.599,10.1868,1,1,0,0,0,0
1080,5,candidate,1009,1280,720,1920,1080,11.562,12.5758,10.1796,1,1,0,0,0,0
1080,5,candidate,1010,1280,720,1920,1080,11.306,12.3652,9.92461,1,1,0,0,0,0
1080,5,candidate,1011,1280,720,1920,1080,11.4483,12.4699,9.69318,1,1,0,0,0,0
1080,5,candidate,1012,1280,720,1920,1080,11.305,12.3937,9.92666,1,1,0,0,0,0
1080,5,candidate,1013,1280,720,1920,1080,11.2876,12.3632,9.9113,1,1,0,0,0,0
1080,5,candidate,1014,1280,720,1920,1080,11.2712,12.1925,9.89389,1,1,0,0,0,0
1080,5,candidate,1015,1280,720,1920,1080,11.4545,12.3824,9.83347,1,1,0,0,0,0
1080,5,candidate,1016,1280,720,1920,1080,11.4749,12.4335,9.84883,1,1,0,0,0,0
1080,5,candidate,1017,1280,720,1920,1080,11.4299,12.4095,9.80378,1,1,0,0,0,0
1080,5,candidate,1018,1280,720,1920,1080,11.5139,12.5514,9.88262,1,1,0,0,0,0
1080,5,candidate,1019,1280,720,1920,1080,11.4616,12.4443,9.83859,1,1,0,0,0,0
1080,5,candidate,1020,1280,720,1920,1080,11.4606,12.482,9.83245,1,1,0,0,0,0
1080,5,candidate,1021,1280,720,1920,1080,11.4452,12.4909,9.82323,1,1,0,0,0,0
1080,5,candidate,1022,1280,720,1920,1080,11.3756,12.3257,9.82323,1,1,0,0,0,0
1080,5,candidate,1023,1280,720,1920,1080,11.1227,12.2963,9.7495,1,1,0,0,0,0
1080,5,candidate,1024,1280,720,1920,1080,11.0285,12.1165,8.37018,1,1,0,0,0,0
1080,5,candidate,1025,1280,720,1920,1080,11.1882,12.1759,9.80992,1,1,0,0,0,0
1080,5,candidate,1026,1280,720,1920,1080,11.4657,12.4775,10.0874,1,1,0,0,0,0
1080,5,candidate,1027,1280,720,1920,1080,11.2691,12.6539,9.89491,1,1,0,0,0,0
1080,5,candidate,1028,1280,720,1920,1080,11.1432,12.1697,9.58669,1,1,0,0,0,0
1080,5,candidate,1029,1280,720,1920,1080,11.4412,12.4229,10.0659,1,1,0,0,0,0
1080,5,candidate,1030,1280,720,1920,1080,11.1944,12.4269,9.81504,1,1,0,0,0,0
1080,5,candidate,1031,1280,720,1920,1080,11.0572,12.3623,9.68602,1,1,0,0,0,0
1080,5,candidate,1032,1280,720,1920,1080,11.3439,12.4282,9.70445,1,1,0,0,0,0
1080,5,candidate,1033,1280,720,1920,1080,11.2486,12.6455,9.87546,1,1,0,0,0,0
1080,5,candidate,1034,1280,720,1920,1080,11.2742,12.5246,9.89594,1,1,0,0,0,0
1080,5,candidate,1035,1280,720,1920,1080,11.2916,12.609,9.91334,1,1,0,0,0,0
1080,5,candidate,1036,1280,720,1920,1080,11.2876,12.737,9.90618,1,1,0,0,0,0
1080,5,candidate,1037,1280,720,1920,1080,11.262,12.3832,9.88774,1,1,0,0,0,0
1080,5,candidate,1038,1280,720,1920,1080,11.4145,12.395,10.0362,1,1,0,0,0,0
1080,5,candidate,1039,1280,720,1920,1080,11.1811,12.4978,9.80787,1,1,0,0,0,0
1080,5,candidate,1040,1280,720,1920,1080,11.4606,12.4964,10.0813,1,1,0,0,0,0
1080,5,candidate,1041,1280,720,1920,1080,11.2486,12.496,9.87546,1,1,0,0,0,0
1080,5,candidate,1042,1280,720,1920,1080,11.3254,12.545,9.67066,1,1,0,0,0,0
1080,5,candidate,1043,1280,720,1920,1080,11.2497,12.5355,9.87341,1,1,0,0,0,0
1080,5,candidate,1044,1280,720,1920,1080,11.2957,12.667,9.91949,1,1,0,0,0,0
1080,5,candidate,1045,1280,720,1920,1080,10.9804,12.1617,9.60614,1,1,0,0,0,0
1080,5,candidate,1046,1280,720,1920,1080,11.1626,12.5815,9.78637,1,1,0,0,0,0
1080,5,candidate,1047,1280,720,1920,1080,11.307,12.2748,9.7577,1,1,0,0,0,0
1080,5,candidate,1048,1280,720,1920,1080,11.049,12.1564,9.66861,1,1,0,0,0,0
1080,5,candidate,1049,1280,720,1920,1080,11.01,12.1888,9.63277,1,1,0,0,0,0
1080,5,candidate,1050,1280,720,1920,1080,11.007,12.2377,9.6297,1,1,0,0,0,0
1080,5,candidate,1051,1280,720,1920,1080,11.5917,12.5381,10.2052,1,1,0,0,0,0
1080,5,candidate,1052,1280,720,1920,1080,11.0131,12.3186,9.63482,1,1,0,0,0,0
1080,5,candidate,1053,1280,720,1920,1080,11.134,12.5387,9.75974,1,1,0,0,0,0
1080,5,candidate,1054,1280,720,1920,1080,11.1206,12.4598,9.74131,1,1,0,0,0,0
1080,5,candidate,1055,1280,720,1920,1080,11.2486,12.4535,9.87648,1,1,0,0,0,0
1080,5,candidate,1056,1280,720,1920,1080,11.306,12.2811,9.92358,1,1,0,0,0,0
1080,5,candidate,1057,1280,720,1920,1080,11.2886,12.2473,9.90822,1,1,0,0,0,0
1080,5,candidate,1058,1280,720,1920,1080,11.2466,12.4478,9.86726,1,1,0,0,0,0
1080,5,candidate,1059,1280,720,1920,1080,11.4545,12.5427,10.0813,1,1,0,0,0,0
1080,5,candidate,1060,1280,720,1920,1080,11.5436,12.6336,10.1622,1,1,0,0,0,0
1080,5,candidate,1061,1280,720,1920,1080,11.1247,12.158,9.75053,1,1,0,0,0,0
1080,5,candidate,1062,1280,720,1920,1080,11.307,12.2465,9.74848,1,1,0,0,0,0
1080,5,candidate,1063,1280,720,1920,1080,11.2579,12.2435,9.88672,1,1,0,0,0,0
1080,5,candidate,1064,1280,720,1920,1080,11.266,12.2983,9.88365,1,1,0,0,0,0
1080,5,candidate,1065,1280,720,1920,1080,11.2998,12.2988,9.92666,1,1,0,0,0,0
1080,5,candidate,1066,1280,720,1920,1080,11.4821,12.5424,10.1007,1,1,0,0,0,0
1080,5,candidate,1067,1280,720,1920,1080,11.3551,12.5029,9.98093,1,1,0,0,0,0
1080,5,candidate,1068,1280,720,1920,1080,11.5579,12.6486,10.0137,1,1,0,0,0,0
1080,5,candidate,1069,1280,720,1920,1080,11.22,12.2347,9.84166,1,1,0,0,0,0
1080,5,candidate,1070,1280,720,1920,1080,11.2067,12.2256,9.8263,1,1,0,0,0,0
1080,5,candidate,1071,1280,720,1920,1080,11.9675,12.8904,10.3506,1,1,0,0,0,0
1080,5,candidate,1072,1280,720,1920,1080,11.2343,12.2298,9.85702,1,1,0,0,0,0
1080,5,candidate,1073,1280,720,1920,1080,11.4668,12.3809,10.0895,1,1,0,0,0,0
1080,5,candidate,1074,1280,720,1920,1080,11.4565,12.4428,10.0751,1,1,0,0,0,0
1080,5,candidate,1075,1280,720,1920,1080,11.3234,12.2452,9.94918,1,1,0,0,0,0
1080,5,candidate,1076,1280,720,1920,1080,11.3244,12.3748,9.94099,1,1,0,0,0,0
1080,5,candidate,1077,1280,720,1920,1080,11.3203,12.3313,9.94714,1,1,0,0,0,0
1080,5,candidate,1078,1280,720,1920,1080,11.5098,12.5237,9.87341,1,1,0,0,0,0
1080,5,candidate,1079,1280,720,1920,1080,11.4688,12.4427,9.83962,1,1,0,0,0,0
1080,5,candidate,1080,1280,720,1920,1080,11.2824,12.4707,9.90208,1,1,0,0,0,0
1080,5,candidate,1081,1280,720,1920,1080,11.4801,12.4043,9.85293,1,1,0,0,0,0
1080,5,candidate,1082,1280,720,1920,1080,11.305,12.3299,9.92256,1,1,0,0,0,0
1080,5,candidate,1083,1280,720,1920,1080,11.1923,12.2863,9.81504,1,1,0,0,0,0
1080,5,candidate,1084,1280,720,1920,1080,11.0449,12.2325,9.66554,1,1,0,0,0,0
1080,5,candidate,1085,1280,720,1920,1080,11.2517,12.1503,9.61229,1,1,0,0,0,0
1080,5,candidate,1086,1280,720,1920,1080,11.2568,12.3398,9.61331,1,1,0,0,0,0
1080,5,candidate,1087,1280,720,1920,1080,11.3377,12.3278,9.67373,1,1,0,0,0,0
1080,5,candidate,1088,1280,720,1920,1080,11.2896,12.7146,9.91027,1,1,0,0,0,0
1080,5,candidate,1089,1280,720,1920,1080,11.1821,12.2059,9.6297,1,1,0,0,0,0
1080,5,candidate,1090,1280,720,1920,1080,11.3521,12.6266,9.97171,1,1,0,0,0,0
1080,5,candidate,1091,1280,720,1920,1080,11.1831,12.3893,9.8089,1,1,0,0,0,0
1080,5,candidate,1092,1280,720,1920,1080,11.2466,12.6328,9.86624,1,1,0,0,0,0
1080,5,candidate,1093,1280,720,1920,1080,11.3162,12.3623,9.66861,1,1,0,0,0,0
1080,5,candidate,1094,1280,720,1920,1080,11.2404,12.5699,9.8601,1,1,0,0,0,0
1080,5,candidate,1095,1280,720,1920,1080,11.2855,12.5627,9.9113,1,1,0,0,0,0
1080,5,candidate,1096,1280,720,1920,1080,11.3797,12.4475,9.99629,1,1,0,0,0,0
1080,5,candidate,1097,1280,720,1920,1080,11.2804,12.5153,9.90413,1,1,0,0,0,0
1080,5,candidate,1098,1280,720,1920,1080,11.2538,12.2118,9.68397,1,1,0,0,0,0
1080,5,candidate,1099,1280,720,1920,1080,11.4893,12.6824,10.111,1,1,0,0,0,0
1080,5,candidate,1100,1280,720,1920,1080,11.262,12.5449,9.88058,1,1,0,0,0,0
1080,5,candidate,1101,1280,720,1920,1080,9.7321,10.7349,8.35686,1,1,0,0,0,0
1080,5,candidate,1102,1280,720,1920,1080,9.3952,10.3082,8.01997,1,1,0,0,0,0
1080,5,candidate,1103,1280,720,1920,1080,9.43411,10.3677,8.06195,1,1,0,0,0,0
1080,5,candidate,1104,1280,720,1920,1080,9.36755,10.3735,7.99027,1,1,0,0,0,0
1080,5,candidate,1105,1280,720,1920,1080,17.9067,19.1168,8.03226,1,1,0,0,0,0
1080,5,candidate,1106,1280,720,1920,1080,11.3725,12.6757,9.9799,1,1,0,0,0,0
1080,5,candidate,1107,1280,720,1920,1080,11.3254,12.7054,9.94509,1,1,0,0,0,0
1080,5,candidate,1108,1280,720,1920,1080,11.5046,12.5434,10.1192,1,1,0,0,0,0
1080,5,candidate,1109,1280,720,1920,1080,11.2261,12.4182,9.84781,1,1,0,0,0,0
1080,5,candidate,1110,1280,720,1920,1080,11.2722,12.2083,9.89082,1,1,0,0,0,0
1080,5,candidate,1111,1280,720,1920,1080,9.69421,10.7652,8.32,1,1,0,0,0,0
1080,5,candidate,1112,1280,720,1920,1080,11.1473,12.2504,9.34502,1,1,0,0,0,0
1080,5,candidate,1113,1280,720,1920,1080,11.3715,12.3659,9.98502,1,1,0,0,0,0
1080,5,candidate,1114,1280,720,1920,1080,11.3275,12.2749,9.94611,1,1,0,0,0,0
1080,5,candidate,1115,1280,720,1920,1080,11.4852,12.4474,9.8345,1,1,0,0,0,0
1080,5,candidate,1116,1280,720,1920,1080,12.1139,13.1477,10.7254,1,1,0,0,0,0
1080,5,candidate,1117,1280,720,1920,1080,11.2712,12.2856,9.89389,1,1,0,0,0,0
1080,5,candidate,1118,1280,720,1920,1080,11.5108,12.4791,9.85395,1,1,0,0,0,0
1080,5,candidate,1119,1280,720,1920,1080,11.3469,12.3523,9.96762,1,1,0,0,0,0
1080,5,candidate,1120,1280,720,1920,1080,11.5005,12.5449,9.84269,1,1,0,0,0,0
1080,5,candidate,1121,1280,720,1920,1080,11.4985,12.4593,9.8519,1,1,0,0,0,0
1080,5,candidate,1122,1280,720,1920,1080,11.349,12.3356,9.96762,1,1,0,0,0,0
1080,5,candidate,1123,1280,720,1920,1080,11.5077,12.5314,9.86829,1,1,0,0,0,0
1080,5,candidate,1124,1280,720,1920,1080,11.4299,12.5118,9.78842,1,1,0,0,0,0
1080,5,candidate,1125,1280,720,1920,1080,11.4084,12.5497,9.77715,1,1,0,0,0,0
1080,5,candidate,1126,1280,720,1920,1080,11.3654,12.5403,9.98298,1,1,0,0,0,0
1080,5,candidate,1127,1280,720,1920,1080,11.307,12.3396,9.93075,1,1,0,0,0,0
1080,5,candidate,1128,1280,720,1920,1080,11.3213,12.3464,9.93997,1,1,0,0,0,0
1080,5,candidate,1129,1280,720,1920,1080,11.562,12.7287,9.92563,1,1,0,0,0,0
1080,5,candidate,1130,1280,720,1920,1080,11.3357,12.4063,9.95328,1,1,0,0,0,0
1080,5,candidate,1131,1280,720,1920,1080,11.2968,12.5246,9.92051,1,1,0,0,0,0
1080,5,candidate,1132,1280,720,1920,1080,11.3213,12.3957,9.93997,1,1,0,0,0,0
1080,5,candidate,1133,1280,720,1920,1080,11.4504,12.5288,9.80992,1,1,0,0,0,0
1080,5,candidate,1134,1280,720,1920,1080,11.349,12.4109,9.97069,1,1,0,0,0,0
1080,5,candidate,1135,1280,720,1920,1080,11.2753,12.2702,9.89798,1,1,0,0,0,0
1080,5,candidate,1136,1280,720,1920,1080,11.5558,12.5823,9.82118,1,1,0,0,0,0
1080,5,candidate,1137,1280,720,1920,1080,11.2558,12.2364,9.87955,1,1,0,0,0,0
1080,5,candidate,1138,1280,720,1920,1080,11.4688,12.4256,9.82426,1,1,0,0,0,0
1080,5,candidate,1139,1280,720,1920,1080,11.4872,12.6166,9.85088,1,1,0,0,0,0
1080,5,candidate,1140,1280,720,1920,1080,11.2701,12.2646,9.88672,1,1,0,0,0,0
1080,5,candidate,1141,1280,720,1920,1080,11.519,12.4883,9.88058,1,1,0,0,0,0
1080,5,candidate,1142,1280,720,1920,1080,11.4678,12.5995,9.82118,1,1,0,0,0,0
1080,5,candidate,1143,1280,720,1920,1080,11.4422,12.4339,9.79763,1,1,0,0,0,0
1080,5,candidate,1144,1280,720,1920,1080,11.4514,12.4121,9.78944,1,1,0,0,0,0
1080,5,candidate,1145,1280,720,1920,1080,11.3019,12.2655,9.64608,1,1,0,0,0,0
1080,5,candidate,1146,1280,720,1920,1080,11.5487,12.6664,9.88774,1,1,0,0,0,0
1080,5,candidate,1147,1280,720,1920,1080,11.3521,12.3484,9.69626,1,1,0,0,0,0
1080,5,candidate,1148,1280,720,1920,1080,11.2804,12.311,9.63686,1,1,0,0,0,0
1080,5,candidate,1149,1280,720,1920,1080,11.2968,12.5147,9.66246,1,1,0,0,0,0
1080,5,candidate,1150,1280,720,1920,1080,11.1933,12.3973,8.5207,1,1,0,0,0,0
1080,5,candidate,1151,1280,720,1920,1080,11.1657,12.3807,9.79046,1,1,0,0,0,0
1080,5,candidate,1152,1280,720,1920,1080,11.3193,12.3083,9.93792,1,1,0,0,0,0
1080,5,candidate,1153,1280,720,1920,1080,11.2835,12.49,9.90822,1,1,0,0,0,0
1080,5,candidate,1154,1280,720,1920,1080,11.2486,12.6754,9.86419,1,1,0,0,0,0
1080,5,candidate,1155,1280,720,1920,1080,11.3121,12.2821,9.66349,1,1,0,0,0,0
1080,5,candidate,1156,1280,720,1920,1080,11.052,12.1963,9.62253,1,1,0,0,0,0
1080,5,candidate,1157,1280,720,1920,1080,11.9634,12.9679,10.3137,1,1,0,0,0,0
1080,5,candidate,1158,1280,720,1920,1080,11.3172,12.3862,9.66963,1,1,0,0,0,0
1080,5,candidate,1159,1280,720,1920,1080,11.3091,12.2704,9.65222,1,1,0,0,0,0
1080,5,candidate,1160,1280,720,1920,1080,11.3029,12.3895,9.6553,1,1,0,0,0,0
1080,5,candidate,1161,1280,720,1920,1080,11.1555,12.4275,9.7792,1,1,0,0,0,0
1080,5,candidate,1162,1280,720,1920,1080,11.2445,12.7581,9.86522,1,1,0,0,0,0
1080,5,candidate,1163,1280,720,1920,1080,11.5528,12.7173,9.92256,1,1,0,0,0,0
1080,5,candidate,1164,1280,720,1920,1080,11.3439,12.4308,9.69318,1,1,0,0,0,0
1080,5,candidate,1165,1280,720,1920,1080,11.3316,12.3021,9.68397,1,1,0,0,0,0
1080,5,candidate,1166,1280,720,1920,1080,11.3101,12.4451,9.66656,1,1,0,0,0,0
1080,5,candidate,1167,1280,720,1920,1080,11.2445,12.2419,9.60819,1,1,0,0,0,0
1080,5,candidate,1168,1280,720,1920,1080,11.2241,12.4336,9.84371,1,1,0,0,0,0
1080,5,candidate,1169,1280,720,1920,1080,11.1759,12.439,9.79968,1,1,0,0,0,0
1080,5,candidate,1170,1280,720,1920,1080,11.2998,12.5436,9.92051,1,1,0,0,0,0
1080,5,candidate,1171,1280,720,1920,1080,11.1688,12.5177,9.79354,1,1,0,0,0,0
1080,5,candidate,1172,1280,720,1920,1080,11.2783,12.6135,9.89594,1,1,0,0,0,0
1080,5,candidate,1173,1280,720,1920,1080,11.2548,12.4646,9.88058,1,1,0,0,0,0
1080,5,candidate,1174,1280,720,1920,1080,11.5057,12.7631,10.1233,1,1,0,0,0,0
1080,5,candidate,1175,1280,720,1920,1080,11.4872,12.6116,9.85088,1,1,0,0,0,0
1080,5,candidate,1176,1280,720,1920,1080,11.2906,12.3258,9.65325,1,1,0,0,0,0
1080,5,candidate,1177,1280,720,1920,1080,11.4401,12.4034,9.66349,1,1,0,0,0,0
1080,5,candidate,1178,1280,720,1920,1080,11.3172,12.2605,9.66554,1,1,0,0,0,0
1080,5,candidate,1179,1280,720,1920,1080,11.1657,12.3896,9.79251,1,1,0,0,0,0
1080,5,candidate,1180,1280,720,1920,1080,11.3172,12.2828,9.67066,1,1,0,0,0,0
1080,5,candidate,1181,1280,720,1920,1080,11.2732,12.471,9.89491,1,1,0,0,0,0
1080,5,candidate,1182,1280,720,1920,1080,11.2732,12.2591,9.62355,1,1,0,0,0,0
1080,5,candidate,1183,1280,720,1920,1080,11.2169,12.468,9.84371,1,1,0,0,0,0
1080,5,candidate,1184,1280,720,1920,1080,11.2824,12.6243,9.9031,1,1,0,0,0,0
1080,5,candidate,1185,1280,720,1920,1080,11.349,12.7018,9.97478,1,1,0,0,0,0
1080,5,candidate,1186,1280,720,1920,1080,9.87341,10.8855,8.49613,1,1,0,0,0,0
1080,5,candidate,1187,1280,720,1920,1080,12.8041,13.8203,11.3848,1,1,0,0,0,0
1080,5,candidate,1188,1280,720,1920,1080,11.3992,12.3939,9.75155,1,1,0,0,0,0
1080,5,candidate,1189,1280,720,1920,1080,11.2722,12.4918,9.89901,1,1,0,0,0,0
1080,5,candidate,1190,1280,720,1920,1080,11.1964,12.4446,9.81914,1,1,0,0,0,0
1080,5,candidate,1191,1280,720,1920,1080,11.4442,12.586,9.86726,1,1,0,0,0,0
1080,5,candidate,1192,1280,720,1920,1080,11.4555,12.5579,10.0751,1,1,0,0,0,0
1080,5,candidate,1193,1280,720,1920,1080,11.2538,12.5182,9.87853,1,1,0,0,0,0
1080,5,candidate,1194,1280,720,1920,1080,11.2916,12.444,9.66451,1,1,0,0,0,0
1080,5,candidate,1195,1280,720,1920,1080,11.5128,12.4906,9.89696,1,1,0,0,0,0
1080,5,candidate,1196,1280,720,1920,1080,11.262,12.5514,9.88774,1,1,0,0,0,0
1080,5,candidate,1197,1280,720,1920,1080,11.3009,12.4019,9.66656,1,1,0,0,0,0
1080,5,candidate,1198,1280,720,1920,1080,11.1483,12.3349,9.76589,1,1,0,0,0,0
1080,5,candidate,1199,1280,720,1920,1080,11.2538,12.5161,9.88058,1,1,0,0,0,0
1080,6,candidate,300,1280,720,1920,1080,10.9496,12.0483,9.57235,1,1,0,0,0,0
1080,6,candidate,301,1280,720,1920,1080,11.0254,12.0719,8.33946,1,1,0,0,0,0
1080,6,candidate,302,1280,720,1920,1080,11.2445,12.3122,9.86931,1,1,0,0,0,0
1080,6,candidate,303,1280,720,1920,1080,11.1237,12.4403,9.7495,1,1,0,0,0,0
1080,6,candidate,304,1280,720,1920,1080,11.2947,12.2143,9.91744,1,1,0,0,0,0
1080,6,candidate,305,1280,720,1920,1080,11.306,12.2816,9.69114,1,1,0,0,0,0
1080,6,candidate,306,1280,720,1920,1080,11.1145,12.1551,9.73517,1,1,0,0,0,0
1080,6,candidate,307,1280,720,1920,1080,11.2404,12.3102,9.86419,1,1,0,0,0,0
1080,6,candidate,308,1280,720,1920,1080,11.349,12.2705,9.70957,1,1,0,0,0,0
1080,6,candidate,309,1280,720,1920,1080,11.3039,12.1866,9.93178,1,1,0,0,0,0
1080,6,candidate,310,1280,720,1920,1080,11.4524,12.4186,10.0731,1,1,0,0,0,0
1080,6,candidate,311,1280,720,1920,1080,11.2671,12.2325,9.89389,1,1,0,0,0,0
1080,6,candidate,312,1280,720,1920,1080,11.306,12.2954,9.9287,1,1,0,0,0,0
1080,6,candidate,313,1280,720,1920,1080,11.2814,12.2417,9.90515,1,1,0,0,0,0
1080,6,candidate,314,1280,720,1920,1080,11.4801,12.3957,9.85498,1,1,0,0,0,0
1080,6,candidate,315,1280,720,1920,1080,11.479,12.4656,9.856,1,1,0,0,0,0
1080,6,candidate,316,1280,720,1920,1080,11.479,12.4679,9.85293,1,1,0,0,0,0
1080,6,candidate,317,1280,720,1920,1080,11.4412,12.4571,9.8089,1,1,0,0,0,0
1080,6,candidate,318,1280,720,1920,1080,9.93178,10.9708,8.55552,1,1,0,0,0,0
1080,6,candidate,319,1280,720,1920,1080,12.3668,13.4302,10.9558,1,1,0,0,0,0
1080,6,candidate,320,1280,720,1920,1080,10.9312,12.1458,9.55392,1,1,0,0,0,0
1080,6,candidate,321,1280,720,1920,1080,10.0803,11.0553,8.70707,1,1,0,0,0,0
1080,6,candidate,322,1280,720,1920,1080,12.7785,13.914,11.3807,1,1,0,0,0,0
1080,6,candidate,323,1280,720,1920,1080,11.4831,12.3566,9.91642,1,1,0,0,0,0
1080,6,candidate,324,1280,720,1920,1080,11.3418,12.2927,9.9625,1,1,0,0,0,0
1080,6,candidate,325,1280,720,1920,1080,11.3132,12.3151,9.9369,1,1,0,0,0,0
1080,6,candidate,326,1280,720,1920,1080,11.4033,12.418,10.025,1,1,0,0,0,0
1080,6,candidate,327,1280,720,1920,1080,11.3295,12.4411,9.95533,1,1,0,0,0,0
1080,6,candidate,328,1280,720,1920,1080,11.4616,12.4081,10.0854,1,1,0,0,0,0
1080,6,candidate,329,1280,720,1920,1080,10.9926,12.1371,9.61536,1,1,0,0,0,0
1080,6,candidate,330,1280,720,1920,1080,11.5057,12.469,10.1263,1,1,0,0,0,0
1080,6,candidate,331,1280,720,1920,1080,11.0428,12.172,9.67168,1,1,0,0,0,0
1080,6,candidate,332,1280,720,1920,1080,11.4442,12.4826,10.0669,1,1,0,0,0,0
1080,6,candidate,333,1280,720,1920,1080,11.3234,12.2778,9.69728,1,1,0,0,0,0
1080,6,candidate,334,1280,720,1920,1080,11.3244,12.4039,9.94816,1,1,0,0,0,0
1080,6,candidate,335,1280,720,1920,1080,11.4022,12.3471,10.026,1,1,0,0,0,0
1080,6,candidate,336,1280,720,1920,1080,11.2773,12.3054,9.64915,1,1,0,0,0,0
1080,6,candidate,337,1280,720,1920,1080,11.2783,12.2742,9.9031,1,1,0,0,0,0
1080,6,candidate,338,1280,720,1920,1080,11.2404,12.1782,9.86112,1,1,0,0,0,0
1080,6,candidate,339,1280,720,1920,1080,11.5139,12.5278,10.1356,1,1,0,0,0,0
1080,6,candidate,340,1280,720,1920,1080,11.4586,12.5148,10.0813,1,1,0,0,0,0
1080,6,candidate,341,1280,720,1920,1080,11.5333,12.6224,10.154,1,1,0,0,0,0
1080,6,candidate,342,1280,720,1920,1080,11.1555,12.2461,9.75974,1,1,0,0,0,0
1080,6,candidate,343,1280,720,1920,1080,11.5118,12.5668,10.1335,1,1,0,0,0,0
1080,6,candidate,344,1280,720,1920,1080,11.521,12.5453,10.1417,1,1,0,0,0,0
1080,6,candidate,345,1280,720,1920,1080,11.2527,12.2933,9.8775,1,1,0,0,0,0
1080,6,candidate,346,1280,720,1920,1080,11.3869,12.3085,10.0086,1,1,0,0,0,0
1080,6,candidate,347,1280,720,1920,1080,11.2957,12.2889,9.91949,1,1,0,0,0,0
1080,6,candidate,348,1280,720,1920,1080,11.4964,12.539,10.1151,1,1,0,0,0,0
1080,6,candidate,349,1280,720,1920,1080,11.2466,12.2309,9.87238,1,1,0,0,0,0
1080,6,candidate,350,1280,720,1920,1080,11.2609,12.3009,9.88365,1,1,0,0,0,0
1080,6,candidate,351,1280,720,1920,1080,11.2794,12.3242,9.90618,1,1,0,0,0,0
1080,6,candidate,352,1280,720,1920,1080,11.4729,12.4721,9.83142,1,1,0,0,0,0
1080,6,candidate,353,1280,720,1920,1080,11.4749,12.462,9.83757,1,1,0,0,0,0
1080,6,candidate,354,1280,720,1920,1080,11.4493,12.4603,9.81197,1,1,0,0,0,0
1080,6,candidate,355,1280,720,1920,1080,11.1995,12.2769,8.51149,1,1,0,0,0,0
1080,6,candidate,356,1280,720,1920,1080,11.0787,12.0927,9.69626,1,1,0,0,0,0
1080,6,candidate,357,1280,720,1920,1080,11.1022,12.2832,9.72493,1,1,0,0,0,0
1080,6,candidate,358,1280,720,1920,1080,11.0817,12.1923,9.7024,1,1,0,0,0,0
1080,6,candidate,359,1280,720,1920,1080,11.2916,12.2899,9.91642,1,1,0,0,0,0
1080,6,candidate,360,1280,720,1920,1080,11.3684,12.3843,9.98912,1,1,0,0,0,0
1080,6,candidate,361,1280,720,1920,1080,11.3357,12.3668,9.95942,1,1,0,0,0,0
1080,6,candidate,362,1280,720,1920,1080,11.3213,12.2734,9.94304,1,1,0,0,0,0
1080,6,candidate,363,1280,720,1920,1080,11.2609,12.2958,9.8857,1,1,0,0,0,0
1080,6,candidate,364,1280,720,1920,1080,11.4217,12.5021,10.0434,1,1,0,0,0,0
1080,6,candidate,365,1280,720,1920,1080,10.9896,12.0946,9.61229,1,1,0,0,0,0
1080,6,candidate,366,1280,720,1920,1080,11.4924,12.3685,10.113,1,1,0,0,0,0
1080,6,candidate,367,1280,720,1920,1080,11.0889,12.2196,9.71366,1,1,0,0,0,0
1080,6,candidate,368,1280,720,1920,1080,11.5098,12.3959,10.1304,1,1,0,0,0,0
1080,6,candidate,369,1280,720,1920,1080,11.0572,12.1401,9.67987,1,1,0,0,0,0
1080,6,candidate,370,1280,720,1920,1080,11.4381,12.3961,9.79251,1,1,0,0,0,0
1080,6,candidate,371,1280,720,1920,1080,11.2753,12.3273,9.89901,1,1,0,0,0,0
1080,6,candidate,372,1280,720,1920,1080,11.4022,12.3674,10.0239,1,1,0,0,0,0
1080,6,candidate,373,1280,720,1920,1080,11.3172,12.3065,9.93894,1,1,0,0,0,0
1080,6,candidate,374,1280,720,1920,1080,11.4309,12.4062,10.0516,1,1,0,0,0,0
1080,6,candidate,375,1280,720,1920,1080,11.4104,12.3741,10.0362,1,1,0,0,0,0
1080,6,candidate,376,1280,720,1920,1080,11.3009,12.2583,9.92154,1,1,0,0,0,0
1080,6,candidate,377,1280,720,1920,1080,11.3091,12.2967,9.93382,1,1,0,0,0,0
1080,6,candidate,378,1280,720,1920,1080,11.5302,12.4503,9.8775,1,1,0,0,0,0
1080,6,candidate,379,1280,720,1920,1080,11.434,12.4756,9.81197,1,1,0,0,0,0
1080,6,candidate,380,1280,720,1920,1080,11.4821,12.4922,9.84371,1,1,0,0,0,0
1080,6,candidate,381,1280,720,1920,1080,11.5302,12.5265,9.8857,1,1,0,0,0,0
1080,6,candidate,382,1280,720,1920,1080,11.4616,12.4534,9.82323,1,1,0,0,0,0
1080,6,candidate,383,1280,720,1920,1080,11.5026,12.5287,9.86726,1,1,0,0,0,0
1080,6,candidate,384,1280,720,1920,1080,11.5118,12.6012,9.87238,1,1,0,0,0,0
1080,6,candidate,385,1280,720,1920,1080,11.4647,12.4374,9.84064,1,1,0,0,0,0
1080,6,candidate,386,1280,720,1920,1080,11.5261,12.7637,9.89798,1,1,0,0,0,0
1080,6,candidate,387,1280,720,1920,1080,11.2865,12.2539,9.91027,1,1,0,0,0,0
1080,6,candidate,388,1280,720,1920,1080,11.4432,12.4073,9.81402,1,1,0,0,0,0
1080,6,candidate,389,1280,720,1920,1080,11.6716,12.8889,9.92051,1,1,0,0,0,0
1080,6,candidate,390,1280,720,1920,1080,11.4555,12.4944,10.0741,1,1,0,0,0,0
1080,6,candidate,391,1280,720,1920,1080,11.4668,12.437,10.0915,1,1,0,0,0,0
1080,6,candidate,392,1280,720,1920,1080,11.2753,12.2475,9.89491,1,1,0,0,0,0
1080,6,candidate,393,1280,720,1920,1080,11.4575,12.4478,9.8345,1,1,0,0,0,0
1080,6,candidate,394,1280,720,1920,1080,11.5159,12.5041,9.8816,1,1,0,0,0,0
1080,6,candidate,395,1280,720,1920,1080,11.2876,12.4888,9.9113,1,1,0,0,0,0
1080,6,candidate,396,1280,720,1920,1080,11.2763,12.201,9.89594,1,1,0,0,0,0
1080,6,candidate,397,1280,720,1920,1080,11.4944,12.5457,9.86931,1,1,0,0,0,0
1080,6,candidate,398,1280,720,1920,1080,11.4821,12.4582,9.85498,1,1,0,0,0,0
1080,6,candidate,399,1280,720,1920,1080,11.4452,12.4062,9.81606,1,1,0,0,0,0
1080,6,candidate,400,1280,720,1920,1080,11.4391,12.3585,9.79763,1,1,0,0,0,0
1080,6,candidate,401,1280,720,1920,1080,11.479,12.3838,9.84678,1,1,0,0,0,0
1080,6,candidate,402,1280,720,1920,1080,11.4534,12.6972,9.81811,1,1,0,0,0,0
1080,6,candidate,403,1280,720,1920,1080,11.4903,12.5628,9.84166,1,1,0,0,0,0
1080,6,candidate,404,1280,720,1920,1080,11.5108,12.5477,9.86419,1,1,0,0,0,0
1080,6,candidate,405,1280,720,1920,1080,9.81299,10.7242,8.43981,1,1,0,0,0,0
1080,6,candidate,406,1280,720,1920,1080,12.5,13.5199,11.0684,1,1,0,0,0,0
1080,6,candidate,407,1280,720,1920,1080,11.22,12.3698,8.56064,1,1,0,0,0,0
1080,6,candidate,408,1280,720,1920,1080,11.0479,12.094,9.66963,1,1,0,0,0,0
1080,6,candidate,409,1280,720,1920,1080,9.91437,10.8557,8.54118,1,1,0,0,0,0
1080,6,candidate,410,1280,720,1920,1080,12.5204,13.4944,10.1929,1,1,0,0,0,0
1080,6,candidate,411,1280,720,1920,1080,11.0848,12.2717,9.71162,1,1,0,0,0,0
1080,6,candidate,412,1280,720,1920,1080,11.2681,12.22,9.89184,1,1,0,0,0,0
1080,6,candidate,413,1280,720,1920,1080,11.2671,12.2467,9.88979,1,1,0,0,0,0
1080,6,candidate,414,1280,720,1920,1080,11.1923,12.1756,9.79558,1,1,0,0,0,0
1080,6,candidate,415,1280,720,1920,1080,11.4248,12.4141,9.77101,1,1,0,0,0,0
1080,6,candidate,416,1280,720,1920,1080,11.0684,12.3341,9.68602,1,1,0,0,0,0
1080,6,candidate,417,1280,720,1920,1080,11.4698,12.3345,9.83859,1,1,0,0,0,0
1080,6,candidate,418,1280,720,1920,1080,11.2753,12.2127,9.89594,1,1,0,0,0,0
1080,6,candidate,419,1280,720,1920,1080,11.2753,12.2494,9.90003,1,1,0,0,0,0
1080,6,candidate,420,1280,720,1920,1080,11.435,12.4179,10.0567,1,1,0,0,0,0
1080,6,candidate,421,1280,720,1920,1080,11.3224,12.4035,9.94611,1,1,0,0,0,0
1080,6,candidate,422,1280,720,1920,1080,11.4442,12.3564,10.0649,1,1,0,0,0,0
1080,6,candidate,423,1280,720,1920,1080,11.2845,12.2081,9.90925,1,1,0,0,0,0
1080,6,candidate,424,1280,720,1920,1080,11.2978,12.333,9.92051,1,1,0,0,0,0
1080,6,candidate,425,1280,720,1920,1080,11.4668,12.5018,9.8304,1,1,0,0,0,0
1080,6,candidate,426,1280,720,1920,1080,11.3377,12.5396,9.95738,1,1,0,0,0,0
1080,6,candidate,427,1280,720,1920,1080,11.521,12.5124,9.87341,1,1,0,0,0,0
1080,6,candidate,428,1280,720,1920,1080,11.3388,12.3616,9.9625,1,1,0,0,0,0
1080,6,candidate,429,1280,720,1920,1080,11.4749,12.4536,9.83347,1,1,0,0,0,0
1080,6,candidate,430,1280,720,1920,1080,11.4954,12.6378,9.85498,1,1,0,0,0,0
1080,6,candidate,431,1280,720,1920,1080,11.433,12.5828,10.0588,1,1,0,0,0,0
1080,6,candidate,432,1280,720,1920,1080,11.263,12.2468,9.88774,1,1,0,0,0,0
1080,6,candidate,433,1280,720,1920,1080,11.4954,12.4767,9.85907,1,1,0,0,0,0
1080,6,candidate,434,1280,720,1920,1080,11.4893,12.6743,9.84883,1,1,0,0,0,0
1080,6,candidate,435,1280,720,1920,1080,11.2691,12.2845,9.89594,1,1,0,0,0,0
1080,6,candidate,436,1280,720,1920,1080,11.3142,12.4794,9.93894,1,1,0,0,0,0
1080,6,candidate,437,1280,720,1920,1080,11.3459,12.2535,9.96966,1,1,0,0,0,0
1080,6,candidate,438,1280,720,1920,1080,11.5507,12.5635,9.90822,1,1,0,0,0,0
1080,6,candidate,439,1280,720,1920,1080,11.4708,12.4918,9.82528,1,1,0,0,0,0
1080,6,candidate,440,1280,720,1920,1080,11.4207,12.4001,9.78227,1,1,0,0,0,0
1080,6,candidate,441,1280,720,1920,1080,11.4719,12.3919,9.82426,1,1,0,0,0,0
1080,6,candidate,442,1280,720,1920,1080,11.5302,12.5436,9.85498,1,1,0,0,0,0
1080,6,candidate,443,1280,720,1920,1080,11.5333,12.5191,9.8857,1,1,0,0,0,0
1080,6,candidate,444,1280,720,1920,1080,11.4217,12.3675,9.78534,1,1,0,0,0,0
1080,6,candidate,445,1280,720,1920,1080,11.2681,12.3277,9.89389,1,1,0,0,0,0
1080,6,candidate,446,1280,720,1920,1080,11.4596,12.4442,9.81402,1,1,0,0,0,0
1080,6,candidate,447,1280,720,1920,1080,11.519,12.5994,9.87853,1,1,0,0,0,0
1080,6,candidate,448,1280,720,1920,1080,11.4924,12.5878,9.83245,1,1,0,0,0,0
1080,6,candidate,449,1280,720,1920,1080,11.4166,12.4356,9.7792,1,1,0,0,0,0
1080,6,candidate,450,1280,720,1920,1080,11.4708,12.5716,9.84986,1,1,0,0,0,0
1080,6,candidate,451,1280,720,1920,1080,11.5302,12.6635,9.87136,1,1,0,0,0,0
1080,6,candidate,452,1280,720,1920,1080,11.3265,12.4078,9.95021,1,1,0,0,0,0
1080,6,candidate,453,1280,720,1920,1080,11.5466,12.5224,9.89798,1,1,0,0,0,0
1080,6,candidate,454,1280,720,1920,1080,11.4657,12.4366,9.82323,1,1,0,0,0,0
1080,6,candidate,455,1280,720,1920,1080,11.3347,12.3837,9.95942,1,1,0,0,0,0
1080,6,candidate,456,1280,720,1920,1080,11.4749,12.4308,9.83552,1,1,0,0,0,0
1080,6,candidate,457,1280,720,1920,1080,11.3388,12.2688,9.9625,1,1,0,0,0,0
1080,6,candidate,458,1280,720,1920,1080,11.4842,12.5515,9.83654,1,1,0,0,0,0
1080,6,candidate,459,1280,720,1920,1080,11.4534,12.5008,9.81811,1,1,0,0,0,0
1080,6,candidate,460,1280,720,1920,1080,11.3326,12.2867,9.95635,1,1,0,0,0,0
1080,6,candidate,461,1280,720,1920,1080,11.4821,12.418,9.82938,1,1,0,0,0,0
1080,6,candidate,462,1280,720,1920,1080,11.2753,12.2385,9.63072,1,1,0,0,0,0
1080,6,candidate,463,1280,720,1920,1080,9.89901,10.9102,8.5248,1,1,0,0,0,0
1080,6,candidate,464,1280,720,1920,1080,12.8768,14.0082,11.477,1,1,0,0,0,0
1080,6,candidate,465,1280,720,1920,1080,10.9752,12.025,9.60102,1,1,0,0,0,0
1080,6,candidate,466,1280,720,1920,1080,11.2415,12.1716,9.86419,1,1,0,0,0,0
1080,6,candidate,467,1280,720,1920,1080,11.2783,12.1722,9.90106,1,1,0,0,0,0
1080,6,candidate,468,1280,720,1920,1080,11.2548,12.3944,9.88058,1,1,0,0,0,0
1080,6,candidate,469,1280,720,1920,1080,11.0469,12.3141,9.67066,1,1,0,0,0,0
1080,6,candidate,470,1280,720,1920,1080,11.1606,12.399,9.7833,1,1,0,0,0,0
1080,6,candidate,471,1280,720,1920,1080,11.3316,12.407,9.95738,1,1,0,0,0,0
1080,6,candidate,472,1280,720,1920,1080,11.0838,12.2794,9.70854,1,1,0,0,0,0
1080,6,candidate,473,1280,720,1920,1080,11.2947,12.4811,9.86624,1,1,0,0,0,0
1080,6,candidate,474,1280,720,1920,1080,11.1729,12.4268,9.79456,1,1,0,0,0,0
1080,6,candidate,475,1280,720,1920,1080,11.4135,12.3624,10.0362,1,1,0,0,0,0
1080,6,candidate,476,1280,720,1920,1080,11.0213,12.1916,9.64096,1,1,0,0,0,0
1080,6,candidate,477,1280,720,1920,1080,11.0551,12.1021,9.67987,1,1,0,0,0,0
1080,6,candidate,478,1280,720,1920,1080,11.305,12.2206,9.9287,1,1,0,0,0,0
1080,6,candidate,479,1280,720,1920,1080,11.4934,12.4128,10.1171,1,1,0,0,0,0
1080,6,candidate,480,1280,720,1920,1080,11.4534,12.3693,10.0762,1,1,0,0,0,0
1080,6,candidate,481,1280,720,1920,1080,11.3101,12.2956,9.9328,1,1,0,0,0,0
1080,6,candidate,482,1280,720,1920,1080,11.306,12.2894,9.92563,1,1,0,0,0,0
1080,6,candidate,483,1280,720,1920,1080,11.4668,12.4168,9.82835,1,1,0,0,0,0
1080,6,candidate,484,1280,720,1920,1080,11.2794,12.2905,9.90208,1,1,0,0,0,0
1080,6,candidate,485,1280,720,1920,1080,11.4555,12.4785,9.81914,1,1,0,0,0,0
1080,6,candidate,486,1280,720,1920,1080,11.4637,12.4655,9.82323,1,1,0,0,0,0
1080,6,candidate,487,1280,720,1920,1080,11.4637,12.5258,9.81914,1,1,0,0,0,0
1080,6,candidate,488,1280,720,1920,1080,11.4975,12.5189,9.83757,1,1,0,0,0,0
1080,6,candidate,489,1280,720,1920,1080,11.4381,12.4259,9.85805,1,1,0,0,0,0
1080,6,candidate,490,1280,720,1920,1080,11.3009,12.4595,9.66861,1,1,0,0,0,0
1080,6,candidate,491,1280,720,1920,1080,11.3285,12.4011,9.95226,1,1,0,0,0,0
1080,6,candidate,492,1280,720,1920,1080,11.2384,12.2742,9.8048,1,1,0,0,0,0
1080,6,candidate,493,1280,720,1920,1080,11.6695,12.7106,10.0291,1,1,0,0,0,0
1080,6,candidate,494,1280,720,1920,1080,11.4452,12.452,9.79968,1,1,0,0,0,0
1080,6,candidate,495,1280,720,1920,1080,11.4831,12.4625,9.85088,1,1,0,0,0,0
1080,6,candidate,496,1280,720,1920,1080,11.4442,12.412,9.81504,1,1,0,0,0,0
1080,6,candidate,497,1280,720,1920,1080,11.3603,12.2626,9.98912,1,1,0,0,0,0
1080,6,candidate,498,1280,720,1920,1080,11.5272,12.5352,9.89389,1,1,0,0,0,0
1080,6,candidate,499,1280,720,1920,1080,11.4565,12.5066,9.83245,1,1,0,0,0,0
1080,6,candidate,500,1280,720,1920,1080,11.4913,12.5372,9.84883,1,1,0,0,0,0
1080,6,candidate,501,1280,720,1920,1080,11.2845,12.3552,9.91027,1,1,0,0,0,0
1080,6,candidate,502,1280,720,1920,1080,11.4985,12.7574,9.87341,1,1,0,0,0,0
1080,6,candidate,503,1280,720,1920,1080,11.265,12.4049,9.88672,1,1,0,0,0,0
1080,6,candidate,504,1280,720,1920,1080,11.4534,12.4305,9.82528,1,1,0,0,0,0
1080,6,candidate,505,1280,720,1920,1080,11.2343,12.2468,9.85702,1,1,0,0,0,0
1080,6,candidate,506,1280,720,1920,1080,11.4964,12.4678,9.85805,1,1,0,0,0,0
1080,6,candidate,507,1280,720,1920,1080,11.5804,12.5987,9.94304,1,1,0,0,0,0
1080,6,candidate,508,1280,720,1920,1080,11.4278,12.4996,9.79558,1,1,0,0,0,0
1080,6,candidate,509,1280,720,1920,1080,11.433,12.5633,9.80378,1,1,0,0,0,0
1080,6,candidate,510,1280,720,1920,1080,11.4237,12.605,9.79763,1,1,0,0,0,0
1080,6,candidate,511,1280,720,1920,1080,11.3254,12.2659,9.95021,1,1,0,0,0,0
1080,6,candidate,512,1280,720,1920,1080,11.4749,12.4074,9.84678,1,1,0,0,0,0
1080,6,candidate,513,1280,720,1920,1080,11.5108,12.5013,9.82118,1,1,0,0,0,0
1080,6,candidate,514,1280,720,1920,1080,11.3654,12.4074,9.81197,1,1,0,0,0,0
1080,6,candidate,515,1280,720,1920,1080,11.049,12.2745,8.37018,1,1,0,0,0,0
1080,6,candidate,516,1280,720,1920,1080,11.2189,12.2499,9.84064,1,1,0,0,0,0
1080,6,candidate,517,1280,720,1920,1080,11.3336,12.37,8.3712,1,1,0,0,0,0
1080,6,candidate,518,1280,720,1920,1080,11.1544,12.4598,9.77818,1,1,0,0,0,0
1080,6,candidate,519,1280,720,1920,1080,11.349,12.8968,9.97581,1,1,0,0,0,0
1080,6,candidate,520,1280,720,1920,1080,11.4729,12.5017,9.8304,1,1,0,0,0,0
1080,6,candidate,521,1280,720,1920,1080,11.5016,12.5607,9.86317,1,1,0,0,0,0
1080,6,candidate,522,1280,720,1920,1080,11.4606,12.4564,9.81914,1,1,0,0,0,0
1080,6,candidate,523,1280,720,1920,1080,11.3633,12.4802,9.80787,1,1,0,0,0,0
1080,6,candidate,524,1280,720,1920,1080,11.1759,12.4307,9.79763,1,1,0,0,0,0
1080,6,candidate,525,1280,720,1920,1080,11.2067,12.2623,8.52685,1,1,0,0,0,0
1080,6,candidate,526,1280,720,1920,1080,11.4964,12.3778,9.93792,1,1,0,0,0,0
1080,6,candidate,527,1280,720,1920,1080,11.3142,12.3538,9.94202,1,1,0,0,0,0
1080,6,candidate,528,1280,720,1920,1080,11.3213,12.238,9.67782,1,1,0,0,0,0
1080,6,candidate,529,1280,720,1920,1080,11.2579,12.5489,9.88058,1,1,0,0,0,0
1080,6,candidate,530,1280,720,1920,1080,11.2968,12.2636,9.65837,1,1,0,0,0,0
1080,6,candidate,531,1280,720,1920,1080,11.5517,12.535,9.90413,1,1,0,0,0,0
1080,6,candidate,532,1280,720,1920,1080,11.2927,12.3882,9.63994,1,1,0,0,0,0
1080,6,candidate,533,1280,720,1920,1080,11.2067,12.4224,9.83245,1,1,0,0,0,0
1080,6,candidate,534,1280,720,1920,1080,11.2579,12.5554,9.88058,1,1,0,0,0,0
1080,6,candidate,535,1280,720,1920,1080,11.7012,12.9055,10.0547,1,1,0,0,0,0
1080,6,candidate,536,1280,720,1920,1080,11.4565,12.5651,9.76794,1,1,0,0,0,0
1080,6,candidate,537,1280,720,1920,1080,11.3357,12.3526,9.70035,1,1,0,0,0,0
1080,6,candidate,538,1280,720,1920,1080,11.3306,12.3608,9.67168,1,1,0,0,0,0
1080,6,candidate,539,1280,720,1920,1080,11.305,12.3758,9.66349,1,1,0,0,0,0
1080,6,candidate,540,1280,720,1920,1080,11.2712,12.2948,9.6297,1,1,0,0,0,0
1080,6,candidate,541,1280,720,1920,1080,11.2783,12.6008,9.90413,1,1,0,0,0,0
1080,6,candidate,542,1280,720,1920,1080,11.307,12.5409,9.93178,1,1,0,0,0,0
1080,6,candidate,543,1280,720,1920,1080,11.5743,12.573,10.197,1,1,0,0,0,0
1080,6,candidate,544,1280,720,1920,1080,11.3172,12.2674,9.68704,1,1,0,0,0,0
1080,6,candidate,545,1280,720,1920,1080,11.3613,12.2953,9.73824,1,1,0,0,0,0
1080,6,candidate,546,1280,720,1920,1080,11.1892,12.4188,9.81197,1,1,0,0,0,0
1080,6,candidate,547,1280,720,1920,1080,11.2343,12.3136,9.8601,1,1,0,0,0,0
1080,6,candidate,548,1280,720,1920,1080,9.90208,10.7998,8.52685,1,1,0,0,0,0
1080,6,candidate,549,1280,720,1920,1080,9.38803,10.4139,8.01382,1,1,0,0,0,0
1080,6,candidate,550,1280,720,1920,1080,12.7007,13.8234,10.0659,1,1,0,0,0,0
1080,6,candidate,551,1280,720,1920,1080,9.93997,10.9962,8.56166,1,1,0,0,0,0
1080,6,candidate,552,1280,720,1920,1080,12.6556,13.8606,9.99219,1,1,0,0,0,0
1080,6,candidate,553,1280,720,1920,1080,11.1043,12.2048,9.71469,1,1,0,0,0,0
1080,6,candidate,554,1280,720,1920,1080,9.77101,10.721,8.39578,1,1,0,0,0,0
1080,6,candidate,555,1280,720,1920,1080,12.6894,13.6997,11.2763,1,1,0,0,0,0
1080,6,candidate,556,1280,720,1920,1080,11.8364,12.8418,10.1253,1,1,0,0,0,0
1080,6,candidate,557,1280,720,1920,1080,9.93382,10.825,8.56064,1,1,0,0,0,0
1080,6,candidate,558,1280,720,1920,1080,12.5409,13.5889,11.138,1,1,0,0,0,0
1080,6,candidate,559,1280,720,1920,1080,10.9773,12.0571,9.60614,1,1,0,0,0,0
1080,6,candidate,560,1280,720,1920,1080,11.5558,12.4775,9.90106,1,1,0,0,0,0
1080,6,candidate,561,1280,720,1920,1080,11.392,12.328,9.84166,1,1,0,0,0,0
1080,6,candidate,562,1280,720,1920,1080,11.3193,12.2882,9.94099,1,1,0,0,0,0
1080,6,candidate,563,1280,720,1920,1080,11.4729,12.4267,9.83142,1,1,0,0,0,0
1080,6,candidate,564,1280,720,1920,1080,11.0797,12.3883,9.70342,1,1,0,0,0,0
1080,6,candidate,565,1280,720,1920,1080,11.2886,12.342,9.91437,1,1,0,0,0,0
1080,6,candidate,566,1280,720,1920,1080,10.9824,12.0735,9.60717,1,1,0,0,0,0
1080,6,candidate,567,1280,720,1920,1080,11.4207,12.3164,10.0475,1,1,0,0,0,0
1080,6,candidate,568,1280,720,1920,1080,11.0203,12.1174,9.64506,1,1,0,0,0,0
1080,6,candidate,569,1280,720,1920,1080,11.436,12.375,10.0598,1,1,0,0,0,0
1080,6,candidate,570,1280,720,1920,1080,11.2497,12.2919,9.87136,1,1,0,0,0,0
1080,6,candidate,571,1280,720,1920,1080,11.262,12.2311,9.88877,1,1,0,0,0,0
1080,6,candidate,572,1280,720,1920,1080,11.433,12.4315,10.0557,1,1,0,0,0,0
1080,6,candidate,573,1280,720,1920,1080,11.4586,12.423,10.0823,1,1,0,0,0,0
1080,6,candidate,574,1280,720,1920,1080,11.4811,12.4597,10.1038,1,1,0,0,0,0
1080,6,candidate,575,1280,720,1920,1080,11.4944,12.4679,10.1202,1,1,0,0,0,0
1080,6,candidate,576,1280,720,1920,1080,11.4729,12.5858,10.0977,1,1,0,0,0,0
1080,6,candidate,577,1280,720,1920,1080,11.52,12.4404,10.1448,1,1,0,0,0,0
1080,6,candidate,578,1280,720,1920,1080,11.4749,12.5293,10.0977,1,1,0,0,0,0
1080,6,candidate,579,1280,720,1920,1080,11.4821,12.4385,10.1079,1,1,0,0,0,0
1080,6,candidate,580,1280,720,1920,1080,11.2241,12.4212,9.8304,1,1,0,0,0,0
1080,6,candidate,581,1280,720,1920,1080,11.4975,12.4906,10.1171,1,1,0,0,0,0
1080,6,candidate,582,1280,720,1920,1080,11.3838,12.3369,9.8089,1,1,0,0,0,0
1080,6,candidate,583,1280,720,1920,1080,11.4422,12.4839,10.0659,1,1,0,0,0,0
1080,6,candidate,584,1280,720,1920,1080,11.4975,12.5194,10.1233,1,1,0,0,0,0
1080,6,candidate,585,1280,720,1920,1080,11.4708,12.5756,10.0946,1,1,0,0,0,0
1080,6,candidate,586,1280,720,1920,1080,11.4412,12.4729,10.0649,1,1,0,0,0,0
1080,6,candidate,587,1280,720,1920,1080,11.477,12.4604,10.1007,1,1,0,0,0,0
1080,6,candidate,588,1280,720,1920,1080,11.4688,12.4085,10.0884,1,1,0,0,0,0
1080,6,candidate,589,1280,720,1920,1080,11.35,12.3996,9.97069,1,1,0,0,0,0
1080,6,candidate,590,1280,720,1920,1080,11.4606,12.4622,10.0833,1,1,0,0,0,0
1080,6,candidate,591,1280,720,1920,1080,11.4811,12.4501,10.1069,1,1,0,0,0,0
1080,6,candidate,592,1280,720,1920,1080,11.4657,12.5145,10.0864,1,1,0,0,0,0
1080,6,candidate,593,1280,720,1920,1080,11.3152,12.4904,9.94099,1,1,0,0,0,0
1080,6,candidate,594,1280,720,1920,1080,11.5579,12.5273,10.1806,1,1,0,0,0,0
1080,6,candidate,595,1280,720,1920,1080,11.3551,12.2819,9.81299,1,1,0,0,0,0
1080,6,candidate,596,1280,720,1920,1080,11.5139,12.4696,9.85293,1,1,0,0,0,0
1080,6,candidate,597,1280,720,1920,1080,11.4309,12.3133,10.0567,1,1,0,0,0,0
1080,6,candidate,598,1280,720,1920,1080,11.3265,12.378,9.94611,1,1,0,0,0,0
1080,6,candidate,599,1280,720,1920,1080,11.3234,12.2892,9.94816,1,1,0,0,0,0
1080,6,candidate,600,1280,720,1920,1080,11.2589,12.214,9.88365,1,1,0,0,0,0
1080,6,candidate,601,1280,720,1920,1080,11.4657,12.4986,9.83245,1,1,0,0,0,0
1080,6,candidate,602,1280,720,1920,1080,11.4422,12.4033,9.80992,1,1,0,0,0,0
1080,6,candidate,603,1280,720,1920,1080,11.2824,12.3153,9.65018,1,1,0,0,0,0
1080,6,candidate,604,1280,720,1920,1080,11.3418,12.5267,9.80378,1,1,0,0,0,0
1080,6,candidate,605,1280,720,1920,1080,11.4391,12.5569,10.0639,1,1,0,0,0,0
1080,6,candidate,606,1280,720,1920,1080,11.5057,12.5742,9.85293,1,1,0,0,0,0
1080,6,candidate,607,1280,720,1920,1080,11.4852,12.433,9.83962,1,1,0,0,0,0
1080,6,candidate,608,1280,720,1920,1080,11.4391,12.4656,9.80378,1,1,0,0,0,0
1080,6,candidate,609,1280,720,1920,1080,11.4534,12.4925,9.81709,1,1,0,0,0,0
1080,6,candidate,610,1280,720,1920,1080,11.3183,12.2408,9.93997,1,1,0,0,0,0
1080,6,candidate,611,1280,720,1920,1080,11.3592,12.4114,9.72595,1,1,0,0,0,0
1080,6,candidate,612,1280,720,1920,1080,11.5384,12.4986,9.89594,1,1,0,0,0,0
1080,6,candidate,613,1280,720,1920,1080,11.4545,12.443,9.81504,1,1,0,0,0,0
1080,6,candidate,614,1280,720,1920,1080,11.308,12.373,9.66144,1,1,0,0,0,0
1080,6,candidate,615,1280,720,1920,1080,11.4534,12.4072,9.79968,1,1,0,0,0,0
1080,6,candidate,616,1280,720,1920,1080,11.2927,12.361,9.6512,1,1,0,0,0,0
1080,6,candidate,617,1280,720,1920,1080,11.9695,12.9459,10.5841,1,1,0,0,0,0
1080,6,candidate,618,1280,720,1920,1080,11.4913,12.6825,9.8519,1,1,0,0,0,0
1080,6,candidate,619,1280,720,1920,1080,11.4534,12.4954,9.81094,1,1,0,0,0,0
1080,6,candidate,620,1280,720,1920,1080,11.3828,12.322,9.74438,1,1,0,0,0,0
1080,6,candidate,621,1280,720,1920,1080,11.433,12.5082,9.80787,1,1,0,0,0,0
1080,6,candidate,622,1280,720,1920,1080,11.394,12.3711,9.75667,1,1,0,0,0,0
1080,6,candidate,623,1280,720,1920,1080,11.4493,12.4609,9.80992,1,1,0,0,0,0
1080,6,candidate,624,1280,720,1920,1080,11.3398,12.3092,9.69523,1,1,0,0,0,0
1080,6,candidate,625,1280,720,1920,1080,11.2927,12.331,9.65734,1,1,0,0,0,0
1080,6,candidate,626,1280,720,1920,1080,11.434,12.4522,9.79354,1,1,0,0,0,0
1080,6,candidate,627,1280,720,1920,1080,11.2906,12.3209,9.6471,1,1,0,0,0,0
1080,6,candidate,628,1280,720,1920,1080,11.4893,12.6828,9.83142,1,1,0,0,0,0
1080,6,candidate,629,1280,720,1920,1080,11.3162,12.4948,9.67987,1,1,0,0,0,0
1080,6,candidate,630,1280,720,1920,1080,11.2896,12.2148,9.64301,1,1,0,0,0,0
1080,6,candidate,631,1280,720,1920,1080,11.3541,12.3411,9.72083,1,1,0,0,0,0
1080,6,candidate,632,1280,720,1920,1080,11.2773,12.5106,9.90413,1,1,0,0,0,0
1080,6,candidate,633,1280,720,1920,1080,11.2773,12.3671,9.63277,1,1,0,0,0,0
1080,6,candidate,634,1280,720,1920,1080,11.2404,12.5681,9.86726,1,1,0,0,0,0
1080,6,candidate,635,1280,720,1920,1080,11.1821,12.5544,9.80787,1,1,0,0,0,0
1080,6,candidate,636,1280,720,1920,1080,11.1811,12.1323,9.62253,1,1,0,0,0,0
1080,6,candidate,637,1280,720,1920,1080,11.2415,12.2668,9.86726,1,1,0,0,0,0
1080,6,candidate,638,1280,720,1920,1080,11.2486,12.6969,9.87443,1,1,0,0,0,0
1080,6,candidate,639,1280,720,1920,1080,11.1647,12.4175,9.78944,1,1,0,0,0,0
1080,6,candidate,640,1280,720,1920,1080,11.0756,12.2698,9.6983,1,1,0,0,0,0
1080,6,candidate,641,1280,720,1920,1080,11.1524,12.4423,9.7792,1,1,0,0,0,0
1080,6,candidate,642,1280,720,1920,1080,11.2681,12.2036,9.89286,1,1,0,0,0,0
1080,6,candidate,643,1280,720,1920,1080,11.2691,12.2831,9.89696,1,1,0,0,0,0
1080,6,candidate,644,1280,720,1920,1080,11.0572,12.1135,9.67168,1,1,0,0,0,0
1080,6,candidate,645,1280,720,1920,1080,11.1032,12.2128,9.7321,1,1,0,0,0,0
1080,6,candidate,646,1280,720,1920,1080,11.305,12.2009,9.9287,1,1,0,0,0,0
1080,6,candidate,647,1280,720,1920,1080,11.2415,12.1716,9.87034,1,1,0,0,0,0
1080,6,candidate,648,1280,720,1920,1080,11.3132,12.2242,9.9369,1,1,0,0,0,0
1080,6,candidate,649,1280,720,1920,1080,11.4514,12.4508,10.0751,1,1,0,0,0,0
1080,6,candidate,650,1280,720,1920,1080,11.4422,12.437,10.0649,1,1,0,0,0,0
1080,6,candidate,651,1280,720,1920,1080,11.264,12.2757,9.89184,1,1,0,0,0,0
1080,6,candidate,652,1280,720,1920,1080,11.2906,12.2495,9.91232,1,1,0,0,0,0
1080,6,candidate,653,1280,720,1920,1080,11.0295,12.1087,9.62867,1,1,0,0,0,0
1080,6,candidate,654,1280,720,1920,1080,11.0428,12.0875,8.36506,1,1,0,0,0,0
1080,6,candidate,655,1280,720,1920,1080,11.0838,12.2737,9.71162,1,1,0,0,0,0
1080,6,candidate,656,1280,720,1920,1080,11.2701,12.1961,9.89389,1,1,0,0,0,0
1080,6,candidate,657,1280,720,1920,1080,11.1985,12.5552,9.82733,1,1,0,0,0,0
1080,6,candidate,658,1280,720,1920,1080,11.1657,12.3287,9.79354,1,1,0,0,0,0
1080,6,candidate,659,1280,720,1920,1080,11.2937,12.3866,9.92154,1,1,0,0,0,0
1080,6,candidate,660,1280,720,1920,1080,11.1811,12.4821,9.80685,1,1,0,0,0,0
1080,6,candidate,661,1280,720,1920,1080,11.2916,12.1985,9.91744,1,1,0,0,0,0
1080,6,candidate,662,1280,720,1920,1080,11.2466,12.557,9.87238,1,1,0,0,0,0
1080,6,candidate,663,1280,720,1920,1080,11.2046,12.6507,9.8304,1,1,0,0,0,0
1080,6,candidate,664,1280,720,1920,1080,11.3725,12.4016,9.99424,1,1,0,0,0,0
1080,6,candidate,665,1280,720,1920,1080,11.009,12.3436,9.63686,1,1,0,0,0,0
1080,6,candidate,666,1280,720,1920,1080,11.2753,12.2154,9.90106,1,1,0,0,0,0
1080,6,candidate,667,1280,720,1920,1080,10.9988,12.2476,9.62662,1,1,0,0,0,0
1080,6,candidate,668,1280,720,1920,1080,11.2742,12.4774,8.61696,1,1,0,0,0,0
1080,6,candidate,669,1280,720,1920,1080,11.2005,12.3572,9.82938,1,1,0,0,0,0
1080,6,candidate,670,1280,720,1920,1080,11.2824,12.3076,9.90822,1,1,0,0,0,0
1080,6,candidate,671,1280,720,1920,1080,9.74848,10.7857,8.37734,1,1,0,0,0,0
1080,6,candidate,672,1280,720,1920,1080,9.4464,10.2999,8.07629,1,1,0,0,0,0
1080,6,candidate,673,1280,720,1920,1080,12.6167,13.6596,11.1892,1,1,0,0,0,0
1080,6,candidate,674,1280,720,1920,1080,11.1421,12.2111,9.76896,1,1,0,0,0,0
1080,6,candidate,675,1280,720,1920,1080,11.2681,12.2095,9.62355,1,1,0,0,0,0
1080,6,candidate,676,1280,720,1920,1080,11.265,12.5054,9.88979,1,1,0,0,0,0
1080,6,candidate,677,1280,720,1920,1080,11.2026,12.5104,9.8345,1,1,0,0,0,0
1080,6,candidate,678,1280,720,1920,1080,11.2456,12.4484,9.86931,1,1,0,0,0,0
1080,6,candidate,679,1280,720,1920,1080,11.3531,12.6447,9.9799,1,1,0,0,0,0
1080,6,candidate,680,1280,720,1920,1080,11.2282,12.4926,9.85395,1,1,0,0,0,0
1080,6,candidate,681,1280,720,1920,1080,11.2599,12.5637,9.88672,1,1,0,0,0,0
1080,6,candidate,682,1280,720,1920,1080,11.2876,12.382,9.64198,1,1,0,0,0,0
1080,6,candidate,683,1280,720,1920,1080,11.2189,12.4757,9.84883,1,1,0,0,0,0
1080,6,candidate,684,1280,720,1920,1080,11.2138,12.3562,9.84064,1,1,0,0,0,0
1080,6,candidate,685,1280,720,1920,1080,11.2558,12.216,9.8816,1,1,0,0,0,0
1080,6,candidate,686,1280,720,1920,1080,11.262,12.5041,9.88672,1,1,0,0,0,0
1080,6,candidate,687,1280,720,1920,1080,11.1892,12.3957,9.81709,1,1,0,0,0,0
1080,6,candidate,688,1280,720,1920,1080,11.2394,12.5102,9.86317,1,1,0,0,0,0
1080,6,candidate,689,1280,720,1920,1080,11.2404,12.5327,9.86726,1,1,0,0,0,0
1080,6,candidate,690,1280,720,1920,1080,11.4616,12.5902,10.0772,1,1,0,0,0,0
1080,6,candidate,691,1280,720,1920,1080,11.2732,12.4915,9.90106,1,1,0,0,0,0
1080,6,candidate,692,1280,720,1920,1080,11.2896,12.5297,9.91437,1,1,0,0,0,0
1080,6,candidate,693,1280,720,1920,1080,11.2486,12.5816,9.87648,1,1,0,0,0,0
1080,6,candidate,694,1280,720,1920,1080,11.2998,12.5705,9.6553,1,1,0,0,0,0
1080,6,candidate,695,1280,720,1920,1080,11.2804,12.2033,9.63891,1,1,0,0,0,0
1080,6,candidate,696,1280,720,1920,1080,11.092,12.2797,9.71878,1,1,0,0,0,0
1080,6,candidate,697,1280,720,1920,1080,11.2671,12.7332,9.89491,1,1,0,0,0,0
1080,6,candidate,698,1280,720,1920,1080,11.1534,12.4551,9.7792,1,1,0,0,0,0
1080,6,candidate,699,1280,720,1920,1080,11.1493,12.4372,9.77715,1,1,0,0,0,0
1080,6,candidate,700,1280,720,1920,1080,11.1473,12.348,9.77306,1,1,0,0,0,0
1080,6,candidate,701,1280,720,1920,1080,11.3531,12.3284,9.98195,1,1,0,0,0,0
1080,6,candidate,702,1280,720,1920,1080,11.266,12.5515,9.89082,1,1,0,0,0,0
1080,6,candidate,703,1280,720,1920,1080,11.4719,12.6923,10.1007,1,1,0,0,0,0
1080,6,candidate,704,1280,720,1920,1080,11.3295,12.4578,8.72448,1,1,0,0,0,0
1080,6,candidate,705,1280,720,1920,1080,11.1145,12.283,9.73926,1,1,0,0,0,0
1080,6,candidate,706,1280,720,1920,1080,11.4412,12.4635,10.07,1,1,0,0,0,0
1080,6,candidate,707,1280,720,1920,1080,11.2374,12.4207,9.86419,1,1,0,0,0,0
1080,6,candidate,708,1280,720,1920,1080,11.0367,12.2842,9.66246,1,1,0,0,0,0
1080,6,candidate,709,1280,720,1920,1080,11.0838,12.561,9.71059,1,1,0,0,0,0
1080,6,candidate,710,1280,720,1920,1080,10.9722,12.4163,9.6,1,1,0,0,0,0
1080,6,candidate,711,1280,720,1920,1080,11.2241,12.2307,9.84986,1,1,0,0,0,0
1080,6,candidate,712,1280,720,1920,1080,11.3132,12.3842,9.93792,1,1,0,0,0,0
1080,6,candidate,713,1280,720,1920,1080,11.2927,12.3848,9.73005,1,1,0,0,0,0
1080,6,candidate,714,1280,720,1920,1080,11.4381,12.5735,10.0608,1,1,0,0,0,0
1080,6,candidate,715,1280,720,1920,1080,11.2783,12.6824,9.90413,1,1,0,0,0,0
1080,6,candidate,716,1280,720,1920,1080,11.4371,12.4869,10.0628,1,1,0,0,0,0
1080,6,candidate,717,1280,720,1920,1080,11.2701,12.3631,9.89594,1,1,0,0,0,0
1080,6,candidate,718,1280,720,1920,1080,11.0633,12.3922,9.69216,1,1,0,0,0,0
1080,6,candidate,719,1280,720,1920,1080,11.0019,12.4019,9.6297,1,1,0,0,0,0
1080,6,candidate,720,1280,720,1920,1080,11.4524,12.6561,9.82835,1,1,0,0,0,0
1080,6,candidate,721,1280,720,1920,1080,11.39,12.5247,9.99834,1,1,0,0,0,0
1080,6,candidate,722,1280,720,1920,1080,11.4862,12.5727,10.112,1,1,0,0,0,0
1080,6,candidate,723,1280,720,1920,1080,11.009,12.2324,9.63891,1,1,0,0,0,0
1080,6,candidate,724,1280,720,1920,1080,11.1493,12.521,9.7751,1,1,0,0,0,0
1080,6,candidate,725,1280,720,1920,1080,11.3981,12.5391,10.026,1,1,0,0,0,0
1080,6,candidate,726,1280,720,1920,1080,11.223,12.2277,9.84781,1,1,0,0,0,0
1080,6,candidate,727,1280,720,1920,1080,11.2937,12.2341,9.92051,1,1,0,0,0,0
1080,6,candidate,728,1280,720,1920,1080,11.1319,12.3138,9.75667,1,1,0,0,0,0
1080,6,candidate,729,1280,720,1920,1080,11.433,12.3917,10.0598,1,1,0,0,0,0
1080,6,candidate,730,1280,720,1920,1080,11.2292,12.2423,9.61229,1,1,0,0,0,0
1080,6,candidate,731,1280,720,1920,1080,10.9332,12.023,9.55802,1,1,0,0,0,0
1080,6,candidate,732,1280,720,1920,1080,11.4924,12.5911,9.87341,1,1,0,0,0,0
1080,6,candidate,733,1280,720,1920,1080,11.2876,12.1798,9.91437,1,1,0,0,0,0
1080,6,candidate,734,1280,720,1920,1080,11.4278,12.3824,10.0526,1,1,0,0,0,0
1080,6,candidate,735,1280,720,1920,1080,11.307,12.2783,9.93382,1,1,0,0,0,0
1080,6,candidate,736,1280,720,1920,1080,11.4842,12.5681,9.84986,1,1,0,0,0,0
1080,6,candidate,737,1280,720,1920,1080,11.2916,12.2459,9.91539,1,1,0,0,0,0
1080,6,candidate,738,1280,720,1920,1080,11.3981,12.4252,9.77818,1,1,0,0,0,0
1080,6,candidate,739,1280,720,1920,1080,11.2579,12.3871,9.88365,1,1,0,0,0,0
1080,6,candidate,740,1280,720,1920,1080,11.4852,12.5311,9.83859,1,1,0,0,0,0
1080,6,candidate,741,1280,720,1920,1080,11.2906,12.3679,9.91744,1,1,0,0,0,0
1080,6,candidate,742,1280,720,1920,1080,9.76794,10.8538,8.39475,1,1,0,0,0,0
1080,6,candidate,743,1280,720,1920,1080,11.008,13.5173,9.61434,1,1,0,0,0,0
1080,6,candidate,744,1280,720,1920,1080,11.3244,12.2079,9.76384,1,1,0,0,0,0
1080,6,candidate,745,1280,720,1920,1080,11.3091,12.3598,9.93382,1,1,0,0,0,0
1080,6,candidate,746,1280,720,1920,1080,11.2169,12.5766,9.83962,1,1,0,0,0,0
1080,6,candidate,747,1280,720,1920,1080,11.2742,12.4034,9.6512,1,1,0,0,0,0
1080,6,candidate,748,1280,720,1920,1080,11.2681,12.3377,9.63891,1,1,0,0,0,0
1080,6,candidate,749,1280,720,1920,1080,11.3039,12.3021,9.67782,1,1,0,0,0,0
1080,6,candidate,750,1280,720,1920,1080,11.1636,12.3745,9.79149,1,1,0,0,0,0
1080,6,candidate,751,1280,720,1920,1080,11.1852,12.6305,9.81402,1,1,0,0,0,0
1080,6,candidate,752,1280,720,1920,1080,11.2425,12.4954,9.86624,1,1,0,0,0,0
1080,6,candidate,753,1280,720,1920,1080,11.2722,12.3367,9.62765,1,1,0,0,0,0
1080,6,candidate,754,1280,720,1920,1080,11.1739,12.3858,9.79968,1,1,0,0,0,0
1080,6,candidate,755,1280,720,1920,1080,11.5261,12.6379,9.89798,1,1,0,0,0,0
1080,6,candidate,756,1280,720,1920,1080,11.2384,12.7122,9.86726,1,1,0,0,0,0
1080,6,candidate,757,1280,720,1920,1080,11.3572,12.585,9.984,1,1,0,0,0,0
1080,6,candidate,758,1280,720,1920,1080,11.306,12.2839,9.93178,1,1,0,0,0,0
1080,6,candidate,759,1280,720,1920,1080,11.3756,12.4408,9.73824,1,1,0,0,0,0
1080,6,candidate,760,1280,720,1920,1080,11.2927,12.5081,9.65427,1,1,0,0,0,0
1080,6,candidate,761,1280,720,1920,1080,11.1892,12.5183,9.81606,1,1,0,0,0,0
1080,6,candidate,762,1280,720,1920,1080,11.1821,12.4912,9.80685,1,1,0,0,0,0
1080,6,candidate,763,1280,720,1920,1080,11.2599,12.6766,9.88877,1,1,0,0,0,0
1080,6,candidate,764,1280,720,1920,1080,11.392,12.5163,9.68294,1,1,0,0,0,0
1080,6,candidate,765,1280,720,1920,1080,11.3613,12.2803,9.79866,1,1,0,0,0,0
1080,6,candidate,766,1280,720,1920,1080,11.052,12.1686,9.67782,1,1,0,0,0,0
1080,6,candidate,767,1280,720,1920,1080,10.9466,12.0493,9.57542,1,1,0,0,0,0
1080,6,candidate,768,1280,720,1920,1080,11.3951,12.2849,10.0198,1,1,0,0,0,0
1080,6,candidate,769,1280,720,1920,1080,10.9332,12.0098,9.56109,1,1,0,0,0,0
1080,6,candidate,770,1280,720,1920,1080,11.434,12.3306,10.0588,1,1,0,0,0,0
1080,6,candidate,771,1280,720,1920,1080,11.2138,12.1673,9.83962,1,1,0,0,0,0
1080,6,candidate,772,1280,720,1920,1080,11.0766,12.15,9.70035,1,1,0,0,0,0
1080,6,candidate,773,1280,720,1920,1080,11.137,12.2871,9.74234,1,1,0,0,0,0
1080,6,candidate,774,1280,720,1920,1080,11.2691,12.3042,9.89184,1,1,0,0,0,0
1080,6,candidate,775,1280,720,1920,1080,11.4319,12.3998,10.0567,1,1,0,0,0,0
1080,6,candidate,776,1280,720,1920,1080,11.4545,12.4048,10.0813,1,1,0,0,0,0
1080,6,candidate,777,1280,720,1920,1080,11.4575,12.4719,10.0874,1,1,0,0,0,0
1080,6,candidate,778,1280,720,1920,1080,11.4401,12.5471,10.068,1,1,0,0,0,0
1080,6,candidate,779,1280,720,1920,1080,11.4616,12.4823,10.0895,1,1,0,0,0,0
1080,6,candidate,780,1280,720,1920,1080,11.4186,12.4565,10.0424,1,1,0,0,0,0
1080,6,candidate,781,1280,720,1920,1080,11.4831,12.4966,10.11,1,1,0,0,0,0
1080,6,candidate,782,1280,720,1920,1080,11.479,12.4468,10.1059,1,1,0,0,0,0
1080,6,candidate,783,1280,720,1920,1080,11.3459,12.4443,9.97376,1,1,0,0,0,0
1080,6,candidate,784,1280,720,1920,1080,11.393,12.307,9.76179,1,1,0,0,0,0
1080,6,candidate,785,1280,720,1920,1080,11.4883,12.3778,10.1151,1,1,0,0,0,0
1080,6,candidate,786,1280,720,1920,1080,11.2394,12.1513,9.86522,1,1,0,0,0,0
1080,6,candidate,787,1280,720,1920,1080,11.2251,12.2433,9.85088,1,1,0,0,0,0
1080,6,candidate,788,1280,720,1920,1080,11.4586,12.4198,9.82835,1,1,0,0,0,0
1080,6,candidate,789,1280,720,1920,1080,11.4616,12.4283,9.83757,1,1,0,0,0,0
1080,6,candidate,790,1280,720,1920,1080,11.4985,12.5851,9.86829,1,1,0,0,0,0
1080,6,candidate,791,1280,720,1920,1080,11.4217,12.4495,9.79866,1,1,0,0,0,0
1080,6,candidate,792,1280,720,1920,1080,11.3807,12.3547,9.76077,1,1,0,0,0,0
1080,6,candidate,793,1280,720,1920,1080,11.4698,12.4025,9.84371,1,1,0,0,0,0
1080,6,candidate,794,1280,720,1920,1080,11.348,12.2507,9.7239,1,1,0,0,0,0
1080,6,candidate,795,1280,720,1920,1080,11.4995,12.5044,9.87955,1,1,0,0,0,0
1080,6,candidate,796,1280,720,1920,1080,11.4678,12.5099,9.84371,1,1,0,0,0,0
1080,6,candidate,797,1280,720,1920,1080,11.4606,12.4118,9.83552,1,1,0,0,0,0
1080,6,candidate,798,1280,720,1920,1080,11.2374,12.2439,9.61638,1,1,0,0,0,0
1080,6,candidate,799,1280,720,1920,1080,11.2292,12.1939,9.61331,1,1,0,0,0,0
1080,6,candidate,800,1280,720,1920,1080,10.0813,11.0044,8.7081,1,1,0,0,0,0
1080,6,candidate,801,1280,720,1920,1080,13.1052,14.1621,11.733,1,1,0,0,0,0
1080,6,candidate,802,1280,720,1920,1080,11.3992,12.4409,10.0239,1,1,0,0,0,0
1080,6,candidate,803,1280,720,1920,1080,11.2261,12.4431,9.85395,1,1,0,0,0,0
1080,6,candidate,804,1280,720,1920,1080,11.1944,12.5035,9.82118,1,1,0,0,0,0
1080,6,candidate,805,1280,720,1920,1080,9.84064,11.0302,8.47053,1,1,0,0,0,0
1080,6,candidate,806,1280,720,1920,1080,11.3009,12.3626,9.92666,1,1,0,0,0,0
1080,6,candidate,807,1280,720,1920,1080,11.0111,12.118,9.63891,1,1,0,0,0,0
1080,6,candidate,808,1280,720,1920,1080,11.3562,12.3813,9.98195,1,1,0,0,0,0
1080,6,candidate,809,1280,720,1920,1080,11.2538,12.2333,9.8775,1,1,0,0,0,0
1080,6,candidate,810,1280,720,1920,1080,9.37165,12.7002,7.99437,1,1,0,0,0,0
1080,6,candidate,811,1280,720,1920,1080,11.2148,12.2545,9.84166,1,1,0,0,0,0
1080,6,candidate,812,1280,720,1920,1080,11.2333,12.2187,9.85907,1,1,0,0,0,0
1080,6,candidate,813,1280,720,1920,1080,11.3971,12.3626,10.0239,1,1,0,0,0,0
1080,6,candidate,814,1280,720,1920,1080,11.308,12.3144,9.93178,1,1,0,0,0,0
1080,6,candidate,815,1280,720,1920,1080,11.265,12.4385,9.89286,1,1,0,0,0,0
1080,6,candidate,816,1280,720,1920,1080,11.4678,12.5369,10.0946,1,1,0,0,0,0
1080,6,candidate,817,1280,720,1920,1080,11.4719,12.524,10.0966,1,1,0,0,0,0
1080,6,candidate,818,1280,720,1920,1080,11.4821,12.5503,10.1059,1,1,0,0,0,0
1080,6,candidate,819,1280,720,1920,1080,11.4186,12.3807,10.0444,1,1,0,0,0,0
1080,6,candidate,820,1280,720,1920,1080,11.0664,12.1522,9.67782,1,1,0,0,0,0
1080,6,candidate,821,1280,720,1920,1080,11.4729,12.5213,10.0997,1,1,0,0,0,0
1080,6,candidate,822,1280,720,1920,1080,11.2876,12.2104,9.91232,1,1,0,0,0,0
1080,6,candidate,823,1280,720,1920,1080,11.2159,12.2658,9.84371,1,1,0,0,0,0
1080,6,candidate,824,1280,720,1920,1080,11.2251,12.1975,9.84883,1,1,0,0,0,0
1080,6,candidate,825,1280,720,1920,1080,11.4125,12.414,9.77715,1,1,0,0,0,0
1080,6,candidate,826,1280,720,1920,1080,11.479,12.6433,9.83347,1,1,0,0,0,0
1080,6,candidate,827,1280,720,1920,1080,11.4442,12.4538,9.8007,1,1,0,0,0,0
1080,6,candidate,828,1280,720,1920,1080,11.2988,12.2833,9.66246,1,1,0,0,0,0
1080,6,candidate,829,1280,720,1920,1080,11.5118,12.548,9.87648,1,1,0,0,0,0
1080,6,candidate,830,1280,720,1920,1080,11.2927,12.3816,9.65325,1,1,0,0,0,0
1080,6,candidate,831,1280,720,1920,1080,11.4227,12.367,9.78125,1,1,0,0,0,0
1080,6,candidate,832,1280,720,1920,1080,11.2742,12.3616,9.64096,1,1,0,0,0,0
1080,6,candidate,833,1280,720,1920,1080,11.3101,12.3978,9.66861,1,1,0,0,0,0
1080,6,candidate,834,1280,720,1920,1080,11.2927,12.2854,9.66246,1,1,0,0,0,0
1080,6,candidate,835,1280,720,1920,1080,11.1493,12.425,9.78125,1,1,0,0,0,0
1080,6,candidate,836,1280,720,1920,1080,11.4565,12.6011,10.0792,1,1,0,0,0,0
1080,6,candidate,837,1280,720,1920,1080,9.78637,10.7949,8.41626,1,1,0,0,0,0
1080,6,candidate,838,1280,720,1920,1080,11.4196,12.3831,10.0444,1,1,0,0,0,0
1080,6,candidate,839,1280,720,1920,1080,12.4908,13.548,11.0991,1,1,0,0,0,0
1080,6,candidate,840,1280,720,1920,1080,12.1027,13.1358,10.7264,1,1,0,0,0,0
1080,6,candidate,841,1280,720,1920,1080,11.4575,12.521,10.0833,1,1,0,0,0,0
1080,6,candidate,842,1280,720,1920,1080,11.2937,12.3393,9.65632,1,1,0,0,0,0
1080,6,candidate,843,1280,720,1920,1080,11.391,12.4128,10.0076,1,1,0,0,0,0
1080,6,candidate,844,1280,720,1920,1080,11.1493,12.189,8.53504,1,1,0,0,0,0
1080,6,candidate,845,1280,720,1920,1080,9.91846,10.843,8.54528,1,1,0,0,0,0
1080,6,candidate,846,1280,720,1920,1080,10.7489,13.1599,9.12384,1,1,0,0,0,0
1080,6,candidate,847,1280,720,1920,1080,11.4432,12.5095,10.0649,1,1,0,0,0,0
1080,6,candidate,848,1280,720,1920,1080,11.2456,12.342,9.87136,1,1,0,0,0,0
1080,6,candidate,849,1280,720,1920,1080,11.2978,12.4004,9.92256,1,1,0,0,0,0
1080,6,candidate,850,1280,720,1920,1080,11.3019,12.3229,9.92563,1,1,0,0,0,0
1080,6,candidate,851,1280,720,1920,1080,11.479,12.4576,10.0977,1,1,0,0,0,0
1080,6,candidate,852,1280,720,1920,1080,11.0735,12.3222,9.6809,1,1,0,0,0,0
1080,6,candidate,853,1280,720,1920,1080,11.4801,12.4996,10.0977,1,1,0,0,0,0
1080,6,candidate,854,1280,720,1920,1080,11.3469,12.5491,9.97069,1,1,0,0,0,0
1080,6,candidate,855,1280,720,1920,1080,11.2527,12.2385,9.88058,1,1,0,0,0,0
1080,6,candidate,856,1280,720,1920,1080,11.2835,12.3715,9.65632,1,1,0,0,0,0
1080,6,candidate,857,1280,720,1920,1080,11.2732,12.1643,9.90003,1,1,0,0,0,0
1080,6,candidate,858,1280,720,1920,1080,11.4248,12.425,10.0465,1,1,0,0,0,0
1080,6,candidate,859,1280,720,1920,1080,11.4227,12.4242,10.0454,1,1,0,0,0,0
1080,6,candidate,860,1280,720,1920,1080,11.2927,12.2485,9.91437,1,1,0,0,0,0
1080,6,candidate,861,1280,720,1920,1080,11.2497,12.2027,9.87341,1,1,0,0,0,0
1080,6,candidate,862,1280,720,1920,1080,11.2824,12.2206,9.9072,1,1,0,0,0,0
1080,6,candidate,863,1280,720,1920,1080,11.4504,12.6144,9.81811,1,1,0,0,0,0
1080,6,candidate,864,1280,720,1920,1080,11.478,12.4044,10.1028,1,1,0,0,0,0
1080,6,candidate,865,1280,720,1920,1080,11.2753,12.3409,9.90003,1,1,0,0,0,0
1080,6,candidate,866,1280,720,1920,1080,11.4176,12.434,9.78842,1,1,0,0,0,0
1080,6,candidate,867,1280,720,1920,1080,11.4074,12.3345,9.78637,1,1,0,0,0,0
1080,6,candidate,868,1280,720,1920,1080,11.2835,12.3716,9.6553,1,1,0,0,0,0
1080,6,candidate,869,1280,720,1920,1080,11.2599,12.3398,9.63584,1,1,0,0,0,0
1080,6,candidate,870,1280,720,1920,1080,11.3152,12.3175,9.68704,1,1,0,0,0,0
1080,6,candidate,871,1280,720,1920,1080,11.3039,12.2792,9.6809,1,1,0,0,0,0
1080,6,candidate,872,1280,720,1920,1080,11.2118,12.4592,9.83654,1,1,0,0,0,0
1080,6,candidate,873,1280,720,1920,1080,11.223,12.7184,9.84986,1,1,0,0,0,0
1080,6,candidate,874,1280,720,1920,1080,9.91334,10.9269,8.53914,1,1,0,0,0,0
1080,6,candidate,875,1280,720,1920,1080,12.6484,13.8872,11.2251,1,1,0,0,0,0
1080,6,candidate,876,1280,720,1920,1080,11.9593,12.9929,10.3066,1,1,0,0,0,0
1080,6,candidate,877,1280,720,1920,1080,11.2916,12.2711,9.64813,1,1,0,0,0,0
1080,6,candidate,878,1280,720,1920,1080,11.5343,12.5936,9.88877,1,1,0,0,0,0
1080,6,candidate,879,1280,720,1920,1080,11.4227,12.5407,9.7833,1,1,0,0,0,0
1080,6,candidate,880,1280,720,1920,1080,11.8886,12.8479,10.2543,1,1,0,0,0,0
1080,6,candidate,881,1280,720,1920,1080,11.2568,12.2602,9.88262,1,1,0,0,0,0
1080,6,candidate,882,1280,720,1920,1080,11.5005,12.408,9.856,1,1,0,0,0,0
1080,6,candidate,883,1280,720,1920,1080,11.4811,12.417,9.82733,1,1,0,0,0,0
1080,6,candidate,884,1280,720,1920,1080,11.4473,12.5218,9.81197,1,1,0,0,0,0
1080,6,candidate,885,1280,720,1920,1080,11.4022,12.3896,9.76896,1,1,0,0,0,0
1080,6,candidate,886,1280,720,1920,1080,11.4442,12.3646,9.80582,1,1,0,0,0,0
1080,6,candidate,887,1280,720,1920,1080,11.5282,12.5318,9.80685,1,1,0,0,0,0
1080,6,candidate,888,1280,720,1920,1080,11.4811,12.466,9.82835,1,1,0,0,0,0
1080,6,candidate,889,1280,720,1920,1080,11.305,12.3788,9.66246,1,1,0,0,0,0
1080,6,candidate,890,1280,720,1920,1080,11.2742,12.3168,9.62867,1,1,0,0,0,0
1080,6,candidate,891,1280,720,1920,1080,11.4708,12.5858,9.8345,1,1,0,0,0,0
1080,6,candidate,892,1280,720,1920,1080,11.3265,12.3366,9.67066,1,1,0,0,0,0
1080,6,candidate,893,1280,720,1920,1080,11.3121,12.5519,9.66144,1,1,0,0,0,0
1080,6,candidate,894,1280,720,1920,1080,11.2783,12.433,9.62662,1,1,0,0,0,0
1080,6,candidate,895,1280,720,1920,1080,11.2527,12.264,9.60102,1,1,0,0,0,0
1080,6,candidate,896,1280,720,1920,1080,11.2671,12.2897,9.62048,1,1,0,0,0,0
1080,6,candidate,897,1280,720,1920,1080,11.3326,12.272,9.66861,1,1,0,0,0,0
1080,6,candidate,898,1280,720,1920,1080,11.1432,12.3869,9.76691,1,1,0,0,0,0
1080,6,candidate,899,1280,720,1920,1080,11.351,12.7874,9.97478,1,1,0,0,0,0
1080,6,candidate,900,1280,720,1920,1080,11.2773,12.4448,9.62253,1,1,0,0,0,0
1080,6,candidate,901,1280,720,1920,1080,11.1923,12.4687,9.81914,1,1,0,0,0,0
1080,6,candidate,902,1280,720,1920,1080,9.71162,10.6746,8.33741,1,1,0,0,0,0
1080,6,candidate,903,1280,720,1920,1080,12.6802,13.7182,10.3516,1,1,0,0,0,0
1080,6,candidate,904,1280,720,1920,1080,11.1032,12.2974,9.728,1,1,0,0,0,0
1080,6,candidate,905,1280,720,1920,1080,11.2056,12.209,9.8304,1,1,0,0,0,0
1080,6,candidate,906,1280,720,1920,1080,11.2937,12.3828,9.91642,1,1,0,0,0,0
1080,6,candidate,907,1280,720,1920,1080,11.0541,12.1828,9.65939,1,1,0,0,0,0
1080,6,candidate,908,1280,720,1920,1080,11.4063,12.3913,10.026,1,1,0,0,0,0
1080,6,candidate,909,1280,720,1920,1080,11.3101,12.5405,9.91846,1,1,0,0,0,0
1080,6,candidate,910,1280,720,1920,1080,10.9814,12.1567,9.60819,1,1,0,0,0,0
1080,6,candidate,911,1280,720,1920,1080,11.2916,12.3333,9.91744,1,1,0,0,0,0
1080,6,candidate,912,1280,720,1920,1080,11.2404,12.3658,9.86419,1,1,0,0,0,0
1080,6,candidate,913,1280,720,1920,1080,11.3674,12.2833,9.73824,1,1,0,0,0,0
1080,6,candidate,914,1280,720,1920,1080,11.4227,12.393,10.0444,1,1,0,0,0,0
1080,6,candidate,915,1280,720,1920,1080,11.4657,12.4174,10.0915,1,1,0,0,0,0
1080,6,candidate,916,1280,720,1920,1080,11.4831,12.4564,10.1059,1,1,0,0,0,0
1080,6,candidate,917,1280,720,1920,1080,11.4196,12.4254,10.0465,1,1,0,0,0,0
1080,6,candidate,918,1280,720,1920,1080,11.4575,12.5167,10.0813,1,1,0,0,0,0
1080,6,candidate,919,1280,720,1920,1080,11.3736,12.4066,10.0004,1,1,0,0,0,0
1080,6,candidate,920,1280,720,1920,1080,11.5261,12.5271,10.1489,1,1,0,0,0,0
1080,6,candidate,921,1280,720,1920,1080,11.4545,12.4453,10.0803,1,1,0,0,0,0
1080,6,candidate,922,1280,720,1920,1080,11.4637,12.3777,10.0884,1,1,0,0,0,0
1080,6,candidate,923,1280,720,1920,1080,11.3592,12.3056,9.984,1,1,0,0,0,0
1080,6,candidate,924,1280,720,1920,1080,11.4708,12.5295,10.0936,1,1,0,0,0,0
1080,6,candidate,925,1280,720,1920,1080,11.3326,12.5139,9.95635,1,1,0,0,0,0
1080,6,candidate,926,1280,720,1920,1080,11.308,12.3486,9.92973,1,1,0,0,0,0
1080,6,candidate,927,1280,720,1920,1080,11.3172,12.2631,9.94304,1,1,0,0,0,0
1080,6,candidate,928,1280,720,1920,1080,9.79149,10.7091,8.41728,1,1,0,0,0,0
1080,6,candidate,929,1280,720,1920,1080,12.3822,13.4687,10.9885,1,1,0,0,0,0
1080,6,candidate,930,1280,720,1920,1080,11.0572,12.1051,9.67885,1,1,0,0,0,0
1080,6,candidate,931,1280,720,1920,1080,11.1544,12.2186,9.78227,1,1,0,0,0,0
1080,6,candidate,932,1280,720,1920,1080,11.9654,12.8837,10.2543,1,1,0,0,0,0
1080,6,candidate,933,1280,720,1920,1080,11.4811,12.4039,9.82528,1,1,0,0,0,0
1080,6,candidate,934,1280,720,1920,1080,11.3019,12.2959,9.63789,1,1,0,0,0,0
1080,6,candidate,935,1280,720,1920,1080,11.1708,12.4542,9.79866,1,1,0,0,0,0
1080,6,candidate,936,1280,720,1920,1080,11.1616,12.2806,9.78637,1,1,0,0,0,0
1080,6,candidate,937,1280,720,1920,1080,11.4514,12.3988,10.0751,1,1,0,0,0,0
1080,6,candidate,938,1280,720,1920,1080,11.2579,12.2878,9.8775,1,1,0,0,0,0
1080,6,candidate,939,1280,720,1920,1080,11.4678,12.3661,10.0925,1,1,0,0,0,0
1080,6,candidate,940,1280,720,1920,1080,11.178,12.3532,9.8007,1,1,0,0,0,0
1080,6,candidate,941,1280,720,1920,1080,11.0705,12.4934,9.69523,1,1,0,0,0,0
1080,6,candidate,942,1280,720,1920,1080,11.0868,12.5185,9.71059,1,1,0,0,0,0
1080,6,candidate,943,1280,720,1920,1080,11.1995,12.5052,9.8263,1,1,0,0,0,0
1080,6,candidate,944,1280,720,1920,1080,9.75667,10.7538,8.38144,1,1,0,0,0,0
1080,6,candidate,945,1280,720,1920,1080,11.6378,12.6204,10.2615,1,1,0,0,0,0
1080,6,candidate,946,1280,720,1920,1080,12.6423,13.9724,11.265,1,1,0,0,0,0
1080,6,candidate,947,1280,720,1920,1080,11.0459,12.6066,9.6727,1,1,0,0,0,0
1080,6,candidate,948,1280,720,1920,1080,11.0838,12.5598,9.70752,1,1,0,0,0,0
1080,6,candidate,949,1280,720,1920,1080,11.0674,12.2651,9.69421,1,1,0,0,0,0
1080,6,candidate,950,1280,720,1920,1080,11.2384,12.2325,9.8601,1,1,0,0,0,0
1080,6,candidate,951,1280,720,1920,1080,11.2568,12.4226,9.88467,1,1,0,0,0,0
1080,6,candidate,952,1280,720,1920,1080,11.0008,12.3363,9.62253,1,1,0,0,0,0
1080,6,candidate,953,1280,720,1920,1080,11.2538,12.6705,9.8816,1,1,0,0,0,0
1080,6,candidate,954,1280,720,1920,1080,11.2579,12.2764,9.88058,1,1,0,0,0,0
1080,6,candidate,955,1280,720,1920,1080,11.2763,12.3986,9.90106,1,1,0,0,0,0
1080,6,candidate,956,1280,720,1920,1080,11.0182,12.1904,9.64301,1,1,0,0,0,0
1080,6,candidate,957,1280,720,1920,1080,11.2609,12.324,9.8857,1,1,0,0,0,0
1080,6,candidate,958,1280,720,1920,1080,11.0479,12.1755,9.66554,1,1,0,0,0,0
1080,6,candidate,959,1280,720,1920,1080,11.0408,12.1124,9.66451,1,1,0,0,0,0
1080,6,candidate,960,1280,720,1920,1080,11.8282,12.7806,10.198,1,1,0,0,0,0
1080,6,candidate,961,1280,720,1920,1080,11.262,12.2616,9.88774,1,1,0,0,0,0
1080,6,candidate,962,1280,720,1920,1080,9.95328,10.8646,8.576,1,1,0,0,0,0
1080,6,candidate,963,1280,720,1920,1080,11.734,12.9282,9.9072,1,1,0,0,0,0
1080,6,candidate,964,1280,720,1920,1080,11.1964,13.0832,9.81402,1,1,0,0,0,0
1080,6,candidate,965,1280,720,1920,1080,11.4534,12.3506,10.0782,1,1,0,0,0,0
1080,6,candidate,966,1280,720,1920,1080,11.4913,12.5185,9.83962,1,1,0,0,0,0
1080,6,candidate,967,1280,720,1920,1080,11.2681,12.267,9.89491,1,1,0,0,0,0
1080,6,candidate,968,1280,720,1920,1080,12.6822,15.0499,10.4991,1,1,0,0,0,0
1080,6,candidate,969,1280,720,1920,1080,11.691,12.7973,10.3137,1,1,0,0,0,0
1080,6,candidate,970,1280,720,1920,1080,11.6644,13.7971,10.284,1,1,0,0,0,0
1080,6,candidate,971,1280,720,1920,1080,13.0796,14.3513,11.7033,1,1,0,0,0,0
1080,6,candidate,972,1280,720,1920,1080,12.1313,13.8141,10.709,1,1,0,0,0,0
1080,6,candidate,973,1280,720,1920,1080,13.7708,15.0262,11.4842,1,1,0,0,0,0
1080,6,candidate,974,1280,720,1920,1080,12.2726,13.5435,10.8933,1,1,0,0,0,0
1080,6,candidate,975,1280,720,1920,1080,12.3423,13.4804,10.9404,1,1,0,0,0,0
1080,6,candidate,976,1280,720,1920,1080,13.3734,14.5253,10.0792,1,1,0,0,0,0
1080,6,candidate,977,1280,720,1920,1080,12.6628,14.0139,10.8042,1,1,0,0,0,0
1080,6,candidate,978,1280,720,1920,1080,14.1332,15.4488,12.2696,1,1,0,0,0,0
1080,6,candidate,979,1280,720,1920,1080,14.2582,15.4337,12.8707,1,1,0,0,0,0
1080,6,candidate,980,1280,720,1920,1080,15.1009,16.2837,12.5962,1,1,0,0,0,0
1080,6,candidate,981,1280,720,1920,1080,14.0872,15.6627,12.4877,1,1,0,0,0,0
1080,6,candidate,982,1280,720,1920,1080,11.3725,12.7316,9.73107,1,1,0,0,0,0
1080,6,candidate,983,1280,720,1920,1080,13.1625,15.4714,11.7862,1,1,0,0,0,0
1080,6,candidate,984,1280,720,1920,1080,12.372,13.4466,10.9629,1,1,0,0,0,0
1080,6,candidate,985,1280,720,1920,1080,13.4144,14.6234,11.1462,1,1,0,0,0,0
1080,6,candidate,986,1280,720,1920,1080,11.0643,12.2038,9.68602,1,1,0,0,0,0
1080,6,candidate,987,1280,720,1920,1080,11.4524,12.3957,10.0751,1,1,0,0,0,0
1080,6,candidate,988,1280,720,1920,1080,11.0295,12.2173,9.6512,1,1,0,0,0,0
1080,6,candidate,989,1280,720,1920,1080,11.3541,12.3219,9.97786,1,1,0,0,0,0
1080,6,candidate,990,1280,720,1920,1080,11.2671,12.3409,9.88774,1,1,0,0,0,0
1080,6,candidate,991,1280,720,1920,1080,11.4207,12.3749,10.0465,1,1,0,0,0,0
1080,6,candidate,992,1280,720,1920,1080,11.2886,12.3251,9.9113,1,1,0,0,0,0
1080,6,candidate,993,1280,720,1920,1080,11.4217,12.384,10.0465,1,1,0,0,0,0
1080,6,candidate,994,1280,720,1920,1080,11.2732,12.2894,9.89594,1,1,0,0,0,0
1080,6,candidate,995,1280,720,1920,1080,9.79354,10.6986,8.4224,1,1,0,0,0,0
1080,6,candidate,996,1280,720,1920,1080,12.119,14.0803,10.7438,1,1,0,0,0,0
1080,6,candidate,997,1280,720,1920,1080,11.1913,12.3395,9.81094,1,1,0,0,0,0
1080,6,candidate,998,1280,720,1920,1080,11.4217,12.3962,10.0454,1,1,0,0,0,0
1080,6,candidate,999,1280,720,1920,1080,11.2865,12.2816,9.65632,1,1,0,0,0,0
1080,6,candidate,1000,1280,720,1920,1080,11.3306,12.2756,9.69933,1,1,0,0,0,0
1080,6,candidate,1001,1280,720,1920,1080,11.2876,12.1905,9.6512,1,1,0,0,0,0
1080,6,candidate,1002,1280,720,1920,1080,11.2783,12.2051,9.63482,1,1,0,0,0,0
1080,6,candidate,1003,1280,720,1920,1080,11.3869,12.5334,9.99014,1,1,0,0,0,0
1080,6,candidate,1004,1280,720,1920,1080,11.4381,12.5032,10.0608,1,1,0,0,0,0
1080,6,candidate,1005,1280,720,1920,1080,11.2671,12.5394,9.89286,1,1,0,0,0,0
1080,6,candidate,1006,1280,720,1920,1080,11.2015,12.3611,9.82323,1,1,0,0,0,0
1080,6,candidate,1007,1280,720,1920,1080,11.5231,12.6548,10.1499,1,1,0,0,0,0
1080,6,candidate,1008,1280,720,1920,1080,11.2865,12.296,9.64096,1,1,0,0,0,0
1080,6,candidate,1009,1280,720,1920,1080,11.2896,12.4779,9.91539,1,1,0,0,0,0
1080,6,candidate,1010,1280,720,1920,1080,11.6019,12.5632,9.82835,1,1,0,0,0,0
1080,6,candidate,1011,1280,720,1920,1080,11.1739,12.402,9.79866,1,1,0,0,0,0
1080,6,candidate,1012,1280,720,1920,1080,11.264,12.3512,9.8857,1,1,0,0,0,0
1080,6,candidate,1013,1280,720,1920,1080,11.2876,12.2091,9.91232,1,1,0,0,0,0
1080,6,candidate,1014,1280,720,1920,1080,11.4821,12.5371,10.1018,1,1,0,0,0,0
1080,6,candidate,1015,1280,720,1920,1080,11.264,12.3394,9.88774,1,1,0,0,0,0
1080,6,candidate,1016,1280,720,1920,1080,10.8943,11.9673,9.51808,1,1,0,0,0,0
1080,6,candidate,1017,1280,720,1920,1080,11.2732,12.2564,9.89798,1,1,0,0,0,0
1080,6,candidate,1018,1280,720,1920,1080,11.3029,12.3186,9.92358,1,1,0,0,0,0
1080,6,candidate,1019,1280,720,1920,1080,11.0275,12.1258,9.65222,1,1,0,0,0,0
1080,6,candidate,1020,1280,720,1920,1080,11.394,12.3822,10.0147,1,1,0,0,0,0
1080,6,candidate,1021,1280,720,1920,1080,11.0705,12.225,9.69318,1,1,0,0,0,0
1080,6,candidate,1022,1280,720,1920,1080,11.4565,12.3519,10.0721,1,1,0,0,0,0
1080,6,candidate,1023,1280,720,1920,1080,11.3152,12.2733,9.9328,1,1,0,0,0,0
1080,6,candidate,1024,1280,720,1920,1080,11.4668,12.5708,10.0823,1,1,0,0,0,0
1080,6,candidate,1025,1280,720,1920,1080,11.4319,12.557,10.0577,1,1,0,0,0,0
1080,6,candidate,1026,1280,720,1920,1080,11.4852,12.4199,10.1059,1,1,0,0,0,0
1080,6,candidate,1027,1280,720,1920,1080,11.4616,12.4544,10.0854,1,1,0,0,0,0
1080,6,candidate,1028,1280,720,1920,1080,11.478,12.6159,10.0997,1,1,0,0,0,0
1080,6,candidate,1029,1280,720,1920,1080,11.4975,12.5752,10.1212,1,1,0,0,0,0
1080,6,candidate,1030,1280,720,1920,1080,11.264,12.2727,9.8857,1,1,0,0,0,0
1080,6,candidate,1031,1280,720,1920,1080,11.3971,12.355,10.0229,1,1,0,0,0,0
1080,6,candidate,1032,1280,720,1920,1080,11.4227,12.3863,10.0403,1,1,0,0,0,0
1080,6,candidate,1033,1280,720,1920,1080,11.4668,12.6278,10.0884,1,1,0,0,0,0
1080,6,candidate,1034,1280,720,1920,1080,11.4309,12.417,10.0495,1,1,0,0,0,0
1080,6,candidate,1035,1280,720,1920,1080,11.2927,12.2006,9.91437,1,1,0,0,0,0
1080,6,candidate,1036,1280,720,1920,1080,11.9173,12.8759,10.538,1,1,0,0,0,0
1080,6,candidate,1037,1280,720,1920,1080,11.5005,12.4893,10.1253,1,1,0,0,0,0
1080,6,candidate,1038,1280,720,1920,1080,11.3101,12.3446,9.68704,1,1,0,0,0,0
1080,6,candidate,1039,1280,720,1920,1080,11.5005,12.4388,10.1233,1,1,0,0,0,0
1080,6,candidate,1040,1280,720,1920,1080,11.3449,12.6204,9.96352,1,1,0,0,0,0
1080,6,candidate,1041,1280,720,1920,1080,11.4678,12.4672,10.0925,1,1,0,0,0,0
1080,6,candidate,1042,1280,720,1920,1080,11.5077,12.4796,10.1284,1,1,0,0,0,0
1080,6,candidate,1043,1280,720,1920,1080,11.4299,12.3847,10.0536,1,1,0,0,0,0
1080,6,candidate,1044,1280,720,1920,1080,11.3091,12.3061,9.92768,1,1,0,0,0,0
1080,6,candidate,1045,1280,720,1920,1080,11.2712,12.2931,9.89491,1,1,0,0,0,0
1080,6,candidate,1046,1280,720,1920,1080,11.2855,12.3242,9.90515,1,1,0,0,0,0
1080,6,candidate,1047,1280,720,1920,1080,11.2425,12.2444,9.86829,1,1,0,0,0,0
1080,6,candidate,1048,1280,720,1920,1080,11.4975,12.4612,9.84064,1,1,0,0,0,0
1080,6,candidate,1049,1280,720,1920,1080,11.4708,12.4256,9.82118,1,1,0,0,0,0
1080,6,candidate,1050,1280,720,1920,1080,11.3695,12.6219,9.9881,1,1,0,0,0,0
1080,6,candidate,1051,1280,720,1920,1080,11.5948,12.5985,9.85805,1,1,0,0,0,0
1080,6,candidate,1052,1280,720,1920,1080,12.0238,13.4057,10.6455,1,1,0,0,0,0
1080,6,candidate,1053,1280,720,1920,1080,11.3111,12.4177,9.93485,1,1,0,0,0,0
1080,6,candidate,1054,1280,720,1920,1080,11.3623,12.4338,9.72186,1,1,0,0,0,0
1080,6,candidate,1055,1280,720,1920,1080,11.2937,12.3134,9.91846,1,1,0,0,0,0
1080,6,candidate,1056,1280,720,1920,1080,11.3367,12.2792,9.95738,1,1,0,0,0,0
1080,6,candidate,1057,1280,720,1920,1080,11.434,12.4268,10.0567,1,1,0,0,0,0
1080,6,candidate,1058,1280,720,1920,1080,11.3101,12.2694,9.9287,1,1,0,0,0,0
1080,6,candidate,1059,1280,720,1920,1080,11.4903,12.731,10.113,1,1,0,0,0,0
1080,6,candidate,1060,1280,720,1920,1080,11.4801,12.5816,10.0956,1,1,0,0,0,0
1080,6,candidate,1061,1280,720,1920,1080,11.2937,12.2358,9.91846,1,1,0,0,0,0
1080,6,candidate,1062,1280,720,1920,1080,11.4371,12.4057,10.0557,1,1,0,0,0,0
1080,6,candidate,1063,1280,720,1920,1080,9.92154,10.8683,8.5463,1,1,0,0,0,0
1080,6,candidate,1064,1280,720,1920,1080,11.177,12.2097,9.79456,1,1,0,0,0,0
1080,6,candidate,1065,1280,720,1920,1080,11.3388,12.2634,9.96147,1,1,0,0,0,0
1080,6,candidate,1066,1280,720,1920,1080,11.4616,12.4168,9.88979,1,1,0,0,0,0
1080,6,candidate,1067,1280,720,1920,1080,11.5108,12.5698,10.1335,1,1,0,0,0,0
1080,6,candidate,1068,1280,720,1920,1080,11.2865,12.3138,9.72902,1,1,0,0,0,0
1080,6,candidate,1069,1280,720,1920,1080,11.4074,12.5534,10.0291,1,1,0,0,0,0
1080,6,candidate,1070,1280,720,1920,1080,11.1892,12.5379,9.8089,1,1,0,0,0,0
1080,6,candidate,1071,1280,720,1920,1080,11.263,12.58,9.88774,1,1,0,0,0,0
1080,6,candidate,1072,1280,720,1920,1080,11.4924,12.4721,9.87238,1,1,0,0,0,0
1080,6,candidate,1073,1280,720,1920,1080,11.8405,13.0917,10.4673,1,1,0,0,0,0
1080,6,candidate,1074,1280,720,1920,1080,11.4248,12.5727,9.86829,1,1,0,0,0,0
1080,6,candidate,1075,1280,720,1920,1080,11.2599,12.2789,9.8816,1,1,0,0,0,0
1080,6,candidate,1076,1280,720,1920,1080,11.3019,12.2292,9.65734,1,1,0,0,0,0
1080,6,candidate,1077,1280,720,1920,1080,12.9638,14.2479,11.5773,1,1,0,0,0,0
1080,6,candidate,1078,1280,720,1920,1080,11.9112,13.2524,10.5288,1,1,0,0,0,0
1080,6,candidate,1079,1280,720,1920,1080,11.4237,12.5178,10.0383,1,1,0,0,0,0
1080,6,candidate,1080,1280,720,1920,1080,11.1503,12.4799,9.77203,1,1,0,0,0,0
1080,6,candidate,1081,1280,720,1920,1080,11.478,12.4405,10.1018,1,1,0,0,0,0
1080,6,candidate,1082,1280,720,1920,1080,11.2589,12.2368,9.87955,1,1,0,0,0,0
1080,6,candidate,1083,1280,720,1920,1080,11.0756,12.2062,9.68499,1,1,0,0,0,0
1080,6,candidate,1084,1280,720,1920,1080,11.7924,12.8321,10.1693,1,1,0,0,0,0
1080,6,candidate,1085,1280,720,1920,1080,11.3039,12.3565,9.69114,1,1,0,0,0,0
1080,6,candidate,1086,1280,720,1920,1080,10.923,12.0671,9.54163,1,1,0,0,0,0
1080,6,candidate,1087,1280,720,1920,1080,11.4719,12.6041,10.0977,1,1,0,0,0,0
1080,6,candidate,1088,1280,720,1920,1080,11.2814,12.2998,9.89901,1,1,0,0,0,0
1080,6,candidate,1089,1280,720,1920,1080,11.4545,12.5433,10.0762,1,1,0,0,0,0
1080,6,candidate,1090,1280,720,1920,1080,11.2742,12.2718,9.88979,1,1,0,0,0,0
1080,6,candidate,1091,1280,720,1920,1080,12.3464,13.4856,10.9496,1,1,0,0,0,0
1080,6,candidate,1092,1280,720,1920,1080,11.606,12.635,9.87136,1,1,0,0,0,0
1080,6,candidate,1093,1280,720,1920,1080,11.3766,13.1248,8.69683,1,1,0,0,0,0
1080,6,candidate,1094,1280,720,1920,1080,11.0848,12.2405,9.68602,1,1,0,0,0,0
1080,6,candidate,1095,1280,720,1920,1080,11.095,12.1363,9.71571,1,1,0,0,0,0
1080,6,candidate,1096,1280,720,1920,1080,10.1417,12.3587,8.76134,1,1,0,0,0,0
1080,6,candidate,1097,1280,720,1920,1080,11.5333,12.4637,10.1427,1,1,0,0,0,0
1080,6,candidate,1098,1280,720,1920,1080,10.0198,10.9716,8.64051,1,1,0,0,0,0
1080,6,candidate,1099,1280,720,1920,1080,9.38803,10.357,8.01382,1,1,0,0,0,0
1080,6,candidate,1100,1280,720,1920,1080,12.3474,13.4112,10.0536,1,1,0,0,0,0
1080,6,candidate,1101,1280,720,1920,1080,11.3766,13.0523,9.99219,1,1,0,0,0,0
1080,6,candidate,1102,1280,720,1920,1080,11.2384,12.2978,9.85702,1,1,0,0,0,0
1080,6,candidate,1103,1280,720,1920,1080,11.2077,12.2703,8.55654,1,1,0,0,0,0
1080,6,candidate,1104,1280,720,1920,1080,11.2097,12.4272,9.82733,1,1,0,0,0,0
1080,6,candidate,1105,1280,720,1920,1080,11.2036,12.1018,9.82426,1,1,0,0,0,0
1080,6,candidate,1106,1280,720,1920,1080,11.3029,12.3444,9.91949,1,1,0,0,0,0
1080,6,candidate,1107,1280,720,1920,1080,11.4575,12.3624,9.83654,1,1,0,0,0,0
1080,6,candidate,1108,1280,720,1920,1080,12.0218,13.0207,10.4428,1,1,0,0,0,0
1080,6,candidate,1109,1280,720,1920,1080,9.78842,10.8574,8.41318,1,1,0,0,0,0
1080,6,candidate,1110,1280,720,1920,1080,11.3777,12.2966,9.82835,1,1,0,0,0,0
1080,6,candidate,1111,1280,720,1920,1080,13.5731,14.7658,12.0259,1,1,0,0,0,0
1080,6,candidate,1112,1280,720,1920,1080,14.1435,15.7886,12.5778,1,1,0,0,0,0
1080,6,candidate,1113,1280,720,1920,1080,13.5875,14.7212,10.3731,1,1,0,0,0,0
1080,6,candidate,1114,1280,720,1920,1080,12.5061,13.6033,10.8739,1,1,0,0,0,0
1080,6,candidate,1115,1280,720,1920,1080,12.5379,15.0226,10.6045,1,1,0,0,0,0
1080,6,candidate,1116,1280,720,1920,1080,13.5721,14.6511,12.1713,1,1,0,0,0,0
1080,6,candidate,1117,1280,720,1920,1080,12.0054,13.3193,10.1755,1,1,0,0,0,0
1080,6,candidate,1118,1280,720,1920,1080,10.0813,11.0956,8.70093,1,1,0,0,0,0
1080,6,candidate,1119,1280,720,1920,1080,9.42694,10.3092,8.05171,1,1,0,0,0,0
1080,6,candidate,1120,1280,720,1920,1080,9.3993,10.5099,8.01792,1,1,0,0,0,0
1080,6,candidate,1121,1280,720,1920,1080,9.40749,10.3581,8.03123,1,1,0,0,0,0
1080,6,candidate,1122,1280,720,1920,1080,14.3831,16.8208,10.9507,1,1,0,0,0,0
1080,6,candidate,1123,1280,720,1920,1080,13.8609,16.1315,11.6419,1,1,0,0,0,0
1080,6,candidate,1124,1280,720,1920,1080,12.759,13.9716,10.3496,1,1,0,0,0,0
1080,6,candidate,1125,1280,720,1920,1080,13.9192,15.1702,11.9706,1,1,0,0,0,0
1080,6,candidate,1126,1280,720,1920,1080,13.2506,14.4017,10.1407,1,1,0,0,0,0
1080,6,candidate,1127,1280,720,1920,1080,14.5541,15.7831,11.522,1,1,0,0,0,0
1080,6,candidate,1128,1280,720,1920,1080,12.6167,15.6989,11.2364,1,1,0,0,0,0
1080,6,candidate,1129,1280,720,1920,1080,11.0909,12.3235,9.32864,1,1,0,0,0,0
1080,6,candidate,1130,1280,720,1920,1080,13.2618,14.272,11.8374,1,1,0,0,0,0
1080,6,candidate,1131,1280,720,1920,1080,11.5476,12.7877,10.1714,1,1,0,0,0,0
1080,6,candidate,1132,1280,720,1920,1080,12.6085,13.9209,11.2292,1,1,0,0,0,0
1080,6,candidate,1133,1280,720,1920,1080,11.4115,12.3743,9.68499,1,1,0,0,0,0
1080,6,candidate,1134,1280,720,1920,1080,11.4033,12.4851,9.73824,1,1,0,0,0,0
1080,6,candidate,1135,1280,720,1920,1080,11.2036,12.4493,9.8263,1,1,0,0,0,0
1080,6,candidate,1136,1280,720,1920,1080,11.4831,12.4143,9.84576,1,1,0,0,0,0
1080,6,candidate,1137,1280,720,1920,1080,11.1544,12.4157,9.77818,1,1,0,0,0,0
1080,6,candidate,1138,1280,720,1920,1080,11.7914,13.1438,10.4079,1,1,0,0,0,0
1080,6,candidate,1139,1280,720,1920,1080,11.392,12.4315,9.72902,1,1,0,0,0,0
1080,6,candidate,1140,1280,720,1920,1080,12.1119,13.0606,10.4663,1,1,0,0,0,0
1080,6,candidate,1141,1280,720,1920,1080,11.2773,12.3065,9.89594,1,1,0,0,0,0
1080,6,candidate,1142,1280,720,1920,1080,11.2896,12.28,9.9072,1,1,0,0,0,0
1080,6,candidate,1143,1280,720,1920,1080,11.3326,12.3005,9.95533,1,1,0,0,0,0
1080,6,candidate,1144,1280,720,1920,1080,11.605,12.884,9.69216,1,1,0,0,0,0
1080,6,candidate,1145,1280,720,1920,1080,11.5231,13.1829,10.1427,1,1,0,0,0,0
1080,6,candidate,1146,1280,720,1920,1080,11.4944,12.6088,10.1089,1,1,0,0,0,0
1080,6,candidate,1147,1280,720,1920,1080,13.4779,14.6115,10.3516,1,1,0,0,0,0
1080,6,candidate,1148,1280,720,1920,1080,11.265,13.135,9.88262,1,1,0,0,0,0
1080,6,candidate,1149,1280,720,1920,1080,10.9476,11.9896,9.56826,1,1,0,0,0,0
1080,6,candidate,1150,1280,720,1920,1080,11.5732,12.5266,9.94509,1,1,0,0,0,0
1080,6,candidate,1151,1280,720,1920,1080,13.1369,14.3058,11.7412,1,1,0,0,0,0
1080,6,candidate,1152,1280,720,1920,1080,11.3756,12.3627,9.73414,1,1,0,0,0,0
1080,6,candidate,1153,1280,720,1920,1080,11.2998,12.2676,9.92154,1,1,0,0,0,0
1080,6,candidate,1154,1280,720,1920,1080,12.2081,13.2411,10.5708,1,1,0,0,0,0
1080,6,candidate,1155,1280,720,1920,1080,11.0182,12.4097,9.63994,1,1,0,0,0,0
1080,6,candidate,1156,1280,720,1920,1080,11.0295,12.3051,9.64506,1,1,0,0,0,0
1080,6,candidate,1157,1280,720,1920,1080,13.0847,14.2835,10.4387,1,1,0,0,0,0
1080,6,candidate,1158,1280,720,1920,1080,11.7883,13.1474,10.4049,1,1,0,0,0,0
1080,6,candidate,1159,1280,720,1920,1080,11.8354,12.8685,10.1919,1,1,0,0,0,0
1080,6,candidate,1160,1280,720,1920,1080,13.2526,14.8556,11.8712,1,1,0,0,0,0
1080,6,candidate,1161,1280,720,1920,1080,10.9896,12.3254,9.61126,1,1,0,0,0,0
1080,6,candidate,1162,1280,720,1920,1080,12.8133,14.2311,11.1596,1,1,0,0,0,0
1080,6,candidate,1163,1280,720,1920,1080,11.8692,12.8523,10.2093,1,1,0,0,0,0
1080,6,candidate,1164,1280,720,1920,1080,12.1324,13.1757,10.5708,1,1,0,0,0,0
1080,6,candidate,1165,1280,720,1920,1080,11.3388,12.4187,9.95942,1,1,0,0,0,0
1080,6,candidate,1166,1280,720,1920,1080,11.5466,12.7648,10.1632,1,1,0,0,0,0
1080,6,candidate,1167,1280,720,1920,1080,11.3183,12.4235,9.94099,1,1,0,0,0,0
1080,6,candidate,1168,1280,720,1920,1080,11.8231,12.8666,10.3987,1,1,0,0,0,0
1080,6,candidate,1169,1280,720,1920,1080,12.3802,14.5415,10.069,1,1,0,0,0,0
1080,6,candidate,1170,1280,720,1920,1080,11.1493,12.4093,9.76896,1,1,0,0,0,0
1080,6,candidate,1171,1280,720,1920,1080,11.4278,12.5831,10.0526,1,1,0,0,0,0
1080,6,candidate,1172,1280,720,1920,1080,11.3469,12.4502,9.69523,1,1,0,0,0,0
1080,6,candidate,1173,1280,720,1920,1080,11.8569,12.7942,10.2062,1,1,0,0,0,0
1080,6,candidate,1174,1280,720,1920,1080,12.0576,14.084,10.6762,1,1,0,0,0,0
1080,6,candidate,1175,1280,720,1920,1080,12.1887,13.39,10.8124,1,1,0,0,0,0
1080,6,candidate,1176,1280,720,1920,1080,12.4508,13.6042,11.0172,1,1,0,0,0,0
1080,6,candidate,1177,1280,720,1920,1080,11.4852,12.4697,9.82938,1,1,0,0,0,0
1080,6,candidate,1178,1280,720,1920,1080,13.0396,14.2184,11.6204,1,1,0,0,0,0
1080,6,candidate,1179,1280,720,1920,1080,11.4934,12.4545,9.8345,1,1,0,0,0,0
1080,6,candidate,1180,1280,720,1920,1080,11.4831,12.4958,10.1038,1,1,0,0,0,0
1080,6,candidate,1181,1280,720,1920,1080,11.4596,12.4071,10.0792,1,1,0,0,0,0
1080,6,candidate,1182,1280,720,1920,1080,9.94918,10.8764,8.56883,1,1,0,0,0,0
1080,6,candidate,1183,1280,720,1920,1080,12.7764,13.8681,11.3664,1,1,0,0,0,0
1080,6,candidate,1184,1280,720,1920,1080,11.4227,12.3586,9.86624,1,1,0,0,0,0
1080,6,candidate,1185,1280,720,1920,1080,11.1708,12.3643,9.79661,1,1,0,0,0,0
1080,6,candidate,1186,1280,720,1920,1080,11.3152,12.3806,9.93792,1,1,0,0,0,0
1080,6,candidate,1187,1280,720,1920,1080,11.6142,12.5251,9.9799,1,1,0,0,0,0
1080,6,candidate,1188,1280,720,1920,1080,11.3275,12.2473,9.76691,1,1,0,0,0,0
1080,6,candidate,1189,1280,720,1920,1080,11.2824,12.2459,9.90413,1,1,0,0,0,0
1080,6,candidate,1190,1280,720,1920,1080,11.4063,12.4348,9.76691,1,1,0,0,0,0
1080,6,candidate,1191,1280,720,1920,1080,11.3449,12.3028,9.71059,1,1,0,0,0,0
1080,6,candidate,1192,1280,720,1920,1080,11.3172,12.3088,9.67885,1,1,0,0,0,0
1080,6,candidate,1193,1280,720,1920,1080,11.4698,12.4592,9.82938,1,1,0,0,0,0
1080,6,candidate,1194,1280,720,1920,1080,11.349,12.2893,9.69626,1,1,0,0,0,0
1080,6,candidate,1195,1280,720,1920,1080,11.2794,12.2429,9.63277,1,1,0,0,0,0
1080,6,candidate,1196,1280,720,1920,1080,11.2886,12.5508,9.90925,1,1,0,0,0,0
1080,6,candidate,1197,1280,720,1920,1080,11.2415,12.621,9.86624,1,1,0,0,0,0
1080,6,candidate,1198,1280,720,1920,1080,11.2701,12.2263,9.65018,1,1,0,0,0,0
1080,6,candidate,1199,1280,720,1920,1080,11.1985,12.3111,9.63379,1,1,0,0,0,0
1080,6,reference,300,1280,720,1920,1080,11.4565,12.5061,9.81504,1,1,0,0,0,0
1080,6,reference,301,1280,720,1920,1080,11.4565,12.507,9.82426,1,1,0,0,0,0
1080,6,reference,302,1280,720,1920,1080,11.4401,12.4397,9.80582,1,1,0,0,0,0
1080,6,reference,303,1280,720,1920,1080,11.435,12.5671,9.79354,1,1,0,0,0,0
1080,6,reference,304,1280,720,1920,1080,11.2855,12.3879,9.91334,1,1,0,0,0,0
1080,6,reference,305,1280,720,1920,1080,11.2947,12.329,9.91949,1,1,0,0,0,0
1080,6,reference,306,1280,720,1920,1080,11.52,12.4944,9.85498,1,1,0,0,0,0
1080,6,reference,307,1280,720,1920,1080,11.4012,12.3955,9.66758,1,1,0,0,0,0
1080,6,reference,308,1280,720,1920,1080,11.5395,12.6041,9.83859,1,1,0,0,0,0
1080,6,reference,309,1280,720,1920,1080,11.5395,12.5703,9.85395,1,1,0,0,0,0
1080,6,reference,310,1280,720,1920,1080,11.5302,12.5553,9.83859,1,1,0,0,0,0
1080,6,reference,311,1280,720,1920,1080,11.4903,12.4516,9.8304,1,1,0,0,0,0
1080,6,reference,312,1280,720,1920,1080,11.5313,12.5829,9.88262,1,1,0,0,0,0
1080,6,reference,313,1280,720,1920,1080,11.0264,12.1179,8.3712,1,1,0,0,0,0
1080,6,reference,314,1280,720,1920,1080,10.9998,12.258,9.62662,1,1,0,0,0,0
1080,6,reference,315,1280,720,1920,1080,10.9189,11.9506,9.54368,1,1,0,0,0,0
1080,6,reference,316,1280,720,1920,1080,11.3039,12.2452,9.72902,1,1,0,0,0,0
1080,6,reference,317,1280,720,1920,1080,11.4043,12.4017,10.0239,1,1,0,0,0,0
1080,6,reference,318,1280,720,1920,1080,11.1012,12.3932,9.72595,1,1,0,0,0,0
1080,6,reference,319,1280,720,1920,1080,11.2876,12.4942,9.91334,1,1,0,0,0,0
1080,6,reference,320,1280,720,1920,1080,10.4417,11.509,9.06957,1,1,0,0,0,0
1080,6,reference,321,1280,720,1920,1080,11.3613,13.3995,9.96147,1,1,0,0,0,0
1080,6,reference,322,1280,720,1920,1080,11.5487,12.5707,10.1745,1,1,0,0,0,0
1080,6,reference,323,1280,720,1920,1080,11.3162,12.3139,9.93997,1,1,0,0,0,0
1080,6,reference,324,1280,720,1920,1080,11.3132,12.567,9.93997,1,1,0,0,0,0
1080,6,reference,325,1280,720,1920,1080,10.1038,11.0652,8.72858,1,1,0,0,0,0
1080,6,reference,326,1280,720,1920,1080,10.5595,13.3365,9.17094,1,1,0,0,0,0
1080,6,reference,327,1280,720,1920,1080,11.2415,12.3675,9.86726,1,1,0,0,0,0
1080,6,reference,328,1280,720,1920,1080,11.095,12.1557,9.72186,1,1,0,0,0,0
1080,6,reference,329,1280,720,1920,1080,11.5681,12.5418,10.1714,1,1,0,0,0,0
1080,6,reference,330,1280,720,1920,1080,11.5692,12.6225,10.1939,1,1,0,0,0,0
1080,6,reference,331,1280,720,1920,1080,11.3162,12.2458,9.9287,1,1,0,0,0,0
1080,6,reference,332,1280,720,1920,1080,11.1002,12.3833,9.728,1,1,0,0,0,0
1080,6,reference,333,1280,720,1920,1080,11.1544,12.5213,9.76077,1,1,0,0,0,0
1080,6,reference,334,1280,720,1920,1080,10.9588,12.1577,9.58464,1,1,0,0,0,0
1080,6,reference,335,1280,720,1920,1080,9.77101,10.7551,8.3968,1,1,0,0,0,0
1080,6,reference,336,1280,720,1920,1080,11.4248,13.2309,10.0485,1,1,0,0,0,0
1080,6,reference,337,1280,720,1920,1080,10.8841,11.9146,9.50682,1,1,0,0,0,0
1080,6,reference,338,1280,720,1920,1080,11.3725,12.3711,10.0004,1,1,0,0,0,0
1080,6,reference,339,1280,720,1920,1080,11.4862,12.6405,9.82426,1,1,0,0,0,0
1080,6,reference,340,1280,720,1920,1080,11.4729,12.4038,9.8304,1,1,0,0,0,0
1080,6,reference,341,1280,720,1920,1080,11.4473,12.472,9.8007,1,1,0,0,0,0
1080,6,reference,342,1280,720,1920,1080,11.4954,12.4781,9.8345,1,1,0,0,0,0
1080,6,reference,343,1280,720,1920,1080,11.3582,12.4036,9.70854,1,1,0,0,0,0
1080,6,reference,344,1280,720,1920,1080,11.4852,12.6086,9.85088,1,1,0,0,0,0
1080,6,reference,345,1280,720,1920,1080,11.5395,12.5437,9.89594,1,1,0,0,0,0
1080,6,reference,346,1280,720,1920,1080,11.519,12.5205,9.87443,1,1,0,0,0,0
1080,6,reference,347,1280,720,1920,1080,11.3869,12.3569,9.81914,1,1,0,0,0,0
1080,6,reference,348,1280,720,1920,1080,11.4207,12.3736,10.0434,1,1,0,0,0,0
1080,6,reference,349,1280,720,1920,1080,11.3828,12.3496,9.65427,1,1,0,0,0,0
1080,6,reference,350,1280,720,1920,1080,11.3152,12.3229,9.6809,1,1,0,0,0,0
1080,6,reference,351,1280,720,1920,1080,11.6562,12.8171,9.9881,1,1,0,0,0,0
1080,6,reference,352,1280,720,1920,1080,11.3172,12.4111,9.67168,1,1,0,0,0,0
1080,6,reference,353,1280,720,1920,1080,11.5036,12.4935,9.86317,1,1,0,0,0,0
1080,6,reference,354,1280,720,1920,1080,11.4903,12.4499,9.8263,1,1,0,0,0,0
1080,6,reference,355,1280,720,1920,1080,13.2557,14.6019,10.8923,1,1,0,0,0,0
1080,6,reference,356,1280,720,1920,1080,10.964,12.1085,9.58976,1,1,0,0,0,0
1080,6,reference,357,1280,720,1920,1080,13.2925,14.5292,10.2963,1,1,0,0,0,0
1080,6,reference,358,1280,720,1920,1080,13.612,14.8395,10.2707,1,1,0,0,0,0
1080,6,reference,359,1280,720,1920,1080,11.6644,12.9275,10.2861,1,1,0,0,0,0
1080,6,reference,360,1280,720,1920,1080,13.7533,15.5536,11.2927,1,1,0,0,0,0
1080,6,reference,361,1280,720,1920,1080,14.3575,15.5824,12.5676,1,1,0,0,0,0
1080,6,reference,362,1280,720,1920,1080,12.586,13.6506,10.8462,1,1,0,0,0,0
1080,6,reference,363,1280,720,1920,1080,12.3279,14.6808,10.4673,1,1,0,0,0,0
1080,6,reference,364,1280,720,1920,1080,11.2353,13.2983,9.84166,1,1,0,0,0,0
1080,6,reference,365,1280,720,1920,1080,11.6541,12.9356,10.0198,1,1,0,0,0,0
1080,6,reference,366,1280,720,1920,1080,11.4913,12.5529,10.1151,1,1,0,0,0,0
1080,6,reference,367,1280,720,1920,1080,11.4995,12.4693,10.1192,1,1,0,0,0,0
1080,6,reference,368,1280,720,1920,1080,11.4995,12.4574,10.1222,1,1,0,0,0,0
1080,6,reference,369,1280,720,1920,1080,11.4493,12.5017,10.07,1,1,0,0,0,0
1080,6,reference,370,1280,720,1920,1080,11.8374,12.7946,10.2717,1,1,0,0,0,0
1080,6,reference,371,1280,720,1920,1080,11.4872,12.4313,10.1069,1,1,0,0,0,0
1080,6,reference,372,1280,720,1920,1080,11.3428,12.3757,9.72595,1,1,0,0,0,0
1080,6,reference,373,1280,720,1920,1080,11.4668,12.3713,10.0874,1,1,0,0,0,0
1080,6,reference,374,1280,720,1920,1080,12.674,13.7815,10.8114,1,1,0,0,0,0
1080,6,reference,375,1280,720,1920,1080,10.9763,12.5656,9.59488,1,1,0,0,0,0
1080,6,reference,376,1280,720,1920,1080,11.0541,12.0422,9.67987,1,1,0,0,0,0
1080,6,reference,377,1280,720,1920,1080,11.3132,12.2936,9.93894,1,1,0,0,0,0
1080,6,reference,378,1280,720,1920,1080,11.8282,12.8331,10.454,1,1,0,0,0,0
1080,6,reference,379,1280,720,1920,1080,12.2235,13.6035,10.8462,1,1,0,0,0,0
1080,6,reference,380,1280,720,1920,1080,11.9163,13.9293,10.54,1,1,0,0,0,0
1080,6,reference,381,1280,720,1920,1080,11.3029,12.3175,9.73107,1,1,0,0,0,0
1080,6,reference,382,1280,720,1920,1080,11.0305,12.1756,9.6553,1,1,0,0,0,0
1080,6,reference,383,1280,720,1920,1080,9.79866,10.7906,8.42035,1,1,0,0,0,0
1080,6,reference,384,1280,720,1920,1080,13.6161,14.5629,11.732,1,1,0,0,0,0
1080,6,reference,385,1280,720,1920,1080,13.1932,14.8148,10.5062,1,1,0,0,0,0
1080,6,reference,386,1280,720,1920,1080,11.9398,13.7019,10.5667,1,1,0,0,0,0
1080,6,reference,387,1280,720,1920,1080,11.8825,13.6133,10.5073,1,1,0,0,0,0
1080,6,reference,388,1280,720,1920,1080,14.2275,15.6113,12.67,1,1,0,0,0,0
1080,6,reference,389,1280,720,1920,1080,13.3898,14.565,11.0397,1,1,0,0,0,0
1080,6,reference,390,1280,720,1920,1080,12.3003,13.9394,10.923,1,1,0,0,0,0
1080,6,reference,391,1280,720,1920,1080,12.2409,13.971,10.3127,1,1,0,0,0,0
1080,6,reference,392,1280,720,1920,1080,13.1717,14.5812,11.7402,1,1,0,0,0,0
1080,6,reference,393,1280,720,1920,1080,14.636,16.2507,10.9537,1,1,0,0,0,0
1080,6,reference,394,1280,720,1920,1080,11.8712,15.7207,10.4909,1,1,0,0,0,0
1080,6,reference,395,1280,720,1920,1080,12.4621,14.1063,10.5964,1,1,0,0,0,0
1080,6,reference,396,1280,720,1920,1080,13.5455,15.45,12.1713,1,1,0,0,0,0
1080,6,reference,397,1280,720,1920,1080,13.8486,15.1405,11.4381,1,1,0,0,0,0
1080,6,reference,398,1280,720,1920,1080,13.9366,15.1538,12.5194,1,1,0,0,0,0
1080,6,reference,399,1280,720,1920,1080,13.2762,14.6796,10.4335,1,1,0,0,0,0
1080,6,reference,400,1280,720,1920,1080,10.9343,12.3571,9.55802,1,1,0,0,0,0
1080,6,reference,401,1280,720,1920,1080,11.2394,12.2108,9.68192,1,1,0,0,0,0
1080,6,reference,402,1280,720,1920,1080,11.4043,12.3604,10.028,1,1,0,0,0,0
1080,6,reference,403,1280,720,1920,1080,11.4186,12.4625,10.0413,1,1,0,0,0,0
1080,6,reference,404,1280,720,1920,1080,11.6132,12.7055,10.2369,1,1,0,0,0,0
1080,6,reference,405,1280,720,1920,1080,11.4371,12.356,10.0598,1,1,0,0,0,0
1080,6,reference,406,1280,720,1920,1080,11.4237,12.4191,10.0485,1,1,0,0,0,0
1080,6,reference,407,1280,720,1920,1080,11.4616,12.559,10.0792,1,1,0,0,0,0
1080,6,reference,408,1280,720,1920,1080,11.4442,12.4763,10.0659,1,1,0,0,0,0
1080,6,reference,409,1280,720,1920,1080,11.4801,12.4375,10.1028,1,1,0,0,0,0
1080,6,reference,410,1280,720,1920,1080,11.4053,12.5167,10.0321,1,1,0,0,0,0
1080,6,reference,411,1280,720,1920,1080,11.4125,12.5245,10.0362,1,1,0,0,0,0
1080,6,reference,412,1280,720,1920,1080,11.3961,12.3043,10.0198,1,1,0,0,0,0
1080,6,reference,413,1280,720,1920,1080,11.2497,12.3363,9.87238,1,1,0,0,0,0
1080,6,reference,414,1280,720,1920,1080,11.2742,12.2065,9.89696,1,1,0,0,0,0
1080,6,reference,415,1280,720,1920,1080,9.75667,10.7876,8.38349,1,1,0,0,0,0
1080,6,reference,416,1280,720,1920,1080,11.2916,13.3706,9.89798,1,1,0,0,0,0
1080,6,reference,417,1280,720,1920,1080,11.0182,12.0204,9.64301,1,1,0,0,0,0
1080,6,reference,418,1280,720,1920,1080,11.0418,12.0172,9.66451,1,1,0,0,0,0
1080,6,reference,419,1280,720,1920,1080,11.3142,12.3089,9.93792,1,1,0,0,0,0
1080,6,reference,420,1280,720,1920,1080,11.0479,12.1195,9.66963,1,1,0,0,0,0
1080,6,reference,421,1280,720,1920,1080,11.6183,12.5027,10.0516,1,1,0,0,0,0
1080,6,reference,422,1280,720,1920,1080,14.4538,15.7141,13.0714,1,1,0,0,0,0
1080,6,reference,423,1280,720,1920,1080,14.1189,15.6987,12.29,1,1,0,0,0,0
1080,6,reference,424,1280,720,1920,1080,13.6919,14.728,12.2706,1,1,0,0,0,0
1080,6,reference,425,1280,720,1920,1080,11.5169,12.898,10.1396,1,1,0,0,0,0
1080,6,reference,426,1280,720,1920,1080,11.8313,14.4264,10.4438,1,1,0,0,0,0
1080,6,reference,427,1280,720,1920,1080,13.9592,15.326,12.3853,1,1,0,0,0,0
1080,6,reference,428,1280,720,1920,1080,13.7994,14.8593,10.9292,1,1,0,0,0,0
1080,6,reference,429,1280,720,1920,1080,11.9419,13.6327,10.5656,1,1,0,0,0,0
1080,6,reference,430,1280,720,1920,1080,12.4006,14.6868,10.6557,1,1,0,0,0,0
1080,6,reference,431,1280,720,1920,1080,11.4729,12.5211,9.6727,1,1,0,0,0,0
1080,6,reference,432,1280,720,1920,1080,13.3622,15.0112,11.9706,1,1,0,0,0,0
1080,6,reference,433,1280,720,1920,1080,13.8854,14.9879,12.5092,1,1,0,0,0,0
1080,6,reference,434,1280,720,1920,1080,14.1578,15.5004,11.7504,1,1,0,0,0,0
1080,6,reference,435,1280,720,1920,1080,14.7476,15.9064,12.543,1,1,0,0,0,0
1080,6,reference,436,1280,720,1920,1080,13.6325,14.7998,12.204,1,1,0,0,0,0
1080,6,reference,437,1280,720,1920,1080,13.9479,15.588,10.4694,1,1,0,0,0,0
1080,6,reference,438,1280,720,1920,1080,12.4406,13.7486,10.6148,1,1,0,0,0,0
1080,6,reference,439,1280,720,1920,1080,12.4959,13.5144,11.1032,1,1,0,0,0,0
1080,6,reference,440,1280,720,1920,1080,13.057,14.282,9.93382,1,1,0,0,0,0
1080,6,reference,441,1280,720,1920,1080,11.9808,13.2248,10.6045,1,1,0,0,0,0
1080,6,reference,442,1280,720,1920,1080,12.3484,13.4931,10.9527,1,1,0,0,0,0
1080,6,reference,443,1280,720,1920,1080,11.7801,13.1749,10.4038,1,1,0,0,0,0
1080,6,reference,444,1280,720,1920,1080,11.7903,12.8871,10.1304,1,1,0,0,0,0
1080,6,reference,445,1280,720,1920,1080,13.5158,15.0577,12.1139,1,1,0,0,0,0
1080,6,reference,446,1280,720,1920,1080,12.2911,13.7826,10.882,1,1,0,0,0,0
1080,6,reference,447,1280,720,1920,1080,11.4657,12.4231,9.82938,1,1,0,0,0,0
1080,6,reference,448,1280,720,1920,1080,12.2163,13.2085,10.581,1,1,0,0,0,0
1080,6,reference,449,1280,720,1920,1080,12.1057,13.1334,10.7264,1,1,0,0,0,0
1080,6,reference,450,1280,720,1920,1080,11.8477,12.8784,10.4755,1,1,0,0,0,0
1080,6,reference,451,1280,720,1920,1080,12.2685,13.5756,10.4397,1,1,0,0,0,0
1080,6,reference,452,1280,720,1920,1080,11.9429,13.7872,10.5656,1,1,0,0,0,0
1080,6,reference,453,1280,720,1920,1080,11.4944,12.7265,9.56211,1,1,0,0,0,0
1080,6,reference,454,1280,720,1920,1080,12.9946,14.1114,9.89594,1,1,0,0,0,0
1080,6,reference,455,1280,720,1920,1080,13.438,14.8331,12.0637,1,1,0,0,0,0
1080,6,reference,456,1280,720,1920,1080,12.1958,13.6601,9.85088,1,1,0,0,0,0
1080,6,reference,457,1280,720,1920,1080,12.0494,13.2562,10.3076,1,1,0,0,0,0
1080,6,reference,458,1280,720,1920,1080,13.1963,14.7403,11.819,1,1,0,0,0,0
1080,6,reference,459,1280,720,1920,1080,13.2577,14.531,11.8333,1,1,0,0,0,0
1080,6,reference,460,1280,720,1920,1080,12.2225,13.6061,10.8483,1,1,0,0,0,0
1080,6,reference,461,1280,720,1920,1080,11.3736,13.244,9.99629,1,1,0,0,0,0
1080,6,reference,462,1280,720,1920,1080,11.3132,12.2141,9.93894,1,1,0,0,0,0
1080,6,reference,463,1280,720,1920,1080,13.6059,14.7861,10.197,1,1,0,0,0,0
1080,6,reference,464,1280,720,1920,1080,10.964,12.0983,9.59181,1,1,0,0,0,0
1080,6,reference,465,1280,720,1920,1080,11.2896,12.353,9.91027,1,1,0,0,0,0
1080,6,reference,466,1280,720,1920,1080,11.0469,12.1304,9.66554,1,1,0,0,0,0
1080,6,reference,467,1280,720,1920,1080,11.7893,13.003,9.84883,1,1,0,0,0,0
1080,6,reference,468,1280,720,1920,1080,11.3449,13.417,9.96762,1,1,0,0,0,0
1080,6,reference,469,1280,720,1920,1080,11.3224,12.2671,9.94611,1,1,0,0,0,0
1080,6,reference,470,1280,720,1920,1080,13.1359,14.274,10.4765,1,1,0,0,0,0
1080,6,reference,471,1280,720,1920,1080,12.3013,13.1921,10.5513,1,1,0,0,0,0
1080,6,reference,472,1280,720,1920,1080,11.2978,12.2893,9.92154,1,1,0,0,0,0
1080,6,reference,473,1280,720,1920,1080,11.6634,12.655,9.91846,1,1,0,0,0,0
1080,6,reference,474,1280,720,1920,1080,11.2773,12.2989,9.90106,1,1,0,0,0,0
1080,6,reference,475,1280,720,1920,1080,9.7495,11.0141,8.37632,1,1,0,0,0,0
1080,6,reference,476,1280,720,1920,1080,11.3449,13.3785,9.95226,1,1,0,0,0,0
1080,6,reference,477,1280,720,1920,1080,10.8319,11.8726,9.45869,1,1,0,0,0,0
1080,6,reference,478,1280,720,1920,1080,11.2374,12.1836,9.5959,1,1,0,0,0,0
1080,6,reference,479,1280,720,1920,1080,11.1821,12.4557,9.80787,1,1,0,0,0,0
1080,6,reference,480,1280,720,1920,1080,35.0894,36.0797,33.7152,1,1,0,0,0,0
1080,6,reference,481,1280,720,1920,1080,55.2387,56.3871,53.8604,1,1,0,0,0,0
1080,6,reference,482,1280,720,1920,1080,11.006,12.0879,9.63379,1,1,0,0,0,0
1080,6,reference,483,1280,720,1920,1080,11.3316,12.3258,9.95226,1,1,0,0,0,0
1080,6,reference,484,1280,720,1920,1080,11.2937,12.4406,9.65427,1,1,0,0,0,0
1080,6,reference,485,1280,720,1920,1080,11.2517,12.4967,9.87546,1,1,0,0,0,0
1080,6,reference,486,1280,720,1920,1080,13.2239,14.5432,9.6983,1,1,0,0,0,0
1080,6,reference,487,1280,720,1920,1080,10.9711,12.2518,9.5959,1,1,0,0,0,0
1080,6,reference,488,1280,720,1920,1080,11.3367,12.4258,9.96045,1,1,0,0,0,0
1080,6,reference,489,1280,720,1920,1080,13.3048,14.4041,11.8784,1,1,0,0,0,0
1080,6,reference,490,1280,720,1920,1080,11.2466,12.1993,9.63379,1,1,0,0,0,0
1080,6,reference,491,1280,720,1920,1080,11.5476,12.6905,9.89594,1,1,0,0,0,0
1080,6,reference,492,1280,720,1920,1080,11.5313,12.4392,9.89696,1,1,0,0,0,0
1080,6,reference,493,1280,720,1920,1080,11.2701,12.4904,9.89286,1,1,0,0,0,0
1080,6,reference,494,1280,720,1920,1080,11.2609,12.8892,9.88672,1,1,0,0,0,0
1080,6,reference,495,1280,720,1920,1080,11.1933,12.5266,9.81709,1,1,0,0,0,0
1080,6,reference,496,1280,720,1920,1080,11.2323,12.2136,9.65837,1,1,0,0,0,0
1080,6,reference,497,1280,720,1920,1080,11.4483,12.4544,10.071,1,1,0,0,0,0
1080,6,reference,498,1280,720,1920,1080,11.2855,12.7195,9.90413,1,1,0,0,0,0
1080,6,reference,499,1280,720,1920,1080,11.4432,12.5666,10.0669,1,1,0,0,0,0
1080,6,reference,500,1280,720,1920,1080,11.3316,12.2863,9.6983,1,1,0,0,0,0
1080,6,reference,501,1280,720,1920,1080,11.3377,12.3214,9.69626,1,1,0,0,0,0
1080,6,reference,502,1280,720,1920,1080,10.0649,12.502,8.69171,1,1,0,0,0,0
1080,6,reference,503,1280,720,1920,1080,11.3254,12.5624,9.94714,1,1,0,0,0,0
1080,6,reference,504,1280,720,1920,1080,11.1974,12.6122,9.82323,1,1,0,0,0,0
1080,6,reference,505,1280,720,1920,1080,11.5804,12.5549,9.92154,1,1,0,0,0,0
1080,6,reference,506,1280,720,1920,1080,11.3101,12.372,9.66758,1,1,0,0,0,0
1080,6,reference,507,1280,720,1920,1080,11.1565,12.3546,9.78227,1,1,0,0,0,0
1080,6,reference,508,1280,720,1920,1080,11.1852,12.4757,9.81094,1,1,0,0,0,0
1080,6,reference,509,1280,720,1920,1080,11.2712,12.6049,9.89594,1,1,0,0,0,0
1080,6,reference,510,1280,720,1920,1080,11.3306,12.7461,9.68294,1,1,0,0,0,0
1080,6,reference,511,1280,720,1920,1080,11.349,12.4083,9.7065,1,1,0,0,0,0
1080,6,reference,512,1280,720,1920,1080,11.3408,12.3543,9.70445,1,1,0,0,0,0
1080,6,reference,513,1280,720,1920,1080,11.3101,12.8754,9.93485,1,1,0,0,0,0
1080,6,reference,514,1280,720,1920,1080,11.3633,12.43,9.81197,1,1,0,0,0,0
1080,6,reference,515,1280,720,1920,1080,11.3254,12.4216,9.94714,1,1,0,0,0,0
1080,6,reference,516,1280,720,1920,1080,11.1483,12.2248,8.39066,1,1,0,0,0,0
1080,6,reference,517,1280,720,1920,1080,11.2681,12.5796,9.89082,1,1,0,0,0,0
1080,6,reference,518,1280,720,1920,1080,11.3132,12.481,9.67782,1,1,0,0,0,0
1080,6,reference,519,1280,720,1920,1080,11.2814,12.279,9.63277,1,1,0,0,0,0
1080,6,reference,520,1280,720,1920,1080,11.3644,12.4669,9.71469,1,1,0,0,0,0
1080,6,reference,521,1280,720,1920,1080,11.2753,12.5983,9.90003,1,1,0,0,0,0
1080,6,reference,522,1280,720,1920,1080,12.033,13.2274,10.4878,1,1,0,0,0,0
1080,6,reference,523,1280,720,1920,1080,11.2968,12.3135,9.91949,1,1,0,0,0,0
1080,6,reference,524,1280,720,1920,1080,11.4627,12.4766,9.83552,1,1,0,0,0,0
1080,6,reference,525,1280,720,1920,1080,11.5036,12.4366,9.84371,1,1,0,0,0,0
1080,6,reference,526,1280,720,1920,1080,11.3039,12.2612,9.6512,1,1,0,0,0,0
1080,6,reference,527,1280,720,1920,1080,11.2394,12.3229,9.67475,1,1,0,0,0,0
1080,6,reference,528,1280,720,1920,1080,11.2886,12.4423,9.91437,1,1,0,0,0,0
1080,6,reference,529,1280,720,1920,1080,11.049,12.1039,9.67168,1,1,0,0,0,0
1080,6,reference,530,1280,720,1920,1080,11.5159,12.4499,10.1396,1,1,0,0,0,0
1080,6,reference,531,1280,720,1920,1080,11.3183,12.3567,9.94202,1,1,0,0,0,0
1080,6,reference,532,1280,720,1920,1080,9.73414,10.6856,8.36096,1,1,0,0,0,0
1080,6,reference,533,1280,720,1920,1080,9.37984,10.3425,8.00768,1,1,0,0,0,0
1080,6,reference,534,1280,720,1920,1080,12.6556,13.7253,11.2486,1,1,0,0,0,0
1080,6,reference,535,1280,720,1920,1080,11.5067,12.4774,9.93587,1,1,0,0,0,0
1080,6,reference,536,1280,720,1920,1080,12.0842,13.1353,10.4499,1,1,0,0,0,0
1080,6,reference,537,1280,720,1920,1080,11.3162,12.4367,9.93894,1,1,0,0,0,0
1080,6,reference,538,1280,720,1920,1080,10.8575,11.8951,9.48429,1,1,0,0,0,0
1080,6,reference,539,1280,720,1920,1080,11.2271,12.1897,9.85395,1,1,0,0,0,0
1080,6,reference,540,1280,720,1920,1080,11.2466,12.2301,9.87034,1,1,0,0,0,0
1080,6,reference,541,1280,720,1920,1080,11.2026,12.2369,9.77613,1,1,0,0,0,0
1080,6,reference,542,1280,720,1920,1080,11.3684,12.2795,9.82118,1,1,0,0,0,0
1080,6,reference,543,1280,720,1920,1080,11.2988,12.2493,9.92256,1,1,0,0,0,0
1080,6,reference,544,1280,720,1920,1080,11.263,12.469,9.88774,1,1,0,0,0,0
1080,6,reference,545,1280,720,1920,1080,11.2906,12.2884,9.64198,1,1,0,0,0,0
1080,6,reference,546,1280,720,1920,1080,11.2456,12.4507,9.87136,1,1,0,0,0,0
1080,6,reference,547,1280,720,1920,1080,11.18,12.5115,9.80378,1,1,0,0,0,0
1080,6,reference,548,1280,720,1920,1080,11.1483,12.4732,9.7751,1,1,0,0,0,0
1080,6,reference,549,1280,720,1920,1080,11.2968,12.2769,9.91846,1,1,0,0,0,0
1080,6,reference,550,1280,720,1920,1080,11.3121,12.7266,9.93894,1,1,0,0,0,0
1080,6,reference,551,1280,720,1920,1080,11.8057,13.0509,10.4305,1,1,0,0,0,0
1080,6,reference,552,1280,720,1920,1080,11.2251,12.4061,9.8519,1,1,0,0,0,0
1080,6,reference,553,1280,720,1920,1080,11.4422,12.3556,9.81504,1,1,0,0,0,0
1080,6,reference,554,1280,720,1920,1080,11.2794,12.2199,9.65222,1,1,0,0,0,0
1080,6,reference,555,1280,720,1920,1080,11.2323,12.4101,9.85805,1,1,0,0,0,0
1080,6,reference,556,1280,720,1920,1080,11.8938,12.8929,10.5103,1,1,0,0,0,0
1080,6,reference,557,1280,720,1920,1080,11.2855,12.32,9.67066,1,1,0,0,0,0
1080,6,reference,558,1280,720,1920,1080,10.028,12.4632,8.65587,1,1,0,0,0,0
1080,6,reference,559,1280,720,1920,1080,11.2845,12.4108,9.9072,1,1,0,0,0,0
1080,6,reference,560,1280,720,1920,1080,9.7239,10.6416,8.35174,1,1,0,0,0,0
1080,6,reference,561,1280,720,1920,1080,11.307,13.2481,9.91232,1,1,0,0,0,0
1080,6,reference,562,1280,720,1920,1080,11.5087,12.4861,10.1274,1,1,0,0,0,0
1080,6,reference,563,1280,720,1920,1080,11.305,12.3347,9.92973,1,1,0,0,0,0
1080,6,reference,564,1280,720,1920,1080,11.5558,12.5348,10.1714,1,1,0,0,0,0
1080,6,reference,565,1280,720,1920,1080,11.3121,12.4141,9.93792,1,1,0,0,0,0
1080,6,reference,566,1280,720,1920,1080,11.4452,12.3622,10.0588,1,1,0,0,0,0
1080,6,reference,567,1280,720,1920,1080,11.1432,12.2265,9.76589,1,1,0,0,0,0
1080,6,reference,568,1280,720,1920,1080,11.4493,12.43,10.0721,1,1,0,0,0,0
1080,6,reference,569,1280,720,1920,1080,11.0838,12.172,9.68909,1,1,0,0,0,0
1080,6,reference,570,1280,720,1920,1080,12.0433,12.9523,10.6578,1,1,0,0,0,0
1080,6,reference,571,1280,720,1920,1080,10.9885,12.1215,9.61229,1,1,0,0,0,0
1080,6,reference,572,1280,720,1920,1080,13.9213,15.0916,12.5225,1,1,0,0,0,0
1080,6,reference,573,1280,720,1920,1080,11.3705,12.4685,9.98707,1,1,0,0,0,0
1080,6,reference,574,1280,720,1920,1080,11.0858,12.2563,9.71366,1,1,0,0,0,0
1080,6,reference,575,1280,720,1920,1080,9.76998,10.7144,8.39782,1,1,0,0,0,0
1080,6,reference,576,1280,720,1920,1080,11.7443,13.9614,10.3342,1,1,0,0,0,0
1080,6,reference,577,1280,720,1920,1080,11.2855,12.336,9.6553,1,1,0,0,0,0
1080,6,reference,578,1280,720,1920,1080,11.2865,12.3694,9.64198,1,1,0,0,0,0
1080,6,reference,579,1280,720,1920,1080,11.2927,12.2094,9.65734,1,1,0,0,0,0
1080,6,reference,580,1280,720,1920,1080,11.1841,12.3737,9.81094,1,1,0,0,0,0
1080,6,reference,581,1280,720,1920,1080,11.2241,12.5428,9.84986,1,1,0,0,0,0
1080,6,reference,582,1280,720,1920,1080,11.4371,12.4792,10.0639,1,1,0,0,0,0
1080,6,reference,583,1280,720,1920,1080,11.3357,12.3004,9.69626,1,1,0,0,0,0
1080,6,reference,584,1280,720,1920,1080,11.2804,12.5045,9.90618,1,1,0,0,0,0
1080,6,reference,585,1280,720,1920,1080,11.2404,12.5221,9.86726,1,1,0,0,0,0
1080,6,reference,586,1280,720,1920,1080,11.2876,12.5907,9.91437,1,1,0,0,0,0
1080,6,reference,587,1280,720,1920,1080,11.2824,12.643,9.90822,1,1,0,0,0,0
1080,6,reference,588,1280,720,1920,1080,11.2302,12.7387,9.856,1,1,0,0,0,0
1080,6,reference,589,1280,720,1920,1080,11.2548,12.2722,9.87648,1,1,0,0,0,0
1080,6,reference,590,1280,720,1920,1080,11.3101,12.2451,9.68806,1,1,0,0,0,0
1080,6,reference,591,1280,720,1920,1080,11.179,12.4657,9.80378,1,1,0,0,0,0
1080,6,reference,592,1280,720,1920,1080,11.1493,12.2992,9.77613,1,1,0,0,0,0
1080,6,reference,593,1280,720,1920,1080,11.2712,12.317,9.89389,1,1,0,0,0,0
1080,6,reference,594,1280,720,1920,1080,11.5558,12.7957,9.91846,1,1,0,0,0,0
1080,6,reference,595,1280,720,1920,1080,11.4504,12.6186,9.90515,1,1,0,0,0,0
1080,6,reference,596,1280,720,1920,1080,11.2968,12.2942,9.92256,1,1,0,0,0,0
1080,6,reference,597,1280,720,1920,1080,11.5773,12.7848,10.2031,1,1,0,0,0,0
1080,6,reference,598,1280,720,1920,1080,11.5057,12.5814,9.88262,1,1,0,0,0,0
1080,6,reference,599,1280,720,1920,1080,11.3121,12.3079,9.6727,1,1,0,0,0,0
1080,6,reference,600,1280,720,1920,1080,11.262,12.2431,9.62867,1,1,0,0,0,0
1080,6,reference,601,1280,720,1920,1080,11.2968,12.3125,9.6512,1,1,0,0,0,0
1080,6,reference,602,1280,720,1920,1080,11.01,12.3702,9.63994,1,1,0,0,0,0
1080,6,reference,603,1280,720,1920,1080,11.2589,12.7109,9.88672,1,1,0,0,0,0
1080,6,reference,604,1280,720,1920,1080,11.2241,12.307,9.6512,1,1,0,0,0,0
1080,6,reference,605,1280,720,1920,1080,11.4934,12.7424,10.1171,1,1,0,0,0,0
1080,6,reference,606,1280,720,1920,1080,11.1831,12.4665,9.81197,1,1,0,0,0,0
1080,6,reference,607,1280,720,1920,1080,11.2456,12.3129,9.68806,1,1,0,0,0,0
1080,6,reference,608,1280,720,1920,1080,11.262,12.2997,9.88672,1,1,0,0,0,0
1080,6,reference,609,1280,720,1920,1080,10.9691,12.1469,9.59386,1,1,0,0,0,0
1080,6,reference,610,1280,720,1920,1080,11.3777,12.349,10.0035,1,1,0,0,0,0
1080,6,reference,611,1280,720,1920,1080,11.0623,12.2645,9.68602,1,1,0,0,0,0
1080,6,reference,612,1280,720,1920,1080,11.5139,12.7879,10.1396,1,1,0,0,0,0
1080,6,reference,613,1280,720,1920,1080,12.7969,13.8529,11.3992,1,1,0,0,0,0
1080,6,reference,614,1280,720,1920,1080,10.8698,11.907,9.49965,1,1,0,0,0,0
1080,6,reference,615,1280,720,1920,1080,11.2916,12.3164,9.63789,1,1,0,0,0,0
1080,6,reference,616,1280,720,1920,1080,11.2425,12.7175,9.87034,1,1,0,0,0,0
1080,6,reference,617,1280,720,1920,1080,11.3418,12.4794,9.68499,1,1,0,0,0,0
1080,6,reference,618,1280,720,1920,1080,11.2732,12.4796,9.90208,1,1,0,0,0,0
1080,6,reference,619,1280,720,1920,1080,11.2558,12.2701,9.71571,1,1,0,0,0,0
1080,6,reference,620,1280,720,1920,1080,11.1954,12.5961,9.82426,1,1,0,0,0,0
1080,6,reference,621,1280,720,1920,1080,11.0664,12.1823,9.69318,1,1,0,0,0,0
1080,6,reference,622,1280,720,1920,1080,11.305,12.2648,9.93075,1,1,0,0,0,0
1080,6,reference,623,1280,720,1920,1080,10.9455,12.0746,9.57133,1,1,0,0,0,0
1080,6,reference,624,1280,720,1920,1080,11.1749,12.3408,9.79968,1,1,0,0,0,0
1080,6,reference,625,1280,720,1920,1080,10.9343,13.2688,9.55904,1,1,0,0,0,0
1080,6,reference,626,1280,720,1920,1080,11.2906,12.2232,9.91744,1,1,0,0,0,0
1080,6,reference,627,1280,720,1920,1080,11.1944,12.5455,9.82323,1,1,0,0,0,0
1080,6,reference,628,1280,720,1920,1080,11.0049,12.1134,9.63277,1,1,0,0,0,0
1080,6,reference,629,1280,720,1920,1080,11.3091,12.3805,9.93382,1,1,0,0,0,0
1080,6,reference,630,1280,720,1920,1080,11.2159,12.3018,9.84371,1,1,0,0,0,0
1080,6,reference,631,1280,720,1920,1080,11.2271,12.319,9.85293,1,1,0,0,0,0
1080,6,reference,632,1280,720,1920,1080,11.2804,12.3271,9.90618,1,1,0,0,0,0
1080,6,reference,633,1280,720,1920,1080,11.3213,12.2253,9.94714,1,1,0,0,0,0
1080,6,reference,634,1280,720,1920,1080,11.2804,12.1911,9.89798,1,1,0,0,0,0
1080,6,reference,635,1280,720,1920,1080,10.9906,12.0804,9.61741,1,1,0,0,0,0
1080,6,reference,636,1280,720,1920,1080,10.9742,12.0977,9.58669,1,1,0,0,0,0
1080,6,reference,637,1280,720,1920,1080,9.90106,10.8879,8.52787,1,1,0,0,0,0
1080,6,reference,638,1280,720,1920,1080,11.3725,12.2517,10.0004,1,1,0,0,0,0
1080,6,reference,639,1280,720,1920,1080,9.99834,11.5595,8.62413,1,1,0,0,0,0
1080,6,reference,640,1280,720,1920,1080,11.3674,13.0851,9.99424,1,1,0,0,0,0
1080,6,reference,641,1280,720,1920,1080,11.3285,12.4892,9.94816,1,1,0,0,0,0
1080,6,reference,642,1280,720,1920,1080,11.2271,12.3394,9.856,1,1,0,0,0,0
1080,6,reference,643,1280,720,1920,1080,10.9476,12.0909,9.57338,1,1,0,0,0,0
1080,6,reference,644,1280,720,1920,1080,11.2681,12.1779,9.89389,1,1,0,0,0,0
1080,6,reference,645,1280,720,1920,1080,11.2169,12.173,9.84166,1,1,0,0,0,0
1080,6,reference,646,1280,720,1920,1080,11.0346,12.2272,9.66042,1,1,0,0,0,0
1080,6,reference,647,1280,720,1920,1080,11.2753,12.4699,9.90106,1,1,0,0,0,0
1080,6,reference,648,1280,720,1920,1080,11.2169,12.1521,9.84166,1,1,0,0,0,0
1080,6,reference,649,1280,720,1920,1080,11.2783,12.3977,9.90413,1,1,0,0,0,0
1080,6,reference,650,1280,720,1920,1080,11.4545,12.6402,10.0782,1,1,0,0,0,0
1080,6,reference,651,1280,720,1920,1080,11.3009,12.3775,9.92666,1,1,0,0,0,0
1080,6,reference,652,1280,720,1920,1080,11.1401,12.2649,9.75258,1,1,0,0,0,0
1080,6,reference,653,1280,720,1920,1080,11.649,12.6545,10.2687,1,1,0,0,0,0
1080,6,reference,654,1280,720,1920,1080,11.3234,12.4098,9.94816,1,1,0,0,0,0
1080,6,reference,655,1280,720,1920,1080,11.5087,12.4646,10.1335,1,1,0,0,0,0
1080,6,reference,656,1280,720,1920,1080,11.4688,12.4562,10.0987,1,1,0,0,0,0
1080,6,reference,657,1280,720,1920,1080,11.4268,12.4705,10.0516,1,1,0,0,0,0
1080,6,reference,658,1280,720,1920,1080,11.522,12.4833,10.1499,1,1,0,0,0,0
1080,6,reference,659,1280,720,1920,1080,11.0664,12.1128,9.69216,1,1,0,0,0,0
1080,6,reference,660,1280,720,1920,1080,11.3859,12.3373,10.0168,1,1,0,0,0,0
1080,6,reference,661,1280,720,1920,1080,11.4801,12.4565,9.85088,1,1,0,0,0,0
1080,6,reference,662,1280,720,1920,1080,9.7536,10.662,8.38246,1,1,0,0,0,0
1080,6,reference,663,1280,720,1920,1080,11.4135,12.3979,10.0403,1,1,0,0,0,0
1080,6,reference,664,1280,720,1920,1080,11.2804,12.2353,9.66758,1,1,0,0,0,0
1080,6,reference,665,1280,720,1920,1080,11.008,12.3272,9.63379,1,1,0,0,0,0
1080,6,reference,666,1280,720,1920,1080,11.3183,12.383,9.76077,1,1,0,0,0,0
1080,6,reference,667,1280,720,1920,1080,11.2845,12.2389,9.91027,1,1,0,0,0,0
1080,6,reference,668,1280,720,1920,1080,11.222,12.1932,9.84883,1,1,0,0,0,0
1080,6,reference,669,1280,720,1920,1080,10.9588,12.1937,9.58259,1,1,0,0,0,0
1080,6,reference,670,1280,720,1920,1080,11.3521,12.2432,9.98093,1,1,0,0,0,0
1080,6,reference,671,1280,720,1920,1080,11.2486,12.2991,9.87443,1,1,0,0,0,0
1080,6,reference,672,1280,720,1920,1080,11.2579,12.2969,9.88365,1,1,0,0,0,0
1080,6,reference,673,1280,720,1920,1080,11.3848,12.4318,10.0086,1,1,0,0,0,0
1080,6,reference,674,1280,720,1920,1080,11.3265,12.3784,9.95226,1,1,0,0,0,0
1080,6,reference,675,1280,720,1920,1080,11.2046,12.2463,9.8304,1,1,0,0,0,0
1080,6,reference,676,1280,720,1920,1080,11.4616,12.4963,9.81299,1,1,0,0,0,0
1080,6,reference,677,1280,720,1920,1080,11.3224,12.4648,9.94816,1,1,0,0,0,0
1080,6,reference,678,1280,720,1920,1080,11.2998,12.4373,9.92666,1,1,0,0,0,0
1080,6,reference,679,1280,720,1920,1080,11.3039,12.244,9.92666,1,1,0,0,0,0
1080,6,reference,680,1280,720,1920,1080,11.4309,12.4741,9.79456,1,1,0,0,0,0
1080,6,reference,681,1280,720,1920,1080,11.266,12.2155,9.89082,1,1,0,0,0,0
1080,6,reference,682,1280,720,1920,1080,11.4831,12.5932,9.84781,1,1,0,0,0,0
1080,6,reference,683,1280,720,1920,1080,11.4309,12.4074,9.79251,1,1,0,0,0,0
1080,6,reference,684,1280,720,1920,1080,11.2671,12.4212,9.89798,1,1,0,0,0,0
1080,6,reference,685,1280,720,1920,1080,11.2691,12.2581,9.89696,1,1,0,0,0,0
1080,6,reference,686,1280,720,1920,1080,11.3091,12.2362,9.66963,1,1,0,0,0,0
1080,6,reference,687,1280,720,1920,1080,11.2876,12.2507,9.63994,1,1,0,0,0,0
1080,6,reference,688,1280,720,1920,1080,11.393,12.4272,9.74131,1,1,0,0,0,0
1080,6,reference,689,1280,720,1920,1080,11.4033,12.3948,9.75667,1,1,0,0,0,0
1080,6,reference,690,1280,720,1920,1080,11.2548,12.4451,9.8816,1,1,0,0,0,0
1080,6,reference,691,1280,720,1920,1080,11.2425,12.2634,9.59795,1,1,0,0,0,0
1080,6,reference,692,1280,720,1920,1080,11.1135,12.7086,9.74438,1,1,0,0,0,0
1080,6,reference,693,1280,720,1920,1080,11.2374,12.4604,9.86522,1,1,0,0,0,0
1080,6,reference,694,1280,720,1920,1080,11.3285,12.2835,9.95635,1,1,0,0,0,0
1080,6,reference,695,1280,720,1920,1080,10.9722,11.9908,9.60102,1,1,0,0,0,0
1080,6,reference,696,1280,720,1920,1080,11.4166,12.304,10.0454,1,1,0,0,0,0
1080,6,reference,697,1280,720,1920,1080,11.2415,12.179,9.86522,1,1,0,0,0,0
1080,6,reference,698,1280,720,1920,1080,11.2241,12.2229,9.8519,1,1,0,0,0,0
1080,6,reference,699,1280,720,1920,1080,11.0285,12.1792,9.65734,1,1,0,0,0,0
1080,6,reference,700,1280,720,1920,1080,11.4473,12.4086,10.0598,1,1,0,0,0,0
1080,6,reference,701,1280,720,1920,1080,11.308,12.2832,9.92666,1,1,0,0,0,0
1080,6,reference,702,1280,720,1920,1080,11.3265,12.2579,9.95328,1,1,0,0,0,0
1080,6,reference,703,1280,720,1920,1080,11.2701,12.2425,9.89594,1,1,0,0,0,0
1080,6,reference,704,1280,720,1920,1080,11.9613,12.9586,10.3455,1,1,0,0,0,0
1080,6,reference,705,1280,720,1920,1080,11.2916,12.2805,9.91642,1,1,0,0,0,0
1080,6,reference,706,1280,720,1920,1080,11.4729,12.5009,10.1007,1,1,0,0,0,0
1080,6,reference,707,1280,720,1920,1080,11.2947,12.2577,9.92051,1,1,0,0,0,0
1080,6,reference,708,1280,720,1920,1080,9.8816,10.8161,8.51354,1,1,0,0,0,0
1080,6,reference,709,1280,720,1920,1080,10.6619,12.0157,9.24672,1,1,0,0,0,0
1080,6,reference,710,1280,720,1920,1080,11.1616,12.2871,9.7833,1,1,0,0,0,0
1080,6,reference,711,1280,720,1920,1080,11.4647,12.4242,10.0833,1,1,0,0,0,0
1080,6,reference,712,1280,720,1920,1080,11.3101,12.37,9.93894,1,1,0,0,0,0
1080,6,reference,713,1280,720,1920,1080,10.9763,12.1602,9.6,1,1,0,0,0,0
1080,6,reference,714,1280,720,1920,1080,11.136,12.6006,9.76486,1,1,0,0,0,0
1080,6,reference,715,1280,720,1920,1080,11.1124,12.2772,9.73926,1,1,0,0,0,0
1080,6,reference,716,1280,720,1920,1080,12.2194,13.2129,10.8493,1,1,0,0,0,0
1080,6,reference,717,1280,720,1920,1080,11.9695,13.3675,10.3547,1,1,0,0,0,0
1080,6,reference,718,1280,720,1920,1080,11.2691,12.1928,9.62867,1,1,0,0,0,0
1080,6,reference,719,1280,720,1920,1080,11.2486,12.2906,9.61434,1,1,0,0,0,0
1080,6,reference,720,1280,720,1920,1080,11.2722,12.5337,9.90106,1,1,0,0,0,0
1080,6,reference,721,1280,720,1920,1080,11.2271,12.4449,9.85293,1,1,0,0,0,0
1080,6,reference,722,1280,720,1920,1080,13.9581,15.2742,12.5839,1,1,0,0,0,0
1080,6,reference,723,1280,720,1920,1080,11.134,12.5189,9.76179,1,1,0,0,0,0
1080,6,reference,724,1280,720,1920,1080,11.392,12.4484,10.0198,1,1,0,0,0,0
1080,6,reference,725,1280,720,1920,1080,11.2507,12.2314,9.87955,1,1,0,0,0,0
1080,6,reference,726,1280,720,1920,1080,11.265,12.2544,9.64506,1,1,0,0,0,0
1080,6,reference,727,1280,720,1920,1080,10.9373,12.1745,9.56723,1,1,0,0,0,0
1080,6,reference,728,1280,720,1920,1080,11.3357,12.3822,9.92666,1,1,0,0,0,0
1080,6,reference,729,1280,720,1920,1080,11.3009,12.3648,9.92666,1,1,0,0,0,0
1080,6,reference,730,1280,720,1920,1080,11.4371,12.5343,10.0649,1,1,0,0,0,0
1080,6,reference,731,1280,720,1920,1080,11.4401,12.523,10.0649,1,1,0,0,0,0
1080,6,reference,732,1280,720,1920,1080,11.137,12.3866,9.74643,1,1,0,0,0,0
1080,6,reference,733,1280,720,1920,1080,11.3193,12.4898,9.94304,1,1,0,0,0,0
1080,6,reference,734,1280,720,1920,1080,11.7821,13.3495,10.412,1,1,0,0,0,0
1080,6,reference,735,1280,720,1920,1080,12.2266,13.3067,9.89696,1,1,0,0,0,0
1080,6,reference,736,1280,720,1920,1080,11.2251,12.4416,9.85088,1,1,0,0,0,0
1080,6,reference,737,1280,720,1920,1080,11.3603,12.4463,9.984,1,1,0,0,0,0
1080,6,reference,738,1280,720,1920,1080,11.2691,12.2406,9.89696,1,1,0,0,0,0
1080,6,reference,739,1280,720,1920,1080,11.1841,12.2734,9.80685,1,1,0,0,0,0
1080,6,reference,740,1280,720,1920,1080,11.4319,12.4629,10.0608,1,1,0,0,0,0
1080,6,reference,741,1280,720,1920,1080,11.0469,12.1716,9.67578,1,1,0,0,0,0
1080,6,reference,742,1280,720,1920,1080,11.1022,12.2585,9.73312,1,1,0,0,0,0
1080,6,reference,743,1280,720,1920,1080,11.1995,12.354,9.82835,1,1,0,0,0,0
1080,6,reference,744,1280,720,1920,1080,11.1012,12.1869,9.73005,1,1,0,0,0,0
1080,6,reference,745,1280,720,1920,1080,11.2568,12.3734,9.88365,1,1,0,0,0,0
1080,6,reference,746,1280,720,1920,1080,11.2261,12.2376,9.85498,1,1,0,0,0,0
1080,6,reference,747,1280,720,1920,1080,11.0684,12.2501,9.67885,1,1,0,0,0,0
1080,6,reference,748,1280,720,1920,1080,11.5241,12.4697,9.87853,1,1,0,0,0,0
1080,6,reference,749,1280,720,1920,1080,11.4094,12.5395,10.0342,1,1,0,0,0,0
1080,6,reference,750,1280,720,1920,1080,11.4248,12.39,10.0526,1,1,0,0,0,0
1080,6,reference,751,1280,720,1920,1080,11.3469,12.5343,9.97376,1,1,0,0,0,0
1080,6,reference,752,1280,720,1920,1080,11.2026,12.4714,9.81606,1,1,0,0,0,0
1080,6,reference,753,1280,720,1920,1080,11.8446,12.8396,10.3076,1,1,0,0,0,0
1080,6,reference,754,1280,720,1920,1080,11.0991,12.2184,9.71059,1,1,0,0,0,0
1080,6,reference,755,1280,720,1920,1080,11.9521,12.9887,10.3301,1,1,0,0,0,0
1080,6,reference,756,1280,720,1920,1080,11.2947,12.2173,9.68192,1,1,0,0,0,0
1080,6,reference,757,1280,720,1920,1080,11.4319,12.3617,10.0536,1,1,0,0,0,0
1080,6,reference,758,1280,720,1920,1080,11.2077,12.2133,9.83654,1,1,0,0,0,0
1080,6,reference,759,1280,720,1920,1080,11.4483,12.5225,10.0751,1,1,0,0,0,0
1080,6,reference,760,1280,720,1920,1080,11.4227,12.3547,10.0516,1,1,0,0,0,0
1080,6,reference,761,1280,720,1920,1080,11.4391,12.3826,10.0659,1,1,0,0,0,0
1080,6,reference,762,1280,720,1920,1080,11.4125,12.4734,10.0383,1,1,0,0,0,0
1080,6,reference,763,1280,720,1920,1080,11.4514,12.3628,10.0782,1,1,0,0,0,0
1080,6,reference,764,1280,720,1920,1080,11.308,12.3561,9.93382,1,1,0,0,0,0
1080,6,reference,765,1280,720,1920,1080,11.2783,12.3307,9.9031,1,1,0,0,0,0
1080,6,reference,766,1280,720,1920,1080,11.2517,12.1757,9.8816,1,1,0,0,0,0
1080,6,reference,767,1280,720,1920,1080,11.479,12.4231,9.84678,1,1,0,0,0,0
1080,6,reference,768,1280,720,1920,1080,11.1985,12.3643,9.82733,1,1,0,0,0,0
1080,6,reference,769,1280,720,1920,1080,10.9824,11.9749,9.60819,1,1,0,0,0,0
1080,6,reference,770,1280,720,1920,1080,11.5261,12.4109,9.88672,1,1,0,0,0,0
1080,6,reference,771,1280,720,1920,1080,11.2282,12.5522,9.85498,1,1,0,0,0,0
1080,6,reference,772,1280,720,1920,1080,11.2077,12.2892,9.64915,1,1,0,0,0,0
1080,6,reference,773,1280,720,1920,1080,11.2783,12.3116,9.90618,1,1,0,0,0,0
1080,6,reference,774,1280,720,1920,1080,11.2681,12.3815,9.6297,1,1,0,0,0,0
1080,6,reference,775,1280,720,1920,1080,11.134,12.3803,9.76179,1,1,0,0,0,0
1080,6,reference,776,1280,720,1920,1080,10.9978,12.0242,9.62765,1,1,0,0,0,0
1080,6,reference,777,1280,720,1920,1080,11.2466,12.1636,9.87238,1,1,0,0,0,0
1080,6,reference,778,1280,720,1920,1080,11.2794,12.1862,9.91027,1,1,0,0,0,0
1080,6,reference,779,1280,720,1920,1080,11.0909,12.279,8.48691,1,1,0,0,0,0
1080,6,reference,780,1280,720,1920,1080,9.69114,10.6681,8.32,1,1,0,0,0,0
1080,6,reference,781,1280,720,1920,1080,11.6756,13.6964,10.0506,1,1,0,0,0,0
1080,6,reference,782,1280,720,1920,1080,11.2312,12.1562,9.86112,1,1,0,0,0,0
1080,6,reference,783,1280,720,1920,1080,11.3725,12.3508,9.99731,1,1,0,0,0,0
1080,6,reference,784,1280,720,1920,1080,11.3787,12.3306,10.0065,1,1,0,0,0,0
1080,6,reference,785,1280,720,1920,1080,11.4309,12.3988,9.79866,1,1,0,0,0,0
1080,6,reference,786,1280,720,1920,1080,11.2312,12.2116,9.86112,1,1,0,0,0,0
1080,6,reference,787,1280,720,1920,1080,11.394,12.3765,9.77101,1,1,0,0,0,0
1080,6,reference,788,1280,720,1920,1080,11.5866,12.574,9.89082,1,1,0,0,0,0
1080,6,reference,789,1280,720,1920,1080,9.89286,10.9213,8.5207,1,1,0,0,0,0
1080,6,reference,790,1280,720,1920,1080,12.5164,13.6726,11.135,1,1,0,0,0,0
1080,6,reference,791,1280,720,1920,1080,11.4309,12.431,10.0547,1,1,0,0,0,0
1080,6,reference,792,1280,720,1920,1080,11.2251,12.2037,9.6041,1,1,0,0,0,0
1080,6,reference,793,1280,720,1920,1080,11.262,12.2795,9.63482,1,1,0,0,0,0
1080,6,reference,794,1280,720,1920,1080,11.2527,12.5043,9.8816,1,1,0,0,0,0
1080,6,reference,795,1280,720,1920,1080,11.4831,13.4216,9.85702,1,1,0,0,0,0
1080,6,reference,796,1280,720,1920,1080,11.436,12.4005,9.81299,1,1,0,0,0,0
1080,6,reference,797,1280,720,1920,1080,11.4207,12.5358,9.79661,1,1,0,0,0,0
1080,6,reference,798,1280,720,1920,1080,11.2579,12.3473,9.88877,1,1,0,0,0,0
1080,6,reference,799,1280,720,1920,1080,11.391,12.3712,9.75872,1,1,0,0,0,0
1080,6,reference,800,1280,720,1920,1080,11.3951,12.3335,9.77306,1,1,0,0,0,0
1080,6,reference,801,1280,720,1920,1080,11.4637,12.5644,9.83757,1,1,0,0,0,0
1080,6,reference,802,1280,720,1920,1080,11.3756,12.3463,9.75667,1,1,0,0,0,0
1080,6,reference,803,1280,720,1920,1080,11.3633,12.3797,9.72902,1,1,0,0,0,0
1080,6,reference,804,1280,720,1920,1080,11.393,12.3675,9.7751,1,1,0,0,0,0
1080,6,reference,805,1280,720,1920,1080,11.522,12.7498,9.87648,1,1,0,0,0,0
1080,6,reference,806,1280,720,1920,1080,11.5241,12.5011,9.87034,1,1,0,0,0,0
1080,6,reference,807,1280,720,1920,1080,11.4084,12.4171,9.75974,1,1,0,0,0,0
1080,6,reference,808,1280,720,1920,1080,11.4627,12.4412,9.81709,1,1,0,0,0,0
1080,6,reference,809,1280,720,1920,1080,11.5026,12.4422,9.83552,1,1,0,0,0,0
1080,6,reference,810,1280,720,1920,1080,11.2978,12.5219,9.66042,1,1,0,0,0,0
1080,6,reference,811,1280,720,1920,1080,11.4217,12.6035,9.78637,1,1,0,0,0,0
1080,6,reference,812,1280,720,1920,1080,11.4534,12.589,9.79558,1,1,0,0,0,0
1080,6,reference,813,1280,720,1920,1080,11.4555,12.6833,9.81709,1,1,0,0,0,0
1080,6,reference,814,1280,720,1920,1080,11.4442,12.4824,9.78432,1,1,0,0,0,0
1080,6,reference,815,1280,720,1920,1080,11.3172,12.5328,9.94304,1,1,0,0,0,0
1080,6,reference,816,1280,720,1920,1080,11.2773,12.2185,9.9072,1,1,0,0,0,0
1080,6,reference,817,1280,720,1920,1080,11.4749,12.4882,9.82835,1,1,0,0,0,0
1080,6,reference,818,1280,720,1920,1080,11.3981,12.4199,9.75872,1,1,0,0,0,0
1080,6,reference,819,1280,720,1920,1080,11.2425,12.3302,9.86726,1,1,0,0,0,0
1080,6,reference,820,1280,720,1920,1080,11.4575,12.4049,9.81811,1,1,0,0,0,0
1080,6,reference,821,1280,720,1920,1080,11.4391,12.6554,9.79968,1,1,0,0,0,0
1080,6,reference,822,1280,720,1920,1080,11.4483,12.592,9.80582,1,1,0,0,0,0
1080,6,reference,823,1280,720,1920,1080,11.436,12.4178,9.7833,1,1,0,0,0,0
1080,6,reference,824,1280,720,1920,1080,11.393,12.3198,9.76282,1,1,0,0,0,0
1080,6,reference,825,1280,720,1920,1080,11.2896,12.407,9.6512,1,1,0,0,0,0
1080,6,reference,826,1280,720,1920,1080,11.4964,12.6229,9.85395,1,1,0,0,0,0
1080,6,reference,827,1280,720,1920,1080,11.2742,12.2423,9.90003,1,1,0,0,0,0
1080,6,reference,828,1280,720,1920,1080,11.3848,12.3551,9.74131,1,1,0,0,0,0
1080,6,reference,829,1280,720,1920,1080,11.4022,12.3743,9.62458,1,1,0,0,0,0
1080,6,reference,830,1280,720,1920,1080,11.1626,12.3241,9.61331,1,1,0,0,0,0
1080,6,reference,831,1280,720,1920,1080,11.479,12.4859,10.1028,1,1,0,0,0,0
1080,6,reference,832,1280,720,1920,1080,11.3439,12.2532,9.78739,1,1,0,0,0,0
1080,6,reference,833,1280,720,1920,1080,11.305,12.2342,9.92768,1,1,0,0,0,0
1080,6,reference,834,1280,720,1920,1080,11.2517,12.281,9.60922,1,1,0,0,0,0
1080,6,reference,835,1280,720,1920,1080,11.2251,12.4967,9.85293,1,1,0,0,0,0
1080,6,reference,836,1280,720,1920,1080,11.1555,12.3604,8.53709,1,1,0,0,0,0
1080,6,reference,837,1280,720,1920,1080,11.0899,12.0921,9.71469,1,1,0,0,0,0
1080,6,reference,838,1280,720,1920,1080,11.2108,12.1742,9.83757,1,1,0,0,0,0
1080,6,reference,839,1280,720,1920,1080,11.8211,12.8071,10.4458,1,1,0,0,0,0
1080,6,reference,840,1280,720,1920,1080,10.9097,12.0251,9.53856,1,1,0,0,0,0
1080,6,reference,841,1280,720,1920,1080,11.2691,12.1818,9.89184,1,1,0,0,0,0
1080,6,reference,842,1280,720,1920,1080,11.2128,12.3039,9.84269,1,1,0,0,0,0
1080,6,reference,843,1280,720,1920,1080,11.0582,12.1897,9.6471,1,1,0,0,0,0
1080,6,reference,844,1280,720,1920,1080,12.118,12.9605,10.7284,1,1,0,0,0,0
1080,6,reference,845,1280,720,1920,1080,11.3285,12.5662,9.71776,1,1,0,0,0,0
1080,6,reference,846,1280,720,1920,1080,11.2876,12.2737,9.91437,1,1,0,0,0,0
1080,6,reference,847,1280,720,1920,1080,11.265,12.1929,9.88979,1,1,0,0,0,0
1080,6,reference,848,1280,720,1920,1080,11.2415,12.188,9.87034,1,1,0,0,0,0
1080,6,reference,849,1280,720,1920,1080,11.3981,12.3579,10.0219,1,1,0,0,0,0
1080,6,reference,850,1280,720,1920,1080,11.2312,12.1645,9.85907,1,1,0,0,0,0
1080,6,reference,851,1280,720,1920,1080,11.2906,12.3467,9.91744,1,1,0,0,0,0
1080,6,reference,852,1280,720,1920,1080,11.2814,12.3795,9.91232,1,1,0,0,0,0
1080,6,reference,853,1280,720,1920,1080,11.2722,12.35,9.89696,1,1,0,0,0,0
1080,6,reference,854,1280,720,1920,1080,11.306,12.2739,9.92973,1,1,0,0,0,0
1080,6,reference,855,1280,720,1920,1080,11.394,12.3733,9.77101,1,1,0,0,0,0
1080,6,reference,856,1280,720,1920,1080,11.478,12.7215,9.84986,1,1,0,0,0,0
1080,6,reference,857,1280,720,1920,1080,11.2906,12.3106,9.91744,1,1,0,0,0,0
1080,6,reference,858,1280,720,1920,1080,11.4627,12.404,9.82221,1,1,0,0,0,0
1080,6,reference,859,1280,720,1920,1080,11.2343,12.1542,9.61126,1,1,0,0,0,0
1080,6,reference,860,1280,720,1920,1080,11.2722,12.3421,9.63789,1,1,0,0,0,0
1080,6,reference,861,1280,720,1920,1080,11.308,12.4417,9.65939,1,1,0,0,0,0
1080,6,reference,862,1280,720,1920,1080,11.2169,12.1778,9.5785,1,1,0,0,0,0
1080,6,reference,863,1280,720,1920,1080,11.1135,12.25,9.73824,1,1,0,0,0,0
1080,6,reference,864,1280,720,1920,1080,11.2701,12.8358,9.89798,1,1,0,0,0,0
1080,6,reference,865,1280,720,1920,1080,11.264,12.382,9.63891,1,1,0,0,0,0
1080,6,reference,866,1280,720,1920,1080,11.305,12.259,9.66861,1,1,0,0,0,0
1080,6,reference,867,1280,720,1920,1080,11.2312,12.4929,9.85702,1,1,0,0,0,0
1080,6,reference,868,1280,720,1920,1080,11.263,12.5856,9.89286,1,1,0,0,0,0
1080,6,reference,869,1280,720,1920,1080,11.2046,12.6012,9.82938,1,1,0,0,0,0
1080,6,reference,870,1280,720,1920,1080,11.476,12.4116,9.86829,1,1,0,0,0,0
1080,6,reference,871,1280,720,1920,1080,11.2517,12.7556,9.87853,1,1,0,0,0,0
1080,6,reference,872,1280,720,1920,1080,11.3039,12.5465,9.66656,1,1,0,0,0,0
1080,6,reference,873,1280,720,1920,1080,11.2527,12.2446,9.61434,1,1,0,0,0,0
1080,6,reference,874,1280,720,1920,1080,11.2445,12.2272,9.60614,1,1,0,0,0,0
1080,6,reference,875,1280,720,1920,1080,11.2589,12.6606,9.88365,1,1,0,0,0,0
1080,6,reference,876,1280,720,1920,1080,10.9804,12.0254,8.34048,1,1,0,0,0,0
1080,6,reference,877,1280,720,1920,1080,10.9517,11.9599,9.5785,1,1,0,0,0,0
1080,6,reference,878,1280,720,1920,1080,11.4749,12.4341,10.0936,1,1,0,0,0,0
1080,6,reference,879,1280,720,1920,1080,9.94406,10.9575,8.57293,1,1,0,0,0,0
1080,6,reference,880,1280,720,1920,1080,10.5482,13.3607,9.15866,1,1,0,0,0,0
1080,6,reference,881,1280,720,1920,1080,11.0582,12.0818,9.66554,1,1,0,0,0,0
1080,6,reference,882,1280,720,1920,1080,11.7135,12.6898,10.1601,1,1,0,0,0,0
1080,6,reference,883,1280,720,1920,1080,11.0244,12.1296,9.64608,1,1,0,0,0,0
1080,6,reference,884,1280,720,1920,1080,11.4483,12.393,10.0741,1,1,0,0,0,0
1080,6,reference,885,1280,720,1920,1080,11.2763,12.2388,9.90003,1,1,0,0,0,0
1080,6,reference,886,1280,720,1920,1080,9.87443,10.8588,8.5033,1,1,0,0,0,0
1080,6,reference,887,1280,720,1920,1080,12.6495,13.6544,11.2445,1,1,0,0,0,0
1080,6,reference,888,1280,720,1920,1080,11.4043,12.3079,9.84474,1,1,0,0,0,0
1080,6,reference,889,1280,720,1920,1080,11.2876,12.2682,9.9113,1,1,0,0,0,0
1080,6,reference,890,1280,720,1920,1080,11.2763,12.2902,9.90208,1,1,0,0,0,0
1080,6,reference,891,1280,720,1920,1080,11.4319,12.3995,9.78739,1,1,0,0,0,0
1080,6,reference,892,1280,720,1920,1080,11.3807,12.3317,9.74746,1,1,0,0,0,0
1080,6,reference,893,1280,720,1920,1080,11.4186,12.4325,9.7792,1,1,0,0,0,0
1080,6,reference,894,1280,720,1920,1080,11.4135,12.3759,9.7536,1,1,0,0,0,0
1080,6,reference,895,1280,720,1920,1080,11.3193,12.4035,9.68397,1,1,0,0,0,0
1080,6,reference,896,1280,720,1920,1080,11.3009,12.3681,9.6553,1,1,0,0,0,0
1080,6,reference,897,1280,720,1920,1080,11.1831,12.4473,9.80992,1,1,0,0,0,0
1080,6,reference,898,1280,720,1920,1080,11.3306,12.2749,9.67987,1,1,0,0,0,0
1080,6,reference,899,1280,720,1920,1080,11.5272,12.4773,9.87853,1,1,0,0,0,0
1080,6,reference,900,1280,720,1920,1080,11.3592,12.8339,9.98707,1,1,0,0,0,0
1080,6,reference,901,1280,720,1920,1080,11.351,12.4539,9.97274,1,1,0,0,0,0
1080,6,reference,902,1280,720,1920,1080,11.2486,12.1846,9.87443,1,1,0,0,0,0
1080,6,reference,903,1280,720,1920,1080,11.3019,12.3704,9.92461,1,1,0,0,0,0
1080,6,reference,904,1280,720,1920,1080,11.1831,12.1662,9.6297,1,1,0,0,0,0
1080,6,reference,905,1280,720,1920,1080,11.2835,12.289,9.9072,1,1,0,0,0,0
1080,6,reference,906,1280,720,1920,1080,11.2681,12.3211,9.89286,1,1,0,0,0,0
1080,6,reference,907,1280,720,1920,1080,11.2916,12.2661,9.91437,1,1,0,0,0,0
1080,6,reference,908,1280,720,1920,1080,11.2312,12.1868,9.85805,1,1,0,0,0,0
1080,6,reference,909,1280,720,1920,1080,10.9793,12.1805,9.60512,1,1,0,0,0,0
1080,6,reference,910,1280,720,1920,1080,11.2517,12.157,9.88058,1,1,0,0,0,0
1080,6,reference,911,1280,720,1920,1080,11.2353,12.2061,9.8601,1,1,0,0,0,0
1080,6,reference,912,1280,720,1920,1080,11.2712,12.2824,9.89491,1,1,0,0,0,0
1080,6,reference,913,1280,720,1920,1080,11.5159,12.4386,10.1396,1,1,0,0,0,0
1080,6,reference,914,1280,720,1920,1080,11.4688,12.4511,10.0946,1,1,0,0,0,0
1080,6,reference,915,1280,720,1920,1080,11.4412,12.4583,10.0669,1,1,0,0,0,0
1080,6,reference,916,1280,720,1920,1080,11.4637,12.5519,10.0905,1,1,0,0,0,0
1080,6,reference,917,1280,720,1920,1080,11.4964,12.477,10.1192,1,1,0,0,0,0
1080,6,reference,918,1280,720,1920,1080,11.4893,12.6465,10.1151,1,1,0,0,0,0
1080,6,reference,919,1280,720,1920,1080,11.0817,12.2794,9.68909,1,1,0,0,0,0
1080,6,reference,920,1280,720,1920,1080,11.4668,12.4616,10.0915,1,1,0,0,0,0
1080,6,reference,921,1280,720,1920,1080,11.4391,12.7356,10.0608,1,1,0,0,0,0
1080,6,reference,922,1280,720,1920,1080,11.262,12.4212,9.88672,1,1,0,0,0,0
1080,6,reference,923,1280,720,1920,1080,11.2855,12.2864,9.91027,1,1,0,0,0,0
1080,6,reference,924,1280,720,1920,1080,11.4125,12.3631,10.0383,1,1,0,0,0,0
1080,6,reference,925,1280,720,1920,1080,11.2968,12.3135,9.91949,1,1,0,0,0,0
1080,6,reference,926,1280,720,1920,1080,9.76282,10.7866,8.39168,1,1,0,0,0,0
1080,6,reference,927,1280,720,1920,1080,10.5062,13.1912,9.11258,1,1,0,0,0,0
1080,6,reference,928,1280,720,1920,1080,11.2241,12.1797,9.67782,1,1,0,0,0,0
1080,6,reference,929,1280,720,1920,1080,9.89389,10.8172,8.51968,1,1,0,0,0,0
1080,6,reference,930,1280,720,1920,1080,12.4129,13.3728,10.9875,1,1,0,0,0,0
1080,6,reference,931,1280,720,1920,1080,11.8979,12.9547,10.2554,1,1,0,0,0,0
1080,6,reference,932,1280,720,1920,1080,11.1841,12.339,9.81197,1,1,0,0,0,0
1080,6,reference,933,1280,720,1920,1080,11.2169,12.2873,9.63686,1,1,0,0,0,0
1080,6,reference,934,1280,720,1920,1080,11.2271,12.2781,9.85498,1,1,0,0,0,0
1080,6,reference,935,1280,720,1920,1080,11.221,12.4922,9.84678,1,1,0,0,0,0
1080,6,reference,936,1280,720,1920,1080,11.2241,12.7148,9.85088,1,1,0,0,0,0
1080,6,reference,937,1280,720,1920,1080,11.2886,12.2076,9.91334,1,1,0,0,0,0
1080,6,reference,938,1280,720,1920,1080,11.1616,12.1995,9.78842,1,1,0,0,0,0
1080,6,reference,939,1280,720,1920,1080,11.3654,12.2776,9.9881,1,1,0,0,0,0
1080,6,reference,940,1280,720,1920,1080,11.308,12.3842,9.93382,1,1,0,0,0,0
1080,6,reference,941,1280,720,1920,1080,11.0234,12.1494,9.64813,1,1,0,0,0,0
1080,6,reference,942,1280,720,1920,1080,11.4944,12.4879,10.1192,1,1,0,0,0,0
1080,6,reference,943,1280,720,1920,1080,10.9629,12.068,9.58771,1,1,0,0,0,0
1080,6,reference,944,1280,720,1920,1080,11.0275,12.0428,9.64813,1,1,0,0,0,0
1080,6,reference,945,1280,720,1920,1080,10.8083,11.8666,9.43411,1,1,0,0,0,0
1080,6,reference,946,1280,720,1920,1080,11.3562,12.3119,9.98195,1,1,0,0,0,0
1080,6,reference,947,1280,720,1920,1080,11.2691,12.2314,9.89286,1,1,0,0,0,0
1080,6,reference,948,1280,720,1920,1080,11.4616,12.3633,9.83347,1,1,0,0,0,0
1080,6,reference,949,1280,720,1920,1080,11.2527,12.2575,9.62458,1,1,0,0,0,0
1080,6,reference,950,1280,720,1920,1080,11.2527,12.2372,9.62765,1,1,0,0,0,0
1080,6,reference,951,1280,720,1920,1080,11.1688,12.5215,9.79763,1,1,0,0,0,0
1080,6,reference,952,1280,720,1920,1080,11.2589,12.2614,9.63789,1,1,0,0,0,0
1080,6,reference,953,1280,720,1920,1080,11.3336,12.442,9.70445,1,1,0,0,0,0
1080,6,reference,954,1280,720,1920,1080,11.3295,12.2707,9.63379,1,1,0,0,0,0
1080,6,reference,955,1280,720,1920,1080,11.0879,12.3308,9.71059,1,1,0,0,0,0
1080,6,reference,956,1280,720,1920,1080,9.84474,10.8814,8.4695,1,1,0,0,0,0
1080,6,reference,957,1280,720,1920,1080,11.1114,13.0225,9.73312,1,1,0,0,0,0
1080,6,reference,958,1280,720,1920,1080,11.2527,12.1577,9.8775,1,1,0,0,0,0
1080,6,reference,959,1280,720,1920,1080,11.3132,12.3776,9.93894,1,1,0,0,0,0
1080,6,reference,960,1280,720,1920,1080,11.2824,12.389,9.9072,1,1,0,0,0,0
1080,6,reference,961,1280,720,1920,1080,10.9865,12.1441,9.60922,1,1,0,0,0,0
1080,6,reference,962,1280,720,1920,1080,11.4586,12.4426,10.0844,1,1,0,0,0,0
1080,6,reference,963,1280,720,1920,1080,11.4872,12.429,10.1089,1,1,0,0,0,0
1080,6,reference,964,1280,720,1920,1080,11.4268,12.3917,10.0526,1,1,0,0,0,0
1080,6,reference,965,1280,720,1920,1080,11.4186,12.4156,10.0393,1,1,0,0,0,0
1080,6,reference,966,1280,720,1920,1080,11.4493,12.4921,10.0721,1,1,0,0,0,0
1080,6,reference,967,1280,720,1920,1080,11.3971,12.3351,10.0198,1,1,0,0,0,0
1080,6,reference,968,1280,720,1920,1080,11.4842,12.4141,10.1069,1,1,0,0,0,0
1080,6,reference,969,1280,720,1920,1080,11.2691,12.2862,9.89286,1,1,0,0,0,0
1080,6,reference,970,1280,720,1920,1080,11.4964,12.5986,9.86624,1,1,0,0,0,0
1080,6,reference,971,1280,720,1920,1080,11.434,12.4971,10.0547,1,1,0,0,0,0
1080,6,reference,972,1280,720,1920,1080,11.266,12.2678,9.88877,1,1,0,0,0,0
1080,6,reference,973,1280,720,1920,1080,11.2343,12.1284,9.856,1,1,0,0,0,0
1080,6,reference,974,1280,720,1920,1080,11.2927,12.2565,9.9113,1,1,0,0,0,0
1080,6,reference,975,1280,720,1920,1080,11.5538,12.6015,9.91027,1,1,0,0,0,0
1080,6,reference,976,1280,720,1920,1080,11.4063,12.3116,9.78022,1,1,0,0,0,0
1080,6,reference,977,1280,720,1920,1080,11.4883,12.5322,9.86112,1,1,0,0,0,0
1080,6,reference,978,1280,720,1920,1080,11.4575,12.5186,9.82528,1,1,0,0,0,0
1080,6,reference,979,1280,720,1920,1080,11.5261,12.7078,9.96966,1,1,0,0,0,0
1080,6,reference,980,1280,720,1920,1080,11.5261,12.6015,9.86522,1,1,0,0,0,0
1080,6,reference,981,1280,720,1920,1080,11.4893,12.609,9.83347,1,1,0,0,0,0
1080,6,reference,982,1280,720,1920,1080,11.2845,12.3015,9.90822,1,1,0,0,0,0
1080,6,reference,983,1280,720,1920,1080,11.3244,12.4307,9.94509,1,1,0,0,0,0
1080,6,reference,984,1280,720,1920,1080,11.2937,12.2423,9.91846,1,1,0,0,0,0
1080,6,reference,985,1280,720,1920,1080,11.3807,12.4796,9.72493,1,1,0,0,0,0
1080,6,reference,986,1280,720,1920,1080,11.4012,12.3865,9.74541,1,1,0,0,0,0
1080,6,reference,987,1280,720,1920,1080,11.4719,12.5128,9.82835,1,1,0,0,0,0
1080,6,reference,988,1280,720,1920,1080,11.3684,12.3296,9.7321,1,1,0,0,0,0
1080,6,reference,989,1280,720,1920,1080,11.5149,12.7182,9.87546,1,1,0,0,0,0
1080,6,reference,990,1280,720,1920,1080,11.5067,12.6471,9.85395,1,1,0,0,0,0
1080,6,reference,991,1280,720,1920,1080,11.4842,12.4922,9.83859,1,1,0,0,0,0
1080,6,reference,992,1280,720,1920,1080,11.1073,12.45,9.73005,1,1,0,0,0,0
1080,6,reference,993,1280,720,1920,1080,10.9896,12.155,9.61024,1,1,0,0,0,0
1080,6,reference,994,1280,720,1920,1080,9.76282,10.7109,8.39168,1,1,0,0,0,0
1080,6,reference,995,1280,720,1920,1080,12.9987,13.9888,10.3885,1,1,0,0,0,0
1080,6,reference,996,1280,720,1920,1080,11.4135,12.3981,9.78944,1,1,0,0,0,0
1080,6,reference,997,1280,720,1920,1080,11.3091,12.2943,9.66963,1,1,0,0,0,0
1080,6,reference,998,1280,720,1920,1080,11.3172,12.343,9.68704,1,1,0,0,0,0
1080,6,reference,999,1280,720,1920,1080,11.2835,12.1824,9.65837,1,1,0,0,0,0
1080,6,reference,1000,1280,720,1920,1080,11.3009,12.5345,9.92666,1,1,0,0,0,0
1080,6,reference,1001,1280,720,1920,1080,11.1841,12.4421,9.80787,1,1,0,0,0,0
1080,6,reference,1002,1280,720,1920,1080,11.477,12.5384,10.0997,1,1,0,0,0,0
1080,6,reference,1003,1280,720,1920,1080,11.2046,12.4853,9.83142,1,1,0,0,0,0
1080,6,reference,1004,1280,720,1920,1080,11.3193,12.2858,9.94099,1,1,0,0,0,0
1080,6,reference,1005,1280,720,1920,1080,11.3715,12.3607,9.99526,1,1,0,0,0,0
1080,6,reference,1006,1280,720,1920,1080,11.2978,12.2983,9.92358,1,1,0,0,0,0
1080,6,reference,1007,1280,720,1920,1080,11.349,12.3966,9.97274,1,1,0,0,0,0
1080,6,reference,1008,1280,720,1920,1080,11.4821,12.3908,10.111,1,1,0,0,0,0
1080,6,reference,1009,1280,720,1920,1080,11.307,12.3666,9.9287,1,1,0,0,0,0
1080,6,reference,1010,1280,720,1920,1080,11.3469,12.3247,9.7239,1,1,0,0,0,0
1080,6,reference,1011,1280,720,1920,1080,9.92666,11.1096,8.54835,1,1,0,0,0,0
1080,6,reference,1012,1280,720,1920,1080,10.9722,13.2107,9.59898,1,1,0,0,0,0
1080,6,reference,1013,1280,720,1920,1080,11.2732,12.192,9.88365,1,1,0,0,0,0
1080,6,reference,1014,1280,720,1920,1080,11.8958,12.8207,10.5134,1,1,0,0,0,0
1080,6,reference,1015,1280,720,1920,1080,11.1964,12.2702,9.81811,1,1,0,0,0,0
1080,6,reference,1016,1280,720,1920,1080,11.3193,12.3204,9.94611,1,1,0,0,0,0
1080,6,reference,1017,1280,720,1920,1080,11.3029,12.2859,9.92461,1,1,0,0,0,0
1080,6,reference,1018,1280,720,1920,1080,11.3193,12.3728,9.94406,1,1,0,0,0,0
1080,6,reference,1019,1280,720,1920,1080,11.2783,12.2722,9.89901,1,1,0,0,0,0
1080,6,reference,1020,1280,720,1920,1080,11.6306,12.7043,10.2554,1,1,0,0,0,0
1080,6,reference,1021,1280,720,1920,1080,11.478,12.7142,10.0987,1,1,0,0,0,0
1080,6,reference,1022,1280,720,1920,1080,11.2077,12.3078,9.83245,1,1,0,0,0,0
1080,6,reference,1023,1280,720,1920,1080,11.1442,12.5053,9.75565,1,1,0,0,0,0
1080,6,reference,1024,1280,720,1920,1080,11.5098,12.6316,10.1335,1,1,0,0,0,0
1080,6,reference,1025,1280,720,1920,1080,11.2589,12.2884,9.8816,1,1,0,0,0,0
1080,6,reference,1026,1280,720,1920,1080,11.478,12.6019,10.1038,1,1,0,0,0,0
1080,6,reference,1027,1280,720,1920,1080,11.2753,12.3091,9.89594,1,1,0,0,0,0
1080,6,reference,1028,1280,720,1920,1080,11.4678,12.3995,10.0925,1,1,0,0,0,0
1080,6,reference,1029,1280,720,1920,1080,11.4565,12.4422,10.0772,1,1,0,0,0,0
1080,6,reference,1030,1280,720,1920,1080,11.4831,12.5598,10.1059,1,1,0,0,0,0
1080,6,reference,1031,1280,720,1920,1080,11.4852,12.5591,10.1059,1,1,0,0,0,0
1080,6,reference,1032,1280,720,1920,1080,11.4504,12.4278,10.0741,1,1,0,0,0,0
1080,6,reference,1033,1280,720,1920,1080,11.478,12.3931,10.0946,1,1,0,0,0,0
1080,6,reference,1034,1280,720,1920,1080,11.4913,12.5191,10.113,1,1,0,0,0,0
1080,6,reference,1035,1280,720,1920,1080,11.5108,12.816,10.1304,1,1,0,0,0,0
1080,6,reference,1036,1280,720,1920,1080,11.2691,12.3236,9.89082,1,1,0,0,0,0
1080,6,reference,1037,1280,720,1920,1080,11.2722,12.2575,9.64608,1,1,0,0,0,0
1080,6,reference,1038,1280,720,1920,1080,11.4422,12.3723,10.0649,1,1,0,0,0,0
1080,6,reference,1039,1280,720,1920,1080,11.2036,12.138,9.82221,1,1,0,0,0,0
1080,6,reference,1040,1280,720,1920,1080,11.3521,12.3272,9.97376,1,1,0,0,0,0
1080,6,reference,1041,1280,720,1920,1080,11.4862,12.6563,10.1038,1,1,0,0,0,0
1080,6,reference,1042,1280,720,1920,1080,11.307,12.2743,9.9328,1,1,0,0,0,0
1080,6,reference,1043,1280,720,1920,1080,11.3357,12.4366,9.95328,1,1,0,0,0,0
1080,6,reference,1044,1280,720,1920,1080,11.2712,12.3057,9.89491,1,1,0,0,0,0
1080,6,reference,1045,1280,720,1920,1080,11.3408,12.3228,9.96045,1,1,0,0,0,0
1080,6,reference,1046,1280,720,1920,1080,9.92666,10.8456,8.55347,1,1,0,0,0,0
1080,6,reference,1047,1280,720,1920,1080,12.414,13.6607,11.0039,1,1,0,0,0,0
1080,6,reference,1048,1280,720,1920,1080,11.7586,12.8914,10.2083,1,1,0,0,0,0
1080,6,reference,1049,1280,720,1920,1080,11.2609,12.3201,9.87955,1,1,0,0,0,0
1080,6,reference,1050,1280,720,1920,1080,11.5231,12.7059,9.8775,1,1,0,0,0,0
1080,6,reference,1051,1280,720,1920,1080,11.2701,12.3283,9.88979,1,1,0,0,0,0
1080,6,reference,1052,1280,720,1920,1080,11.4831,12.4493,9.85498,1,1,0,0,0,0
1080,6,reference,1053,1280,720,1920,1080,11.3203,12.2544,9.68909,1,1,0,0,0,0
1080,6,reference,1054,1280,720,1920,1080,11.2835,12.2158,9.64506,1,1,0,0,0,0
1080,6,reference,1055,1280,720,1920,1080,11.3183,12.4167,9.67475,1,1,0,0,0,0
1080,6,reference,1056,1280,720,1920,1080,11.2794,12.2605,9.63072,1,1,0,0,0,0
1080,6,reference,1057,1280,720,1920,1080,11.2026,12.8348,9.82323,1,1,0,0,0,0
1080,6,reference,1058,1280,720,1920,1080,11.2179,12.2688,9.66349,1,1,0,0,0,0
1080,6,reference,1059,1280,720,1920,1080,11.2097,12.489,8.58214,1,1,0,0,0,0
1080,6,reference,1060,1280,720,1920,1080,9.75667,10.6865,8.38144,1,1,0,0,0,0
1080,6,reference,1061,1280,720,1920,1080,11.1677,13.1361,9.75258,1,1,0,0,0,0
1080,6,reference,1062,1280,720,1920,1080,11.18,12.1584,9.78534,1,1,0,0,0,0
1080,6,reference,1063,1280,720,1920,1080,11.2937,12.1841,9.91539,1,1,0,0,0,0
1080,6,reference,1064,1280,720,1920,1080,11.0356,12.259,9.65018,1,1,0,0,0,0
1080,6,reference,1065,1280,720,1920,1080,11.2886,12.1943,9.7239,1,1,0,0,0,0
1080,6,reference,1066,1280,720,1920,1080,11.2896,12.2736,9.67782,1,1,0,0,0,0
1080,6,reference,1067,1280,720,1920,1080,11.2599,12.2283,9.88058,1,1,0,0,0,0
1080,6,reference,1068,1280,720,1920,1080,11.2896,12.1944,9.91334,1,1,0,0,0,0
1080,6,reference,1069,1280,720,1920,1080,11.2794,12.1824,9.89184,1,1,0,0,0,0
1080,6,reference,1070,1280,720,1920,1080,11.5159,12.4452,9.88262,1,1,0,0,0,0
1080,6,reference,1071,1280,720,1920,1080,11.2773,12.2821,9.89594,1,1,0,0,0,0
1080,6,reference,1072,1280,720,1920,1080,11.4596,12.4295,9.83552,1,1,0,0,0,0
1080,6,reference,1073,1280,720,1920,1080,11.4913,12.4915,9.86214,1,1,0,0,0,0
1080,6,reference,1074,1280,720,1920,1080,11.5558,12.5211,9.92768,1,1,0,0,0,0
1080,6,reference,1075,1280,720,1920,1080,11.4473,12.4433,9.82118,1,1,0,0,0,0
1080,6,reference,1076,1280,720,1920,1080,11.4452,12.4795,9.82221,1,1,0,0,0,0
1080,6,reference,1077,1280,720,1920,1080,11.5139,12.8294,9.8816,1,1,0,0,0,0
1080,6,reference,1078,1280,720,1920,1080,11.4463,12.4935,9.81811,1,1,0,0,0,0
1080,6,reference,1079,1280,720,1920,1080,9.79763,10.8003,8.41728,1,1,0,0,0,0
1080,6,reference,1080,1280,720,1920,1080,12.6013,13.7565,11.2077,1,1,0,0,0,0
1080,6,reference,1081,1280,720,1920,1080,11.5395,12.3894,9.99731,1,1,0,0,0,0
1080,6,reference,1082,1280,720,1920,1080,11.4934,12.5067,9.84371,1,1,0,0,0,0
1080,6,reference,1083,1280,720,1920,1080,11.4524,12.4243,9.80173,1,1,0,0,0,0
1080,6,reference,1084,1280,720,1920,1080,11.4749,12.4309,9.83654,1,1,0,0,0,0
1080,6,reference,1085,1280,720,1920,1080,11.4545,12.445,9.80685,1,1,0,0,0,0
1080,6,reference,1086,1280,720,1920,1080,11.5395,12.6655,9.88877,1,1,0,0,0,0
1080,6,reference,1087,1280,720,1920,1080,11.4555,12.4421,9.81299,1,1,0,0,0,0
1080,6,reference,1088,1280,720,1920,1080,11.4831,12.5466,9.83654,1,1,0,0,0,0
1080,6,reference,1089,1280,720,1920,1080,11.4616,12.6719,9.82016,1,1,0,0,0,0
1080,6,reference,1090,1280,720,1920,1080,11.2681,12.5278,9.88774,1,1,0,0,0,0
1080,6,reference,1091,1280,720,1920,1080,11.3162,12.279,9.93587,1,1,0,0,0,0
1080,6,reference,1092,1280,720,1920,1080,11.4842,12.4511,9.84576,1,1,0,0,0,0
1080,6,reference,1093,1280,720,1920,1080,11.5016,12.417,9.84371,1,1,0,0,0,0
1080,6,reference,1094,1280,720,1920,1080,11.4555,12.4393,9.79251,1,1,0,0,0,0
1080,6,reference,1095,1280,720,1920,1080,11.3111,12.3453,9.66861,1,1,0,0,0,0
1080,6,reference,1096,1280,720,1920,1080,11.4575,12.4174,9.8048,1,1,0,0,0,0
1080,6,reference,1097,1280,720,1920,1080,11.4708,12.3964,9.81811,1,1,0,0,0,0
1080,6,reference,1098,1280,720,1920,1080,11.9286,13.0424,10.5431,1,1,0,0,0,0
1080,6,reference,1099,1280,720,1920,1080,11.5343,12.5714,9.86112,1,1,0,0,0,0
1080,6,reference,1100,1280,720,1920,1080,11.4627,12.534,9.80992,1,1,0,0,0,0
1080,6,reference,1101,1280,720,1920,1080,11.3521,12.4535,9.96762,1,1,0,0,0,0
1080,6,reference,1102,1280,720,1920,1080,11.4606,12.4453,9.82118,1,1,0,0,0,0
1080,6,reference,1103,1280,720,1920,1080,11.3029,12.2558,9.92358,1,1,0,0,0,0
1080,6,reference,1104,1280,720,1920,1080,11.2394,12.1843,9.59795,1,1,0,0,0,0
1080,6,reference,1105,1280,720,1920,1080,11.2517,12.1761,9.6809,1,1,0,0,0,0
1080,6,reference,1106,1280,720,1920,1080,11.5016,12.7517,10.1233,1,1,0,0,0,0
1080,6,reference,1107,1280,720,1920,1080,11.4586,12.6941,9.80685,1,1,0,0,0,0
1080,6,reference,1108,1280,720,1920,1080,11.2824,12.4141,9.90208,1,1,0,0,0,0
1080,6,reference,1109,1280,720,1920,1080,11.4422,12.5163,9.79251,1,1,0,0,0,0
1080,6,reference,1110,1280,720,1920,1080,11.4975,12.7143,9.856,1,1,0,0,0,0
1080,6,reference,1111,1280,720,1920,1080,11.6736,12.6563,10.0321,1,1,0,0,0,0
1080,6,reference,1112,1280,720,1920,1080,11.305,12.4117,9.92666,1,1,0,0,0,0
1080,6,reference,1113,1280,720,1920,1080,11.0275,12.1331,9.64198,1,1,0,0,0,0
1080,6,reference,1114,1280,720,1920,1080,10.9978,11.998,8.35072,1,1,0,0,0,0
1080,6,reference,1115,1280,720,1920,1080,11.2476,12.3768,8.60058,1,1,0,0,0,0
1080,6,reference,1116,1280,720,1920,1080,11.3971,12.3202,10.0127,1,1,0,0,0,0
1080,6,reference,1117,1280,720,1920,1080,11.3306,12.266,9.94816,1,1,0,0,0,0
1080,6,reference,1118,1280,720,1920,1080,11.2435,12.8612,9.86624,1,1,0,0,0,0
1080,6,reference,1119,1280,720,1920,1080,11.3777,12.4926,9.72902,1,1,0,0,0,0
1080,6,reference,1120,1280,720,1920,1080,11.2773,12.3168,9.6297,1,1,0,0,0,0
1080,6,reference,1121,1280,720,1920,1080,11.221,12.4715,9.84064,1,1,0,0,0,0
1080,6,reference,1122,1280,720,1920,1080,11.3203,12.4375,9.66554,1,1,0,0,0,0
1080,6,reference,1123,1280,720,1920,1080,11.4002,12.424,9.984,1,1,0,0,0,0
1080,6,reference,1124,1280,720,1920,1080,9.74643,10.7067,8.37325,1,1,0,0,0,0
1080,6,reference,1125,1280,720,1920,1080,12.7212,13.8394,11.2886,1,1,0,0,0,0
1080,6,reference,1126,1280,720,1920,1080,9.73312,10.6843,8.35686,1,1,0,0,0,0
1080,6,reference,1127,1280,720,1920,1080,12.4467,13.4796,10.1499,1,1,0,0,0,0
1080,6,reference,1128,1280,720,1920,1080,11.4637,12.4701,9.79866,1,1,0,0,0,0
1080,6,reference,1129,1280,720,1920,1080,11.3172,12.3594,9.93894,1,1,0,0,0,0
1080,6,reference,1130,1280,720,1920,1080,13.3386,14.4282,11.9347,1,1,0,0,0,0
1080,6,reference,1131,1280,720,1920,1080,11.0459,12.1625,9.66758,1,1,0,0,0,0
1080,6,reference,1132,1280,720,1920,1080,11.4534,12.4716,10.0751,1,1,0,0,0,0
1080,6,reference,1133,1280,720,1920,1080,11.3254,12.2634,9.68294,1,1,0,0,0,0
1080,6,reference,1134,1280,720,1920,1080,11.2804,12.4534,9.90413,1,1,0,0,0,0
1080,6,reference,1135,1280,720,1920,1080,11.2947,12.3551,9.64506,1,1,0,0,0,0
1080,6,reference,1136,1280,720,1920,1080,11.2497,12.4673,9.87238,1,1,0,0,0,0
1080,6,reference,1137,1280,720,1920,1080,11.2794,12.5058,9.89696,1,1,0,0,0,0
1080,6,reference,1138,1280,720,1920,1080,11.2169,12.5532,9.83859,1,1,0,0,0,0
1080,6,reference,1139,1280,720,1920,1080,11.1616,12.368,9.78022,1,1,0,0,0,0
1080,6,reference,1140,1280,720,1920,1080,11.4371,12.4506,10.0547,1,1,0,0,0,0
1080,6,reference,1141,1280,720,1920,1080,11.2425,12.4522,9.86214,1,1,0,0,0,0
1080,6,reference,1142,1280,720,1920,1080,11.052,12.3628,9.67578,1,1,0,0,0,0
1080,6,reference,1143,1280,720,1920,1080,11.4248,12.5024,10.0086,1,1,0,0,0,0
1080,6,reference,1144,1280,720,1920,1080,11.351,12.2468,9.79763,1,1,0,0,0,0
1080,6,reference,1145,1280,720,1920,1080,11.2978,12.2129,9.91539,1,1,0,0,0,0
1080,6,reference,1146,1280,720,1920,1080,11.2579,12.338,9.87955,1,1,0,0,0,0
1080,6,reference,1147,1280,720,1920,1080,11.1534,12.3245,9.77203,1,1,0,0,0,0
1080,6,reference,1148,1280,720,1920,1080,11.3295,12.4157,9.95123,1,1,0,0,0,0
1080,6,reference,1149,1280,720,1920,1080,11.6531,12.635,10.2554,1,1,0,0,0,0
1080,6,reference,1150,1280,720,1920,1080,10.9937,12.5941,9.61638,1,1,0,0,0,0
1080,6,reference,1151,1280,720,1920,1080,12.3146,13.6806,10.9158,1,1,0,0,0,0
1080,6,reference,1152,1280,720,1920,1080,11.4883,12.4427,10.11,1,1,0,0,0,0
1080,6,reference,1153,1280,720,1920,1080,11.307,12.2821,9.66451,1,1,0,0,0,0
1080,6,reference,1154,1280,720,1920,1080,11.3234,12.2915,9.68397,1,1,0,0,0,0
1080,6,reference,1155,1280,720,1920,1080,11.2026,12.5072,9.82016,1,1,0,0,0,0
1080,6,reference,1156,1280,720,1920,1080,11.1954,12.47,9.81709,1,1,0,0,0,0
1080,6,reference,1157,1280,720,1920,1080,11.3234,12.5431,9.94304,1,1,0,0,0,0
1080,6,reference,1158,1280,720,1920,1080,11.2855,12.5246,9.9072,1,1,0,0,0,0
1080,6,reference,1159,1280,720,1920,1080,9.78022,10.7284,8.40294,1,1,0,0,0,0
1080,6,reference,1160,1280,720,1920,1080,12.588,13.6345,9.93382,1,1,0,0,0,0
1080,6,reference,1161,1280,720,1920,1080,10.9906,12.0785,9.60922,1,1,0,0,0,0
1080,6,reference,1162,1280,720,1920,1080,11.2148,12.2106,9.66656,1,1,0,0,0,0
1080,6,reference,1163,1280,720,1920,1080,11.3162,12.2559,9.9287,1,1,0,0,0,0
1080,6,reference,1164,1280,720,1920,1080,11.2681,12.3783,9.89184,1,1,0,0,0,0
1080,6,reference,1165,1280,720,1920,1080,11.2671,12.1836,9.86726,1,1,0,0,0,0
1080,6,reference,1166,1280,720,1920,1080,11.137,12.4139,9.74541,1,1,0,0,0,0
1080,6,reference,1167,1280,720,1920,1080,10.9978,12.101,9.61843,1,1,0,0,0,0
1080,6,reference,1168,1280,720,1920,1080,11.2497,12.2835,9.87136,1,1,0,0,0,0
1080,6,reference,1169,1280,720,1920,1080,11.4166,12.4709,10.0372,1,1,0,0,0,0
1080,6,reference,1170,1280,720,1920,1080,11.4504,12.6139,10.0721,1,1,0,0,0,0
1080,6,reference,1171,1280,720,1920,1080,9.91027,10.9975,8.53197,1,1,0,0,0,0
1080,6,reference,1172,1280,720,1920,1080,12.6812,13.8157,11.2548,1,1,0,0,0,0
1080,6,reference,1173,1280,720,1920,1080,11.4391,12.3785,9.79763,1,1,0,0,0,0
1080,6,reference,1174,1280,720,1920,1080,11.4575,12.3915,10.0792,1,1,0,0,0,0
1080,6,reference,1175,1280,720,1920,1080,11.4729,12.386,10.0915,1,1,0,0,0,0
1080,6,reference,1176,1280,720,1920,1080,11.4084,12.369,10.0321,1,1,0,0,0,0
1080,6,reference,1177,1280,720,1920,1080,11.2927,12.2919,9.91232,1,1,0,0,0,0
1080,6,reference,1178,1280,720,1920,1080,11.263,12.2576,9.88672,1,1,0,0,0,0
1080,6,reference,1179,1280,720,1920,1080,11.3336,12.347,9.95635,1,1,0,0,0,0
1080,6,reference,1180,1280,720,1920,1080,11.5118,12.515,9.85805,1,1,0,0,0,0
1080,6,reference,1181,1280,720,1920,1080,11.6081,12.7857,9.94714,1,1,0,0,0,0
1080,6,reference,1182,1280,720,1920,1080,11.0346,12.1214,9.64301,1,1,0,0,0,0
1080,6,reference,1183,1280,720,1920,1080,9.76179,10.7916,8.38349,1,1,0,0,0,0
1080,6,reference,1184,1280,720,1920,1080,9.43616,10.3104,8.064,1,1,0,0,0,0
1080,6,reference,1185,1280,720,1920,1080,11.2261,12.0581,9.84064,1,1,0,0,0,0
1080,6,reference,1186,1280,720,1920,1080,11.3623,13.5109,9.98195,1,1,0,0,0,0
1080,6,reference,1187,1280,720,1920,1080,11.3336,12.3353,9.95533,1,1,0,0,0,0
1080,6,reference,1188,1280,720,1920,1080,11.4555,12.4075,9.81197,1,1,0,0,0,0
1080,6,reference,1189,1280,720,1920,1080,11.305,12.2291,9.92666,1,1,0,0,0,0
1080,6,reference,1190,1280,720,1920,1080,11.2845,12.2638,9.90925,1,1,0,0,0,0
1080,6,reference,1191,1280,720,1920,1080,11.2323,12.2998,9.85293,1,1,0,0,0,0
1080,6,reference,1192,1280,720,1920,1080,11.2579,12.2887,9.8816,1,1,0,0,0,0
1080,6,reference,1193,1280,720,1920,1080,11.4176,12.3595,9.85805,1,1,0,0,0,0
1080,6,reference,1194,1280,720,1920,1080,11.2732,12.2192,9.89901,1,1,0,0,0,0
1080,6,reference,1195,1280,720,1920,1080,11.2794,12.2875,9.63686,1,1,0,0,0,0
1080,6,reference,1196,1280,720,1920,1080,11.1821,12.3921,9.80787,1,1,0,0,0,0
1080,6,reference,1197,1280,720,1920,1080,11.3019,12.5853,9.6553,1,1,0,0,0,0
1080,6,reference,1198,1280,720,1920,1080,11.1145,12.3222,9.74029,1,1,0,0,0,0
1080,6,reference,1199,1280,720,1920,1080,14.6135,15.9253,13.2362,1,1,0,0,0,0
